text,true_label_original,pred_label_mapped,is_ood_true,ood_score,fold,scenario
I'd like to have this track onto my Classical Relaxations playlist.,0,0,0,0.00026985197,2,OOD_Class_1
find movie times,6,5,0,0.00015346134,2,OOD_Class_1
give five points to The Tenor Wore Tapshoes,4,3,0,0.000116440475,2,OOD_Class_1
antoinette and I want to eat at an oyster bar that serves pizzette in South Duxbury ME,1,5,1,0.0037652769,2,OOD_Class_1
this book gets a 1 out of 6 rating from me.,4,3,0,0.00012244777,2,OOD_Class_1
book a restaurant for 7 in MN,1,1,1,0.0007484266,2,OOD_Class_1
table for 5 AM . at Baker’s Keyboard Lounge,1,5,1,0.00023982146,2,OOD_Class_1
Book a table for 10 people at Dunbrody Country House Hotel in Strandburg .,1,1,1,0.0019670068,2,OOD_Class_1
I want reservations at a restaurant in Robert Lee for 210517 .,1,1,1,0.0053843535,2,OOD_Class_1
"please book a room in Spaghetti Warehouse for catalina, delores and brandie mendoza at 12 AM",1,5,1,0.0020636988,2,OOD_Class_1
"I'm looking to get reservations for me, jillian and louella at a restaurant that is faraway from TX .",1,5,1,0.02682703,2,OOD_Class_1
Use Itunes to play a soundtrack from the year 1954,3,2,0,0.00014123636,2,OOD_Class_1
Show me the saga St. Elsewhere,5,4,0,0.00014683377,2,OOD_Class_1
I want a table for 9 at the taverna pub,1,5,1,0.00030206455,2,OOD_Class_1
book a restaurant for cupcakes for ten,1,5,1,0.0012374201,2,OOD_Class_1
Where can I see the show Latin for Lovers ?,5,4,0,0.000112043395,2,OOD_Class_1
"at two am , I need reservations for my friends and I at Irma Hotel .",1,5,1,0.0009224086,2,OOD_Class_1
Book a reservation for a party of six in the same area as Metropolitan Borough of Bethnal Green,1,1,1,0.016219394,2,OOD_Class_1
"I need a bar for four that serves argentinian in D'Iberville , WY for twelve PM",1,1,1,0.0030990415,2,OOD_Class_1
book a table for ten in Pollock PA,1,1,1,0.010858229,2,OOD_Class_1
"What will be wind speed in Tiplersville , South Sudan ?",2,1,0,0.00013592649,2,OOD_Class_1
Find the Hopeless Romantic photograph,5,4,0,0.00014246051,2,OOD_Class_1
rate Special Assignments 0 of 6 points,4,3,0,0.000118275384,2,OOD_Class_1
I need reservations for a party of 8 within the same area at 014835 at a restaurant in Armenia that serves tuscan cuisine.,1,1,1,0.032513473,2,OOD_Class_1
Show me a video game made by TMPGEnc .,5,4,0,0.00043745572,2,OOD_Class_1
Is Covered Wagon Days playing at B&B Theatres in 1 second ?,6,5,0,0.00015331124,2,OOD_Class_1
I would rate the Animal Liberation chronicle 0 points and a best rating of 6,4,3,0,0.00012316763,2,OOD_Class_1
Book a reservation for 9 people at a roman pizzeria,1,5,1,0.001063036,2,OOD_Class_1
book a spot for eight at a pub in New Mexico,1,5,1,0.00043675164,2,OOD_Class_1
What does it feel like in Connecticut,2,1,0,0.00021875842,2,OOD_Class_1
Give me the weather forecast for Wisconsin Dells in Saint Kitts and Nevis on the day after tomorrow,2,1,0,0.00012528582,2,OOD_Class_1
book a brasserie for 3,1,3,1,0.00031151215,2,OOD_Class_1
Play me the best Charles Neidich song,3,2,0,0.000111165406,2,OOD_Class_1
Play the red room sessions from chris cunningham,3,2,0,0.00011381327,2,OOD_Class_1
"Please find me the work, Instrumental Directions .",5,4,0,0.0002008845,2,OOD_Class_1
What's the weather in Low Moor,2,1,0,8.53537e-05,2,OOD_Class_1
book a restaurant for seven on last december in Kentucky,1,1,1,0.00055824226,2,OOD_Class_1
Book reservations not far from our neighborhood for a party of 2,1,3,1,0.0003269568,2,OOD_Class_1
Show movie times of movies in the neighbourhood,6,5,0,0.00014772579,2,OOD_Class_1
Rate The Best American Short Stories 2007 one out of 6 points,4,3,0,0.0001354026,2,OOD_Class_1
I want to dine in Luray,1,4,1,0.00089390506,2,OOD_Class_1
book a restaurant for one in Skillman,1,1,1,0.0021433677,2,OOD_Class_1
Please reserve a spot at Ballachulish House .,1,4,1,0.00026033452,2,OOD_Class_1
"Please pull up the album , The Last War",5,4,0,0.0001777582,2,OOD_Class_1
Put this tune on my get your mind right playlist,0,0,0,0.00023060579,2,OOD_Class_1
I want to book a churrascaria in Romeoville at ten a.m for four people.,1,1,1,0.002055724,2,OOD_Class_1
how cold will it be here in 1 second,2,1,0,0.0001310888,2,OOD_Class_1
Book me a table at The Fat Duck in Ireland,1,5,1,0.00044033385,2,OOD_Class_1
book a table for nine PM at a pub in MA,1,5,1,0.0011951034,2,OOD_Class_1
Put horace silver and the jazz messengers on my running to rock 170 to 190 bpm playlist,0,0,0,0.00020550354,2,OOD_Class_1
Show me the song The Incredible Hulk Returns,5,4,0,0.00015018169,2,OOD_Class_1
Please make reservations for a bar close-by in Lake Alfred .,1,1,1,0.0062364447,2,OOD_Class_1
Is it freezing in Colorado,2,1,0,0.00010927413,2,OOD_Class_1
find the game Selling Blue Elephants,5,4,0,0.00018132228,2,OOD_Class_1
"want to eat at Diners of Allentown, Pennsylvania on purim",1,1,1,0.0020491406,2,OOD_Class_1
me and katharine would like to go eat at Jan. 22nd in IA,1,1,1,0.0008110337,2,OOD_Class_1
book a table on 6/14/2035 at a bakery within walking distance of Equatorial Guinea that serves paella,1,1,1,0.009997621,2,OOD_Class_1
add antisleep volume 04 in All Out 70s playlist,0,0,0,0.00019773531,2,OOD_Class_1
"book a restaurant for me, angela and mercedes in Cimarron City , Colorado",1,4,1,0.019493524,2,OOD_Class_1
Play The XYY Man soundtrack,5,4,0,0.00021661857,2,OOD_Class_1
find the novel Playlist The Very Best of Brad Paisley,5,4,0,0.00014200293,2,OOD_Class_1
"Book reservations at a restaurant with vickie and caitlin on February the second, 2018",1,4,1,0.02041924,2,OOD_Class_1
Check the weather for Faroe Islands .,2,1,0,0.000117004034,2,OOD_Class_1
I need fast food for nine within the same area as Bowers that has a pool nearby on 4/17/2033,1,1,1,0.0005607396,2,OOD_Class_1
Can you get me seating for 5 at a highly rated restaurant in Wisconsin,1,5,1,0.00486429,2,OOD_Class_1
find the picture Ultima VI The False Prophet,5,4,0,0.00014485358,2,OOD_Class_1
Add artist hex hector to my old school death metal playlist,0,0,0,0.00018895885,2,OOD_Class_1
Need book a restaurant for this Autumn in Illinois,1,4,1,0.001556879,2,OOD_Class_1
Show GD&TOP painting,5,4,0,0.00012413473,2,OOD_Class_1
I need a table for 9,1,5,1,0.006293429,2,OOD_Class_1
Let me get reservations for a party of three at a bar with a pool .,1,5,1,0.001593517,2,OOD_Class_1
around here find movie schedule for films,6,5,0,0.00013075216,2,OOD_Class_1
Need to book a restaurant in PA in the city of Old Orchard Beach,1,1,1,0.0040066075,2,OOD_Class_1
book a spot for 2 at a restaurant in Mayotte at 0613 AM,1,1,1,0.0022063241,2,OOD_Class_1
Play Greg Raposo songs from the thirties,3,2,0,0.00014600757,2,OOD_Class_1
Give four points to Leven Thumps and the Gateway to Foo,4,3,0,0.00011856274,2,OOD_Class_1
Find a reservation for mar. 20th in Winnie at any restaurant,1,5,1,0.002497505,2,OOD_Class_1
Will there be rainfall faraway from Uganda,2,1,0,0.00013148422,2,OOD_Class_1
Book a taverna that serves bengali for six at five,1,5,1,0.0027380039,2,OOD_Class_1
show creativity of What Is Dead May Never Die,5,4,0,0.0001626935,2,OOD_Class_1
I want a table for eight at GU,1,5,1,0.0002373973,2,OOD_Class_1
I want to add another album to the Scratchy Back Porch Blues playlist.,0,0,0,0.00021876307,2,OOD_Class_1
give 1 out of 6 stars to current book,4,3,0,0.00012304734,2,OOD_Class_1
I want a table for 9 in Loyola at Gus Stevens Seafood Restaurant & Buccaneer Lounge,1,5,1,0.0010292091,2,OOD_Class_1
find a movie house with Colic The Movie that is nearest,6,5,0,0.00015526901,2,OOD_Class_1
"book a highly rated gastropub that has a pastelaria in Blue Anchor , MD in 55 weeks for my brother in law and I",1,3,1,0.0019273642,2,OOD_Class_1
Find a television show called The High Chaparral .,5,4,0,0.00018890628,2,OOD_Class_1
Rate this album 4 points,4,3,0,0.00012584211,2,OOD_Class_1
I'd like to eat at The Firehouse Restaurant,1,5,1,0.00027876106,2,OOD_Class_1
Book me a reservation for Fatty Crew in 13 weeks in Haskell,1,1,1,0.0011218023,2,OOD_Class_1
Book a table for nine at Canteen Lunch in the Alley at Midnight,1,5,1,0.00016593917,2,OOD_Class_1
Please tell me the current and local movie times,6,5,0,0.00017069349,2,OOD_Class_1
restaurant named The Palm in Tennyson MI,1,4,1,0.0006995066,2,OOD_Class_1
add Vicky Leandros to my piano ballads playlist,0,0,0,0.0001924007,2,OOD_Class_1
book a tavern on lincoln's birthday/lincoln's day,1,4,1,0.00015414675,2,OOD_Class_1
book a table in Arizona serving italian-american cuisine in a tavern for 2,1,3,1,0.001525457,2,OOD_Class_1
Which movies are playing at the closest cinema ?,6,5,0,0.0001735539,2,OOD_Class_1
book me a reservation at a pub restaurant that serves meatball in Stehekin for 2 people on 1/1/2018,1,1,1,0.003155545,2,OOD_Class_1
rate the book Now and Forever 1 out of 6 points,4,3,0,0.00012161429,2,OOD_Class_1
Tell me the weather forecast for Missouri,2,1,0,0.000111540816,2,OOD_Class_1
What's the weather forecast for Pointe-Heath Ecological Reserve at midnight ?,2,1,0,0.00012166931,2,OOD_Class_1
Add kaya newest track to my I Love My '00's R&B playlist,0,0,0,0.00020163499,2,OOD_Class_1
give four out of 6 rating to The Cattle King,4,3,0,0.000119145225,2,OOD_Class_1
will there be snowfall in Pacific Beach Suriname,2,1,0,0.0001106685,2,OOD_Class_1
add ivan mane jarnowick to Fusion Fest,0,0,0,0.00018969359,2,OOD_Class_1
I need a reservation for The French Laundry in OH for six,1,5,1,0.0006611036,2,OOD_Class_1
I'd like to go to the popular bistro in OH,1,5,1,0.0006630613,2,OOD_Class_1
show me the schedule of movie The Duchess of Langeais in cinema,6,5,0,0.00010903005,2,OOD_Class_1
"Book a table for 5 people in Goodland , AK .",1,1,1,0.012048816,2,OOD_Class_1
Book me a table for 4 in a restaurant in United Kingdom .,1,1,1,0.009852897,2,OOD_Class_1
play Roy Orbison tunes now,3,2,0,0.00010870708,2,OOD_Class_1
Put the frl menke song in my comedy top tracks,0,0,0,0.00019118247,2,OOD_Class_1
give two stars to current chronicle,4,3,0,0.00012316719,2,OOD_Class_1
add pangaea to my Gold Edition playlist,0,0,0,0.00020351475,2,OOD_Class_1
Book a restaurant for one for this month .,1,3,1,0.0023723824,2,OOD_Class_1
Book me seats for 6 at the best brasserie that serves marche neighboring my hostel,1,5,1,0.00029720832,2,OOD_Class_1
Can I see the the TV series The Late Music ?,5,4,0,0.00012414104,2,OOD_Class_1
Add to playlist Confidence Boost Here Comes Santa Claus,0,0,0,0.00017933676,2,OOD_Class_1
The Comics We Loved gets 1 out of 6 points,4,3,0,0.00012480169,2,OOD_Class_1
Will it feel nice here or within the same area,2,1,0,0.00025089007,2,OOD_Class_1
Please reserve a table for five to get chicken fingers at a cafeteria in Mexico .,1,0,1,0.0101446835,2,OOD_Class_1
Book a  table for 9 scheduled for april the 8th in NJ .,1,1,1,0.0012348045,2,OOD_Class_1
add paulinho da viola to my Radio Rock song list,0,0,0,0.0001889563,2,OOD_Class_1
"therese, clara and I want to go to the Tennessee Ridge",1,4,1,0.0003920637,2,OOD_Class_1
Get me a Johnny Cool photograph,5,4,0,0.00010638136,2,OOD_Class_1
Locate the Koi to Senkyo to Chocolate television show,5,4,0,0.00015784129,2,OOD_Class_1
What is the weather for my current place,2,1,0,9.949761e-05,2,OOD_Class_1
Is it chillier in Hong Kong than it is here,2,1,0,0.0001456116,2,OOD_Class_1
I want to eat a delicatessen in thirteen hours that serves eastern european food,1,5,1,0.0031500738,2,OOD_Class_1
"I'd like to go to the Venetian Theatre in Gabon , party of seven",1,5,1,0.00043994517,2,OOD_Class_1
Please help me find the Short Program saga .,5,4,0,0.00016918128,2,OOD_Class_1
Is it forecast to be chilly here on july 14 ?,2,1,0,0.000116098156,2,OOD_Class_1
what is the weather forecast for Kaaawa,2,1,0,0.00010509125,2,OOD_Class_1
I would like to book an AMerican Samoa restaurant for 8,1,3,1,0.00021362871,2,OOD_Class_1
"Can you locate the novel , Ismol Family",5,4,0,0.00021010607,2,OOD_Class_1
I want to book a restaurant in Botswana for four people.,1,4,1,0.0016451533,2,OOD_Class_1
I'm looking for the show Pulse 2 Afterlife,5,4,0,0.00014799532,2,OOD_Class_1
Get me a highly rated restaurant in Nigeria,1,4,1,0.00041572293,2,OOD_Class_1
book a joint for Feb. the seventh in Oklahoma within walking distance for six that is highly rated,1,3,1,0.00013165372,2,OOD_Class_1
"find Touch of Eva , a TV show I want to see",5,4,0,0.00013331683,2,OOD_Class_1
In Hawaii will it be warmer at 3 am,2,1,0,0.00011219415,2,OOD_Class_1
Is it supposed to be chilly in Boiling Spring Lakes ?,2,1,0,0.00013065664,2,OOD_Class_1
Book a bar that serves italian-american cuisine neighboring Wilson Av for one person.,1,1,1,0.14053448,2,OOD_Class_1
Book a table at a restaurant which serves sushis next week,1,5,1,0.0008814459,2,OOD_Class_1
Book a reservation for Thomas Hynes House on jan. the third in Netherlands,1,1,1,0.001400439,2,OOD_Class_1
Find The Black Girl in Search of God trailer,5,4,0,0.000152242,2,OOD_Class_1
What time are the animated movies playing at Mann Theatres ?,6,5,0,0.00017103112,2,OOD_Class_1
rate What the Dog Saw a two,4,3,0,0.00011575994,2,OOD_Class_1
"book for six on jan. 18, 2029",1,4,1,0.001971493,2,OOD_Class_1
I want seats for 4 at a Sichuan Food restaurant in Indonesia,1,5,1,0.0010390498,2,OOD_Class_1
play any sixties song,3,2,0,0.00013796632,2,OOD_Class_1
Play Geddy Lee music on Spotify sort by top,3,2,0,0.00014990436,2,OOD_Class_1
I want this artist on the Cena Elegante playlist,0,0,0,0.0002231736,2,OOD_Class_1
"Will there be a snowstorm in Slick , OR four hours from now ?",2,1,0,0.0001075788,2,OOD_Class_1
Add sara hickman to my Targeted list,0,0,0,0.00018932417,2,OOD_Class_1
For this novel I give a rating of 4 out of 6,4,3,0,0.00012262758,2,OOD_Class_1
Play fourties soundtrack from Hamish Maccunn,3,2,0,0.00015725399,2,OOD_Class_1
Can I get the movie schedules for Megaplex Theatres ?,6,5,0,0.00017423234,2,OOD_Class_1
book in South Dakota for lobster newberg at a pub,1,4,1,8.983989e-05,2,OOD_Class_1
I need a table at Surf Taco in East Uniontown,1,5,1,0.0011346163,2,OOD_Class_1
Book a spot for nine at The Cubby Bear in Luxor,1,5,1,0.00052453636,2,OOD_Class_1
need a table somewhere in Quarryville 14 hours from now,1,1,1,0.00027039024,2,OOD_Class_1
Play a sound track by Pee Wee Russell on Zvooq .,3,2,0,0.00015048737,2,OOD_Class_1
"What are the weather conditions in Patagonia , South Africa ?",2,1,0,0.00013499918,2,OOD_Class_1
Rate Short Trips Destination Prague five out of 6,4,3,0,0.00011804488,2,OOD_Class_1
What's the weather forecast for Sidnaw at 20 o'clock ?,2,1,0,9.559378e-05,2,OOD_Class_1
Add rev-raptor to 90s Indie,0,0,0,0.00018730156,2,OOD_Class_1
Please put David Van Tieghem onto my throwback party playlist.,0,0,0,0.00023015944,2,OOD_Class_1
Tell me the weather forecast for my current spot 1 minute from now,2,1,0,0.0001091714,2,OOD_Class_1
I want to watch the television show Little Things,5,4,0,0.00014012304,2,OOD_Class_1
play Netflix tunes from 2003 on an album,3,2,0,0.0001560113,2,OOD_Class_1
What is on the movie schedule for four AM at Landmark Theatres,6,5,0,0.00017508007,2,OOD_Class_1
me and edith want to eat in Coventry Lake,1,1,1,0.0016089325,2,OOD_Class_1
Make me a reservation in NE at a distant resturant that is a pizzeria,1,1,1,0.0015451226,2,OOD_Class_1
Can you make a reservation for next year in Modesto for joanna and ella,1,1,1,0.0066365404,2,OOD_Class_1
Book me a restaurant in Cyprus at a pub,1,5,1,0.0013148371,2,OOD_Class_1
this essay is five stars for sure,4,3,0,0.00012407058,2,OOD_Class_1
Give my current book 4 stars .,4,3,0,0.00012358942,2,OOD_Class_1
Is F.I.S.T. at Malco Theatres,6,5,0,0.00013945565,2,OOD_Class_1
What movie theatre has A Matter of Wife... And Death,6,5,0,0.00012451263,2,OOD_Class_1
showtimes for movies currently playing at Speakeasy Theaters,6,5,0,0.00019265237,2,OOD_Class_1
Find a reservation far from my work location in eight hours for 8 people at Union Auto Company,1,5,1,0.00029003475,2,OOD_Class_1
For the Star Theatres is The Belles of St. Clements playing in 8 minutes,6,5,0,0.00018967729,2,OOD_Class_1
Find The Modern World video game,5,4,0,0.0001644558,2,OOD_Class_1
what movie theatre is showing Titanic The Legend Goes On,6,5,0,0.00014686209,2,OOD_Class_1
what is the forecast for Lansford for temperate weather,2,1,0,0.000106226165,2,OOD_Class_1
Give zero stars to Book of Artifacts,4,3,0,0.00011564801,2,OOD_Class_1
Add this track to the playlist kickass metal,0,0,0,0.00019353307,2,OOD_Class_1
Rate The Change 0 out of 6 points,4,3,0,0.00011274941,2,OOD_Class_1
Give Who ? 1 out of 6 stars,4,3,0,0.00011402272,2,OOD_Class_1
need a table at a restaurant serving foie gras on halloween for two at Northern Mariana Islands,1,5,1,0.001618127,2,OOD_Class_1
"add Hello Central, Give Me Heaven to Indie Pop",0,0,0,0.00018960125,2,OOD_Class_1
rate this current essay 4 out of 6 stars,4,3,0,0.00012078554,2,OOD_Class_1
Is it cloudy in the same area of Lynn Shore Reservation,2,1,0,0.00015178032,2,OOD_Class_1
"Book a restaurant with a pool with alta, deborah and bertha in IA .",1,4,1,0.021178447,2,OOD_Class_1
play Christina Milian latest music,3,2,0,0.00013649395,2,OOD_Class_1
"Tell me if it will be snowy 8 hours from now in Mount Airy , VI",2,1,0,0.0001368557,2,OOD_Class_1
find a movie theatre with Beware of Bachelors,6,5,0,0.00016176909,2,OOD_Class_1
play a Keith Richards album,3,2,0,0.0001346375,2,OOD_Class_1
I need a table for 5 at a brasserie that has a reuben sandwich,1,5,1,0.0011611929,2,OOD_Class_1
I want to go to a highly rated fast food restaurant around Togo with two people total.,1,5,1,0.0019646136,2,OOD_Class_1
in Google Music play the top singles released in 1972,3,2,0,0.0001538011,2,OOD_Class_1
put this song in the playlist Trap Land,0,0,0,0.00021141247,2,OOD_Class_1
book a bar for 2 in Hayden Row on friday,1,1,1,0.00056549895,2,OOD_Class_1
I want to be Main Deli Steak House near Hendley .,1,5,1,0.0012194259,2,OOD_Class_1
I need a reservation for four this year at a restaurant,1,5,1,0.0028855123,2,OOD_Class_1
Play The New Retro playlist on Netflix .,3,2,0,0.00012959889,2,OOD_Class_1
want to watch the TV show Treeful of Starling,5,4,0,0.00013647844,2,OOD_Class_1
add tune by Leonard Cohen to road trip,0,0,0,0.00019495227,2,OOD_Class_1
Play a 1998 sound track from Sam The Kid on Last Fm,3,2,0,0.0001370181,2,OOD_Class_1
book a table at one o'clock at a bar that has parking,1,5,1,0.00037572524,2,OOD_Class_1
add Curse song to my playlist Guest List Engadget,0,0,0,0.00016675548,2,OOD_Class_1
Is People of the Cumberland playing at Landmark Theatres now,6,5,0,0.00014643751,2,OOD_Class_1
at 4 am book a bar in the spa in Shamrock for eight,1,1,1,0.0020082223,2,OOD_Class_1
book a table in Glennie for 1 in the Northern Mariana Islands,1,3,1,0.021413056,2,OOD_Class_1
play Matt Uelmen songs from 1965 on Slacker,3,2,0,0.00014402112,2,OOD_Class_1
Out of 6 stars I give the chronicle three and look forward to what's next .,4,3,0,0.00012907817,2,OOD_Class_1
I want to book a restaurant for supper in Kellerton for 2,1,3,1,0.0034334634,2,OOD_Class_1
SHow me the nearest movie house showing Moron 5 and the Crying Lady,6,5,0,0.00015078878,2,OOD_Class_1
John Ross House restaurant in town and close-by,1,1,1,0.0026777543,2,OOD_Class_1
restaurant scandinavian in Grenada,1,4,1,0.0020885426,2,OOD_Class_1
What's the weather like in Groesbeck,2,1,0,9.949913e-05,2,OOD_Class_1
book a table at the Irma Hotel in Mount Repose,1,4,1,0.0014645337,2,OOD_Class_1
What will the weather be in Tajikistan on Dec. twentieth ?,2,1,0,0.000106537955,2,OOD_Class_1
Find movie schedules for animated movies around here .,6,5,0,0.00020111221,2,OOD_Class_1
I want to book the best steakhouse with south american cuisines in Alaska,1,4,1,0.00036725917,2,OOD_Class_1
Book a table for pearl and verna slated ash wednesday in Gabon .,1,1,1,0.004575987,2,OOD_Class_1
I want to make a reservation for a group of 4 at a churrascaria type spa,1,5,1,0.011149614,2,OOD_Class_1
I need a reservation for The Berghoff in Jamaica in 18 seconds,1,1,1,0.001640994,2,OOD_Class_1
what animated movies are at Fox Theatres,6,5,0,0.00018474244,2,OOD_Class_1
What is Fantasy Zone II The Tears of Opa-Opa,5,4,0,0.0001660864,2,OOD_Class_1
I want do you want to build a snowman in my Hip Hop 2017 New School playlist,0,0,0,0.00016175378,2,OOD_Class_1
Find a reservation for a highly rated steakhouse in China for a party of five at 055152,1,5,1,0.0010482855,2,OOD_Class_1
Play paul ortiz music from 1990,3,2,0,0.0001374293,2,OOD_Class_1
Will it be colder in Litchfield,2,1,0,9.587159e-05,2,OOD_Class_1
Make me a reservation in Cedarburg at 0 pm,1,1,1,0.0006748952,2,OOD_Class_1
book some indonesian food truck food that is not far for a party of 8 in IA,1,4,1,0.0001607384,2,OOD_Class_1
I need a table for a party of 2 at Co-operative Block Building in Old Glory,1,5,1,0.0003371212,2,OOD_Class_1
"What will the temperature be like at Fort Point, San Francisco the day after tomorrow",2,1,0,0.00010674495,2,OOD_Class_1
"I need a reservation for a party of three , maybe a gastropub that sells steak .",1,5,1,0.002990995,2,OOD_Class_1
add tune to Electro Workout,0,0,0,0.00018960278,2,OOD_Class_1
Add tune to cleaning the house,0,0,0,0.00019324363,2,OOD_Class_1
Rate The Coming of Bill 3 of 6 stars,4,3,0,0.00011990409,2,OOD_Class_1
Hocus Bogus gets a 2 of 6 .,4,3,0,0.00013349902,2,OOD_Class_1
I need a reservation for a pizzeria nearby Vigus,1,1,1,0.0057252175,2,OOD_Class_1
Add Sci-Fi Crimes to the fresh folk playlist,0,0,0,0.00018675713,2,OOD_Class_1
book a spot in the same area as Yankee Doodle Coffee Shop in Madagascar,1,4,1,0.0013891927,2,OOD_Class_1
"Please find me a table at a place that serves glace , has room for six and a pub atmosphere",1,5,1,0.00088996685,2,OOD_Class_1
Book a table for nine people in NJ .,1,1,1,0.018609595,2,OOD_Class_1
"Reserve a table for 3 people at The Cubby Bear ,  in Comoros .",1,5,1,0.0041329795,2,OOD_Class_1
Rate this essay four out of 6,4,3,0,0.00012090362,2,OOD_Class_1
play robert fripp sound track on Pandora,3,2,0,0.00014729107,2,OOD_Class_1
Play Apbl98 by Alden Penner .,3,2,0,0.00013986473,2,OOD_Class_1
book a restaurant for me and rosemary at 1 am,1,5,1,0.0015096681,2,OOD_Class_1
"Please fine me the TV series , Now We Are Married .",5,4,0,0.0001827106,2,OOD_Class_1
"What will the weather be like here on September 17, 2040",2,1,0,0.00012190772,2,OOD_Class_1
I want to book a restaurant in Frenier 12 years from now for 4 people.,1,1,1,0.003819609,2,OOD_Class_1
rate this current textbook 0 points,4,3,0,0.0001133561,2,OOD_Class_1
"Will there be cloud action in Saint Bernard , Virgin Islands",2,1,0,0.00013585588,2,OOD_Class_1
rate the book Whit a zero,4,3,0,0.00011542252,2,OOD_Class_1
book a restaurant in Macedonia for 13 hours from now,1,1,1,0.0007303014,2,OOD_Class_1
"What will the weather be not far from here on October the nineteenth, 2026 ?",2,1,0,0.000106330015,2,OOD_Class_1
how much hotter will it be once close to Namibia,2,1,0,0.00013799848,2,OOD_Class_1
Play the best music by Arthur Johnston .,3,2,0,0.00014304329,2,OOD_Class_1
book a spot for vicki and I at a restaurant in Puerto Rico,1,5,1,0.0006680228,2,OOD_Class_1
Book a table for me and my crew scheduled for 104715 pm in IL .,1,5,1,0.0024523935,2,OOD_Class_1
I want to book a restaurant for four around Zapata,1,1,1,0.0012510566,2,OOD_Class_1
add track to my Las Canciones Más Lindas Del Mundo playlist,0,0,0,0.00018278653,2,OOD_Class_1
I'd like to have southeastern brazilian at the pub in Dominica,1,5,1,0.0010669994,2,OOD_Class_1
Rate She A History of Adventure a one of 6,4,3,0,0.0001220294,2,OOD_Class_1
Can you book me a table for 9 in DE ?,1,4,1,0.005792454,2,OOD_Class_1
pizzeria restaurant in Kellnersville HI that is outdoor for ten,1,5,1,0.0011558775,2,OOD_Class_1
I want to book a restaurant in 40 weeks in Iowa .,2,1,0,0.001466055,2,OOD_Class_1
is it going to be windy faraway from the Valley of Fire,2,1,0,0.00010529101,2,OOD_Class_1
What is the weather forecast for my current place ?,2,1,0,0.000111541405,2,OOD_Class_1
Where can I view the photograph The Phantom Horse,5,4,0,0.00012858256,2,OOD_Class_1
rate The Long Dark Tea-Time of the Soul 5 stars,4,3,0,0.00013408714,2,OOD_Class_1
What's the forecast for Wendell ?,2,1,0,9.103629e-05,2,OOD_Class_1
Rate Voyages by Starlight a value of 0,4,3,0,0.00012744665,2,OOD_Class_1
book me a restaurant in the Northern Mariana Islands,1,4,1,0.0009849714,2,OOD_Class_1
Where to see painting Twelve Angry Men,5,4,0,0.00011324915,2,OOD_Class_1
Book a neighboring coffeehouse with internet in Shingleton .,1,1,1,0.028378401,2,OOD_Class_1
"find The Great Hydration , a TV series",5,4,0,0.0001663918,2,OOD_Class_1
What's the weather in Andorra,2,1,0,9.420304e-05,2,OOD_Class_1
play By The Sleepy Lagoon by Greg Kurstin,3,2,0,0.00013476532,2,OOD_Class_1
I'd like to eat at a highly rated swiss restaurant in Irma at two pm,1,5,1,0.0014142466,2,OOD_Class_1
"I need a table for 1 at a highly rated restaurant next autumn in Emmons , RI",1,1,1,0.008457319,2,OOD_Class_1
Book a popular restaurant in New Jersey .,1,4,1,0.00037179966,2,OOD_Class_1
I need a reservation for Orthodox Good Friday,1,5,1,0.00060525985,2,OOD_Class_1
Please play anything by george formby jr,3,2,0,0.00014656795,2,OOD_Class_1
Lets hear some Dawood Sarkhosh from their The Power Of Your Love album from Groove Shark,3,2,0,0.00015450799,2,OOD_Class_1
Give this album three / 6 points,4,3,0,0.00012645802,2,OOD_Class_1
I would like to book a restaurant in Lebanon,1,4,1,0.000118522104,2,OOD_Class_1
Make me a reservation within walking distance in WY for 6 pm,1,1,1,0.00047994603,2,OOD_Class_1
Book a table for ten for breakfast in Minnesota .,1,4,1,0.0047263466,2,OOD_Class_1
Book me a reservation for a party of 3 at a pub in Northern Mariana Islands,1,4,1,0.0017770362,2,OOD_Class_1
I would like a cafeteria at 104151 am for seven,1,5,1,0.0003766536,2,OOD_Class_1
"Book a restaurant with a pool far from robbie's hostel for me, chandra and noelle at nine PM .",1,5,1,0.0046459245,2,OOD_Class_1
find the video game The Tomb,5,4,0,0.00017335752,2,OOD_Class_1
Book a reservation for nine people at the best pub nearby Tangier in six months,1,1,1,0.0021802739,2,OOD_Class_1
Play Water Under The Bridge by Hariprasad Chaurasia .,3,2,0,0.00015510272,2,OOD_Class_1
find Loved Ones for me,5,4,0,0.00016553309,2,OOD_Class_1
I need to book a restaurant at supper time in IL,1,1,1,0.001720838,2,OOD_Class_1
Will it be hot here at 22 o'clock ?,2,1,0,0.000118152726,2,OOD_Class_1
I need a table at Eddie's Attic in Nevada for one,1,5,1,0.0006154909,2,OOD_Class_1
I'd like to eat at a restaurant around China with a party of 7 anywhere that serves ouzeri,1,5,1,0.005475267,2,OOD_Class_1
Add teriazume to the nação reggae playlist,0,0,0,0.00021182685,2,OOD_Class_1
Please find me the Journal of the British Astronomical Association movie .,5,4,0,0.00014218912,2,OOD_Class_1
Add I Messed Up to Hit Rewind,0,0,0,0.00018520634,2,OOD_Class_1
Play some music from the thirties .,3,2,0,0.00014013823,2,OOD_Class_1
I'd like a table for 10 at a distant place downtown for next fall,1,5,1,0.0016489904,2,OOD_Class_1
find Home Fires,5,5,0,0.001482049,2,OOD_Class_1
book a fried fish serving restaurant for one at 20 hours from now,1,5,1,0.00053028093,2,OOD_Class_1
I this this current essay should be rated a three,4,3,0,0.00011368378,2,OOD_Class_1
Play hanging in the balance by Nik Kershaw on Zvooq .,3,2,0,0.00017127178,2,OOD_Class_1
book sot for 22 minutes from now at a restaurant with parking,1,5,1,0.0021132228,2,OOD_Class_1
What's the weather in Timbo ?,2,1,0,9.766835e-05,2,OOD_Class_1
play My Back Pages by Paul Young on vimeo,3,2,0,0.00016967976,2,OOD_Class_1
Add this artist to my This Is Philip Glass playlist,0,0,0,0.00019306122,2,OOD_Class_1
What will the weather be in Ohio ?,2,1,0,9.9692516e-05,2,OOD_Class_1
Please play something on Iheart from artist Ari Gold last album,3,2,0,0.00014192807,2,OOD_Class_1
Can you please get me the book Dracula 5 The Blood Legacy ?,5,4,0,0.0001811302,2,OOD_Class_1
Rate The Joy of Gay Sex a 5 out of 6,4,3,0,0.00012516852,2,OOD_Class_1
What time is Class playing at Amco Entertainment ?,6,5,0,0.00013930368,2,OOD_Class_1
Do you know of a song by the Mande Studies Association ?,5,4,0,0.00012981064,2,OOD_Class_1
I'd like to eat at Old Dutch in 15 seconds in Northern Mariana Islands,1,1,1,0.00051738607,2,OOD_Class_1
find Worldly Goods starting now at a movie house,6,5,0,0.00015572419,2,OOD_Class_1
Play The Galway Races on Netflix .,3,2,0,0.00014024256,2,OOD_Class_1
When is The Outer Space Connection playing at the nearest cinema .,6,5,0,0.000138916,2,OOD_Class_1
book a table in Connecticut in Robinette for one second from now,1,1,1,0.0002605461,2,OOD_Class_1
Estelle should be on my spring playlist,0,0,0,0.00017775621,2,OOD_Class_1
Find a book called The Echo Chamber .,5,4,0,0.00019642348,2,OOD_Class_1
Where can I watch the picture I’ll Take Care of You ?,5,4,0,9.231153e-05,2,OOD_Class_1
I want to book a top-rated brasserie for 7 people.,1,3,1,0.00036646845,2,OOD_Class_1
Find a television show called Merced Sun-Star .,5,4,0,0.00019528074,2,OOD_Class_1
"I'm hoping to find a table for six at a pub on jul. 19, 2029 .",1,1,1,0.0016502513,2,OOD_Class_1
Add an album by m g sreekumar to my laidback acoustic playlist.,0,0,0,0.00020895159,2,OOD_Class_1
Find the movie schedules for Regal Entertainment Group .,6,5,0,0.00017474244,2,OOD_Class_1
Book a table at a pub in China .,1,4,1,0.00021262416,2,OOD_Class_1
book a restaurant for me and my mother in law in Montserrat,1,1,1,0.0037000624,2,OOD_Class_1
is Las aventuras de Zachary Beaver at Harkins Theatres,6,5,0,0.00016739295,2,OOD_Class_1
What's the weather in Swift River Reservation,2,1,0,9.531197e-05,2,OOD_Class_1
Search for the video game The Book of Heroic Failures,5,4,0,0.00016967664,2,OOD_Class_1
I want to book a restaurant close-by in Inman for five people.,1,1,1,0.0011799186,2,OOD_Class_1
Play a 1974 sound track on Vimeo .,3,2,0,0.00016911863,2,OOD_Class_1
play a concerto that was most popular in 1958 by mickey hart,3,2,0,0.000131007,2,OOD_Class_1
Find Confusion Bay .,5,4,0,0.0001470591,2,OOD_Class_1
Book a table for January the twentieth at a place far from your daughter's campus,1,1,1,0.004738625,2,OOD_Class_1
For the book Icon of Evil I rate a 2,4,3,0,0.000116442156,2,OOD_Class_1
"book a spot for gay ramos, janice gonzales and I at a bar in Timbo",1,4,1,0.000748781,2,OOD_Class_1
"me and terrie need a table at a bar in Hypoluxo , UT",1,1,1,0.001985684,2,OOD_Class_1
I need a reservation for Little Grill Collective for supper with eight people,1,5,1,0.00043326616,2,OOD_Class_1
Book a table at T-Rex in one minute in Osierfield,1,1,1,0.0014694695,2,OOD_Class_1
Book a table for 2 at a restaurant in Follett,1,1,1,0.002163706,2,OOD_Class_1
Book a reservation for a restaurant not far from MA,1,1,1,0.0034976832,2,OOD_Class_1
Can you play a song from the newest movement by prince on Lastfm,3,2,0,0.00014700253,2,OOD_Class_1
"How cold is it in Cargray , Argentina ?",2,1,0,0.00011110417,2,OOD_Class_1
Can i get the showtimes for Man in Blues ?,6,5,0,0.00013904703,2,OOD_Class_1
I rate A Moment in Time a 5,4,3,0,0.00011148952,2,OOD_Class_1
Where and at what time can I see Paragraphe 78,6,5,0,0.00015251947,2,OOD_Class_1
find Jono and Ben,5,5,0,0.0011519182,2,OOD_Class_1
I really need a top-rated restaurant that can seat 3 people in 1 minute from now.,1,5,1,0.0043719425,2,OOD_Class_1
add tune to African Heat,0,0,0,0.00018171433,2,OOD_Class_1
Play new track from the fifties,3,2,0,0.000119284356,2,OOD_Class_1
Rate Fast Food Nation 2 points,4,3,0,0.00012407202,2,OOD_Class_1
Give Upon Some Midnights Clear chronicle four out of 6 for a rating.,4,3,0,0.00011955291,2,OOD_Class_1
book a restaurant not far from Municipal Borough of Ealing for today,1,1,1,0.0013628346,2,OOD_Class_1
Book a restaurant for 9 people.,1,4,1,0.001129225,2,OOD_Class_1
Find a reservation for a tea house in Lorain,1,5,1,0.001471243,2,OOD_Class_1
play a popular sort of fifties tune music,3,2,0,0.0001601958,2,OOD_Class_1
I'm looking for the song called Standing for Something .,5,4,0,0.00016654983,2,OOD_Class_1
Book a restaurant for one in AL .,1,3,1,0.00046036558,2,OOD_Class_1
Book a reservation for irene and rosella at The Room in the Elephant in Israel,1,4,1,0.00080109877,2,OOD_Class_1
I want to hear any tune from the twenties,3,2,0,0.00013795825,2,OOD_Class_1
Make me a reservation for a party of 6 at a pub at five o'clock in Arizona that serves waffles in the city of Hat Creek,1,5,1,0.0010025601,2,OOD_Class_1
add this matt bachand tune to pure rock & roll,0,0,0,0.0002015344,2,OOD_Class_1
give 5 out of 6 stars to The Intimidators chronicle,4,3,0,0.00012407285,2,OOD_Class_1
Can you find the show The Dumping Ground Survival Files,5,4,0,0.0001408084,2,OOD_Class_1
book in one hour within walking distance of a restaurant downtown,1,1,1,0.009879914,2,OOD_Class_1
How do I get the game Still on It ?,5,4,0,0.00012395601,2,OOD_Class_1
What's the weather going to be in Knobel ?,2,1,0,0.0001029595,2,OOD_Class_1
Rate the Ninth Key 3 of 6 points,4,3,0,0.000113466995,2,OOD_Class_1
What's the weather forecast for Connecticut,2,1,0,9.766914e-05,2,OOD_Class_1
Play some 2011 music by Dan Healy .,3,2,0,0.0001484495,2,OOD_Class_1
"Need a table for rita, antoinette and I",1,5,1,0.0005839316,2,OOD_Class_1
book a restaurant for three on feb. 18,1,1,1,0.00028988993,2,OOD_Class_1
Play an ep by Uncle Jimmy Thompson,3,2,0,0.00013359108,2,OOD_Class_1
Book a table for 8 right now for a restaurant in Meadow Vale,1,1,1,0.0009264456,2,OOD_Class_1
book a restaurant close by my daughters's work location with burrito three years from now,1,5,1,0.0027970902,2,OOD_Class_1
I have eight that would like to eat cretan in a cafeteria and need reservations.,1,1,1,0.08000309,2,OOD_Class_1
Book a bar in Holtville ND for 7 people.,1,1,1,0.0042056968,2,OOD_Class_1
I need reservations for next autumn in Belgium at a highly rated diner .,1,5,1,0.008593442,2,OOD_Class_1
play Bra Vibrationer by Dean,3,2,0,0.00013463615,2,OOD_Class_1
"book me a restaurant that serves hot chicken in Dutch Mills , North Dakota for 10 people for 3 am",1,5,1,0.007946678,2,OOD_Class_1
Book a table in Belhaven for a party of seven at the Great House at Sonning,1,1,1,0.0040344233,2,OOD_Class_1
I'd like to find the Days of Glory saga,5,4,0,0.00014498732,2,OOD_Class_1
What's the weather forecast for breakfast time in Palau ?,2,1,0,0.00010225614,2,OOD_Class_1
I need a table for 4 ; please confirm the reservation.,1,4,1,0.0039045098,2,OOD_Class_1
book a irish serving brasserie in AZ,1,4,1,0.00035028296,2,OOD_Class_1
Show me the movie schedule,6,5,0,0.00012697918,2,OOD_Class_1
Will it in hail in my current position on 12/10/2035 ?,2,1,0,0.0001429353,2,OOD_Class_1
I want to play a game called Scotland Tonight .,5,4,0,0.00016707942,2,OOD_Class_1
Rate the book An Appeal from the New to the Old Whigs a 0,4,3,0,0.00012316467,2,OOD_Class_1
I want to book a restaurant in Niger for seven people.,1,4,1,0.0056540524,2,OOD_Class_1
Book reservations at a restaurant in Olton around supper time,1,5,1,0.0013176398,2,OOD_Class_1
I would like to book a donut serving delicatessen in Cuba for 5 on april eleventh,1,1,1,0.0010957202,2,OOD_Class_1
rate the current essay a 0 for me,4,3,0,0.00011758337,2,OOD_Class_1
add this song to the Pre-Party playlist,0,0,0,0.00020732597,2,OOD_Class_1
Add sammy hagar to Ultra Metal,0,0,0,0.00019296243,2,OOD_Class_1
Play some Rumba Africana .,3,2,0,0.00016936562,2,OOD_Class_1
Book a reservation for a brasserie serving soupe in Tokelau,1,1,1,0.0029137642,2,OOD_Class_1
I would like to book a restaurant within the same area as Myrtle Av for 6,1,3,1,0.0041126646,2,OOD_Class_1
Search for Police Women of Cincinnati,5,4,0,0.00012792739,2,OOD_Class_1
add 157 Riverside Avenue to leticia's animal humor playlist,0,0,0,0.00019400666,2,OOD_Class_1
give two out of 6 points to current textbook,4,3,0,0.00012244831,2,OOD_Class_1
Play some Mike Burney on Google Music .,3,2,0,0.00016027744,2,OOD_Class_1
play newest Robert Palmer sound track,3,2,0,0.00011905079,2,OOD_Class_1
I want a table for me and my kids in Turkey at a neighboring restaurant,1,5,1,0.0010446359,2,OOD_Class_1
I want to go to an outdoor cafe in Pioneer Day,1,5,1,0.0020264394,2,OOD_Class_1
Show The Kindness of Women picture,5,4,0,0.00016720672,2,OOD_Class_1
Look for a photograph of Tailwind,5,4,0,0.00013462361,2,OOD_Class_1
She me movie schedules for the movies close by at sunset,6,5,0,0.00016903343,2,OOD_Class_1
Will it rain here at 132209 ?,2,1,0,9.9107674e-05,2,OOD_Class_1
find the television show Birth of the Cool,5,4,0,0.00016493275,2,OOD_Class_1
find Live in Tokyo for me,5,4,0,8.7335095e-05,2,OOD_Class_1
Is it overcast in Bermuda,2,1,0,0.00012363723,2,OOD_Class_1
I give this current novel zero stars and a best rating of 6,4,3,0,0.00011978718,2,OOD_Class_1
Book a cafeteria that serves bagels for six people.,1,5,1,0.08079729,2,OOD_Class_1
Play some Sabah from the eighties,3,2,0,0.0001457212,2,OOD_Class_1
Book a table for my granddaughter and I at the restaurant .,1,5,1,0.0017965183,2,OOD_Class_1
I want to hear some Bill Black chant music,3,2,0,0.00015196427,2,OOD_Class_1
Find the nearest movie house that's showing movies,6,5,0,0.00019416535,2,OOD_Class_1
"I need a highly rated oyster bar in AR in a month for jeanne collins, amy and I",1,3,1,0.004061771,2,OOD_Class_1
casey and I will be in Kentucky for food,1,1,1,0.0012317076,2,OOD_Class_1
Book a bar for 6 that has stuffed ham and isn't too faraway from Canarsie - Rockaway Parkway on bennington battle day .,1,1,1,0.009401083,2,OOD_Class_1
add a mina caputo album to my after hours party,0,0,0,0.00018684675,2,OOD_Class_1
Find the schedule for movies at Harkins Theatres .,6,5,0,0.00017645776,2,OOD_Class_1
Add Kd lang to my Deep Focus playlist,0,0,0,0.00019938285,2,OOD_Class_1
"book a table for 10 at The Dome, Edinburgh",1,4,1,0.004173155,2,OOD_Class_1
add Armen Movsessian to this is skepta playlist,0,0,0,0.00019137163,2,OOD_Class_1
What is the forecast for West Virginia will it be snowy,2,1,0,9.5126685e-05,2,OOD_Class_1
What is the movie schedule at MJR Theatres ?,6,5,0,0.0001575642,2,OOD_Class_1
"I'd like a table in a smoking room in a taverna on sep. 23, 2023",1,1,1,0.00072006177,2,OOD_Class_1
I need to book a restaurant at four o'clock for 4,1,5,1,0.00049801235,2,OOD_Class_1
What are the movie times for Megaplex Theatres,6,5,0,0.00020447807,2,OOD_Class_1
"find The Ultimate Gift , a television show",5,4,0,0.00019150796,2,OOD_Class_1
play Matt Walker tunes,3,2,0,0.00013556151,2,OOD_Class_1
Could you find the TV series The Approach,5,4,0,0.00016206162,2,OOD_Class_1
Wish to find the movie the Heart Beat,5,4,0,0.00012209512,2,OOD_Class_1
What will the weather be in Hillview ?,2,1,0,9.719371e-05,2,OOD_Class_1
I'd like to eat at a taverna that serves chili con carne for a party of 10,1,5,1,0.0006808692,2,OOD_Class_1
Tell me if it'll be temperate in 8 seconds in Guatemala,2,1,0,0.00014747294,2,OOD_Class_1
my brother in law and I would like to go to Guinea-Bissau for food,1,4,1,0.0015023191,2,OOD_Class_1
What Can I watch watch the television show Catch,5,4,0,0.000107748936,2,OOD_Class_1
play a seventies ballad by Annunzio Paolo Mantovani on Groove Shark,3,2,0,0.00016519755,2,OOD_Class_1
What movies are playing in the neighborhood,6,5,0,0.00016224787,2,OOD_Class_1
find meal time movie times close by for movies,6,5,0,0.00020072269,2,OOD_Class_1
add this artist to Pop 2017 Picks,0,0,0,0.00017924827,2,OOD_Class_1
add this track to Alternative Route,0,0,0,0.00018376912,2,OOD_Class_1
add this song by deron miller to my party on fridays playlist,0,0,0,0.00020361303,2,OOD_Class_1
book an oyster bar in AMerican Samoa for lunch,1,4,1,0.00048504103,2,OOD_Class_1
Will there be fog in Fairwood ?,2,1,0,0.00011620337,2,OOD_Class_1
Play Deezer,3,2,0,0.00012488167,2,OOD_Class_1
Book a restaurant at Tennessee,1,4,1,0.00014864004,2,OOD_Class_1
book sot for me and my grandfather nearby West Reading,1,4,1,0.0001138756,2,OOD_Class_1
I want an indoor restaurant for a party of five in Columbus Junction,1,5,1,0.004991984,2,OOD_Class_1
Is The Young Guard playing at the closest cinema,6,5,0,0.000147009,2,OOD_Class_1
I need a bakery that serves beef manhattan at midnight for nine,1,5,1,0.00090174476,2,OOD_Class_1
Book a restaurant in the Maldives in one second .,1,1,1,0.0043390477,2,OOD_Class_1
find Cover Her Face,5,4,0,0.00013043373,2,OOD_Class_1
Find a reservation at a restaurant that serves gougère in Laneville with a party of nine,1,5,1,0.0008274436,2,OOD_Class_1
give four out of 6 stars for this chronicle,4,3,0,0.00012474105,2,OOD_Class_1
show weather forecast in Kenya,2,1,0,0.0001014484,2,OOD_Class_1
Give 1 out of 6 rating to the current textbook,4,3,0,0.000116384734,2,OOD_Class_1
BOok a table for me and georgina at a pub in a spa,1,5,1,0.0020883782,2,OOD_Class_1
I need to book a tropézienne restaurant six hours from now,1,5,1,0.0014230458,2,OOD_Class_1
Play music by Antonella Barba from the album Bath,3,2,0,0.00014137824,2,OOD_Class_1
I want to go to the popular pub at ten PM,1,5,1,0.00015186844,2,OOD_Class_1
I would like to find a cafe that serves grilled meat close by in Tunisia and need a table for 2 one second from now .,1,5,1,0.0025095667,2,OOD_Class_1
book a gibassier serving tavern in Vermont for nine,1,4,1,0.0005839503,2,OOD_Class_1
rate this chronicle 3 stars,4,3,0,0.00012358952,2,OOD_Class_1
Rate the previous essay 5 out of 6,4,3,0,0.00011868104,2,OOD_Class_1
Book a table for two at a restaurant faraway from office in California .,1,1,1,0.013708044,2,OOD_Class_1
Add this album to jenifer's mellow dinner playlist,0,0,0,0.00019629396,2,OOD_Class_1
Play music from 2011 .,3,2,0,0.00013397825,2,OOD_Class_1
Add this track to my lo que suena new york playlist,0,0,0,0.00019043937,2,OOD_Class_1
book a spot for six at a restaurant that serves fish and chips,1,5,1,0.00054452487,2,OOD_Class_1
book a tea house on 5/20/2028 in Pataskala that serves crepe in NC for five,1,1,1,0.0017824448,2,OOD_Class_1
my great grandfather and I would like to get together at a taverna .,1,5,1,0.0006434047,2,OOD_Class_1
add the track by Paul Gray to my 2010s smash hits playlist,0,0,0,0.00020026104,2,OOD_Class_1
I need seats for 6 at CHAR No.4 in Georgia,1,5,1,0.0011305376,2,OOD_Class_1
What time are the animated movies starting at the nearest movie house ?,6,5,0,0.00018028855,2,OOD_Class_1
I need a table for six near the Russia bistro that has wifi,1,5,1,0.00054439146,2,OOD_Class_1
The Battle for Skies gets a three,4,3,0,0.00012107579,2,OOD_Class_1
book a bar table for Tonight for rajasthani food,1,5,1,0.005437476,2,OOD_Class_1
I want to add un jour dans notre vie to my list running to rock 170 to 190 bpm,0,0,0,0.00018619318,2,OOD_Class_1
book a stuffed peppers serving bakery for 9 at Woodsfield VI,1,4,1,0.0007773368,2,OOD_Class_1
Play Alles Heeft Ritme by Liu Tianhua .,3,2,0,0.00016496047,2,OOD_Class_1
Show the Three Tales album,5,4,0,0.00016606708,2,OOD_Class_1
What is the closest movie theatre that is playing animated movies,6,5,0,0.00019838773,2,OOD_Class_1
Book a joint in sixteen minutes for 9 .,1,3,1,0.0016497573,2,OOD_Class_1
I'd like to hear the song Daimidaler Prince vs Penguin Empire,5,4,0,0.00011796899,2,OOD_Class_1
Can you add something by the artist Paul Cargnello to my Chill Tracks playlist,0,0,0,0.00020371404,2,OOD_Class_1
book a pub for pepperoni near their house and not far,1,5,1,0.0018461897,2,OOD_Class_1
Will it be warmer at sunrise in Jeffrey City ?,2,1,0,0.00010417143,2,OOD_Class_1
Play The Garden Of Allah from Wade Mainer,3,2,0,0.00014401987,2,OOD_Class_1
book a pub in Clermont for 8 people,1,1,1,0.0013756059,2,OOD_Class_1
Play Crossroad Blues .,3,2,0,0.00013929947,2,OOD_Class_1
Play a symphony from the thirties .,3,2,0,0.00014586179,2,OOD_Class_1
Search for To Heart 2,5,4,0,0.00015585819,2,OOD_Class_1
Find movie schedules for close by films .,6,5,0,0.00016256027,2,OOD_Class_1
I want a table for five at a place in Russia on 4/4/2036,1,1,1,0.0015007451,2,OOD_Class_1
Find a table close by in the downtown area for sherri and I,1,5,1,0.00047354714,2,OOD_Class_1
Play some chanson music.,3,2,0,0.0001545089,2,OOD_Class_1
Book a highly rated coffeehouse for four people.,1,3,1,0.0001573706,2,OOD_Class_1
Book a table for nine people in Svalbard and Jan Mayen .,1,1,1,0.075306594,2,OOD_Class_1
Book reservations for five at Eleven Madison Park today within walking distance from Flaxton,1,5,1,0.0010416373,2,OOD_Class_1
Play some movement from the fourties,3,2,0,0.00016911709,2,OOD_Class_1
Can you play a sound track by Sissieretta Jones,3,2,0,0.00014471791,2,OOD_Class_1
"book tea at The Hamburger Wagon for 3 vickie reed, melody and I in Georgia",1,4,1,0.0014242383,2,OOD_Class_1
Can you give me the forecast for 1015 in Paraguay,2,1,0,0.00014293307,2,OOD_Class_1
What is the films with movie times in the area,6,5,0,0.00017697329,2,OOD_Class_1
Rate Soul Music a 0 .,4,3,0,0.00011008225,2,OOD_Class_1
What's the forecast in Stobo ?,2,1,0,0.000106122294,2,OOD_Class_1
I need some ambient music.,3,2,0,0.00018488277,2,OOD_Class_1
Book a table in eastern european restaurant in Macedonia .,1,4,1,0.00079655217,2,OOD_Class_1
I want to book the best pub for 6 in New Mexico,1,4,1,0.001422243,2,OOD_Class_1
Book a table for 2 people at a restaurant with parking,1,5,1,0.0031378036,2,OOD_Class_1
what time is Bhoot Returns showing at Douglas Theatre Company,6,5,0,0.00011459469,2,OOD_Class_1
"Book a restaurant in Indiana for me, violet and dianne .",1,4,1,0.0077425237,2,OOD_Class_1
"Tell me the weather forecast for Roseburg , Iowa",2,1,0,0.00013200482,2,OOD_Class_1
I would like to book a highly rated brasserie with souvlaki neighboring LA next week,1,4,1,0.0010524676,2,OOD_Class_1
Play my Frescura Indie playlist,3,2,0,0.00010494034,2,OOD_Class_1
table for 6 at a bar,1,3,1,0.0004760672,2,OOD_Class_1
Play music on Itunes .,3,2,0,0.00014801156,2,OOD_Class_1
book a table near pat's college,1,4,1,0.001222604,2,OOD_Class_1
Show me schedules to see A Film with Me in It .,6,5,0,0.00014342877,2,OOD_Class_1
I need the movie Kids in Love at the movie house,6,5,0,0.000118690776,2,OOD_Class_1
Weather for Carlisle Gardens AS,2,1,0,0.00010115953,2,OOD_Class_1
I want a table for 7 at a popular cafeteria on Holy Saturday in GA,1,5,1,0.002649663,2,OOD_Class_1
can you add xanadu to Latin Alternative Music,0,0,0,0.0002205844,2,OOD_Class_1
Find the Youth Against Christ saga,5,4,0,0.00015164961,2,OOD_Class_1
Help me find the saga titled The Eternal Return,5,4,0,0.00015478932,2,OOD_Class_1
I'd like to eat at a bar that serves corn relish with a party of five,1,5,1,0.00090303004,2,OOD_Class_1
I want to give the current novel 5 out of 6 points,4,3,0,0.0001195531,2,OOD_Class_1
Play the album Cara De Dios .,3,2,0,0.0001641466,2,OOD_Class_1
"What's the weather forecast for TN on december seventh, 2026 ?",2,1,0,0.00011024301,2,OOD_Class_1
I give Cross Country four out of 6 .,4,3,0,0.00012031468,2,OOD_Class_1
Show me NCAA College Football 2K3,5,4,0,0.001106799,2,OOD_Class_1
book a restaurant in HI,1,4,1,0.00020541994,2,OOD_Class_1
Book me a popular restaurant reservation at a brazilian delicatessen,1,5,1,0.0025904558,2,OOD_Class_1
play me music by Whip with Zvooq,3,2,0,0.00012536778,2,OOD_Class_1
I'm looking to book a spot at a restaurant in RI .,1,4,1,0.0007132964,2,OOD_Class_1
"What's the temperature today in Griffin , NE ?",2,1,0,9.8242745e-05,2,OOD_Class_1
Rate Phoenix The Fall & Rise of Videogames one points out of 6,4,3,0,0.00012541303,2,OOD_Class_1
I need to book a table at a tavern that serve gnocchi for nine in Owenyo,1,5,1,0.0032178669,2,OOD_Class_1
Find movie schedules .,6,5,0,0.00015649066,2,OOD_Class_1
Book a table at a osteria type restaurant in SD,1,1,1,0.0039581032,2,OOD_Class_1
Add all together now to my playlist the road to punk rock,0,0,0,0.00019400711,2,OOD_Class_1
Book a restaurant distant from downtown .,1,1,1,0.012674163,2,OOD_Class_1
Find me a table for four somewhere,1,5,1,0.00022586936,2,OOD_Class_1
Give this album a rating of 4 .,4,3,0,0.00012113912,2,OOD_Class_1
"Lets take me, cherry and tracie to a Noyack bar",1,5,1,0.0007838674,2,OOD_Class_1
add tune to my this is john williams playlist,0,0,0,0.00018611875,2,OOD_Class_1
Book seating at a restaurant in Topton,1,5,1,0.0008367102,2,OOD_Class_1
I want lance king in my list called One Love,0,0,0,0.00019842149,2,OOD_Class_1
Rate the current saga four stars out of 6,4,3,0,0.0001238917,2,OOD_Class_1
Book the Last Exit on Brooklyn 5 hours from now for one person.,1,4,1,0.0040554134,2,OOD_Class_1
"Will it get rainy like last March in Hagerman , Saint Vincent and the Grenadines ?",2,1,0,0.00012220345,2,OOD_Class_1
Play Annet Artani soundtrack on Slacker,3,2,0,0.00015677688,2,OOD_Class_1
Please add Ruud Jolie to my playlist Guest List Polygon,0,0,0,0.00017578593,2,OOD_Class_1
Please look up the Beauty on the Fire show .,5,4,0,0.0001354158,2,OOD_Class_1
what is the forecast for the current spot for cloudy conditions,2,1,0,0.00012731993,2,OOD_Class_1
I want to give this novel a four out of 6 stars,4,3,0,0.00012926705,2,OOD_Class_1
What movies are showing now at the closest cinema ?,6,5,0,0.00017136522,2,OOD_Class_1
I need a popular moroccan cafeteria,1,2,1,0.0016032583,2,OOD_Class_1
book a spot for one at a food court in Riddlesburg,1,5,1,0.0002148893,2,OOD_Class_1
Play a 2009 concerto on Deezer .,3,2,0,0.00016240178,2,OOD_Class_1
"book a table for one at Monty’s Hotel, Secunderabad",1,1,1,0.00258892,2,OOD_Class_1
Folk and Fairy Tales gets 1 out of 6 points,4,3,0,0.00012125739,2,OOD_Class_1
Book a table for mamie and maria at a south tyrolean restaurant within walking distance from Fisk Av-69th St .,1,1,1,0.011174304,2,OOD_Class_1
find the album The Peace-Maker,5,4,0,0.0001447047,2,OOD_Class_1
I'd like to watch The Holy Office at Cooper Foundation,6,5,0,0.0001467644,2,OOD_Class_1
Book a table at Laurie Beechman Theatre for a party of 4 in Utah,1,5,1,0.00018883626,2,OOD_Class_1
"Book something for darlene, tessa and maxine at a restaurant for 095827",1,1,1,0.006432507,2,OOD_Class_1
I need a table for 10 at Thomas Hynes House nineteen minutes from now,1,5,1,0.0005007937,2,OOD_Class_1
Rate the current novel 3 points .,4,3,0,0.00012096264,2,OOD_Class_1
Find me a nice restaurant in Mulvane .,1,1,1,0.0039049543,2,OOD_Class_1
find movie schedules for AMC Theaters,6,5,0,0.00016560238,2,OOD_Class_1
Play Tujiko Noriko 's Ten Years And Running .,3,2,0,0.00012512603,2,OOD_Class_1
I want to eat at the Trout Creek restaurant for 9 people for bougatsa that is the best,1,5,1,0.00066299655,2,OOD_Class_1
Book a table at a faraway brasserie in NJ .,1,4,1,0.0005044683,2,OOD_Class_1
Repeat the track of music,3,2,0,0.00012991585,2,OOD_Class_1
I want to book a bar in Bonaparte Palau .,1,4,1,0.0019661237,2,OOD_Class_1
me and imelda want a reservation in Missouri at seven am,1,1,1,0.0008304307,2,OOD_Class_1
put this track on operación bikini,0,0,0,0.00025233894,2,OOD_Class_1
find A man needs a maid,5,4,0,0.000432386,2,OOD_Class_1
I would like reservations to a popular pub in Burkina for 10 people.,1,5,1,0.008079569,2,OOD_Class_1
Play some happy gabber .,3,2,0,0.000120445315,2,OOD_Class_1
I want to book a restaurant in Neshanic Station Nigeria for 061813 pm,2,1,0,0.0005183504,2,OOD_Class_1
Play the best Sebastian Karlsson melody on Youtube,3,2,0,0.00015817389,2,OOD_Class_1
"Is it going to be warmer in Cinnaminson , North Carolina at 0659 AM ?",2,1,0,0.00012322274,2,OOD_Class_1
Rate Notes from the Internet Apocalypse four of 6 stars,4,3,0,0.00011474864,2,OOD_Class_1
book a table in Greece for 4,1,3,1,0.00018612121,2,OOD_Class_1
"rate the book A Girl, a Man, and a River a five",4,3,0,0.00011729676,2,OOD_Class_1
Is the forecast chillier in 1 hour in Mali,2,1,0,0.000103462255,2,OOD_Class_1
What is the weather forecast for Sunset in Bouvet Island ?,2,1,0,0.00011067326,2,OOD_Class_1
Can I get the movie schedules for Southern Theatres at around 1502,6,5,0,0.00017731525,2,OOD_Class_1
gve 2 points to The Stinky Cheese Man and Other Fairly Stupid Tales,4,3,0,0.00015728571,2,OOD_Class_1
Add bryan gregory to the playlist Emily Dickinson,0,0,0,0.00018368183,2,OOD_Class_1
Weather for South Williamsport,2,1,0,9.346514e-05,2,OOD_Class_1
put Before the Eulogy onto Acoustic Blues,0,0,0,0.00024739385,2,OOD_Class_1
How is the weather in Indian Creek Village ?,2,1,0,9.766637e-05,2,OOD_Class_1
Rate Dictionary of the English Language a 4,4,3,0,0.00013580029,2,OOD_Class_1
Book a reservation for 4 people at a restaurant within the same area as my step daughter's position,1,1,1,0.028385159,2,OOD_Class_1
Add what child is this to Dark Dance Floors,0,0,0,0.00019305594,2,OOD_Class_1
Add to my Rumba y más playlist the song by haley scarnato,0,0,0,0.00016732629,2,OOD_Class_1
Need a jewish in Maine to book a restaurant,1,4,1,0.000348429,2,OOD_Class_1
I want to make a reservation at a sushi restaurant,1,5,1,0.00076666975,2,OOD_Class_1
Add parempi mies to the Café con Leche playlist.,0,0,0,0.00019899377,2,OOD_Class_1
I need to book a restaurant for eight nearby Limerick one year from now that serves jerky,1,1,1,0.0053411783,2,OOD_Class_1
add Michael Hayvoronsky to Lo Que Suena Los Angeles,0,0,0,0.0001815369,2,OOD_Class_1
I want to book a table for a party of 4 at a taverna next spring .,1,5,1,0.00090244994,2,OOD_Class_1
Play Contigo En La Distancia,3,2,0,0.00015465781,2,OOD_Class_1
I need a reservation for four at a restaurant in 1 hour and 1 second,1,5,1,0.0027601009,2,OOD_Class_1
I'd like to see showings for All the Way Home at Kerasotes Theatres .,6,5,0,0.00018474367,2,OOD_Class_1
book in Pine Bluffs for 5 people in the same area,1,4,1,0.0036354247,2,OOD_Class_1
Book a restaurant in Almyra in 10 years,1,1,1,0.0018344084,2,OOD_Class_1
I am rating this book titled The Billion Dollar Ransom 3 stars .,4,3,0,0.00012838656,2,OOD_Class_1
play a Morton Downey record with Slacker,3,2,0,0.00014571924,2,OOD_Class_1
add young maylay to Club Hits,0,0,0,0.00019268265,2,OOD_Class_1
Book me a table for seven people at a bar with a pool .,1,5,1,0.0010937366,2,OOD_Class_1
Add When You Come Back to the jazz for loving couples playlist.,0,0,0,0.00019400683,2,OOD_Class_1
What films are showing at National Amusements,6,5,0,0.00015138084,2,OOD_Class_1
Is it going to be warm here for brunch,2,1,0,0.00012366052,2,OOD_Class_1
Book a table for a party of twelve in Lewisville AMerican Samoa for a party of 7 at the Ballachulish House,1,1,1,0.0028847829,2,OOD_Class_1
I want to find the show called Fresh Aire 7 .,5,4,0,0.00014886665,2,OOD_Class_1
Book the Space Aliens Grill & Bar in Hord WY for Feb. the twenty-seventh .,1,4,1,0.00014492917,2,OOD_Class_1
Will there be sun in the Manassas National Battlefield Park ?,2,1,0,0.00017985205,2,OOD_Class_1
I'd like a table for eight at a close-by place in Carpenterville,1,1,1,0.001415052,2,OOD_Class_1
"Would like a table right now for leonor mendoza, imogene and lisa sanchez",1,5,1,0.001153288,2,OOD_Class_1
What's the weather forecast for Belknap ?,2,1,0,0.00010008309,2,OOD_Class_1
Play some Antony Harding songs from the eighties,3,2,0,0.00014318274,2,OOD_Class_1
show creative work or Miami Vice Theme,5,4,0,0.00012316818,2,OOD_Class_1
I need a reservation for my teens and I six months from now in Tennessee,1,1,1,0.0015222252,2,OOD_Class_1
What movie theatre is palying The Hurricane five hours from now,6,5,0,0.0001701975,2,OOD_Class_1
rate the current series 1 points,4,3,0,0.000115648305,2,OOD_Class_1
I need a reservation that has spanish rice at a cafeteria with ten people today,1,5,1,0.0005728438,2,OOD_Class_1
add this track to my flamenco pa ti,0,0,0,0.0001894177,2,OOD_Class_1
What is the forecast for this Fall in Lesotho,2,1,0,0.00013356085,2,OOD_Class_1
I want to book a restaurant within walking distance of my neighborhood .,1,1,1,0.0303557,2,OOD_Class_1
What's the forecast for right here,2,1,0,0.00010376607,2,OOD_Class_1
Let me use netflix to listen to the last soundtrack from Out Of Eden .,3,2,0,0.00014569692,2,OOD_Class_1
What is the weather forecast for Garrison,2,1,0,9.681309e-05,2,OOD_Class_1
add sam sparro to my playlist called Beach Vibes,0,0,0,0.00021338458,2,OOD_Class_1
Give this chronicle 4 stars .,4,3,0,0.00013149536,2,OOD_Class_1
I want to book a brasserie for 3 people in Netherlands Antilles .,1,4,1,0.0020811434,2,OOD_Class_1
Make me a reservation for july the tenth at The Nosh Bar for a party of two,1,5,1,0.00018134117,2,OOD_Class_1
I'd like a table for Midday at The Unseen Bean,1,5,1,0.00026807893,2,OOD_Class_1
Book a jewish churrascaria in Minnesota for 9 people.,1,4,1,0.003284965,2,OOD_Class_1
add maggie mcgill to my night vibes,0,0,0,0.00020712103,2,OOD_Class_1
What films are playing at the nearest movie theatre,6,5,0,0.00017993526,2,OOD_Class_1
What's the weather like in Mountainair,2,1,0,0.00010018138,2,OOD_Class_1
Book me a reservation for 10 in Oman,1,1,1,0.0025402755,2,OOD_Class_1
Book a gastropub in Rose Creek for elevenses .,1,4,1,0.0008759795,2,OOD_Class_1
I want to book a sundanese gastropub nearby in Texas for 3 people on 5/20/2025 .,1,1,1,0.0029218993,2,OOD_Class_1
can you find me a showing for Before the Music Dies in one second ?,6,5,0,0.00018649595,2,OOD_Class_1
Please get seating for me and my children,1,5,1,0.00041603035,2,OOD_Class_1
book a spot in Malin KY,1,4,1,0.0013562847,2,OOD_Class_1
Rate the current novel three points,4,3,0,0.000111707785,2,OOD_Class_1
What are the timings for Starship Troopers 2 ?,6,5,0,0.00021557357,2,OOD_Class_1
I want to eat at a Escondida South Carolina restaurant for 8 people,1,5,1,0.002402081,2,OOD_Class_1
rate Cock and Bull 5 of 6 points,4,3,0,0.00012078522,2,OOD_Class_1
"I'd like to book a brasserie in Virginia City , GA .",1,4,1,0.00036644557,2,OOD_Class_1
add rise of the infidels to my bring back the 90s playlist,0,0,0,0.00019696601,2,OOD_Class_1
Reserve a table for my bf and I at Montreal Pool Room in Indiahoma,1,5,1,0.0005809466,2,OOD_Class_1
find the painting ICAC Investigators 2014,5,4,0,0.00013875934,2,OOD_Class_1
Book a restaurant .,1,4,1,0.00013200374,2,OOD_Class_1
Need find the book called Hollywood Connection,5,4,0,0.00015769448,2,OOD_Class_1
What's the weather in Paris ?,2,1,0,9.643527e-05,2,OOD_Class_1
Play Praise The Lord And Pass The Ammunition .,3,2,0,0.00022919501,2,OOD_Class_1
Is it freezing on Jun. the 21st in Apshawa South Africa,2,1,0,0.00011620967,2,OOD_Class_1
book spot for two at City Tavern,1,5,1,0.00033181955,2,OOD_Class_1
"restaurant in Elberta for alma, deana and olga at 184920 that serves tsipouro",1,5,1,0.010270857,2,OOD_Class_1
"Book a table for 2 at The Mustard Seed , Agate .",1,3,1,0.0017594014,2,OOD_Class_1
What are the movies scheduled to play at General Cinema Corporation,6,5,0,0.00016464312,2,OOD_Class_1
"nancy, elma ruiz and molly want to eat at a restaurant in Gibraltar",1,5,1,0.0076252217,2,OOD_Class_1
What is the movie schedule for today?,6,5,0,0.00012318867,2,OOD_Class_1
I need a table at a restaurant in Texas for kelley and suzette,1,5,1,0.0029094254,2,OOD_Class_1
Need a table for a party of eight one hour from now in Exira SD in a pub that serves oysters rockefeller,1,5,1,0.00048884057,2,OOD_Class_1
What's the weather for McCracken in Niger,2,1,0,9.3105235e-05,2,OOD_Class_1
Show me Heavenly Sword,5,4,0,0.00014152998,2,OOD_Class_1
what is the weather in Forêt nationale Davy Crockett today,2,1,0,9.691017e-05,2,OOD_Class_1
"Play music from jeremy taylor on the album Dormi Amore, La Situazione Non È Buona on Groove Shark",3,2,0,0.00016575077,2,OOD_Class_1
Give Directive 51 three out of 6 .,4,3,0,0.000115029245,2,OOD_Class_1
Add this tune to the Spinnin' Records Top 100 list,0,0,0,0.00018206866,2,OOD_Class_1
Rate the book The Varieties of Scientific Experience two out of 6 points,4,3,0,0.00012547443,2,OOD_Class_1
Give zero out of 6 stars to this album,4,3,0,0.00011833337,2,OOD_Class_1
Book a pub with a pool in White Heath South Carolina .,1,4,1,0.0012558845,2,OOD_Class_1
I need to know is it freezing in MN at 0127 pm,2,1,0,0.00010927236,2,OOD_Class_1
Book the Great House at Sonning distant from Gun Hill Rd .,1,4,1,0.0002364275,2,OOD_Class_1
rate current textbook 0,4,3,0,0.00010821364,2,OOD_Class_1
What will the weather be next apr . in MT ?,2,1,0,9.8147226e-05,2,OOD_Class_1
"Book the best cafe on Jan. 18th, 2035 .",1,4,1,0.0005759282,2,OOD_Class_1
I want to book a restaurant in sixteen seconds for 5 people in Gold Point Montana .,1,1,1,0.0009223842,2,OOD_Class_1
there is warmer at Serenada,2,1,0,0.000115290466,2,OOD_Class_1
Can you place a reservation for me at Ariston Cafe,1,5,1,0.0009846734,2,OOD_Class_1
play Innovations by Kokia,3,2,0,0.00013333143,2,OOD_Class_1
book a bar close by with a smoking room in MA,1,1,1,0.0026069744,2,OOD_Class_1
Where can I find Lonely Hearts,5,4,0,0.00011362275,2,OOD_Class_1
Add ana carolina to chill,0,0,0,0.00019324396,2,OOD_Class_1
"I want to book a top-rated restaurant close by in LA for me, rebecca and loraine on 2/6/2020 .",1,1,1,0.0073173414,2,OOD_Class_1
Book me a table for nine at a bar with parking in Qatar,1,5,1,0.00069253315,2,OOD_Class_1
Play Paul Mccartney,3,2,0,0.00013554389,2,OOD_Class_1
"find Bells Break Their Towers , a video game",5,4,0,0.00024493225,2,OOD_Class_1
book a restaurant for four in Trinidad and Tobago,1,4,1,0.004681077,2,OOD_Class_1
Play a top song by Carson Parks on Groove Shark,3,2,0,0.00014054307,2,OOD_Class_1
What's the weather in Belize close to ten pm,2,1,0,8.8150075e-05,2,OOD_Class_1
I want to add something by Jarvis Cocker to my rock español playlist,0,0,0,0.00020212596,2,OOD_Class_1
I want to see Far Cry Vengeance,5,5,0,0.0004900914,2,OOD_Class_1
what is the Mississippi for the week,2,1,0,0.00011126903,2,OOD_Class_1
add a shot at glory to calm before the storm,0,0,0,0.0001884823,2,OOD_Class_1
please put this tune on the irish folk – jigs & reels playlist,0,0,0,0.00021038325,2,OOD_Class_1
I want seating for five near the pool at the pub,1,5,1,0.00026744386,2,OOD_Class_1
Book a restaurant at a steakhouse around in town that serves empanada for me and my son,1,5,1,0.007891132,2,OOD_Class_1
Play my funtime playlist on lastfm .,3,2,0,0.0001445824,2,OOD_Class_1
Use service Vimeo the genre slow rock,3,2,0,0.00015511549,2,OOD_Class_1
Is the weather colder in Costa Rica,2,1,0,0.00010467966,2,OOD_Class_1
I'd like to book 4 seats at a restaurant .,1,5,1,0.0010604985,2,OOD_Class_1
I need the weather in ND in three hundred fifty one days,2,1,0,9.872237e-05,2,OOD_Class_1
Get me a table at a bar which has a spa .,1,5,1,0.00050076935,2,OOD_Class_1
What will the temperature be at midnight in NE,2,1,0,8.823454e-05,2,OOD_Class_1
Is there snowfall in Hineston New Hampshire,2,1,0,0.00011023636,2,OOD_Class_1
I want a table for eight in Yakima Rhode Island,1,1,1,0.00037291838,2,OOD_Class_1
book a tea house for 6 members with soul food,1,4,1,0.00027563036,2,OOD_Class_1
Make me a reservation for elvira and I in Brazil,1,4,1,0.002128812,2,OOD_Class_1
book spot for my nieces and I at a tea house,1,5,1,0.00020142745,2,OOD_Class_1
I rate three points for the book The Early Coorgs,4,3,0,0.00011285839,2,OOD_Class_1
what films are showing nearby,6,5,0,0.00014445065,2,OOD_Class_1
Book a table for two for this autumn,1,0,1,0.005003917,2,OOD_Class_1
I need a table at Eddie’s Attic in Nevada for one,1,5,1,0.00057990453,2,OOD_Class_1
book for 8 AM in Massachusetts for 1,1,1,1,0.000318445,2,OOD_Class_1
"Book a bar for six on July eighth, 2023 in the same area in Equatorial Guinea which serves rillettes .",1,1,1,0.0018106418,2,OOD_Class_1
rate the current chronicle five stars,4,3,0,0.000111925816,2,OOD_Class_1
Add this track to anochecer urbano,0,0,0,0.00019724967,2,OOD_Class_1
Find a table at a restaurant that serves corn relish in Venezuela,1,5,1,0.0018160691,2,OOD_Class_1
Add the artist tony thompson to my canta en la ducha playlist,0,0,0,0.00019053351,2,OOD_Class_1
"I need a reservation for me, edna and alyson at the steakhouse called smoking room",1,5,1,0.0007280826,2,OOD_Class_1
will it be a snowy day in Dalcour,2,1,0,0.00012255639,2,OOD_Class_1
What is the forecast for 8/26/2022 in Vermont,2,1,0,0.00012663942,2,OOD_Class_1
Can you make reservations at a tea house that serves fettucine ?,1,5,1,0.0018318965,2,OOD_Class_1
Play music by Fidel Nadal sorted by newest .,3,2,0,0.00017027669,2,OOD_Class_1
book a spot for one,1,3,1,0.00024862608,2,OOD_Class_1
Will there be a blizzard in Saudi Arabia around 2 o'clock,2,1,0,0.0001169968,2,OOD_Class_1
Play me a song by Teitur Lassen on Groove Shark,3,2,0,0.0001367557,2,OOD_Class_1
"Book a reservation for five people at a restaurant with pool in Benkelman , MI in Apr.",1,1,1,0.0018777464,2,OOD_Class_1
Find a table at a pizzeria in New Hampshire that has parking,1,5,1,0.00038944776,2,OOD_Class_1
Search for Big Ideas painting,5,4,0,0.00018471737,2,OOD_Class_1
Reserve me a table a bar that serves african food for thirteen o'clock for 1 in Moravian Falls .,1,5,1,0.0031939321,2,OOD_Class_1
"Please make me reservations somewhere for eight people in Foley , NV",1,1,1,0.0022005166,2,OOD_Class_1
some me a Healthy picture,5,4,0,0.00018769794,2,OOD_Class_1
book a cafe in Romania,1,4,1,0.00012534486,2,OOD_Class_1
book a spot for seven in 8 seconds from now,1,3,1,0.001275868,2,OOD_Class_1
Book a restaurant for 7 people.,1,4,1,0.0011441739,2,OOD_Class_1
Book a restaurant in San Juan Capistrano for 6 people at ten am,1,1,1,0.0028513207,2,OOD_Class_1
What movies are playing one hour from now at Cooper Foundation ?,6,5,0,0.00015572779,2,OOD_Class_1
Will be it cloudy close by Azerbaijan in 55 weeks ?,2,1,0,0.000116780095,2,OOD_Class_1
Play Brian Clifton off Groove Shark .,3,2,0,0.00013904885,2,OOD_Class_1
add country favorites willie nelson style to my playlist titled Spinnin' Records Top 100,0,0,0,0.00020351482,2,OOD_Class_1
book a restaurant for five in karnataka,1,1,1,0.00438448,2,OOD_Class_1
I'd like to see movie times for animated movies playing in the neighborhood that are starting now .,6,5,0,0.00021692536,2,OOD_Class_1
"find Journal of the European Economic Association , a movie I want to see",5,4,0,0.00010870279,2,OOD_Class_1
I want to hear a symphony from Kano,3,2,0,0.00016836378,2,OOD_Class_1
Will there be hail around Khao Phanom Bencha National Park ?,2,1,0,0.00016873596,2,OOD_Class_1
Play the top 5 by Akira The Don .,3,2,0,0.00014041379,2,OOD_Class_1
Will there be alot of wind on March 13th in Lost Creek Bahrain,2,1,0,0.00011507508,2,OOD_Class_1
Table for five at a restaurant in Lavina,1,1,1,0.0024373368,2,OOD_Class_1
I want to take my bf and I to get some pain perdu from a food truck,1,4,1,0.00016001974,2,OOD_Class_1
show the movies at the nearest movie house,6,5,0,0.0001761087,2,OOD_Class_1
Find a pub for me in FM,1,1,1,0.0016684585,2,OOD_Class_1
book a taverna for a party of 10,1,3,1,0.00023393656,2,OOD_Class_1
What is the weather now in James City ?,2,1,0,9.356145e-05,2,OOD_Class_1
Can you get me the Rakuen Tsuihou Expelled from Paradise television show ?,5,4,0,0.00015418179,2,OOD_Class_1
I need to hear some r&b music off of iheart,3,2,0,0.00017826864,2,OOD_Class_1
I need a reservation for The Original House of Pies with three people in Plandome Manor PA,1,4,1,0.00027530125,2,OOD_Class_1
I need to add to my Infinite Indie Folk list the works of Rahim Shah,0,0,0,0.00017441477,2,OOD_Class_1
book verdure serving restaurant in Bloom City,1,4,1,0.00011557302,2,OOD_Class_1
book a spot for six friends,1,4,1,0.00016600727,2,OOD_Class_1
show me the movie called People and Masks Part 2,5,4,0,0.00019874987,2,OOD_Class_1
"find Donkey Town , a show",5,4,0,0.0001488638,2,OOD_Class_1
book a top-rated osteria seven weeks from now,1,3,1,0.000119672215,2,OOD_Class_1
book a table in Fort Loudon at a restaurant for 5,1,3,1,0.004620367,2,OOD_Class_1
I want to book a restaurant next year in Glazier for 6 people.,1,1,1,0.0023366576,2,OOD_Class_1
I want to put Paul Young onto all new all now .,0,0,0,0.00034109002,2,OOD_Class_1
Find the schedule for Across the Line at the closest movie house .,6,5,0,0.00015833412,2,OOD_Class_1
I would rate Theft A Love Story four out of 6 stars .,4,3,0,0.000121317564,2,OOD_Class_1
Book a restaurant in town not far from here for me and my mother in law .,1,1,1,0.00635488,2,OOD_Class_1
I'd like to eat at a restaurant in MD with a party of 8,1,5,1,0.002363381,2,OOD_Class_1
reserve a table for two at the restaurant at 9 pm,1,5,1,0.0003206582,2,OOD_Class_1
book a southeastern brazilian cusinie pub,1,4,1,0.00023299668,2,OOD_Class_1
Lets eat near Oakfield 17 seconds from now at Ted Peters Famous Smoked Fish,1,5,1,0.0014117183,2,OOD_Class_1
Book a highly rated restaurant for one person in Rainbow Lakes .,1,3,1,0.0006800042,2,OOD_Class_1
What are the movie schedules for Speakeasy Theaters,6,5,0,0.00016240621,2,OOD_Class_1
Which movies are playing at AMC Theaters ?,6,5,0,0.00016560743,2,OOD_Class_1
I am looking for a top-rated restaurant near bougatsa that can feed 3 that is close to Pelham Bay Park,1,4,1,0.002659234,2,OOD_Class_1
table for eight at The Berghoff in Sistersville in Jul.,1,1,1,0.0013693831,2,OOD_Class_1
Play music from 2015,3,2,0,0.00012747213,2,OOD_Class_1
Add this track to the Sin Ti playlist,0,0,0,0.00019118449,2,OOD_Class_1
add this MakSim tune to Trad Folk,0,0,0,0.00019296655,2,OOD_Class_1
Book a table for my granddaughter and I at the highly rated restaurant that is close by in Tuvalu .,1,1,1,0.030052388,2,OOD_Class_1
need a table at Colony in Sri Lanka next year,1,5,1,0.0045423885,2,OOD_Class_1
I want to go to that popular ethiopian restaurant,1,5,1,0.00044826895,2,OOD_Class_1
Add tune to infinite indie folk,0,0,0,0.00018180642,2,OOD_Class_1
"Add another tune to my songs for you, not your parents playlist.",0,0,0,0.00019948135,2,OOD_Class_1
Look for the trailer to Hickory Daily Record .,5,4,0,0.00015661382,2,OOD_Class_1
Put gregory douglass in Halloween Teens please,0,0,0,0.00022329018,2,OOD_Class_1
Play them the greatest music by Chris Frantz .,3,2,0,0.0001490287,2,OOD_Class_1
Book a table at Crown Candy Kitchen for lacy and I,1,4,1,0.0019035083,2,OOD_Class_1
find animated movies movie schedule in the neighborhood,6,5,0,0.00014041328,2,OOD_Class_1
Book a steakhouse with a spa for seven people.,1,4,1,0.02350545,2,OOD_Class_1
I want top-rated veneto cuisine at a restaurant in Antietam for 2 .,1,3,1,0.00015460222,2,OOD_Class_1
Play Bald by Kaskade .,3,2,0,0.00015388831,2,OOD_Class_1
I need to book a Theme restaurant this month in Chile,1,4,1,0.0024181271,2,OOD_Class_1
Find The Transformers Generations video game,5,4,0,0.0001956723,2,OOD_Class_1
Make reservations for 7 people at a top-rated brazilian pub around Rockaway Park-Beach 116th,1,5,1,0.001788001,2,OOD_Class_1
I rate Naked in Death a 5,4,3,0,0.000116668794,2,OOD_Class_1
Rate this album 3 stars,4,3,0,0.00012614991,2,OOD_Class_1
Book reservations at a restaurant in Iron Springs,1,4,1,0.0017277598,2,OOD_Class_1
What is the nearest movie theatre playing Stray Cat Rock Wild Jumbo in 7 seconds,6,5,0,0.00014744322,2,OOD_Class_1
play music by Ryan Malcolm from Sympathy For The Devil on Pandora,3,2,0,0.00014873246,2,OOD_Class_1
Can you get me reservations for a highly rated restaurant in Seychelles,1,4,1,0.00073455577,2,OOD_Class_1
book a mediterranean restaurant for my sister and I,1,4,1,0.0005450193,2,OOD_Class_1
"Tell me the weather forecast for Alexander , SD",2,1,0,0.00012565318,2,OOD_Class_1
Play the song Two Suns In The Sunset by Airi Suzuki,3,2,0,0.000130467,2,OOD_Class_1
What will the weather be like nine years from now in Eastport El Salvador,2,1,0,9.624961e-05,2,OOD_Class_1
Rate current essay a zero,4,3,0,0.000115139,2,OOD_Class_1
Book a table for mindy and angelita at a restaurant which serves café liégeois,1,5,1,0.0027380863,2,OOD_Class_1
show creativity in Ah,5,4,0,0.00012970447,2,OOD_Class_1
"I need to book a restaurant in Fork Mountain , SC for valarie, mari and I",1,4,1,0.0032957885,2,OOD_Class_1
Find me the Martin Morning saga,5,4,0,0.00012438219,2,OOD_Class_1
"I want to book a restaurant in a distant ID spa for lidia, latasha and diann .",1,1,1,0.024153542,2,OOD_Class_1
Book a restaurant for nine in South Sudan .,1,4,1,0.00042860553,2,OOD_Class_1
"I want to bring antoinette, christine and caitlin to get bread at a restaurant in faraway Connecticut",1,4,1,0.0052582663,2,OOD_Class_1
I'd like to reserve a table in Northcote .,1,1,1,0.0007278272,2,OOD_Class_1
I want to book a restaurant for four people in Eminence .,1,1,1,0.018884651,2,OOD_Class_1
book a table for 2 in Gleed,1,3,1,0.0006980133,2,OOD_Class_1
I'd like to put Ryō Yamazaki onto my sylvia plath playlist.,0,0,0,0.00024096381,2,OOD_Class_1
Find a reservation for six at a top-rated brasserie,1,5,1,0.0005057555,2,OOD_Class_1
I would like this song added to my princesas indie playlist.,0,0,0,0.00022383765,2,OOD_Class_1
book a spot at a restaurant within walking distance of Palau,1,5,1,0.0041267895,2,OOD_Class_1
Please help me search The Banker television show .,5,4,0,0.00017386668,2,OOD_Class_1
book a spot for six at Bear Hotel in 5 seconds,1,5,1,0.00016529864,2,OOD_Class_1
I want to reserve a gastropub that has a spa .,1,4,1,0.0013426074,2,OOD_Class_1
Play music by Damien Rice,3,2,0,0.0001527149,2,OOD_Class_1
Book a churrascaria restaurant that serves chips for five people.,1,4,1,0.016085826,2,OOD_Class_1
"Please book a restaurant for six members on Jul. 13, 2036",1,1,1,0.0330229,2,OOD_Class_1
Book a restaurant reservation for my gf and I within walking distance of sondra's university,1,1,1,0.009688276,2,OOD_Class_1
Book a restaurant in Everson Nevada that serves conchiglie for two people.,1,1,1,0.05031325,2,OOD_Class_1
I need a fast food restaurant that will seat two in a smoking room .,1,5,1,0.0009583554,2,OOD_Class_1
Find what movies are showing at the nearest movie house,6,5,0,0.00016969796,2,OOD_Class_1
show the movie schedules at United Paramount Theatres,6,5,0,0.00017320638,2,OOD_Class_1
Play Change Has Come on Google Music .,3,2,0,0.00018722167,2,OOD_Class_1
Book a table for 10 people at a restaurant which offers internet .,1,5,1,0.01353284,2,OOD_Class_1
book a spot at Savoy Hotel and Grill that is neighboring Wisconsin,1,5,1,0.0020068963,2,OOD_Class_1
Will it be warm in Powersville Guam 23 hours from now,2,1,0,0.0001021554,2,OOD_Class_1
Find a reservation at Fish Express,1,5,1,0.00069278665,2,OOD_Class_1
"On Dec. 13, 2018 I need a reservation for four in Arizona",1,1,1,0.003558983,2,OOD_Class_1
Can you add a song by Bill Frisell to my Top Latin Alternative playlist,0,0,0,0.00021685002,2,OOD_Class_1
Add Fair Charlotte to the We Everywhere playlist.,0,0,0,0.00019467097,2,OOD_Class_1
me and my niece want to eat somewhere close by Hopatcong,1,1,1,0.0018113218,2,OOD_Class_1
book Bullfeathers,1,4,1,0.00011764349,2,OOD_Class_1
Book a table in OH the city of Bock for party of ten for tonight,1,0,1,0.006659673,2,OOD_Class_1
Will there be a storm on Christmas Day in my current place ?,2,1,0,0.00013665605,2,OOD_Class_1
Book a reservation for three at a top-rated sicilian restaurant in Portugal,1,5,1,0.014364983,2,OOD_Class_1
"What will the weather be like in Port Clinton , Nebraska around midnight ?",2,1,0,0.000104375016,2,OOD_Class_1
Give the current book 5 out of 6 points .,4,3,0,0.00012025624,2,OOD_Class_1
Book the best close-by bar in Union City .,1,4,1,0.0002720421,2,OOD_Class_1
I'd like to watch Abbott and Costello Meet Captain Kidd at the nearest cinema,6,5,0,0.0001636703,2,OOD_Class_1
Is it humid in Kuwait,2,1,0,0.00013421132,2,OOD_Class_1
Play some music from 1958 on Deezer .,3,2,0,0.00014192921,2,OOD_Class_1
Add this artist to my garage jams,0,0,0,0.00020075054,2,OOD_Class_1
I'd like a table at the San Francisco Brewing Company in Puerto Rico at noon,1,1,1,0.0021578001,2,OOD_Class_1
Give Mason & Dixon a rating of three .,4,3,0,0.000116157644,2,OOD_Class_1
book a spot for two at a churrascaria that sells cupcake in Lumpkin Indiana now,1,5,1,0.0015664699,2,OOD_Class_1
Play me a song by Linn Berggren from Spotify,3,2,0,0.00015107676,2,OOD_Class_1
find the song Tholireyi Gadichindi,5,4,0,0.00012681613,2,OOD_Class_1
find The Terror Within,6,4,0,0.00019499385,2,OOD_Class_1
I would like a restaurant reservation for this year for 4 people.,1,1,1,0.014126153,2,OOD_Class_1
Book a reservation for a restaurant in Wadsworth with parking,1,1,1,0.006639561,2,OOD_Class_1
book a sushis serving restaurant in Uzbekistan,1,4,1,0.00044543462,2,OOD_Class_1
Book a tyrolean restaurant in Crocker Indiana now for 3 people.,1,1,1,0.0032315862,2,OOD_Class_1
Will it snowstorm neighboring the Rio Grande Wild and Scenic River on feb. the second ?,2,1,0,0.00012118663,2,OOD_Class_1
Play some caribou from the sixties,3,2,0,0.00015211651,2,OOD_Class_1
Please search Cardin in Australia saga,5,4,0,0.00019497253,2,OOD_Class_1
Book a food truck in MP for me and my ex husband .,1,4,1,0.0077505074,2,OOD_Class_1
"I want to book the distant downtown Tribeca Grill for august the twenty-third, 2025 for wilda and jacklyn",1,5,1,0.0016812427,2,OOD_Class_1
find a photograph called The Wish List,5,4,0,0.00015448617,2,OOD_Class_1
Book a reservation for my parents and I at Red Crown Tourist Court in Slovakia,1,1,1,0.003453797,2,OOD_Class_1
show schedule for Loved by Thousands,5,4,0,0.00011482969,2,OOD_Class_1
I want to book a food court for 5 at 1 am,1,5,1,0.00017789101,2,OOD_Class_1
"Book a table for josie, carissa and lindsay at a brasserie which serves trentino .",1,5,1,0.0036966603,2,OOD_Class_1
I want this album on my Indie Alternativa playlist,0,0,0,0.00023228381,2,OOD_Class_1
rate this essay zero of 6 points,4,3,0,0.00011391104,2,OOD_Class_1
Play music by Ian Haugland,3,2,0,0.00014946947,2,OOD_Class_1
Play some gangsta music,3,2,0,0.00016391203,2,OOD_Class_1
I'd like to eat at a popular brasserie in Chile with a party of 5,1,3,1,0.0019868577,2,OOD_Class_1
Rate this novel one of 6,4,3,0,0.00012857468,2,OOD_Class_1
Book a reservation for 8 at a restaurant that serves chicken fried bacon in Aruba,1,1,1,0.011974833,2,OOD_Class_1
I give this current book four stars and a rating of 6,4,3,0,0.00012137695,2,OOD_Class_1
rate The Brothers Karamazov a four,4,3,0,0.000112913214,2,OOD_Class_1
Add the current tune to my Evening Groove list,0,0,0,0.00018730301,2,OOD_Class_1
Book the City Tavern in Holiday KS .,1,4,1,0.0001453224,2,OOD_Class_1
book in town for 3 at a restaurant outdoor that is not far,1,5,1,0.0038595565,2,OOD_Class_1
Book reservation at a restaurant in South Mills MT for one at 0707,1,1,1,0.0030151487,2,OOD_Class_1
I want to book an indoor brasserie within walking distance in ME .,1,0,1,0.01031791,2,OOD_Class_1
Find the movie schedules for me,6,5,0,0.00014041558,2,OOD_Class_1
Add the album to my Perfect Concentration playlist.,0,0,0,0.00020242434,2,OOD_Class_1
"What's the weather for April 10th, 2028 in Arkansas",2,1,0,0.000112857255,2,OOD_Class_1
Is Rio Belongs to Us playing at the movie house closest to me,6,5,0,0.00016592984,2,OOD_Class_1
reserve a spotat the food truck twelve weeks from now,1,4,1,0.0002925697,2,OOD_Class_1
Book a brasserie type restaurant that serves pizzas in AMerican Samoa,1,4,1,0.0653926,2,OOD_Class_1
gwen carter and I want a reservation in the Dominican Republic,1,4,1,0.006877765,2,OOD_Class_1
Book reservations at Phase 1 in La Jara,1,5,1,0.0031086,2,OOD_Class_1
Book a restaurant far from Kokomo this fall .,1,1,1,0.0038455212,2,OOD_Class_1
I need a dinner reservation in three months for a restaurant in Hills and Dales .,1,1,1,0.0021899506,2,OOD_Class_1
I need a reservation for the smoking room at a fast food place for 8 people,1,5,1,0.0002630306,2,OOD_Class_1
I want Jean-Georges for a party of 2,1,3,1,0.00018142826,2,OOD_Class_1
"What will the weather be in Rutherfordton Rhode Island on September 22nd, 2017 ?",2,1,0,0.00011798331,2,OOD_Class_1
Book a tavern in Rhode Island that serves saucisse .,1,4,1,0.00077169243,2,OOD_Class_1
add joshua radin to my playlist called Futuros Hits,0,0,0,0.00020682022,2,OOD_Class_1
I want to book the Black Cat Bar in AR,1,4,1,0.00013845671,2,OOD_Class_1
Book a restaurant for 3 people at eighteen oclock in Saint Vincent and the Grenadines .,1,1,1,0.004449723,2,OOD_Class_1
I want to book a restaurant in Bosnia and Herzegovina .,1,4,1,0.00020455541,2,OOD_Class_1
add time flies 1994-2009 to the Jazzy Romance playlist,0,0,0,0.00019524062,2,OOD_Class_1
add spanish castle magic to Daily Lift,0,0,0,0.00023308527,2,OOD_Class_1
I want to book a steakhouse in Vimy Ridge .,1,1,1,0.002903643,2,OOD_Class_1
Book a restaurant for 2 at a cafe that I can get a croissant at,1,5,1,0.0043355585,2,OOD_Class_1
book the best table in Tanzania for 5 people at a diner,1,4,1,0.00024610152,2,OOD_Class_1
I need a reservation for 3 hours from now with a party of nine in neighboring Sweden,1,1,1,0.0007513935,2,OOD_Class_1
Book a neighboring food truck with a spa in Dallesport for 4 people.,1,1,1,0.041600212,2,OOD_Class_1
I want to book a restaurant in the same area where I live in MA for ebony and yolanda .,1,4,1,0.0026692846,2,OOD_Class_1
I need a table in one hour from now at somewhere not far from LA,1,1,1,0.0017624223,2,OOD_Class_1
book any popular puglia serving oyster bar for 10 in Jemez Springs,1,1,1,0.005363572,2,OOD_Class_1
search for trailer Jazz Impressions of the U.S.A.,5,4,0,0.00013687508,2,OOD_Class_1
Book a reservation for five people for a tatar taverna in Sargents,1,1,1,0.0018193726,2,OOD_Class_1
Book a table for 4 in California,1,4,1,0.0062359283,2,OOD_Class_1
Book a reservation at tavern for noodle,1,4,1,0.0015505636,2,OOD_Class_1
play Only Hope by Graham Bonnet,3,2,0,0.00015165872,2,OOD_Class_1
List films at Pacific Theatres,6,5,0,0.00017388417,2,OOD_Class_1
Add the album to the top 100 country tracks on spotify playlist.,0,0,0,0.00021234431,2,OOD_Class_1
Create a theme station with Jim Creeggan records and collabs,3,4,0,0.018461201,2,OOD_Class_1
Can you find the creative works associated with Caryl & Marilyn Real Friends,5,4,0,0.00020303778,2,OOD_Class_1
Find a saga called Night Life .,5,4,0,0.00021238769,2,OOD_Class_1
Give zero stars to Rhialto the Marvellous,4,3,0,0.0001186776,2,OOD_Class_1
Book osteria restaurant for 1 person in MI .,1,4,1,0.0018186502,2,OOD_Class_1
"1 minute from now , I will need reservations at a restaurant in Vanlue .",1,1,1,0.0032260586,2,OOD_Class_1
book me best joint restaurant for 2 members at AMerican Samoa today,1,5,1,0.0035665522,2,OOD_Class_1
What time is Swarna Trishna playinh at Loews Cineplex,6,5,0,0.00013634839,2,OOD_Class_1
Play Rob Dougan on youtube,3,2,0,0.00015971411,2,OOD_Class_1
Play some Jungle music on iheart,3,2,0,0.00015466234,2,OOD_Class_1
add the album by Cham to my Cloud Rap playlist,0,0,0,0.00019448146,2,OOD_Class_1
Give the current chronicle 2 stars .,4,3,0,0.00013291533,2,OOD_Class_1
Is Black & White The Dawn of Justice playing at the movie theatre ?,6,5,0,0.00013529779,2,OOD_Class_1
"Book a table for 10 people at Harry’s Bar , Benin .",1,5,1,0.0074079144,2,OOD_Class_1
Please book a joint type restaurant room with spa facility to accommodate 8 members,1,0,1,0.043340802,2,OOD_Class_1
At 8 AM I want to eat at The Rosebud in the Federated States Of Micronesia,1,1,1,0.00081195467,2,OOD_Class_1
Is Any Which Way You Can playing in 15 seconds,6,5,0,0.00013054794,2,OOD_Class_1
I would give this current chronicle three points,4,3,0,0.00011559169,2,OOD_Class_1
I would like to make a reservation for 2 for brunch .,1,4,1,0.004101822,2,OOD_Class_1
Please find a restaurant in Sierraville Wyoming that has room for 6,1,1,1,0.010946719,2,OOD_Class_1
Want to eat at The Meatball Shop that's within walking distance of erica's campus,1,5,1,0.00054404145,2,OOD_Class_1
Make me a reservation in South Carolina,1,4,1,0.0034546482,2,OOD_Class_1
Add Hanging On to my just dance by aftercluv playlist.,0,0,0,0.00018548562,2,OOD_Class_1
I need a table for 2 on feb. 18 at Main Deli Steak House,1,5,1,0.0009239528,2,OOD_Class_1
Is there a snowstorm in the forecast for Saint Helena ?,2,1,0,0.000118038886,2,OOD_Class_1
play something from 1981,3,2,0,0.00013635668,2,OOD_Class_1
Plya a tune by Kancherla Gopanna from 1951 on Zvooq,3,2,0,0.00014915058,2,OOD_Class_1
What will the weather be 1 minute from now in Garrochales,2,1,0,0.000100966594,2,OOD_Class_1
I'd like to eat at the best restaurant in Coalton,1,5,1,0.0019208144,2,OOD_Class_1
"on April the twenty-seventh, 2022 , I'd like to make reservations at a spanish diner .",1,1,1,0.008161412,2,OOD_Class_1
What's the weather forecast for Crystal Lake Park ?,2,1,0,0.00010779263,2,OOD_Class_1
add darkest angels to my SOS 48 2016,0,0,0,0.00020600679,2,OOD_Class_1
I would give Basic Battle Skills a rating of four,4,3,0,0.00012274679,2,OOD_Class_1
Find a table for five at Harveys in De Berry ID on April the 10th,1,1,1,0.0022242179,2,OOD_Class_1
Book a restaurant for one person at three pm,1,5,1,0.0011133372,2,OOD_Class_1
Book a table for 1 somewhere in Andorra,1,3,1,0.006942159,2,OOD_Class_1
put four rating on The Raging Quiet,4,3,0,0.00010874155,2,OOD_Class_1
this textbook only gets two out of 6 stars,4,3,0,0.00013009044,2,OOD_Class_1
For the book The Sting of the Scorpion I give three of a possiable 6 rating,4,3,0,0.00012096244,2,OOD_Class_1
show weather forecast for Dovre-Nationalpark,2,1,0,0.00013906797,2,OOD_Class_1
I want to find a book called Cash-Cash,5,4,0,0.00016753044,2,OOD_Class_1
Find a place for me to eat in Connecticut for 9 and a half months from now,1,1,1,0.00036810234,2,OOD_Class_1
Find time for the movie schedule at Cineplex Odeon Corporation,6,5,0,0.00014758483,2,OOD_Class_1
Will a blizzard hit Torrey Pines State Natural Reserve on jun. sixteenth ?,2,1,0,0.00012963668,2,OOD_Class_1
"The chronicle of The Emperor Wears No Clothes was too naive and simple, I'd give it 1 out of 6 stars .",4,3,0,0.00012395173,2,OOD_Class_1
Make me a reservation in Crugers at Marlton Circle for a party of eight,1,5,1,0.0010854201,2,OOD_Class_1
Give the current textbook 5 / 6 points,4,3,0,0.0001164989,2,OOD_Class_1
find Set the Thames on Fire for seventeen,6,4,0,0.0004127796,2,OOD_Class_1
Find the Envoy of Lucifer show,5,4,0,0.00013305298,2,OOD_Class_1
Find a table for madge and tami at a faraway joint on Sterling St that serves chicken divan,1,5,1,0.0007229526,2,OOD_Class_1
Where to watch television show Linger Awhile Live at Newport and More,5,4,0,0.00012585081,2,OOD_Class_1
Please book me a table for 1 person at a brasserie .,1,5,1,0.006395351,2,OOD_Class_1
"Book reservations at a restaurant in NE for 4 people on apr. 2, 2021",1,1,1,0.004165059,2,OOD_Class_1
"I would like to book a fry sauce bar for jul. 3, 2019",1,4,1,0.005829369,2,OOD_Class_1
find Santikos Theatres showing animated movies,6,5,0,0.00020912815,2,OOD_Class_1
Book me a restaurant that serves festoni for eight in New Hampshire,1,1,1,0.009362099,2,OOD_Class_1
Where and when is Polish Economy playing?,6,5,0,0.00047315343,2,OOD_Class_1
book a spot at Colony,1,4,1,0.00011786374,2,OOD_Class_1
Which animated movies are being screened at Marcus Corporation ?,6,5,0,0.00016756312,2,OOD_Class_1
Book a highly rated northeast indian brasserie in Kenova for nannie and I at 1441 .,1,3,1,0.0001304741,2,OOD_Class_1
I'd like to book a table at a restaurant for a group of 4,1,3,1,0.0005203183,2,OOD_Class_1
I'd like seats for ten at a highly rated brasserie in Kyrgyzstan,1,5,1,0.00030693776,2,OOD_Class_1
book a diner for 1 in Green Isle,1,3,1,0.0049229343,2,OOD_Class_1
Can you find me the Restless Natives ?,5,4,0,0.00012079336,2,OOD_Class_1
Find a table at a restaurant in Bynum CA at 0959 PM,1,5,1,0.0023154346,2,OOD_Class_1
Show me the movie schedule for Caribbean Cinemas,6,5,0,0.00014515732,2,OOD_Class_1
add 9th Inning to my bossa nova dinner playlist,0,0,0,0.00018189618,2,OOD_Class_1
Show me Rapid City Muscle Car .,5,4,0,0.00017507504,2,OOD_Class_1
Play eighties,3,2,0,0.00012258736,2,OOD_Class_1
I want a table for seven at twenty three o'clock in Angola .,1,1,1,0.0013304644,2,OOD_Class_1
"Book reservations at restaurant in Edgemoor NM on august 3, 2024",1,4,1,0.0058734906,2,OOD_Class_1
Can I see the movie times for the Great Escape Theatres,6,5,0,0.00017304425,2,OOD_Class_1
Add song to my Club Hits,0,0,0,0.00017942525,2,OOD_Class_1
add git to Domingo Indie,0,0,0,0.00017246394,2,OOD_Class_1
Make me a reservation somewhere near here for me and my step brother by adeline's apartment,1,1,1,0.0015551026,2,OOD_Class_1
book for my girlfriend and I for truffade at a gastropub in West Virginia,1,4,1,0.00010098492,2,OOD_Class_1
rate A Thousand Lies series a 3,4,3,0,0.00012596398,2,OOD_Class_1
Play some music on Pandora,3,2,0,0.00015360762,2,OOD_Class_1
Find a game called Dynamite Warrior .,5,4,0,0.00024517422,2,OOD_Class_1
book a spot for nine in Lavalette Guam,1,1,1,0.002476387,2,OOD_Class_1
I want to get nine seats at a restaurant that serves ice cream cake .,1,5,1,0.0008147751,2,OOD_Class_1
Play something by Chris Knight,3,2,0,0.0001393202,2,OOD_Class_1
book me a top-rated pub,1,4,1,0.0012337858,2,OOD_Class_1
Book a table for 8 at a pub in North Carolina,1,5,1,0.0029086934,2,OOD_Class_1
give me the movie schedules for Southern Theatres,6,5,0,0.00016755276,2,OOD_Class_1
Book an australian restaurant in Jacksboro three weeks from now for my step father and I .,1,1,1,0.009580994,2,OOD_Class_1
Book me a table at the highly rated cafeteria in Federated States Of Micronesia,1,4,1,0.00036973532,2,OOD_Class_1
Show me Skyfall Original Motion Picture Soundtrack,5,4,0,0.0001326655,2,OOD_Class_1
"Please book a coffeehouse restaurant type room to accommodate gretchen, trisha and amber which serves pastelaria dish",1,5,1,0.029814873,2,OOD_Class_1
book a osteria with smoking room in Creola,1,4,1,0.0009015071,2,OOD_Class_1
Book a reservation for a restaurant in Palau in six years,1,1,1,0.0023017032,2,OOD_Class_1
What time does A King in New York play in Malco Theatres,6,5,0,0.00014151211,2,OOD_Class_1
"Locate a bakery in Rockport , Federated States Of Micronesia that serves olives",1,1,1,0.019079648,2,OOD_Class_1
book a highly rated place in IN in seven years at a pub,1,3,1,0.00016655617,2,OOD_Class_1
Where can I see Travelling Light ?,6,5,0,0.00041772958,2,OOD_Class_1
book San Francisco Brewing Company for two located at AL,1,4,1,0.0003841419,2,OOD_Class_1
I'd like to know what films are scheduled at Alamo Drafthouse Cinema .,6,5,0,0.00017153524,2,OOD_Class_1
I'd like to see the movie schedule for movies in the area,6,5,0,0.00014976258,2,OOD_Class_1
Open Youtube and play Renaldo Lapuz record from the eighties,3,2,0,0.00015724935,2,OOD_Class_1
I give The English Spy a rating of 1 and a best rating of 6,4,3,0,0.00012529008,2,OOD_Class_1
Play 2004 on pandora,3,2,0,0.0001459963,2,OOD_Class_1
Show the Innocent When You Dream saga,5,4,0,0.0001457042,2,OOD_Class_1
find Reproductions Songs of The Human League,5,4,0,0.00013792954,2,OOD_Class_1
"Get me a table for sonya, rebekah and I at a restaurant in Latvia .",1,5,1,0.004289377,2,OOD_Class_1
rate this novel a two,4,3,0,0.0001303441,2,OOD_Class_1
"Book a reservation for The Training Table on Mar. thirteenth, 2026",1,1,1,0.0037480802,2,OOD_Class_1
Tell me if it'll be freezing this year in ID,2,1,0,0.00014168468,2,OOD_Class_1
Book a restaurant in West Hattiesburg for 0 o'clock .,1,1,1,0.0015005075,2,OOD_Class_1
is Ce cher intrus at IMAX Corporation,6,5,0,0.00026530304,2,OOD_Class_1
The Cool World gets 4 points,4,3,0,0.00013136287,2,OOD_Class_1
Look up The Park album,5,4,0,0.00012461799,2,OOD_Class_1
book a restaurant in Lake Fenton for four,1,3,1,0.0013445278,2,OOD_Class_1
Will it be chillier in Portugal in one hour ?,2,1,0,0.000117121075,2,OOD_Class_1
Book a restaurant that serves vezione verro one second from now .,1,5,1,0.0019485295,2,OOD_Class_1
Add bret mckenzie to my Pop Commute playlist,0,0,0,0.00018923507,2,OOD_Class_1
add go to The MetalSucks Playlist,0,0,0,0.00017171256,2,OOD_Class_1
I need a reservation for a brasserie that serves ankimo in PW,1,1,1,0.0049467343,2,OOD_Class_1
play the top-20 Rita Macneil songs,3,2,0,0.00013582766,2,OOD_Class_1
need to book a table in Ludden,1,4,1,9.8846016e-05,2,OOD_Class_1
find Hear Me Good,6,4,0,9.743375e-05,2,OOD_Class_1
book a table for ten people,1,4,1,0.00021805077,2,OOD_Class_1
Book a party of 4 at Eddie’s Attic,1,4,1,0.00018877373,2,OOD_Class_1
I want to book a restaurant not far from our college .,1,1,1,0.010178734,2,OOD_Class_1
"Book me a reservation for an osteria campanian on Jun. the 7th, 2022",1,1,1,0.0032146112,2,OOD_Class_1
rate this essay 5 of 6,4,3,0,0.00012220918,2,OOD_Class_1
Where is Road to the Stage playing,6,5,0,0.00020897083,2,OOD_Class_1
I need a table for 8 people at a highly rated pub that serves umbrian cuisine,1,5,1,0.004731179,2,OOD_Class_1
I'd like to eat at a restaurant one minute from now that's highly rated,1,5,1,0.0025913727,2,OOD_Class_1
Can I listen to merengue style music?,3,2,0,0.00017151894,2,OOD_Class_1
Add Milas Poli to my Indie Bluegrass,0,0,0,0.00019099523,2,OOD_Class_1
Tell me the movie schedule for Warren Theatres,6,5,0,0.00015910748,2,OOD_Class_1
book a table for 3 in Macao,1,3,1,0.0297362,2,OOD_Class_1
book a brasserie for connie scott and madeline in Northern Mariana Islands in eleven hours,1,1,1,0.0050302213,2,OOD_Class_1
I need to book a restaurant for 6 people.,1,4,1,0.0005139031,2,OOD_Class_1
show creative soundtrack Pitch Black Brigade,5,4,0,0.00015269149,2,OOD_Class_1
give two star to As Long as We Both Shall Live book,4,3,0,0.00012382932,2,OOD_Class_1
Add Joey Fatone to my Spotlight on Country 2016 playlist,0,0,0,0.00020252405,2,OOD_Class_1
Need a table within the same area as Beach 105th St for a party of 6,1,3,1,0.0013621065,2,OOD_Class_1
What is the weather like at Emma Wood State Beach,2,1,0,9.814624e-05,2,OOD_Class_1
"book a table in Mississippi on May nineteenth, 2034 for me, silvia and sandy",1,4,1,0.017735979,2,OOD_Class_1
List movie schedules,6,5,0,0.00014714629,2,OOD_Class_1
book a table in UT at Kearney for 6,1,3,1,0.0005858639,2,OOD_Class_1
Play music off Youtube .,3,2,0,0.00016318956,2,OOD_Class_1
play some Prabha Atre,3,2,0,0.00013554785,2,OOD_Class_1
Need a restaurant booking for next week for a party of 6 in the state of OR,1,5,1,0.0024021012,2,OOD_Class_1
I want to listen to the soundtrack Adobe Digital Editions,5,4,0,0.00021848087,2,OOD_Class_1
I want to play music off Deezer,3,2,0,0.00014373387,2,OOD_Class_1
holly and brittany need a reservation for a sardinian tea house close by CO,1,1,1,0.0016680466,2,OOD_Class_1
book a spot for 6 at a tea house in Tokelau,1,5,1,0.001096079,2,OOD_Class_1
"Will it be chilly in Penuelas Indonesia on Nov. 26th, 2030",2,1,0,0.00011746606,2,OOD_Class_1
Find the TV show The Daydreamer,5,4,0,0.00015062267,2,OOD_Class_1
Book a table for 8 at a restaurant that serves far breton .,1,5,1,0.015758539,2,OOD_Class_1
Looking for a song with the title of Live at the Kings Center,5,4,0,0.00013488614,2,OOD_Class_1
Can you help me find the Author! Author ! trailer ?,5,4,0,0.00015089815,2,OOD_Class_1
Find a restaurant for marylou and I within walking distance of my mum's hotel,1,5,1,0.00081386446,2,OOD_Class_1
I want to play the video game Miss Castaway And The Island Girls,5,4,0,0.00017712204,2,OOD_Class_1
What films are playing at the closest cinema,6,5,0,0.00017102808,2,OOD_Class_1
Play Lil Hardin Armstrong from Itunes .,3,2,0,0.00016488093,2,OOD_Class_1
"What's the weather forecast for Aug. 8, 2020 at my current location ?",2,1,0,0.00012688794,2,OOD_Class_1
Can you get me a table at a chicken and waffles joint in New Mexico,1,5,1,0.0008616704,2,OOD_Class_1
Is it chilly in Nightmute,2,1,0,0.000100766054,2,OOD_Class_1
I need a table for four at ten PM . in Dodge Park,1,5,1,0.0006133825,2,OOD_Class_1
Add dave bickler to my all out 90s playlist,0,0,0,0.00019495469,2,OOD_Class_1
Rate The Watsons four of 6 stars,4,3,0,0.000119029406,2,OOD_Class_1
Book a table for 7 at a popular bistro distant from Kremmling,1,5,1,0.0016070068,2,OOD_Class_1
add album to my piano ballads,0,0,0,0.00018314009,2,OOD_Class_1
book a table at a restaurant in Saudi Arabia that serves presskopf,1,5,1,0.010831202,2,OOD_Class_1
book a spot at a highly rated pub in Woodston,1,4,1,0.002462781,2,OOD_Class_1
need a table for nine in East Prairie LA,1,1,1,0.0018005011,2,OOD_Class_1
Is it going to be sunny at five pm in Chatyrkul Wildlife Refuge,2,1,0,0.00013316856,2,OOD_Class_1
book sot for one at restaurant with wifi,1,0,1,0.0028289084,2,OOD_Class_1
play the Caps Lock trailer,5,4,0,0.00014121555,2,OOD_Class_1
book north indian osteria at 12 am,1,4,1,0.00022324198,2,OOD_Class_1
book a table for eight in Graf far away,1,0,1,0.017209686,2,OOD_Class_1
Rate Sandworms of Dune three out of 6 stars,4,3,0,0.00012049108,2,OOD_Class_1
I rate Monster Mythology 3 points .,4,3,0,0.00012413369,2,OOD_Class_1
show freezing forcast now within the same area in North Dakota,2,1,0,0.00013023528,2,OOD_Class_1
What will the weather be doing at midnight in Brazil ?,2,1,0,0.00010591599,2,OOD_Class_1
play The Edge by Deezer on Vans Warped Tour Compilation 2003,3,2,0,0.0001480304,2,OOD_Class_1
zero points for Birds of South Asia. The Ripley Guide,4,3,0,0.00014946006,2,OOD_Class_1
"Book a table for 9 people at a delicatessen for April the twenty-eighth, 2018 .",1,5,1,0.026874231,2,OOD_Class_1
Add Metal Gear Solid 2 Sons of Liberty Soundtrack 2 The Other Side to edna st vincent millay,0,0,0,0.00023953097,2,OOD_Class_1
Make a reservation for four at a pub in Sugarville .,1,5,1,0.001882687,2,OOD_Class_1
Add Pimp C to my workout remix .,0,0,0,0.00021908476,2,OOD_Class_1
Play new movement from Mike Oldfield on Vimeo,3,2,0,0.00016771635,2,OOD_Class_1
Play Songs Of Heaven by ami koshimizu,3,2,0,0.00014012885,2,OOD_Class_1
"Book the best halal restaurant in Slovakia for brigitte taylor, katelyn and natalie on jun. 2 .",1,0,1,0.0069488883,2,OOD_Class_1
Find a video game called The Mysterious Castle in the Carpathians .,5,4,0,0.0002456424,2,OOD_Class_1
What movies are showing at the nearest movie theatre in 8 minutes ?,6,5,0,0.0001785372,2,OOD_Class_1
out of 6 give The Morganville Vampires a 1,4,3,0,0.00012208993,2,OOD_Class_1
I need a reservation for 3 at Clinton Street Baking Company & Restaurant,1,5,1,0.0014813978,2,OOD_Class_1
call for a table of 3 at the Tavern on the Green in South Farmingdale,1,4,1,0.002933774,2,OOD_Class_1
Lets go eat this fall at any restaurant that has parking in Finland,1,5,1,0.0022265713,2,OOD_Class_1
I need a reservation in Steele City,1,1,1,0.0016335842,2,OOD_Class_1
add the artist joseph meyer to my mad cool festival 2017 playlist,0,0,0,0.0001952421,2,OOD_Class_1
play Angelo Amorevoli,3,2,0,0.000130489,2,OOD_Class_1
I need a pub with a smoking room in Ucolo reserved.,1,1,1,0.0024805013,2,OOD_Class_1
"What will the weather be within the same area in Minnesota on June 27th, 2023 ?",2,1,0,0.00011362995,2,OOD_Class_1
Play the latest 1973 album by Peter Derose .,3,2,0,0.00014543702,2,OOD_Class_1
Book a restaurant for 3 in New Mexico .,1,4,1,0.0017474559,2,OOD_Class_1
Rate this book a 1,4,3,0,0.00012467982,2,OOD_Class_1
book a table for a party of 7,1,3,1,0.002544049,2,OOD_Class_1
Play me a song from 1968 on Spotify,3,2,0,0.00014374079,2,OOD_Class_1
Play music from Lastfm,3,2,0,0.00012910021,2,OOD_Class_1
Rate Body of Secrets one stars,4,3,0,0.0001201374,2,OOD_Class_1
I want to find a restaurant that has a table for two at 5 AM,1,5,1,0.00034439168,2,OOD_Class_1
I'm in Bowling Green . Please book a restaurant for 1 close by .,1,1,1,0.008517496,2,OOD_Class_1
Lets go and take elsa and I to Westhampton Beach in 1 hour to the american chinese cuisine at the tea house,1,5,1,0.00026469468,2,OOD_Class_1
Will it be snowy at the current position by March 3 ?,2,1,0,0.000103358914,2,OOD_Class_1
I need reservations in ND in the city of Briarwood for me and my colleagues .,1,4,1,0.03305898,2,OOD_Class_1
book a spot for 8 at a popular taverna,1,5,1,0.0005086986,2,OOD_Class_1
I need a table for 4 in Saint Helena at Settha Palace Hotel,1,1,1,0.0015693621,2,OOD_Class_1
I rate 4 of 6 points for this textbook,4,3,0,0.0001187386,2,OOD_Class_1
book a restaurant for 4 that's not far from CA,1,1,1,0.0019183491,2,OOD_Class_1
book me a bar that has chicken fried bacon in Vermont,1,1,1,0.008099217,2,OOD_Class_1
add a song by mark schultz to my ultimate indie playlist,0,0,0,0.00019841237,2,OOD_Class_1
Play This Is Miles Davis on Lastfm .,3,2,0,0.00016173907,2,OOD_Class_1
"Please book a restaurant in Village Green , CA .",1,4,1,0.002186408,2,OOD_Class_1
"Book a reservation for 7 people at The French Laundry on june the 8th, 2029",1,1,1,0.0043290383,2,OOD_Class_1
"book a gastropub that serves pansette in Skaneateles , Pennsylvania",1,4,1,0.0110866735,2,OOD_Class_1
play a tune from 2000 by Bronislau Kaper,3,2,0,0.00014416514,2,OOD_Class_1
Rate The Making of a Teacher a two,4,3,0,0.00012155409,2,OOD_Class_1
Book a restaurant in the Marshall Islands for two people.,1,4,1,0.0008533997,2,OOD_Class_1
Play easy listening,3,2,0,0.00013023471,2,OOD_Class_1
play Long Way To Go by Keita Tachibana,3,2,0,0.00014614417,2,OOD_Class_1
"book a table for me, leanne and tami at a restaurant serving caucasian food",1,5,1,0.0064924965,2,OOD_Class_1
Book the best joint for 3 people.,1,3,1,0.0010046106,2,OOD_Class_1
What time is Sontha Ooru playing,6,5,0,0.00014882835,2,OOD_Class_1
I want the film for nearest movie theatre,6,5,0,0.00011777561,2,OOD_Class_1
I want to eat at a scandinavian restaurant that is highly rated in Bonita Texas,1,5,1,0.014843167,2,OOD_Class_1
What are the movie schedules,6,5,0,0.0001515288,2,OOD_Class_1
Give The Pirates of Manhattan a 1,4,3,0,0.0001390209,2,OOD_Class_1
what is the 7 day for Cheat Canyon Wildlife Management Area,2,1,0,0.0003368152,2,OOD_Class_1
"I want to hear Aki Nawaz , play the song fair annie .",3,2,0,0.00013490496,2,OOD_Class_1
Show me the movie times for animated movies in the area .,6,5,0,0.00022533943,2,OOD_Class_1
Play Always Pop Punk .,3,2,0,0.00014373871,2,OOD_Class_1
Include When I Paint My Masterpiece in my Acoustic Spring playlist.,0,0,0,0.00026645174,2,OOD_Class_1
Rate this novel three out of 6,4,3,0,0.00012639712,2,OOD_Class_1
Rate this essay a four,4,3,0,0.00011627083,2,OOD_Class_1
book at The Halal Guys on Oct. 17,1,4,1,0.0004217688,2,OOD_Class_1
I want to book Tupelo Honey Cafe in New Jersey for five people.,1,4,1,0.00034255162,2,OOD_Class_1
Find me a table for a cafe during my Guinea trip for one .,1,5,1,0.00060137076,2,OOD_Class_1
Rate The Grisly Wife three points out of 6,4,3,0,0.00011879683,2,OOD_Class_1
Please play something catchy on Youtube,3,2,0,0.00016319462,2,OOD_Class_1
What will the weather be like in Killarney National Park on national pow/mia recognition day ?,2,1,0,0.00012694595,2,OOD_Class_1
Rat Short Trips A Christmas Treasury a 3,4,3,0,0.00014497511,2,OOD_Class_1
add album to my classical essentials playlist,0,0,0,0.00019744641,2,OOD_Class_1
Book a table for 5 at a pub during my Macedonia trip that serves czech food.,1,5,1,0.0050940705,2,OOD_Class_1
Find Business Ethics A European Review .,5,3,0,0.00014946723,2,OOD_Class_1
Book a top-rated restaurant in Milton-Freewater .,1,3,1,0.0011068649,2,OOD_Class_1
book spot for 1 at Town of Ramsgate in Merit,1,3,1,0.00020657449,2,OOD_Class_1
I want to eat at a pickled cucumber brasserie in 12 months,1,5,1,0.0009545924,2,OOD_Class_1
What time is The Rumyantsev Case playing at the closest cinema,6,5,0,0.00012562131,2,OOD_Class_1
add flying to my Women of Rock playlist,0,0,0,0.00018154088,2,OOD_Class_1
Ad Amal Hijazi tune to my Pura Vida,0,0,0,0.0001319089,2,OOD_Class_1
Show me the show Goldimouse and the Three Cats,5,4,0,0.00017591252,2,OOD_Class_1
Play a fifties album from Dj Yoda on Last Fm .,3,2,0,0.00014600021,2,OOD_Class_1
Play me a tune by john clayton,3,2,0,0.00012758841,2,OOD_Class_1
I need a reservation for ten in Wisconsin,1,1,1,0.0034692304,2,OOD_Class_1
Let me hear Chris Knight music,3,2,0,0.00012646471,2,OOD_Class_1
I want to find the show From Where to Eternity .,5,4,0,0.00013567785,2,OOD_Class_1
What is the forecasted humidity in Ghana for Epiphany,2,1,0,0.00012540717,2,OOD_Class_1
I would like to book a food truck for my friend and I,1,4,1,0.00015307653,2,OOD_Class_1
Looking for a tibetan restaurant and need reservations for 1 .,1,3,1,0.0014778292,2,OOD_Class_1
rate this textbook two of 6 stars,4,3,0,0.00012443715,2,OOD_Class_1
Add genocide to electronic bliss,0,0,0,0.00020610889,2,OOD_Class_1
Rate In Enemy Hands five stars out of 6,4,3,0,0.00012559716,2,OOD_Class_1
Play music on youtube,3,2,0,0.00016018639,2,OOD_Class_1
Book the Boon Brick Store for nine people.,1,4,1,0.00012337437,2,OOD_Class_1
Need the creative work called The Logic of Scientific Discovery,5,4,0,0.00020405064,2,OOD_Class_1
I would like to eat fast food and have a party of two in Kentucky .,1,4,1,0.0062415027,2,OOD_Class_1
Book a table at a bar in Cambodia that serves cheese fries .,1,5,1,0.00932477,2,OOD_Class_1
Is it going to be warmer in 2 years and a half in Deweese ?,2,1,0,0.00013533159,2,OOD_Class_1
Rate the Casualties of Peace series one of 6,4,3,0,0.00013066229,2,OOD_Class_1
"book in West Palm Beach for glenda, lois and tamra at a nearby restaurant serving puglia",1,5,1,0.0023606308,2,OOD_Class_1
I would like to book a restaurant neighboring Lincoln Beach,1,1,1,0.0050257575,2,OOD_Class_1
Please make reservations for me and my roommate somewhere in Bouvet Island,1,4,1,0.0012581252,2,OOD_Class_1
Play any track by Flame,3,2,0,0.00015181096,2,OOD_Class_1
I would rate this chronicle 4 stars,4,3,0,0.000126829,2,OOD_Class_1
Find the movie schedule .,6,5,0,0.0001364941,2,OOD_Class_1
Look for the Learning & Behavior picture,5,4,0,0.00017001142,2,OOD_Class_1
Will it be warmer in Minidoka OK on good friday ?,2,1,0,0.00010427363,2,OOD_Class_1
I'm looking to book a reservation in Aruba at a place nearby .,1,1,1,0.0047705593,2,OOD_Class_1
Play a Mike Osborne song,3,2,0,0.00012561717,2,OOD_Class_1
rate The Crossing 3 of 6,4,3,0,0.00011967032,2,OOD_Class_1
Play the most popular music from Nat Stuckey on Itunes .,3,2,0,0.00014932202,2,OOD_Class_1
The trapaholics needs another artist added.,0,0,0,0.00025874813,2,OOD_Class_1
Play Kk on Zvooq .,3,2,0,0.00013214836,2,OOD_Class_1
"Make a reservation at a diner which serves chowder in MT for august the 17th, 2024 .",1,1,1,0.0056131943,2,OOD_Class_1
add megon mcdonough indie songs for slackers to my playlist artist,0,0,0,0.00019957966,2,OOD_Class_1
book a stracciatella provider coffeehouse for 10,1,3,1,0.0004031999,2,OOD_Class_1
Play Strength of Street Knowledge on Groove Shark,3,2,0,0.00017863374,2,OOD_Class_1
i need movie times for movies in the area,6,5,0,0.00019818626,2,OOD_Class_1
add The Darkest Red to this is jennifer lopez,0,0,0,0.00018950958,2,OOD_Class_1
book a table in Hallwood for one for supper,1,4,1,0.0032906712,2,OOD_Class_1
Find me a table for me and my grandkid in Union Square Cafe,1,5,1,0.00042944358,2,OOD_Class_1
I'd like to see movie times at Santikos Theatres,6,5,0,0.00021617879,2,OOD_Class_1
play Baby Workout,5,2,0,0.00014228286,2,OOD_Class_1
Find me the movie schedules at Fox Theatres,6,5,0,0.00016576168,2,OOD_Class_1
reserve a table at Bear Hotel around Finsbury Park,1,5,1,0.0013259426,2,OOD_Class_1
I need a reservation at The One Eighty for elsa and wendy in Muscle Shoals .,1,5,1,0.002299092,2,OOD_Class_1
Find the schedule for nearby animated movies .,6,5,0,0.00015020557,2,OOD_Class_1
book a spot that is faraway from the Municipal Borough of Farnworth in 16 minutes,1,1,1,0.000562138,2,OOD_Class_1
"find The Living Room Tapes , a TV series",5,4,0,0.00013781479,2,OOD_Class_1
play some Alte Kameraden music,3,2,0,0.00013190416,2,OOD_Class_1
Will the weather be temperate 188 days from now in Zimbabwe,2,1,0,0.000108532724,2,OOD_Class_1
Rate this novel 1 of 6,4,3,0,0.00013079148,2,OOD_Class_1
book in OH in Gurabo for velma and gloria,1,4,1,0.002392862,2,OOD_Class_1
I'd rate this novel a five,4,3,0,0.00011902844,2,OOD_Class_1
add the artist to the 90's Baby Makers playlist,0,0,0,0.00018476257,2,OOD_Class_1
Book a restaurant for 9 people.,1,4,1,0.001129225,2,OOD_Class_1
What are the movie schedules for animated movies close by,6,5,0,0.00017406198,2,OOD_Class_1
book a cafe table for one that has internet access,1,4,1,0.0034012229,2,OOD_Class_1
Book a table for 12 am . at our step mother's secondary residence within walking distance for one,1,5,1,0.0006084802,2,OOD_Class_1
play Asia Nitollano using itunes,3,2,0,0.00015939775,2,OOD_Class_1
Book a northeastern brazilian restaurant for 10 am,1,5,1,0.0031396654,2,OOD_Class_1
I need to book a pub in Cammack Village Wyoming for a party of seven,1,4,1,0.0008750444,2,OOD_Class_1
What animated movies are playing at IMAX Corporation ?,6,5,0,0.00016740017,2,OOD_Class_1
I want to book seats for 2 at churrascaria using the internet,1,5,1,0.002875068,2,OOD_Class_1
what is the forecast for here,2,1,0,9.9790544e-05,2,OOD_Class_1
I want to book a table in a restaurant in Bouvet Island .,1,1,1,0.003850546,2,OOD_Class_1
Book a restaurant for 7 people.,1,4,1,0.0011441739,2,OOD_Class_1
Add ross the boss to laurie's listas de éxitos list,0,0,0,0.00018895822,2,OOD_Class_1
Book a restaurant in FL in the city of Lochearn for my step son and I,1,4,1,0.004386731,2,OOD_Class_1
Give the Catedral series four stars .,4,3,0,0.00012584098,2,OOD_Class_1
Book reservations at a highly rated bar on 11/23/2031,1,3,1,0.000146503,2,OOD_Class_1
Find the schedule for movies at the nearest cinema .,6,5,0,0.00017086194,2,OOD_Class_1
Is it going to be foggy at two am in Barberville,2,1,0,0.000105491745,2,OOD_Class_1
Add this tune to retrowave outrun,0,0,0,0.00020183263,2,OOD_Class_1
Rate The Art of Nijinsky 5 points,4,3,0,0.0001251682,2,OOD_Class_1
Can you get me seating for a party of 4,1,5,1,0.002149829,2,OOD_Class_1
play dj kentaro from the year 1994,3,2,0,0.00013931945,2,OOD_Class_1
I need a table for 4 in Pelland,1,1,1,0.037082378,2,OOD_Class_1
I'd like to eat a restaurant in or nearby Pelahatchie at 12 o'clock,1,1,1,0.0017046346,2,OOD_Class_1
give the current series 3 points,4,3,0,0.000117125965,2,OOD_Class_1
Find a video game called No Parking on the Dance Floor .,5,4,0,0.00027509558,2,OOD_Class_1
find a movie theatre showing The Tailor of Panama,6,5,0,0.00013320129,2,OOD_Class_1
National Lampoon Tenth Anniversary Anthology 1970–1980 is a 4 out of 6 read,4,3,0,0.0001159873,2,OOD_Class_1
I want a table for 5 next fall om Curacao,1,1,1,0.0016400558,2,OOD_Class_1
"Make a reservation in a popular sicilian bar place nearby , for me only, tomorrow",1,1,1,0.0025511496,2,OOD_Class_1
Find me the documentary A Winter of Cyclists,5,4,0,0.00013997943,2,OOD_Class_1
add Steve Jordan to inez's tgif,0,0,0,0.00021632078,2,OOD_Class_1
Put this tune on dancePOP,0,0,0,0.00022813998,2,OOD_Class_1
book a table at Atlantic Grill in Lofgreen,1,1,1,0.0027534866,2,OOD_Class_1
I want to book a seafood bakery in Le Roy,1,4,1,0.0039880243,2,OOD_Class_1
table for nine at an internet pub,1,5,1,0.0003674257,2,OOD_Class_1
Tell me if the forecast will be temperate around Nationalpark Doi Suthep-Pui on 4/15/2034,2,1,0,0.00016015896,2,OOD_Class_1
Give Memoirs of a Fox-Hunting Man a rating of 4 out of 6 .,4,3,0,0.00012726359,2,OOD_Class_1
Open youtube,3,2,0,0.00015511618,2,OOD_Class_1
play the Ocelot record using Zvooq,3,2,0,0.00015329645,2,OOD_Class_1
I need to book a table for five at the Crooked House of Windsor .,1,5,1,0.0003477089,2,OOD_Class_1
add The Rough Guide to the Music of Eastern Europe to my This Is Philip Glass playlist,0,0,0,0.00021908391,2,OOD_Class_1
I need a reservation for a restaurant close by their hostel,1,5,1,0.003863035,2,OOD_Class_1
Where can I get movie schedule,6,5,0,0.00010886009,2,OOD_Class_1
Give the saga called The Bridges of Madison County four of 6 stars .,4,3,0,0.00012621158,2,OOD_Class_1
Find movie schedules .,6,5,0,0.00015649066,2,OOD_Class_1
look for the saga called Death in Paradise,5,4,0,0.0001567698,2,OOD_Class_1
Please find me the Platinum Box II song ?,5,4,0,0.0001347554,2,OOD_Class_1
Is it hot in Round Hill HI,2,1,0,9.8049284e-05,2,OOD_Class_1
"Make me a reservation at Illinois Central Railroad Freight Depot in Singapore with vickie rodriguez, lila reyes and ruby",1,5,1,0.0013470772,2,OOD_Class_1
Go to my all out 00s and add brian wilson,0,0,0,0.00018278533,2,OOD_Class_1
What will the weather be in Albania at 1156 .,2,1,0,0.00011024244,2,OOD_Class_1
Play the greatest record by Joe Purdy on Google Music,3,2,0,0.00015941367,2,OOD_Class_1
Rate The Doors of Perception 3 stars,4,3,0,0.00012826113,2,OOD_Class_1
book a popular restaurant of thai cuisine,1,4,1,0.00017754124,2,OOD_Class_1
Book a restaurant for ten in OK .,1,1,1,0.0008450601,2,OOD_Class_1
What is the movie schedule,6,5,0,0.00013037007,2,OOD_Class_1
book a spot for me and sonja at a popular pizzeria,1,5,1,0.00027662257,2,OOD_Class_1
I need a reservation for around London Borough,1,4,1,0.0017301239,2,OOD_Class_1
Show me It Might as Well Rain Until September,5,1,0,0.00033587366,2,OOD_Class_1
whats the movie schedules for animated movies close by,6,5,0,0.00016609348,2,OOD_Class_1
Please put another tune into the laundry playlist.,0,0,0,0.00022848036,2,OOD_Class_1
I have a party of four in Japan and need a reservation at Rimsky-Korsakoffee House on Aug. the 3rd .,1,1,1,0.00043809874,2,OOD_Class_1
"book a bakery for lebanese on january 11th, 2032",1,4,1,0.012129025,2,OOD_Class_1
Give the current novel a 3 out of 6 rating,4,3,0,0.00012155469,2,OOD_Class_1
What time is The Bride Wore Boots playing,6,5,0,0.00014937931,2,OOD_Class_1
I want a table for 2 at a restaurant late at night .,1,5,1,0.00080664427,2,OOD_Class_1
I need to find a restaurant for ten people at twelve am in Liechtenstein .,1,1,1,0.002457409,2,OOD_Class_1
What time is Mighty Morphin Power Rangers The Movie at Magic Johnson Theatres ?,6,5,0,0.0001331986,2,OOD_Class_1
I need a table in Iron Gates in one minute at the Weathervane Restaurant,1,5,1,0.0005703994,2,OOD_Class_1
What is the movie schedule for movies close by,6,5,0,0.00014947215,2,OOD_Class_1
Add Shangri-La to the African Heat playlist.,0,0,0,0.00020321656,2,OOD_Class_1
give 4 out of 6 stars to this textbook,4,3,0,0.00012389148,2,OOD_Class_1
Please look up Amrithavaahini,5,4,0,0.00012729365,2,OOD_Class_1
I want tables for 6 at a kosher steakhouse around Kosovo,1,5,1,0.0011549464,2,OOD_Class_1
Is Redacted playing at the closest cinema ?,6,5,0,0.00014430654,2,OOD_Class_1
what movies are playing in the neighborhood,6,5,0,0.00016224787,2,OOD_Class_1
put this tune playing into my La Mejor Música Dance 2017 playlist,0,0,0,0.00021983491,2,OOD_Class_1
"I need a table at somewhere within walking distance of NV on november the 24th, 2027",1,1,1,0.00042708122,2,OOD_Class_1
"In Apr. , I'd like to eat at a pub Manack Montana with 4 people",1,1,1,0.0009695391,2,OOD_Class_1
Book a restaurant in Palau for two people.,1,1,1,0.006627285,2,OOD_Class_1
book at Dutchess Manor in Portugal for 6,1,3,1,0.00016546655,2,OOD_Class_1
Book a reservation for a party of four within the same area of Districts of Sweden,1,4,1,0.02222453,2,OOD_Class_1
Rate the current album 4 out of 6 stars,4,3,0,0.00012108071,2,OOD_Class_1
I rate Step by Wicked Step 1 stars,4,3,0,0.00013008957,2,OOD_Class_1
Find the movie schedule .,6,5,0,0.0001364941,2,OOD_Class_1
I'd like to watch movies at KB Theatres,6,5,0,0.00018365636,2,OOD_Class_1
play the top song by Amon Amarth on Groove Shark,3,2,0,0.00013319273,2,OOD_Class_1
book a restaurant for four in Burundi,1,4,1,0.00043353738,2,OOD_Class_1
Book a reservation for three at Clinton Street Baking Company & Restaurant,1,5,1,0.0010602312,2,OOD_Class_1
Will it be chilly in two hundred thirteen days at Dochū-Kōtsu Prefectural Natural Park,2,1,0,0.00017409383,2,OOD_Class_1
"On may the thirteenth, 2037 what will it be like in Wilderville , Montenegro",2,1,0,0.00021006778,2,OOD_Class_1
book a table for now for 4 for an oyster bar,1,3,1,0.00079936907,2,OOD_Class_1
I want to book a pastelaria cafe in Alabama for me and my great grandfather .,1,4,1,0.00026363254,2,OOD_Class_1
weather forcast for current location now,2,1,0,9.70952e-05,2,OOD_Class_1
Find a trailer called Hellboy The Troll Witch and Others .,5,4,0,0.00020808216,2,OOD_Class_1
"Can I book a restaurant that serves pastelaria in Takilma , Virgin Islands ?",1,1,1,0.021362623,2,OOD_Class_1
book now at a bakery at a spa,1,4,1,0.00020062906,2,OOD_Class_1
Can you make reservations for a party of eight in Iowa,1,4,1,0.00014626312,2,OOD_Class_1
find a cinema closest with animated movies,6,5,0,0.00020809987,2,OOD_Class_1
book this week for their step sister's workplace close,1,4,1,0.0004407637,2,OOD_Class_1
book a bar in San Marino for five,1,3,1,0.0002554406,2,OOD_Class_1
Will there be any cloud in Delaware on 1/11/2040 ?,2,1,0,0.00014525768,2,OOD_Class_1
I need a reservation for 0253 at Hotel Arctic in State Road,1,1,1,0.003108926,2,OOD_Class_1
Please shoe me the movie schedule for today.,6,5,0,0.00011754487,2,OOD_Class_1
Make reservations for me at a taverna in Hong Kong,1,5,1,0.0013795253,2,OOD_Class_1
play The New Timer by Augustus Pablo with Itunes,3,2,0,0.00013229153,2,OOD_Class_1
"book a mexican brasserie close by Woodcliff Lake for a party of 7 on April 25, 2026",1,1,1,0.0031030313,2,OOD_Class_1
Can I watch Flower and Snake at movie house in one hour from now ?,6,5,0,0.00014990827,2,OOD_Class_1
current album gets a value of 0,4,3,0,0.00012620866,2,OOD_Class_1
Add this song to Blues Roots,0,0,0,0.00018721102,2,OOD_Class_1
Give 3 / 6 stars to Doctor in the House,4,3,0,0.0001292044,2,OOD_Class_1
Show me the movie schedules,6,5,0,0.00015271432,2,OOD_Class_1
Tell me the weather forecast for Cape Verde,2,1,0,0.00012945056,2,OOD_Class_1
Get me reservations for seven at a restaurant in PW that serves tourte .,1,5,1,0.0068089366,2,OOD_Class_1
Play my Mellow Beats playlist please,3,2,0,0.00011503424,2,OOD_Class_1
Book The Electric Banana in Ewen for crystal and brittney .,1,4,1,0.00039475373,2,OOD_Class_1
book a spot for 9 at Dinner in the Sky in SC,1,1,1,0.0016084992,2,OOD_Class_1
Is Rented Lips playing at the nearest cinema,6,5,0,0.00015988632,2,OOD_Class_1
Find time for The Thirty Nine Steps,6,5,0,0.0001235987,2,OOD_Class_1
I want to eat for two at a brasserie in Gwynedd Valley TN with pickled cucumber in one second,1,5,1,0.0015145746,2,OOD_Class_1
"Book me a table for seven in Co-operative Block Building , ND .",1,1,1,0.002541951,2,OOD_Class_1
I'd like to see movie times please.,6,5,0,0.00017219139,2,OOD_Class_1
Book a popular bar in Chowchilla,1,4,1,0.000587692,2,OOD_Class_1
3 out of 6 for the last album,4,3,0,0.00011330058,2,OOD_Class_1
Book reservations at a diner that serves ribs not far from Lexington Av-53rd St,1,5,1,0.005196229,2,OOD_Class_1
Book a table in a Haines Borough restaurant for nine that is within walking distance .,1,1,1,0.01666525,2,OOD_Class_1
What is the weather forecast here ?,2,1,0,9.940163e-05,2,OOD_Class_1
Please give me the movie schedules .,6,5,0,0.0001448715,2,OOD_Class_1
Add impossible is nothing to SPA Treatment,0,0,0,0.00022602834,2,OOD_Class_1
Where can I purchase the Twenty Chickens for a Saddle saga ?,5,4,0,0.00017587026,2,OOD_Class_1
whats the movie schedules for General Cinema Corporation,6,5,0,0.00016272305,2,OOD_Class_1
Please show me the films playing at Loews Cineplex Entertainment .,6,5,0,0.00016772335,2,OOD_Class_1
Rate this album 4 points,4,3,0,0.00012584211,2,OOD_Class_1
Find me a creole restaurant,1,4,1,0.0005295253,2,OOD_Class_1
I need a reservation for January 9 at a restaurant that serves souvlaki nearby Cypress Av for a party of 1,1,3,1,0.0023228663,2,OOD_Class_1
"Is there a depression in Solromar on december 7, 2033",2,1,0,0.00023979752,2,OOD_Class_1
Book a churrascaria restaurant for 2 which serves mezes,1,5,1,0.028468342,2,OOD_Class_1
Rate my current novel 2 out of 6 points,4,3,0,0.00012401288,2,OOD_Class_1
play Pandora Christian Gangsta Rap,3,2,0,0.00014542139,2,OOD_Class_1
Please help me find the video game John Michael Montgomery discography .,5,4,0,0.00023370431,2,OOD_Class_1
2 of us want to eat at a restaurant that serves meatballs in VT,1,5,1,0.004500826,2,OOD_Class_1
"book a spot for robyn martinez, maude and I at a steakhouse not far from their place",1,5,1,0.00064566196,2,OOD_Class_1
"Book a reservation for velma, ana and rebecca for an american pizzeria at 5 Am in MA",1,1,1,0.0043097073,2,OOD_Class_1
Book a table for 2 at the Seward Community Cafe within the same area in Shabbona,1,1,1,0.0027355328,2,OOD_Class_1
Book a churrascaria restaurant that serves spring rolls for one person.,1,4,1,0.012519089,2,OOD_Class_1
add this song onto hip hop gaming playlist,0,0,0,0.00019909328,2,OOD_Class_1
What are the movie times at the Malco Theatres ?,6,5,0,0.0001981933,2,OOD_Class_1
Give a 4 star rating to Fear and Loathing on the Campaign Trail ’72,4,3,0,0.000121791476,2,OOD_Class_1
Can you book a table for a party of 6 close to DeKalb Av,1,1,1,0.0025975583,2,OOD_Class_1
I would like to book a restaurant for two in 42 weeks from now in Wagram,1,1,1,0.00048041024,2,OOD_Class_1
I'd like a table for two at a place in West Whittier Nevada on indigenous people's day,1,1,1,0.0013055076,2,OOD_Class_1
When is Cooper Foundation on the movie schedule ?,6,5,0,0.000118235446,2,OOD_Class_1
Book a table at The Vortex Bar & Grill on Alaska Day in the state of Rhode Island,1,1,1,0.0038200384,2,OOD_Class_1
"I need a reservation, looking for a place with pool at Midnight in a pub .",1,4,1,0.00016438696,2,OOD_Class_1
rate Shockscape five stars,4,3,0,0.00013117322,2,OOD_Class_1
book for 8 for argentinian food at a bakery,1,4,1,0.0009961898,2,OOD_Class_1
Book a restaurant in Pinecliffe Missouri this month .,1,1,1,0.00048359105,2,OOD_Class_1
"Find me a bar in Eagle Pass , Vermont that serves noodle dishes, that will take reservations for 2/21/2021 .",1,5,1,0.009821028,2,OOD_Class_1
play some rap on Pandora,3,2,0,0.00014700287,2,OOD_Class_1
Play some music on Last Fm,3,2,0,0.00013972458,2,OOD_Class_1
Get me a reservation for two at a restaurant which serves burger .,1,5,1,0.0020371082,2,OOD_Class_1
"my niece and I want to visit a food court in Callicoon , Tennessee",1,5,1,0.0009409149,2,OOD_Class_1
Book a party for 7 at a food court with potato salad in Alabama in eleven hours,1,5,1,0.0003457451,2,OOD_Class_1
Find a reservation for 3 people,1,4,1,0.00019423472,2,OOD_Class_1
What's the weather in Mountain Center,2,1,0,9.328705e-05,2,OOD_Class_1
book a highly rated place for my momy and I for mughlai food at a restaurant,1,3,1,0.0009408961,2,OOD_Class_1
Book a restaurant for ten in Exmore at sunset,1,1,1,0.00047587988,2,OOD_Class_1
book an osteria in North Salt Lake for three,1,4,1,0.00070882513,2,OOD_Class_1
Can you play an ep by Tatjana Iwanowna Bulanowa,3,2,0,0.00014901972,2,OOD_Class_1
Add kjetil vidar haraldstad to my para entrenar playlist.,0,0,0,0.00020601299,2,OOD_Class_1
rate The White Goddess 2 of 6,4,3,0,0.00012547453,2,OOD_Class_1
Rate The Postman Always Rings Twice zero stars out of 6 .,4,3,0,0.00011062216,2,OOD_Class_1
What are the movie times for films nearby ?,6,5,0,0.0001641598,2,OOD_Class_1
book Tartine in Mississippi for 5,1,3,1,0.00019177969,2,OOD_Class_1
Book me a reservation for a bar that serves lobster roll in OR,1,5,1,0.0020118484,2,OOD_Class_1
Is it forecast to be temperate here ?,2,1,0,0.00011530673,2,OOD_Class_1
Book a reservation for Louisiana Fried Chicken this winter in Taiwan,1,4,1,0.002018504,2,OOD_Class_1
Play anything from Hiromitsu Agatsuma off iHeart .,3,2,0,0.0001921944,2,OOD_Class_1
Put li yuchun 's album onto the kickass metal playlist.,0,0,0,0.00025308394,2,OOD_Class_1
Find a reservation for a highly rated brasserie for me and my step sister,1,4,1,0.0001909172,2,OOD_Class_1
party for 2 in Cleveland,1,4,1,0.0014121019,2,OOD_Class_1
put this album on my Wild Country playlist,0,0,0,0.00021844088,2,OOD_Class_1
add the tune to the Indie Workout playlist,0,0,0,0.000188959,2,OOD_Class_1
find The Good Wife,5,4,0,0.00027572984,2,OOD_Class_1
Find a table for 7 at a joint in OK that's far from here,1,5,1,0.0023878578,2,OOD_Class_1
In NH will it be chillier in West York at noon,2,1,0,0.00010560474,2,OOD_Class_1
Give four stars out of 6 to Practice to Deceive,4,3,0,0.00012914107,2,OOD_Class_1
Book a table at a brasserie far from my Livonia Av .,1,4,1,0.00033171417,2,OOD_Class_1
Please book a restaurant room which serves hangtown fry dish in Jagual,1,1,1,0.008024654,2,OOD_Class_1
Book a reservation for seven people at a steakhouse in Kenya,1,5,1,0.007262377,2,OOD_Class_1
show me movies in the area,6,5,0,0.00015136648,2,OOD_Class_1
Book a table for 3 at a top-rated restaurant .,1,3,1,0.00023285476,2,OOD_Class_1
I need a reservation for four at a restaurant,1,5,1,0.0018733646,2,OOD_Class_1
Rate this saga two out of 6 .,4,3,0,0.00012920468,2,OOD_Class_1
Add autry inman to my Hanging Out and Relaxing playlist.,0,0,0,0.0001941013,2,OOD_Class_1
I want a table for four for 2 years from now,1,5,1,0.0010229227,2,OOD_Class_1
Book a restaurant close by downtown for nine in seven months,1,1,1,0.0016631979,2,OOD_Class_1
book an outdoor place for 11/1/2033 in town within walking distance of a brasserie for nine,1,1,1,0.0025985364,2,OOD_Class_1
I need a reservation for Maid-Rite Sandwich Shop in Home Gardens,1,5,1,0.00091958104,2,OOD_Class_1
Can you book reservations for jeanne and charlotte at a diner in Mayotte,1,5,1,0.003728253,2,OOD_Class_1
book a brasserie with parking for 1,1,5,1,0.0142883295,2,OOD_Class_1
Lets eat at Newport Creamery in Carnot,1,1,1,0.0019121253,2,OOD_Class_1
What is the movie schedules at for Douglas Theatre Company at 0 p.m. ?,6,5,0,0.00014816369,2,OOD_Class_1
Find a reservation for a party of six in Tuvalu,1,4,1,0.0027884466,2,OOD_Class_1
Showtimes for animated movies fro Goodrich Quality Theaters .,6,5,0,0.00021658989,2,OOD_Class_1
book a spot for 4 at a restaurant in Shambaugh MD,1,4,1,0.0023280017,2,OOD_Class_1
I'd like to book a table at Black Horse Tavern in Georgia at 4 am,1,5,1,0.0014173103,2,OOD_Class_1
I'd like to eat at an internet restaurant with a party of four,1,5,1,0.0009935225,2,OOD_Class_1
I want the photograph of Walt Before Mickey,5,4,0,0.00015313255,2,OOD_Class_1
Pull up the trailer for 2000 Years – The Millennium Concert,5,4,0,0.00012858387,2,OOD_Class_1
Is it foggy in Shelter Island,2,1,0,0.00010842035,2,OOD_Class_1
Book a table for ten people at a restaurant which serves snack .,1,5,1,0.0044950186,2,OOD_Class_1
find the movie Chaos Is Me,5,4,0,0.00014163303,2,OOD_Class_1
Book a restaurant in Myanmar for 4 .,1,3,1,0.00016219154,2,OOD_Class_1
What is the weather in neighboring OH,2,1,0,8.444041e-05,2,OOD_Class_1
add Beyond the Valley of 1984 in playlist Folk Music At The Gaslight Café,0,0,0,0.00019705774,2,OOD_Class_1
I'm looking to get a seat at a brasserie in Togo .,1,4,1,0.00037295802,2,OOD_Class_1
"Make dinner reservation for 3 people on june 23rd, 2040 in Blodgett .",1,1,1,0.0017736045,2,OOD_Class_1
Can you get seating for a group of 6 at twenty o'clock at a restaurant and spa faraway from Palmyra,1,5,1,0.0005366414,2,OOD_Class_1
Book a reservation at a restaurant nearby their airbnb,1,5,1,0.001643454,2,OOD_Class_1
I want to listen to Born On The Bayou on Iheart,3,2,0,0.00016031589,2,OOD_Class_1
I want to book a restaurant for my father in law and I in Buckner a year from now .,1,1,1,0.00396414,2,OOD_Class_1
find the movie Yoshimi Battles the Hip-Hop Robots,5,4,0,0.00018238275,2,OOD_Class_1
Add dr know to my TODO ALTERNATIVO playlist.,0,0,0,0.0001972548,2,OOD_Class_1
Please book a room to accommodate one in 11 weeks near Bahamas restaurant,1,1,1,0.0041639702,2,OOD_Class_1
make me a reservation at The Restaurant at Meadowood for a party of 7 in Armenia,1,5,1,0.001022861,2,OOD_Class_1
Book a table for tomorrow for five people.,1,5,1,0.005771425,2,OOD_Class_1
add ian north to my Autumn Lounge playlist,0,0,0,0.00018639298,2,OOD_Class_1
I'd like to watch The Slender Thread at 6 PM,6,5,0,0.00013070296,2,OOD_Class_1
Add give us rest to my 70s Smash Hits playlist.,0,0,0,0.00018314605,2,OOD_Class_1
book a table for a Macedonia restaurant,1,4,1,0.00024213959,2,OOD_Class_1
Play sound track music from the twenties,3,2,0,0.00013609104,2,OOD_Class_1
listen to tei movement from most popular eighties music,3,2,0,0.00017397662,2,OOD_Class_1
Play some rock music on Youtube,3,2,0,0.00016431371,2,OOD_Class_1
I think this album deserves 0 points,4,3,0,0.00011908475,2,OOD_Class_1
What is the weather forecast in Country Club Heights,2,1,0,0.00010356163,2,OOD_Class_1
table at Nankin Cafe fr one,1,5,1,0.00023012148,2,OOD_Class_1
Is it going to be windy five minutes from now in NJ,2,1,0,0.00010255658,2,OOD_Class_1
Rate Through Distant Worlds and Times 5 of 6 points,4,3,0,0.00011695507,2,OOD_Class_1
Please get me Infernal Devices game .,5,4,0,0.00014330822,2,OOD_Class_1
What will the weather be like 20 minutes from now in Homestead Meadows in Martinique,2,1,0,0.00010146035,2,OOD_Class_1
Rate Gota’s War a one,4,3,0,0.00012443503,2,OOD_Class_1
Find a reservation for a tavern that serves pizzas for a party of 6,1,5,1,0.00046481277,2,OOD_Class_1
Tell me the forecast for 6 am in Tatra-Nationalpark,2,1,0,0.0001566012,2,OOD_Class_1
book a table in Fullerville at a highly rated bar,1,3,1,0.0008641954,2,OOD_Class_1
book a table with wifi in Delaware at a restaurant in one minute,1,1,1,0.007818839,2,OOD_Class_1
Book a spot for 4 in Oklahoma at South Street Diner,1,5,1,0.0006314178,2,OOD_Class_1
I want to add this bon scott song to my Post-grunge list,0,0,0,0.00020212619,2,OOD_Class_1
I'd like a restaurant on 6/1/2027 for 5 people in Iowa City,1,1,1,0.00052111695,2,OOD_Class_1
give zero point to this textbook,4,3,0,0.00011908499,2,OOD_Class_1
restaurant in West Virginia for my son and I,1,5,1,0.0018587807,2,OOD_Class_1
"Please find me the saga , The Deep Six .",5,4,0,0.00015298434,2,OOD_Class_1
I need a table at The Middle East in MN for a party of 6,1,3,1,0.002333241,2,OOD_Class_1
give 1 out of 6 points to current saga,4,3,0,0.000118680946,2,OOD_Class_1
Find me a table for two at seven somewhere in Australia,1,5,1,0.0013119867,2,OOD_Class_1
I want to hear opera on Netflix,3,2,0,0.00017067368,2,OOD_Class_1
What's the weather in Blackman Jordan,2,1,0,9.139344e-05,2,OOD_Class_1
"On Jun. the sixteenth, 2032 I'd like to go to Dillard House in Putnam Hall",1,1,1,0.0012746252,2,OOD_Class_1
book four people at a Madagascar bar,1,4,1,0.00027302705,2,OOD_Class_1
I would give the All That Fresh out the Box saga a rating of 2 points,4,3,0,0.00013613168,2,OOD_Class_1
Rate the current novel four of 6 stars,4,3,0,0.00011920387,2,OOD_Class_1
what is the weather of Pine City,2,1,0,9.540453e-05,2,OOD_Class_1
Where can I get the video game Faith in Chaos ?,5,4,0,0.0002006917,2,OOD_Class_1
Can you make reservations for 1 person in IL,1,1,1,0.010037408,2,OOD_Class_1
find the show Trancers,5,4,0,0.00016191295,2,OOD_Class_1
I would like Ignacio Figueredo 's tune added to electroNOW .,0,0,0,0.00025969936,2,OOD_Class_1
Book me a table for a party of eight in Germany .,1,4,1,0.0033903378,2,OOD_Class_1
Add album to Pop Rising,0,0,0,0.0001977312,2,OOD_Class_1
Weather within the same area as Qatar at four,2,1,0,0.000114623006,2,OOD_Class_1
Can I get the movies showtimes for the closest movie house .,6,5,0,0.00018618442,2,OOD_Class_1
"renee sanders, marlene and jewel want to go to a gastropub in the spa",1,5,1,0.0005674347,2,OOD_Class_1
I'd like to eat at the Original Spanish Kitchen in North Carolina,1,5,1,0.005558095,2,OOD_Class_1
How much wind will there be in NM on november 11th,2,1,0,0.00012781839,2,OOD_Class_1
I want to hear This Is The Night from Proof,3,2,0,0.00021431223,2,OOD_Class_1
What will the weather be in NM in 1 minute,2,1,0,9.2471775e-05,2,OOD_Class_1
I need a reservation for Red Square on aug. the 9th,1,1,1,0.00063750986,2,OOD_Class_1
Find a trailer called Eurythmics discography .,5,4,0,0.00023031399,2,OOD_Class_1
What is the forecast for Sanibel,2,1,0,0.000104680585,2,OOD_Class_1
play an eighties track,3,2,0,0.00013864042,2,OOD_Class_1
"Book a table at Carter House Inn in Saint Bonaventure , Alaska .",1,4,1,0.0018207881,2,OOD_Class_1
"What will the weather be at my current location on december the 2nd, 2029",2,1,0,0.000114410504,2,OOD_Class_1
I'd like a reservation for Thornbury Castle three hours from now in NM .,1,1,1,0.0004263304,2,OOD_Class_1
book a table in Tennessee for 1 for next August,1,3,1,0.0012238588,2,OOD_Class_1
book a pizza serving tavern for me and my brother,1,4,1,0.00025953195,2,OOD_Class_1
"Will it get chillier in Arkinda , Myanmar ?",2,1,0,0.000116209616,2,OOD_Class_1
Book an outdoor restaurant .,1,4,1,0.00030030883,2,OOD_Class_1
find the soundtrack titled This Side of Paradise,5,4,0,0.00015692007,2,OOD_Class_1
book now in KY at Loveless Cafe,1,4,1,0.00199156,2,OOD_Class_1
Book a table for 1 at RingSide Steakhouse in Hurricane .,1,5,1,0.003534656,2,OOD_Class_1
Whats the temperature not far from Valley of Fire,2,1,0,0.00011572768,2,OOD_Class_1
add farruko presenta los menores to my amor amor playlist,0,0,0,0.00018314377,2,OOD_Class_1
book spot for 7 at an indoor restaurant in MP now,1,5,1,0.0023087272,2,OOD_Class_1
I'd like to eat in Iran with a party of 9 on sep. the 12th,1,1,1,0.0006869774,2,OOD_Class_1
Book a restaurant in Mauritania for 1 person.,1,4,1,0.008314392,2,OOD_Class_1
table for 1 please,1,3,1,0.0051963655,2,OOD_Class_1
Rate the current novel two stars,4,3,0,0.00012002117,2,OOD_Class_1
book a restaurant in MS that can seat ten at 015147 pm,1,1,1,0.0035495032,2,OOD_Class_1
What will it be like feb. the twentieth in Colorado,2,1,0,0.00011529668,2,OOD_Class_1
Play me Hier Encore by greydon square,3,2,0,0.000100122445,2,OOD_Class_1
table for two on Nov. fifteenth,1,1,1,0.0013110847,2,OOD_Class_1
"I want to find a highly rated delicatessen in Childersburg , DE for one next February",1,1,1,0.0031780673,2,OOD_Class_1
book a table in Fleetwood at a nearby deli,1,5,1,0.0014363921,2,OOD_Class_1
Book a table for 10 at the Dunbrody Country House Hotel in Serbia,1,1,1,0.0026541944,2,OOD_Class_1
Where to buy Unarchigal,5,4,0,0.00019387559,2,OOD_Class_1
Book Laurelhurst Theater for 8 people.,1,4,1,0.00018109128,2,OOD_Class_1
Book me a restaurant ten minutes from now,1,5,1,0.0026855012,2,OOD_Class_1
add this album to my de camino a clase playlist,0,0,0,0.00018776144,2,OOD_Class_1
I need seating for ten people at a bar that serves czech cuisine,1,5,1,0.0009616456,2,OOD_Class_1
I want to book a table at The Commons Restaurant in South Pekin New Hampshire for a party of 10 on january the 24th,1,1,1,0.000678054,2,OOD_Class_1
I would like an outdoor cafeteria for 3,1,5,1,0.004908131,2,OOD_Class_1
Can you find me the Spectres television show ?,5,4,0,0.00015585213,2,OOD_Class_1
What is the foreast for my current location,2,4,0,0.00029980717,2,OOD_Class_1
I'd like to eat at an outdoor restaurant,1,5,1,0.0008973555,2,OOD_Class_1
I need a reservation for 4 in Illinois,1,3,1,0.005887732,2,OOD_Class_1
Would like to book a restaurant the last day of sukkot for lee and ines,1,4,1,0.0005538575,2,OOD_Class_1
Book a restaurant in Switzerland for 3 .,1,3,1,0.00025262134,2,OOD_Class_1
Add album to my Country Hits,0,0,0,0.00018287334,2,OOD_Class_1
I would like to book a goan restaurant for 8,1,3,1,0.00030279125,2,OOD_Class_1
I need to get a restaurant reserved in SD .,1,1,1,0.0025004398,2,OOD_Class_1
Book a table for 6 in New Hampshire for next week .,1,1,1,0.0053871484,2,OOD_Class_1
"rate the book A Girl, a Man, and a River a five",4,3,0,0.00011729676,2,OOD_Class_1
I need to book a top-rated steakhouse this Autumn for 1 around Azerbaijan,1,3,1,0.00024013722,2,OOD_Class_1
Can I see the TV show The Closer I Get ?,5,4,0,0.00014485288,2,OOD_Class_1
What is the weather like in the city of Frewen in the country of Venezuela,2,1,0,0.00011850203,2,OOD_Class_1
I want to book a restaurant for six people in Wagstaff AK .,1,1,1,0.0034655626,2,OOD_Class_1
Rate Bestiary of Dragons and Giants four of 6,4,3,0,0.00013123767,2,OOD_Class_1
Book a restaurant in Swaziland in 1 hour .,1,1,1,0.0008097592,2,OOD_Class_1
"Book The Crown at Whitebrook in the Solomon Islands for Dec. the twenty-third, 2029 .",1,4,1,0.013335197,2,OOD_Class_1
Is Judgment Day The John List Story playing at Megaplex Theatres ?,6,5,0,0.00013622311,2,OOD_Class_1
What is the movie schedule at Cineplex Odeon Corporation 12 hours from now,6,5,0,0.00015093805,2,OOD_Class_1
play classic rock on Slacker,3,2,0,0.00014416125,2,OOD_Class_1
I need to book a restaurant that serves sundanese in Bonaire for 7,1,1,1,0.013416244,2,OOD_Class_1
Lets go to a bistro in SD,1,5,1,0.0019902976,2,OOD_Class_1
book a spot for 3 in Egypt at five,1,3,1,0.00013328438,2,OOD_Class_1
I'd like to see the book The Royal Thousand,5,4,0,0.00012304967,2,OOD_Class_1
Rate the current essay 4 out of 6,4,3,0,0.00011598863,2,OOD_Class_1
book a restaurant for 2 at top-rated Hoonah TN,1,3,1,0.00016161738,2,OOD_Class_1
I'd like a table for six at the bakery in AS,1,5,1,0.0019405456,2,OOD_Class_1
Will it be colder at five o'clock at the Apolobamba Integrated Management Natural Area,2,1,0,0.00013322973,2,OOD_Class_1
I want to take my mom and I to the tea house,1,5,1,0.00042354103,2,OOD_Class_1
Book a table for six in a Togo restaurant,1,1,1,0.003131873,2,OOD_Class_1
What is the weather forecast one minute from now in Macao,2,1,0,9.077225e-05,2,OOD_Class_1
Is there a snowstorm in Russia,2,1,0,0.00014362557,2,OOD_Class_1
Play artist stu davis from the album Dub Chamber 3 on Netflix,3,2,0,0.00013755578,2,OOD_Class_1
I'm looking for River Disturbance,5,4,0,0.00011690761,2,OOD_Class_1
I want to make a reservation at the Conflict Kitchen for one,1,5,1,0.00046961597,2,OOD_Class_1
play The Happiest Days Of Our Lives by Tommy Emmanuel,3,2,0,0.00014401361,2,OOD_Class_1
play Fereydoun Farrokhzad best track,3,2,0,0.00012758374,2,OOD_Class_1
I want to eat breakfast at the Green Restaurant Certification,1,4,1,0.00028722707,2,OOD_Class_1
Rate The 8-Week Cholesterol Cure three out of 6 .,4,3,0,0.00011839022,2,OOD_Class_1
Book seven in neighboring Moorpark,1,4,1,0.0017676615,2,OOD_Class_1
this tune should go on my coffee table jazz playlist,0,0,0,0.00016885373,2,OOD_Class_1
Tell me the weather forecast here,2,1,0,0.00011592784,2,OOD_Class_1
I need a photograph of The Oregon Desert,5,4,0,0.00013687178,2,OOD_Class_1
rate First Man The Life of Neil A. Armstrong three of 6,4,3,0,0.0001226865,2,OOD_Class_1
I need a reservation for the Oasis Drive-In for a party of four,1,4,1,0.00045336987,2,OOD_Class_1
"i'd like reservations for two at a pizzeria , 22 weeks from now .",1,5,1,0.0007083616,2,OOD_Class_1
What's the weather like around Laos ?,2,1,0,0.00011121495,2,OOD_Class_1
Book me a table at a top-rated tea house in Suriname,1,4,1,0.0017096143,2,OOD_Class_1
"I want to eat a a brasserie that serves muffuletta , where can I get a reservation?",1,4,1,0.004239257,2,OOD_Class_1
When is The Blood of Others playing?,6,5,0,0.0005736783,2,OOD_Class_1
In UT at 7 pm will it be snowy,2,1,0,9.596146e-05,2,OOD_Class_1
I'd like to eat at a highly rated pub with 6 people,1,3,1,0.00012934668,2,OOD_Class_1
Find time for College Rock Stars at any movie theatre,6,5,0,0.00014402039,2,OOD_Class_1
show the trailer of Rugrats Go Wild,5,4,0,0.00016983639,2,OOD_Class_1
Give 2 out of 6 points to A Tale of Time City,4,3,0,0.00012945685,2,OOD_Class_1
Open up music on Last Fm .,3,2,0,0.0001430382,2,OOD_Class_1
Is The Little Irish Girl playing,6,5,0,0.00017373136,2,OOD_Class_1
add tune to my relax & unwind playlist,0,0,0,0.00018858947,2,OOD_Class_1
book The Fry Bread House for seven in Olive,1,4,1,9.826454e-05,2,OOD_Class_1
Book a table for seven people at a restaurant which has internet .,1,5,1,0.03189668,2,OOD_Class_1
"I want to eat Louisiana Fried Chicken in McColl , IA",1,1,1,0.0009391448,2,OOD_Class_1
Make a reservation for eunice thompson and elisa martin in the Virgin Islands in one minute .,1,1,1,0.0023498728,2,OOD_Class_1
Book a table for 6 in Verona .,1,1,1,0.021430932,2,OOD_Class_1
play the album Pressure Cracks with Netflix,3,2,0,0.00014973557,2,OOD_Class_1
I want these are the days added to my spotlight spain 2016 playlist.,0,0,0,0.00022166286,2,OOD_Class_1
Please find the Packed to the Rafters work.,5,4,0,0.00012316364,2,OOD_Class_1
Play the top of emil de cou,3,2,0,0.00014347363,2,OOD_Class_1
Book me a restaurant reservation in Fiji for zero am,1,1,1,0.0005644697,2,OOD_Class_1
Add So Far to my Retrovisor playlist.,0,0,0,0.00020391344,2,OOD_Class_1
what films are showing in the neighborhood,6,5,0,0.00013756679,2,OOD_Class_1
Book the Union Oyster House in Guanica Puerto Rico .,1,4,1,0.0001094286,2,OOD_Class_1
I rate Vivian Grey three .,4,3,0,0.000112196925,2,OOD_Class_1
Find the book A Glorious Way to Die,5,4,0,0.00015614745,2,OOD_Class_1
I want to add Black Ribbons to the i love my neo soul playlist,0,0,0,0.00019146391,2,OOD_Class_1
Weather for Burr,2,1,0,8.8144385e-05,2,OOD_Class_1
Add Progress to my clásica para todos playlist.,0,0,0,0.00019977425,2,OOD_Class_1
I want to watch the movie Maxime,5,4,0,0.00010412526,2,OOD_Class_1
Find me a showing of The Vanquished that starts nine hours and 1 second from now .,6,5,0,0.00014356444,2,OOD_Class_1
"I want to book a bar in Bow Mar , New Mexico",1,4,1,0.0011180082,2,OOD_Class_1
Where can I purchase the TV series The Mating Season,5,4,0,0.00015784368,2,OOD_Class_1
I want to book a restaurant with a pool for five in Conehatta,1,1,1,0.003186513,2,OOD_Class_1
The chronicle Charlie Peace earns 4 stars from me,4,3,0,0.00012358677,2,OOD_Class_1
Find the movie Splendor in the Grass,5,4,0,0.00014414119,2,OOD_Class_1
add the song don't drink the water to my playlist,0,0,0,0.00019146662,2,OOD_Class_1
I need to book a restaurant for seven people at elevenses Seafood restaurant,1,5,1,0.005143552,2,OOD_Class_1
add song to Women of SXSW,0,0,0,0.0001921184,2,OOD_Class_1
How will the weather be at 9 am in Anguilla ?,2,1,0,0.00010295824,2,OOD_Class_1
I'd like to go to a halal restaurant in twenty minutes around the District Of Columbia and book seats for four,1,5,1,0.00048885413,2,OOD_Class_1
I need to book a table at a fast food spot that serves slinger in PR,1,5,1,0.00043162145,2,OOD_Class_1
book a spot for nine at a top-rated brasserie that has swiss within the same area of New York,1,3,1,0.0001460885,2,OOD_Class_1
Will it be chillier seven weeks from now in Senegal,2,1,0,0.00011827171,2,OOD_Class_1
I need a table somewhere in Culver City WA,1,1,1,0.000532394,2,OOD_Class_1
I'd like a table for two at a brasserie in São Tomé and Príncipe,1,1,1,0.0023063684,2,OOD_Class_1
Add child owlet to my Sleep Sounds playlist,0,0,0,0.00018521289,2,OOD_Class_1
find a television show called Tiny Dancer,5,4,0,0.00016917464,2,OOD_Class_1
book a restaurant this year in Manning,1,1,1,0.00081610784,2,OOD_Class_1
Reserve in Bermuda a food court near jan and I,1,5,1,0.0024050616,2,OOD_Class_1
book a spot for 1 at a pub with internet,1,3,1,0.0006830903,2,OOD_Class_1
Book Georgetown Cupcake in Keller for tea time.,1,4,1,0.006016491,2,OOD_Class_1
I need a reservation for eight at a diner that has desserts in Ashmore TN,1,5,1,0.0030518733,2,OOD_Class_1
add what if punk never happened to autumn,0,0,0,0.00018674256,2,OOD_Class_1
I want to listen to the song The Loving Spirit,5,4,0,0.00011421779,2,OOD_Class_1
book a Boon Brick Store for my grandkid and I at Evans Mills,1,5,1,0.0012648636,2,OOD_Class_1
I would like to book the best food court with persian food within the same area as OK for my ex husband and I,1,4,1,0.00027961054,2,OOD_Class_1
Please play something from Dihan Slabbert that's on the top fifty,3,2,0,0.00014178893,2,OOD_Class_1
Book a reservation for six people at a churrascaria restaurant in Cook Islands one minute from now,1,1,1,0.003539564,2,OOD_Class_1
I give this next essay zero out of 6 points,4,3,0,0.00011966955,2,OOD_Class_1
what will the weather be for Hooksett,2,1,0,9.148312e-05,2,OOD_Class_1
add track to dance playlist,0,0,0,0.0001950498,2,OOD_Class_1
I'd like a table for five at any restaurant,1,5,1,0.00066186825,2,OOD_Class_1
book in Rocky Mound for four 1 hour from now,1,1,1,0.00085096236,2,OOD_Class_1
I'd like to eat at ten PM. anywhere neighboring to our house,1,5,1,0.0006413983,2,OOD_Class_1
"I need seats for six at a pub on January 15th, 2030",1,1,1,0.0027265404,2,OOD_Class_1
book a carolina style restaurant in North Korea for my grandkid and I,1,4,1,0.0007494944,2,OOD_Class_1
Play me a song by Avispa Music from 1965,3,2,0,0.00012972942,2,OOD_Class_1
Will there be a blizzard in Chapel Point State Park or in the same area,2,1,0,0.00013806137,2,OOD_Class_1
Rate this album a one,4,3,0,0.00012419272,2,OOD_Class_1
Please book a restaurant for 45 weeks from now in FM,1,1,1,0.00039289604,2,OOD_Class_1
Please find me Chance Pe Dance .,5,4,0,0.000117409945,2,OOD_Class_1
Play symphony music from Joe Dolce,3,2,0,0.00015756093,2,OOD_Class_1
add artist post metal to playlist,0,0,0,0.0001916523,2,OOD_Class_1
What is the weather like in Detroit,2,1,0,9.795452e-05,2,OOD_Class_1
Give zero / 6 stars to the current album,4,3,0,0.00011187066,2,OOD_Class_1
Is The Angelus playing at the movie house at dinner time?,6,5,0,0.00013036703,2,OOD_Class_1
I need to reserve a table for me and my mom at the nearest restaurant in the state of MH .,1,5,1,0.0044044773,2,OOD_Class_1
book at Tavern on the Green for in 1 minute in CO,1,1,1,0.00092111266,2,OOD_Class_1
book a socca serving steakhouse for 2 in Saint James Alabama,1,4,1,0.0037410753,2,OOD_Class_1
show creativity of song A Discord Electric,5,4,0,0.0001423173,2,OOD_Class_1
Book reservation in Gasconade at the best restaurant in DC,1,4,1,0.0008561792,2,OOD_Class_1
I want to book a bar neighboring our apartment .,1,4,1,0.00073068903,2,OOD_Class_1
book a restaurant for six in MP,1,1,1,0.0060322275,2,OOD_Class_1
Book spot for eight at bar that serves potée,1,5,1,0.00024578485,2,OOD_Class_1
add Troy Andrews to my pop punk powerhouses,0,0,0,0.00020351015,2,OOD_Class_1
play a tune by Margaret Kelly on Iheart,3,2,0,0.0001415087,2,OOD_Class_1
"Book a reservation for leticia, melva and twila edwards at Glassy Junction for five pm within the same area of our secondary residence",1,1,1,0.0061880844,2,OOD_Class_1
Play music from 2010 by Jason Donovan,3,2,0,0.00014416443,2,OOD_Class_1
book me a restaurant that is close for four people in Enid,1,1,1,0.0022250833,2,OOD_Class_1
what animated movies are showing at Star Theatres,6,5,0,0.00018294879,2,OOD_Class_1
Rate this book zero out of 6,4,3,0,0.00011770021,2,OOD_Class_1
courtney and ruby want to eat at a restaurant three years from now,1,5,1,0.0005106681,2,OOD_Class_1
charlene and I and are are in Liechtenstein and want restaurant reservations at midnight .,1,5,1,0.002511679,2,OOD_Class_1
book for six for 1 hour and 1 minute from now,1,5,1,0.00037605796,2,OOD_Class_1
book a table around London Borough of Ealing that is highly rated in a gluten free bar,1,3,1,0.00030364736,2,OOD_Class_1
I want to book a tea house that serves salade far from here at Midnight in Panama for two people.,1,5,1,0.003994582,2,OOD_Class_1
Play music from Gavin Koppell movement,3,2,0,0.00016137779,2,OOD_Class_1
Play got to be free by Madeleine Peyroux,3,2,0,0.00014734492,2,OOD_Class_1
What cinema is playing The Strongest Instinct now ?,6,5,0,0.00013904662,2,OOD_Class_1
Fine the movie schedule for Warren Theatres .,6,5,0,0.00016051196,2,OOD_Class_1
I'd like to visit a pizzeria with a pool at fourteen o'clock .,1,5,1,0.00030485864,2,OOD_Class_1
"Please look up the song , Twist of shadows .",5,4,0,0.00016346673,2,OOD_Class_1
Can I get a table for 3 in GU at a restaurant in the neighboring area that serves chicken french ?,1,5,1,0.0038400483,2,OOD_Class_1
Give this series 4 stars,4,3,0,0.00013560291,2,OOD_Class_1
evangeline and petra cooper want to go to a restaurant in 9 years,1,5,1,0.001701787,2,OOD_Class_1
I want to book a joint close by the naomi's hostel for a meal for 8 people.,1,5,1,0.0017741126,2,OOD_Class_1
I'd like to reserve a table at a pub that serves andouillettes within the same area in San Marino .,1,1,1,0.0070917564,2,OOD_Class_1
Is The Big Job playing at the nearest cinema ?,6,5,0,0.00016051393,2,OOD_Class_1
Please play Short And Sweet by Teyana Taylor from my itunes .,3,2,0,0.00016746952,2,OOD_Class_1
I need to book a highly rated restaurant in Coronado,1,4,1,0.00025827228,2,OOD_Class_1
IS Anti-Semitism in the 21st Century The Resurgence playing now,6,5,0,0.00015640855,2,OOD_Class_1
I need to book a restaurant in the same area as Thompsontown for emma and karen johnson,1,4,1,0.004303991,2,OOD_Class_1
I want some fusil contra fusil added to my dance hits playlist.,0,0,0,0.00023815602,2,OOD_Class_1
Book a table for 0445 pm at a restaurant in Washington .,1,1,1,0.005282869,2,OOD_Class_1
book a food truck in Nisswa for 4 at 5 pm,1,1,1,0.001354795,2,OOD_Class_1
I'd like to see weather conditions for Ennis .,2,1,0,0.00012112962,2,OOD_Class_1
Book a steakhouse with a pool for eight people.,1,4,1,0.020468948,2,OOD_Class_1
me and my grandmother want to eat umbrian food on January the 7th at a brasserie .,1,5,1,0.004935362,2,OOD_Class_1
book a pub for helen and miriam in nine years from now,1,5,1,0.0015268171,2,OOD_Class_1
Book a table for six around yolanda's apartment .,1,5,1,0.0059681926,2,OOD_Class_1
Give me a link to the A Little Something for Us Tempunauts soundtrack .,5,4,0,0.00041643874,2,OOD_Class_1
play anything from 1970,3,2,0,0.00012610947,2,OOD_Class_1
restaurant in Niger for my mom and I,1,5,1,0.002189954,2,OOD_Class_1
play top-twenty song from 2015,3,2,0,0.0001217536,2,OOD_Class_1
Reserve a table for teresa and elnora at a fast food joint which serves fish and chips,1,5,1,0.00048737592,2,OOD_Class_1
Play some Sam Moore .,3,2,0,0.00014557662,2,OOD_Class_1
give Power of Faerûn two of 6,4,3,0,0.00014441746,2,OOD_Class_1
give Portions from a Wine-stained Notebook Short Stories and Essays 0 points,4,3,0,0.00014633227,2,OOD_Class_1
Play music year 2016 by artist Michiru Yamane,3,2,0,0.00013203503,2,OOD_Class_1
play Groove Shark,3,2,0,0.0001287134,2,OOD_Class_1
book me a diner close-by Benin that serves strolghino for eight people,1,1,1,0.009671278,2,OOD_Class_1
Add viktor merjanov to california rock state,0,0,0,0.00017994843,2,OOD_Class_1
rate this current saga 3 out of 6 points,4,3,0,0.00012304766,2,OOD_Class_1
I am looking for The Complete Fillmore East Concerts,5,4,0,9.542206e-05,2,OOD_Class_1
Book me a table for 8 at a restaurant for seven pm,1,5,1,0.0005317909,2,OOD_Class_1
rate Winnie-the-Pooh four out of 6,4,3,0,0.00012857486,2,OOD_Class_1
rate this novel four points,4,3,0,0.00012352863,2,OOD_Class_1
At thirteen hundred hours what will the weather be on Ghana ?,2,1,0,0.00010539989,2,OOD_Class_1
Put some frank ferrer into my edna st vincent millay playlist.,0,0,0,0.00020183231,2,OOD_Class_1
Please book me a restaurant,1,4,1,0.00011855716,2,OOD_Class_1
Is it rainy at the Edward L. Ryerson Conservation Area ?,2,1,0,0.0001278163,2,OOD_Class_1
I need to reserve a table for my baby and I at a tibetan tavern,1,5,1,0.00028083197,2,OOD_Class_1
I need to book a table for 7 in Estonia,1,3,1,0.0019091066,2,OOD_Class_1
What time are films showing in the neighborhood,6,5,0,0.00013503752,2,OOD_Class_1
Can you help me search the album titled PlayMaker Football ?,5,4,0,0.00020029912,2,OOD_Class_1
Please book me a table at a food court faraway from Saint Kitts and Nevis .,1,5,1,0.006022739,2,OOD_Class_1
play the top twenty movement songs from Roberto Valverde,3,2,0,0.00014672286,2,OOD_Class_1
I would like to book a frozen yogurt restaurant for one,1,4,1,0.0014715014,2,OOD_Class_1
find Kebab Connection,6,4,0,0.00012544845,2,OOD_Class_1
Where can I book a table close to me in Moon Run at sixteen o'clock that will take three people,1,5,1,0.0014271545,2,OOD_Class_1
Rate my current textbook 0 out of 6,4,3,0,0.000110568486,2,OOD_Class_1
Book a reservation for 4 at a bar serving corn relish,1,5,1,0.004372691,2,OOD_Class_1
Rate this album a five,4,3,0,0.000116953786,2,OOD_Class_1
I want to book reservations for 8 at an indoor restaurant .,1,5,1,0.0047016726,2,OOD_Class_1
Book a restaurant in Papua New Guinea for me and my daughters,1,4,1,0.000465088,2,OOD_Class_1
book a table at Top Pot Doughnuts in 16 hours for 5,1,5,1,0.00048425657,2,OOD_Class_1
What movies are currently playing at the Caribbean Cinemas,6,5,0,0.00016083043,2,OOD_Class_1
Make me a reservation at a bar for a party of 7 in indonesian,1,4,1,0.0013897617,2,OOD_Class_1
Tell me if it'll be chillier now in Engadine,2,1,0,0.00013467242,2,OOD_Class_1
add cross bones style to Guest List TaKe,0,0,0,0.00018030261,2,OOD_Class_1
what is the weather forecast for Israel,2,1,0,0.00010509054,2,OOD_Class_1
How hot is it in Pesotum,2,1,0,0.0001207184,2,OOD_Class_1
I want to book a pub in MS that serves festoni,1,1,1,0.013984507,2,OOD_Class_1
Play Leanne Dobinson Right To Dream,3,2,0,0.00012482982,2,OOD_Class_1
Is A Short Film About Killing at North American Cinemas,6,5,0,0.00012666998,2,OOD_Class_1
book a spot far from Åland,1,4,1,0.00019440924,2,OOD_Class_1
Give me a top-rated restaurant that's eastern european,1,3,1,0.00043081236,2,OOD_Class_1
BOok me a table for 5 at a best rated restaurant in Italy,1,3,1,0.000155967,2,OOD_Class_1
Book The Mustard Seed in Turks and Caicos Islands for 9 people.,1,4,1,0.00013017564,2,OOD_Class_1
Book a restaurant with internet in NY for four people.,1,4,1,0.022947837,2,OOD_Class_1
Give this book a rating of 3 out of 6 points .,4,3,0,0.00012492396,2,OOD_Class_1
"book a spot for marlene, jordan and I on oct. the 6th",1,4,1,0.0016697104,2,OOD_Class_1
book a spot in Netherlands Antilles,1,1,1,0.0057323524,2,OOD_Class_1
book at Beardslee Castle in Fairview Lanes for fifteen o'clock,1,5,1,0.00064706645,2,OOD_Class_1
book a food truck for greek food for 7,1,4,1,0.00013053286,2,OOD_Class_1
Put some Stu Phillips in the women of acoustic playlist.,0,0,0,0.00023151017,2,OOD_Class_1
"this winter , meredith, betty and erika want to food at a gastropub that is in the same area as fran's location .",1,5,1,0.0046141613,2,OOD_Class_1
Add Geschwisterliebe to my string theory playlist.,0,0,0,0.00020252618,2,OOD_Class_1
For my playlist chill add the name Cater Fe She,0,0,0,0.00015810614,2,OOD_Class_1
Tell me the weather forecast one second from now in Barnum Island,2,1,0,0.0001007696,2,OOD_Class_1
show me the photograph with the title The Denial,5,4,0,0.00021955863,2,OOD_Class_1
need a table at a highly rated restaurant within walking distance from downtown for luisa and I,1,5,1,0.0063321525,2,OOD_Class_1
I want to book a highly rated fast food restaurant now .,1,4,1,0.00018578097,2,OOD_Class_1
Book a restaurant that serves agnolotti in Colorado City Idaho .,1,1,1,0.09203109,2,OOD_Class_1
Find me the show Krypto the Superdog,5,4,0,0.00014457165,2,OOD_Class_1
Would like to find the trailer for An Experiment with Time,5,4,0,0.00016158936,2,OOD_Class_1
Can you help me find the television show Women and Death,5,4,0,0.00016429184,2,OOD_Class_1
I'd rate the chronicle called The Art of Loving 3 points out of 6,4,3,0,0.000118565455,2,OOD_Class_1
Rate Decoding Reality 0 points,4,3,0,0.00012054893,2,OOD_Class_1
I need to take three people to eat,1,4,1,0.0046036807,2,OOD_Class_1
I want to watch Escape the Fate discography,5,4,0,0.000114243536,2,OOD_Class_1
my sons and I want to dine at The Water Club in Georgia,1,5,1,0.0004811543,2,OOD_Class_1
Set me up with a table at a bar with salade for 5,1,5,1,0.0006534285,2,OOD_Class_1
Can i get the showtimes for films at Dickinson Theatres ?,6,5,0,0.0001960732,2,OOD_Class_1
I rate The Variation of Animals and Plants under Domestication a value of 0,4,3,0,0.00012989706,2,OOD_Class_1
Book me a table for one at Blue Ribbon Barbecue,1,5,1,0.00026940418,2,OOD_Class_1
Find Secret Command .,6,4,0,0.00018009324,2,OOD_Class_1
"book a table for June the thirteenth, 2033 in Saint Barthélemy for 6 at an indoor tea house",1,1,1,0.0067918673,2,OOD_Class_1
Find a reservation at a brasserie restaurant nearby SC for a party of ten,1,5,1,0.00054508477,2,OOD_Class_1
party of four somewhere in SD,1,4,1,0.0003160557,2,OOD_Class_1
Book a table for three at a restarunt in Federal Hill,1,1,1,0.0026099198,2,OOD_Class_1
where do I see the trailer for Live Dates,5,4,0,0.00012209552,2,OOD_Class_1
Where can I buy a hardcover copy of the book The Intangibles of Leadership ?,5,4,0,0.00025759998,2,OOD_Class_1
book a molecular gastronomy serving restaurant on march the 20th,1,4,1,0.0019571367,2,OOD_Class_1
Add 100% te ljubam to the Hit Remix playlist,0,0,0,0.00020321563,2,OOD_Class_1
I'd like to eat with a party of nine in Snapfinger PA,1,1,1,0.000911432,2,OOD_Class_1
find the photograph The Air Is on Fire Soundscape,5,4,0,0.0001516548,2,OOD_Class_1
ad Czarna dziewczyna to instrumental madness playlist,0,0,0,0.000204793,2,OOD_Class_1
get me a reservation at a brasserie that serves jain in Pinto,1,5,1,0.0009897591,2,OOD_Class_1
Play music on Netflix .,3,2,0,0.00015240717,2,OOD_Class_1
find a novel called Best Hits Live Save the Children Speed Live 2003,5,4,0,0.00016205676,2,OOD_Class_1
Will it be warmer 1 minute from now at Farmington Canal State Park Trail,2,1,0,0.00012886808,2,OOD_Class_1
"Book a table for lois, effie price and I for next Summer in Italy .",1,4,1,0.021756819,2,OOD_Class_1
add josefina pla to isabelle's Guest List GamesRadar playlist,0,0,0,0.00018234308,2,OOD_Class_1
Can I get the movie schedule for the Bow Tie Cinemas .,6,5,0,0.00014947228,2,OOD_Class_1
Book a highly rated restaurant .,1,3,1,0.000772737,2,OOD_Class_1
book a restaurant for seven,1,4,1,0.00031597464,2,OOD_Class_1
I want to take nine people to a diner close to the spa,1,5,1,0.0007036725,2,OOD_Class_1
Play Hættuleg Hljómsveit & Glæpakvendið Stella by Kaori Iida,3,2,0,0.00012733099,2,OOD_Class_1
Add silver apples to teh sin estrés playlist.,0,0,0,0.00020075098,2,OOD_Class_1
Make a reservation at a tavern which serves clam cake for a party of 8 in Western Sahara .,1,5,1,0.0031980763,2,OOD_Class_1
What movie schedules are at National Amusements,6,5,0,0.00016177291,2,OOD_Class_1
What is the closest movie house playing What the Swedish Butler Saw,6,5,0,0.00014318746,2,OOD_Class_1
book a spot for my kids and I at a restaurant with frybread,1,5,1,0.00028361846,2,OOD_Class_1
Rate this album a one,4,3,0,0.00012419272,2,OOD_Class_1
What is the best restaurant in Kentucky for ten at 0 am,1,5,1,0.00069822994,2,OOD_Class_1
Book a restaurant with parking for kirsten morris and I .,1,5,1,0.008567697,2,OOD_Class_1
book a spot for 1 at a bakery with crab cake not far from New Jersey,1,3,1,0.00035996715,2,OOD_Class_1
show animated movie at Century Theatres,6,5,0,0.00014013895,2,OOD_Class_1
my timeless love songs playlist should include viderunt omnes,0,0,0,0.00014270487,2,OOD_Class_1
book a spot for selma and molly at a steakhouse with saucisse that is close-by McSherrystown,1,5,1,0.0006701639,2,OOD_Class_1
Please book reservations for 3 people at a restaurant in Alderwood Manor,1,4,1,0.048923116,2,OOD_Class_1
play me a Mel Draisey tune from the fourties with vimeo,3,2,0,0.00016240121,2,OOD_Class_1
I want to eat at a food truck this week with my colleague and I,1,5,1,0.00047873057,2,OOD_Class_1
reserve a smoking room at the restaurant,1,5,1,0.0002812686,2,OOD_Class_1
"I need to reserve two seats to eat at in Salina , Alabama .",1,1,1,0.007358875,2,OOD_Class_1
Give the current chronicle 3 of 6 stars,4,3,0,0.00012535193,2,OOD_Class_1
find TV series titled Sonata Mix Dwarf Cosmos,5,4,0,0.0001601777,2,OOD_Class_1
book in RI for one in Wabuska,1,1,1,0.004224088,2,OOD_Class_1
Where can I find the game Skip to the End ?,5,4,0,0.00017200713,2,OOD_Class_1
add this artist to the This Is Dirty Projectors playlist,0,0,0,0.00020481285,2,OOD_Class_1
book a spot for 8 in a cafeteria with german chocolate cake in Ecru New Mexico,1,1,1,0.0026183354,2,OOD_Class_1
Find a popular diner that serves brazilian close by Oklahoma for nine people.,1,5,1,0.0036705134,2,OOD_Class_1
I'm looking for the trailer to Evil or Divine - Live in New York City .,5,4,0,0.00016999576,2,OOD_Class_1
i give The Aquariums of Pyongyang 3 out of 6 stars,4,3,0,0.00012996371,2,OOD_Class_1
Find a photograph called Shout It Out .,5,4,0,0.00018364104,2,OOD_Class_1
"Book a reservation for a parry of eight for a restaurant in Birch River , MO",1,1,1,0.012463879,2,OOD_Class_1
Book reservations at a tea house in Lodi with my granddaughter and I,1,4,1,0.0009700815,2,OOD_Class_1
Book a reservation for Clinton Street Baking Company & Restaurant distant from downtown,1,5,1,0.0032207945,2,OOD_Class_1
"Can I get a restaurant reserved in Luquillo , District Of Columbia ?",1,1,1,0.0019752488,2,OOD_Class_1
Book the Gus Stevens Seafood Restaurant & Buccaneer Lounge in Papua New Guinea for one person.,1,4,1,0.00046851244,2,OOD_Class_1
What is the movie schedule at Douglas Theatre Company,6,5,0,0.0001398701,2,OOD_Class_1
book a spot for 7 at an outdoor food court in Denmark,1,5,1,0.0005609656,2,OOD_Class_1
add agua y sal in Classic Jazz Funk,0,0,0,0.00021684334,2,OOD_Class_1
book a highly rated bar in Burkina for georgia and I,1,3,1,0.0003203166,2,OOD_Class_1
Book The Crown at Whitebrook in RI for 2 people.,1,4,1,0.00020170154,2,OOD_Class_1
Please add a track by david freiberg to my workout playlist.,0,0,0,0.00020732704,2,OOD_Class_1
Find a song called In Your Eyes .,5,4,0,0.0001710004,2,OOD_Class_1
I want a table for four at a place in California,1,1,1,0.0029587282,2,OOD_Class_1
Play Have You Met Miss Jones by Nicole from Google Music .,3,2,0,0.00019228623,2,OOD_Class_1
"Book a table for my great grandfather and I at a place in Booker , AK .",1,1,1,0.0063880314,2,OOD_Class_1
Check the movie schedules .,6,5,0,0.0001464372,2,OOD_Class_1
Find me a table for 8 somewhee in Hollenberg in nine weeks,1,1,1,0.00047986067,2,OOD_Class_1
Tell me the weather forecast for Northern Mariana Islands one second from now,2,1,0,0.00010685002,2,OOD_Class_1
Book the Ballylickey House for 7/16/2027 .,1,4,1,0.00078315637,2,OOD_Class_1
I'd like to eat salads at a restaurant,1,5,1,0.0007172909,2,OOD_Class_1
Please play something that's freak folk on Google Music,3,2,0,0.0002041787,2,OOD_Class_1
"give me the weather forecast for Lower Lake on sep. 21, 2038",2,1,0,0.00015447686,2,OOD_Class_1
I need a table at The Ledbury at 18 o'clock,1,5,1,0.00025415476,2,OOD_Class_1
Rate From a Buick 8 0 out of 6,4,3,0,0.00011821656,2,OOD_Class_1
Can you get me seating for 5 people 1 minute from now in Tuvalu,1,5,1,0.00055086584,2,OOD_Class_1
book me a table at a bistro that serves maple syrup for a party of 10,1,5,1,0.00088512985,2,OOD_Class_1
add Chrome Reflection to my throwback thursday playlist,0,0,0,0.00018251929,2,OOD_Class_1
I need a table in Sacaton at a gluten free restaurant,1,5,1,0.0022588784,2,OOD_Class_1
I need a reservation for 8 at a top-rated restaurant in Hagaman,1,1,1,0.012891132,2,OOD_Class_1
Where to buy book Bright Ambush,5,4,0,0.0001579742,2,OOD_Class_1
Book a reservation for my mommy and I at a restaurant in Central African Republic,1,1,1,0.008297519,2,OOD_Class_1
show weather forcast here at 19,2,1,0,9.539845e-05,2,OOD_Class_1
play Richard Thompson from the thirties song book,3,2,0,0.00012488345,2,OOD_Class_1
Add our little corner of the world music from gilmore girls to my The Funny Thing About Football Is playlist.,0,0,0,0.00019928752,2,OOD_Class_1
I want to book a bougatsa restaurant in next year nearby Penn for three people.,1,1,1,0.0022775466,2,OOD_Class_1
find Valley of the Dolls,5,5,0,0.00095156214,2,OOD_Class_1
book The Middle East restaurant in IN for noon,1,4,1,0.00012966622,2,OOD_Class_1
book a brasserie with internet fascility for 5 in a year in Oklahoma,1,3,1,0.0035389676,2,OOD_Class_1
"I need a table for nine at a restaurant in Pelican Bay serving chips on December 6, 2031",1,1,1,0.0012190961,2,OOD_Class_1
turn on Last Fm to listen to Chara ballad from 1988,3,2,0,0.00013675501,2,OOD_Class_1
Book a restaurant in Michigan for 4 people.,1,4,1,0.0071728514,2,OOD_Class_1
I need a reservation for Blue Ribbon Barbecue far from NY for a party of 10,1,5,1,0.00046713406,2,OOD_Class_1
This current album deserve 0 points and a best rating of 6,4,3,0,0.00011547766,2,OOD_Class_1
I'd like to watch movies at the nearest movie house,6,5,0,0.0001872791,2,OOD_Class_1
Book me a restaurant reservation in Madagascar,1,1,1,0.0047435416,2,OOD_Class_1
Weather in Kaneville Maryland,2,1,0,9.4749594e-05,2,OOD_Class_1
Book a table for one at a highly rated bistro,1,3,1,0.0001284846,2,OOD_Class_1
book a table in Fiji for zero a.m,1,1,1,0.00035830456,2,OOD_Class_1
book for seven at Cozy Dog Drive In,1,4,1,0.0023984436,2,OOD_Class_1
I want to book a popular tyrolean steakhouse in Madison Park WA in 1 hour nine minutes and one second,1,5,1,0.0031898336,2,OOD_Class_1
book a spot for 9 in thirty three days at Ringlestone Inn close to Grenada,1,1,1,0.0009926007,2,OOD_Class_1
Find a table for 8 somewhere in Bonaire in 345 days,1,1,1,0.00027216107,2,OOD_Class_1
book a table for 3 far from Tullytown at a coffeehouse with a smoking room,1,5,1,0.0007016601,2,OOD_Class_1
i want to eat a highly rated breakfast restaurant,1,4,1,0.00040168402,2,OOD_Class_1
Play Murder The Mountains by Mana on Netflix,3,2,0,0.00014670921,2,OOD_Class_1
book a restaurant for six at an outdoor cafe in Åland,1,1,1,0.0061902152,2,OOD_Class_1
book a spot for six at a restaurant that serves fish and chips,1,5,1,0.00054452487,2,OOD_Class_1
I need a reservation in Pitcairn Islands for any restaurant  joint,1,1,1,0.0067132916,2,OOD_Class_1
book a table for ten downtown at a close-by restaurant,1,5,1,0.004644932,2,OOD_Class_1
Show me the animated movies starting at 105618 a.m. at the nearest movie house,6,5,0,0.00019838318,2,OOD_Class_1
Find a coffeehouse in Illinois for three,1,5,1,0.00035286808,2,OOD_Class_1
"My party of 3 would really like to eat baba au rhum at a brasserie , could you help?",1,4,1,0.00080723246,2,OOD_Class_1
book a table in Sterling Run for two with a pool and food court,1,5,1,0.0052339514,2,OOD_Class_1
Play the Late Night Jazz soundtrack on Zvooq .,3,2,0,0.00013904345,2,OOD_Class_1
book a restaurant for 8,1,3,1,0.00051747914,2,OOD_Class_1
I want to hear the sound track to Mary Macgregor new songs on Iheart,3,2,0,0.00015677881,2,OOD_Class_1
"Will be warm in Hallwood , Kosovo ?",2,1,0,0.000112852314,2,OOD_Class_1
Book a table for kristina and teresa in 1 second .,1,5,1,0.046337273,2,OOD_Class_1
book a popular food truck in Kentucky,1,4,1,0.00014729261,2,OOD_Class_1
Make me reservations for a highly rated restaurant .,1,4,1,0.0004856218,2,OOD_Class_1
Show me Southern Theatres movie times,6,5,0,0.00016804942,2,OOD_Class_1
what is the Orlovista forecast for midday within walking distance,2,1,0,0.0001101338,2,OOD_Class_1
play a Karin Dreijer Andersson soundtrack on Groove Shark,3,2,0,0.00015034099,2,OOD_Class_1
I give The Blood Book five stars,4,3,0,0.0001245559,2,OOD_Class_1
I'd like seats for one at a restaurant in 1 hour at a place in La Madera that has parking,1,5,1,0.0008602978,2,OOD_Class_1
find the movie Don’t Break the Heart That Loves You,5,4,0,0.00013150265,2,OOD_Class_1
add apathy to my electro sur playlist,0,0,0,0.00018368248,2,OOD_Class_1
I need a table in neighboring Carencro at the Bridge Round House,1,5,1,0.0007736866,2,OOD_Class_1
give The Last Child 4 of 6,4,3,0,0.00013527264,2,OOD_Class_1
add this album to tgif,0,0,0,0.00018493933,2,OOD_Class_1
Book the Atomic Cafe for ten people.,1,4,1,0.00013162225,2,OOD_Class_1
where is The Country Bears playing,6,5,0,0.00020803562,2,OOD_Class_1
Show me the television show The Angry Mob .,5,4,0,0.00018026127,2,OOD_Class_1
I need a table in your position at churrascaria for a hot dog in the same area,1,1,1,0.0009644329,2,OOD_Class_1
find a highly rated brasserie restaurant in Liberia and book a table for 5,1,3,1,0.00013532839,2,OOD_Class_1
Where can I stream a television show called Safety EP ?,5,4,0,0.00016802248,2,OOD_Class_1
I want to book a joint in a spa .,1,4,1,0.0001379859,2,OOD_Class_1
Is Storm Warning playing,6,5,0,0.00029423623,2,OOD_Class_1
What are the animated movies in the neighbourhood for the recent movie times,6,5,0,0.00018838038,2,OOD_Class_1
book a restaurant close to Grant Av,1,4,1,0.001009472,2,OOD_Class_1
Can I get the showtimes for films at Malco Theatres .,6,5,0,0.00021055265,2,OOD_Class_1
Book the Fashion Café for elevenses .,1,4,1,0.00013432973,2,OOD_Class_1
I need a reservation for a churrascaria in Oneonta Wyoming for a party of 4,1,3,1,0.0010715512,2,OOD_Class_1
Book a restaurant reservation in 6 weeks,1,1,1,0.00419521,2,OOD_Class_1
Can I get some russian cuisine at a restaurant with shari and I ?,1,5,1,0.0014033155,2,OOD_Class_1
add this tune by Nokio the N Tity to my this is bb king playlist,0,0,0,0.00018757902,2,OOD_Class_1
Put this artist in Pachangueo Total,0,0,0,0.0002710017,2,OOD_Class_1
I want to eat at the bar Saint Vincent and the Grenadines at thursday for five people,1,5,1,0.00025603315,2,OOD_Class_1
book a taverna for 10 for NY,1,3,1,0.0010428817,2,OOD_Class_1
rate the current saga a 4,4,3,0,0.00011966938,2,OOD_Class_1
I need a table in TN that's not to far for a party of ten,1,1,1,0.0012812931,2,OOD_Class_1
Like to book a seat in Monaco for the Yankee Doodle Coffee Shop,1,4,1,0.0003359804,2,OOD_Class_1
Show me the painting called Fool for Love .,5,4,0,0.0002756203,2,OOD_Class_1
I want to hear some acid punk music,3,2,0,0.00016097326,2,OOD_Class_1
"Will it be cold close-by Iowa on september twenty-first, 2025",2,1,0,0.00010726759,2,OOD_Class_1
Book a food truck in Argusville that has fish chips,1,4,1,0.0029164595,2,OOD_Class_1
Please let me know the weather forecast in Louisiana state,2,1,0,0.00012154643,2,OOD_Class_1
I need a table at T-Rex for nine in Brunei,1,1,1,0.0013025982,2,OOD_Class_1
Play Ramakadha by Karl Davydov please,3,2,0,0.00017559424,2,OOD_Class_1
"Reserve a table for nine people at a caribbean restaurant in White Creek , Utah .",1,1,1,0.008287232,2,OOD_Class_1
1 point for this next textbook,4,3,0,0.00014971923,2,OOD_Class_1
Please book me seating at the food court in Hazel Green for nine,1,5,1,0.00019253489,2,OOD_Class_1
I need a 6 rating or five with something like a saga in The Best Science Fiction of the Year 13,4,3,0,0.00011672547,2,OOD_Class_1
Add inconfundible to Stomp & Holler,0,0,0,0.00021600185,2,OOD_Class_1
what is the forecast for here at tea time,2,1,0,9.959654e-05,2,OOD_Class_1
Add Sheila to enamorándose,0,0,0,0.00020591127,2,OOD_Class_1
what will the weather be within the same area of Weir Farm National Historic Site,2,1,0,0.0001359273,2,OOD_Class_1
I want to book Meriton Grand Hotel Tallinn in New Jersey for four people.,1,4,1,0.00048395136,2,OOD_Class_1
book a restaurant on martin luther king jr. day with parking,1,1,1,0.01527887,2,OOD_Class_1
book in Bolivia a brasserie for tourte food,1,4,1,0.00014282412,2,OOD_Class_1
I would like to book a restaurant in Tanzania that is within walking distance for my mom and I,1,4,1,0.010400739,2,OOD_Class_1
Is The Unnaturals showing at 13 .,6,5,0,0.00016108173,2,OOD_Class_1
I want to book a restaurant,1,4,1,0.00011220458,2,OOD_Class_1
Look up Applied Linguistics,5,4,0,0.00019508573,2,OOD_Class_1
I need to book a table at The Star Inn that's within walking distance from my place in Ashland,1,5,1,0.003953741,2,OOD_Class_1
Will it be warmer in Saint Louis Park,2,1,0,0.000119543685,2,OOD_Class_1
Play Acid Punk music.,3,2,0,0.0001644749,2,OOD_Class_1
I need to find a table for 4 at a brasserie that has fondue,1,5,1,0.00028398467,2,OOD_Class_1
Look for the American Journal of Sociology,5,4,0,0.00011291026,2,OOD_Class_1
Show me The Heart Specialist,5,4,0,0.00013091916,2,OOD_Class_1
will the weather be warm in August at the faraway in Micronesia,2,1,0,0.000102556056,2,OOD_Class_1
"hannah lewis and chelsea want to go to a cafe in Botswana on Apr. the seventeenth, 2024",1,1,1,0.0050308546,2,OOD_Class_1
Please give me the forecast for Branton,2,1,0,0.000121368605,2,OOD_Class_1
book a restaurant table at the food court in the spa sixteen hours from now,1,5,1,0.000406693,2,OOD_Class_1
book a spot for 3 at a bar in Antarctica,1,3,1,0.0010705122,2,OOD_Class_1
find close by movie schedule movies,6,5,0,0.00015756061,2,OOD_Class_1
"I want to hear Leroi Moore on vimeo , play the song Chance Of A Lifetime .",3,2,0,0.00015616947,2,OOD_Class_1
Rate The Scoop 5 out of 6 points,4,3,0,0.0001254744,2,OOD_Class_1
Please make reservations for three at a kosher taverna nearby our secondary residence,1,5,1,0.0011558607,2,OOD_Class_1
I need a reservation for four minutes from now for 3 people in the Falkland Islands,1,1,1,0.0013071551,2,OOD_Class_1
find soundtrack titled The House of the Yellow Carpet,5,4,0,0.0001576939,2,OOD_Class_1
Where is Shake Your Powder Puff playing,6,5,0,0.00031678722,2,OOD_Class_1
Play the trailer for A Lineage of Grace,5,4,0,0.00014163322,2,OOD_Class_1
Book a table for 2 at a nearby restaurant .,1,5,1,0.0072357836,2,OOD_Class_1
add this song by torch to my Sing Along playlist,0,0,0,0.00019486037,2,OOD_Class_1
"I would like to book a table at a delicatessen in punjabi for me, angela and vilma",1,5,1,0.0121203745,2,OOD_Class_1
What movie times are Harkins Theatres,6,5,0,0.00016920522,2,OOD_Class_1
Reserve a table for 7 at a cafeteria in Lafe city .,1,1,1,0.0016287434,2,OOD_Class_1
book a southeastern restaurant in Heard Island and McDonald Islands,1,4,1,0.0024198184,2,OOD_Class_1
I need to make a reservation at a top-rated moroccan restaurant in Bone that is nearby and can seat 8,1,5,1,0.0046995715,2,OOD_Class_1
What's the weather forecast for Croatia on jul. 25th,2,1,0,0.00010779412,2,OOD_Class_1
I want to book a restaurant for 6 on january third within walking distance of Northvale,1,1,1,0.00035499272,2,OOD_Class_1
find A Pet of the Cairo Zoo,5,4,0,0.00011202305,2,OOD_Class_1
"I need a table at a restaurant serving carne pizzaiola for tamra davis, viola and dorothea",1,5,1,0.0012647747,2,OOD_Class_1
add a tune in Chill Vibes,0,0,0,0.00020530743,2,OOD_Class_1
add this Michael V track to my Folk & Americana,0,0,0,0.00018439635,2,OOD_Class_1
I'd like to see the show Onion SportsDome,5,4,0,0.00011775298,2,OOD_Class_1
Is it freezing in Kelso,2,1,0,0.00011285328,2,OOD_Class_1
"I'd like to book at a place in AR , looking for an oyster bar that is indoor and can accommodate a party of eight that is also within walking distance .",1,5,1,0.007918946,2,OOD_Class_1
What is the weather forecast for Tanque,2,1,0,9.587309e-05,2,OOD_Class_1
I need a table at a cafeteria for a party of 6 in AL,1,5,1,0.002423843,2,OOD_Class_1
I want to listen to Roger Daltrey from the sixties on slacker,3,2,0,0.00015048517,2,OOD_Class_1
I'd like a movie schedule for a close by movies,6,5,0,0.00015481678,2,OOD_Class_1
Add New Wave Blues to my Push Button Funk playlist,0,0,0,0.00019909181,2,OOD_Class_1
Get me a table at The Hand & Flowers for sixteen hours .,1,5,1,0.00020026999,2,OOD_Class_1
Give Star Songs of an Old Primate 4 out of 6 points,4,3,0,0.0001300275,2,OOD_Class_1
book for 2 at a cafe for burgers in Gasport,1,4,1,0.00029099936,2,OOD_Class_1
Find movie times for nine PM .,6,5,0,0.00017389166,2,OOD_Class_1
find Half a Truth,6,4,0,0.000470374,2,OOD_Class_1
add Joe Gibbs to my The Bachelor Party playlist,0,0,0,0.00019571855,2,OOD_Class_1
Find the photograph A Little Less Sixteen Candles,5,4,0,0.00014357339,2,OOD_Class_1
find Harry Potter and the Deathly Hallows – Part 2,5,4,0,0.00015705435,2,OOD_Class_1
I would like to hear a song by Tim Reynolds,3,2,0,0.00014067431,2,OOD_Class_1
Show me the A-Myin-thit TV series,5,4,0,0.00017402435,2,OOD_Class_1
Will it be overcast in 1 minute within walking distance of OH,2,1,0,0.000109679466,2,OOD_Class_1
I'd like to get reservations at a top-rated restaurant in Arkansas .,1,5,1,0.034256842,2,OOD_Class_1
I need a diner,1,4,1,0.00016554544,2,OOD_Class_1
"Book a table for 1 on November the first, 2022",1,1,1,0.009739839,2,OOD_Class_1
"I'm looking to book a table at a place in Newton Falls , prefereably within the same area that has space for 6",1,1,1,0.009572317,2,OOD_Class_1
"rate the book series I, Robot one out of 6 stars",4,3,0,0.00013028177,2,OOD_Class_1
I wish to add this album to the dinner playlist,0,0,0,0.00019043796,2,OOD_Class_1
When is The Jailbird showing at United Paramount Theatres,6,5,0,0.00012115951,2,OOD_Class_1
Find a reservation in Hesston NC at a new restaurant,1,1,1,0.0026401521,2,OOD_Class_1
"I need a place that serves smelt for a party of 4 , preferably a taverna",1,3,1,0.0010530637,2,OOD_Class_1
Play a popular Gurdas Maan track,3,2,0,0.00013293915,2,OOD_Class_1
phyllis ward and veronica need a table at a restaurant in 152 days,1,5,1,0.0025266393,2,OOD_Class_1
Please find me the nearest cinema playing Foreign Intrigue .,6,5,0,0.0001372905,2,OOD_Class_1
Play the track Pocahontas John Farnham,3,2,0,0.00012488125,2,OOD_Class_1
book a spot for my colleague and I at a pizzeria with a pool in Owings Mills Wisconsin,1,5,1,0.00056591415,2,OOD_Class_1
A novel of this quality deserves your rating of four points,4,3,0,0.000121908124,2,OOD_Class_1
rate the saga In Mortal Hands five out of 6 stars,4,3,0,0.00012060888,2,OOD_Class_1
rate the current textbook 4 of 6 points,4,3,0,0.000116045034,2,OOD_Class_1
Please play Casino Boogie,3,2,0,0.00012056529,2,OOD_Class_1
What time is movies playing around here,6,5,0,0.00015019994,2,OOD_Class_1
"book a spot for 8 at a tavern on Jun. the 11th, 2034",1,1,1,0.0062650293,2,OOD_Class_1
add Teddy Boy to my Irish Folk – Jigs & Reels playlist,0,0,0,0.00018960432,2,OOD_Class_1
"I would like to book a restaurant in the same area as Tremont Av for nadine, sherrie and I on 3/21/2018",1,1,1,0.0011728501,2,OOD_Class_1
Play the most popular music by Ronald Isley on Google Music,3,2,0,0.00015694498,2,OOD_Class_1
I would give The Lady of the Rivers 0 stars,4,3,0,0.000120138095,2,OOD_Class_1
forecast for Serbia,2,1,0,0.00010437101,2,OOD_Class_1
"I'd like a table for ten in 2 minutes at French Horn, Sonning Eye",1,5,1,0.00048875884,2,OOD_Class_1
Book a restaurant for three people in Jenkins .,1,1,1,0.008125273,2,OOD_Class_1
Where is picture Everybody Wants You,5,4,0,0.00010100461,2,OOD_Class_1
give four stars out of 6 to current book,4,3,0,0.00011885475,2,OOD_Class_1
Is the films 19 hours from now playing at Landmark Theatres,6,5,0,0.00017169496,2,OOD_Class_1
rate A Twist in the Tale zero out of 6 points,4,3,0,0.00012179204,2,OOD_Class_1
I want to hear that tune from 2010,3,2,0,0.00015908561,2,OOD_Class_1
I want to hear secrets on parade from Tommy Walter,3,2,0,0.0001448531,2,OOD_Class_1
Find Z Cars .,5,4,0,0.00020949807,2,OOD_Class_1
I want to hear a good song from 2016,3,2,0,0.00014040635,2,OOD_Class_1
"book for jessie, dale wright and lupe at a bistro on feb. 20, 2040",1,4,1,0.0007075377,2,OOD_Class_1
find an outdoor facility for midday in Datil at a pub for six,1,5,1,0.00030387074,2,OOD_Class_1
Add My Very Best to my road trip playlist.,0,0,0,0.00018422169,2,OOD_Class_1
I would like to book a restaurant for souvlaki cuisine in the state of NE,1,1,1,0.011823395,2,OOD_Class_1
Book a spot at a taverna for my cousin and I in Burundi,1,5,1,0.0005325013,2,OOD_Class_1
I need a top-rated pub in Friona,1,1,1,0.0043569463,2,OOD_Class_1
"I need a table for ten on april the eighteenth, 2030",1,1,1,0.0010676486,2,OOD_Class_1
give 5 out of 6 points to Thorn Castle,4,3,0,0.000118449105,2,OOD_Class_1
restaurant in South Sudan for 6,1,5,1,0.0055134925,2,OOD_Class_1
"I would like to book at a pub on mar. 8, 2020 that is close to Broadway-Lafayette St for my daughters and I .",1,5,1,0.004840703,2,OOD_Class_1
Book a reservation for Gaslight Tavern on may the twenty-seventh,1,1,1,0.0036337136,2,OOD_Class_1
add this tune by hart wand on this is wagner,0,0,0,0.00020772764,2,OOD_Class_1
book a spot for me and my great grandfather at a brasserie with a pool at 7 am,1,5,1,0.00030424324,2,OOD_Class_1
Play a top track by Janamanchi Seshadri Sarma,3,2,0,0.00015786804,2,OOD_Class_1
I want to eat by five pm in NE for a six people,1,1,1,0.00026753373,2,OOD_Class_1
can we expect cold and freezing conditions in Glacier-Nationalpark,2,1,0,0.00024427945,2,OOD_Class_1
book at table at Forest Av restaurant close-by for 2 1 second from now,1,5,1,0.0017529894,2,OOD_Class_1
I'd like to see Jack,5,5,0,0.000661526,2,OOD_Class_1
I want to eat close by East Brady for seven people,1,1,1,0.0007006574,2,OOD_Class_1
Can you find the soundtrack for Westcountry Live,5,4,0,0.00013331878,2,OOD_Class_1
put this artist on Domingo Indie,0,0,0,0.00020843104,2,OOD_Class_1
I'm looking for the work titled Converging Conspiracies,5,4,0,0.00015815254,2,OOD_Class_1
What will the weather be in one minute in Tanzania,2,1,0,9.901398e-05,2,OOD_Class_1
book a table at SkyCity in Salado for me and hannah,1,1,1,0.0018863579,2,OOD_Class_1
Book a restaurant for ten in Germfask .,1,1,1,0.0018542061,2,OOD_Class_1
My group of seven wants to eat at Yogurt Mountain in Slick tonight .,1,1,1,0.0047294907,2,OOD_Class_1
"book a spot for me, reyna and maxine at a taverna on monday",1,5,1,0.000692492,2,OOD_Class_1
Play rhythmic,3,2,0,0.00013542168,2,OOD_Class_1
I want to go see The Trouble with Girls,6,4,0,0.00066157745,2,OOD_Class_1
Add the song to my R&B Movement playlist.,0,0,0,0.00020481132,2,OOD_Class_1
Book a restaurant faraway from Albertson now .,1,1,1,0.005932097,2,OOD_Class_1
Play a chant from the fifties,3,2,0,0.00014041261,2,OOD_Class_1
"book a table at a restaurant within the same area as The Octagon, Christchurch in Allentown",1,1,1,0.0055380645,2,OOD_Class_1
what movies are close by,6,5,0,0.00017152951,2,OOD_Class_1
book me a taverna restaurant,1,4,1,0.00011355422,2,OOD_Class_1
book a spot for ten at a top-rated caucasian restaurant not far from Selmer,1,3,1,0.00070500874,2,OOD_Class_1
Book a table for a party of 7 next year in ID .,1,0,1,0.01079208,2,OOD_Class_1
What will the weather be in Milleville Beach ?,2,1,0,9.540667e-05,2,OOD_Class_1
Rate Encyclopedia of Domestic Animation four out of 6 stars,4,3,0,0.0001333055,2,OOD_Class_1
I give the next novel two stars,4,3,0,0.00014336218,2,OOD_Class_1
Show the Immortal Grand Prix,5,4,0,0.00014052719,2,OOD_Class_1
"Please make a restaurant reservation for somewhere in Mondovi , Connecticut .",1,1,1,0.006856772,2,OOD_Class_1
Reserve me a resturant for 5 at seventeen o'clock,1,5,1,0.0019624627,2,OOD_Class_1
I'd like to eat in Montana on 10/22/2030,1,1,1,0.0005010179,2,OOD_Class_1
"Get me a table at Prospect of Whitby in Blaine Hill , ID",1,1,1,0.0011233274,2,OOD_Class_1
Look up The Gun soundtrack,5,4,0,0.00011684854,2,OOD_Class_1
Find Drowning with Land in Sight .,5,4,0,0.00035008581,2,OOD_Class_1
When will The Flower and the Angry Waves be showing?,6,5,0,0.00026970328,2,OOD_Class_1
I would give Feast of the Innocents a value of 1,4,3,0,0.00015290637,2,OOD_Class_1
Restaurant in Brokaw for a cuisine russian far restaurant,1,1,1,0.003597406,2,OOD_Class_1
Show me the soundtrack The Phoenix,5,4,0,0.00013876012,2,OOD_Class_1
Play some seventies music on Netflix .,3,2,0,0.000158947,2,OOD_Class_1
Book a food truck that is highly rated in Honduras,1,3,1,0.0010309621,2,OOD_Class_1
Where can I find the painting of Without Condition,5,4,0,0.0001348808,2,OOD_Class_1
Incorporate time warp into my fairy tales playlist.,0,0,0,0.00024155216,2,OOD_Class_1
find a movie called Emerald City,5,4,0,0.0001509136,2,OOD_Class_1
Use the service Lastfm to play artist keren peles from the most popular symphony,3,2,0,0.00015863594,2,OOD_Class_1
Where can I find Richard the Lionheart Rebellion ?,5,4,0,0.000116941854,2,OOD_Class_1
Find me a table at a javanese brasserie,1,5,1,0.0002161221,2,OOD_Class_1
I need a table at a restaurant in Ireland serving kouglof,1,1,1,0.0040434524,2,OOD_Class_1
Play 2003 Ben Burnley on Spotify,3,2,0,0.00016771033,2,OOD_Class_1
play Robin Trower Unravel,3,2,0,0.0007947761,2,OOD_Class_1
Add this album to my orgánica playlist.,0,0,0,0.00020431213,2,OOD_Class_1
give me the movie times,6,5,0,0.00014614944,2,OOD_Class_1
I need a table booking for a highly rated sardinian pub .,1,4,1,0.0004981307,2,OOD_Class_1
I need seats for five at a place five and a half months from now,1,5,1,0.00019778681,2,OOD_Class_1
I would like to book Thomas Hynes House for 6 in Minnesota,1,4,1,0.0003770212,2,OOD_Class_1
Which movies are playing at AMC Theaters 1 second from now ?,6,5,0,0.00018348104,2,OOD_Class_1
Rate The Rules of Survival a 5 value,4,3,0,0.00013072698,2,OOD_Class_1
Book me a bar where I can get a bear claw in AS,1,4,1,0.0002310034,2,OOD_Class_1
Make me a reservation for a party of six at The K Club on feb. 7th,1,5,1,0.0004682431,2,OOD_Class_1
"Book a table for 1 , 1 second from now in Adelaide",1,1,1,0.00077668,2,OOD_Class_1
book a restaurant on next fall for 5,1,3,1,0.00025068558,2,OOD_Class_1
play Disney Sing It! – High School Musical 3 Senior Year,5,4,0,0.0002927061,2,OOD_Class_1
On 10/14/2026 I have two people to eat at Coney Island Hot Dog Stand,1,1,1,0.0034964539,2,OOD_Class_1
I need a reservation for a party of ten in Algeria .,1,4,1,0.0055825203,2,OOD_Class_1
find and book a restaurant that serves dumplings,1,4,1,0.00013255162,2,OOD_Class_1
what will be the temperature 1 minute and 8 seconds from now in Green Bottom Wildlife Management Area,2,1,0,0.00012944905,2,OOD_Class_1
Will it be overcast in Luxembourg in fourteen seconds,2,1,0,0.000119767814,2,OOD_Class_1
Book a restaurant in Darnell .,1,4,1,0.00043919534,2,OOD_Class_1
Add a song to my playlist Impulso Creativo,0,0,0,0.00018748653,2,OOD_Class_1
"book a spa in pizzeria on November 24, 2036",1,1,1,0.0041654347,2,OOD_Class_1
give two out of 6 points to Beyond a Boundary,4,3,0,0.00012907814,2,OOD_Class_1
the following essay is a two,4,3,0,0.00014783854,2,OOD_Class_1
Let me get reservations at a place neighboring Indonesia on August the nineteenth .,1,1,1,0.00061654934,2,OOD_Class_1
Book a reservation for a restaurant serving wontons for ten people in Leopold,1,1,1,0.003615676,2,OOD_Class_1
Add Yuna Ito to my Cena Elegante playlist,0,0,0,0.0001922139,2,OOD_Class_1
Restaurant in Durant for 3 PM,1,5,1,0.000999952,2,OOD_Class_1
rate this book 0 out of 6,4,3,0,0.00012214985,2,OOD_Class_1
I would like to book a puglia food court in KY,1,4,1,0.001312674,2,OOD_Class_1
Put Mike McCready in the kitchen swagger playlist.,0,0,0,0.00022307782,2,OOD_Class_1
I want to book a Minnesota bar,1,4,1,0.0002442518,2,OOD_Class_1
book a restaurant for one,1,3,1,0.0008567363,2,OOD_Class_1
I give this book Dictionary of the English Language a 4 rating,4,3,0,0.00013547015,2,OOD_Class_1
add A Compilation of Warped Music II to workout twerkout playlist,0,0,0,0.00021611333,2,OOD_Class_1
Find the movie schedule for animated movies in the neighbourhood .,6,5,0,0.00018419896,2,OOD_Class_1
I want to book a pub in Juniper for 8 that serves bûche de noël,1,1,1,0.0052258675,2,OOD_Class_1
What song is Detective Conan Dimensional Sniper,5,4,0,0.00011545582,2,OOD_Class_1
What movies are playing at Cineplex Odeon Corporation ?,6,5,0,0.00016788996,2,OOD_Class_1
I need a painting called Brubeck Plays Brubeck,5,4,0,0.00025030566,2,OOD_Class_1
"I'm going to Herkimer and want some liver and onions and I need a table for bessie, antonia and lisa at a cafe around 10 AM",1,5,1,0.0026656513,2,OOD_Class_1
Book a restaurant for one person at 7 AM,1,5,1,0.0011581783,2,OOD_Class_1
book a table for my step father and I,1,4,1,0.0003877839,2,OOD_Class_1
Please book me a table for three at an american gastropub,1,5,1,0.00039299665,2,OOD_Class_1
Add album to Acoustic Spring,0,0,0,0.00017767843,2,OOD_Class_1
I'd like to watch A Storm in the Stars at North American Cinemas,6,5,0,0.00013125328,2,OOD_Class_1
What time is Unholy Women playing?,6,5,0,0.00018273808,2,OOD_Class_1
Use Google Music to play some songs by Dr John,3,2,0,0.00015587351,2,OOD_Class_1
Book a restaurant in Botswana for seven people.,1,4,1,0.010556157,2,OOD_Class_1
I want to add a tune by Damon Johnson to my frescura indie playlist,0,0,0,0.00020016266,2,OOD_Class_1
Is there a cloud in the sky in Thornville on Feb. fifth,2,1,0,0.00013052374,2,OOD_Class_1
book a spot for two at Sale Creek at eight AM,1,1,1,0.00225096,2,OOD_Class_1
Is The Mystical Adventures of Billy Owens playing at the closest movie house,6,5,0,0.00015391508,2,OOD_Class_1
find Death Is Called Engelchen at Neighborhood Cinema Group,6,5,0,0.0003098402,2,OOD_Class_1
Show the latest animated movies movie times for the nearest movie house,6,5,0,0.00017678867,2,OOD_Class_1
Rate the current essay three of 6 points,4,3,0,0.00011094695,2,OOD_Class_1
Book me a table for me and my nephew near my location at an indoor pub,1,5,1,0.00049752876,2,OOD_Class_1
Find me a table for 1 at a restaurant with a pool at 3 am in Hitchcock FL,1,5,1,0.0014342498,2,OOD_Class_1
Let's play the album Handover on Deezer,3,2,0,0.0002403306,2,OOD_Class_1
Add Live from Aragon Ballroom to Trapeo,0,0,0,0.00018385652,2,OOD_Class_1
book a restautant in North Dakota at a bistro that is indoor,1,5,1,0.011813763,2,OOD_Class_1
Book me a reservation for Ad Hoc in Brazil for a party of 7,1,4,1,0.0003804944,2,OOD_Class_1
When is For Lovers Only playing?,6,5,0,0.0003470306,2,OOD_Class_1
Add your loving flame to my palylist Rock,0,0,0,0.00017646859,2,OOD_Class_1
Book a popular brasserie in Roads End,1,4,1,0.00040159127,2,OOD_Class_1
closest movie theatre with No Time for Sergeants,6,5,0,0.00015345938,2,OOD_Class_1
add artist to lo mejor de los 00's,0,0,0,0.00019466798,2,OOD_Class_1
Play Russell Morris 's The Singer And The Song on Netflix .,3,2,0,0.0001417761,2,OOD_Class_1
play 1951 tunes,3,2,0,0.00012175273,2,OOD_Class_1
"Is there a freezing forecast for Minto , Nicaragua ?",2,1,0,0.00013097443,2,OOD_Class_1
give 1 out of 6 points to this novel,4,3,0,0.00012226887,2,OOD_Class_1
show creativity of The Force Behind the Power,5,4,0,0.00014828247,2,OOD_Class_1
I feel that Sons and Lovers deserves a rating of 2 .,4,3,0,0.00011972798,2,OOD_Class_1
stacy watson and adriana want to go to the best osteria in Hallowell Minnesota this afternoon,1,5,1,0.0012982434,2,OOD_Class_1
Play Yuauea by Rick Ross,3,2,0,0.00011916455,2,OOD_Class_1
I'd like to eat at the best southeastern brazilian restaurant with five people,1,5,1,0.0007220505,2,OOD_Class_1
I want to book a restaurant far from the Municipal Borough of Mitcham for 10 people.,1,1,1,0.007016356,2,OOD_Class_1
Book a restaurant in El Salvador for 10 people.,1,4,1,0.0034746323,2,OOD_Class_1
find Some of My Best Friends Are...The Piano Players,5,4,0,0.00026028056,2,OOD_Class_1
I give the Budayeen Nights saga five out of 6 points .,4,3,0,0.00012541283,2,OOD_Class_1
Can you reserve a table within the same area as the AMerican Samoa for me and my mom,1,4,1,0.0057581053,2,OOD_Class_1
show creativity of photograph of My Wonderful Day,5,4,0,0.00015645998,2,OOD_Class_1
"What's the weather forecast for Central , North Dakota ?",2,1,0,0.00010853319,2,OOD_Class_1
What is the weather forecast in the country of Chile fifteen hours from now,2,1,0,9.988903e-05,2,OOD_Class_1
book a spot at a Crown Burgers that is close by West Compton,1,5,1,0.0009663081,2,OOD_Class_1
book a spot for 9 in New Mexico,1,3,1,0.0005624638,2,OOD_Class_1
Show The Caveman television show,5,4,0,0.0001737012,2,OOD_Class_1
"I'd like a table for three at Black Rapids Roadhouse on February 24th, 2039",1,1,1,0.0014477411,2,OOD_Class_1
I want to eat supper at a Lesotho plaCE,1,1,1,0.003674067,2,OOD_Class_1
Will it be foggy at sunset in Red Devil,2,1,0,0.000105692896,2,OOD_Class_1
Rate this book three points,4,3,0,0.000118160206,2,OOD_Class_1
Please add carmel to my lunchtime playlist.,0,0,0,0.0002010463,2,OOD_Class_1
I want to eat panisses the nearby cafeteria in Naytahwaush,1,5,1,0.0022329441,2,OOD_Class_1
"I want to book a restaurant in Wallsburg , Missouri for michele, diann and pam",1,4,1,0.0030947581,2,OOD_Class_1
this novel gets 0 out of 6 points,4,3,0,0.00012007937,2,OOD_Class_1
How chilly is it close to Hollidaysburg ?,2,1,0,0.000115753675,2,OOD_Class_1
I want to book a restaurant for ten this summer,1,1,1,0.0024377117,2,OOD_Class_1
Book the Slippery Noodle Inn in Gober .,1,4,1,0.0001579527,2,OOD_Class_1
Rate the current book one of 6 points,4,3,0,0.0001142456,2,OOD_Class_1
rate the current chronicle series 3 out of 6 points,4,3,0,0.00011949512,2,OOD_Class_1
what is the forecast for freezing weather here,2,1,0,0.000106536674,2,OOD_Class_1
What's the forecast for MT next week ?,2,1,0,0.0001085327,2,OOD_Class_1
Book reservations at a tea house with esperanza and tommie now,1,4,1,0.00021032596,2,OOD_Class_1
Play me a top-ten song by Phil Ochs on Groove Shark,3,2,0,0.00013729016,2,OOD_Class_1
please book a restaurant for nine members,1,4,1,0.00049159507,2,OOD_Class_1
"book a spot for 8 at The Kitchin on october the 13th, 2039",1,1,1,0.0015102278,2,OOD_Class_1
Book a reservation for Can Fabes nearby Namibia,1,1,1,0.00281548,2,OOD_Class_1
Play Niko from the fourties,3,2,0,0.00016584554,2,OOD_Class_1
Give Letty Fox Her Luck 4 out of 6 stars,4,3,0,0.00012807391,2,OOD_Class_1
I'd like to watch films at the closest movie theatre,6,5,0,0.0001780079,2,OOD_Class_1
Rate the chronicle Tarzan the Terrible a 4 out of 6,4,3,0,0.00012304753,2,OOD_Class_1
"What will the weather be on April 9, 2037 in New Brunswick Botanical Garden ?",2,1,0,0.00013493594,2,OOD_Class_1
Find movie schedules .,6,5,0,0.00015649066,2,OOD_Class_1
weather in Bashkirsky Nature Reserve 20 days from now,2,1,0,0.00010747692,2,OOD_Class_1
Book a restaurant this year for party of 2,1,4,1,0.0032327415,2,OOD_Class_1
Rate this book one stars,4,3,0,0.00012522923,2,OOD_Class_1
Book a reservation at a restaraunt in CT,1,1,1,0.0015566982,2,OOD_Class_1
I want to book a delicatessen serving testaroli in Somalia for 7/25/2027 .,1,1,1,0.04084369,2,OOD_Class_1
I want to take me and my crew to the smoking room restaurant,1,5,1,0.00035853966,2,OOD_Class_1
I want a table to seat 10 at a close-by to Ottumwa that serves osteria and ranch dressing .,1,5,1,0.0011967954,2,OOD_Class_1
"Book a pub for two on jan. first, 2037 .",1,1,1,0.00068706635,2,OOD_Class_1
I need reservations at Khedive Palace that's close in town .,1,5,1,0.0020853332,2,OOD_Class_1
Find time for films at the nearest movie theatre,6,5,0,0.00017270003,2,OOD_Class_1
"book a restaurant this week for joni, wilda sanders and I in AL",1,1,1,0.006492023,2,OOD_Class_1
Get me reservations for an indoor Honduras restaurant .,1,4,1,0.0005200548,2,OOD_Class_1
Book me a bar that's highly rated for georgia and I in Burkina,1,3,1,0.0011958319,2,OOD_Class_1
Play the greatest music from Bryan Maclean .,3,2,0,0.00014515266,2,OOD_Class_1
Book a restaurant with pool facility at East Gillespie,1,1,1,0.007206595,2,OOD_Class_1
Book a table for eight this month in Maldives .,1,1,1,0.0013609175,2,OOD_Class_1
Book a pub that serves fries for 9 people.,1,5,1,0.013230353,2,OOD_Class_1
Book a restaurant with parking facility for 3 .,1,3,1,0.015931685,2,OOD_Class_1
Play Salmonella Dub Dvd by mario rubalcaba on Vimeo,3,2,0,0.00018213423,2,OOD_Class_1
Will it get windy this week-end in Selva Jedediah Smith ?,2,1,0,9.9594414e-05,2,OOD_Class_1
put United Abominations onto my rare groove playlist,0,0,0,0.00022636933,2,OOD_Class_1
give 1 out of 6 points to Revolution World,4,3,0,0.00012131736,2,OOD_Class_1
I want to book a highly rated pizzeria in the same area as tia's house,1,4,1,0.0006692591,2,OOD_Class_1
I need to book a table for 4,1,3,1,0.00024931296,2,OOD_Class_1
Rate current book 2 of 6,4,3,0,0.000121139456,2,OOD_Class_1
Play The Lamentation Of Cloris,3,4,0,0.000696362,2,OOD_Class_1
Book a reservation for a gastropub serving liver and onions,1,2,1,0.030665874,2,OOD_Class_1
Book reservations at a restaurant for me and my ex husband in West Virginia,1,4,1,0.00095408404,2,OOD_Class_1
I want a table for 3 at a restaurant,1,5,1,0.0007701564,2,OOD_Class_1
I want to hear something from Post-punk Revival,3,2,0,0.00016050167,2,OOD_Class_1
Add patti page album to i love my neo soul,0,0,0,0.0001851215,2,OOD_Class_1
book a spot for three at a bakery in Grand Portage,1,5,1,0.0015956566,2,OOD_Class_1
Show the Bean and the Boys painting,5,4,0,0.0001698357,2,OOD_Class_1
Play me some Terror music,3,2,0,0.00013122601,2,OOD_Class_1
Find me a table at a delicatessen in Urbanette that serves rabbit pie,1,5,1,0.0012955616,2,OOD_Class_1
My rating for The Eiffel Tower and Other Mythologies is 0 out of 6 stars,4,3,0,0.0001227474,2,OOD_Class_1
find Kerasotes Theatres showing animated movies,6,5,0,0.00018223711,2,OOD_Class_1
Give Twas the Night Before Christmas 0 points out of 6 .,4,3,0,0.00012419395,2,OOD_Class_1
Will it be cold in Boyertown New Zealand in eighteen hours,2,1,0,0.000111755486,2,OOD_Class_1
Can you add some morton feldman piano and string quartet to my global funk playlist,0,0,0,0.00020222826,2,OOD_Class_1
Find a table for 2 at a restaurant in Saint Vincent and the Grenadines,1,5,1,0.0040922496,2,OOD_Class_1
"Book a table at the Eighth Step Coffee House that isn't too far from Vineyard Haven for candace phillips, debbie and sondra",1,5,1,0.0062064817,2,OOD_Class_1
I want to play the game The Celestial Hawk,5,4,0,0.00014080525,2,OOD_Class_1
"book a spot for marci, marylou and amelia far from North Korea",1,4,1,0.00013973207,2,OOD_Class_1
"I need a table at Light Horse Tavern in City of the Dalles NH for kathleen, brianna and I",1,5,1,0.001655419,2,OOD_Class_1
Book a nearby northeast indian restaurant in North Carolina for ten people at six am .,1,1,1,0.0028000448,2,OOD_Class_1
Book a reservation for 2 at Fashion Cafe in Diwali,1,5,1,0.0017367118,2,OOD_Class_1
rate this essay four out of 6 points,4,3,0,0.000118681084,2,OOD_Class_1
in 1 second I need a restaurant in San Marino for 9,1,1,1,0.001490167,2,OOD_Class_1
add eric johnson song to my The Refugee Playlist playlist,0,0,0,0.00018216451,2,OOD_Class_1
Book a restaurant in Three Points,1,3,1,0.00012107531,2,OOD_Class_1
"Book a reservation for The Dome, Edinburgh close to Brooklawn",1,4,1,0.00041368106,2,OOD_Class_1
Book a table for five at The Training Table .,1,4,1,0.0025240039,2,OOD_Class_1
Rate Peddling Prosperity zero stars,4,3,0,0.00010975981,2,OOD_Class_1
Book a reservation for nine people at a bakery in Nunez,1,1,1,0.0050832797,2,OOD_Class_1
Please call and reserve seating for march 6 at a diner in Kyrgyzstan,1,5,1,0.0013195729,2,OOD_Class_1
"21 weeks from now elinor, crystal turner and nita want to eat german food at a bar in distant California",1,5,1,0.0038767087,2,OOD_Class_1
Play me a Jill Scott sound track on deezer,3,2,0,0.00014082262,2,OOD_Class_1
book a Kuwait place at seven am at The Middle East,1,4,1,0.0019043047,2,OOD_Class_1
please book highly rated restaurant with food truck tuscan for me and adela in Hallam Indiana,1,4,1,0.0006452571,2,OOD_Class_1
book a highly rated restaurant in Central African Republic for 5 people on sep. the second,1,3,1,0.00015211689,2,OOD_Class_1
Find Beavis and Butt-head,5,5,0,0.001303567,2,OOD_Class_1
add Georgetown University Alma Mater to my evening acoustic playlist,0,0,0,0.00019773383,2,OOD_Class_1
what is the nearest movie house showing animated movies,6,5,0,0.0001856465,2,OOD_Class_1
Give one out of 6 stars to The Shiva Option,4,3,0,0.000116954885,2,OOD_Class_1
book a table for 6 at a restaurant in Nebraska,1,1,1,0.003936323,2,OOD_Class_1
Book me seating at a popular joint for Sep. the 10th,1,5,1,0.00029688815,2,OOD_Class_1
I need a table in the state of LA for katina and josefina gray,1,1,1,0.0023416462,2,OOD_Class_1
"I need a reservation for a restaurant in Bangladesh on feb. the 11th, 2032",1,1,1,0.0017077704,2,OOD_Class_1
Find the movie schedule for films in the area .,6,5,0,0.00015527185,2,OOD_Class_1
Will it be warmer at fourteen o'clock in Atlas Mongolia,2,1,0,0.00010674458,2,OOD_Class_1
What is the weather in twenty three minutes in NV,2,1,0,9.1483045e-05,2,OOD_Class_1
what will the weather be like in Brownfield,2,1,0,0.000101362486,2,OOD_Class_1
put Anna Grigorjewna Semenowitsch in all out 00s list,0,0,0,0.00018903299,2,OOD_Class_1
I want to hear sia furler 's popular songs on Last Fm,3,2,0,0.00014164105,2,OOD_Class_1
"me, bobbie and colette want to go to The Peak Lookout in Felicity",1,1,1,0.002019548,2,OOD_Class_1
"Tell me if it'll be freezing 333 days from now in Caplinger Mills , Florida",2,1,0,0.00015060263,2,OOD_Class_1
Book an indonesian brasserie for seven people the day after tomorrow in Hawaii .,1,4,1,0.00020267813,2,OOD_Class_1
"Play Oj, Jelena, Jelena, Jabuka Zelena by Ler Lalonde .",3,2,0,0.00023124952,2,OOD_Class_1
"I'd like a table for my teenager and I at the Washington, D.C. Jewish Community Center",1,5,1,0.00041311223,2,OOD_Class_1
Book a reservation for two at Mickies Dairy Bar in Weedsport,1,5,1,0.0017968847,2,OOD_Class_1
read the novel On-Line Encyclopedia of Integer Sequences,5,4,0,0.00032371454,2,OOD_Class_1
Play some Erin Harkes from the fifties on Lastfm .,3,2,0,0.0001444432,2,OOD_Class_1
Book a tea place at seven,1,4,1,0.00029764764,2,OOD_Class_1
book a restaurant that serves trottole in Tillicum,1,1,1,0.007963387,2,OOD_Class_1
book a restaurant for my baby and I in Delaware,1,4,1,0.0047290907,2,OOD_Class_1
Will there be a blizzard at a 4 AM in Sky Valley,2,1,0,0.0001100181,2,OOD_Class_1
what movie is playing at Showcase Cinemas,6,5,0,0.00014430966,2,OOD_Class_1
book a spot at a sushis diner in Minnesota,1,5,1,0.001088371,2,OOD_Class_1
Add Madman to Trap Land playlist,0,0,0,0.00018368162,2,OOD_Class_1
Rate Shadow of Night a 1,4,3,0,0.00012400984,2,OOD_Class_1
add Jonathan Sprout album to my this is miranda lambert playlist,0,0,0,0.00019362765,2,OOD_Class_1
book a churrascaria in Macao on May the twenty-third,1,1,1,0.0017804807,2,OOD_Class_1
Play the music from the playlist Get Lit,3,2,0,0.000115820185,2,OOD_Class_1
"Please search for the TV show , The Best of White Lion .",5,4,0,0.0001628583,2,OOD_Class_1
listen to Pmd symphony,3,2,0,0.00013903905,2,OOD_Class_1
I want to rate this novel three out of 6,4,3,0,0.00012504587,2,OOD_Class_1
play them by Guy-manuel De Homem-christo,3,2,0,0.0001491711,2,OOD_Class_1
Book a reservation for bettye and lakeisha jimenez at a bar,1,5,1,0.0047399607,2,OOD_Class_1
Can i see the Boat People ?,5,5,0,0.0007973549,2,OOD_Class_1
Give me Pacific Theatres movie schedules,6,5,0,0.0001531627,2,OOD_Class_1
Rate Hate That Cat 1 out of 6 stars .,4,3,0,0.00012745048,2,OOD_Class_1
Book a reservation for a restaurant serving burger in Malaysia,1,1,1,0.020751854,2,OOD_Class_1
I'd like to eat at a top-rated restaurant in Turks and Caicos Islands,1,5,1,0.015726645,2,OOD_Class_1
Find Pat Garrett y Billy the Kid .,5,4,0,0.00021773849,2,OOD_Class_1
rate the book Strumpet City zero for 6,4,3,0,0.00011413382,2,OOD_Class_1
Find a reservation for three at a top-rated restaurant,1,5,1,0.003933454,2,OOD_Class_1
What will the weather be in Monument of Lihula on december the 5th ?,2,1,0,0.000103057966,2,OOD_Class_1
"book a spot for five at a brasserie on jan. 7, 2023",1,1,1,0.0015538457,2,OOD_Class_1
I would like to book a highly rated restaurant for a party of ten .,1,3,1,0.00013636876,2,OOD_Class_1
I want a table for 2 at a Portugal restaurant,1,5,1,0.0014358538,2,OOD_Class_1
Add Tony McGuinness to my playlist I Love My 90s Hip Hop,0,0,0,0.00019438482,2,OOD_Class_1
Put nothing remains the same on my summer music playlist,0,0,0,0.00024184705,2,OOD_Class_1
book a eggo serving brasserie for ten,1,4,1,0.0020737739,2,OOD_Class_1
play Tonight Only! by Nastya Kamenskih,3,2,0,0.000113024515,2,OOD_Class_1
"Tell me the weather forecast one year from now in Kulpsville , Togo",2,1,0,0.00011683768,2,OOD_Class_1
book a spot distant from the neighborhood on the Week-end,1,1,1,0.0011212325,2,OOD_Class_1
book a spot for tommie and vera rogers in Irvine at 7 AM,1,5,1,0.000533337,2,OOD_Class_1
Play a popular song by Willie Dixon on Groove Shark,3,2,0,0.00013755796,2,OOD_Class_1
what animated movies are showing in the neighborhood,6,5,0,0.00017136746,2,OOD_Class_1
Give me the movie schedule for Cineplex Odeon Corporation,6,5,0,0.00014165635,2,OOD_Class_1
forecast for Samoa next sat.,2,1,0,0.00011654895,2,OOD_Class_1
Play Alfredo Zitarrosa on spotify .,3,2,0,0.0001708562,2,OOD_Class_1
"Book reservations at a restaurant in New Zealand with tammi, beverly and alba",1,4,1,0.0042295395,2,OOD_Class_1
Book a breakfast in a restaurant for eight .,1,4,1,0.0046406696,2,OOD_Class_1
add Bedroom Jams to album,0,0,0,0.00020966181,2,OOD_Class_1
book a spot for elise and alma at a brasserie in Ravensdale MH for this week,1,5,1,0.00037212553,2,OOD_Class_1
Book a restaurant in WI at 132234 for 9 people.,1,1,1,0.0010882205,2,OOD_Class_1
What time is The Message playing at Loews Cineplex ?,6,5,0,0.00011880255,2,OOD_Class_1
"restaurant in Kuwait for seven , Mar. eighteenth, 2030",1,1,1,0.00053953327,2,OOD_Class_1
I want to book a restaurant for eight in Harding .,1,1,1,0.0011002907,2,OOD_Class_1
Add this song to my fairy tales,0,0,0,0.00019202312,2,OOD_Class_1
Rate this album 2 stars,4,3,0,0.00013613376,2,OOD_Class_1
Play a top twenty symphony by Bumble Bee Slim,3,2,0,0.00013864409,2,OOD_Class_1
"I'd like a reservation at a place in Iran for neva, alice and maggie parker .",1,1,1,0.0071662436,2,OOD_Class_1
Rate current series one,4,3,0,0.00010948521,2,OOD_Class_1
Search for Informix Wingz,5,4,0,0.00012008856,2,OOD_Class_1
"I need a reservation for february 27, 2020 at a bar that serves paté",1,1,1,0.0025123823,2,OOD_Class_1
book a gratin serving tea house in Bushkill,1,4,1,0.0003385089,2,OOD_Class_1
I want to book a restaurant for ten people.,1,4,1,0.00054558914,2,OOD_Class_1
"book a spot for me, tiffany and sondra at a top-rated restaurant in MS with udupi",1,4,1,0.00050424907,2,OOD_Class_1
"Book a reservation for 6 in Belle Plaine , NE",1,1,1,0.005494034,2,OOD_Class_1
"I'm craving mac and cheese . Book a table at a Portland Mills , KS restaurant . I need it for one second from now",1,5,1,0.0062403237,2,OOD_Class_1
book a table for 1 at a restaurant,1,3,1,0.00069595524,2,OOD_Class_1
add nico to my rock to work,0,0,0,0.00017802724,2,OOD_Class_1
I need a restaurant for a party of three,1,4,1,0.0003319624,2,OOD_Class_1
play the album Journeyman,5,2,0,0.00053430005,2,OOD_Class_1
I need to see the movie schedules,6,5,0,0.00013622906,2,OOD_Class_1
what kind of films are at the closest movie house,6,5,0,0.00016903717,2,OOD_Class_1
Book a restaurant this year in Pagosa Junction for a romanian stle cusine for a party of two,1,1,1,0.0015512932,2,OOD_Class_1
add tune to my metal crash course playlist,0,0,0,0.00018261,2,OOD_Class_1
Find movie times for B&B Theatres .,6,5,0,0.00020052657,2,OOD_Class_1
Reserve a table for one at a top-rated restaurant nearby that serves goiano for this month in MD,1,1,1,0.0026811892,2,OOD_Class_1
"Please find me the work, Ace of Spades .",5,4,0,0.00017505443,2,OOD_Class_1
I need a table for five at Childs Restaurants in Brunei .,1,1,1,0.002897229,2,OOD_Class_1
Find the work Compiled fragments 1997-2003,5,4,0,0.00013889556,2,OOD_Class_1
Need table for two in Pleasant City,1,1,1,0.0002424343,2,OOD_Class_1
I want to listen to nineties chant songs,3,2,0,0.00015509978,2,OOD_Class_1
rate Doctor No one of 6,4,3,0,0.0001154791,2,OOD_Class_1
book a spot for six on October fifth in Mineola,1,1,1,0.0019661787,2,OOD_Class_1
Add from the ashes to my rock gaming playlist,0,0,0,0.00018368108,2,OOD_Class_1
Can you help me find the We No Who U R game ?,5,4,0,0.00015195459,2,OOD_Class_1
I need a reservation for eight for a brasserie that serves spanish rice,1,5,1,0.0040959,2,OOD_Class_1
Book Mars 2112 in Rwanda for 4 people.,1,4,1,0.00017985913,2,OOD_Class_1
Can you let me know the films that are on the movie schedules in the area at noon ?,6,5,0,0.00016560656,2,OOD_Class_1
Can you get me the Starcross saga ?,5,4,0,0.00014344194,2,OOD_Class_1
I'd like to get reservations for four at a restaurant that serves apple sauce .,1,5,1,0.0034468733,2,OOD_Class_1
Play me the show House of Stairs,5,4,0,0.000120669494,2,OOD_Class_1
Book a close by brasserie in NC .,1,4,1,0.0021005927,2,OOD_Class_1
read the novel Friend The Great Legacy,5,4,0,0.00013488343,2,OOD_Class_1
I want to book a restaurant with creamed eggs on toast on Kansas Day within walking distance of British Indian Ocean Territory,1,1,1,0.0044061607,2,OOD_Class_1
Please book a room in The River Café restaurant to accommodate eight members in Andorra,1,4,1,0.020105906,2,OOD_Class_1
I'd like to eat at an oyster bar with a pool,1,5,1,0.00035267934,2,OOD_Class_1
I'd like to listen to Diana Vickers best tune from the twenties,3,2,0,0.00014027038,2,OOD_Class_1
Show the movie schedules at KB Theatres,6,5,0,0.00017975556,2,OOD_Class_1
put this frederick knight track on my the midnight hour playlist,0,0,0,0.00022438756,2,OOD_Class_1
Tell me if it'll be chillier in 3 minutes here,2,1,0,0.0001790944,2,OOD_Class_1
Find All Jets Are Gonna Fall Today saga,5,4,0,0.0001343453,2,OOD_Class_1
Play Oliver on pandora .,3,2,0,0.000185634,2,OOD_Class_1
Play El Cant Dels Ocells by vini lopez .,3,2,0,0.00016177021,2,OOD_Class_1
Rate the City of Lost Souls one of 6 points,4,3,0,0.00012395169,2,OOD_Class_1
I need a table at the close restaurant for my niece and I at the Brooklyn Bridge-City Hall .,1,5,1,0.00038167974,2,OOD_Class_1
What's the movie schedule for Great Escape Theatres,6,5,0,0.00014151921,2,OOD_Class_1
I'm looking for a table of eight at The Alley .,1,4,1,0.00012657391,2,OOD_Class_1
book a spot at a restaurant with trattoria in Otho DE,1,1,1,0.0030274729,2,OOD_Class_1
Need a booking for a party of five at a restaurant in French Polynesia,1,4,1,0.0002527101,2,OOD_Class_1
I want to book the Clarke Cooke House in Uzbekistan,1,4,1,0.000116136165,2,OOD_Class_1
Need to book a restaurnt for a party of nine on Thomas Jefferson's Birthday,1,4,1,0.00018508927,2,OOD_Class_1
Bring up the book Perfume The Story of a Murderer,5,4,0,0.00015478174,2,OOD_Class_1
Book a food court in Raytown Arizona that serves green bean casserole on july 20th .,1,1,1,0.0028630057,2,OOD_Class_1
Rate the current textbook a 0 out of 6 .,4,3,0,0.00011724112,2,OOD_Class_1
Play me some Max Martin on Lastfm,3,2,0,0.00013203143,2,OOD_Class_1
I want to give the current textbook 0 out of 6 stars,4,3,0,0.000114804636,2,OOD_Class_1
Book me a table at a Tartinery Restaurant not far from my home in Elk Rapids .,1,1,1,0.016304884,2,OOD_Class_1
Find me The Memorial,5,4,0,0.00012360449,2,OOD_Class_1
Book a brazilian diner for 9 that's highly rated within the same area as Comoros,1,3,1,0.0001083028,2,OOD_Class_1
"Book a reservation for a restaurant in Stonewood , GU",1,1,1,0.012275653,2,OOD_Class_1
"book a table not far in WY at a gastropub with internet for me, jenny and antoinette in one week",1,5,1,0.0018466477,2,OOD_Class_1
i want the movie schedules for movies around here,6,5,0,0.00018098649,2,OOD_Class_1
book in Falkland Islands at Atomic Cafe,1,4,1,0.0001313485,2,OOD_Class_1
I'd like to eat at a restaurant far from Grantsburg,1,1,1,0.0034024036,2,OOD_Class_1
Is it going to be nicer next week in Hamel Belize,2,1,0,0.00011966135,2,OOD_Class_1
movie schedule of films around here,6,5,0,0.00012282816,2,OOD_Class_1
What is the forecast in Heber,2,1,0,9.094839e-05,2,OOD_Class_1
Book a restaurant with wifi for nine people.,1,2,1,0.07018805,2,OOD_Class_1
I want to find an oyster bar with tetrazzini for 9 people,1,5,1,0.00027659896,2,OOD_Class_1
add this gisela song to my dancehall official,0,0,0,0.00018831261,2,OOD_Class_1
book a spot at a pizza place nine weeks from now in Wisconsin,1,5,1,0.0015765596,2,OOD_Class_1
Find me The Rise and Fall of the Great Lakes saga .,5,4,0,0.00016064555,2,OOD_Class_1
Find Games Wizards Play TV series,5,4,0,0.00013278663,2,OOD_Class_1
Show the movie schedule,6,5,0,0.00012611029,2,OOD_Class_1
I need a reservation for two at a diner in Venezuela,1,1,1,0.0041465205,2,OOD_Class_1
Give the book The Adventures of James Bond Junior 003½ 2 points for a rating.,4,3,0,0.00013226761,2,OOD_Class_1
book a spot at a crab restaurant,1,5,1,0.0008695539,2,OOD_Class_1
What films are there being played at Megaplex Theatres ?,6,5,0,0.00017628886,2,OOD_Class_1
I want to hear a Gucci Mane song from Last Fm from 2002,3,2,0,0.00013424014,2,OOD_Class_1
What kind of weather will be in VA 12 years from now ?,2,1,0,0.00010790007,2,OOD_Class_1
Find a book called Environment and Behavior .,5,4,0,0.0007900346,2,OOD_Class_1
book Red Crown Tourist Court now for ten not far from Tin City,1,4,1,0.00057111913,2,OOD_Class_1
"Book a table at a bar in Moody for deloris, ester and petra alvarez .",1,2,1,0.012131585,2,OOD_Class_1
rate the current essay 5 points,4,3,0,0.00011127204,2,OOD_Class_1
book for one in Indiana at a restaurant,1,4,1,0.00011235761,2,OOD_Class_1
Get me the Trick or Treats soundtrack .,5,4,0,0.0001289611,2,OOD_Class_1
Book a table for 10 at Top Pot Doughnuts,1,3,1,0.0015398173,2,OOD_Class_1
Add a rachael price album to TODO EDM,0,0,0,0.00019581123,2,OOD_Class_1
I'd like to reserve a spot at a bakery in Guyana in feb .,1,1,1,0.00056714454,2,OOD_Class_1
I want to play the game Guitar Heaven ... The Greatest Guitar Classics of All Time,5,4,0,0.00030847455,2,OOD_Class_1
Incorporate a russel walder track onto gay's Funk Rock playlist.,0,0,0,0.00027498262,2,OOD_Class_1
"Book a spot for kelli, jean and I at a pub at elevenses",1,5,1,0.00021908856,2,OOD_Class_1
When is Twentynine Palms playing at Plitt Theatres ?,6,5,0,0.00014109237,2,OOD_Class_1
I'd like to watch films anywhere nearby,6,5,0,0.00015063149,2,OOD_Class_1
What films are showing at the closest movie theatre ?,6,5,0,0.00017715055,2,OOD_Class_1
play the 2014 album from la lupe,3,2,0,0.00011893226,2,OOD_Class_1
me and aisha and craving cordon bleu and need to book a table at a brasserie .,1,4,1,0.00020959943,2,OOD_Class_1
I need a table for 10 at the best gastropub,1,5,1,0.00087791565,2,OOD_Class_1
Play Wynton Kelly music on Netflix sort by popular,3,2,0,0.00014096152,2,OOD_Class_1
"I need to book a table at Bridge Round House in South Dakota for me, emily and gena",1,5,1,0.0023746807,2,OOD_Class_1
add this Ricardo Villalobos track to under the surface,0,0,0,0.00019476119,2,OOD_Class_1
I want to book at a pub with parking in Cuba .,1,5,1,0.00030556778,2,OOD_Class_1
book for 10 in a restaurant,1,4,1,0.00033734686,2,OOD_Class_1
Can I get the movie schedules for Marcus Corporation .,6,5,0,0.00013556541,2,OOD_Class_1
Please play music from Itunes,3,2,0,0.00013635255,2,OOD_Class_1
When is His English Wife showing at the Neighborhood Cinema Group ?,6,5,0,0.00012525058,2,OOD_Class_1
I want to give The Coming of the Terraphiles a rating of 1 .,4,3,0,0.000121435456,2,OOD_Class_1
Show me a copy of the picture Double Deal .,5,4,0,0.00021114628,2,OOD_Class_1
Play my playlist springtime,3,2,0,9.525021e-05,2,OOD_Class_1
How cold is it in Martinique,2,1,0,0.0001022537,2,OOD_Class_1
what is the cold condition of our current position for tomorrow,2,1,0,0.00016314653,2,OOD_Class_1
I have a party of 8 and we want to go to a restaurant that serves croquembouche,1,5,1,0.0011916909,2,OOD_Class_1
Can I get the movie schedules in the neighbourhood for the newest films,6,5,0,0.00016271378,2,OOD_Class_1
Grab a table at a restaurant in Minnesota that serves ice cream cake,1,5,1,0.0022670163,2,OOD_Class_1
Give this book chronicle four stars,4,3,0,0.00012553448,2,OOD_Class_1
Please make reservations for 4 for the hog fry from the food truck,1,4,1,0.0006466195,2,OOD_Class_1
my step aunt and I want to go cheese fries at the tavern,1,5,1,0.00025259663,2,OOD_Class_1
Book a table over the internet for six at a food truck in Vanuatu for two pm,1,5,1,0.0013095252,2,OOD_Class_1
Book a brasserie in Samoa for four people.,1,4,1,0.0003393161,2,OOD_Class_1
book a spot in town in the same area as me,1,4,1,0.002807721,2,OOD_Class_1
Play One Good Reason by Tommy Flanagan on Itunes,3,2,0,0.00015740174,2,OOD_Class_1
Will it be nice in Reager MP,2,1,0,0.0001082048,2,OOD_Class_1
I give the current essay a two,4,3,0,0.00012522716,2,OOD_Class_1
Play the most popular song by espen lind,3,2,0,0.00012343076,2,OOD_Class_1
show me PhotoScape,5,4,0,0.00019337612,2,OOD_Class_1
book a spot for 2 at a restaurant in PW,1,4,1,0.0026242349,2,OOD_Class_1
Add a tune to the Calm Vibes playlist.,0,0,0,0.00020212903,2,OOD_Class_1
Need to book a table downtown within walking distance of me at J.G. Melon,1,5,1,0.00080117205,2,OOD_Class_1
give 0 points to The Eudaemonic Pie,4,3,0,0.0001125814,2,OOD_Class_1
What are the movie times,6,5,0,0.00014932496,2,OOD_Class_1
play Isaac Yamma Slut,3,2,0,0.0001320573,2,OOD_Class_1
"Book a restaurant that serves meze in Roseville FL with meredith, louisa and corrine .",1,1,1,0.105995916,2,OOD_Class_1
Please book a Uncommon Grounds Coffeehouse restaurant,1,4,1,0.0001466706,2,OOD_Class_1
add this is Andrés Calamaro by Milk,0,0,0,0.00017663714,2,OOD_Class_1
I'd like a table for 3 at a brasserie in Hillview NE that has mineiro,1,5,1,0.0011582639,2,OOD_Class_1
Show the Whispering Willows novel,5,4,0,0.00014176106,2,OOD_Class_1
"Please find the TV show , The Dreamstone",5,4,0,0.00015017884,2,OOD_Class_1
Play 1952 Yusef Lateef on Netflix,3,2,0,0.00013595501,2,OOD_Class_1
what is the weather forecast for Latvia Strasburg,2,1,0,9.86272e-05,2,OOD_Class_1
book for sherry and concepcion in Nunam Iqua at the best restaurant,1,4,1,0.0006411274,2,OOD_Class_1
play music by Bryan Maclean,3,2,0,0.00014096315,2,OOD_Class_1
I'm looking to book a table at a gastropub that serves vegetarian for me and my team,1,5,1,0.0026288102,2,OOD_Class_1
Show me Tears On My Pillow .,5,4,0,0.00027693468,2,OOD_Class_1
Book me a tibetan restaurant for my boss and I .,1,4,1,0.00015708555,2,OOD_Class_1
show me the schedule of movie Warning from Space closest to movie house,6,5,0,0.00012960857,2,OOD_Class_1
Book a table for three at a middle eastern gastropub,1,4,1,0.00043622125,2,OOD_Class_1
Reserve a table for 1 person in WI .,1,3,1,0.004637001,2,OOD_Class_1
Locate a cafeteria for two that serves deviled crab,1,5,1,0.0006712329,2,OOD_Class_1
"Play Alone, Again from Mike Viola",3,2,0,0.00012056529,2,OOD_Class_1
I am giving Finding Chandra a 2 out of 6 rating,4,3,0,0.000118971155,2,OOD_Class_1
Want a work called Walk the River,5,4,0,0.00017317905,2,OOD_Class_1
does Red e Toby nemiciamici start thirteen hours from now,6,5,0,0.00017230962,2,OOD_Class_1
I need a booking for seven people at Metropolitan Museum of Art .,1,5,1,0.0005379477,2,OOD_Class_1
I give Rogue Ship 5 out of 6 .,4,3,0,0.00012209013,2,OOD_Class_1
find Google News,5,4,0,0.00014721327,2,OOD_Class_1
Book a reservation for 10 people at an oyster bar with a pool within the same area of Cowansburg for 10 Pm,1,5,1,0.0043843505,2,OOD_Class_1
Take me to the top-rated taverna in Sealy for trattoria next week for 5,1,3,1,0.00014387668,2,OOD_Class_1
I'd like to take a party of five today to a place in Colorado,1,1,1,0.0029891669,2,OOD_Class_1
Book a highly rated food court for 2 people on jul. 4th .,1,3,1,0.00016945656,2,OOD_Class_1
Play Ciribiribin by Sandeep Khare,3,2,0,0.00015941473,2,OOD_Class_1
Give this chronicle 4 stars,4,3,0,0.0001330454,2,OOD_Class_1
rate the book The Scorpio Illusion a 4,4,3,0,0.00012179101,2,OOD_Class_1
Book a reservation for a pub with internet for 2 people,1,2,1,0.01123653,2,OOD_Class_1
the previous novel is worth two out of 6,4,3,0,0.00013956525,2,OOD_Class_1
please add moon river to my metalcore playlist,0,0,0,0.00019667731,2,OOD_Class_1
Book a restasurant in Pohick Delaware .,1,4,1,0.019133454,2,OOD_Class_1
book me a restaurant at Sint Maarten on sun .,1,1,1,0.0014055137,2,OOD_Class_1
book a bistro for 4 at sunset,1,5,1,0.0008130239,2,OOD_Class_1
Get me a table at Eighth Step Coffee House in Germania for 7,1,5,1,0.00023068434,2,OOD_Class_1
Rate To Live and Die in L.A. a four out of 6 .,4,3,0,0.00012547405,2,OOD_Class_1
I need a restaurant on july 18th in Rose Bud,1,1,1,0.0004955267,2,OOD_Class_1
show movie schedule of films in the area,6,5,0,0.00011041457,2,OOD_Class_1
Find the movie schedule .,6,5,0,0.0001364941,2,OOD_Class_1
"Book a restaurant in Northern Mariana Islands with kristine, alisha and florine .",1,4,1,0.00083603134,2,OOD_Class_1
add the album to the Six string peacefulness playlist,0,0,0,0.00019447994,2,OOD_Class_1
show me the schedule of movie Thirty Two Short Films About Glenn Gould in 14 minutes,6,5,0,0.00012391225,2,OOD_Class_1
I give Benson-Meditation 1 out of 6 stars .,4,3,0,0.000119319826,2,OOD_Class_1
What will the weather be in Stelvio National Park 1 hour and 1 minute from now ?,2,1,0,0.00011127051,2,OOD_Class_1
rate Varney the Vampire with 1 points,4,3,0,0.00012776017,2,OOD_Class_1
rate the book Who Will Cry When You Die one out of 6 stars,4,3,0,0.00012627341,2,OOD_Class_1
at my current spot is it going to be hotter on Nov. the eighth,2,1,0,0.00015081702,2,OOD_Class_1
Play a 1950 album on Iheart,3,2,0,0.00014164881,2,OOD_Class_1
Add track to Hit Remix,0,0,0,0.00017552474,2,OOD_Class_1
Play a new symphony by Perfecto De Castro on Lastfm,3,2,0,0.0001587879,2,OOD_Class_1
Can I get a table at The Fort ?,1,5,1,0.00028102484,2,OOD_Class_1
"Book a table for ida, monica and etta at Cold Spring Tavern in MD",1,1,1,0.0068084807,2,OOD_Class_1
Play funtime activity,3,2,0,0.00012432801,2,OOD_Class_1
Schedule the food truck to be at your place in the distant future.,1,5,1,0.0004417267,2,OOD_Class_1
I want to eat at a bar in Saudi Arabia that serves cannelloni .,1,5,1,0.0015966485,2,OOD_Class_1
my colleagues and I would like a restaurant in Snow Lake,1,1,1,0.003297439,2,OOD_Class_1
Play music from Carina Round,3,2,0,0.00012021732,2,OOD_Class_1
Will it be freezing in New Preston Venezuela ?,2,1,0,0.00010779129,2,OOD_Class_1
Find a soundtrack called Meet The Vogues .,5,4,0,0.00019509486,2,OOD_Class_1
Give a rating of 2 to Juneteenth .,4,3,0,0.0001228648,2,OOD_Class_1
add this track to Punk Rock Workout,0,0,0,0.00019677127,2,OOD_Class_1
What are the movie times at General Cinema Corporation,6,5,0,0.00019004676,2,OOD_Class_1
Where can I watch the TV series The Trifecta ?,5,4,0,0.00011503758,2,OOD_Class_1
When can I watch Alice A True Story at AMC Theatres ?,6,5,0,0.0001649626,2,OOD_Class_1
Is Dead Fish playing at the movie house,6,5,0,0.0001387798,2,OOD_Class_1
What aree the weather conditions not far from Poneto,2,1,0,0.000116325326,2,OOD_Class_1
find me a game called Thesis Eleven,5,4,0,0.00015908951,2,OOD_Class_1
How can I see the TV series Mothstorm ?,5,4,0,0.00013607575,2,OOD_Class_1
Book a restaurant for four people in Wylliesburg .,1,1,1,0.013175444,2,OOD_Class_1
I need a reservation for five at a top-rated english restaurant in Elma,1,1,1,0.007017215,2,OOD_Class_1
Add Der K und K Kalypso aus Wien to vonda's playlist Pura Vida,0,0,0,0.00020581346,2,OOD_Class_1
"Please book me a table for 6 people at Top of the Mark in Raleigh Hills , Kentucky",1,5,1,0.0043021957,2,OOD_Class_1
I would like to book the best southeastern brazilian food court,1,4,1,0.00010200067,2,OOD_Class_1
rate this series chronicle 0 points,4,3,0,0.00011649923,2,OOD_Class_1
I'd like to eat at a restaurant with wifi,1,5,1,0.006086112,2,OOD_Class_1
Use the service Zvooq to play merengue music,3,2,0,0.00014054004,2,OOD_Class_1
I want to book a restaurant for five people in Sri Lanka .,1,4,1,0.0004100749,2,OOD_Class_1
Add The Stars and Stripes Forever to the soulful disco playlist.,0,0,0,0.00020183307,2,OOD_Class_1
restaurant in Zambia that is close for a party of 10,1,4,1,0.0019045891,2,OOD_Class_1
book a table for vermicelli at a restaurant,1,5,1,0.0013962574,2,OOD_Class_1
Can I see the album SWAT Force ?,5,4,0,0.00012221304,2,OOD_Class_1
I need a table for 5 at a highly rated gastropub in Concord MN,1,3,1,0.00023475627,2,OOD_Class_1
Will you please pull up movie schedules for me?,6,5,0,0.00014218799,2,OOD_Class_1
in twenty three hours and 1 second my daughter and I want to eat at a restaurant,1,5,1,0.0016376172,2,OOD_Class_1
Lets get a table for 10 at Space Aliens Grill & Bar,1,5,1,0.00041882033,2,OOD_Class_1
Is it cloudy in Choptank,2,1,0,0.00014161214,2,OOD_Class_1
Play a song off The Best Of Siouxsie & The Banshees by Faustino Oramas,3,2,0,0.00013357424,2,OOD_Class_1
Book a russian restaurant for 4 people.,1,4,1,0.0003209776,2,OOD_Class_1
Is Millions in the Air playing at the cinema,6,5,0,0.00012910526,2,OOD_Class_1
book in Southern Shores for 8 at Ariston Cafe,1,5,1,0.0006458163,2,OOD_Class_1
I'd like to see the movie schedule for movies in the area,6,5,0,0.00014976258,2,OOD_Class_1
Book a reservation for eight people in North Dakota,1,4,1,0.0042944257,2,OOD_Class_1
Make me a reservation that serves kebab at a delicatessen in AMbler,1,5,1,0.0022475668,2,OOD_Class_1
Is Gods of Metal playing,6,5,0,0.0002808512,2,OOD_Class_1
I'd like a table for six in nine weeks at a restaurant in Tokelau,1,1,1,0.0010230497,2,OOD_Class_1
Play a song from the thirties on Zvooq,3,2,0,0.00013796176,2,OOD_Class_1
Find Live at Bearsville Theater,5,4,0,0.00046134493,2,OOD_Class_1
Reserve a table for 8 in neighboring Hitchland .,1,3,1,0.0061969957,2,OOD_Class_1
Is it going to be warmer in Central Cebu Protected Landscape,2,1,0,0.00012756856,2,OOD_Class_1
find Racing the Beam The Atari Video Computer System,5,4,0,0.00014959142,2,OOD_Class_1
I give 4 of 6 stars for the saga A Severe Mercy,4,3,0,0.0001304718,2,OOD_Class_1
I need a reservation for Cashel Palace Hotel in California for a party of 9,1,5,1,0.0013711145,2,OOD_Class_1
Book an indoor restaurant near Wallington for 2,1,3,1,0.0006769947,2,OOD_Class_1
I want to book a meal at a restaurant that searves kouglof .,1,1,1,0.017684713,2,OOD_Class_1
find Warren Theatres films,6,5,0,0.00015064007,2,OOD_Class_1
I'd like t add Day After Day to evangeline's Party of the Century playlist,0,0,0,0.00019505236,2,OOD_Class_1
Make a reservation for 7 people at a gastropub on Isle of Man .,1,1,1,0.009720222,2,OOD_Class_1
I need a reservation for 6 PM. with a party of 10 at Sand Lake,1,5,1,0.0014090221,2,OOD_Class_1
Find The 180 .,5,4,0,0.00015116093,2,OOD_Class_1
Rate The Masks of Time zero of 6 stars,4,3,0,0.00011649922,2,OOD_Class_1
Book a table for eight people at a bar that has steak sauce in Half Moon AMerican Samoa right now,1,1,1,0.002657699,2,OOD_Class_1
rate Animals of the Bible one of 6 points,4,3,0,0.00011787247,2,OOD_Class_1
find me the book Filthy Lucre Live,5,4,0,0.00013357305,2,OOD_Class_1
Will it be overcast in South Dakota,2,1,0,0.00011861086,2,OOD_Class_1
play the top five songs by Gad Elbaz,3,2,0,0.00012562121,2,OOD_Class_1
book a restaurant in Montverde in Marshall Islands,1,4,1,0.0031969233,2,OOD_Class_1
Book a reservation for restaurant in Texas,1,4,1,0.0001473817,2,OOD_Class_1
Book a restaurant around Thompson,1,1,1,0.002541959,2,OOD_Class_1
Add Buddy Tate to just dance by aftercluv list,0,0,0,0.00019090455,2,OOD_Class_1
find animated movies close by with a movie schedule,6,5,0,0.00019398112,2,OOD_Class_1
Book me a reservation for 6 at a highly rated pub,1,3,1,0.00042534273,2,OOD_Class_1
Rate the current essay 0 .,4,3,0,0.000101263155,2,OOD_Class_1
put this tune by ross the boss onto nação reggae,0,0,0,0.00024119661,2,OOD_Class_1
weather 1 minute from now in Camden Point Zambia,2,1,0,0.00010315268,2,OOD_Class_1
I need a reservation for an indoor restaurant in China,1,4,1,0.005222316,2,OOD_Class_1
Play some Rockwell from around 1996,3,2,0,0.00014515387,2,OOD_Class_1
Please tell me movie times,6,5,0,0.00013635668,2,OOD_Class_1
I would rate The Door to December 3 points and a best rating of 6,4,3,0,0.0001171836,2,OOD_Class_1
I need a restaurant that can seat 3 in Cochran that has wifi .,1,1,1,0.031880446,2,OOD_Class_1
Play a record from the seventies,3,2,0,0.00013782957,2,OOD_Class_1
Rate this textbook a three,4,3,0,0.00011718249,2,OOD_Class_1
"Can you book me a table at Windows on the World in Cokeville , MI ?",1,1,1,0.0027642194,2,OOD_Class_1
add lil armstrong to my Adrenaline Workout playlist,0,0,0,0.00018702954,2,OOD_Class_1
Can I hear tod ashley music from 1953 ?,3,2,0,0.00012597555,2,OOD_Class_1
Please book me a table at a pizzeria with a parking facility in Ghana .,1,5,1,0.005787229,2,OOD_Class_1
Give The Dark Abode chronicle 2 out of 6 points .,4,3,0,0.00013130263,2,OOD_Class_1
Add the current artist to my sxsw latin,0,0,0,0.00018904931,2,OOD_Class_1
I need a reservation for 2 within walking distance of Hoyt St,1,1,1,0.008499784,2,OOD_Class_1
Book the best eastern european restaurant for 5 people at two o'clock in Cohocton WY .,1,4,1,0.003936983,2,OOD_Class_1
Play the playlist Feel Good Dinner .,3,2,0,0.00015907754,2,OOD_Class_1
please add this artist to my Zen Focus playlist,0,0,0,0.00019400752,2,OOD_Class_1
Please put the album onto fresh folk .,0,0,0,0.00025674835,2,OOD_Class_1
add this artist to cynthia's fresh finds,0,0,0,0.00020074945,2,OOD_Class_1
add the artist Jamie T to hallie's winter music playlist,0,0,0,0.00019658239,2,OOD_Class_1
Book a reservation for a popular bakery in Patetown,1,1,1,0.00768577,2,OOD_Class_1
Find me the movie schedule for Great Escape Theatres,6,5,0,0.00012999153,2,OOD_Class_1
"I want to book a spot at a bar in Henniker , North Dakota .",1,4,1,0.0032560632,2,OOD_Class_1
Is it humid in my current spot,2,1,0,0.00012255997,2,OOD_Class_1
book a cafeteria having pool for four in Algeria,1,4,1,0.0049902685,2,OOD_Class_1
I need to book a table for three at a restaurant in South Sudan,1,4,1,0.0035555267,2,OOD_Class_1
I want to book a restaurant for nine with wifi,1,4,1,0.0045762067,2,OOD_Class_1
Add the track to the drum & breaks playlist.,0,0,0,0.00020143985,2,OOD_Class_1
turn on Google Music to play 1991,3,2,0,0.00013662146,2,OOD_Class_1
Add artist to playlist Epic Gaming,0,0,0,0.00019137273,2,OOD_Class_1
Tell me if it'll be colder in Steptoe Battlefield State Park in one minute,2,1,0,0.0001438429,2,OOD_Class_1
my Disco Forever playlist needs an album by sawai gandharva .,0,0,0,0.0003601963,2,OOD_Class_1
Book a restaurant that serves pasta for 5 people.,1,4,1,0.038525302,2,OOD_Class_1
the last essay is a 2 out of 6,4,3,0,0.00012286722,2,OOD_Class_1
"book a restaurant in McMurray on august seventeenth for marjorie vasquez, edith and martina",1,1,1,0.0016482964,2,OOD_Class_1
book a restaurant in AL at Oak Ridge,1,4,1,0.0026879467,2,OOD_Class_1
rate New History of the Five Dynasties 1 points,4,3,0,0.00013021706,2,OOD_Class_1
Book a restaurant in Delhi Arkansas for three people.,1,4,1,0.010455137,2,OOD_Class_1
I would rate The Best Science Fiction Stories and Novels Ninth Series 5 points,4,3,0,0.000113243565,2,OOD_Class_1
I need a table for four at a pub in Heard Island and McDonald Islands,1,1,1,0.0017107804,2,OOD_Class_1
Add died to the todo latino playlist,0,0,0,0.00017890158,2,OOD_Class_1
I need a table for 8 during midday in Montana,1,1,1,0.000219825,2,OOD_Class_1
Restaurant near in town uses in two years,1,5,1,0.0012173144,2,OOD_Class_1
"Book a food truck that serves tarte for tanisha, lorena and juliana .",1,5,1,0.0066633113,2,OOD_Class_1
Book a brasserie place for seven in Lithuania,1,4,1,0.00031197217,2,OOD_Class_1
Where can I watch The Sword of Ali Baba at two p.m. ?,6,5,0,0.00015075011,2,OOD_Class_1
play Pandora tunes from the fourties,3,2,0,0.00015450876,2,OOD_Class_1
book indian food at a highly rated pub for 1 for 0222 pm,1,3,1,0.00012320769,2,OOD_Class_1
book a spot for nine near Togo,1,1,1,0.0017325614,2,OOD_Class_1
Find a soundtrack called New Religion .,5,4,0,0.00019662325,2,OOD_Class_1
Find the movie times at Harkins Theatres .,6,5,0,0.00021926158,2,OOD_Class_1
I want 4813 added to my Rhythm and Blues playlist,0,0,0,0.0002451067,2,OOD_Class_1
Anything close to Smith-9th St that can seat two people about one minute from now ?,1,5,1,0.0010568153,2,OOD_Class_1
add song by ian mcdonald to an instrumental sunday,0,0,0,0.00019947799,2,OOD_Class_1
What's the weather forecast for 3 hours from now at Christmas Island ?,2,1,0,0.00010581293,2,OOD_Class_1
book a table in Fairview neighboring the area,1,1,1,0.0014796627,2,OOD_Class_1
I'd like the movie schedules nearby me for animated movies,6,5,0,0.00017835974,2,OOD_Class_1
I'd like to eat souvlaki fast food with a party of two,1,2,1,0.002507472,2,OOD_Class_1
i need to book a restaurant for five in Liberia at The Maisonette,1,4,1,0.002913491,2,OOD_Class_1
What animated movies are there nearby ?,6,5,0,0.00016805234,2,OOD_Class_1
Will it be sunny in Spain on 3/26/2023 ?,2,1,0,0.00012394662,2,OOD_Class_1
"Book a restaurant in Medford Lakes on Sep. 8, 2033 for essie, tonya and I",1,1,1,0.023325544,2,OOD_Class_1
Rate 5 out of 6 points to My Favorite Fantasy Story,4,3,0,0.00011891306,2,OOD_Class_1
add this album to Digster Future Hits,0,0,0,0.00019457388,2,OOD_Class_1
Can you play some Synthpop music on Youtube,3,2,0,0.00018664304,2,OOD_Class_1
Book a restaurant at sixteen o'clock in SC,1,1,1,0.0019206286,2,OOD_Class_1
book a restaurant for tortelloni for eight,1,5,1,0.014128581,2,OOD_Class_1
add when ice met cream to This Is Alejandro Fernández playlist,0,0,0,0.0001825185,2,OOD_Class_1
Book me a table for 3 at TKK Fried Chicken in Sri Lanka,1,5,1,0.0005519741,2,OOD_Class_1
Find Clash of the Codes .,5,4,0,0.00017550826,2,OOD_Class_1
"bar restaurant for November the twelfth, 2030 that is popular and for a party of ten",1,5,1,0.0015599651,2,OOD_Class_1
Plays some akb48 on Youtube,3,2,0,0.00017194224,2,OOD_Class_1
I'd like to find the soundtrack Tianjin Today Evening News,5,4,0,0.00012174105,2,OOD_Class_1
Use Groove Shark to play music from the eighties,3,2,0,0.00015360891,2,OOD_Class_1
Play a Paul Davis melody,3,2,0,0.00012440016,2,OOD_Class_1
Book a spot for one at a fish restaurant,1,5,1,0.0002379594,2,OOD_Class_1
book a table on 1/20/2023 for 5 people in MH,1,1,1,0.014172712,2,OOD_Class_1
What is the forecasted weather for Ninaview ?,2,1,0,0.00011621075,2,OOD_Class_1
"Please book a coffeehouse restaurant type room to accommodate gretchen, trisha and amber which serves pastelaria dish",1,5,1,0.029814873,2,OOD_Class_1
Book the Bobcat Bite in the Isle of Man for 6 people.,1,4,1,0.00023531345,2,OOD_Class_1
Book a popular joint in Ocean Gate for seven people at elevenses .,1,5,1,0.0019434666,2,OOD_Class_1
Book a best restaurant in Wrigley .,1,4,1,0.010862591,2,OOD_Class_1
rate Mus of Kerbridge a one,4,3,0,0.00011536226,2,OOD_Class_1
Book a restaurant in Liechtenstein for seven people.,1,4,1,0.011182163,2,OOD_Class_1
find the video game The Sims 3 Generations,5,4,0,0.00021935227,2,OOD_Class_1
Find the book Bad Day on the Block,5,4,0,0.00014958675,2,OOD_Class_1
I need a reservation for a gastropub that serves a maple bacon donut,1,5,1,0.0063789943,2,OOD_Class_1
Book the CityZen for six people.,1,4,1,0.00012279589,2,OOD_Class_1
Put this track on Musica Española 2017,0,0,0,0.00023618429,2,OOD_Class_1
Book a reservation for me and my step brother at AMT Coffee in Lakemoor,1,1,1,0.0032136752,2,OOD_Class_1
What's the weather forecast for Coats ?,2,1,0,9.5035124e-05,2,OOD_Class_1
Put say it ain’t so into my Trap Land playlist.,0,0,0,0.00020600283,2,OOD_Class_1
Book a brasserie restaurant at 1828 and order wings .,1,4,1,0.0046253777,2,OOD_Class_1
Book me a pizzeria that serves oreo for eight,1,5,1,0.0019095725,2,OOD_Class_1
What's the forecast for Alley . Canada ?,2,1,0,8.72933e-05,2,OOD_Class_1
Find a reservation in Deweese for my sister and I,1,1,1,0.0020356008,2,OOD_Class_1
book a table for 7 at a churrascaria that is highly rated,1,3,1,0.000113738104,2,OOD_Class_1
I need a party of 4 to get a table reserved at a pub with southeastern cuisine.,1,4,1,0.0018546603,2,OOD_Class_1
"Can you find a photograph entitled, Beneath the Harvest Sky",5,4,0,0.00017659707,2,OOD_Class_1
Book a cafeteria with wifi,1,4,1,0.0046242145,2,OOD_Class_1
book a spot at a coffeehouse in New York with wifi at 8 pm,1,5,1,0.00033229263,2,OOD_Class_1
"I need a reservation for claudine, kelsey and shelley at a restaurant in Palestine .",1,5,1,0.009355297,2,OOD_Class_1
Book spot for 9,1,3,1,0.00012344726,2,OOD_Class_1
Play the album Killer Instinkt,3,2,0,0.00028114163,2,OOD_Class_1
Where can I watch the TV series Breed the Pain ?,5,4,0,0.0001223365,2,OOD_Class_1
Give 4 out of 6 points to The Spirit Ring chronicle,4,3,0,0.000119436474,2,OOD_Class_1
What's the weather here ?,2,1,0,8.815015e-05,2,OOD_Class_1
Give the current saga a three,4,3,0,0.00012250713,2,OOD_Class_1
Please search the Karobar Economic Daily picture .,5,4,0,0.00012645774,2,OOD_Class_1
I give the Knife of Dreams saga a 0 of 6,4,3,0,0.00013807321,2,OOD_Class_1
Add an album by Jenifer to my travelling playlist,0,0,0,0.00018960428,2,OOD_Class_1
Please book me a table at a bistro which serves lorna doone .,1,5,1,0.0028785132,2,OOD_Class_1
I'd like a bar with hawaiian food in ND,1,5,1,0.0021598586,2,OOD_Class_1
I need a reservation for Chapter One in West Odessa for a party of one,1,4,1,0.0008275071,2,OOD_Class_1
book a spot at Leopold Cafe in Bhutan,1,4,1,0.0006120027,2,OOD_Class_1
Book an osteria that serves blini for 9 people.,1,4,1,0.001598475,2,OOD_Class_1
"book a spot for ten , tomorrow at a popular vegan restaurant that is close to Alabama",1,5,1,0.0028542546,2,OOD_Class_1
I need to book a restaurant in Sunnybrook for 7,1,1,1,0.0055390974,2,OOD_Class_1
Add J J Cale to my heavy gamer playlist.,0,0,0,0.00019754318,2,OOD_Class_1
set an reservation for a party of eight at the bar on 8/8/2039,1,1,1,0.018241774,2,OOD_Class_1
Find the movie times now .,6,5,0,0.00018028996,2,OOD_Class_1
Book a restaurant within the same area of Ely for 10 people.,1,1,1,0.010866955,2,OOD_Class_1
Rate the current textbook 3 of 6,4,3,0,0.00011775728,2,OOD_Class_1
find the closest movie theatre with animated movies,6,5,0,0.0001972175,2,OOD_Class_1
Look up the show Cissy Houston,5,4,0,0.00013943695,2,OOD_Class_1
Add the da brat track to the Soak Up The Sun playlist.,0,0,0,0.00019735142,2,OOD_Class_1
I need to go to a restaurant a safe distant from the United States,1,5,1,0.0020747022,2,OOD_Class_1
Play the album Qr Iii by bobby bare,3,2,0,0.00012462489,2,OOD_Class_1
I want to eat choucroute at a brasserie for 8,1,5,1,0.0022555336,2,OOD_Class_1
What will the weather be like in 15 and a half weeks in China,2,1,0,0.00011346469,2,OOD_Class_1
Find a restaurant in FM that servec quiche,1,5,1,0.00335001,2,OOD_Class_1
What's the weather in New Zealand ?,2,1,0,0.000107476684,2,OOD_Class_1
me and robin need reservations for somewhere in Palau,1,1,1,0.0033185286,2,OOD_Class_1
Play Pura Vida .,3,2,0,0.00016145008,2,OOD_Class_1
find a soundtrack called Billboard Hot R&B Hits 1981,5,4,0,0.00019688299,2,OOD_Class_1
Let me hear the Live From The Ghetto album by Beau Jocque .,3,2,0,0.0001906772,2,OOD_Class_1
play the album Wayning Moments by Rabbit Brown,3,2,0,0.00013221292,2,OOD_Class_1
I'd like to book the best restaurant in AS .,1,4,1,0.0005538238,2,OOD_Class_1
I'd like to eat within the same area of Lawrence St for a party of one,1,3,1,0.004538348,2,OOD_Class_1
What's the weather next week in Standard City,2,1,0,9.3562485e-05,2,OOD_Class_1
Give The Slap 0 stars,4,3,0,0.00012232854,2,OOD_Class_1
"Book a table at Top Pot Doughnuts in Greensburg , AMerican Samoa",1,4,1,0.007009865,2,OOD_Class_1
Book a table for 9 people for four pm in Johnson .,1,1,1,0.0007255543,2,OOD_Class_1
I have four people needing a restaurant reservation.,1,4,1,0.003783055,2,OOD_Class_1
Can you add some Tommie Sunshine to my chill out playlist,0,0,0,0.00019240391,2,OOD_Class_1
add Jalal Zolfonun to my Nature Noise,0,0,0,0.0001847569,2,OOD_Class_1
I want to hear the top Tim Madison,3,2,0,0.000121980054,2,OOD_Class_1
Add Cleo Laine to psychedelic rock,0,0,0,0.00019381258,2,OOD_Class_1
need a table somewhere in McLaurin Connecticut,1,1,1,0.00028134504,2,OOD_Class_1
What is the weather forecast in VA,2,1,0,9.672027e-05,2,OOD_Class_1
Book a reservation for seven people at a bar in Kentucky,1,4,1,0.0048838863,2,OOD_Class_1
Book a restaurant not far in Milladore for 6 people.,1,1,1,0.0008177817,2,OOD_Class_1
Play Bitch Please Ii from Julee Cruise on Iheart,3,2,0,0.00013292897,2,OOD_Class_1
give zero points to current album,4,3,0,0.0001145199,2,OOD_Class_1
make a table reservation at the top-rated brasserie in Cotton Center,1,5,1,0.001279914,2,OOD_Class_1
I want a table for my grandson and I somewhere in Arkansas,1,1,1,0.0021407153,2,OOD_Class_1
give 3 out of 6 series of The Africa House,4,3,0,0.000126888,2,OOD_Class_1
Book me an indoor pub in Jersey,1,1,1,0.005560837,2,OOD_Class_1
Play Iheart,3,2,0,0.0001235366,2,OOD_Class_1
will it be stormy in Wildorado,2,1,0,0.0001067422,2,OOD_Class_1
I'd like to eat at a popular diner,1,5,1,0.00046332352,2,OOD_Class_1
I want to eat mezes at the pub for 1 at four PM,1,5,1,0.00023781844,2,OOD_Class_1
Find Conker Live and Reloaded,5,4,0,0.00013568201,2,OOD_Class_1
"find The Prince of Temple Street , a picture",5,4,0,0.00018007755,2,OOD_Class_1
Find movie times for close by films .,6,5,0,0.0001781837,2,OOD_Class_1
I need a table for 4 at a restaurant around 0 AM .,1,5,1,0.0012999862,2,OOD_Class_1
Give The Abstinence Teacher 4 out of 6,4,3,0,0.00012516846,2,OOD_Class_1
book a restaurant for 4 of us,1,3,1,0.0019946455,2,OOD_Class_1
What will the weather be in LA at 9 o'clock,2,1,0,8.980109e-05,2,OOD_Class_1
Book restaurnt at N9NE Group in Loogootee UT,1,4,1,0.0005059746,2,OOD_Class_1
I'd like to eat around ID on august the 16th with a party of 8,1,1,1,0.0036644659,2,OOD_Class_1
"Book reservations at a restaurant in Niue for me, edna and glenda",1,4,1,0.0013972123,2,OOD_Class_1
add Billy Martin album to my legendary guitar solos playlist,0,0,0,0.0001789898,2,OOD_Class_1
I want to give the current essay a five,4,3,0,0.00011519552,2,OOD_Class_1
The Half-Life chronicle deserves 3 points,4,3,0,0.00012214736,2,OOD_Class_1
"Book a table for six at The Cherry Street Tavern for January sixteenth, 2024",1,1,1,0.0072561963,2,OOD_Class_1
Find and book me a taverna restaurant in Gilluly that serves lobster newberg,1,5,1,0.004036622,2,OOD_Class_1
Book me a reservation for The Brazen Head in Hecker,1,4,1,0.00051253,2,OOD_Class_1
show creativity of All for One,5,4,0,0.00037091668,2,OOD_Class_1
show song schedule of Shoot for the Moon,5,4,0,9.3404014e-05,2,OOD_Class_1
I need a table for 4 at a place not far from Palau .,1,1,1,0.0015534371,2,OOD_Class_1
Book a table at a brasserie type restaurant that serves jain for a party of 8,1,5,1,0.0045012184,2,OOD_Class_1
Find a table at a joint with northern brazilian food in GA,1,5,1,0.00064996566,2,OOD_Class_1
Tell me the weather forecast for Casa Grande Ruins National Monument,2,1,0,0.00012688532,2,OOD_Class_1
Use Youtube to play music from Dorothy Ashby from the year 2002,3,2,0,0.0001525614,2,OOD_Class_1
I need a table for one,1,5,1,0.002283798,2,OOD_Class_1
find and book a table in WV,1,4,1,0.00010315314,2,OOD_Class_1
Tell me what films are currently playing at AMC Theaters,6,5,0,0.00016986212,2,OOD_Class_1
Find a table somewhere for me and my step mother in Graniteville DE,1,1,1,0.00087488315,2,OOD_Class_1
Play music from Lynn & Wade Llp .,3,2,0,0.00013345885,2,OOD_Class_1
Which cinema can I go to to see Lilly the Witch The Dragon and the Magic Book ?,6,5,0,0.00011690949,2,OOD_Class_1
Rate Real World four out of 6,4,3,0,0.000119495104,2,OOD_Class_1
Which films are playing close by ?,6,5,0,0.00013609638,2,OOD_Class_1
Book a restaurant for eight people in six years .,1,4,1,0.010730251,2,OOD_Class_1
search for a painting of The Wannadies,5,4,0,0.00013383658,2,OOD_Class_1
"Need a table  for party of five for December 26, 2040 in the state of MT",1,1,1,0.010155716,2,OOD_Class_1
Rate the My Beloved World saga a one,4,3,0,0.00012455707,2,OOD_Class_1
"I need a reservation for Arcadian Court on June the fifth, 2035",1,1,1,0.0037864752,2,OOD_Class_1
add this song to my Love Hurts playlist,0,0,0,0.00019706048,2,OOD_Class_1
"On june 27, 2026 I'd like to go to a Delaware gastropub",1,4,1,0.005249783,2,OOD_Class_1
book me a restaurant in Ware Shoals that serves russian tea cake,1,5,1,0.010647235,2,OOD_Class_1
Play me the greatest Howard Levy song,3,2,0,0.00011994854,2,OOD_Class_1
Book restaurant for party of 7 at a pub in Ford Heights,1,5,1,0.00073768804,2,OOD_Class_1
What is the weather in Deeth,2,1,0,8.9014306e-05,2,OOD_Class_1
Play me a Patrick Cowley ballad,3,2,0,0.000115596464,2,OOD_Class_1
I need a reservation for National Coney Island with a party of 8 in NV,1,3,1,0.00047586707,2,OOD_Class_1
What is the Read All About It picture ?,5,4,0,0.00012584116,2,OOD_Class_1
Can you play that last ep from the twenties,3,2,0,0.00013863221,2,OOD_Class_1
Show me the movie times at Star Theatres,6,5,0,0.00019530527,2,OOD_Class_1
give this novel a score of 5,4,3,0,0.00013441607,2,OOD_Class_1
find a book called Tron Legacy Reconfigured,5,4,0,0.00021322489,2,OOD_Class_1
where's the nearest movie house showing foreign films,6,5,0,0.00018765159,2,OOD_Class_1
Is it hot in Zephyrhills ?,2,1,0,0.00012184536,2,OOD_Class_1
Play music on groove shark,3,2,0,0.00014331932,2,OOD_Class_1
Find the schedule for Brick .,6,5,0,0.00011080366,2,OOD_Class_1
book a spot for 1 at a south american restaurant,1,3,1,0.00021119809,2,OOD_Class_1
book a table in California for rita and brenda at Hurley Mountain Inn on january the 11th,1,1,1,0.0015385358,2,OOD_Class_1
add ojuelegba to trabajo ritmos dance,0,0,0,0.00021421589,2,OOD_Class_1
Can you get me seating at a pub in South Korea that serves milk toast for supper,1,5,1,0.00063588284,2,OOD_Class_1
"Please book me a restaurant reservation at First Watch in Douglas , Maine .",1,5,1,0.0027614313,2,OOD_Class_1
Play music from the playlist Late Night Jazz,3,2,0,0.00013904682,2,OOD_Class_1
Give Hindu Temples What Happened to Them a 5 out of 6 stars .,4,3,0,0.00012340856,2,OOD_Class_1
add naomi schemer to my Hanging Out and Relaxing,0,0,0,0.00021348539,2,OOD_Class_1
play songs by Sarah Harding,3,2,0,0.00013689137,2,OOD_Class_1
where is Puthri playing,6,5,0,0.00036138284,2,OOD_Class_1
I need a table for 4 at The Brass Rail .,1,5,1,0.0010321597,2,OOD_Class_1
book a best steakhouse for 2 in Montserrat on 79 days and a half from now,1,1,1,0.0022848784,2,OOD_Class_1
What is the weather forecast for Burundi,2,1,0,0.00010116333,2,OOD_Class_1
Book a table for april twenty-second at a pub which serves creole,1,5,1,0.0013832776,2,OOD_Class_1
book a spot at an indoor gastropub in NY,1,5,1,0.00050955906,2,OOD_Class_1
rate Awaiting Strange Gods Weird and Lovecraftian Fictions a 1,4,3,0,0.00013059407,2,OOD_Class_1
I'm wondering if you can give me the movie times for films in the neighborhood .,6,5,0,0.00017423047,2,OOD_Class_1
What time is Do Sher playing,6,5,0,0.000112117996,2,OOD_Class_1
Play the music Hands Up,3,2,0,0.00015946105,2,OOD_Class_1
use Lastfm to play Attack Of The Planet Smashers,3,2,0,0.00014768772,2,OOD_Class_1
Will it hail in Villa,2,1,0,0.00010894793,2,OOD_Class_1
Will the weather close by be warmer in Kentucky,2,1,0,9.9206896e-05,2,OOD_Class_1
"Add Star Light, Star Bright to my jazz classics playlist.",0,0,0,0.00019240199,2,OOD_Class_1
Please put an album by Joseph Meyer on my POP GOES THE 80s playlist,0,0,0,0.00022394939,2,OOD_Class_1
Play the artist Joe,3,2,0,0.00013199316,2,OOD_Class_1
I would like a table for jacqueline wilson and deanna at David Carpenter House in Uncas FM,1,1,1,0.0024439169,2,OOD_Class_1
Book reservation at The Big Chill Cafe in AR for 10 people,1,5,1,0.0012886693,2,OOD_Class_1
Make reservations at a restaurant in Adrian that serves cheese steak,1,5,1,0.0036956673,2,OOD_Class_1
When's Fools for Luck showing?,6,5,0,0.0003911723,2,OOD_Class_1
Need a booking for 6 in OK for the city of Boonton,1,1,1,0.0056055365,2,OOD_Class_1
I'm looking for the saga Why Men Leave Home,5,4,0,0.00014512503,2,OOD_Class_1
Make me a reservation at a fast food restaurant for elba and corina at a restaurant with parking,1,5,1,0.000931519,2,OOD_Class_1
book a delicatessen that is indoor for 3,1,3,1,0.0012506541,2,OOD_Class_1
Rate this current essay four out of 6 .,4,3,0,0.00011804511,2,OOD_Class_1
"Book a table at a tavern in Albania for annette, darlene and barbara james for ten AM",1,5,1,0.0037364177,2,OOD_Class_1
I want to bring six of us to a bistro in town that serves hot chicken sandwich that is within the same area .,1,0,1,0.006199674,2,OOD_Class_1
"Book me a reservation at a burger joint close-by Choate on july 16th, 2022",1,1,1,0.00067732466,2,OOD_Class_1
book a table for 8 in China 16 hours ten minutes and one second from now,1,5,1,0.0022361751,2,OOD_Class_1
"Please book reservations at a restaurant that serves empanada , party for three with betty and dolly .",1,4,1,0.024078103,2,OOD_Class_1
susanne and carey phillips want to go to a brasserie not far from Pricedale that serves southern brazilian,1,5,1,0.0016444897,2,OOD_Class_1
Add the album to my Flow Español playlist.,0,0,0,0.00019677341,2,OOD_Class_1
Play Soldier Boy from Melody Gardot,3,2,0,0.00012794642,2,OOD_Class_1
"book a table for jasmine, jeannie and leta",1,4,1,0.010644914,2,OOD_Class_1
Can you book a table for eight people at a spa type restaurant within walking distance of the Metropolitan Borough of Lambeth,1,1,1,0.04715078,2,OOD_Class_1
Table for one somewhere in Palco,1,1,1,0.0010067878,2,OOD_Class_1
Add Mel Draisey tomy 80s Classic Hits playlist.,0,0,0,0.00018629916,2,OOD_Class_1
I would like to book a brasserie for nine in AR,1,1,1,0.0010234138,2,OOD_Class_1
book trentino serving bar for 4,1,3,1,0.0002793183,2,OOD_Class_1
add abacab to beryl's party on fridays playlist,0,0,0,0.00020045812,2,OOD_Class_1
I give this essay three of 6 stars,4,3,0,0.00012449757,2,OOD_Class_1
Show movies in the neighborhood,6,5,0,0.00014585753,2,OOD_Class_1
"book a restaurant for me, valarie and caroline in 56 weeks in Soldier Pond",1,1,1,0.008619764,2,OOD_Class_1
"find The Most Important People , a television show",5,4,0,0.00019112964,2,OOD_Class_1
restaurant that is brasserie for 8 and has wifi,1,2,1,0.0023152619,2,OOD_Class_1
Book a maharashtrian restaurant please.,1,4,1,0.00080104085,2,OOD_Class_1
book a table at a churrascaria for august 5 that has parking,1,1,1,0.002887365,2,OOD_Class_1
Play a fairouz tune on Deezer,3,2,0,0.0001406818,2,OOD_Class_1
What is the movie schedule for films in the neighbourhood,6,5,0,0.00015035014,2,OOD_Class_1
I'd rate Shohola Falls a two out of 6 .,4,3,0,0.0001105686,2,OOD_Class_1
Will there be snowfall in Kitlope Heritage Conservancy,2,1,0,0.00013001714,2,OOD_Class_1
I want to book a popular fast food food place in MN for my friend and I,1,4,1,0.0005296528,2,OOD_Class_1
Is The Umbrellas of Cherbourg playing near me?,6,5,0,0.00023449461,2,OOD_Class_1
What time is the Wanda Group playing The Honor of an Outlaw,6,5,0,0.00013059311,2,OOD_Class_1
book spot for 4 in Somalia,1,4,1,0.000279879,2,OOD_Class_1
What is the weather forecast for Papua New Guinea,2,1,0,0.000105707855,2,OOD_Class_1
Book me a restaurant where I can get a burrito,1,4,1,0.0001586348,2,OOD_Class_1
give me some Hank Shermann from 1975 on Lastfm,3,2,0,0.00014726463,2,OOD_Class_1
Book a bakery at zero o'clock for 5 people.,1,5,1,0.0068207136,2,OOD_Class_1
Will it be chilly midday in Cresbard Afghanistan ?,2,1,0,0.00011564309,2,OOD_Class_1
my rating for Some Doves and Pythons is four,4,3,0,0.00012214624,2,OOD_Class_1
The book History of Shit should be rated 2 out of 6 .,4,3,0,0.00012226874,2,OOD_Class_1
what is the forecast in North Carolina,2,1,0,9.5312134e-05,2,OOD_Class_1
Find the book called Black Wings of Destiny,5,4,0,0.000163489,2,OOD_Class_1
What are the movie times at Caribbean Cinemas,6,5,0,0.00017853925,2,OOD_Class_1
in Delanson 1 hour from now reserve a table for four,1,1,1,0.0011822853,2,OOD_Class_1
Rate the current textbook five of 6,4,3,0,0.000113356145,2,OOD_Class_1
Can I get the showtimes for The Man Who Could Talk to Kids ?,6,5,0,0.0001606622,2,OOD_Class_1
add this tune to my Dance playlist,0,0,0,0.00020104466,2,OOD_Class_1
Give the book Buzz about Bees a 2 star rating out of 6 .,4,3,0,0.0001293306,2,OOD_Class_1
When will the Blonde Ambition be playing,6,5,0,0.0001950194,2,OOD_Class_1
Play Punk Essentials on google music,3,2,0,0.00016183939,2,OOD_Class_1
Book a table at a cuban pub for 5 pm for a party of 7 in Virginia .,1,5,1,0.0015620438,2,OOD_Class_1
Rate Cold Light 5 out of 6 points .,4,3,0,0.00012002154,2,OOD_Class_1
Play the soundtrack for The Lord of the Rings Conquest,5,4,0,0.00013740877,2,OOD_Class_1
Give this chronicle a 4,4,3,0,0.00013136656,2,OOD_Class_1
I would like you to add now the hits of winter 2008 onto my ntc studio sounds playlist.,0,0,0,0.00023241703,2,OOD_Class_1
I need to book a restaurant that has wifi far from TX for me and my parents,1,4,1,0.0009951284,2,OOD_Class_1
Please look up Three Essays on the Theory of Sexuality show .,5,4,0,0.00027294492,2,OOD_Class_1
Add the song to the soundscapes for gaming playlist.,0,0,0,0.00022837106,2,OOD_Class_1
book a spot for 6 in Pilot Mound Palau on feb. the twenty-fourth,1,1,1,0.0016792505,2,OOD_Class_1
i need to book a table for three in Lesotho,1,4,1,0.0021412347,2,OOD_Class_1
book a spot for 3 in MT,1,3,1,0.00028512086,2,OOD_Class_1
book a food court indoor at Penermon for my step father and I,1,5,1,0.0013903469,2,OOD_Class_1
"I'd like a table for natasha, bettye and kimberley at a coffeehouse with a smoking room",1,5,1,0.00050098373,2,OOD_Class_1
"I need to book a table at a bar in Micronesia for tia, madeline and estela",1,4,1,0.00080046634,2,OOD_Class_1
play robin hood and the bishop of hereford by Jon Mayer,3,2,0,0.00015107234,2,OOD_Class_1
"What is the weather in Shenandoah Heights , Montenegro",2,1,0,0.00011474349,2,OOD_Class_1
What's the weather forecast not far from here ?,2,1,0,9.853238e-05,2,OOD_Class_1
show Thousand Miles movie,5,4,0,0.000109599736,2,OOD_Class_1
what is the forecast for starting at three a.m in Two Buttes for warm weather,2,1,0,0.0001059112,2,OOD_Class_1
Book a restaurant in seven in Fort McKinley,1,1,1,0.0019110999,2,OOD_Class_1
I want to see the trailer for The Entity,5,4,0,0.0001317634,2,OOD_Class_1
Please look up for Disney Universe .,5,4,0,0.00014414739,2,OOD_Class_1
I want to add Sin rencor to my playlist entitled te quiero,0,0,0,0.0002162125,2,OOD_Class_1
Where to get painting of Channel 4 News,5,4,0,0.000120781035,2,OOD_Class_1
find the painting Sleeping in Your Hand,5,4,0,0.00015149837,2,OOD_Class_1
Book a table for three people at John Pearson Soda Works in Mauritius .,1,5,1,0.007808079,2,OOD_Class_1
Play music from 1996 .,3,2,0,0.0001409576,2,OOD_Class_1
add September to winter music,0,0,0,0.00019428396,2,OOD_Class_1
I want to book a cafe for 3 in Fargo,1,4,1,0.003487436,2,OOD_Class_1
Play some eighties music.,3,2,0,0.00014801414,2,OOD_Class_1
book a table for seven in Walpole,1,1,1,0.0011293199,2,OOD_Class_1
please add Secrets of the Alibi to the playlist called keep calm,0,0,0,0.00020531131,2,OOD_Class_1
I give the previous saga 4 out of 6,4,3,0,0.00012971007,2,OOD_Class_1
Congress has warmer weather,2,1,0,0.00013127882,2,OOD_Class_1
"What is the weather forecast for Yoakum , SC ?",2,1,0,0.00010832118,2,OOD_Class_1
Try to find the picture Advances in ecological research,5,4,0,0.0003083857,2,OOD_Class_1
Book a brasserie in the Falkland Islands for this week .,1,1,1,0.018011259,2,OOD_Class_1
I want to book a restaurant close-by my teenager's airbnb at 0055 am,1,5,1,0.0012579688,2,OOD_Class_1
I want to give Elephants Can Remember 4 out of 6 points,4,3,0,0.0001214359,2,OOD_Class_1
give Begums Thugs and White Mughals four points,4,3,0,0.00012547258,2,OOD_Class_1
For the current essay I give a total of 1 stars,4,3,0,0.00012185099,2,OOD_Class_1
book a table for me and savannah in Lauderdale Lakes,1,1,1,0.0016147934,2,OOD_Class_1
I need a reservation for a restaurant that serves cupcakes in OH,1,5,1,0.0082266815,2,OOD_Class_1
Book a table somewhere in Dominica for 2 minutes from now,1,1,1,0.00072576304,2,OOD_Class_1
I'd like a table for 3 at an outdoor restaurant,1,5,1,0.00092448224,2,OOD_Class_1
book a meal for four in DC,1,4,1,0.0003048047,2,OOD_Class_1
what is the movie schedules for movies in the area,6,5,0,0.0001745714,2,OOD_Class_1
Can you get me seating for a party of 5,1,5,1,0.0017798315,2,OOD_Class_1
the next essay gets 2 out of 6 stars,4,3,0,0.00012596487,2,OOD_Class_1
play music from the year 1979,3,2,0,0.000133071,2,OOD_Class_1
Where is Chips in Crouch,1,4,1,0.0004802254,2,OOD_Class_1
I'd like johnny nash to be put into my playlist Always Pop Punk,0,0,0,0.00017879932,2,OOD_Class_1
Find me Recorder and Randsell,5,4,0,0.00010002423,2,OOD_Class_1
Give me the weather forecast in Zimbabwe .,2,1,0,0.00016339676,2,OOD_Class_1
book me and my grandparents a restaurant in Saint Helens South Dakota,1,4,1,0.00028865677,2,OOD_Class_1
Is it getting colder in Leonard Harrison State Park,2,1,0,0.000119023156,2,OOD_Class_1
What movie times,6,5,0,0.00014388443,2,OOD_Class_1
what is the Bethany Beach forecast,2,1,0,9.032744e-05,2,OOD_Class_1
I want to make a reservation for one at a sushi restaurant in Brucetown,1,5,1,0.0027576818,2,OOD_Class_1
add this tune to my It's a Southern Thing playlist,0,0,0,0.00020026133,2,OOD_Class_1
Find the schedule for The Comedian at Santikos Theatres .,6,5,0,0.00014586555,2,OOD_Class_1
I'd like to watch Heartbreak at Pacific Theatres at two pm,6,5,0,0.00016657944,2,OOD_Class_1
Find an Oasis Drive-In close-by Beach 105th St .,1,4,1,0.0024995035,2,OOD_Class_1
book a table at Jacob Wirth Restaurant for 8,1,3,1,0.0018160974,2,OOD_Class_1
Show me movie schedule,6,5,0,0.00011903612,2,OOD_Class_1
Book a restaurant with parking for three people.,1,5,1,0.022599814,2,OOD_Class_1
Book a reservation for 5 people at the top-rated brasserie restaurant,1,5,1,0.004801071,2,OOD_Class_1
Proceed with Hitomi Nabatame music from 2003 .,3,2,0,0.00028241044,2,OOD_Class_1
find the photograph Among the Living,5,4,0,0.0001528366,2,OOD_Class_1
Book me a restaurant for nine in Statham,1,1,1,0.0006461629,2,OOD_Class_1
Give 2 out of 6 points to the following textbook .,4,3,0,0.000121435296,2,OOD_Class_1
I would like reservations for Cliff House in seven months for six people.,1,5,1,0.011849324,2,OOD_Class_1
I need to book a popular pastelaria restaurant in Svalbard and Jan Mayen for a party of eight,1,4,1,0.00015063929,2,OOD_Class_1
book a spot at a tsipouro restaurant in Connecticut,1,5,1,0.0019125994,2,OOD_Class_1
"add this album to my playlist named Café, Libros",0,0,0,0.00020712291,2,OOD_Class_1
"find Wild Solutions , a saga",5,4,0,0.0002556248,2,OOD_Class_1
what time is The Eddy Duchin Story playing,6,5,0,0.00012606675,2,OOD_Class_1
book a table for me and my step uncle in Malta at a cafeteria,1,5,1,0.0057651857,2,OOD_Class_1
I want to hear some Boris Grebenchtchikov on Zvooq,3,2,0,0.00016302691,2,OOD_Class_1
book a Ukraine pub serves mineiro,1,4,1,0.0014638585,2,OOD_Class_1
Find the TV show titled Timerider The Adventure of Lyle Swann,5,4,0,0.00016951241,2,OOD_Class_1
Reserve a place to eat on march fifteenth in China within the same area .,1,1,1,0.00084440166,2,OOD_Class_1
Play Tooh by Eric Bazilian on Google Music .,3,2,0,0.00016706607,2,OOD_Class_1
Add the tune to my House Afterwork playlist.,0,0,0,0.00019072073,2,OOD_Class_1
Book a table at the Montreal Pool Room in North Carolina for 7 AM,1,5,1,0.0007202385,2,OOD_Class_1
Get me a table for 3 within walking distance from my hotel in Tajikistan .,1,1,1,0.001915695,2,OOD_Class_1
Show me a photograph called The Daily Slovak News,5,4,0,0.00014204837,2,OOD_Class_1
I need a reservation for four at a bar,1,5,1,0.0006061867,2,OOD_Class_1
book a spot for ten at a pizzeria that has tourte in Minnesota in 22 and a half weeks in Yamhill,1,5,1,0.0017987915,2,OOD_Class_1
Play a song by Alasdair Roberts from 1996,3,2,0,0.00012910295,2,OOD_Class_1
Weather for Douthat State Park on Mar. 10,2,1,0,0.00013238998,2,OOD_Class_1
I want to eat at a highly rated food court,1,5,1,0.0009149654,2,OOD_Class_1
Rate this album three of 6 points,4,3,0,0.00012037328,2,OOD_Class_1
rate I Commitments 5 of 6 points,4,3,0,0.00011508559,2,OOD_Class_1
I want another artist on my atmospheric black metal playlist,0,0,0,0.00022757916,2,OOD_Class_1
Where can I purchase the book Scales of Justice,5,4,0,0.00015312196,2,OOD_Class_1
Fine movie times for animated movies in the neighborhood .,6,5,0,0.00021829993,2,OOD_Class_1
What films are playing at 1 PM at Showcase Cinemas,6,5,0,0.00017372279,2,OOD_Class_1
rate this saga 4 out of 6 stars,4,3,0,0.00012907894,2,OOD_Class_1
Add this lbc crew tune to my Rock Argentino Vol I playlist,0,0,0,0.0001938171,2,OOD_Class_1
"What is the forecast for Petersville , OH",2,1,0,9.776453e-05,2,OOD_Class_1
Book a reservation for a popular restaurant in Federated States Of Micronesia,1,4,1,0.005879497,2,OOD_Class_1
Show me the trailer for The Glades .,5,4,0,0.0002321222,2,OOD_Class_1
I'm looking for the television show titled Justice League,5,4,0,0.0001885446,2,OOD_Class_1
Book a table at a bar in Argentina .,1,4,1,0.00030028733,2,OOD_Class_1
Play the top-twenty from Alexander Braginsky .,3,2,0,0.0001445887,2,OOD_Class_1
What is the weather forecast in Saint Vincent and the Grenadines ?,2,1,0,0.000120015895,2,OOD_Class_1
I need a cambodian brasserie restaurant that is top-rated,1,4,1,0.0012449485,2,OOD_Class_1
give a 1 to A Thousand Lies,4,3,0,0.00012101975,2,OOD_Class_1
I give the previous novel one out of 6 stars .,4,3,0,0.00012863793,2,OOD_Class_1
Add the artist Adam Deibert to my Perfect Concentration playlist.,0,0,0,0.00019773672,2,OOD_Class_1
Play a top five Linda Strawberry ep,3,2,0,0.00014686317,2,OOD_Class_1
Please search for Mary .,5,4,0,0.00017330408,2,OOD_Class_1
Book a restaurant that serves capicollo in Kit Carson with ilene and aisha .,1,1,1,0.07672902,2,OOD_Class_1
Will it be foggy on the town meeting day vermont in Angola,2,1,0,9.300412e-05,2,OOD_Class_1
Give this textbook 3 stars .,4,3,0,0.00012553569,2,OOD_Class_1
I want to book a taverna in Archer City for this spring for nine people.,1,1,1,0.00062806107,2,OOD_Class_1
will it be temperate here on 11/27/2023,2,1,0,0.00012900833,2,OOD_Class_1
book Itsu for Tonight,1,4,1,0.00026316213,2,OOD_Class_1
Give me the current showtimes for Tarass Boulba .,6,5,0,0.00023304038,2,OOD_Class_1
"Book a reservation for me, marva and barbara at a restaurant with parking",1,5,1,0.0046007205,2,OOD_Class_1
Find a reservation at Boone Tavern for 4 people in 1024,1,1,1,0.0011255669,2,OOD_Class_1
Please make reservations for nine at 3 am .,1,5,1,0.000753198,2,OOD_Class_1
book a table this evening in Saint Vincent and the Grenadines at a gastropub,1,5,1,0.006329846,2,OOD_Class_1
Play music from 2002,3,2,0,0.00013138987,2,OOD_Class_1
book a restaurant for Jul. 27,1,1,1,0.0009608806,2,OOD_Class_1
Play something from 2004 by Imogen Heap on spotify,3,2,0,0.00015587083,2,OOD_Class_1
Reserve a table for ten people in Brenham in 5 years .,1,1,1,0.0032062964,2,OOD_Class_1
I need a table at a tavern that has bougatsa,1,5,1,0.0015273117,2,OOD_Class_1
Rate A Division of the Spoils 5 stars,4,3,0,0.0001374015,2,OOD_Class_1
book a table for seven during our Thailand trip that is within walking distance of our hotel.,1,1,1,0.012530453,2,OOD_Class_1
I need a table at a steakhouse in Encino that serves meatcake,1,5,1,0.0008010895,2,OOD_Class_1
Please play a song from the thirties by Peter Murphy on Last Fm,3,2,0,0.00013972177,2,OOD_Class_1
Rate the current saga a two,4,3,0,0.00011926099,2,OOD_Class_1
I want to book a close restaurant in SC for seven,1,1,1,0.002361236,2,OOD_Class_1
book a spot for 1 at a restaurant this Evening,1,3,1,0.000661884,2,OOD_Class_1
Tell me the weather forecast for Mokena,2,1,0,0.000115588664,2,OOD_Class_1
book a spot at the food truck in MA,1,5,1,0.0006437227,2,OOD_Class_1
Go to The Devil in the Deal50 Secrets to Successful Dealmaking,5,4,0,0.00033395318,2,OOD_Class_1
whats the closest movie house showing Medal of Honor,6,5,0,0.00016224837,2,OOD_Class_1
Find a painting called The Legend of Tashan Dorrsett .,5,4,0,0.00025291758,2,OOD_Class_1
Book a table at a restaurant in Portugal with parking for me and bonnie in 19 minutes,1,5,1,0.0032899792,2,OOD_Class_1
Play 30 Greatest Hits,5,2,0,0.00012365502,2,OOD_Class_1
The book the Gardens of the Moon deserves only 1 stars .,4,3,0,0.000119085365,2,OOD_Class_1
Book the Coon Chicken Inn in Baker City for 4 people.,1,4,1,0.00017243189,2,OOD_Class_1
I have six people who would like to eat at a cafe that serves american chinese cuisine in TX .,1,5,1,0.018033983,2,OOD_Class_1
need a table at a highly rated south tyrolean joint,1,3,1,0.0004885443,2,OOD_Class_1
Where is the closest cinema that features animated movies,6,5,0,0.00022326,2,OOD_Class_1
Add ricky nelson to my Classical X playist,0,0,0,0.00018803605,2,OOD_Class_1
add this track to the playlist named cali fire,0,0,0,0.00019957857,2,OOD_Class_1
Book a top-rated food court in GU .,1,3,1,0.0009319948,2,OOD_Class_1
book a spot for one at a restaurant in ID,1,5,1,0.0016476507,2,OOD_Class_1
Can i add the a rating of two out of 6 stars to the book The Pocket Book of Boners,4,3,0,0.0001197201,2,OOD_Class_1
I want to watch the TV show Official Detective,5,4,0,0.00013889853,2,OOD_Class_1
Show me the movie schedules for the nearest movie theatre in Invasion U.S.A. .,6,5,0,0.00017423093,2,OOD_Class_1
"add Hello, My Lover, Goodbye to my Deathcore playlist",0,0,0,0.00018858959,2,OOD_Class_1
Book me a table for seven in neighboring France .,1,1,1,0.0011201057,2,OOD_Class_1
book a table for ten people at a restaurant that serves noodle,1,5,1,0.003262042,2,OOD_Class_1
find animated movies nearest at a movie house,6,5,0,0.00017923123,2,OOD_Class_1
Can I get the showtimes for The Scarlet and the Black at 12 pm .,6,5,0,0.00017270267,2,OOD_Class_1
Show me a forecast for Malaysia,2,1,0,0.00016132162,2,OOD_Class_1
What time is The Christmas Toy playing at Loews Cineplex,6,5,0,0.00013126424,2,OOD_Class_1
I'd like a table for 6 at a restaurant in Denmark at 22,1,1,1,0.0016524718,2,OOD_Class_1
Play some music from the thirties .,3,2,0,0.00014013823,2,OOD_Class_1
What will the weather be in Michigan ?,2,1,0,9.51273e-05,2,OOD_Class_1
Book a restaurant in Satanta that has highly rated northeastern for 10,1,3,1,0.00011530366,2,OOD_Class_1
I need to book a table at a food court in NH that serves smelt,1,5,1,0.0005900905,2,OOD_Class_1
show the trailer of Deadly Skies,5,4,0,0.00016752597,2,OOD_Class_1
I need to book a restaurant for five in 1 minute that serves chichi in East Prairie,1,1,1,0.007508381,2,OOD_Class_1
Add Roots of the Outsiders to Blues Roots,0,0,0,0.00019705736,2,OOD_Class_1
book a table for one in a bar serving saucisse for meal in Calistoga CO,1,1,1,0.0015365189,2,OOD_Class_1
"Need to book a table at a fast food restaurant for a party of nine on November seventeenth, 2019",1,5,1,0.0028375078,2,OOD_Class_1
Put new page onto my latin jazz playlist.,0,0,0,0.00022959658,2,OOD_Class_1
Play some theme songs from the fourties,3,2,0,0.00014430596,2,OOD_Class_1
Add this tune to The Refugee Playlist,0,0,0,0.00019146598,2,OOD_Class_1
"I want to book a restaurantin Perrytown Missouri for candice, jeannie and nichole .",1,4,1,0.0011475404,2,OOD_Class_1
Rate Earth Made of Glass 1 of 6,4,3,0,0.000113966904,2,OOD_Class_1
The current album gets three out of 6 points,4,3,0,0.00011046018,2,OOD_Class_1
Rate The Autobiography of Alice B. Toklas 1 out of 6 stars,4,3,0,0.00013085501,2,OOD_Class_1
When will the Santikos Theatres be showing animated movies,6,5,0,0.00018912516,2,OOD_Class_1
what time is The Challenge showing at the local movie house,6,5,0,0.00013662984,2,OOD_Class_1
play the last Chris Douglas on Slacker,3,2,0,0.0001413711,2,OOD_Class_1
Can you find me reservations for this morning at a restaurant that serves stracciatella ?,1,5,1,0.0009446172,2,OOD_Class_1
I need a table for 8 people at a restaurant in District Of Columbia .,1,1,1,0.01363203,2,OOD_Class_1
Find a reservation for three in Ansonia MI,1,1,1,0.0017634858,2,OOD_Class_1
I need a reservation for three people at a spa restaurant in two hundred thirty seven days,1,5,1,0.0038241986,2,OOD_Class_1
Locate the best pub in Apache Junction,1,5,1,0.0006392797,2,OOD_Class_1
I need a table for five in Viroqua,1,1,1,0.0008639309,2,OOD_Class_1
show video game name Find the Colour,5,4,0,0.00012770855,2,OOD_Class_1
Book me a table at The Restaurant at Meadowood within the same area in Kentucky,1,1,1,0.001845098,2,OOD_Class_1
I need a table for nine in Atlas in 1 second,1,1,1,0.0016611235,2,OOD_Class_1
Find the schedule for for The Unnaturals at 13 .,6,5,0,0.00014148066,2,OOD_Class_1
Book a reservation for four in Cajah's Mountain in 1 year,1,1,1,0.006104135,2,OOD_Class_1
Play a soundtrack by Mike Hindert on Spotify .,3,2,0,0.00016019536,2,OOD_Class_1
When will WI be temperate ?,2,1,0,9.3367875e-05,2,OOD_Class_1
book a table at Black Rapids Roadhouse in Antarctica for nine,1,4,1,0.00025959563,2,OOD_Class_1
book a party of five at Seagoville for 0642,1,1,1,0.0022863233,2,OOD_Class_1
book The Lake House for me and carmella,1,4,1,0.000115691226,2,OOD_Class_1
Make me a reservation in Colorado at nine am at National Cash Register Building,1,5,1,0.0011559556,2,OOD_Class_1
book a table for three at 0 am at a bar with wifi in Schuyler Lake,1,5,1,0.0042415573,2,OOD_Class_1
melba and I want to dine in Barbados next Jun.,1,1,1,0.0007053816,2,OOD_Class_1
book a restaurant for 2 that has internet,1,4,1,0.0005547471,2,OOD_Class_1
Make me a reservation in TN somewhere nearby for a party of 4,1,4,1,0.0009820439,2,OOD_Class_1
Please book a brasserie restaurant for eight in Ireland,1,4,1,0.0012521811,2,OOD_Class_1
book a restaurant for nine on 16 hours from now,1,1,1,0.001952458,2,OOD_Class_1
What will the weather be one second from now in Chad ?,2,1,0,9.6343996e-05,2,OOD_Class_1
I would like reservations for Giodi's in Piper AZ .,1,4,1,0.0004907119,2,OOD_Class_1
"book a restaurant in Fort Gates , FL",1,4,1,0.0005887092,2,OOD_Class_1
show Under the Sea creative video game,5,4,0,0.0001263413,2,OOD_Class_1
find a photograph called The Lighthouse by the Sea,5,4,0,0.0001658981,2,OOD_Class_1
add the artist a j pero to my Country Gold playlist,0,0,0,0.0001893202,2,OOD_Class_1
When is Romance on the Range playing at movie house ?,6,5,0,0.00012609216,2,OOD_Class_1
add post mortem to my timeless love songs playlist,0,0,0,0.00018584797,2,OOD_Class_1
I want to bring four people to a place that's close to downtown that serves churrascaria cuisine.,1,0,1,0.0016800013,2,OOD_Class_1
"Book a table for nine people at a brasserie on Jan. 16, 2034",1,1,1,0.0043096,2,OOD_Class_1
book a restaurant 163 days from now,1,1,1,0.002065175,2,OOD_Class_1
Play good Pure Soul on netflix,3,2,0,0.00014026502,2,OOD_Class_1
What is the weather in Hadar,2,1,0,9.184054e-05,2,OOD_Class_1
Show me the nearest movie house showing He Won a Ranch,6,5,0,0.00011326417,2,OOD_Class_1
Book a table at South Street Diner close to your teenager's college .,1,5,1,0.007656633,2,OOD_Class_1
"book on feb. the twenty-sixth, 2026 in Tracyton for two at a cafe",1,1,1,0.0024961177,2,OOD_Class_1
show weather forecast in West Crossett Luxembourg in fourteen minutes,2,1,0,0.000102554026,2,OOD_Class_1
What movies are playing at Regal Entertainment Group,6,5,0,0.0001649635,2,OOD_Class_1
I want to book The Commons Restaurant for five on Dec. the eighth,1,3,1,0.0004552264,2,OOD_Class_1
Book a table for ten people in Eucalyptus Hills .,1,4,1,0.004578014,2,OOD_Class_1
Book seating for one person at a food truck,1,5,1,0.00051799236,2,OOD_Class_1
I give The Cat and the King 2 stars .,4,3,0,0.00013936059,2,OOD_Class_1
I would give this current chronicle a value of 4 and a best rating of 6,4,3,0,0.00013015412,2,OOD_Class_1
Book an outdoor restaurant .,1,4,1,0.00030030883,2,OOD_Class_1
I want to go to the Freight House in Gabon,1,4,1,0.00066507456,2,OOD_Class_1
Reserve a table for two at a restaurant which serves creole around here in Myanmar .,1,1,1,0.009807506,2,OOD_Class_1
What films are playing at the nearest movie theatre,6,5,0,0.00017993526,2,OOD_Class_1
Find a reservation for eight at Rhodes Twenty Four in GU,1,1,1,0.0014931473,2,OOD_Class_1
I want a table for 4 at any kind of goiano bar,1,5,1,0.0025588654,2,OOD_Class_1
"Will it be sunny in Eyota Hawaii on february seventh, 2025 ?",2,1,0,0.00011700873,2,OOD_Class_1
book a table for me and belinda serving minestra in a bar,1,5,1,0.001286136,2,OOD_Class_1
find movie times,6,5,0,0.00015346134,2,OOD_Class_1
what is the PW forecast for stormy weather,2,1,0,0.000114240895,2,OOD_Class_1
I want to book a restaurant neighboring Livonia Av,1,1,1,0.003140316,2,OOD_Class_1
Book a table at the WWE The World in South Korea .,1,4,1,0.00012879472,2,OOD_Class_1
Tell me if it'll be chilly here at 0 pm,2,1,0,0.00015207235,2,OOD_Class_1
I want to book a table for me and my boss at Glassy Junction in Turkey .,1,1,1,0.0025386505,2,OOD_Class_1
I would rate this album a 3,4,3,0,0.00011996198,2,OOD_Class_1
Play Keep Their Heads Ringin’,5,2,0,0.00024457747,2,OOD_Class_1
Lets go to the Rainforest Cafe that is in the same area as 135th St,1,5,1,0.0011371752,2,OOD_Class_1
Please get seating at Bouchon in Tonga for jimmie and chasity howard,1,5,1,0.00095664477,2,OOD_Class_1
play music on netflix,3,2,0,0.00015255187,2,OOD_Class_1
restaurant in Watauga for me and my aunt,1,5,1,0.0026605877,2,OOD_Class_1
Find movie times .,6,5,0,0.00016592897,2,OOD_Class_1
Book me a reservation for a mediterranean restaurant on Confederate Memorial Day nearby Ocean Grove,1,1,1,0.0016734159,2,OOD_Class_1
Find a reservation at Sunset at a gastropub for 2 people,1,5,1,0.00030788587,2,OOD_Class_1
Play music by Daddy Yankee,3,2,0,0.00014151461,2,OOD_Class_1
"Book a restaurant in Goshenville PR for October 16, 2038 .",1,1,1,0.0027301374,2,OOD_Class_1
mark the current textbook a 1 from the total of 6,4,3,0,0.00011159811,2,OOD_Class_1
Book a restaurant for 1 in nine weeks,1,3,1,0.00016030796,2,OOD_Class_1
I rate the book You Only Live Twice two points,4,3,0,0.00013382557,2,OOD_Class_1
book me a Rustic inn restaurant for 8 members at Nappanee,1,1,1,0.0014447902,2,OOD_Class_1
Find Five Came Back for me,5,4,0,0.00024184585,2,OOD_Class_1
Play Sound Of Love from Papa Mali,3,2,0,0.000118697826,2,OOD_Class_1
I'm looking for the saga The Hardest Part,5,4,0,0.0001723292,2,OOD_Class_1
Where can I find the game KAAKAI Newspaper,5,4,0,0.00013409856,2,OOD_Class_1
book a restaurant in Anguilla for one at National Coney Island,1,1,1,0.0021024083,2,OOD_Class_1
Play me a 2003 song by Charles Neidich,3,2,0,0.00013215347,2,OOD_Class_1
I need a table for six at a bar that serves varenyky,1,5,1,0.0015994193,2,OOD_Class_1
Play Chad I Ginsburg,3,2,0,0.0001197701,2,OOD_Class_1
Please search for the Live in San Juan Capistrano picture .,5,4,0,0.00015449547,2,OOD_Class_1
Play some Retro music.,3,2,0,0.00014458619,2,OOD_Class_1
book a spot at The Red Onion in San Marino for next week,1,5,1,0.00033931973,2,OOD_Class_1
rate this book saga 3 out of 6 stars,4,3,0,0.00012510746,2,OOD_Class_1
I want to book a table for me and josefa at Jacob Wirth Restaurant in Branford .,1,1,1,0.009628569,2,OOD_Class_1
book in Vermont at The Maisonette,1,4,1,0.00012333169,2,OOD_Class_1
"book a english pub for me, belinda and dena close-by Syria next dec .",1,1,1,0.00055860035,2,OOD_Class_1
I need a table right now for four in ME,1,5,1,0.0012691959,2,OOD_Class_1
find The Valentyne Suite,5,4,0,0.00016980864,2,OOD_Class_1
Play some nineties music on Zvooq,3,2,0,0.00014945645,2,OOD_Class_1
Add janie jones to my Indie Pop,0,0,0,0.00019324594,2,OOD_Class_1
"I need reservations for a party of 3 on all souls' day in Temperance , North Dakota",1,1,1,0.006649561,2,OOD_Class_1
"I'd like to go to a pub that has italian dressing for a party of 5 on February 11, 2033",1,5,1,0.0035208247,2,OOD_Class_1
I'd like seats for five at a place in Verden right now,1,5,1,0.0008052889,2,OOD_Class_1
book a table for 0 pm in Fayette for rachael morris and shannon near there,1,1,1,0.00033692695,2,OOD_Class_1
I need to book a restaurant with a smoking room in AL,1,1,1,0.00556649,2,OOD_Class_1
"When will it be warmer in White Horse , Mauritius",2,1,0,0.00010991519,2,OOD_Class_1
Play the newest music by Gladys Knight,3,2,0,0.0001328117,2,OOD_Class_1
my father in law and I would like to go to a highly rated bar,1,4,1,0.00020278773,2,OOD_Class_1
Is the weather overcast here and now ?,2,1,0,9.2019385e-05,2,OOD_Class_1
book a spot for 9 at a churrascaria that serves ammonia cookie in Volga,1,5,1,0.0031660951,2,OOD_Class_1
Please get me Exploring the Reef TV show,5,4,0,0.00013581091,2,OOD_Class_1
Find the schedule for Ghost World .,6,5,0,0.00012272988,2,OOD_Class_1
add album to Feeling Blue,0,0,0,0.0001898784,2,OOD_Class_1
Show me the movies at the closest cinema,6,5,0,0.00017887559,2,OOD_Class_1
Please make a reservation at ten at a bakery which serves burrito .,1,5,1,0.0048801713,2,OOD_Class_1
this saga is definitely worth 4 stars .,4,3,0,0.00013740022,2,OOD_Class_1
I want to book a spot at the local food court,1,5,1,0.00017377076,2,OOD_Class_1
I'd like a table at a restaurant in KS in 5 hours from now,1,1,1,0.0012486276,2,OOD_Class_1
book a table for six at Hubbell House in NE,1,1,1,0.003077398,2,OOD_Class_1
I give the following album two out of 6 stars .,4,3,0,0.0001229272,2,OOD_Class_1
I need a table for 4 in Florida,1,1,1,0.008220274,2,OOD_Class_1
I want to hear something by Joe Dolce on Google Music,3,2,0,0.00017704788,2,OOD_Class_1
"Book a table for 6 at a restaurant in Pershing Square, Manhattan at two am",1,5,1,0.0059812292,2,OOD_Class_1
Book a popular restaurant for two which is distant from Avalon .,1,4,1,0.009348483,2,OOD_Class_1
book a spot at the top-rated pub in Garner,1,3,1,0.00058421877,2,OOD_Class_1
What's the weather forecast for Anniston ?,2,1,0,0.00010695462,2,OOD_Class_1
I'd say Life in the Iron Mills was a five,4,3,0,0.000122027115,2,OOD_Class_1
please put this track onto letha's signed xoxo playlist,0,0,0,0.00023914885,2,OOD_Class_1
Find a reservation within walking distance of pauline's place for a party of 10 at fourteen o'clock at a restaurant that serves aioli,1,5,1,0.00043849854,2,OOD_Class_1
"book a table for Sep. the second, 2020 at a highly rated place for me and my baby at a joint serving cambodian",1,5,1,0.008436249,2,OOD_Class_1
book a spot for 3 at the pizza place,1,5,1,0.00018990136,2,OOD_Class_1
I need a reservation for nine at 0344 am in WI,1,1,1,0.00079430256,2,OOD_Class_1
table for Breadline Cafe in Minnesota next friday,1,5,1,0.0011790375,2,OOD_Class_1
Play Remains of the Day,5,4,0,0.00047229615,2,OOD_Class_1
book a spot for ten in MS,1,3,1,0.00014443861,2,OOD_Class_1
Play some latin music.,3,2,0,0.00015725198,2,OOD_Class_1
book a spot at a soul food food truck in Cawker City,1,4,1,0.0007742776,2,OOD_Class_1
Book me a reservation for the best bistro,1,5,1,0.00052163174,2,OOD_Class_1
give 0 stars to this textbook,4,3,0,0.00012019678,2,OOD_Class_1
Lets go far to The Wolseley in Maine,1,4,1,0.0011467412,2,OOD_Class_1
I need a reservation for a joint in AZ for 3,1,3,1,0.0030671412,2,OOD_Class_1
Book a reservation for a pub serving gateau in MS,1,1,1,0.0029174357,2,OOD_Class_1
book a highly rated place for 8 at a restaurant,1,3,1,0.000117459014,2,OOD_Class_1
Are any animated movies playing at Magic Johnson Theatres ?,6,5,0,0.00018170742,2,OOD_Class_1
I want to book an indonesian food truck .,1,4,1,0.00015583486,2,OOD_Class_1
"I need a top-rated gastropub for 5 in DC in Conshohocken on Jul. the 18th, 2024",1,1,1,0.00037146127,2,OOD_Class_1
play Pop 2017 Picks,3,2,0,0.00011765163,2,OOD_Class_1
add kurious jorge to my synth pop,0,0,0,0.00019334191,2,OOD_Class_1
Book the Dunbrody Country House Hotel in NE for 8 people.,1,4,1,0.00025135107,2,OOD_Class_1
Find a table at a bar for milagros and I in Mount Pocono,1,5,1,0.0004469759,2,OOD_Class_1
Find me a table at a european bar for six in the neighboring downtown area,1,5,1,0.0004828455,2,OOD_Class_1
Open Deezer and play Inyección Musical,3,2,0,0.00013687798,2,OOD_Class_1
Put Jean Philippe Goncalves onto my running to rock 170 to 190 bpm .,0,0,0,0.0002374197,2,OOD_Class_1
"Book sot for 7 at a restaurant that serves european in Stringtown on Feb. the 28th, 2034",1,1,1,0.004095119,2,OOD_Class_1
Can you find me the National Anthem of the Ancient Britons television show ?,5,4,0,0.00013344141,2,OOD_Class_1
Book a bar that serves ribs for 5 people.,1,5,1,0.011520295,2,OOD_Class_1
Add bilal to winter,0,0,0,0.00019155057,2,OOD_Class_1
Make a reservation for 8 at a diner that serves haystack,1,5,1,0.0012171958,2,OOD_Class_1
"Coon Chicken Inn restaurant for 1 am for me, clarice and debbie",1,5,1,0.0007247128,2,OOD_Class_1
Give this album four stars,4,3,0,0.00012670508,2,OOD_Class_1
I'm wondering when I can see Beating Heart at the nearest cinema .,6,5,0,0.00015286545,2,OOD_Class_1
Wish to hear music from the year 1996,3,2,0,0.00012647381,2,OOD_Class_1
add the artist Pete Murray to my relaxing playlist,0,0,0,0.00018858864,2,OOD_Class_1
rate this novel 0 of 6 stars,4,3,0,0.00012486317,2,OOD_Class_1
I rate Doom 3 Worlds on Fire a 1 of 6,4,3,0,0.00012185187,2,OOD_Class_1
Please play me something by New Wave Of American Heavy Metal,3,2,0,0.00014742711,2,OOD_Class_1
Can you get me a reservation at WWE The World around Av U,1,5,1,0.00035816597,2,OOD_Class_1
"Please find the movie , A Jingle with Jillian .",5,4,0,0.0001793684,2,OOD_Class_1
book The Kegs Drive-In in 37 weeks in Saudi Arabia,1,4,1,0.0001534588,2,OOD_Class_1
Will it be overcast at lunch time in Saint Vincent and the Grenadines,2,1,0,0.00012152783,2,OOD_Class_1
play music by Amii Stewart with Itunes,3,2,0,0.00015346106,2,OOD_Class_1
Please show me the movie schedule for animated movies playing in the neighborhood .,6,5,0,0.00016256259,2,OOD_Class_1
I'm looking for the show called The Origin of the Milky Way,5,4,0,0.00015358914,2,OOD_Class_1
Book table on the 23 in Illinois at the Maison Parthenais-Perrault II .,1,4,1,0.013569669,2,OOD_Class_1
book a spot for 6 at a gateau restaurant,1,5,1,0.0005024865,2,OOD_Class_1
I need a restaurant in Iowa for 0 o'clock,1,1,1,0.00071736553,2,OOD_Class_1
Find a TV show called The Extraordinary .,5,4,0,0.00018689093,2,OOD_Class_1
I need a table at a brasserie in Belgium,1,5,1,0.0011957838,2,OOD_Class_1
how's the weather in Mowrystown,2,1,0,9.484874e-05,2,OOD_Class_1
Book me a reservation nearby my neighborhood,1,1,1,0.0013227694,2,OOD_Class_1
What time is film showing at Southern Theatres,6,5,0,0.00014318299,2,OOD_Class_1
Book me a reservation for eight for the top-rated bakery eleven hours from now in Mango,1,5,1,0.0027433655,2,OOD_Class_1
I want to book a jewish restaurant in Gambia .,1,4,1,0.0001765236,2,OOD_Class_1
book a spot for five in the same area as 72nd St,1,3,1,0.0004311972,2,OOD_Class_1
Book a highly rated fast food restaurant in Falmouth .,1,4,1,0.0046512736,2,OOD_Class_1
book a Steinway St place for 8 that is close,1,3,1,0.001835728,2,OOD_Class_1
Book a table for four around midnight in Saint Pierre and Miquelon .,1,1,1,0.0010338529,2,OOD_Class_1
What is the weather in Kernersville Greece ?,2,1,0,0.000104680854,2,OOD_Class_1
I'd give the current essay a four,4,3,0,0.00011666842,2,OOD_Class_1
I want to book an osteria for 9 in Gabon that serves donuts,1,5,1,0.013626383,2,OOD_Class_1
"Where is the closest movie theatre playing Yo, robot",6,5,0,0.00017220622,2,OOD_Class_1
what movies at Star Theatres .,6,5,0,0.0001778388,2,OOD_Class_1
Is it forecast to be stormy close to Nimule-Nationalpark 1 hour from now ?,2,1,0,0.00011525068,2,OOD_Class_1
book a brasserie,1,4,1,0.00012840152,2,OOD_Class_1
Can you find me the My Father My King game ?,5,4,0,0.00014656299,2,OOD_Class_1
Add an andy hurley album to my transatlantic lullaby list,0,0,0,0.00018269471,2,OOD_Class_1
I'd like to eat at a pub in Arkport,1,5,1,0.0024116107,2,OOD_Class_1
play The Nubians of Plutonia trailer,5,4,0,0.00014654915,2,OOD_Class_1
"make a reservation for hillary, dina chavez and alexis",1,4,1,0.0009196039,2,OOD_Class_1
Book a restaurant in the Dominican Republic in one minute for a party of eight,1,5,1,0.002700245,2,OOD_Class_1
Can you put live in detroit on the playlist Peaceful Piano,0,0,0,0.00022449266,2,OOD_Class_1
What time is The Graduates of Malibu High playing at Cobb Theatres,6,5,0,0.00013569447,2,OOD_Class_1
book me a restaurant in Guadeloupe,1,4,1,0.002587448,2,OOD_Class_1
Play me a 1990 sound track,3,2,0,0.00012127491,2,OOD_Class_1
Play me some music by Prince Alla from the twenties,3,2,0,0.00013877524,2,OOD_Class_1
add song to Trap Land,0,0,0,0.00018849142,2,OOD_Class_1
find the game Saturday Review,5,4,0,0.00013355199,2,OOD_Class_1
Book a restaurant in MP at 3 pm with pigs in blankets,1,1,1,0.0012606344,2,OOD_Class_1
what movies are playing in the area ?,6,5,0,0.00015833745,2,OOD_Class_1
Please book a restaurant for nine members on august 25 in DC,1,1,1,0.0019212553,2,OOD_Class_1
Can you get me a table reserved for three hundred thirty three days from now for eight people at a highly rated fast food place that serves north indian food not distant from Moores Mill,1,5,1,0.0012524797,2,OOD_Class_1
find the book Metallica Through the Never,5,4,0,0.00015032347,2,OOD_Class_1
Book Nuts on Clark in Irvington for 8 people in one hour .,1,1,1,0.0026135833,2,OOD_Class_1
I want a song by john schlitt in the bajo las estrellas playlist.,0,0,0,0.0002513887,2,OOD_Class_1
I want to add Kool Keith to my chill out dinner playlist,0,0,0,0.00019609932,2,OOD_Class_1
Add anti ep to esenciales,0,0,0,0.00019562255,2,OOD_Class_1
"book a spot for wilma, gay and I At The Gowanus Yacht Club in Montenegro",1,5,1,0.001074463,2,OOD_Class_1
in a week make a reservation for a table of 7 in District Of Columbia,1,3,1,0.00045735118,2,OOD_Class_1
book me a restaurant,1,4,1,0.00011533247,2,OOD_Class_1
Book a table for three at a restaurant in Louisiana,1,1,1,0.0058006453,2,OOD_Class_1
Give A History of the Mind a 2 out of 6 points .,4,3,0,0.00013428535,2,OOD_Class_1
book a table at a restaurant for 10/24/2028 for me and lauren,1,1,1,0.019572116,2,OOD_Class_1
Add this marilyn manson tune to Latin Party Anthems,0,0,0,0.00020500815,2,OOD_Class_1
Lets eat now somewhere in Roach,1,1,1,0.0016222763,2,OOD_Class_1
Find a reservation for 2 at a restaurant for pizza,1,5,1,0.0005802325,2,OOD_Class_1
Book a reservation for 2 at a food truck with pool in New York,1,5,1,0.0010293511,2,OOD_Class_1
What is the weather like now in Washington,2,1,0,9.18421e-05,2,OOD_Class_1
Book a reservation for a bar with a spa nearby ID,1,5,1,0.0067371135,2,OOD_Class_1
Tell me the forecast for breakfast at Miller's Cove,2,1,0,0.00011575747,2,OOD_Class_1
add this song by Chieko Ochi to the drum & breaks playlist,0,0,0,0.00019850858,2,OOD_Class_1
"book James D. Conrey House for madeleine, keisha and clara alvarez far from your colleague's college",1,4,1,0.00014377046,2,OOD_Class_1
rate this essay 3 out of 6 points,4,3,0,0.00011873904,2,OOD_Class_1
What's the weather like nearby in Rhode Island ?,2,1,0,0.00011132302,2,OOD_Class_1
Find a video game called Family Dog .,5,4,0,0.00022942378,2,OOD_Class_1
book a caucasian serving steakhouse for 4 in Saint Pierre and Miquelon,1,4,1,0.002411901,2,OOD_Class_1
when are animated movies playing at Goodrich Quality Theaters,6,5,0,0.00016936826,2,OOD_Class_1
What is the nearest movie theatre playing Kate y Leopold ?,6,5,0,0.0001581818,2,OOD_Class_1
I need a restaurant that can accommodate a party of ten in Avant .,1,1,1,0.0065743383,2,OOD_Class_1
find a painting called Songs from Tsongas,5,4,0,0.00018237412,2,OOD_Class_1
"book Guenther House for 6 on Oct. 24, 2035 in Waddy",1,1,1,0.0030339463,2,OOD_Class_1
What Are the showings for The Natural History of Parking Lots movie house,6,5,0,0.0001427543,2,OOD_Class_1
"Book a table at Central Grocery on Mar. 22nd, 2020",1,1,1,0.0036979788,2,OOD_Class_1
Rate The Vanishing Thieves 4 out of 6,4,3,0,0.00012535235,2,OOD_Class_1
Lets hear some booty bass,3,2,0,0.00014514165,2,OOD_Class_1
What is the song The Beast from 20 ?,5,4,0,0.00015260928,2,OOD_Class_1
Need a table for a party of 3 in Laos at a Theme restaurant,1,5,1,0.000976466,2,OOD_Class_1
was the weather colder last August at Stunt Ranch Santa Monica Mountains Reserve,2,1,0,9.671768e-05,2,OOD_Class_1
Rate this textbook 2 points .,4,3,0,0.0001292045,2,OOD_Class_1
Book a popular tuscan restaurant for 7 people in West Richfield,1,4,1,0.0031557083,2,OOD_Class_1
Add a billy strayhorn song to my the selektor playlist,0,0,0,0.00018494259,2,OOD_Class_1
What cinema is playing Great Guy,6,5,0,0.00012660283,2,OOD_Class_1
find the They Came from Somewhere Else saga,5,4,0,0.0001604836,2,OOD_Class_1
"Book Childs Restaurants in Bruno for 1 person on October 6th, 2019 .",1,1,1,0.016130025,2,OOD_Class_1
Where can I find the painting RSS tracking,5,4,0,0.00013956637,2,OOD_Class_1
find Brandy in the Wilderness,6,5,0,0.001253289,2,OOD_Class_1
book a table for 2 at a highly rated restaurant within walking distance of taverna OK,1,3,1,0.001061537,2,OOD_Class_1
"will it rain on Jan. 18th, 2029 in Kanopolis Arkansas",2,1,0,0.00012130914,2,OOD_Class_1
Is the weather hot in Miller House NV,2,1,0,8.945082e-05,2,OOD_Class_1
Book a restaurant near the City of Wakefield for 5 people.,1,1,1,0.0025182434,2,OOD_Class_1
What is the movie schedule for the B&B Theatres,6,5,0,0.00015957678,2,OOD_Class_1
I want to book a restaurant for a year from now in Maine .,1,1,1,0.0007550501,2,OOD_Class_1
book me a reservation at Rustic inn,1,4,1,0.00020757613,2,OOD_Class_1
What movies are playing close by,6,5,0,0.00017783958,2,OOD_Class_1
"I'm looking to bring shawn, marguerite and della to a place to eat at near Rwanda .",1,4,1,0.00831812,2,OOD_Class_1
I'd like to add this album to funtime .,0,0,0,0.00021037788,2,OOD_Class_1
Find a TV show called Directions Home .,5,4,0,0.00018909306,2,OOD_Class_1
I rate the current textbook a 1 out of 6 .,4,3,0,0.000122030244,2,OOD_Class_1
Book a table for 2 at a FM restaurant serving grits for the next meal .,1,5,1,0.0031493197,2,OOD_Class_1
Book a reservation for City Tavern in Long Bridge,1,4,1,0.0009443652,2,OOD_Class_1
Book a brasserie for me and my team at four am,1,5,1,0.00065289094,2,OOD_Class_1
I want to book an ethiopian bar for this Afternoon .,1,5,1,0.0006709818,2,OOD_Class_1
Play Suite Sudarmoricaine by Afi on itunes,3,2,0,0.000139318,2,OOD_Class_1
Book a restaurant for 5 people.,1,4,1,0.0023642206,2,OOD_Class_1
What is the forecast for Dec. 15 in Lake Woodruff National Wildlife Refuge,2,1,0,0.00012957897,2,OOD_Class_1
Book a tavern in Colorado for two,1,4,1,0.00066851906,2,OOD_Class_1
add space cowboy to my the funny thing about football is playlist,0,0,0,0.00019600459,2,OOD_Class_1
I'd like to eat at a tea house with 3 people,1,5,1,0.00041194167,2,OOD_Class_1
book spot for four at a indoor pub within the same area of Louisiana in one minute,1,5,1,0.0005989368,2,OOD_Class_1
I'd like to eat in 1 minute at a neighboring neighborhood restaurant,1,5,1,0.0010945417,2,OOD_Class_1
Can you find Fire Escape in the Sky The Godlike Genius of Scott Walker,5,4,0,0.00012597309,2,OOD_Class_1
Book a restaurant that serves scampi for 10 people.,1,5,1,0.063485414,2,OOD_Class_1
"I need a table for me, violet and maude at a restaurant in NE",1,1,1,0.0034900422,2,OOD_Class_1
At four pm . I need a table for 8 at a restaurant in Guernsey that serves salade .,1,5,1,0.0029969572,2,OOD_Class_1
I give The Lacuna a rating of 5 stars under the chronicle rated at 6,4,3,0,0.000113688744,2,OOD_Class_1
book a cafeteria for 5 in Turkmenistan,1,3,1,0.013403563,2,OOD_Class_1
The current novel I'm reading gets only a one out of 6 .,4,3,0,0.000118970434,2,OOD_Class_1
book a spot in MI,1,4,1,0.00050199294,2,OOD_Class_1
Add this tune to my playlist named Women of Fresh Finds,0,0,0,0.00019967585,2,OOD_Class_1
add fabrice morvan to Folk for Kids,0,0,0,0.00019841011,2,OOD_Class_1
I want to book a reservation within the same area of AMelia Court House for 4 .,1,3,1,0.0018808603,2,OOD_Class_1
Want to play Christina Schollin Lastfm,3,2,0,0.00013700606,2,OOD_Class_1
book a spot at a steakhouse with internet,1,2,1,0.0011546658,2,OOD_Class_1
me and my mummy want to go to an indian bar next winter within the same area of Cortelyou Rd,1,1,1,0.0010138876,2,OOD_Class_1
what is the forecast in Admire in TX starting at seventeen,2,1,0,8.560418e-05,2,OOD_Class_1
play theme by Yanni on Vimeo,3,2,0,0.00014990194,2,OOD_Class_1
play falco on Zvooq for Good Hit,3,2,0,0.00013112227,2,OOD_Class_1
I want to see Medal for the General,6,5,0,0.00048059731,2,OOD_Class_1
Cock-A-Doodle-Doo! was awful. I'm giving it a 0 out of 6 .,4,3,0,0.0001255348,2,OOD_Class_1
I need a table at a cafe that serves baeckeoffe,1,5,1,0.0014829233,2,OOD_Class_1
book a spot at a highly rated tea house in manadonese,1,4,1,0.0003569706,2,OOD_Class_1
Book a restaurant for august fourth not far from the Marshall Islands .,1,1,1,0.0017969337,2,OOD_Class_1
I want to book a restaurant near Wyoming for 5 people.,1,4,1,0.0048377714,2,OOD_Class_1
Add Always to dena's Baroque 50 Spotify Picks playlist.,0,0,0,0.00018666587,2,OOD_Class_1
Add artist to my Broken Heart,0,0,0,0.0001745826,2,OOD_Class_1
book a spot at a highly rated afghan restaurant,1,4,1,0.00027694757,2,OOD_Class_1
Book a restaurant for ten people 1 second from now .,1,5,1,0.003726024,2,OOD_Class_1
Reserve a table at a top-rated restaurant for dinner in twelve hours .,1,0,1,0.0016860014,2,OOD_Class_1
add thomas anders to my crossroad blues,0,0,0,0.00019552556,2,OOD_Class_1
Is there supposed to be snowfall at zero o'clock at Parc national Alerce Andino or anywhere distant,2,1,0,0.00011592333,2,OOD_Class_1
I want to book a table for two at a close by bar in Kuwait .,1,1,1,0.0035995336,2,OOD_Class_1
Book a restaurant in Eleele on October the fifth for 3 people.,1,1,1,0.00053438445,2,OOD_Class_1
"I need a reservation for apr. the sixteenth, 2027 in Cazenovia , CA",1,1,1,0.0003913854,2,OOD_Class_1
"book a brasserie at Turtle Creek neighboring on march sixth, 2038 for eight",1,0,1,0.008426922,2,OOD_Class_1
Book at table at a brasserie which serves padangnese food.,1,5,1,0.0010620262,2,OOD_Class_1
Will there be fog not far from Mexico on Apr. 27,2,1,0,0.00013678847,2,OOD_Class_1
What time is The Sea Chase playing,6,5,0,0.0001596157,2,OOD_Class_1
I need to book a table at brasserie for 10 that is highly rated in Kentucky,1,3,1,0.000111751244,2,OOD_Class_1
book a table at a top-rated brasserie in Pakistan,1,4,1,0.0014218437,2,OOD_Class_1
I want to book a cafeteria for 4 that has meze,1,4,1,0.0014562428,2,OOD_Class_1
Give this textbook four stars .,4,3,0,0.00012474113,2,OOD_Class_1
Book a reservation for one at a highly rated restaurant in Datil,1,1,1,0.011775257,2,OOD_Class_1
"book a latin cuisine pub for 2 on September the 13th, 2037 in Kazakhstan",1,1,1,0.0015251552,2,OOD_Class_1
"Book a restaurant neighboring IL for me, rachelle and wilda .",1,1,1,0.041719712,2,OOD_Class_1
rate the current album 5 out of 6 points,4,3,0,0.000117183656,2,OOD_Class_1
book a food court for 5 serving african food,1,4,1,0.00035845497,2,OOD_Class_1
add john brown to my Dinnertime Acoustics,0,0,0,0.00020104248,2,OOD_Class_1
book a table for seven people at six at the restaurant,1,5,1,0.0006944305,2,OOD_Class_1
Book a reservation for a southern brazilian restaurant for 10 people within walking distance of Broadway-Lafayette St,1,1,1,0.028549355,2,OOD_Class_1
Play me a ballad by Dres on groove shark,3,2,0,0.00012391119,2,OOD_Class_1
Find Stays in Mexico .,5,4,0,0.0002095973,2,OOD_Class_1
book a taverna for me and jami,1,4,1,0.00025514307,2,OOD_Class_1
What's today's movie schedule,6,5,0,0.00013228961,2,OOD_Class_1
Book a bistro in New Zealand in 119 and a half days .,1,1,1,0.001452302,2,OOD_Class_1
Book a reservation for ten at a restaurant in Ohio,1,5,1,0.007341886,2,OOD_Class_1
this novel should get zero points for how intrepid it is.,4,3,0,0.00014848272,2,OOD_Class_1
I need a table for 6 to eat at nearby in Clinchco .,1,1,1,0.0012887776,2,OOD_Class_1
Play top music from Charles L. Johnson on vimeo,3,2,0,0.0001608211,2,OOD_Class_1
will it rain today in Circleville,2,1,0,9.833554e-05,2,OOD_Class_1
Add nitti to my family favorites playlist,0,0,0,0.00017863965,2,OOD_Class_1
Play music from the seventies for me.,3,2,0,0.00013890267,2,OOD_Class_1
Book a reservation for six for a tyrolean oyster bar,1,5,1,0.0036602002,2,OOD_Class_1
I want to find a salami restaurant in Bastian IN,1,1,1,0.0020290846,2,OOD_Class_1
What's the weather forecast for Austin Liechtenstein,2,1,0,9.54061e-05,2,OOD_Class_1
Book a table at an indoor restaurant now .,1,5,1,0.0021335487,2,OOD_Class_1
Book a table for one at the Bear Hotel in Peru,1,5,1,0.0018507162,2,OOD_Class_1
I'd like to eat at the oyster bar for a party of one that has internet,1,5,1,0.0014230114,2,OOD_Class_1
Book a restaurant in Palestine for 8 people at 9 AM,1,1,1,0.0020295742,2,OOD_Class_1
I want to book The Hat for my grandfather and I in Arkansas .,1,4,1,0.00015819962,2,OOD_Class_1
find The Loving Spirit,5,4,0,0.00017177708,2,OOD_Class_1
I'd like to eat at a pho restaurant in VT,1,1,1,0.002606558,2,OOD_Class_1
Tell me the weather forecast for France,2,1,0,0.000119023265,2,OOD_Class_1
book me a reservation at an oyster bar that serves crab cake for two people,1,5,1,0.0017319757,2,OOD_Class_1
Is The Belles of St. Clements playing at Star Theatres in 8 minutes ?,6,5,0,0.00014787205,2,OOD_Class_1
What movie theatre playing animated movies is the closest,6,5,0,0.00017153186,2,OOD_Class_1
Book a table for 1 at Thomas Hynes House .,1,5,1,0.002252142,2,OOD_Class_1
book a table at a Fried chicken restaurant,1,4,1,0.0010415041,2,OOD_Class_1
Need to book a reservtion for a restaurant in Maryland for me and my half sister,1,4,1,0.00014428976,2,OOD_Class_1
"Please book a restaurant for party of 1 in Seeley Lake on july the fourteenth, 2022 .",1,1,1,0.0047406005,2,OOD_Class_1
Play a tune by Mc Hawking,3,2,0,0.00012415629,2,OOD_Class_1
Find a show called Friday Download .,5,4,0,0.00015106483,2,OOD_Class_1
Book reservations at a restaurant that serves puglia for jan. 24th,1,5,1,0.002998438,2,OOD_Class_1
Rate this novel at 2,4,3,0,0.00013753425,2,OOD_Class_1
"I'd like to book at a place in Michigan for a party of 3 , name of the restaurant is Carter House Inn .",1,4,1,0.00026734816,2,OOD_Class_1
I'm looking to reserve a table at a pasta restaurant in Serbia .,1,4,1,0.0076356386,2,OOD_Class_1
I would like to book a restaurant in Poncha Springs for 8 at 0032 am,1,1,1,0.0007593664,2,OOD_Class_1
I want to book a tea house for 4 that serves madeleine,1,5,1,0.0040737237,2,OOD_Class_1
I want to book Albany Pump Station in Buckholts Washington now for a party of 9 .,1,3,1,0.0013342088,2,OOD_Class_1
"book a spot for nona gray, myrtle and alison at a top-rated brasserie that is distant from Wilson Av on Nov. the 4th, 2030 that serves ouzeri",1,1,1,0.004666725,2,OOD_Class_1
add la voce to my Dubstep Dangles Dirty playlist,0,0,0,0.0001976399,2,OOD_Class_1
Is it going to be chilly at nine am in Doolittle,2,1,0,0.000104576,2,OOD_Class_1
Book a reservation for seven people at Fraser Mansion in IL,1,1,1,0.0033149973,2,OOD_Class_1
Make me a reservation in NH for a party of two at a restaurant close by,1,5,1,0.0020307552,2,OOD_Class_1
book a table for chasity and I in Vanuatu,1,4,1,0.0012303639,2,OOD_Class_1
I want to hear Dido from 1966 on Youtube,3,2,0,0.00017730996,2,OOD_Class_1
Please book me a table for next week at a top-rated restaurant,1,5,1,0.005369432,2,OOD_Class_1
book a spot at Rimsky-Korsakoffee House in Mackville,1,4,1,0.0005775237,2,OOD_Class_1
"Please get me seating at the tavern in Red Lick , Michigan",1,4,1,0.0008655873,2,OOD_Class_1
Is The Ghost playing,6,5,0,0.00020331777,2,OOD_Class_1
Rate Wielding a Red Sword 0 stars,4,3,0,0.00011856442,2,OOD_Class_1
where is My Song Goes Forth playing,6,5,0,0.00018450808,2,OOD_Class_1
play melody and sort the newest in Dj Format,3,2,0,0.00015223875,2,OOD_Class_1
Book a restaurant in Belgium for ten in 24 weeks .,1,3,1,0.00035464644,2,OOD_Class_1
what is the New Caledonia forecast for Bagnell on sep. the 5th,2,1,0,0.00011296618,2,OOD_Class_1
Is it forecast to be chillier in Latvia ?,2,1,0,0.00011706541,2,OOD_Class_1
Please get me Rough and Ready saga .,5,4,0,0.00012808306,2,OOD_Class_1
I need movie times at Fox Theatres around zero PM,6,5,0,0.00021157997,2,OOD_Class_1
book french food for me and angeline at a restaurant,1,4,1,0.00016563006,2,OOD_Class_1
"casey chavez, lucinda and karina want to eat at a diner on december the 7th",1,5,1,0.004639432,2,OOD_Class_1
I want eat at the best spanish restaurant in the Georgia area that is within walking distance for me and my nephew at noon,1,5,1,0.0025517778,2,OOD_Class_1
Play music from the sixties,3,2,0,0.00014290084,2,OOD_Class_1
Book a reservation for seven people at a bakery in Osage City,1,1,1,0.010045254,2,OOD_Class_1
Show the My World 2.0 photograph,5,4,0,0.00019952898,2,OOD_Class_1
Add Sunday Express Live to workout playlist,0,0,0,0.00019025254,2,OOD_Class_1
Play a Herbie Fields record from the sixties,3,2,0,0.00014430542,2,OOD_Class_1
I need a table for 7 people at a bar that specialises in being a protein bar .,1,5,1,0.023700502,2,OOD_Class_1
What is the weather forecast two hours and seventeen seconds from now in Elgin Schoolhouse State Historic Site,2,1,0,0.00011373906,2,OOD_Class_1
Where can I see the trailer of Take Me to the King,5,4,0,0.000113913266,2,OOD_Class_1
Can you make reservations for two people somewhere distant from Sutphin Blvd,1,1,1,0.01489355,2,OOD_Class_1
tell me how Bellwood weather is,2,1,0,0.0001280665,2,OOD_Class_1
book a spot for ten in Upper Marlboro PR,1,3,1,0.0011570201,2,OOD_Class_1
Book a reservation for a trentino restaurant in Kansas,1,1,1,0.012762126,2,OOD_Class_1
Rate The Scarab Murder Case a one,4,3,0,0.00012750977,2,OOD_Class_1
"book a table at an oyster bar that serves apple butter on Jul. 10th, 2028",1,1,1,0.009843029,2,OOD_Class_1
Play sixties on Spotify,3,2,0,0.00014514741,2,OOD_Class_1
Find the From the Hut TV series,5,4,0,0.0001592388,2,OOD_Class_1
"Book a brasserie restaurant in Enfield , North Dakota for rosie and I that has tarte tatin",1,4,1,0.00083610194,2,OOD_Class_1
Add a tune by alex gaudino to my The New Waltz playlist.,0,0,0,0.00020854358,2,OOD_Class_1
book a table today at a steakhouse for eight that serves sashimi,1,5,1,0.0010526867,2,OOD_Class_1
I would give this current novel 4 points,4,3,0,0.00012682856,2,OOD_Class_1
I need a reservation at sunrise for melva and heidi at a local restaurant .,1,5,1,0.010137329,2,OOD_Class_1
"Is it warmer in Monson , U.S. Minor Outlying Islands",2,1,0,0.000108849235,2,OOD_Class_1
Add gregory douglass to my WHM list,0,0,0,0.00018430824,2,OOD_Class_1
add a tune in women of classical,0,0,0,0.00020400556,2,OOD_Class_1
Book a reservation for an oyster bar,1,4,1,0.00022500152,2,OOD_Class_1
book a table in MT for 3 for now at a pub that serves south indian,1,5,1,0.0027730828,2,OOD_Class_1
Play me the most popular Lillian Hardin song on Itunes,3,2,0,0.000128717,2,OOD_Class_1
book a gastropub serves waffle for 8,1,2,1,0.005914158,2,OOD_Class_1
I need a table in East Timor for a party of nine at 5 North St,1,5,1,0.0023292496,2,OOD_Class_1
Add the big mama thornton song to cassie's Punk Rock Workout playlist,0,0,0,0.00019448259,2,OOD_Class_1
will it be colder at midnight in Washington,2,1,0,9.766607e-05,2,OOD_Class_1
Get me a table for one at a popular brasserie,1,5,1,0.00029281926,2,OOD_Class_1
I need a weather forecast for Laos at one am,2,1,0,0.00010906145,2,OOD_Class_1
Give Northern Lights Audio 5 / 6 points,4,3,0,0.00012149479,2,OOD_Class_1
will it be chillier in Saxis North Dakota,2,1,0,0.00010800366,2,OOD_Class_1
Book a fast food restaurant .,1,4,1,0.00021597481,2,OOD_Class_1
I'd like to hear Ami Suzuki 's latest record,3,2,0,0.00012972514,2,OOD_Class_1
I wanna hear something on Spotify by Eddie Vinson,3,2,0,0.00017320426,2,OOD_Class_1
What's the nearest movie theatre playing Testament of Orpheus ?,6,5,0,0.00016161708,2,OOD_Class_1
I want to listen to Merrily We Roll Along by Marko Desantis .,3,2,0,0.00017506325,2,OOD_Class_1
What movies are starting in 1 second at a theater in the neighborhood ?,6,5,0,0.00017905768,2,OOD_Class_1
I want to hear a track by Ryohei Yamamoto on Vimeo,3,2,0,0.00019828248,2,OOD_Class_1
Is it going to be hot in Lexington-Fayette,2,1,0,0.00012376616,2,OOD_Class_1
the stars for Behind the Beat should number four for this chronicle,4,3,0,0.00013200563,2,OOD_Class_1
I want a table at James D. Conrey House in Urbank California,1,1,1,0.0024960558,2,OOD_Class_1
Rate the current essay a three,4,3,0,0.000108534194,2,OOD_Class_1
book a gluten free restaurant in Arp,1,4,1,0.0026012878,2,OOD_Class_1
book a table for five at a restaurant with the best rating,1,3,1,0.000120366574,2,OOD_Class_1
add satisfied to my Rockin' Vibes playlist,0,0,0,0.00019306247,2,OOD_Class_1
Book COVA in Frisco City for me and therese at eight pm,1,1,1,0.0036984773,2,OOD_Class_1
Can you get seating for my father and I at a restaurant in Birch Run,1,5,1,0.0005471782,2,OOD_Class_1
When is The Pirate Fairy playing at AMC Theaters ?,6,5,0,0.00012960387,2,OOD_Class_1
Book reservations at a north indian bar for 4 people,1,4,1,0.00014500816,2,OOD_Class_1
What time is Tasher Desh playing at the nearest movie house,6,5,0,0.00015078911,2,OOD_Class_1
Add Baby Lemonade to poetry in their own voices,0,0,0,0.00019792702,2,OOD_Class_1
I'd like reservations for me and my grandkid at a top-rated restaurant that serves molise cuisine in PA .,1,5,1,0.031038286,2,OOD_Class_1
I want to listen to the song Only the Greatest,5,4,0,0.00041595456,2,OOD_Class_1
What's the weather forecast at sixteen in Oklahoma ?,2,1,0,9.728887e-05,2,OOD_Class_1
Lets go to a steakhouse before we go to the pool,1,5,1,0.00031007652,2,OOD_Class_1
what is the weather like in Texas,2,1,0,9.7382894e-05,2,OOD_Class_1
Find the schedule for the closest films at a cinema at meal time.,6,5,0,0.00015988637,2,OOD_Class_1
Play classic rock on Groove Shark,3,2,0,0.00013384705,2,OOD_Class_1
Book a reservation for a top-rated lebanese fast food place,1,4,1,0.004297118,2,OOD_Class_1
Book a hawaiian diner in South Carolina not far away in 1 second from now .,1,1,1,0.0010650519,2,OOD_Class_1
When is Old Enough showing at the movie house ?,6,5,0,0.00012104129,2,OOD_Class_1
Book a taverna in Wisconsin for 2254 .,1,4,1,0.012190241,2,OOD_Class_1
"Book me and my nieces a reservation for a seafood restaurant in Cle Elum , NE on ascension day",1,1,1,0.00096413,2,OOD_Class_1
I need a reservation for next week with a party of six,1,5,1,0.0015102945,2,OOD_Class_1
book a brasserie with a pool within the same area as my neighborhood for 5 people at 1926,1,5,1,0.00802548,2,OOD_Class_1
"book a restaurant in Clawson , MS for one",1,3,1,0.005512913,2,OOD_Class_1
I would rate this current essay a 0,4,3,0,0.00011491514,2,OOD_Class_1
put this song on my NTC High Intensity Training Tracks playlist,0,0,0,0.000246016,2,OOD_Class_1
forecast for Laguna Heights Barbados,2,1,0,8.780122e-05,2,OOD_Class_1
Book reservations at a faraway restaurant in Newtown at meal time,1,5,1,0.0015236039,2,OOD_Class_1
book a table for 10 at a restaurant in Federated States Of Micronesia,1,1,1,0.0049031666,2,OOD_Class_1
Show The Matrix Revolutions,5,4,0,0.00013903521,2,OOD_Class_1
Add this track to my Tropical Morning playlist,0,0,0,0.00019514524,2,OOD_Class_1
Will it storm in Kinder Russia,2,1,0,0.00011351494,2,OOD_Class_1
I want to book Dinner by Heston Blumenthal in AL .,1,2,1,0.004900509,2,OOD_Class_1
I need a table in West Virginia for me and my baby at Jacob Wirth Restaurant,1,5,1,0.0008508442,2,OOD_Class_1
give the current album a score of five out of 6,4,3,0,0.000117584656,2,OOD_Class_1
I want seats for four at a place in RI,1,5,1,0.0010278109,2,OOD_Class_1
Book a restaurant 2 months from now for seven people in New Caledonia .,1,1,1,0.00056191965,2,OOD_Class_1
Book a reservation for 1 at a diner in WI,1,1,1,0.010378588,2,OOD_Class_1
make a reservation for 9 at a brasserie with parking,1,5,1,0.00038497106,2,OOD_Class_1
Play a 1991 song by Anila Mirza,3,2,0,0.00012623501,2,OOD_Class_1
book a party at their campus within the same area for churrascaria,1,1,1,0.001962639,2,OOD_Class_1
Show The Blue Meaning television show,5,4,0,0.00015815222,2,OOD_Class_1
Add Roel van Velzen to my party of the century playlist.,0,0,0,0.00020601517,2,OOD_Class_1
What films are playing at Pacific Theatres,6,5,0,0.00015818108,2,OOD_Class_1
Book reservation for 2 people tomorrow in Whitewater,1,4,1,0.0001595778,2,OOD_Class_1
Use Last Fm to play artist Kawabata Makoto from their record,3,2,0,0.0001409601,2,OOD_Class_1
Book a reservation for me and my wife at The Middle East in Guernsey,1,1,1,0.0016651019,2,OOD_Class_1
What's the forecast for Belize around meal time?,2,1,0,9.805135e-05,2,OOD_Class_1
rate The Overton Window series a two out of 6,4,3,0,0.00012461963,2,OOD_Class_1
Add another MC chris track to my Blues Roots playlist.,0,0,0,0.00020321656,2,OOD_Class_1
Add rosemary clooney to Pura Vida playlist,0,0,0,0.00018886414,2,OOD_Class_1
book a spot at a taverna with internet in Mississippi,1,5,1,0.0016403985,2,OOD_Class_1
find a soundtrack called Fast as You,5,4,0,0.00019470675,2,OOD_Class_1
Will there be a cloud in Kiribati,2,1,0,0.0001275019,2,OOD_Class_1
Give Home Is the Hunter zero stars,4,3,0,0.00012066637,2,OOD_Class_1
Add louis nelson delisle to the pulse of americana,0,0,0,0.00020752457,2,OOD_Class_1
will it be hotter Netherlands Antilles Flats on april the 27th,2,1,0,0.00011241398,2,OOD_Class_1
Book a restaurant within the same area of Earls Court for lucille and marina .,1,1,1,0.034079976,2,OOD_Class_1
book near Montana restaurant serving sri lankan food for 6 that is highly rated on tues.,1,3,1,0.000111530084,2,OOD_Class_1
What's the weather in Dazey,2,1,0,9.0151865e-05,2,OOD_Class_1
Show me movie schedules,6,5,0,0.00015286347,2,OOD_Class_1
Rate this series a 5,4,3,0,0.0001222087,2,OOD_Class_1
Will it be colder in Ohio,2,1,0,9.891517e-05,2,OOD_Class_1
What will the weather be at nine am in HI ?,2,1,0,9.18421e-05,2,OOD_Class_1
How is weather here ?,2,1,0,8.918866e-05,2,OOD_Class_1
Rate my current novel one out of 6 points,4,3,0,0.00012173284,2,OOD_Class_1
Can you make reservations at a restaurant that serves mashed pumpkin for six PM,1,5,1,0.00093490747,2,OOD_Class_1
rate the Beyond Black saga a one,4,3,0,0.00013040686,2,OOD_Class_1
What time is Pussyfoot playing at Pacific Theatres ?,6,5,0,0.0001332028,2,OOD_Class_1
What's the weather in Fox Chapel ?,2,1,0,9.18405e-05,2,OOD_Class_1
when is Red Shirts showing at Dickinson Theatres,6,5,0,0.00012464174,2,OOD_Class_1
I want movie times for Fox Theatres,6,5,0,0.000195497,2,OOD_Class_1
play Techno music,3,2,0,0.00013756164,2,OOD_Class_1
I would like to book a tea house at 0805,1,5,1,0.002648916,2,OOD_Class_1
book a spot for one at four AM,1,5,1,0.00015028632,2,OOD_Class_1
Play some fourties music on vimeo,3,2,0,0.00017136059,2,OOD_Class_1
Give this book a 2 .,4,3,0,0.00013239672,2,OOD_Class_1
Put something by Noah Wuv Bernardo on my Humor playlist,0,0,0,0.00019967416,2,OOD_Class_1
Book a reservation for a bistro,1,5,1,0.0024250653,2,OOD_Class_1
Book a restaurant in Kamrar for midday .,1,1,1,0.00035088084,2,OOD_Class_1
Book a table at T-Rex distant from Halsey St .,1,5,1,0.00307642,2,OOD_Class_1
Find a photograph called Greatest Hits Volume One .,5,4,0,0.00027860567,2,OOD_Class_1
book a spot for 3 at supper time in IL,1,1,1,0.0017225984,2,OOD_Class_1
Show me the movie schedules for movies playing around here today.,6,5,0,0.00018691589,2,OOD_Class_1
"Book a table for 6 in The Cheese Course , Blocher on February the 10th .",1,3,1,0.013807128,2,OOD_Class_1
I'd like to watch Take This Waltz,6,5,0,0.00034623718,2,OOD_Class_1
Please help me find the Selections from the Arista Years video game .,5,4,0,0.0016411737,2,OOD_Class_1
Rate The Travels of Lao Can five out of 6,4,3,0,0.00011604507,2,OOD_Class_1
I want to book a restaurant in Glenarden South Dakota for two people.,1,1,1,0.0135013545,2,OOD_Class_1
Add this album to my pop playlist,0,0,0,0.00019053131,2,OOD_Class_1
Play new Teo Macero,3,2,0,0.000115045645,2,OOD_Class_1
please book a restaurant with parking facility at taverna,1,1,1,0.013059371,2,OOD_Class_1
For this book I rate four points,4,3,0,0.0001128592,2,OOD_Class_1
I need a party of two reservation faraway from Atlantic Av-Barclays Ctr at a spa for fast food,1,5,1,0.00055636663,2,OOD_Class_1
What's it like in Bahrain right now ?,2,1,0,0.0001266288,2,OOD_Class_1
What's the weather like today in Sierra Blanca,2,1,0,9.157338e-05,2,OOD_Class_1
Show Famous Classic Tales television show,5,4,0,0.00012971772,2,OOD_Class_1
add abrar ul haq to Confidence Boost,0,0,0,0.00019485617,2,OOD_Class_1
What is the movie schedules for movies in the neighbourhood,6,5,0,0.00017321094,2,OOD_Class_1
Find the TV series From the Top,5,4,0,0.00015403965,2,OOD_Class_1
What will the weather be like in three weeks faraway in Sompio Strict Nature Reserve,2,1,0,0.000121017954,2,OOD_Class_1
book a spot for one at a pub that serves som tam,1,5,1,0.0005312321,2,OOD_Class_1
Tell me if it'll be hotter a week from now in Waxhaw,2,1,0,0.00013833446,2,OOD_Class_1
rate the book Dreams of the Raven 5 stars,4,3,0,0.0001285741,2,OOD_Class_1
The Young Lion saga gets a solid 4 points out of 6 .,4,3,0,0.00012220917,2,OOD_Class_1
We want to eat at a brasserie with sicilian food in Nebraska,1,5,1,0.00066711206,2,OOD_Class_1
How will the weather be on May 9 in Wyoming ?,2,1,0,0.00010705887,2,OOD_Class_1
Shw the picture Twin Husbands,5,4,0,0.00014038512,2,OOD_Class_1
Make a restaurant reservation for me and my son at twenty three o'clock .,1,5,1,0.0014496688,2,OOD_Class_1
find films in 12 hours at the nearest movie theatre,6,5,0,0.00018116366,2,OOD_Class_1
Make a reservation far away at The Spotted Pig in SD .,1,1,1,0.00269824,2,OOD_Class_1
I would like to book at Clinton Street Baking Company & Restaurant in Brookneal .,1,4,1,0.0016736062,2,OOD_Class_1
I rate the saga Wahhabi Islam From Revival and Reform to Global Jihad three out of 6,4,3,0,0.00011926095,2,OOD_Class_1
I require a reservation for one at the most highly rated restaurant in Uzbekistan .,1,5,1,0.03812926,2,OOD_Class_1
Play Furusato on Google Music .,3,2,0,0.00019153605,2,OOD_Class_1
Book a restaurant for 9 at 0037 PM,1,5,1,0.0017457103,2,OOD_Class_1
Book me a table for five at the top-rated Morocco restaurant .,1,5,1,0.004294321,2,OOD_Class_1
I need a table for 1 minute from now at any pub for five around IN that also serves fisn'n chips .,1,5,1,0.0011362769,2,OOD_Class_1
need a table at Uncommon Grounds Coffeehouse at eleven for nine,1,5,1,0.00022023612,2,OOD_Class_1
Book reservations at a restaurant for eight people in New Jersey,1,4,1,0.009584745,2,OOD_Class_1
Book a table for nine people next mar .,1,1,1,0.0030463852,2,OOD_Class_1
What is the forecast for my current place at 23 o'clock,2,1,0,9.979062e-05,2,OOD_Class_1
find movie times,6,5,0,0.00015346134,2,OOD_Class_1
book a cafe for one in the Cocos Islands,1,4,1,0.0012634678,2,OOD_Class_1
What's the weather going to be in Yemen in one minute ?,2,1,0,0.00010519504,2,OOD_Class_1
I need reservations at a restaurant at 20 o'clock in FM,1,1,1,0.0016753498,2,OOD_Class_1
I need a reservation for a tea house in Maple Glen for four people,1,5,1,0.0048038694,2,OOD_Class_1
Can you pull up Queen of the Organ,5,4,0,0.00016933685,2,OOD_Class_1
"Book a table for four in Orchard Grass Hills , NV",1,1,1,0.008896605,2,OOD_Class_1
add an album in Sweet Soul Chillout,0,0,0,0.00021400368,2,OOD_Class_1
"book me a restaurant for me, geneva and wilda for now in Blacksville",1,1,1,0.00048859924,2,OOD_Class_1
Add As I Was Going to St Ives to the fantasía playlist.,0,0,0,0.0001995793,2,OOD_Class_1
Put this tune onto the signed xoxo playlist.,0,0,0,0.00024541852,2,OOD_Class_1
table for 4 in Sparks,1,3,1,0.00029979856,2,OOD_Class_1
show me the Everybody Wants You picture,5,4,0,0.00014828832,2,OOD_Class_1
"book a restaurant in North Dakota for my child and I on november seventh, 2037",1,4,1,0.007499004,2,OOD_Class_1
When will The Honor of an Outlaw be showing?,6,5,0,0.0002716029,2,OOD_Class_1
Find a table for two in a place not far in Culdesac,1,1,1,0.0019463291,2,OOD_Class_1
"Is it cold in Breckenridge , Colorado ?",2,1,0,0.00010175605,2,OOD_Class_1
book a table at Anstruther Fish Bar in FM,1,1,1,0.0019951398,2,OOD_Class_1
I think the Dictionary of New Zealand Biography deserves 2 points,4,3,0,0.00012926327,2,OOD_Class_1
I'd like to book a reservation for next Spring for nine people at Shore Club .,1,5,1,0.003221586,2,OOD_Class_1
book a spot at an osteria that has goiano in Ward Springs,1,1,1,0.0012371925,2,OOD_Class_1
I'd like to book a restaurant that serves pôchouse in Rocksprings .,1,1,1,0.03656119,2,OOD_Class_1
Book a bar with a pool in Mountain Iron .,1,4,1,0.0023995459,2,OOD_Class_1
Please search the Woodsmen of the West .,5,4,0,0.00013580924,2,OOD_Class_1
I need a reservation for Roscoff Restaurant in Valley Mills,1,1,1,0.0014927459,2,OOD_Class_1
What is the weather like in North Salt Lake and Afghanistan ?,2,1,0,0.00011844333,2,OOD_Class_1
Find a TV show called The God Boy .,5,4,0,0.0001848964,2,OOD_Class_1
Find me Royal Astronomy,5,4,0,0.00010512203,2,OOD_Class_1
I want a table for five at a restaurant with latin food in Arkansas for 1 hour from now,1,5,1,0.0022506535,2,OOD_Class_1
add décadas to my list Neo da Matrix,0,0,0,0.00019211782,2,OOD_Class_1
"book a masala bar on march 6, 2034",1,4,1,0.0021476396,2,OOD_Class_1
rate this chronicle two points,4,3,0,0.00012102106,2,OOD_Class_1
"will there be hail in Dean Creek Wildlife Area on Feb. 25, 2031",2,1,0,0.00017452362,2,OOD_Class_1
I need a table for four at a restaurant in AL,1,1,1,0.0022795554,2,OOD_Class_1
Find me music by Kaori Utatsuki off the album that has top-twenty hits,3,2,0,0.00020767094,2,OOD_Class_1
will there be hail in Kaffir,2,1,0,0.00013361649,2,OOD_Class_1
Book a table for 8 people at Robinson House .,1,5,1,0.003619817,2,OOD_Class_1
I need seats for six at a vegan bar in London Borough of Enfield or the same distant in one second,1,1,1,0.0033867236,2,OOD_Class_1
Find the movie times for North American Cinemas .,6,5,0,0.00018601048,2,OOD_Class_1
Look for the TV series The Stars at Saint Andrea,5,4,0,0.00013984412,2,OOD_Class_1
I need to book the Fashion Cafe for meal in Lavina,1,4,1,9.424242e-05,2,OOD_Class_1
add song to Rocksteady playlist,0,0,0,0.0001866666,2,OOD_Class_1
I need a reservation for a highly rated bistro for a party of 10 .,1,3,1,0.00013270139,2,OOD_Class_1
"What is the temperature for Montserrat On Sep. the fourth, 2024",2,1,0,0.00011861793,2,OOD_Class_1
Play ep from Quasimoto from the nineties,3,2,0,0.00014220865,2,OOD_Class_1
What animated movies are showing in the neighborhood,6,5,0,0.00017136746,2,OOD_Class_1
Give the current series a two,4,3,0,0.00012926619,2,OOD_Class_1
restaurant in Bulgaria this week party for 9 numbers,1,3,1,0.00043897773,2,OOD_Class_1
Book a table at the top-rated taverna in North Korea .,1,4,1,0.0008927511,2,OOD_Class_1
I want to read the book The Minotaur,5,4,0,0.00013513865,2,OOD_Class_1
Play Rap Album One by Gene Vincent .,3,2,0,0.00013177554,2,OOD_Class_1
show me the movie schedule,6,5,0,0.00012697918,2,OOD_Class_1
Please search the Ironbound picture .,5,4,0,0.0001535885,2,OOD_Class_1
I'm looking for a churrascaria place with wifi that can serve a party of five .,1,3,1,0.0021363762,2,OOD_Class_1
Book reservations at a restaurant that serves brazilian food for 9 people,1,5,1,0.007273367,2,OOD_Class_1
book a spot for seven at a brasserie with ginestrata,1,5,1,0.00017126572,2,OOD_Class_1
I need a table for 5 at the restaurant I ate at last Oct.,1,5,1,0.00071583356,2,OOD_Class_1
book a spot for 1 close to geraldine's house,1,3,1,0.00477197,2,OOD_Class_1
Please book me a reservation this year for a restaurant within the same area of my office,1,1,1,0.0115523515,2,OOD_Class_1
I need a table at a highly rated diner,1,4,1,0.0005155716,2,OOD_Class_1
where can I see the trailer for Love on the Beat,5,4,0,0.00011764546,2,OOD_Class_1
I want to hear music by Madeleine Peyroux from 1991 on Youtube .,3,2,0,0.0001779197,2,OOD_Class_1
i need a table at a close by restaurnt in Hackney for ten,1,1,1,0.002093056,2,OOD_Class_1
show me the movie schedule in the neighbourhood movies,6,5,0,0.00015679389,2,OOD_Class_1
what is the weather forecast for Maryland,2,1,0,0.000104374616,2,OOD_Class_1
Listen to Power Gaming playlist,3,2,0,0.00012736657,2,OOD_Class_1
I want to hear Ready by Frankenstein Drag Queens From Planet 13,3,2,0,0.00013581716,2,OOD_Class_1
The current textbook gets a 2 rating.,4,3,0,0.00011949446,2,OOD_Class_1
what animated movie are at the theater in the neighborhood,6,5,0,0.00014515608,2,OOD_Class_1
I need to book a table at a nearby restaurant,1,5,1,0.00085390476,2,OOD_Class_1
I want to book a churrascaria restaurant for ten people.,1,4,1,0.0029487913,2,OOD_Class_1
Book a highly rated restaurant with northeastern for 10 in Satanta,1,3,1,0.0001117534,2,OOD_Class_1
Find the novel WWE Legends of WrestleMania,5,4,0,0.00017017465,2,OOD_Class_1
Need a table at The Goof in Croatia for a party of three,1,5,1,0.00074631756,2,OOD_Class_1
book a restaurant for november 19,1,1,1,0.000368941,2,OOD_Class_1
Weather here at two pm,2,1,0,8.559922e-05,2,OOD_Class_1
I want to add michelle heaton to this is chopin,0,0,0,0.0001977306,2,OOD_Class_1
"Tell me the weather forecast for my current spot on dec. fourth, 2021",2,1,0,0.00014826994,2,OOD_Class_1
Play Llegando a Casa playlist,3,2,0,0.00011569406,2,OOD_Class_1
rate Galactic Pot-Healer two points,4,3,0,0.00012352817,2,OOD_Class_1
Play some theme based music from the thirties .,3,2,0,0.00014304287,2,OOD_Class_1
Play Saturday Nights & Sunday Mornings,3,2,0,0.00012624831,2,OOD_Class_1
what is the forecast for close to Texas,2,1,0,9.766835e-05,2,OOD_Class_1
I need a reservation for eight at The Original Soup Man in Northern Mariana Islands,1,1,1,0.0036340891,2,OOD_Class_1
Book me seats for 6 at a restaurant in WV in one second,1,5,1,0.0008482457,2,OOD_Class_1
Play Rob Mills album The Golden Archipelago .,3,2,0,0.00012700744,2,OOD_Class_1
look up Holy Water,5,4,0,0.00011660056,2,OOD_Class_1
Add Kirk Hammett to Calm Down,0,0,0,0.00019334108,2,OOD_Class_1
Add Jon McLaughlin to my forever country playlist.,0,0,0,0.00020773029,2,OOD_Class_1
I want to read the book Crash Landing,5,4,0,0.00013408836,2,OOD_Class_1
"Book a table at Grecian Coffee House for 7 on Apr. 7th, 2024",1,1,1,0.003955638,2,OOD_Class_1
Let's hear some tunes from the thirties .,3,2,0,0.00013435578,2,OOD_Class_1
rate this book a zero,4,3,0,0.000119843804,2,OOD_Class_1
Find me a table for 8 people at a nearby AL restaurant one minute from now .,1,5,1,0.000635407,2,OOD_Class_1
what films are playing at the nearest movie house,6,5,0,0.00017052866,2,OOD_Class_1
book me a restaurant that serves green bean casserole for five people,1,5,1,0.010920736,2,OOD_Class_1
Rate the current album a four,4,3,0,0.000111815905,2,OOD_Class_1
Is the start time 151652 for movies in the neighborhood,6,5,0,0.00017169224,2,OOD_Class_1
I'm looking for Welcome to the Canteen,5,4,0,9.9256176e-05,2,OOD_Class_1
Please search the game ATLA All This Life Allows .,5,4,0,0.00022061603,2,OOD_Class_1
add lunacy to my chill out playlist,0,0,0,0.00018997557,2,OOD_Class_1
Add this track to my Rock Hard playlist,0,0,0,0.00019109123,2,OOD_Class_1
sofia phillips and winifred walker want to dine at a mughlai restaurant in LA on Nov. the 1st,1,1,1,0.0018013841,2,OOD_Class_1
give 5 out of 6 points to Racing the Rain,4,3,0,0.00012461939,2,OOD_Class_1
at thirteen o'clock book a table for margie and I in Vanuatu,1,5,1,0.0017414336,2,OOD_Class_1
Asiate restaurant in Sturgeon for 7,1,1,1,0.0016420445,2,OOD_Class_1
Add the entire album into indie español,0,0,0,0.00019043683,2,OOD_Class_1
What's the forecast for East Sonora Qatar,2,1,0,9.587295e-05,2,OOD_Class_1
Is it forecast to be chillier around Texas ?,2,1,0,0.00011013469,2,OOD_Class_1
Looking for the trailer for Shaolin Temple,5,4,0,0.00014627301,2,OOD_Class_1
I want to eat somewhere that is faraway from Iowa .,1,1,1,0.0029156934,2,OOD_Class_1
Need a table in Serbia and Montenegro on Apr. 16 for a party of seven,1,1,1,0.009712494,2,OOD_Class_1
Where is the nearest movie theatre that is playing Honeysuckle Rose,6,5,0,0.00017715112,2,OOD_Class_1
Add a track to Fusion Fest,0,0,0,0.0001885823,2,OOD_Class_1
What is the forecast for this afternoon for blizzard conditions in Dieterich Chad,2,1,0,0.00012400813,2,OOD_Class_1
"Reserve a spot at indoor restaurant on june the 15th , 3 guests",1,3,1,0.0004625115,2,OOD_Class_1
I need a reservation for Harveys this Winter in neighboring Wisconsin for terri and I,1,1,1,0.00028135916,2,OOD_Class_1
Book a brasserie that serves mezzes in Iowa .,1,4,1,0.003705176,2,OOD_Class_1
I want to give Among the Enemy 4 out of 6 points,4,3,0,0.00012179197,2,OOD_Class_1
Book a table at a restaurant in the Cayman Islands two hundred ninety six days from now,1,1,1,0.002406601,2,OOD_Class_1
I want to watch Wide-Eyed and Ignorant,5,4,0,0.0006750143,2,OOD_Class_1
Looking for the painting Last Flight To Abuja,5,4,0,0.00015193588,2,OOD_Class_1
Play While The Gate Is Open .,3,2,0,0.0001616931,2,OOD_Class_1
book a highly rated bar in Curacao for one,1,3,1,0.00011207745,2,OOD_Class_1
Book me a lunch at Boreas for a party of 8,1,5,1,0.00063788187,2,OOD_Class_1
me and my father in law want go eat gratin at a restaurant,1,5,1,0.0006837541,2,OOD_Class_1
I want a restaurant in Idaho for 2 of us.,1,1,1,0.015854122,2,OOD_Class_1
Play a popular chant by Brian Epstein,3,2,0,0.0001506389,2,OOD_Class_1
Rate this novel 1 out of 6 points,4,3,0,0.00012541318,2,OOD_Class_1
what time can i see Mojave Phone Booth,6,5,0,0.00014031617,2,OOD_Class_1
Please get me The Henderson Kids saga .,5,4,0,0.00014471274,2,OOD_Class_1
play All Of Your Toys by Chris Ledoux,3,2,0,0.00013461872,2,OOD_Class_1
"Want a table at Monty’s Hotel, Secunderabad in the state of Vermont",1,1,1,0.0011256208,2,OOD_Class_1
Put another track in the keep calm playlist.,0,0,0,0.00025531463,2,OOD_Class_1
I need to book a pub for 8 that has wifi,1,3,1,0.004144476,2,OOD_Class_1
add how to my week end playlist,0,0,0,0.0001936284,2,OOD_Class_1
Check the forecast for Orson for around 9 PM,2,1,0,8.694952e-05,2,OOD_Class_1
I want to book a pizza restaurant close to Astor Place for nine at 3 am,1,5,1,0.0005201358,2,OOD_Class_1
Do you have something like Impossible Is Nothing by Abderrahmane Abdelli ?,3,4,0,0.0008253729,2,OOD_Class_1
Put Kim Kibum in my the martin garrix show playlist.,0,0,0,0.0002195116,2,OOD_Class_1
"Book a restaurant for monique stewart, arlene and jami .",1,4,1,0.0010525013,2,OOD_Class_1
"Will it be hotter in Conception Junction , Moldova ?",2,1,0,0.0001263906,2,OOD_Class_1
Book the tea house on North River,1,4,1,0.00011876346,2,OOD_Class_1
play Itunes songs by Gerard Way,3,2,0,0.00013716251,2,OOD_Class_1
I need a table for 3 at David Whitney House in Brazil,1,5,1,0.0027782377,2,OOD_Class_1
book a spot for 9 at The Counter,1,4,1,0.0004648508,2,OOD_Class_1
Book a CO table at Windows on the World,1,4,1,0.0015146201,2,OOD_Class_1
book a taverna that serves vichyssoise within walking distance in OH,1,4,1,0.0039510303,2,OOD_Class_1
add Desert Sessions to my i love my 80's rollerdisco playlist,0,0,0,0.00020094588,2,OOD_Class_1
Is there a snowstorm in the forecast for El Cenizo,2,1,0,0.00011615215,2,OOD_Class_1
Put Jazzy B on Lazy Chill Afternoon playlist,0,0,0,0.0002381557,2,OOD_Class_1
Book a table at a french restaurant for fern and I,1,5,1,0.00227601,2,OOD_Class_1
Play movement by Duane Allman .,3,2,0,0.00017253663,2,OOD_Class_1
I need seating at Floating restaurant in Tennessee for a group of 9,1,5,1,0.0005339078,2,OOD_Class_1
Search for the television show Me and my guitar,5,4,0,0.000160644,2,OOD_Class_1
What's the weather like today in Plankinton ?,2,1,0,9.83398e-05,2,OOD_Class_1
find an album called From the Terrace,5,4,0,0.00024607417,2,OOD_Class_1
Find the schedule for The Voice in the Fog at night at the closest movie house .,6,5,0,0.00014304623,2,OOD_Class_1
I'm in MI and want to eat somwhere nearby Midday .,1,1,1,0.0002535663,2,OOD_Class_1
Is the Wandering Detective Black Wind in the Harbor playing at Cinemark Theatres,6,5,0,0.00012747191,2,OOD_Class_1
Please book a table for four at a restaurant in TN,1,4,1,0.014000465,2,OOD_Class_1
Add Buddy DeSylva to my this is j balvin playlist,0,0,0,0.00019381501,2,OOD_Class_1
Book a restaurant for ten people.,1,4,1,0.0003323242,2,OOD_Class_1
I want to get reservations at a place close by for 6 people to eat in SC .,1,1,1,0.0026094706,2,OOD_Class_1
Book a table for 10 people on bunker hill day at a food court which serves spätzle in Monaco,1,5,1,0.0014365026,2,OOD_Class_1
I'd like a table for 3 at a tavern in the Vatican,1,5,1,0.001014218,2,OOD_Class_1
What time is Bloody Twilight playing?,6,5,0,0.00015620804,2,OOD_Class_1
Give the current album a five .,4,3,0,0.00011553468,2,OOD_Class_1
Please book a restaurant for ten members near downtown at 2038,1,1,1,0.0024620064,2,OOD_Class_1
Please add Emanuel Kiriakou to my playlist llegando a casa,0,0,0,0.00019334246,2,OOD_Class_1
Find the movie schedule in the area .,6,5,0,0.00015361556,2,OOD_Class_1
I'd like to watch The Freckled Fish at 004743 at Magic Johnson Theatres,6,5,0,0.0001790568,2,OOD_Class_1
Book reservations to a cafeteria in Brockway Colorado that serves thai food for six people,1,1,1,0.033187784,2,OOD_Class_1
Book something at a highly rated and distant cafe in Kazakhstan for two on April 21,1,3,1,0.000454403,2,OOD_Class_1
Show me the album Andrews University Seminary Studies,5,4,0,0.00015555514,2,OOD_Class_1
Add Grey Cloudy Lies to the hip hop playlist.,0,0,0,0.00020682,2,OOD_Class_1
Tell me if it'll be freezing next month in Rhode Island,2,1,0,0.00013942289,2,OOD_Class_1
book a spot for one at The Wolseley at elevenses,1,5,1,0.00015250927,2,OOD_Class_1
Book a bakery that serves souvlaki for tomorrow .,1,4,1,0.04803325,2,OOD_Class_1
Book reservations at the Laurelhurst Theater for a party of 7,1,5,1,0.00014700451,2,OOD_Class_1
Can you tell me the weather forecast for three o'clock in DE,2,1,0,0.00010663978,2,OOD_Class_1
The current novel in this series gets zero points from me.,4,3,0,0.00015289779,2,OOD_Class_1
find The World Is a Game,5,4,0,0.00036153512,2,OOD_Class_1
What will the weather be in Lamar ?,2,1,0,9.21112e-05,2,OOD_Class_1
Is The Johnstown Flood playing,6,5,0,0.00034675194,2,OOD_Class_1
What is the movie schedule at the IMAX Corporation three minutes from now,6,5,0,0.00014715438,2,OOD_Class_1
I need to book the best food court in within the same area as OK that serves persian food for my ex husband and I,1,5,1,0.00079378777,2,OOD_Class_1
Add an album by Liza Oumarova to the Steampunk playlist.,0,0,0,0.00021632295,2,OOD_Class_1
Book a table at a diner which serves thousand island dressing in Ivory Coast .,1,4,1,0.036844447,2,OOD_Class_1
Play shadowplay by Dana on Deezer .,3,2,0,0.00015709831,2,OOD_Class_1
Tell me if snow is in the forecast for Teterville,2,1,0,0.000103561826,2,OOD_Class_1
I'd like to go to a cuban restaurant in Horatio and get a table for 1,1,3,1,0.003799395,2,OOD_Class_1
Book a bar which serves chicken french at Robinson .,1,5,1,0.0024079264,2,OOD_Class_1
Play Skin & Bone by Jess Stacy on Deezer,3,2,0,0.00014800485,2,OOD_Class_1
Book me a table for 2 in 6 years at a restaurant that serves potée,1,5,1,0.0014814625,2,OOD_Class_1
party for ten at National Coney Island in DE,1,1,1,0.002412092,2,OOD_Class_1
showtimes for the closest movie theatre that is showing Operation Autumn,6,5,0,0.00017473586,2,OOD_Class_1
How's the weather at Petit Manan National Wildlife Refuge and nearby right now,2,1,0,0.00010235711,2,OOD_Class_1
Find a painting called Satisfaction Is the Death of Desire .,5,4,0,0.0002756205,2,OOD_Class_1
What is the movie schedule for films nearby,6,5,0,0.00014430987,2,OOD_Class_1
I want a reservation for 111607 at The Fort in South Carolina .,1,1,1,0.006647705,2,OOD_Class_1
Book me a table at The Goof for a party of eight in the state of NV,1,5,1,0.0012516401,2,OOD_Class_1
I want to find a restaurant to eat at in Westernport .,1,5,1,0.0024628844,2,OOD_Class_1
Book a restaurant in CA for my parents and I on oct. the seventeenth,1,1,1,0.0013795358,2,OOD_Class_1
I need a restaurant that has internet access for a party of six,1,4,1,0.0050531197,2,OOD_Class_1
book a manadonese restaurant for two,1,4,1,0.00025643065,2,OOD_Class_1
Find a table for one at a popular churrascaria for three weeks from now,1,5,1,0.00028293842,2,OOD_Class_1
Where can I watch the television show You Make Me Hate Music,5,4,0,0.00011857451,2,OOD_Class_1
Will it rain 17 weeks from now in Teide National Park ?,2,1,0,0.00012036739,2,OOD_Class_1
"Blood Colony was awful, I'd give it one stars at most.",4,3,0,0.0001285723,2,OOD_Class_1
Book a restaurant for four on october 9 in Maine,1,1,1,0.00045587568,2,OOD_Class_1
book a table at Serendipity 3 in Veyo for now,1,1,1,0.0011402442,2,OOD_Class_1
Will it be cold in Wheatley Provincial Park ?,2,1,0,0.00011524972,2,OOD_Class_1
play an eighties song by Ler Lalonde,3,2,0,0.00013622917,2,OOD_Class_1
give 5 star to the book The Knight of Newts,4,3,0,0.00013284937,2,OOD_Class_1
Give The CIA and the Cult of Intelligence a rating of 5 .,4,3,0,0.0001219702,2,OOD_Class_1
Play a top symphony from the fourties,3,2,0,0.00015182035,2,OOD_Class_1
book Bridge Round House for one at meal time in Democratic Republic of the Congo close,1,4,1,0.00030494863,2,OOD_Class_1
turn on Last Fm,3,2,0,0.00013317988,2,OOD_Class_1
"Tell me when it will be chilly in Chicken , United Kingdom",2,1,0,0.00011803609,2,OOD_Class_1
show me the picture Sex and Drugs and Jesus Christ,5,4,0,0.00021447371,2,OOD_Class_1
Add r u still in 2 it to the under the surface playlist,0,0,0,0.00015887829,2,OOD_Class_1
play some 2002 music,3,2,0,0.00014729453,2,OOD_Class_1
Rate The Warrior Prophet 3 of 6 stars,4,3,0,0.00011798791,2,OOD_Class_1
Can I hear a tune from Vladimir Vysotski ?,3,2,0,0.00014585296,2,OOD_Class_1
Book a table for cherie and josephine in Indonesia,1,4,1,0.0035759672,2,OOD_Class_1
What is the movie times for General Cinema Corporation,6,5,0,0.00018655499,2,OOD_Class_1
Take me a top-rated restaurant for nine close to Westfield Delaware,1,1,1,0.011298683,2,OOD_Class_1
give 0 points to current series,4,3,0,0.00011525278,2,OOD_Class_1
play Hanging Out and Relaxing,3,2,0,0.0002493264,2,OOD_Class_1
Find me the picture entitled I’ll Take Care of You .,5,4,0,0.000149587,2,OOD_Class_1
"I want to see the novel , The Green",5,4,0,0.00012807686,2,OOD_Class_1
Show movie times and movies in the area,6,5,0,0.00021386621,2,OOD_Class_1
Play Goldie Hill 's record on Google Music .,3,2,0,0.00015587216,2,OOD_Class_1
"book spot for four at Cliff House, San Francisco in Martinique",1,4,1,0.00052835897,2,OOD_Class_1
What time is Sontha Ooru playing,6,5,0,0.00014882835,2,OOD_Class_1
Need a table for sep. first in Haiti for a party of three,1,1,1,0.0036853212,2,OOD_Class_1
Is it supposed to be chilly in Kuwait ?,2,1,0,0.00013395035,2,OOD_Class_1
I want to give Science Fiction Adventures in Mutation 0 stars,4,3,0,0.00013220155,2,OOD_Class_1
what time can i see Older Office Lady Using Her Seductive Tongue at Star Theatres,6,5,0,0.00014501187,2,OOD_Class_1
Book the Labworth Café in Ethiopia for six people.,1,4,1,0.00012679982,2,OOD_Class_1
book close-by for 1 in South Dakota,1,3,1,0.00044481567,2,OOD_Class_1
rebekah taylor and marcie need reservations at The Clink in Senegal .,1,5,1,0.0033819044,2,OOD_Class_1
Will it be nice here and in the same area,2,1,0,0.00015073708,2,OOD_Class_1
Give the current novel two stars .,4,3,0,0.00012547382,2,OOD_Class_1
I would like to book a bistro for 7,1,3,1,0.0024215074,2,OOD_Class_1
Find a reservation at the Roseland Theater at 10 pm,1,5,1,0.00012934224,2,OOD_Class_1
I want to book a table at a nearby restaurant in Andorra for me and my kids .,1,1,1,0.009388419,2,OOD_Class_1
book midday at a faraway cuban place for five at a top-rated bakery in Grainola,1,3,1,0.00027700167,2,OOD_Class_1
Book me a restaurant in Henlopen Acres for a party of two .,1,1,1,0.008828297,2,OOD_Class_1
book cornelia and bettie a table at a brasserie restaurant in Colombia,1,4,1,0.0005254315,2,OOD_Class_1
I give this book a 3 out of 6 .,4,3,0,0.00012474135,2,OOD_Class_1
Book a table at any restaurant for eight people,1,5,1,0.0059302123,2,OOD_Class_1
I want The Complete Global Albums Collection,5,4,0,0.00014396358,2,OOD_Class_1
in one hour find King of Hearts,6,5,0,0.00038105005,2,OOD_Class_1
Make me a reservation at taverna in a smoking room,1,5,1,0.00025393878,2,OOD_Class_1
Add Tunnel of Love to ethel's metal crash course palylist,0,0,0,0.00018839951,2,OOD_Class_1
Will it snowstorm in Lampi Island Marine National Park ?,2,1,0,0.00013020981,2,OOD_Class_1
I am giving this book called The Wide Window one out of 6 stars,4,3,0,0.00012019634,2,OOD_Class_1
Can I reserve the Khedive Palace restaurant for aug. fifth in Christina ?,1,1,1,0.0020456603,2,OOD_Class_1
Play me a Cinder Block movement,3,2,0,0.00015750021,2,OOD_Class_1
Add this album to my US Latin Top 50 palylist,0,0,0,0.00019025139,2,OOD_Class_1
Book Coney Island neighboring VA for marina and I .,1,4,1,0.0009876819,2,OOD_Class_1
"Please book seating for one person at an indoor restaurant that serves breakfast in Nicholasville , Tennessee",1,5,1,0.1045359,2,OOD_Class_1
Find The American Journal of Economics and Sociology .,5,4,0,0.00017501629,2,OOD_Class_1
play some Classical music on Spotify,3,2,0,0.0001597242,2,OOD_Class_1
Book a reservation for my babies and I,1,4,1,0.00012304247,2,OOD_Class_1
What's the weather like in Schenectady MA ?,2,1,0,9.959622e-05,2,OOD_Class_1
book Main Deli Steak House on february 13 in Serbia and Montenegro,1,4,1,0.0031195844,2,OOD_Class_1
"Book a spot for ten in Morris Ranch SD on nov. the twenty-second, 2023",1,1,1,0.00067757344,2,OOD_Class_1
book a restaurant for 5,1,3,1,0.00017795953,2,OOD_Class_1
I want to hear some of David Gilmour 's music from 1973,3,2,0,0.00014844374,2,OOD_Class_1
I would rate this novel a four,4,3,0,0.000123047,2,OOD_Class_1
"book a food court in supper time distant from Northern Mariana Islands for me, winnie and courtney",1,4,1,0.00043349786,2,OOD_Class_1
put this artist onto political punks .,0,0,0,0.0002864189,2,OOD_Class_1
I'd like to go to a pizzeria within walking distance of Hutchinson,1,5,1,0.0037003623,2,OOD_Class_1
Add track to fresh finds,0,0,0,0.00017120696,2,OOD_Class_1
add Animal Stories to maryanne's by Per Yngve Ohlin,0,0,0,0.000216108,2,OOD_Class_1
put this album on my dubstep dangles dirty playlist,0,0,0,0.00022177502,2,OOD_Class_1
Rate this novel five of 6,4,3,0,0.0001236497,2,OOD_Class_1
book a spot for seven at a bar with chicken french,1,5,1,0.00029285788,2,OOD_Class_1
Find me the novel of A Dictionary of Slang and Unconventional English,5,4,0,0.00022126903,2,OOD_Class_1
rate this current book a 4 out of 6,4,3,0,0.00012262784,2,OOD_Class_1
book me a restaurant in Freshwater Bay for ava and I in Alaska,1,1,1,0.0010656747,2,OOD_Class_1
I want to take me and my momy to eat in Flossmoor,1,1,1,0.0021628472,2,OOD_Class_1
Book a reservation for 6 people for a creole tavern in Montenegro,1,1,1,0.010889084,2,OOD_Class_1
Book a restaurant in Donnelly,1,4,1,0.0006113175,2,OOD_Class_1
book a spot for ten at a restaurant with a spa in U.S. Minor Outlying Islands,1,5,1,0.0060411547,2,OOD_Class_1
"book a spot for connie, earline and rose at an oyster bar that serves chicken fried bacon in Beauregard Delaware",1,5,1,0.001550897,2,OOD_Class_1
What will the weather be this month in Wesley Hills ?,2,1,0,9.9208875e-05,2,OOD_Class_1
Book me a restaurant please.,1,4,1,0.00021748098,2,OOD_Class_1
Add Steve Jones to my chill list,0,0,0,0.00018003846,2,OOD_Class_1
"book a pub in Santa Claus , New Jersey for the First Day Of Sukkot",1,4,1,0.004384565,2,OOD_Class_1
What is the weather in Sint Maarten,2,1,0,9.728775e-05,2,OOD_Class_1
Play show of Cissy Houston,5,4,0,0.00030343587,2,OOD_Class_1
Will it be windy in Tequesta ?,2,1,0,0.0001213697,2,OOD_Class_1
add the man who never lied to my current comedy top tracks,0,0,0,0.00018118492,2,OOD_Class_1
I need a reservation for the best asian joint on Jan. 3 in Bradford Alabama for a party of 9,1,1,1,0.00095028616,2,OOD_Class_1
Search for High Chicago,5,4,0,0.0001248669,2,OOD_Class_1
Will it be cold in Harveysburg WA,2,1,0,9.559271e-05,2,OOD_Class_1
Book a restaurant reservation in Hong Kong,1,4,1,0.0037525399,2,OOD_Class_1
Book The Oriel in Allison for a party of four .,1,4,1,0.0072426363,2,OOD_Class_1
Give me some movie schedules .,6,5,0,0.00015512072,2,OOD_Class_1
book a restaurant for 4,1,3,1,0.00018943027,2,OOD_Class_1
Play a melody by avery storm .,3,2,0,0.00014000086,2,OOD_Class_1
Book me a table at a hungarian delicatessen in North Dakota .,1,5,1,0.0042203106,2,OOD_Class_1
"Book a reservation for 8 people in Wardville , Kansas",1,1,1,0.019825831,2,OOD_Class_1
Book a table for five in Unalaska this month .,1,1,1,0.000595533,2,OOD_Class_1
I need to book a table at a place around here in PA for a party of two,1,5,1,0.00319668,2,OOD_Class_1
Play the track That Would Be Something from Eden Ahbez,3,2,0,0.00014485125,2,OOD_Class_1
Book a reservation for a pub with ma po tofu in Moldova,1,1,1,0.0035100842,2,OOD_Class_1
Add this song to my the perfect italian dinner playlist,0,0,0,0.00018530244,2,OOD_Class_1
I need a reservation for a highly rated goiano restaurant in AR,1,1,1,0.008562875,2,OOD_Class_1
book spot at a balinese joint,1,5,1,0.00039381566,2,OOD_Class_1
Book a table for 1 person at a popular brasserie in Jansen that serves english food,1,5,1,0.0056188386,2,OOD_Class_1
what is the weather of East Portal KS,2,1,0,9.549875e-05,2,OOD_Class_1
Find me a coffeehouse for nine in Indiana that has access to a pool,1,5,1,0.0002369816,2,OOD_Class_1
What movie theatre is playing The Missing Picture,6,5,0,0.00012759933,2,OOD_Class_1
play the song Shine A Light,3,2,0,0.0006085987,2,OOD_Class_1
What will the weather be like on september 26th in Eastlake,2,1,0,0.000104989194,2,OOD_Class_1
book a spot for 10 at Shopsins in Denmark on St. Patrick's Day,1,5,1,0.0012392626,2,OOD_Class_1
Please search for Switched .,5,4,0,0.00018956763,2,OOD_Class_1
In eight years and a half from now I'd like a reservation at a top-rated bar,1,5,1,0.00083794305,2,OOD_Class_1
book a table in the United States for 10 at The Berghoff,1,5,1,0.0039352085,2,OOD_Class_1
Reservea  table for five people on september second in Gabon .,1,1,1,0.0012907855,2,OOD_Class_1
I want to book the best manadonese restaurant for six at 2149 that is distant from my baby's work,1,4,1,0.00036031488,2,OOD_Class_1
play Google Music tunes,3,2,0,0.00014670995,2,OOD_Class_1
book a stuffed ham serving pizzeria in Independence Corner,1,4,1,0.0013369182,2,OOD_Class_1
Find The Coffin .,5,4,0,0.00014734064,2,OOD_Class_1
Please find me the video game titled 20 Hours in America .,5,4,0,0.00018909865,2,OOD_Class_1
What is the movie schedule of animated movies nearby,6,5,0,0.0001546707,2,OOD_Class_1
play the album Everybody Happy by Lee Aaron,3,2,0,0.00012547195,2,OOD_Class_1
give three stars to Talbot Mundy Messenger of Destiny,4,3,0,0.000119552155,2,OOD_Class_1
Make a booking for the highly rated food court in Montenegro .,1,4,1,8.485336e-05,2,OOD_Class_1
Book a gastropub that has balinese food in twenty hours in Comunas for my nephew and I,1,5,1,0.001287227,2,OOD_Class_1
Add this tune to the Leche con Chocolate playlist,0,0,0,0.00018776169,2,OOD_Class_1
Play Johnny Gimble,3,2,0,0.00012341373,2,OOD_Class_1
Book reservations at a restaurant in Jersey for six people next October,1,5,1,0.010579661,2,OOD_Class_1
I'd like to book a place to eat in NY .,1,4,1,0.00017889579,2,OOD_Class_1
give Private Games 3 stars out of 6,4,3,0,0.0001223884,2,OOD_Class_1
"find Long Walk to Forever , a novel",5,4,0,0.00016203383,2,OOD_Class_1
"book tortano serving brasserie for me, isabella and carly in Kuwait",1,4,1,0.0004961863,2,OOD_Class_1
Where can I find Thor Meets Captain America ?,5,4,0,0.00013951743,2,OOD_Class_1
"Book a reservation at a restaurant with me, matilda and deana",1,4,1,0.002987961,2,OOD_Class_1
"christie, concepcion and I want to eat trattoria at a brasserie in Johnston now",1,1,1,0.0017518474,2,OOD_Class_1
book a spot at the best steakhouse in Florida,1,5,1,0.0005075785,2,OOD_Class_1
book a spot at a restaurant with wifi that is neighboring Suriname,1,1,1,0.027151393,2,OOD_Class_1
add track to Punk Essentials,0,0,0,0.00018216217,2,OOD_Class_1
Book something for me and my wife at a restaurant in four weeks,1,5,1,0.0017729191,2,OOD_Class_1
book a spot at Bobcat Bite in Needmore for ten am,1,5,1,0.00035765112,2,OOD_Class_1
I need a table at a czech pub at seven,1,5,1,0.00023621613,2,OOD_Class_1
What's the weather looking like in Macy ?,2,1,0,0.00010519429,2,OOD_Class_1
"book a table 1 year from now for corinne, tisha and I at a restaurant in Guernsey that is top-rated",1,3,1,0.0035247584,2,OOD_Class_1
"What is the weather forecast for Sep. the 14th, 2038 in North Dakota",2,1,0,0.00011165195,2,OOD_Class_1
Find a show called Last Night On Earth .,5,4,0,0.00017100552,2,OOD_Class_1
book for lobster newberg this week in Malaysia at a restaurant for four,1,4,1,0.0022139845,2,OOD_Class_1
book me a reservation at a bar around Juliff for three people that serves bucatini for now,1,5,1,0.002365948,2,OOD_Class_1
this album is the last and rated five,4,3,0,0.00013219038,2,OOD_Class_1
Book a reservation for seven people at a highly rated restaurant that serves moroccan food in East Greenville,1,5,1,0.03064492,2,OOD_Class_1
find a movie schedule,6,5,0,0.00013424808,2,OOD_Class_1
What time is The Face in the Moonlight showing?,6,5,0,0.00014844783,2,OOD_Class_1
What's the weather like in Big Delta,2,1,0,9.3836316e-05,2,OOD_Class_1
book a table at a pool bar,1,5,1,0.00031707456,2,OOD_Class_1
I need a table at a restaurant that serves toast eleven months from now,1,5,1,0.0006642002,2,OOD_Class_1
I'm looking for the best bistro that serves mongolian food that has room for two people in Marshall Islands .,1,5,1,0.0030353358,2,OOD_Class_1
I'd like a table for my step grandfather and I at Five Fifty-Five in NV,1,5,1,0.0033882188,2,OOD_Class_1
"Will it be foggy in the same area of Parc provincial Kettle Lakes on february the thirteenth, 2018 ?",2,1,0,0.00011374072,2,OOD_Class_1
Give this saga a 5 out of 6 rating.,4,3,0,0.00012983689,2,OOD_Class_1
Show films at the nearest cinema,6,5,0,0.00015925859,2,OOD_Class_1
add this artist to my the road to punk rock playlist,0,0,0,0.00019793054,2,OOD_Class_1
I would give this current novel a value of 3 and a rating of 6,4,3,0,0.00013098269,2,OOD_Class_1
"I need a restaurant booking for 2 people this month at a indian place in Climax Springs , New Mexico .",1,5,1,0.0065687285,2,OOD_Class_1
Add even serpents shine to dorothea's indie hipster playlist,0,0,0,0.00019552844,2,OOD_Class_1
I want to go to 88th St-Boyd Av or close by and book seats for 10,1,5,1,0.00016189928,2,OOD_Class_1
what is the Johnson Creek forecast for chilly weather,2,1,0,0.000101956015,2,OOD_Class_1
add album to Ultra Metal,0,0,0,0.00018895417,2,OOD_Class_1
Can you give me the forecast for Osgood,2,1,0,0.00010643169,2,OOD_Class_1
Add artist to laundry,0,0,0,0.0001926821,2,OOD_Class_1
Can I watch The Sound of War in thirteen minutes at the nearest cinema,6,5,0,0.0001589534,2,OOD_Class_1
Find The Mary Van Note Show,5,4,0,0.00011447588,2,OOD_Class_1
Please book a table for 10 at a faraway top-rated brasserie in Malaysia on Oct. the thirteenth .,1,3,1,0.0002482369,2,OOD_Class_1
food truck in Panama for five,1,5,1,0.0017863342,2,OOD_Class_1
Play music by Deenanath Mangeshkar,3,2,0,0.00017482067,2,OOD_Class_1
Give the current textbook four stars,4,3,0,0.00011741216,2,OOD_Class_1
Has the TV series Puppet Master Axis of Evil been cancelled?,5,4,0,0.00016158445,2,OOD_Class_1
I want to book a food truck for seven people in the Republic of the Congo .,1,4,1,0.00041950532,2,OOD_Class_1
"Is it hot in Gold Beach , Bahrain ?",2,1,0,0.00012473339,2,OOD_Class_1
Are there any animated movies playing at the closest cinema ?,6,5,0,0.00020659552,2,OOD_Class_1
is it going to be cold in Readstown at 4 AM,2,1,0,0.00010195361,2,OOD_Class_1
book a restaurant for 6,1,3,1,0.00017845682,2,OOD_Class_1
Rate What Is Called Thinking ? 0 stars,4,3,0,0.00012788603,2,OOD_Class_1
Is The Butcher Boy playing anywhere at supper time?,6,5,0,0.0001640771,2,OOD_Class_1
What movies are playing at Dipson Theatres,6,5,0,0.00018348162,2,OOD_Class_1
What is the Wanda Group movie schedules,6,5,0,0.00016367956,2,OOD_Class_1
give the current essay a 1,4,3,0,0.00012528893,2,OOD_Class_1
Book me a table at a romanian brasserie in Rixford,1,5,1,0.00149627,2,OOD_Class_1
Play the Mother Lode by Tamio Okuda,3,2,0,0.0001402717,2,OOD_Class_1
Please make reservations in Yeager for seven am at a highly rated indian brasserie,1,0,1,0.0019457333,2,OOD_Class_1
book a bar in SC in Leonville,1,4,1,0.00040061167,2,OOD_Class_1
"book Helianthushof in Hurffville , NJ",1,4,1,0.00016213329,2,OOD_Class_1
Make me a reservation for a party of 2,1,4,1,0.0015192464,2,OOD_Class_1
Add this artist to piano chill,0,0,0,0.00019249463,2,OOD_Class_1
List movie schedule,6,5,0,0.00013525876,2,OOD_Class_1
I want to book an oyster bar for five people.,1,4,1,0.0011584086,2,OOD_Class_1
book John Pearson Soda Works restaurant on 7/27/2036,1,4,1,0.00038930617,2,OOD_Class_1
Add this tune to the Duetos playlist,0,0,0,0.00019495559,2,OOD_Class_1
I need to book a table for 6 people at Montreal Pool Room in Croatia .,1,5,1,0.0015091281,2,OOD_Class_1
Please play a song for me from 1959,3,2,0,0.00012671703,2,OOD_Class_1
what is the forecast for here fir storm conditions next week,2,1,0,9.9402234e-05,2,OOD_Class_1
I want to see the television show called Cuts Both Ways,5,4,0,0.00014900645,2,OOD_Class_1
How is the weather going to be in Pearblossom .,2,1,0,0.00011666786,2,OOD_Class_1
Find a book called The CIA World Factbook .,5,4,0,0.00019797125,2,OOD_Class_1
"Book PM Park, Clear Lake, Iowa at 5 am for 6 people.",1,5,1,0.007208279,2,OOD_Class_1
Book a restaurant with a spa in Connecticut,1,4,1,0.00073127804,2,OOD_Class_1
What's the weather like in North Brunswick Township Virginia,2,1,0,0.00010185784,2,OOD_Class_1
"Book a table for me, naomi and elisabeth at a brasserie with wifi",1,5,1,0.0026512905,2,OOD_Class_1
I need a table for 3 in AK .,1,3,1,0.01334314,2,OOD_Class_1
"I would like reservations made for Masonville , Vermont nov. 7",1,1,1,0.001341075,2,OOD_Class_1
show me the schedule of films in the neighbourhood,6,5,0,0.00013583066,2,OOD_Class_1
What is the local movie times,6,5,0,0.00016288234,2,OOD_Class_1
What will the weather be in Bernie ID ?,2,1,0,9.328845e-05,2,OOD_Class_1
Find a movie schedule .,6,5,0,0.00014234873,2,OOD_Class_1
Get me a table for 2 people 1 second from now in Tunisia .,1,1,1,0.0016069013,2,OOD_Class_1
play southern rock tunes,3,2,0,0.00012697434,2,OOD_Class_1
Where can I find the picture the Japanese Lovesong near me?,5,4,0,0.00013501714,2,OOD_Class_1
What time is G-Men vs The Black Dragon playing at Harkins Theatres,6,5,0,0.00014543816,2,OOD_Class_1
book me a reservation at a highly rated tavern in Hornersville,1,4,1,0.0040061153,2,OOD_Class_1
this track should go into my playlist called This Is Beethoven,0,0,0,0.00018857252,2,OOD_Class_1
rate this book a 4 out of 6,4,3,0,0.0001263352,2,OOD_Class_1
book a restaurant faraway from Rwanda for two,1,4,1,0.0003189744,2,OOD_Class_1
Rate this current essay three out of 6 stars,4,3,0,0.00011712664,2,OOD_Class_1
book a restaurant within the same area as Saratoga Av,1,1,1,0.0073718647,2,OOD_Class_1
is Tarzan of the Apes playing at Cobb Theatres,6,5,0,0.00015725823,2,OOD_Class_1
where is the nearest movie theatre showing movies,6,5,0,0.00018366265,2,OOD_Class_1
I need seats for 6 at a place in AK,1,1,1,0.0030501476,2,OOD_Class_1
"book a restaurant for 2 in Cross Timbers , District Of Columbia",1,3,1,0.0077768685,2,OOD_Class_1
Add De Principii Evangelikum to my Domingo Indie palylist,0,0,0,0.00018314259,2,OOD_Class_1
I want to give The Cat Who Walks Through Walls a 1,4,3,0,0.00013606582,2,OOD_Class_1
Book reservations at James D. Conrey House at 1 PM for a party of nine,1,5,1,0.00035427525,2,OOD_Class_1
"Book the Chapter One in Bosnia and Herzegovina for patti, hester richardson and camille",1,4,1,0.00024931048,2,OOD_Class_1
book in Romania for christian and susana at David Carpenter House,1,4,1,0.00018143839,2,OOD_Class_1
Rate current book 0,4,3,0,0.00011067255,2,OOD_Class_1
add villotta to The MetalSucks Playlist playlist,0,0,0,0.00019249691,2,OOD_Class_1
Play a song by Rahsaan Patterson .,3,2,0,0.00013423983,2,OOD_Class_1
I need a reservation for 6 at Cherwell Boathouse .,1,5,1,0.0016345928,2,OOD_Class_1
book a table for 10 in CHAR No.4 in Colombia,1,3,1,0.010069308,2,OOD_Class_1
Rate Political Liberalism 1 out 6 stars,4,3,0,0.00012304733,2,OOD_Class_1
add Hot House to Have You Met Miss Jones,0,0,0,0.00019052517,2,OOD_Class_1
I'd like to get a restaurant booked on mar. fourteenth in MD .,1,1,1,0.0007120953,2,OOD_Class_1
movie schedules at Southern Theatres,6,5,0,0.00018311954,2,OOD_Class_1
Book me a reestaurant that is close in the country of Cocos Islands,1,1,1,0.0040373704,2,OOD_Class_1
book a restaurant for 4 by shawn's work close by,1,4,1,0.00029144654,2,OOD_Class_1
Book a Theme restaurant in Cameroon for 6 people.,1,4,1,0.0033133288,2,OOD_Class_1
"Book a restaurant for marcella, erma and leanne rivera .",1,4,1,0.00064035197,2,OOD_Class_1
Play music on pandora,3,2,0,0.00015151917,2,OOD_Class_1
I would like to book a restaurant in Niagara Falls for 8 on June nineteenth,1,1,1,0.0003270076,2,OOD_Class_1
I need to get seats for me and my ex wife to eat in Egypt .,1,5,1,0.0013199603,2,OOD_Class_1
Please get me the British Journal of Dermatology game .,5,4,0,0.00015509223,2,OOD_Class_1
Find movie times .,6,5,0,0.00016592897,2,OOD_Class_1
I want to book a cafeteria in El Reno that serves javanese,1,1,1,0.0062800394,2,OOD_Class_1
I'd like to see the picture Chrome Dreams,5,4,0,0.00013009716,2,OOD_Class_1
book australian food in Armour for 7 pm for four at a pub best rated in UT,1,3,1,0.00011704811,2,OOD_Class_1
Will the weather be the same here in one week in the same area,2,1,0,0.00010096645,2,OOD_Class_1
I have a party of 10 that would like to eat outdoor at a tavern .,1,5,1,0.0010216485,2,OOD_Class_1
What is the weather like in Phnom Sankos Wildlife Sanctuary,2,1,0,0.000117868345,2,OOD_Class_1
I need to book a restaurant in Utah in 5 years and a half from now,1,1,1,0.0020772258,2,OOD_Class_1
Book a restaurant that serves bouchée for midnight .,1,5,1,0.015438386,2,OOD_Class_1
Play the playlist introspective,3,2,0,0.00013753303,2,OOD_Class_1
I want to go to Antigua and Barbuda and eat at a table for 4 .,1,3,1,0.0010632554,2,OOD_Class_1
book for two in Jordan that is close,1,4,1,0.0001585442,2,OOD_Class_1
I need a reservation in 1 second in Atlas with a party of nine,1,1,1,0.0004073443,2,OOD_Class_1
I need a reservation for a restaurant now with a party of 9 in Hilt,1,1,1,0.0008784823,2,OOD_Class_1
Book me a pub nine weeks from now for 4 people.,1,5,1,0.0008426177,2,OOD_Class_1
For The Curious Incident of the Dog in the Nightdress I rate it 2 of 6 points,4,3,0,0.00012819836,2,OOD_Class_1
Rate the following series a one out of 6,4,3,0,0.00012863764,2,OOD_Class_1
"Book something for my girlfriend and I at a food truck that has pizzas in Brookwood on October fifteenth, 2020",1,5,1,0.0026033078,2,OOD_Class_1
Add One Good Reason to the bachelor party playlist,0,0,0,0.00020104165,2,OOD_Class_1
I would like a table at a taverna with croquembouche for 1 minute from now,1,5,1,0.00043400336,2,OOD_Class_1
book a table for 4 at Fish Express,1,5,1,0.00032067145,2,OOD_Class_1
Get me a table for 5 at a restaurant which serves south tyrolean .,1,5,1,0.0044714925,2,OOD_Class_1
"book Tun Tavern for shawna davis, michelle and lizzie in Vermont",1,4,1,0.00017593027,2,OOD_Class_1
"Can you please look up the TV series , An Experiment with Time ?",5,4,0,0.00021383807,2,OOD_Class_1
book a spot at the best brasserie near Saudi Arabia,1,5,1,0.00042633954,2,OOD_Class_1
I'd like to eat at a neighboring downtown restaurant with a party of 2,1,3,1,0.0002421148,2,OOD_Class_1
Add the frank beard song to the Soft Pop Hits playlist,0,0,0,0.00019315568,2,OOD_Class_1
What films start at eighteen at Caribbean Cinemas,6,5,0,0.00017559103,2,OOD_Class_1
book a table at 043628 at the northeast indian restaurant,1,5,1,0.0025288665,2,OOD_Class_1
Add knocked out loaded to the spring vibes playlist.,0,0,0,0.0001915599,2,OOD_Class_1
Play playlist riveting,3,2,0,0.00013243579,2,OOD_Class_1
I want to book a restaurant now in Ludlow for eight,1,1,1,0.00088790024,2,OOD_Class_1
Book a reservation for me and my step sister in Nebraska in two seconds,1,1,1,0.0044240905,2,OOD_Class_1
"find Do You Wanna Touch Me , a song",5,4,0,0.0002229661,2,OOD_Class_1
When will it be hot in Millvale,2,1,0,0.00010396296,2,OOD_Class_1
add picasso baby to Digster Reggae playlist,0,0,0,0.0002030196,2,OOD_Class_1
book me a restaurant for 4 members at Beaman Federated States Of Micronesia in one minute,1,1,1,0.0005761964,2,OOD_Class_1
add grim skunk to Duetos,0,0,0,0.00018484953,2,OOD_Class_1
book spot for six at 8 pm at a coffeehouse in NE that serves hog fry,1,5,1,0.00023605482,2,OOD_Class_1
book a spot for six at a restaurant in NJ,1,5,1,0.0010518269,2,OOD_Class_1
I'd like a table for 7 at ten pm at a cafeteria in AL that serves malaysian food,1,5,1,0.0009521322,2,OOD_Class_1
play the video game The Genesis Machine,5,4,0,0.00016901166,2,OOD_Class_1
Open Lastfm and play Hot Lips Page from the sixties,3,2,0,0.00013397633,2,OOD_Class_1
I'd like to eat at the best restaurant,1,5,1,0.00030663973,2,OOD_Class_1
book a table at a tea house in 21 hours in Northern Mariana Islands,1,1,1,0.00087768486,2,OOD_Class_1
"Please reserve a table at the food truck in Wheeler for december 4th, 2019",1,0,1,0.00361948,2,OOD_Class_1
me and deanna want to book a restaurant in Malawi,1,4,1,0.00029067043,2,OOD_Class_1
will it be warm within walking distance of Saint Pierre and Miquelon,2,1,0,0.00013840233,2,OOD_Class_1
Play a 2007 track from Adam Jones,3,2,0,0.00014304137,2,OOD_Class_1
"book a spot for krista, yolanda and I in New Mexico",1,4,1,0.00012525513,2,OOD_Class_1
book an australian restaurant in Moldova,1,4,1,0.00015292036,2,OOD_Class_1
book a spot in 1 second that is neighboring robin's hotel,1,1,1,0.0023390749,2,OOD_Class_1
Table for 8 at a popular food court,1,5,1,0.00028416418,2,OOD_Class_1
Download The Red Eagle TV show,5,4,0,0.00014626232,2,OOD_Class_1
add track Nature Noise to my playlist,0,0,0,0.00018877344,2,OOD_Class_1
Book a restaurant for a meal for 4 people.,1,4,1,0.002616407,2,OOD_Class_1
I need to reserve a seat for one in SD at a brasserie restaurant .,1,5,1,0.0005687432,2,OOD_Class_1
Rate the current chronicle a one,4,3,0,0.0001189691,2,OOD_Class_1
What will the weather be like in three weeks in Gates Michigan,2,1,0,9.587456e-05,2,OOD_Class_1
Please book a table for 6 people in the same area as Bedford Park Blvd-Lehman College,1,1,1,0.031175131,2,OOD_Class_1
show weather forecast at three am .in Wauregan,2,1,0,0.00010747628,2,OOD_Class_1
show me the TV series called Take Me to Your Heaven,5,4,0,0.0001673592,2,OOD_Class_1
I want to book a doughnut bar in AMerican Samoa,1,4,1,0.0002661609,2,OOD_Class_1
Make me a reservation at a popular place that serves udupi at a restaurant,1,5,1,0.0019282864,2,OOD_Class_1
add the essential jacksons to my Perfect Concentration,0,0,0,0.00019792463,2,OOD_Class_1
Please find me the book Step Into My Groove .,5,4,0,0.00017573108,2,OOD_Class_1
Book a brasserie in Cuney for seven people.,1,4,1,0.004536668,2,OOD_Class_1
"find Face the Truth , a TV show",5,4,0,0.00014886576,2,OOD_Class_1
Book a reservation for ten at a restaurant in AMerican Samoa at 2 am,1,1,1,0.004928312,2,OOD_Class_1
restaurant In Zimbabwe that is brasserie and has parking,1,5,1,0.0019882496,2,OOD_Class_1
Can you get seating for 1 person at a cafeteria in Pauls Crossroads,1,5,1,0.002711416,2,OOD_Class_1
Reserve a table for two for jun. 13th in a neighboring bistro which serves mongolian food in Northway .,1,1,1,0.013814945,2,OOD_Class_1
Rate Cotton Comes to Harlem a 2,4,3,0,0.00012401117,2,OOD_Class_1
table for 6 at a brasserie,1,3,1,0.0016456541,2,OOD_Class_1
Is Prophecy playing at Malco Theatres,6,5,0,0.00013945544,2,OOD_Class_1
How can I rate the current chronicle 5 stars ?,4,3,0,0.0001232279,2,OOD_Class_1
rate tune to my natalie macmaster viajes,0,0,0,0.0001865788,2,OOD_Class_1
I have a party of 7 in East Timor,1,3,1,0.004389065,2,OOD_Class_1
Book reservations at a nearby restaurant in Montenegro for four people,1,5,1,0.008973526,2,OOD_Class_1
I want to listen to some Saori Atsumi from the twenties on Deezer,3,2,0,0.00016738764,2,OOD_Class_1
I would like to book a restaurant for 9 on Dec. 13,1,1,1,0.00023843734,2,OOD_Class_1
Book a restaurant in Gate City for 5 people.,1,1,1,0.007821159,2,OOD_Class_1
Can you get me a table at a tavern in Slovakia,1,4,1,0.0012447011,2,OOD_Class_1
I need seats for 10 at a highly rated restaurant,1,3,1,0.0018583881,2,OOD_Class_1
make a reservation at a bakery that has acquacotta in Central African Republic for five,1,4,1,0.004567969,2,OOD_Class_1
I'd like to get 4 seats at a restaurant .,1,5,1,0.0009263643,2,OOD_Class_1
rate this essay 2 points,4,3,0,0.00012461923,2,OOD_Class_1
party of two for a food truck on december 22 that serves chicken french in Bolivia,1,5,1,0.0035445008,2,OOD_Class_1
Will it be hotter in Pecan Grove,2,1,0,0.00011318489,2,OOD_Class_1
Give me the showtimes for Sign of the Anchor .,6,5,0,0.00018152126,2,OOD_Class_1
Add Troy van Leeuwen to my nu metal list,0,0,0,0.00018776042,2,OOD_Class_1
"Book a reservation for 1 at PM Park, Clear Lake, Iowa in Mongolia in 1 hour",1,1,1,0.0014541666,2,OOD_Class_1
Book an outdoor restaurant in MD at 11 pm for 8 .,1,1,1,0.0019157105,2,OOD_Class_1
I want to eat close to Bowlegs seven years from now,1,5,1,0.0010951483,2,OOD_Class_1
I need another artist in the romántica playlist.,0,0,0,0.00021379316,2,OOD_Class_1
"book a eastern european cuisine restaurant in midday for four in Meers , MP",1,1,1,0.002220774,2,OOD_Class_1
find Andreas Hofer at elevenses,6,5,0,0.00030206068,2,OOD_Class_1
Which cinema is currently showing The Youngest Profession ?,6,5,0,0.00014845053,2,OOD_Class_1
This current album would get 6 stars or a rating value of 1,4,3,0,0.00011850627,2,OOD_Class_1
What is the movie schedule for Loews Cineplex Entertainment,6,5,0,0.00014831057,2,OOD_Class_1
what do the cloud indicate in East Aurora,2,1,0,0.00025005714,2,OOD_Class_1
Add another album to my keep calm playlist.,0,0,0,0.00020844128,2,OOD_Class_1
Book reservations at a  for seven at a highly rated restaurant that serves kosher food in VI,1,3,1,0.0005512878,2,OOD_Class_1
Play the Knockabout soundtrack,5,4,0,0.00016443865,2,OOD_Class_1
Find A World Apart .,5,4,0,0.00016128267,2,OOD_Class_1
"in eight seconds , I'd like reservations at a food court that serves sardinian food in Pidcoke .",1,5,1,0.0020202457,2,OOD_Class_1
Make me a reservation for a party of eight in Ledoux,1,1,1,0.0014636391,2,OOD_Class_1
search for television show Windows Live TV,5,4,0,0.00017336232,2,OOD_Class_1
Will there be fog in Tahquamenon Falls State Park ?,2,1,0,0.00013499719,2,OOD_Class_1
book for 3 in U.S. Virgin Islands,1,4,1,0.0031386248,2,OOD_Class_1
book a restaurant in Puerto Rico,1,4,1,0.0002142205,2,OOD_Class_1
rate The Road to Reality A Complete Guide to the Laws of the Universe two points,4,3,0,0.000148342,2,OOD_Class_1
Book the nearby Meriton Grand Hotel Tallinn in Missouri .,1,4,1,0.00016685942,2,OOD_Class_1
Please look up Show-Biz Blues photograph .,5,4,0,0.00012808306,2,OOD_Class_1
What's the weather in Guatemala,2,1,0,9.246981e-05,2,OOD_Class_1
Look for the Editor & Publisher TV series,5,4,0,0.00015106093,2,OOD_Class_1
I want to eat in 19 hours at NM,1,1,1,0.0005355229,2,OOD_Class_1
book a spot at a pub that has trottole for their meal,1,5,1,0.0006197027,2,OOD_Class_1
I need to book a reservation in Searsport at eleven am,1,1,1,0.0013889996,2,OOD_Class_1
"Book a table for 3 at one of the Restaurants in Washington, D.C. in Riverview",1,1,1,0.0054215314,2,OOD_Class_1
I want a table for 4 in Florida,1,1,1,0.002307962,2,OOD_Class_1
where's the nearest movie house playing No Trains No Planes,6,5,0,0.00016674558,2,OOD_Class_1
Where can I locate the game Legion of Mary The Jerry Garcia Collection,5,4,0,0.00017218052,2,OOD_Class_1
I'm in Tuolumne City and want fast food for a party of eight,1,5,1,0.0006233483,2,OOD_Class_1
Include dschiwan gasparjan in beth's rare groove playlist.,0,0,0,0.00024800573,2,OOD_Class_1
I need a reservation for ten at a tavern in West Virginia,1,1,1,0.0037733098,2,OOD_Class_1
I would like to book a restaurant in Singapore for nine in 19 hours and 1 second,1,1,1,0.001939686,2,OOD_Class_1
book in Ukraine at a highly rated restaurant,1,4,1,0.00050344627,2,OOD_Class_1
Want to find a photograph called The Nine Maidens,5,4,0,0.00013971094,2,OOD_Class_1
"Tell me the weather forecast for Lecanto , Georgia",2,1,0,0.00013408317,2,OOD_Class_1
at ten AM I want to reserve a spot for 9 people to eat in Monaco .,1,1,1,0.0015254933,2,OOD_Class_1
play Soheila Zaland,3,2,0,0.00013094976,2,OOD_Class_1
what are the movie times for United Paramount Theatres,6,5,0,0.00018294051,2,OOD_Class_1
"I'd like to eat at a top-rated place on nov. the twenty-sixth in the food court , I need reservations for 7 in the city of Kane or somewhere near there.",1,1,1,0.0033180257,2,OOD_Class_1
book a table for 2 guests at a restaurant in Lazy Mountain NY,1,1,1,0.005380106,2,OOD_Class_1
Play some Last Fm music like the 1992 ep from Peaches,3,2,0,0.00013411419,2,OOD_Class_1
Book a reservation for four at the best brasserie in Venezuela,1,5,1,0.0007358958,2,OOD_Class_1
I'd like to eat with a party of 8 in Hitchita OR,1,1,1,0.00093030295,2,OOD_Class_1
"book a restaurant in French Southern Territories on dec. the fifth, 2026 for two",1,1,1,0.0052345963,2,OOD_Class_1
Is there a storm now in NC ?,2,1,0,0.000114740295,2,OOD_Class_1
I'd like to watch Monk Comes Down the Mountain,6,5,0,0.00021628499,2,OOD_Class_1
I want this tune on my Most Necessary playlist,0,0,0,0.0002561105,2,OOD_Class_1
I want to add Kiara to my Digster Future Hits playlist,0,0,0,0.00019977377,2,OOD_Class_1
Book me a table for two in Oakes .,1,1,1,0.0012740585,2,OOD_Class_1
Book a table for 6 at a top-rated restaurant in North AMityville MA that serves south tyrolean food,1,5,1,0.027570715,2,OOD_Class_1
What animated movies are playing at IMAX Corporation,6,5,0,0.00016772772,2,OOD_Class_1
I need to find a restaurant in PW .,1,4,1,0.0018075486,2,OOD_Class_1
Will it get hotter in the city of Ashford ?,2,1,0,0.00012244143,2,OOD_Class_1
Book a table for doris and I in New Tulsa,1,1,1,0.0027680136,2,OOD_Class_1
Is Blood Is Not Fresh Water playing at this movie theatre at 2 AM ?,6,5,0,0.00015710309,2,OOD_Class_1
I want to eat ice cream at a brasserie with me and my mother in law,1,5,1,0.00030477677,2,OOD_Class_1
show creative video game The Boat Is Full,5,4,0,0.00013383635,2,OOD_Class_1
"I need a table in Ottoville on Feb. 15th, 2029 at Gus Stevens Seafood Restaurant & Buccaneer Lounge",1,1,1,0.0033468509,2,OOD_Class_1
Book me a table for 5 this year at Cherwell Boathouse,1,5,1,0.00034526613,2,OOD_Class_1
book for crepes at a restaurant in Sint Maarten,1,4,1,0.00013493103,2,OOD_Class_1
Need a table at a fast food restaurant for me and my kids in Brusly Landing,1,5,1,0.002056203,2,OOD_Class_1
Put hampartsoum limondjian in running to rock 170 to 190 bpm,0,0,0,0.0002779105,2,OOD_Class_1
Play music off Netflix .,3,2,0,0.00014873521,2,OOD_Class_1
rate The Other Wind 2 of 6,4,3,0,0.00012190986,2,OOD_Class_1
Find the closest movie house that plays animated movies,6,5,0,0.00019265276,2,OOD_Class_1
She me the game called Knowledge and Decisions,5,4,0,0.00015630323,2,OOD_Class_1
I'd like to eat english cuisine at a restaurant in Ettrick,1,1,1,0.009883384,2,OOD_Class_1
in one hundred twenty seven days I'd like to eat at a pizzeria in North Lima,1,1,1,0.002971631,2,OOD_Class_1
table for 5 A.m . at Baker's Keyboard Lounge,1,5,1,0.00022577061,2,OOD_Class_1
Please get me a reservation at a restaurant with a pool for manuela and yvonne,1,5,1,0.0005535301,2,OOD_Class_1
Check the forecast for Natchaug State Forest,2,1,0,0.00010406661,2,OOD_Class_1
"find Framing the Early Middle Ages , a game",5,4,0,0.00022085327,2,OOD_Class_1
Will there be a storm nearby,2,1,0,0.00013718335,2,OOD_Class_1
Which films are playing in the neighborhood one second from now ?,6,5,0,0.0001405514,2,OOD_Class_1
what is the forecast for 6 am in Aruba,2,1,0,0.000107792854,2,OOD_Class_1
Make me a reservation at a delicatessen that serves tofy for a party of four in AZ,1,5,1,0.0038276599,2,OOD_Class_1
Rate the current essay four out of 6 .,4,3,0,0.00011497346,2,OOD_Class_1
Reserve a table at a restaurant with wifi in France,1,2,1,0.0036665828,2,OOD_Class_1
add alain caron to my travelling playlist,0,0,0,0.00017925125,2,OOD_Class_1
I'd like a table at a top-rated tea house with javanese cuisine this week in Germany,1,5,1,0.0012067416,2,OOD_Class_1
Book a reservation for 1 on march 17,1,1,1,0.010523185,2,OOD_Class_1
I want a movie schedule .,6,5,0,0.0001228258,2,OOD_Class_1
I need a reservation for 7 people at a bar in Chile that serves bio .,1,1,1,0.008928498,2,OOD_Class_1
I want to eat in Ramona,1,1,1,0.00044726057,2,OOD_Class_1
Is it going to get chillier in Kuwait,2,1,0,0.0001205448,2,OOD_Class_1
book a table at a restaurant in Lucerne Valley that serves chicken nugget,1,5,1,0.019791236,2,OOD_Class_1
add keltech to my 70s road trip playlist,0,0,0,0.00019202648,2,OOD_Class_1
rate the book The Orchard Book of First Greek Myths a 0,4,3,0,0.00011485875,2,OOD_Class_1
Add a track to the emo forever playlist.,0,0,0,0.00020094865,2,OOD_Class_1
I need a table at The Apple Pan for reva and bernadine,1,5,1,0.0004454128,2,OOD_Class_1
What is the expected weather forecast for Beckley ?,2,1,0,0.00011318696,2,OOD_Class_1
I need a reservation for a coffeehouse with nine people within the same area as Midland Park,1,5,1,0.008934061,2,OOD_Class_1
What's the forecast for KS for Jan. first ?,2,1,0,0.000113684175,2,OOD_Class_1
Is Green Grass Widows playing at the cinema,6,5,0,0.00012973306,2,OOD_Class_1
book a spot for me and my sister at a restaurant that has clafoutis,1,5,1,0.0008164288,2,OOD_Class_1
book a spot at a restaurant faraway from 138th St,1,5,1,0.0015483071,2,OOD_Class_1
Give me the schedule for animated movies at the nearest cinema,6,5,0,0.00016821324,2,OOD_Class_1
"I need to book the Beardslee Castle in Albania for me, cassie and lesley",1,4,1,0.00021067049,2,OOD_Class_1
Play the most popular Johnny Clarke on Deezer .,3,2,0,0.00014276228,2,OOD_Class_1
"weather in Radnor Township , WV",2,1,0,0.00011329318,2,OOD_Class_1
book a spot for six in Greece,1,3,1,0.0001847216,2,OOD_Class_1
add sweets edison to relaxing playlist,0,0,0,0.00018858744,2,OOD_Class_1
Book the Bobcat Bite .,1,4,1,0.00017815293,2,OOD_Class_1
book a gastropub that serves turkish food for 4 people,1,4,1,0.0007113365,2,OOD_Class_1
I need to know what theatre is playing A Happy Coersion,6,5,0,0.00010838363,2,OOD_Class_1
put donnie g don gorilla on my classical romance playlist,0,0,0,0.00021822851,2,OOD_Class_1
I'd like to eat surf and turf in one minute at a bar,1,5,1,0.00039243323,2,OOD_Class_1
Play me a song from 2008,3,2,0,0.00012597801,2,OOD_Class_1
I want to add Digital Line to my playlist called Infantil,0,0,0,0.00020844283,2,OOD_Class_1
I'm looking to book a seat at a bakery that serves coleslaw at 194458 .,1,5,1,0.0021833589,2,OOD_Class_1
Play some songs from 1958,3,2,0,0.00012128121,2,OOD_Class_1
Book a restaurant in Geddes on march the twenty-seventh for me and my husband,1,1,1,0.0008145147,2,OOD_Class_1
Book a spot for seven at a japanese joint in Grandview Heights,1,5,1,0.00025652876,2,OOD_Class_1
book a table for six in Beech Creek,1,4,1,0.0010165588,2,OOD_Class_1
Book a joint restaurant for four with an outdoor area within the same area as Borough de Denali,1,1,1,0.063195154,2,OOD_Class_1
book a brasserie for seven in West Yellowstone,1,4,1,0.00017979964,2,OOD_Class_1
Is it freezing near Medley ?,2,1,0,0.00010275415,2,OOD_Class_1
rate the book The Outlaws of Sherwood two stars,4,3,0,0.0001292647,2,OOD_Class_1
I want to book a bistro that serves pasta salad in Brazil .,1,5,1,0.037463237,2,OOD_Class_1
Get me a reservation for 1 somewhere in Spade at seventeen o'clock,1,5,1,0.0010928633,2,OOD_Class_1
Can you find me the Blue Spring trailer ?,5,4,0,0.00013396711,2,OOD_Class_1
I need a reservation for a brasserie place for a party of two,1,5,1,0.0012900899,2,OOD_Class_1
book a spot for 10 in the same area of Inwood - 207th St,1,3,1,0.0007581381,2,OOD_Class_1
What's the weather in Ecola State Park in three minutes,2,1,0,9.356174e-05,2,OOD_Class_1
Please help me find the Late Night Heartbroken Blues television show .,5,4,0,0.00014684703,2,OOD_Class_1
Book a table for seven in a pub in Iraq which offers gluten free food about 141 days from now .,1,1,1,0.0098716,2,OOD_Class_1
Add Yuna Ito to the hot rods & horror shows playlist.,0,0,0,0.00019296678,2,OOD_Class_1
"Book a table at Dillard House in Exell , IA",1,1,1,0.004025498,2,OOD_Class_1
Find the movie schedule .,6,5,0,0.0001364941,2,OOD_Class_1
Rate the current album a five out of 6,4,3,0,0.00011752712,2,OOD_Class_1
Play a tune by Houston on Spotify,3,2,0,0.00015465963,2,OOD_Class_1
Book a restaurant for a party of 7 in Paraguay on Saturday,1,1,1,0.003759487,2,OOD_Class_1
Is there rain in Nauru at 6 am,2,1,0,0.0001084229,2,OOD_Class_1
I need a table for six pm for me and my step daughter at Cafe Rouge,1,5,1,0.00045852494,2,OOD_Class_1
Book a restaurant in Bouchon for 1,1,3,1,0.00036183724,2,OOD_Class_1
"Book a table for kirsten price, audra and I faraway from our location at an outdoor taverna",1,4,1,0.00046146163,2,OOD_Class_1
What's the weather like in Topock,2,1,0,9.624929e-05,2,OOD_Class_1
Make me a reservation somewhere outdoor in Port Wentworth for a party of five at a coffeehouse in ten months that is distant,1,1,1,0.0010426895,2,OOD_Class_1
Book me a reservation for a pub in Cormorant for a party of nine,1,1,1,0.0020821735,2,OOD_Class_1
I'm looking for local movie schedules .,6,5,0,0.00015005255,2,OOD_Class_1
I want to give this current novel 4 points,4,3,0,0.00012547267,2,OOD_Class_1
book rosalie stewart and evelyn at a restaurant,1,4,1,0.00018412486,2,OOD_Class_1
Book a reservation for 6 at a restaurant in Deersville,1,1,1,0.0050259675,2,OOD_Class_1
Play some symphony music from David Lindley .,3,2,0,0.00016319624,2,OOD_Class_1
Book spot for 9 at Thurmont,1,5,1,0.0003328014,2,OOD_Class_1
Want to find a creative work called The Prayer,5,4,0,0.0001662163,2,OOD_Class_1
Find me the book The Van Dyke Show,5,4,0,0.00013929947,2,OOD_Class_1
Book a reservation not far from 8th St,1,4,1,0.0028037769,2,OOD_Class_1
What is the closest movie theatre that is playing Moment to Moment ?,6,5,0,0.00018839168,2,OOD_Class_1
add this song to my southern gothic playlist,0,0,0,0.00019486011,2,OOD_Class_1
Can i get the movie schedules for Speakeasy Theaters ?,6,5,0,0.00013987033,2,OOD_Class_1
book for five in Georgia at The Coffee Bean & Tea Leaf,1,4,1,0.00010492358,2,OOD_Class_1
"I need to book a restaurant in Burkettsville in 2 years for rhoda adams, roxanne and I",1,1,1,0.0058608423,2,OOD_Class_1
Add Tranquility to the Latin Pop Rising playlist.,0,0,0,0.00021203465,2,OOD_Class_1
Is it going to get hotter at the Halfbreed Lake National Wildlife Refuge,2,1,0,0.0001342115,2,OOD_Class_1
give The Judas Tree a zero,4,3,0,0.00012072443,2,OOD_Class_1
Book reservation at a restaurant in Rocky Fork for 2 people,1,4,1,0.000720555,2,OOD_Class_1
when can i see Dinosaur from the Deep,6,5,0,0.00023296551,2,OOD_Class_1
find The Magical World of Roger Whittaker,5,4,0,0.00015296938,2,OOD_Class_1
book a spot for 2 at a brasserie that has hot dog in WA at twelve AM,1,5,1,0.00025887732,2,OOD_Class_1
Book a pub for eight people in the Pitcairn Islands .,1,4,1,0.0009168043,2,OOD_Class_1
I need a restaurant now for a party of ten,1,5,1,0.00077174994,2,OOD_Class_1
Can you play me songs from the Estado de ánimo playlist?,3,2,0,0.00015939349,2,OOD_Class_1
Book me a reservation for an outdoor restaurant,1,4,1,0.0014850164,2,OOD_Class_1
What's the weather far from Jarbidge,2,1,0,8.935991e-05,2,OOD_Class_1
book a spot for ten at a pub that has umbrian in NV on feb. the fourth,1,1,1,0.0015409684,2,OOD_Class_1
Play me the most popular Peja song on Slacker,3,2,0,0.00012909225,2,OOD_Class_1
When can I see The Crew of the Dora,6,5,0,0.00030805683,2,OOD_Class_1
Book a table for eight people please,1,4,1,0.0021458922,2,OOD_Class_1
What time is Always Brando showing,6,5,0,0.00013163588,2,OOD_Class_1
Book the Light Horse Tavern for 4 people.,1,4,1,0.00012851613,2,OOD_Class_1
put Pause on my Días de Frío playlist,0,0,0,0.00017785217,2,OOD_Class_1
Book a restaurant on san jacinto day in Anderson for me and my colleagues .,1,1,1,0.006802306,2,OOD_Class_1
Need a resevation for a cafeteria stle restaraunt in the country of Liberia for a party of 10,1,3,1,0.000929584,2,OOD_Class_1
I want to watch Strange Brother,5,5,0,0.00058839284,2,OOD_Class_1
book a bar with mediterranean food for three people,1,4,1,0.0007040749,2,OOD_Class_1
Add this tune to the Heavy Gamer playlist.,0,0,0,0.00019831672,2,OOD_Class_1
Please book a bar type goiano room accommodate for 2 members 1 second from now in PR,1,1,1,0.006692625,2,OOD_Class_1
What's the weather forecast for Mansfield ?,2,1,0,9.9887046e-05,2,OOD_Class_1
I'm looking for a local cafeteria that has wifi accesss for a party of 4,1,5,1,0.0022231268,2,OOD_Class_1
I would rate this novel 2 points and a best rating of 6,4,3,0,0.00012907808,2,OOD_Class_1
I would like to book a food truck with mughlai cuisine in Somalia,1,4,1,0.00031640267,2,OOD_Class_1
Add Atticus Ross to the playlist electrosafari,0,0,0,0.0001940063,2,OOD_Class_1
Give me the showtimes for The Rum Diary at MJR Theatres at meal time.,6,5,0,0.00021324464,2,OOD_Class_1
"book spot for mavis, sheila and I in Syria at elevenses",1,4,1,0.0005868542,2,OOD_Class_1
I want to find parking next to a restaurant for 10,1,5,1,0.0005035943,2,OOD_Class_1
"Book reservations for ava gonzales, raquel brown and I on Jul. 6, 2040 in Hainesville at a restaurant",1,4,1,0.00998796,2,OOD_Class_1
Please find me Phineas Redux .,5,4,0,0.00015567697,2,OOD_Class_1
I want to book Coney I-Lander for 10 people.,1,4,1,0.0010479862,2,OOD_Class_1
I need to book an indoor pub in Strabane,1,4,1,0.0030844163,2,OOD_Class_1
Play some Carmen Mcrae from Ed Robertson off of Itunes,3,2,0,0.00016248012,2,OOD_Class_1
show creativity of novel Lock,5,4,0,0.00015297269,2,OOD_Class_1
book a spot for one at a bar in Seabrook,1,5,1,0.00047273206,2,OOD_Class_1
Make me a reservation in Hardesty at a joint the is indoor,1,1,1,0.0016998895,2,OOD_Class_1
Book a popular restaurant for 5 people,1,3,1,0.0012098623,2,OOD_Class_1
I want a restaurant reservation for a party of 8 at a vegetarian tea house .,1,4,1,0.002683795,2,OOD_Class_1
Book a table for two in Oklahoma,1,4,1,0.00041778732,2,OOD_Class_1
Rate the current novel 3 stars,4,3,0,0.000119903896,2,OOD_Class_1
Give zero out of 6 to the current album,4,3,0,0.00010986743,2,OOD_Class_1
"Book a restaurant in Nebraska on january 25, 2034 for me and my mommy .",1,4,1,0.00933542,2,OOD_Class_1
"Book a table for iris, ina and heidi around 9 pm .",1,5,1,0.00071301934,2,OOD_Class_1
give four out of 6 points to current novel,4,3,0,0.00011972856,2,OOD_Class_1
I would like to rate Tar A Midwest Childhood a value of 1 and a best rating of 6,4,3,0,0.00012292752,2,OOD_Class_1
Find a reservation for a restaurant in Hong Kong for seven people,1,5,1,0.011398909,2,OOD_Class_1
Book a bakery with smoking room for nine in Niger .,1,4,1,0.0025319483,2,OOD_Class_1
I'm looking for Sherlock Holmes contre Arsène Lupin .,5,4,0,0.00016900658,2,OOD_Class_1
"Out of 6 , give Rivers of Babylon a 1",4,3,0,0.00012334804,2,OOD_Class_1
Reserve me a table for 10 at a MT cafe for breakfast .,1,5,1,0.008135851,2,OOD_Class_1
Add radhae unakku kobam aagathadi to my Women of Metal playlist,0,0,0,0.00019977403,2,OOD_Class_1
add artist steve cropper to Rhythm and Blues,0,0,0,0.00019619493,2,OOD_Class_1
rate this book one for this stars judging,4,3,0,0.0001234675,2,OOD_Class_1
Book a spot for me and kathrine at Smithville,1,5,1,0.0013872372,2,OOD_Class_1
Book a reservation for an osteria restaurant for 4 people on november 4,1,1,1,0.004678777,2,OOD_Class_1
Book a table for chasity ruiz and mary at The Fat Duck in Puerto Rico,1,4,1,0.0006837552,2,OOD_Class_1
Find a reservation at Berowra Waters Inn in Australia in 2 years,1,1,1,0.0006250628,2,OOD_Class_1
Book a reservation for a taverna at Sunrise in Kaanapali,1,1,1,0.0020663624,2,OOD_Class_1
Look for a photograph of I Wanna Sex You Up,5,4,0,0.00014641082,2,OOD_Class_1
Reserve me seating midday at Bear Hotel,1,5,1,0.00020742165,2,OOD_Class_1
book a spot at a pub with tatar in Cambodia,1,5,1,0.00071638875,2,OOD_Class_1
Can you get a table at The Triple Door in District Of Columbia for me and deborah vasquez,1,5,1,0.0011259291,2,OOD_Class_1
book a table near Bienville for Pioneer Day,1,1,1,0.0022523124,2,OOD_Class_1
Play track Real Talk,3,2,0,0.00013120046,2,OOD_Class_1
Play The Monkeys Have No Tails In Zamboanga on Google Music .,3,2,0,0.00021954629,2,OOD_Class_1
book me top-rated restaurant for 9 members for midnight at Fair Bluff RI,1,4,1,0.0063510938,2,OOD_Class_1
Is the film Goodrich Quality Theaters playing at 1226 AM ?,6,5,0,0.00012935163,2,OOD_Class_1
give four star to current novel,4,3,0,0.000121316276,2,OOD_Class_1
book a brasserie for one,1,4,1,0.0013547543,2,OOD_Class_1
Please play some music from the seventies movement,3,2,0,0.00015137641,2,OOD_Class_1
I'd like to go to a restaurant in French Polynesia,1,5,1,0.0035794508,2,OOD_Class_1
Can I see the movie schedules ?,6,5,0,0.00013543334,2,OOD_Class_1
find a movie schedule for United Paramount Theatres,6,5,0,0.00015256312,2,OOD_Class_1
Will the weather be cloudy seven weeks from now in Hinckley,2,1,0,9.540731e-05,2,OOD_Class_1
Show me the closest movie house playing animated movies please.,6,5,0,0.00020288002,2,OOD_Class_1
Play a song by Electric Tones from their Kurutta Taiyō album on Last Fm,3,2,0,0.00013254897,2,OOD_Class_1
Show me when and where I can see Song of Summer,6,5,0,0.00013301405,2,OOD_Class_1
book a table in Cottondale not far for in two hundred sixty nine days,1,1,1,0.00061051396,2,OOD_Class_1
"I want to take christy, louise and alexandra to eat at 173804 anywhere in NE",1,1,1,0.0036831247,2,OOD_Class_1
rate this essay four out of 6,4,3,0,0.00012090362,2,OOD_Class_1
"Book a reservation for 5 people next week at The Pump Room, Chicago",1,5,1,0.0011062948,2,OOD_Class_1
I want to book a restaurant in Keeling Islands for a party of ten,1,4,1,0.0007217266,2,OOD_Class_1
Add artist Matt Noveskey to journey,0,0,0,0.00019629185,2,OOD_Class_1
book a table in Alberton for me and my mother in law at a restaurant,1,5,1,0.005488684,2,OOD_Class_1
play Doctor Fink if i could choose,3,2,0,0.000298952,2,OOD_Class_1
Book a taverna in Equatorial Guinea this month for nine people.,1,1,1,0.000371098,2,OOD_Class_1
What time is The Hotline playing at the movie theatre,6,5,0,0.00014041668,2,OOD_Class_1
book Tun Tavern for morning in Norfolk Island,1,4,1,0.000478101,2,OOD_Class_1
add this Roy Orbison song onto Women of Comedy,0,0,0,0.00019362614,2,OOD_Class_1
"book table to a tavern for a scrapple for harriett, deanne and I",1,4,1,0.0002028295,2,OOD_Class_1
I want to book Oregon Electric Station in North City .,1,4,1,0.00013871401,2,OOD_Class_1
find the painting Strong Enough,5,4,0,0.00014147969,2,OOD_Class_1
Play some music from the last album of 1988 on Lastfm,3,2,0,0.00014586184,2,OOD_Class_1
Book reservations at a restaurant in MI seven weeks from now,1,5,1,0.00319409,2,OOD_Class_1
What cinema has the closest movies,6,5,0,0.00017219591,2,OOD_Class_1
book fast food that is highly rated,1,4,1,0.0009481356,2,OOD_Class_1
Add the name Shall We Dance to playlist Rock,0,0,0,0.00019156044,2,OOD_Class_1
I want to book a restaurant in Barbados that serves creole .,1,4,1,0.02433845,2,OOD_Class_1
Add track to Afternoon Train Ride,0,0,0,0.0001894139,2,OOD_Class_1
I give The Alchemyst The Secrets of the Immortal Nicholas Flamel 2 out of 6 stars .,4,3,0,0.00012541354,2,OOD_Class_1
Find me the book with the title of The Rainwater LP,5,4,0,0.0001383396,2,OOD_Class_1
I want to take my parents and I to eat some romagna at a brasserie in North Dakota,1,5,1,0.0006488274,2,OOD_Class_1
Play some music on groove shark .,3,2,0,0.0001537615,2,OOD_Class_1
show me the When Your Heart Stops Beating photograph,5,4,0,0.00017033225,2,OOD_Class_1
show me movies in the area,6,5,0,0.00015136648,2,OOD_Class_1
What's the weather going to be in jun . in Burkina,2,1,0,0.000100770754,2,OOD_Class_1
Find the schedule for animated movies in the area .,6,5,0,0.00016145894,2,OOD_Class_1
I want to eat at a brasserie that has internet near Greenland at elevenses .,1,5,1,0.0006783127,2,OOD_Class_1
Lets go eat in Friday 43 days from now,1,5,1,0.0011431781,2,OOD_Class_1
Will there be a storm faraway from Chapman Ranch ?,2,1,0,0.000113072936,2,OOD_Class_1
What's the weather close to Cambodia at 054413,2,1,0,9.374372e-05,2,OOD_Class_1
I want a table for 8 in Plain on Aug. 5,1,1,1,0.00088306714,2,OOD_Class_1
Weather for James M. Robb – Colorado River State Park,2,1,0,0.000108847635,2,OOD_Class_1
what time can I expect films to start at the Bow Tie Cinemas,6,5,0,0.00017870861,2,OOD_Class_1
I need to book a table for claudia and imelda at a brasserie that is top-rated,1,4,1,0.0009317115,2,OOD_Class_1
"Book a diner place or me and my best friend on Holy Saturday , capital of United Arab Emirates , where they serve pepperoni dishes",1,5,1,0.004220926,2,OOD_Class_1
book a best tavern for nine,1,4,1,0.0009779595,2,OOD_Class_1
Play my Electro Sur playlist.,3,2,0,0.00012198833,2,OOD_Class_1
I want to eat at a bakery with deidre and rosa in Jersey .,1,1,1,0.0047536897,2,OOD_Class_1
I want to check out a pub that has internet in Homer City .,1,5,1,0.00082624785,2,OOD_Class_1
Where can I see the show Twentysomething,5,4,0,0.00011019491,2,OOD_Class_1
Info on show Natural Language and Linguistic Theory,5,4,0,0.00036508965,2,OOD_Class_1
book a spot at a highly rated tavern in Colombia,1,4,1,0.00049662264,2,OOD_Class_1
What is the temperature at Eifel National Park,2,1,0,0.00011164644,2,OOD_Class_1
I want to take four friends to the pub for some tuna casserole,1,5,1,0.00045447235,2,OOD_Class_1
Is there a depression in Delta Junction,2,1,0,0.00019829674,2,OOD_Class_1
I want to eat at a indoor bar for two,1,5,1,0.00030060118,2,OOD_Class_1
What's the weather forecast for Wisconsin ?,2,1,0,9.959518e-05,2,OOD_Class_1
I'd like to add this album to my Siesta playlist,0,0,0,0.0001930587,2,OOD_Class_1
"I want to go to the pub with angelita, susan reed and ashlee watson after us parking",1,5,1,0.00023559101,2,OOD_Class_1
patty and I need a table booked at a highly rated restaurant in Sandstone .,1,5,1,0.009228131,2,OOD_Class_1
Will it be windy at two PM in France ?,2,1,0,0.00010800135,2,OOD_Class_1
add stephanie mcintosh to I Love My 90s Hip Hop my playlist,0,0,0,0.00019240132,2,OOD_Class_1
find the show titled Hell on Earth 2006,5,4,0,0.00016413465,2,OOD_Class_1
Rate the current textbook 0 out of 6 .,4,3,0,0.000116045085,2,OOD_Class_1
Rate A Conspiracy of Paper 4 of 6,4,3,0,0.00012652003,2,OOD_Class_1
Rate Voyage in the Dark 3 of 6,4,3,0,0.0001271393,2,OOD_Class_1
I need a reservation in Decaturville for six people.,1,1,1,0.0041605337,2,OOD_Class_1
Play the playlist Gypsy Swing,3,2,0,0.000114818555,2,OOD_Class_1
Book a bar that serves stracciatella in North Dakota for four at four am,1,4,1,0.0041062534,2,OOD_Class_1
"me, maggie and ellen want to eat at Lentil as Anything",1,5,1,0.0028473309,2,OOD_Class_1
Book a reservation for nine at an outdoor restaurant,1,5,1,0.001939385,2,OOD_Class_1
show the show The Son of Tarzan,5,4,0,0.000153734,2,OOD_Class_1
Rate the current essay 5 stars,4,3,0,0.000113080045,2,OOD_Class_1
I want to hear music on my Slacker app,3,2,0,0.00016255376,2,OOD_Class_1
"book a table for me and bettye at Washington, D.C. Jewish Community Center in Montana",1,5,1,0.0031595097,2,OOD_Class_1
"Reserve a table in Top of the Mark Lambertville , Vermont .",1,3,1,0.0022210374,2,OOD_Class_1
whats the nearest movie house showing animated movies,6,5,0,0.000185284,2,OOD_Class_1
Show me the TV show My Only Wish,5,4,0,0.00016769081,2,OOD_Class_1
What are the movie times at Landmark Theatres,6,5,0,0.00020209649,2,OOD_Class_1
Book a pub with fisn'n chips in Timberville .,1,4,1,0.00610826,2,OOD_Class_1
What time is Trouble Every Day playing,6,5,0,0.0001293152,2,OOD_Class_1
Can  book a pizzeria that will serve a cupcake ?,1,4,1,0.0016653509,2,OOD_Class_1
Please help me search the TV series A Mouse Divided .,5,4,0,0.00018725629,2,OOD_Class_1
add this artist to Spain Top 50,0,0,0,0.00019457165,2,OOD_Class_1
I need a restaurant in Indonesia for 7,1,3,1,0.005342161,2,OOD_Class_1
Book a restaurant in one minute for five people in Canal Fulton .,1,1,1,0.000679713,2,OOD_Class_1
Book a distant restaurant that serves blini on 103rd St for 6 people.,1,5,1,0.01543315,2,OOD_Class_1
What is the forecast this month in Kosovo,2,1,0,0.00011088988,2,OOD_Class_1
play a record from 1982,3,2,0,0.00012960286,2,OOD_Class_1
add rob tyner to betsy's We Everywhere,0,0,0,0.00017742015,2,OOD_Class_1
What is the weather going to be like in Virginia on st. patrick's day ?,2,1,0,0.00012298417,2,OOD_Class_1
Which cinema is showing A Dedicated Life starting at eleven PM,6,5,0,0.00015256637,2,OOD_Class_1
Please get me the Compulsive Disclosure song .,5,4,0,0.00016365685,2,OOD_Class_1
"Book a reservation for one at an italian taverna for two PM in Hutchings , North Dakota",1,1,1,0.0037254693,2,OOD_Class_1
"I need to book a pool side bar , for 5 people 17 weeks from now , distant from here at Mountain Lakes .",1,1,1,0.00308704,2,OOD_Class_1
book a spot for 8 in Hungary on february the 14th,1,3,1,0.0013677564,2,OOD_Class_1
Book a reservation for my great grandfather and I at a macaroni pub in CT,1,5,1,0.0025608372,2,OOD_Class_1
Find the schedule for The Solitude of Prime Numbers at the nearest cinema in 1 hour .,6,5,0,0.00015301433,2,OOD_Class_1
book City Tavern in Poland,1,4,1,0.00011022123,2,OOD_Class_1
I want to book a far brasserie that serves minestrone in PA for a party of 9 in 15 minutes,1,5,1,0.0014920374,2,OOD_Class_1
Will it hail in 1 second on Riceboro Delaware,2,1,0,0.00012522195,2,OOD_Class_1
