text,true_label_original,pred_label_mapped,is_ood_true,ood_score,fold,scenario
I want to hear opera on Netflix,3,3,0,0.00014230145,6,OOD_Class_5
Find movie times .,6,5,0,8.4283245e-05,6,OOD_Class_5
Rate this essay two stars,4,4,0,9.139975e-05,6,OOD_Class_5
Find Zorro the game,5,5,1,0.0001954281,6,OOD_Class_5
Play slow rock music on Vimeo,3,3,0,0.000109920016,6,OOD_Class_5
"find A Tale of Two Cities , a painting",5,5,1,0.00028128555,6,OOD_Class_5
show me movies in the area,6,5,0,9.430009e-05,6,OOD_Class_5
Show me the Landing at Low Tide painting,5,5,1,0.00019756066,6,OOD_Class_5
can you add xanadu to Latin Alternative Music,0,0,0,0.00016980957,6,OOD_Class_5
find the show The Naked Gun,5,5,1,0.0001252564,6,OOD_Class_5
Add song to my Club Hits,0,0,0,0.00016571236,6,OOD_Class_5
around here find movie schedule for films,6,5,0,7.787352e-05,6,OOD_Class_5
Can you play a top song from a chyi chin concerto,3,3,0,0.00011769537,6,OOD_Class_5
Make me a reservation in Hardesty at a joint the is indoor,1,1,0,9.724972e-05,6,OOD_Class_5
give it a 0 for this essay,4,4,0,0.000104584266,6,OOD_Class_5
Show me a copy of the picture Double Deal .,5,5,1,0.046549793,6,OOD_Class_5
find a TV show called Engaged to the Unidentified,5,5,1,0.00013624056,6,OOD_Class_5
Show me My Princess,5,5,1,0.00075553445,6,OOD_Class_5
Find a movie called No. 1 In Heaven .,5,5,1,0.00011823036,6,OOD_Class_5
Play some twenties chant music on Slacker,3,3,0,0.00011121424,6,OOD_Class_5
What movies are playing close by,6,5,0,7.825595e-05,6,OOD_Class_5
find Brandy in the Wilderness,6,5,0,0.00018015962,6,OOD_Class_5
can you find me a showing for Before the Music Dies in one second ?,6,5,0,0.00011788076,6,OOD_Class_5
Find the schedule for Brick .,6,5,0,8.636364e-05,6,OOD_Class_5
I want to give the current novel zero points,4,4,0,0.00010186272,6,OOD_Class_5
Play me a song by Dj Paul Elstak in 1988 on Zvooq,3,3,0,0.000109865476,6,OOD_Class_5
Put hampartsoum limondjian in running to rock 170 to 190 bpm,0,0,0,0.00015119724,6,OOD_Class_5
play the Discografia de The Pretty Reckless saga,5,3,1,9.99818e-05,6,OOD_Class_5
what is the forecast for Tschetter Colony on Ascension Day in Oregon,2,2,0,0.0001099175,6,OOD_Class_5
Are there any painting of the 1st Concert Oh Yeah! 1999 ?,5,5,1,0.00021936251,6,OOD_Class_5
Give Directive 51 three out of 6 .,4,4,0,9.122175e-05,6,OOD_Class_5
Play me a 1974 tune on Slacker,3,3,0,0.00010550153,6,OOD_Class_5
Can you find me the Dicey Business TV series ?,5,5,1,0.00012812752,6,OOD_Class_5
"find The Saint in New York , a show",5,5,1,0.0001320185,6,OOD_Class_5
I think the chronicle entitled The Spirit of St. Louis should be given a zero rating.,4,4,0,9.9308854e-05,6,OOD_Class_5
look up Holy Water,5,5,1,0.00042550729,6,OOD_Class_5
A rating of four out of 6 goes to Memory in Death,4,4,0,9.8344484e-05,6,OOD_Class_5
add Billy Martin album to my legendary guitar solos playlist,0,0,0,0.00015613169,6,OOD_Class_5
I want to watch Escape the Fate discography,5,5,1,0.00015255615,6,OOD_Class_5
"whats the forecast for January 21, 2035 in Dubach",2,2,0,0.000121785604,6,OOD_Class_5
Show The Kindness of Women picture,5,5,1,0.09395259,6,OOD_Class_5
Look for the creative work called White Sugar,5,6,1,0.59142345,6,OOD_Class_5
I'd like to find the Days of Glory saga,5,5,1,0.00015827775,6,OOD_Class_5
Show the Chemdex.com photograph,5,5,1,0.0019986734,6,OOD_Class_5
rate The Cry of the Owl a four,4,4,0,9.157749e-05,6,OOD_Class_5
Play the music of Filipp Bedrossowitsch Kirkorow 's theme,3,3,0,9.891429e-05,6,OOD_Class_5
I need a table in TN that's not to far for a party of ten,1,1,0,0.00011856852,6,OOD_Class_5
How do I get the game Still on It ?,5,5,1,0.00024092938,6,OOD_Class_5
I want to play the game Show Me the Wonder,5,3,1,0.00040461085,6,OOD_Class_5
What is the weather going to be like in Flint Hill in 9 years,2,2,0,0.00011121323,6,OOD_Class_5
Show An Actress for the newest album .,5,5,1,0.00024943936,6,OOD_Class_5
Will it be chilly at 4 in Druid Hills AMerican Samoa,2,2,0,0.0001053944,6,OOD_Class_5
I need a photograph of The Oregon Desert,5,2,1,0.16382828,6,OOD_Class_5
Show me the movie schedules for movies playing around here today.,6,5,0,0.00011187334,6,OOD_Class_5
add this track to Alternative Route,0,0,0,0.00015213931,6,OOD_Class_5
Find a TV series called Cocktail Kings .,5,5,1,0.00016160597,6,OOD_Class_5
I would give Dead Man Falling 5 points and a best rating of 6,4,4,0,0.000101862744,6,OOD_Class_5
Where can I find the JKT48 School,5,5,1,0.000102337486,6,OOD_Class_5
I am looking for the creative work A Wonderful Life,5,5,1,0.0010365194,6,OOD_Class_5
find Tortured Man,5,5,1,0.00024314257,6,OOD_Class_5
I'd like to see Spyforce,5,5,1,0.00017495414,6,OOD_Class_5
Play some melody from the eighties on Spotify,3,3,0,0.0001247948,6,OOD_Class_5
Where can I get Harry Potter and the Philosopher’s Stone,5,5,1,0.00018866846,6,OOD_Class_5
"I'm craving mac and cheese . Book a table at a Portland Mills , KS restaurant . I need it for one second from now",1,1,0,0.00012105821,6,OOD_Class_5
"I wish to watch The Fold trailer , please search.",5,5,1,0.0001171212,6,OOD_Class_5
Find The Modern World video game,5,5,1,0.0005428996,6,OOD_Class_5
Find the schedule for animated movies in the area .,6,5,0,8.453177e-05,6,OOD_Class_5
I'm looking for a movie called Salvage Mice .,5,5,1,0.00010916697,6,OOD_Class_5
Show me the television show Children in Need Rocks 2013 .,5,5,1,0.0011520957,6,OOD_Class_5
"Can you locate the work, Warlock 2 The Exiled ?",5,5,1,0.0001852698,6,OOD_Class_5
Find a trailer called Hellboy The Troll Witch and Others .,5,5,1,0.00026801642,6,OOD_Class_5
Rate this album 4 points,4,4,0,8.772652e-05,6,OOD_Class_5
Can you search City of Scars ?,5,5,1,0.00067634013,6,OOD_Class_5
Play track Real Talk,3,3,0,0.00010193907,6,OOD_Class_5
rate current book 0 stars,4,4,0,9.606689e-05,6,OOD_Class_5
add tune to Electro Workout,0,0,0,0.0001810222,6,OOD_Class_5
Add the da brat track to the Soak Up The Sun playlist.,0,0,0,0.00015952258,6,OOD_Class_5
Find me the song called The Budapest Beacon .,5,3,1,0.00023443405,6,OOD_Class_5
Play a top twenty symphony by Bumble Bee Slim,3,3,0,0.00011867649,6,OOD_Class_5
Add this track to my lo que suena new york playlist,0,0,0,0.00016163925,6,OOD_Class_5
Is it supposed to be chilly in Kuwait ?,2,2,0,0.000114966155,6,OOD_Class_5
Find a photograph called Sleeping with the Enemy .,5,5,1,0.0012635808,6,OOD_Class_5
"show cold weather forecast in five hours and 1 minute in Hokendauqua , Mongolia",2,2,0,0.00012479138,6,OOD_Class_5
add Vicky Leandros to my piano ballads playlist,0,0,0,0.00015605561,6,OOD_Class_5
show TV series schedule of Gears of War,5,5,1,0.00016451151,6,OOD_Class_5
find the picture titled Battle Spirits - Shōnen Toppa Bashin,5,5,1,0.0004137999,6,OOD_Class_5
Book a table at any restaurant for eight people,1,1,0,0.00010272213,6,OOD_Class_5
rate this album a 1,4,4,0,9.466922e-05,6,OOD_Class_5
Get me a reservation for two at a restaurant which serves burger .,1,1,0,0.00012609786,6,OOD_Class_5
Rate this saga two with a bet rating of 6,4,4,0,9.311101e-05,6,OOD_Class_5
I'm looking for the show called The Origin of the Milky Way,5,5,1,0.000323454,6,OOD_Class_5
show creative Last Light,5,5,1,0.00029141418,6,OOD_Class_5
I want to go to 88th St-Boyd Av or close by and book seats for 10,1,1,0,9.003401e-05,6,OOD_Class_5
Where can I find the movie The National Law Review,5,5,1,8.354327e-05,6,OOD_Class_5
show the show The Son of Tarzan,5,5,1,0.00030236616,6,OOD_Class_5
Please find Brand New Strings,5,5,1,0.000255847,6,OOD_Class_5
put this frederick knight track on my the midnight hour playlist,0,0,0,0.00015385714,6,OOD_Class_5
Give Modern Glamour The Art of Unexpected Style three out of 6 stars,4,4,0,9.815362e-05,6,OOD_Class_5
Find a painting called The Legend of Tashan Dorrsett .,5,5,1,0.0007530991,6,OOD_Class_5
What is the movie schedule for films nearby,6,5,0,7.689099e-05,6,OOD_Class_5
Where to get saga of A Brush with the Law,5,5,1,0.00039202074,6,OOD_Class_5
Include dschiwan gasparjan in beth's rare groove playlist.,0,0,0,0.00019783847,6,OOD_Class_5
show creative photograph of Icewind Dale Heart of Winter,5,5,1,0.45071018,6,OOD_Class_5
add album to my Deathcore playlist,0,0,0,0.00015998978,6,OOD_Class_5
What's the forecast for Pipe Spring National Monument ?,2,2,0,0.00010165764,6,OOD_Class_5
Show me the song The Incredible Hulk Returns,5,3,1,0.00025902156,6,OOD_Class_5
Play twenties symphony from Robert Walter,3,3,0,0.00012072141,6,OOD_Class_5
Find me Royal Astronomy,5,5,1,0.000699059,6,OOD_Class_5
give The Judas Tree a zero,4,4,0,0.00010018615,6,OOD_Class_5
Add the name Shall We Dance to playlist Rock,0,0,0,0.0001704733,6,OOD_Class_5
put this tune by ross the boss onto nação reggae,0,0,0,0.00015154094,6,OOD_Class_5
Where can I find Police Story 3 Supercop,5,5,1,0.00013296522,6,OOD_Class_5
look for the book The Girl Who Was Plugged In,5,5,1,0.00011405737,6,OOD_Class_5
is it going to be chillier at 10 pm in Texas,2,2,0,0.00010810564,6,OOD_Class_5
is it chillier at Narew National Park,2,2,0,9.9198005e-05,6,OOD_Class_5
Please find me the Journal of the British Astronomical Association movie .,5,5,1,0.0003131995,6,OOD_Class_5
I'm looking to find Suryavanshi .,5,5,1,0.0003977786,6,OOD_Class_5
is it going to be windy faraway from the Valley of Fire,2,2,0,0.00011318246,6,OOD_Class_5
I want to give this novel a four out of 6 stars,4,4,0,9.757967e-05,6,OOD_Class_5
I need a reservation in Steele City,1,1,0,0.00011287173,6,OOD_Class_5
Where can I find the TV show of The School Teacher in the House,5,5,1,0.00010077309,6,OOD_Class_5
Find Conker Live and Reloaded,5,5,1,0.0002261881,6,OOD_Class_5
Where can I locate the game Legion of Mary The Jerry Garcia Collection,5,5,1,0.00016690872,6,OOD_Class_5
Let's play the album Handover on Deezer,3,3,0,0.00011159492,6,OOD_Class_5
Give 1 out of 6 rating to the current textbook,4,4,0,9.541287e-05,6,OOD_Class_5
Where can I find the TV show A Step Away,5,5,1,8.94502e-05,6,OOD_Class_5
Which movies are playing at the closest cinema ?,6,5,0,7.5183896e-05,6,OOD_Class_5
Can you pull up the American Music Awards of 1975,5,3,1,0.0005916847,6,OOD_Class_5
Rate Unlimited Power 4 of 6 points,4,4,0,9.9213445e-05,6,OOD_Class_5
Add rosemary clooney to Pura Vida playlist,0,0,0,0.00016498794,6,OOD_Class_5
use Deezer to play top five Moya Brennan,3,3,0,8.1279446e-05,6,OOD_Class_5
give 5 out of 6 stars to Creatures of Light and Darkness,4,4,0,0.0001012687,6,OOD_Class_5
Play the Seamus Heaney Collected Poems song,5,3,1,0.00011186743,6,OOD_Class_5
I'm looking for the saga Why Men Leave Home,5,5,1,0.08306871,6,OOD_Class_5
find the album Smoke and Mirrors,5,3,1,0.0010051448,6,OOD_Class_5
Show me the painting called The Descendants .,5,6,1,0.87081444,6,OOD_Class_5
Rate the Blood on the Moon saga a three,4,4,0,9.283849e-05,6,OOD_Class_5
Play The Birds And The Bees by Ceca .,3,3,0,0.000119257886,6,OOD_Class_5
Where is the TV show Am Universum,5,5,1,0.00012874522,6,OOD_Class_5
Find Secret Command .,6,5,0,0.0003632066,6,OOD_Class_5
Find a soundtrack called The Woman Warrior .,5,3,1,0.00010736174,6,OOD_Class_5
Will it feel nicer in Finland or New Mexico today,2,2,0,9.0230365e-05,6,OOD_Class_5
Add inconfundible to Stomp & Holler,0,0,0,0.00018217404,6,OOD_Class_5
I'm looking for a game called Gateway,5,5,1,0.00019911489,6,OOD_Class_5
I want to hear any tune from the twenties,3,3,0,0.00012376536,6,OOD_Class_5
Where can I get Fight for Anarchy,5,5,1,0.00046018267,6,OOD_Class_5
What is the movie schedules at for Douglas Theatre Company at 0 p.m. ?,6,5,0,8.217001e-05,6,OOD_Class_5
Book a table for 6 at a top-rated restaurant in North AMityville MA that serves south tyrolean food,1,1,0,0.00011128188,6,OOD_Class_5
What is the forecast here for September 16,2,2,0,0.00010560409,6,OOD_Class_5
"Can you find me, Hey Man ?",5,5,1,0.00013163967,6,OOD_Class_5
Rate Shadows Alive 3 out of 6 points,4,4,0,9.448587e-05,6,OOD_Class_5
I give Jonathan Livingston le goéland 2 of 6 points,4,4,0,9.796119e-05,6,OOD_Class_5
Add an andy hurley album to my transatlantic lullaby list,0,0,0,0.00015080831,6,OOD_Class_5
Where can I see the trailer for Experienced II Embrace Tour 2013 Budokan ?,5,5,1,0.00014971338,6,OOD_Class_5
show weather while Sunset in the same area in South Carolina,2,2,0,0.00011936952,6,OOD_Class_5
what is the Bahamas forecast for stormy weather at 074321,2,2,0,0.00012382468,6,OOD_Class_5
show creativity in Call Me Joe,5,6,1,0.4963657,6,OOD_Class_5
Add the frank beard song to the Soft Pop Hits playlist,0,0,0,0.00016014732,6,OOD_Class_5
Add a tune by alex gaudino to my The New Waltz playlist.,0,0,0,0.00015835559,6,OOD_Class_5
I am rating this book named The Infinite Man 5 stars,4,4,0,9.6914846e-05,6,OOD_Class_5
Find a movie called Living in America .,5,5,1,0.00010477329,6,OOD_Class_5
book a restaurant table at the food court in the spa sixteen hours from now,1,1,0,0.00010280427,6,OOD_Class_5
Can you place a reservation for me at Ariston Cafe,1,1,0,0.0001119323,6,OOD_Class_5
Can you find Fire Escape in the Sky The Godlike Genius of Scott Walker,5,5,1,0.00028024722,6,OOD_Class_5
Play the track R U Professional by Roberto Carlos Braga,3,3,0,0.00011029667,6,OOD_Class_5
rate The Confidence-Man 3 points,4,4,0,9.5785756e-05,6,OOD_Class_5
show creative game Elements of Life Remixed,5,5,1,0.056122918,6,OOD_Class_5
Please search Thirayum Theeravum video game .,5,5,1,0.0024195996,6,OOD_Class_5
I'm giving this book series four points,4,4,0,9.494629e-05,6,OOD_Class_5
find She Monkeys,5,5,1,0.0001774335,6,OOD_Class_5
Rate the current textbook 3 of 6,4,4,0,9.4025374e-05,6,OOD_Class_5
find the song Occasional Wife,5,3,1,0.00015734219,6,OOD_Class_5
Show The Swan Princess,5,5,1,0.00018581189,6,OOD_Class_5
Show me the movie Purple Heart Diary .,5,5,1,0.00018032208,6,OOD_Class_5
Is it sunny 1 second from now in the Pitcairn Islands,2,2,0,9.219648e-05,6,OOD_Class_5
Please add Ruud Jolie to my playlist Guest List Polygon,0,0,0,0.00016243033,6,OOD_Class_5
The current series only deserves two out of 6 .,4,4,0,0.00010136732,6,OOD_Class_5
I want to listen to the soundtrack The Om Years,5,3,1,0.00011083382,6,OOD_Class_5
I would like to book the best food court with persian food within the same area as OK for my ex husband and I,1,1,0,0.00010955606,6,OOD_Class_5
Find me the picture Live in Paris 1975,5,5,1,0.00025850997,6,OOD_Class_5
Give the current series four / 6 points .,4,4,0,9.329278e-05,6,OOD_Class_5
Book a restaurant in MP at 3 pm with pigs in blankets,1,1,0,9.5412724e-05,6,OOD_Class_5
what is the weather not far from current position,2,2,0,0.000108955755,6,OOD_Class_5
will it be colder this Saturday in NC,2,2,0,0.00010580887,6,OOD_Class_5
Add this tune to The Refugee Playlist,0,0,0,0.00015169785,6,OOD_Class_5
Find Dyskografia Nick Cave and the Bad Seeds .,5,5,1,0.00025342588,6,OOD_Class_5
Find the schedule for nearby animated movies .,6,5,0,8.552841e-05,6,OOD_Class_5
play a music ballad from the sixties,3,3,0,0.00012522266,6,OOD_Class_5
what is the forecast in North Carolina,2,2,0,0.00011132195,6,OOD_Class_5
find Mash Confusion,5,5,1,0.00022324287,6,OOD_Class_5
I would give this textbook a rating of 0 and a best rating of 6,4,4,0,9.9990866e-05,6,OOD_Class_5
I need to find a table for 4 at a brasserie that has fondue,1,1,0,0.0001222211,6,OOD_Class_5
Add david axelrod to my Futuros Hits list,0,0,0,0.00015469018,6,OOD_Class_5
Play music from the top-5 from artist Kenia Arias,3,3,0,0.00011558814,6,OOD_Class_5
What films are playing at the closest cinema,6,5,0,7.802662e-05,6,OOD_Class_5
Find me the Princess Battles song,5,5,1,0.0011467024,6,OOD_Class_5
Look for Hail Satanas We Are The Black Legions,5,5,1,0.00029231457,6,OOD_Class_5
show me the movie called People and Masks Part 2,5,5,1,0.0007299921,6,OOD_Class_5
Find Clash of the Codes .,5,5,1,0.0006845925,6,OOD_Class_5
Can you add some morton feldman piano and string quartet to my global funk playlist,0,0,0,0.00016466615,6,OOD_Class_5
"Can you please look up the game , The Islanders ?",5,5,1,0.00010550421,6,OOD_Class_5
Book me a reservation for the best bistro,1,1,0,0.00010639673,6,OOD_Class_5
"Please look up the television show , Noel Hill & Tony Linnane .",5,5,1,0.00017517402,6,OOD_Class_5
put artist Emre Aydin on Happy Birthday playlist,0,0,0,0.00017804162,6,OOD_Class_5
Find the book Bad Day on the Block,5,5,1,8.094504e-05,6,OOD_Class_5
Book a reservation for 10 people at an oyster bar with a pool within the same area of Cowansburg for 10 Pm,1,1,0,9.4531664e-05,6,OOD_Class_5
read the Black-Body Theory and the Quantum Discontinuity novel,5,3,1,0.0030127673,6,OOD_Class_5
Can yo find me the game A Silence That Screams ?,5,5,1,0.0003032482,6,OOD_Class_5
"find The Great Hydration , a TV series",5,5,1,0.00017482824,6,OOD_Class_5
Is there any creative work for Heterocycles ?,5,6,1,0.95502293,6,OOD_Class_5
"find The Covered Wagon , a game",5,5,1,0.000113826216,6,OOD_Class_5
Search for The World Is a Game,5,5,1,0.33916974,6,OOD_Class_5
Add Jon McLaughlin to my forever country playlist.,0,0,0,0.00014898095,6,OOD_Class_5
I'd rate Glaring Through Oblivion a zero of 6,4,4,0,9.5879244e-05,6,OOD_Class_5
Check the movie schedules .,6,5,0,7.3586074e-05,6,OOD_Class_5
Can i get the showtimes for films at Dickinson Theatres ?,6,5,0,8.461336e-05,6,OOD_Class_5
What is the weather going to be at dinner time in the Lake Le-Aqua-Na State Recreation Area,2,2,0,0.00011586861,6,OOD_Class_5
Where can I find the painting of Without Condition,5,5,1,0.00012587712,6,OOD_Class_5
What is the TV show Comfort ?,5,5,1,0.00012875505,6,OOD_Class_5
show 50 Words for Snow creative picture,5,5,1,0.002295431,6,OOD_Class_5
I want to watch the movie X Window Display Manager,5,5,1,0.00012261221,6,OOD_Class_5
book a spot far from Åland,1,1,0,0.00011751208,6,OOD_Class_5
Play Pride Of The Prairie from Johnny Burke,3,3,0,0.00012376453,6,OOD_Class_5
book a spot for nine in Lavalette Guam,1,1,0,0.00010291944,6,OOD_Class_5
Add javine hylton to my evening playlist,0,0,0,0.00014971106,6,OOD_Class_5
Find the song called International Journal of Bilingualism,5,3,1,0.0004520138,6,OOD_Class_5
Rate this novel four of 6,4,4,0,9.430098e-05,6,OOD_Class_5
show The Taste,5,5,1,0.42231554,6,OOD_Class_5
Show the movie schedules at KB Theatres,6,5,0,8.636672e-05,6,OOD_Class_5
find The Real Story with Gretchen Carlson,5,5,1,0.00025686927,6,OOD_Class_5
Rate the current essay 0 of 6,4,4,0,9.302057e-05,6,OOD_Class_5
I want to hear Techno-industrial music.,3,3,0,0.00012166676,6,OOD_Class_5
I want to watch the television show Little Things,5,5,1,0.00012911725,6,OOD_Class_5
Look for Every Little Crook and Nanny,5,5,1,0.00011723294,6,OOD_Class_5
Estelle should be on my spring playlist,0,0,0,0.00016322333,6,OOD_Class_5
The current novel I'm reading gets only a one out of 6 .,4,4,0,0.000102762555,6,OOD_Class_5
I'm looking for the saga The Hardest Part,5,5,1,0.00037626724,6,OOD_Class_5
Add this track to the Sin Ti playlist,0,0,0,0.00016030375,6,OOD_Class_5
What will the weather be in Tajikistan on Dec. twentieth ?,2,2,0,0.00010938297,6,OOD_Class_5
show creativity of photograph of My Wonderful Day,5,5,1,0.006360994,6,OOD_Class_5
Can you find the American Bison photograph ?,5,5,1,0.0001784863,6,OOD_Class_5
Play Praise The Lord And Pass The Ammunition .,3,3,0,9.7942066e-05,6,OOD_Class_5
What's the weather like in Kaltag ?,2,2,0,0.000108213586,6,OOD_Class_5
Can you give me a forecast for weather at night in my current position,2,2,0,0.00012321971,6,OOD_Class_5
i wanna listen to a the top-twenty track of Denniz Pop in Pandora,3,3,0,0.00011072688,6,OOD_Class_5
Play music from Lastfm and Deezer .,3,3,0,0.00011902583,6,OOD_Class_5
I would give Basic Battle Skills a rating of four,4,4,0,0.000106751264,6,OOD_Class_5
add la voce to my Dubstep Dangles Dirty playlist,0,0,0,0.00016563361,6,OOD_Class_5
I'd like a table for 10 at a distant place downtown for next fall,1,1,0,0.00011126484,6,OOD_Class_5
Is there any hail in Monterey Bay National Marine Sanctuary,2,2,0,0.0001323789,6,OOD_Class_5
Book a tyrolean restaurant in Crocker Indiana now for 3 people.,1,1,0,9.884629e-05,6,OOD_Class_5
Find me the book The Van Dyke Show,5,5,1,9.85182e-05,6,OOD_Class_5
"Can you tell me the forecast for East Falmouth , Hungary",2,2,0,0.00012454882,6,OOD_Class_5
How will the weather be in Kentucky this week ?,2,2,0,0.000107162705,6,OOD_Class_5
I'd like to see the movie schedule for movies in the area,6,5,0,8.928264e-05,6,OOD_Class_5
What time is Always Brando showing,6,5,0,0.000100476835,6,OOD_Class_5
add cross bones style to Guest List TaKe,0,0,0,0.00015681847,6,OOD_Class_5
Will there be a snowstorm in NC 6 years from now,2,2,0,0.00011507876,6,OOD_Class_5
"Please find me the work, Serious Awesomeness !.",5,5,1,0.00022877291,6,OOD_Class_5
find a soundtrack called Billboard Hot R&B Hits 1981,5,3,1,0.00011627102,6,OOD_Class_5
I'd like to see the The Gathering Storm TV series,5,5,1,0.00012551826,6,OOD_Class_5
this album is the last and rated five,4,4,0,0.0001064272,6,OOD_Class_5
Please find the song House of Wedlock,5,3,1,0.00014494799,6,OOD_Class_5
"Play Oj, Jelena, Jelena, Jabuka Zelena by Ler Lalonde .",3,3,0,0.00011034932,6,OOD_Class_5
Please find the Packed to the Rafters work.,5,5,1,9.316784e-05,6,OOD_Class_5
Play Stereo by Jonathan Davis on Deezer .,3,3,0,0.00012534767,6,OOD_Class_5
I want to hear that tune from 2010,3,3,0,0.00012202295,6,OOD_Class_5
show He Who Fears the Wolf creative photograph,5,5,1,0.00086152426,6,OOD_Class_5
I would like this song added to my princesas indie playlist.,0,0,0,0.00015169528,6,OOD_Class_5
Weather in Cairngorms-Nationalpark close from freezing,2,2,0,0.00010852644,6,OOD_Class_5
Add The Stars and Stripes Forever to the soulful disco playlist.,0,0,0,0.00016418498,6,OOD_Class_5
What's the snowfall at noon in IN,2,2,0,0.00010076493,6,OOD_Class_5
find Death Is Called Engelchen at Neighborhood Cinema Group,6,5,0,8.8754416e-05,6,OOD_Class_5
Play me a song by Hank Thompson from Moa Anbessa,3,3,0,0.000118270465,6,OOD_Class_5
Rate this novel 0 of 6 stars,4,4,0,9.522653e-05,6,OOD_Class_5
Rate this current album 0,4,4,0,8.6534346e-05,6,OOD_Class_5
Will it be hot near Calakmul Biosphere Reserve 3 seconds from now,2,2,0,0.00011872859,6,OOD_Class_5
Can you find My Island Home TV series ?,5,5,1,0.00010175896,6,OOD_Class_5
I want to book Dinner by Heston Blumenthal in AL .,1,1,0,0.00010328546,6,OOD_Class_5
find a photograph called XQuery API for Java,5,6,1,0.84589934,6,OOD_Class_5
Find the book called Black Wings of Destiny,5,5,1,0.0007164097,6,OOD_Class_5
show song schedule of Shoot for the Moon,5,5,1,0.00012675214,6,OOD_Class_5
Get me the Elvis’ Christmas Album TV show .,5,5,1,0.00015236509,6,OOD_Class_5
Play the best 1981 sound track from Ric Fierabracci,3,3,0,0.00011919957,6,OOD_Class_5
Play Soldier Boy from Melody Gardot,3,3,0,0.00011621167,6,OOD_Class_5
find At This Point in Time,5,5,1,0.0049377093,6,OOD_Class_5
Can you locate West Coast Wrestling Connection,5,5,1,0.00015484286,6,OOD_Class_5
Play some music from the thirties .,3,3,0,0.00011809816,6,OOD_Class_5
book a restaurant for 4 by shawn's work close by,1,1,0,9.2621136e-05,6,OOD_Class_5
add the album by Cham to my Cloud Rap playlist,0,0,0,0.00015575146,6,OOD_Class_5
what time is Bhoot Returns showing at Douglas Theatre Company,6,5,0,8.81546e-05,6,OOD_Class_5
Give 4 points / 6 to Last Day in Limbo,4,4,0,9.2928865e-05,6,OOD_Class_5
where's the nearest movie house playing No Trains No Planes,6,5,0,8.2896804e-05,6,OOD_Class_5
Where can I find the photograph of Mr Blobby,5,5,1,0.0002007478,6,OOD_Class_5
Play The Last Mile album,5,3,1,0.000109116234,6,OOD_Class_5
I want a photograph of Elizabeth the Queen,5,5,1,0.0042773606,6,OOD_Class_5
Add Manuelita la tortuga to my Nuestros 80 playlist,0,0,0,0.00016563296,6,OOD_Class_5
find a game called Gladiators Australian Series 1,5,5,1,0.00028454437,6,OOD_Class_5
book for one in Indiana at a restaurant,1,1,0,0.000100227546,6,OOD_Class_5
Will it hail today in West Point at 113648,2,2,0,0.000111208996,6,OOD_Class_5
find me a game called Thesis Eleven,5,5,1,0.00086433825,6,OOD_Class_5
What movie theatre is playing The Missing Picture,6,5,0,7.394517e-05,6,OOD_Class_5
book a popular restaurant of thai cuisine,1,1,0,0.00010350426,6,OOD_Class_5
Can you book a table for eight people at a spa type restaurant within walking distance of the Metropolitan Borough of Lambeth,1,1,0,0.00010732218,6,OOD_Class_5
What's the weather forecast in Humphrey ?,2,2,0,0.000103258535,6,OOD_Class_5
Find a book called Environment and Behavior .,5,6,1,0.99293065,6,OOD_Class_5
Play the red room sessions from chris cunningham,3,3,0,0.00011798393,6,OOD_Class_5
Play me a 2003 song by Charles Neidich,3,3,0,0.000106537285,6,OOD_Class_5
Can you search for Twilight Is Gone ?,5,5,1,0.00013979337,6,OOD_Class_5
What's the weather this month in Mozambique,2,2,0,0.00011219585,6,OOD_Class_5
Put this tune on my get your mind right playlist,0,0,0,0.00016481931,6,OOD_Class_5
Book a spot for one at a fish restaurant,1,1,0,0.0001156039,6,OOD_Class_5
I give The Savage Mind a rating of zero out of 6 points .,4,4,0,9.892253e-05,6,OOD_Class_5
Rate my current essay zero out of 6,4,4,0,9.1132475e-05,6,OOD_Class_5
Find the Son of Man show,5,5,1,0.000103759456,6,OOD_Class_5
Get soundtrack of Comprehensive Knowledge Archive Network,5,3,1,0.0069806552,6,OOD_Class_5
rate the current book series two out of 6 stars,4,4,0,9.320261e-05,6,OOD_Class_5
add the man who never lied to my current comedy top tracks,0,0,0,0.00016514577,6,OOD_Class_5
Rate Recovery Road a three,4,4,0,9.485391e-05,6,OOD_Class_5
find the photograph Among the Living,5,5,1,0.00018450084,6,OOD_Class_5
Show me the song Spiderman of the Rings,5,3,1,0.00022179198,6,OOD_Class_5
Can i see the Encounters ?,5,5,1,0.00015327513,6,OOD_Class_5
Can you please get me Come Away with Me show ?,5,5,1,0.0008636903,6,OOD_Class_5
Please play something on Iheart from artist Ari Gold last album,3,3,0,0.00012750688,6,OOD_Class_5
Can you add something by the artist Paul Cargnello to my Chill Tracks playlist,0,0,0,0.00015920831,6,OOD_Class_5
Find me Haunted Castle,5,5,1,0.00023434148,6,OOD_Class_5
give 4 points to this novel,4,4,0,9.7103584e-05,6,OOD_Class_5
Play The Lousy Dance trailer,5,3,1,9.7855074e-05,6,OOD_Class_5
What movies are playing one hour from now at Cooper Foundation ?,6,5,0,7.7570476e-05,6,OOD_Class_5
I want to add another album to the Scratchy Back Porch Blues playlist.,0,0,0,0.00016100614,6,OOD_Class_5
The boring Peace on Earth gets a two out of 6 .,4,4,0,0.000101466234,6,OOD_Class_5
Weather next year in Canada,2,2,0,0.00010959448,6,OOD_Class_5
Add artist to my Broken Heart,0,0,0,0.00015851183,6,OOD_Class_5
Find A New Machine,5,5,1,0.0012879653,6,OOD_Class_5
Find a video game called Peaches discography .,5,3,1,0.0069754175,6,OOD_Class_5
find a movie theatre showing The Tailor of Panama,6,5,0,8.54418e-05,6,OOD_Class_5
Make me a reservation at a fast food restaurant for elba and corina at a restaurant with parking,1,1,0,0.00011042112,6,OOD_Class_5
Book a jewish churrascaria in Minnesota for 9 people.,1,1,0,0.00011973974,6,OOD_Class_5
book rosalie stewart and evelyn at a restaurant,1,1,0,0.00010998005,6,OOD_Class_5
show freezing forcast now within the same area in North Dakota,2,2,0,0.000118381184,6,OOD_Class_5
Play my 70s Smash Hits playlist.,3,3,0,9.7375865e-05,6,OOD_Class_5
Where can I see the show Twentysomething,5,5,1,0.00011142471,6,OOD_Class_5
I gave The Hand of Zei series three of 6 stars,4,4,0,9.863377e-05,6,OOD_Class_5
show creativity in photograph of Grace Submerged,5,6,1,0.8256877,6,OOD_Class_5
Find the Check Please photograph .,5,5,1,0.00013013523,6,OOD_Class_5
Show me a video game made by TMPGEnc .,5,3,1,0.3605305,6,OOD_Class_5
What films are playing at Pacific Theatres,6,5,0,8.137278e-05,6,OOD_Class_5
Get me the Elvis' Christmas Album TV show .,5,5,1,0.00018595744,6,OOD_Class_5
How do I watch the television show Counting the Rosaries ?,5,5,1,0.000118504744,6,OOD_Class_5
Will it be cloudy in Guadeloupe next year,2,2,0,0.000106743304,6,OOD_Class_5
find the album Until the Whole World Hears,5,5,1,0.0004936506,6,OOD_Class_5
Is The Umbrellas of Cherbourg playing near me?,6,5,0,0.00011252068,6,OOD_Class_5
I want to watch The Original Recordings,5,5,1,0.000114562215,6,OOD_Class_5
Play me Memoirs of Modern Love Curious Age,5,3,1,9.68739e-05,6,OOD_Class_5
Find the album Orphan Girl at the Cemetery,5,5,1,0.0001560725,6,OOD_Class_5
play the movie I Want My MTV The Uncensored Story of the Music Video Revolution,5,3,1,0.000114671675,6,OOD_Class_5
Add Steve Jones to my chill list,0,0,0,0.00015044106,6,OOD_Class_5
Book a table for mamie and maria at a south tyrolean restaurant within walking distance from Fisk Av-69th St .,1,1,0,0.000101515114,6,OOD_Class_5
Find a video game called Merry Andrew .,5,3,1,0.0076195723,6,OOD_Class_5
What's the weather in Singapore,2,2,0,0.000113850394,6,OOD_Class_5
What's the weather supposed to be like in Elmer City,2,2,0,0.00011302004,6,OOD_Class_5
Please look up the Power and Love movie .,5,5,1,0.00013943184,6,OOD_Class_5
What are the movie times for Megaplex Theatres,6,5,0,9.5039424e-05,6,OOD_Class_5
show TV show named I Fell in Love with a Dead Boy,5,5,1,0.00028350344,6,OOD_Class_5
"Can you find me the work titled, A Little Curious ?",5,5,1,0.00031171425,6,OOD_Class_5
Can you get me the All Night Long 3 The Final Chapter novel ?,5,5,1,0.00031081893,6,OOD_Class_5
find the television show Birth of the Cool,5,5,1,0.00015438114,6,OOD_Class_5
"Book PM Park, Clear Lake, Iowa at 5 am for 6 people.",1,1,0,9.721678e-05,6,OOD_Class_5
Find the movie Splendor in the Grass,5,5,1,8.0895414e-05,6,OOD_Class_5
Please put the album onto fresh folk .,0,0,0,0.00015990374,6,OOD_Class_5
I'd like to eat at the Original Spanish Kitchen in North Carolina,1,1,0,0.00013246383,6,OOD_Class_5
Look for All Broken Up and Dancing which is a video game,5,5,1,0.00089311745,6,OOD_Class_5
I give the next essay 4 out of 6 points .,4,4,0,9.338446e-05,6,OOD_Class_5
Play  music from the thirties .,3,3,0,0.00012161011,6,OOD_Class_5
add the album to the Six string peacefulness playlist,0,0,0,0.00015881819,6,OOD_Class_5
play the top nineties melody by Gus G,3,3,0,0.00010810926,6,OOD_Class_5
I want to book Meriton Grand Hotel Tallinn in New Jersey for four people.,1,1,0,0.000118670076,6,OOD_Class_5
What is the weather like in Midfield Iowa today,2,2,0,0.000109703156,6,OOD_Class_5
Add the song to my R&B Movement playlist.,0,0,0,0.00016370427,6,OOD_Class_5
Find Live at Bonnaroo .,5,3,1,0.0006249993,6,OOD_Class_5
Find me the television show A City Sleeps,5,5,1,0.00011848852,6,OOD_Class_5
How chilly will it be at 093206 am in Moncove Lake State Park ?,2,2,0,0.00011407025,6,OOD_Class_5
I'd like to see Level Headed,5,5,1,0.0001422341,6,OOD_Class_5
Where can I find the painting RSS tracking,5,5,1,0.00012602095,6,OOD_Class_5
book a table for 6 at a restaurant in Nebraska,1,1,0,0.00010122518,6,OOD_Class_5
What will the weather be like in twenty two minutes at San Pasqual Battlefield State Historic Park,2,2,0,0.000111975154,6,OOD_Class_5
Find The Path to Power .,5,6,1,0.82238716,6,OOD_Class_5
"Can you locate the novel , Ismol Family",5,5,1,0.0005914058,6,OOD_Class_5
Is The Butcher Boy playing anywhere at supper time?,6,5,0,0.000109811044,6,OOD_Class_5
Can I get the showtimes for The Scarlet and the Black at 12 pm .,6,5,0,9.766628e-05,6,OOD_Class_5
look for the game Find Another Way,5,5,1,0.0004858961,6,OOD_Class_5
show creativity of The Force Behind the Power,5,5,1,0.20260774,6,OOD_Class_5
I want to see Everytime We Touch which is a painting,5,5,1,0.00016194643,6,OOD_Class_5
the horrible current essay gets only a 0 out of 6,4,4,0,0.00010550739,6,OOD_Class_5
"There's a famous painting called Thursday , do you have an image of it?",5,5,1,0.0013923619,6,OOD_Class_5
read the book Journal of the Bombay Natural History Society,5,5,1,0.0006421726,6,OOD_Class_5
play the video game The Genesis Machine,5,3,1,0.00014475525,6,OOD_Class_5
"I want to see the novel , The Green",5,5,1,9.726468e-05,6,OOD_Class_5
Find the movie schedules for Regal Entertainment Group .,6,5,0,8.201132e-05,6,OOD_Class_5
find a television show called Sensation Comics,5,5,1,0.00012711913,6,OOD_Class_5
Where can I watch the television show You Make Me Hate Music,5,5,1,0.00013422055,6,OOD_Class_5
Can you please find me the saga Chump Change ?,5,5,1,0.00017708384,6,OOD_Class_5
Add Joey Fatone to my Spotlight on Country 2016 playlist,0,0,0,0.00016799546,6,OOD_Class_5
I'm looking for a table of eight at The Alley .,1,1,0,0.000153883,6,OOD_Class_5
show creative video game The Boat Is Full,5,5,1,0.0004851852,6,OOD_Class_5
"book a spot for five at a brasserie on jan. 7, 2023",1,1,0,0.00010743931,6,OOD_Class_5
Where can I find the picture the Japanese Lovesong near me?,5,5,1,0.00014321148,6,OOD_Class_5
"Can you please look up the TV series , An Experiment with Time ?",5,5,1,0.00014695038,6,OOD_Class_5
is it going to be cold at 4 o'clock far from here ?,2,2,0,0.00010406607,6,OOD_Class_5
add tune to African Heat,0,0,0,0.00015982972,6,OOD_Class_5
play Hora Din Moldova by Yamazaki Maso,3,3,0,0.00012358448,6,OOD_Class_5
Tell me when it will be hotter in China,2,2,0,0.00012756522,6,OOD_Class_5
I would like reservations to a popular pub in Burkina for 10 people.,1,1,0,0.00011138423,6,OOD_Class_5
"What's the weather forecast for Winnfield , Georgia ?",2,2,0,0.0001116483,6,OOD_Class_5
Rate Measuring the World one points,4,4,0,8.962995e-05,6,OOD_Class_5
Please tell me the current and local movie times,6,5,0,7.726668e-05,6,OOD_Class_5
Rate The Hard Life 0 stars,4,4,0,9.672589e-05,6,OOD_Class_5
"What's the forecast for Fort Payne , AMerican Samoa this march twentieth ?",2,2,0,0.000103561135,6,OOD_Class_5
find The World Is a Game,5,5,1,0.009474664,6,OOD_Class_5
Add this album to my orgánica playlist.,0,0,0,0.0001589766,6,OOD_Class_5
rate this chronicle 0 points,4,4,0,9.0334135e-05,6,OOD_Class_5
I want to book a brasserie for 3 people in Netherlands Antilles .,1,1,0,0.000113028764,6,OOD_Class_5
When and where is DistroWatch playing,5,5,1,9.709792e-05,6,OOD_Class_5
Find a show called Time Is Just the Same .,5,5,1,0.00016965001,6,OOD_Class_5
Looking for the photograph the Crimson Climax,5,5,1,0.0001536231,6,OOD_Class_5
add the song to my We Everywhere playlist,0,0,0,0.0001523659,6,OOD_Class_5
Please search for The Legend of Korra book .,5,5,1,0.001106559,6,OOD_Class_5
I'd like to see movie times at Santikos Theatres,6,5,0,0.00010156473,6,OOD_Class_5
rate Until I Find You four points,4,4,0,9.006915e-05,6,OOD_Class_5
I'd like to hear the song Impractical Jokers UK,5,3,1,9.910772e-05,6,OOD_Class_5
Give Grand Conspiracy zero out of 6 points .,4,4,0,9.347597e-05,6,OOD_Class_5
Where can I see the show Latin for Lovers ?,5,5,1,0.000104684885,6,OOD_Class_5
Play me the song Aap To Aise Na The .,5,3,1,0.00015306483,6,OOD_Class_5
Find a picture of A Breed Apart,5,6,1,0.94652617,6,OOD_Class_5
Add teriazume to the nação reggae playlist,0,0,0,0.00016981053,6,OOD_Class_5
"Play the playlist, A Mis Niños de 30 .",3,3,0,9.022792e-05,6,OOD_Class_5
this chronicle rates a one for First Contact ?,4,4,0,9.4850446e-05,6,OOD_Class_5
Please make reservations for three at a kosher taverna nearby our secondary residence,1,1,0,0.00012573197,6,OOD_Class_5
book John Pearson Soda Works restaurant on 7/27/2036,1,1,0,8.2348015e-05,6,OOD_Class_5
Find an art called Cassidy .,5,5,1,0.019489847,6,OOD_Class_5
what is the Poland forecast for next January,2,2,0,0.00010664056,6,OOD_Class_5
Play music from the album Evolution Of A Man by Joey Ramone,3,3,0,0.00013027508,6,OOD_Class_5
Please search for the Journal of Official Statistics show .,5,5,1,0.018424682,6,OOD_Class_5
Can you find me the Back When I Knew It All album ?,5,5,1,0.00018162215,6,OOD_Class_5
Is F.I.S.T. at Malco Theatres,6,5,0,8.9719266e-05,6,OOD_Class_5
Find me the book with the title of The Rainwater LP,5,5,1,0.00039728777,6,OOD_Class_5
Add So Far to my Retrovisor playlist.,0,0,0,0.00017358127,6,OOD_Class_5
Do you know if it will be chilly today in Puerto Rico,2,2,0,0.00012065926,6,OOD_Class_5
"find ArcIMS , a picture",5,5,1,0.0004496819,6,OOD_Class_5
Where to get painting of The Man in the White Suit,5,5,1,0.00042877166,6,OOD_Class_5
I'm looking for the movie called The Beast that Shouted Love at the Heart of the World .,5,5,1,0.00014105282,6,OOD_Class_5
How can I watch the television show Tinker Bell and the Legend of the NeverBeast ?,5,5,1,0.00013179917,6,OOD_Class_5
Give A Human Being Died That Night 3 stars,4,4,0,0.000108857435,6,OOD_Class_5
What is the movie schedule,6,5,0,7.6144046e-05,6,OOD_Class_5
I give the following album a zero .,4,4,0,9.853621e-05,6,OOD_Class_5
I need to book a table at The Star Inn that's within walking distance from my place in Ashland,1,1,0,0.0001139011,6,OOD_Class_5
search for the painting Hess A Biography,5,5,1,0.0002012809,6,OOD_Class_5
find NHL on Fox,5,5,1,0.00018471244,6,OOD_Class_5
I'm looking for the album called Disorderly Conduct Video on Patrol,5,3,1,0.0037301881,6,OOD_Class_5
play a tune from 1962,3,3,0,0.000119023774,6,OOD_Class_5
Book a bar with a pool in Mountain Iron .,1,1,0,8.8528264e-05,6,OOD_Class_5
"What will the weather be in Dane on sep. the fifth, 2030 ?",2,2,0,0.000102555125,6,OOD_Class_5
show creativity of Adobe AIR,5,5,1,0.25947976,6,OOD_Class_5
play classic rock on Slacker,3,3,0,0.00010022928,6,OOD_Class_5
Can I see the TV show The Closer I Get ?,5,5,1,9.401895e-05,6,OOD_Class_5
Play some Last Fm music like the 1992 ep from Peaches,3,3,0,0.000109062756,6,OOD_Class_5
Look up Three Fantastic Dances,5,5,1,0.0002129264,6,OOD_Class_5
Find the Exile and the Kingdom,5,5,1,0.00015108555,6,OOD_Class_5
Please get me The Sacred and Profane Love Machine game .,5,5,1,0.0016680503,6,OOD_Class_5
rate this book 0 out of 6,4,4,0,9.033492e-05,6,OOD_Class_5
show the creativity of Where What When,5,5,1,0.0011268464,6,OOD_Class_5
Book a restaurant for 9 at 0037 PM,1,1,0,9.000615e-05,6,OOD_Class_5
I'd like to see Apartment Hunting .,5,5,1,0.00016751286,6,OOD_Class_5
Show me a photograph called The Daily Slovak News,5,5,1,0.0014732663,6,OOD_Class_5
rate Neverwhere four out of 6,4,4,0,9.719929e-05,6,OOD_Class_5
this series should get 0 of 6 points,4,4,0,0.00010612417,6,OOD_Class_5
What will the weather be in NM in 1 minute,2,2,0,0.00010789719,6,OOD_Class_5
Find a novel called Twins of Evil .,5,5,1,0.0993332,6,OOD_Class_5
Play Kaori Mochida 's most popular music on Google Music .,3,3,0,0.000110943925,6,OOD_Class_5
this horrible essay gets zero out of 6 stars,4,4,0,0.000102762875,6,OOD_Class_5
Check the forecast for Orson for around 9 PM,2,2,0,0.00011340359,6,OOD_Class_5
"What are the weather conditions going to be like in Manhasset , Vermont on Dec. the 6th, 2036 ?",2,2,0,0.000112634734,6,OOD_Class_5
Show me the trailer A Self Made Hero,5,5,1,0.0002813819,6,OOD_Class_5
What time is Trouble Every Day playing,6,5,0,8.927974e-05,6,OOD_Class_5
What Are the showings for The Natural History of Parking Lots movie house,6,5,0,0.0001079042,6,OOD_Class_5
Weather for this Winter here,2,2,0,0.00010135908,6,OOD_Class_5
Can you pull up Queen of the Organ,5,3,1,9.6270705e-05,6,OOD_Class_5
I am looking for a creative work called Something Warm,5,0,1,0.098983355,6,OOD_Class_5
Play some music from 1989 by Sanjeev Abhyankar .,3,3,0,0.0001262042,6,OOD_Class_5
Add genocide to electronic bliss,0,0,0,0.0001811102,6,OOD_Class_5
Need a table for a party of 3 in Laos at a Theme restaurant,1,1,0,0.00013177027,6,OOD_Class_5
Where can I see Travelling Light ?,6,5,0,0.00011598867,6,OOD_Class_5
I want to watch the television show New Astronomy,5,5,1,0.00014716628,6,OOD_Class_5
Play some space music on Google Music,3,3,0,0.00011407512,6,OOD_Class_5
find a television show called Tiny Dancer,5,5,1,0.000111850364,6,OOD_Class_5
add this matt bachand tune to pure rock & roll,0,0,0,0.00015416223,6,OOD_Class_5
"Where can I see the television show , Jimmy Two-Shoes ?",5,5,1,9.50349e-05,6,OOD_Class_5
"I'd give With Lee in Virginia, A Story of the American Civil War chronicle 4 of 6",4,4,0,9.882547e-05,6,OOD_Class_5
Add I Messed Up to Hit Rewind,0,0,0,0.00019736144,6,OOD_Class_5
find the video game The Sims 3 Generations,5,5,1,0.0017422278,6,OOD_Class_5
I want the video game Two More Years,5,5,1,0.0012280155,6,OOD_Class_5
Bombshells saga download,5,3,1,0.00028669654,6,OOD_Class_5
I'm looking for an album called The Orchestrion Project .,5,0,1,0.007172623,6,OOD_Class_5
Play me the most popular Lillian Hardin song on Itunes,3,3,0,0.00010265621,6,OOD_Class_5
put this song on my NTC High Intensity Training Tracks playlist,0,0,0,0.00017005266,6,OOD_Class_5
Find me the soundtrack Live at the Greek Theatre,5,3,1,0.00091247115,6,OOD_Class_5
is there a program about The Last Flight ?,5,5,1,0.0015262042,6,OOD_Class_5
Tell me the forecast for 6 am in Tatra-Nationalpark,2,2,0,0.00012638698,6,OOD_Class_5
Please get me the British Journal of Dermatology game .,5,5,1,0.3411431,6,OOD_Class_5
What time is The Bride Wore Boots playing,6,5,0,8.772669e-05,6,OOD_Class_5
"I need to book a table at a bar in Micronesia for tia, madeline and estela",1,1,0,0.00011030912,6,OOD_Class_5
Show the movie schedule,6,5,0,7.7873425e-05,6,OOD_Class_5
Would like to find the trailer for An Experiment with Time,5,5,1,0.00028055653,6,OOD_Class_5
Look for the television show Meet the Prince,5,5,1,0.00011208451,6,OOD_Class_5
What's the forecast for AL twenty one minutes from now ?,2,2,0,0.00010037464,6,OOD_Class_5
Please search the An Introduction to Karl Marx painting .,5,0,1,0.2588154,6,OOD_Class_5
search for the trailer for The Office,5,5,1,0.00019297666,6,OOD_Class_5
Play The New Retro playlist on Netflix .,3,3,0,0.00010305673,6,OOD_Class_5
Show Family Plot,5,5,1,0.0004390887,6,OOD_Class_5
Look up The Brave Archer 2,5,5,1,0.0007164573,6,OOD_Class_5
I want to see the trailer for Australian Economic History Review,5,5,1,0.00010508582,6,OOD_Class_5
Where can I view the picture of Workin’ with the Miles Davis Quintet,5,5,1,0.00043522593,6,OOD_Class_5
Please help me find the video game John Michael Montgomery discography .,5,5,1,0.0010583323,6,OOD_Class_5
Where can I listen to the soundtrack of Gibraltar Britain in the Sun,5,3,1,0.00011087961,6,OOD_Class_5
find Chant Down Babylon The Island Anthology,5,3,1,0.0010521038,6,OOD_Class_5
Look for the Itv.com song,5,5,1,0.00049081363,6,OOD_Class_5
I'd like to see the book City University of Hong Kong Law Review,5,5,1,9.957618e-05,6,OOD_Class_5
Rate The Simon & Schuster Encyclopedia of Dinosaurs and Prehistoric Creatures 0 points .,4,4,0,0.00011598932,6,OOD_Class_5
I'd like to play the album Clarke,5,3,1,0.00010437193,6,OOD_Class_5
Find movie times .,6,5,0,8.4283245e-05,6,OOD_Class_5
find Saison 7 de Sons of Anarchy,5,5,1,0.00024383553,6,OOD_Class_5
"find Love Will Tear Us Apart , a photograph",5,5,1,0.00024661256,6,OOD_Class_5
Tell me if it will rain on 4/19/2030 in Angola,2,2,0,0.00011013066,6,OOD_Class_5
Reservea  table for five people on september second in Gabon .,1,1,0,0.00013007024,6,OOD_Class_5
Help me find the work titled SingStar Take That,5,5,1,0.0018685998,6,OOD_Class_5
Where can I find Conduct Unbecoming ?,5,5,1,0.0009814037,6,OOD_Class_5
Looking for a creative work called Plant Ecology,5,6,1,0.96448386,6,OOD_Class_5
I would like a cafeteria at 104151 am for seven,1,1,0,0.00010340775,6,OOD_Class_5
I give The Thibaults a 1 .,4,4,0,0.00010499401,6,OOD_Class_5
Where can I find information on Brats in Battalions ?,5,6,1,0.56848276,6,OOD_Class_5
Locate the best pub in Apache Junction,1,1,0,8.463154e-05,6,OOD_Class_5
Is it hot in Zephyrhills ?,2,2,0,0.00011186404,6,OOD_Class_5
Add ross the boss to laurie's listas de éxitos list,0,0,0,0.0001806706,6,OOD_Class_5
Find a TV show called The Extraordinary .,5,5,1,0.00016429755,6,OOD_Class_5
book a caucasian serving steakhouse for 4 in Saint Pierre and Miquelon,1,1,0,9.287194e-05,6,OOD_Class_5
Want to play Christina Schollin Lastfm,3,3,0,9.246381e-05,6,OOD_Class_5
Play music by Deenanath Mangeshkar,3,3,0,0.00012970282,6,OOD_Class_5
find The Good Wife,5,5,1,0.000109262895,6,OOD_Class_5
Look for the Learning & Behavior picture,5,6,1,0.9758841,6,OOD_Class_5
Is it going to be rainy here one second from now,2,2,0,9.438498e-05,6,OOD_Class_5
Make a reservation for eunice thompson and elisa martin in the Virgin Islands in one minute .,1,1,0,0.00013092514,6,OOD_Class_5
Show me the song 15 Storeys High,5,3,1,0.00060608966,6,OOD_Class_5
Find Later That Evening,5,5,1,0.00016121024,6,OOD_Class_5
I need the movie Kids in Love at the movie house,6,5,0,8.971977e-05,6,OOD_Class_5
add space cowboy to my the funny thing about football is playlist,0,0,0,0.00017206145,6,OOD_Class_5
Find a picture called Battlefield Network .,5,6,1,0.9879068,6,OOD_Class_5
Show Force of Nature,5,6,1,0.69526124,6,OOD_Class_5
I need a reservation for an indoor restaurant in China,1,1,0,0.00010636504,6,OOD_Class_5
Find Pursuit of Radical Rhapsody,5,5,1,0.00022640401,6,OOD_Class_5
What is the Michael Moore Is a Big Fat Stupid White Man video game ?,5,5,1,0.002131814,6,OOD_Class_5
Can you find me the ALMOST HUMAN painting ?,5,5,1,0.00019270013,6,OOD_Class_5
Can you find me the SchoolTool picture ?,5,5,1,0.0001013645,6,OOD_Class_5
find a picture called How Much Wood Would a Woodchuck Chuck,5,5,1,0.008889584,6,OOD_Class_5
Like to book a seat in Monaco for the Yankee Doodle Coffee Shop,1,1,0,9.5463474e-05,6,OOD_Class_5
What's the weather in Belize close to ten pm,2,2,0,0.00010779189,6,OOD_Class_5
Find movie schedules for animated movies around here .,6,5,0,8.9983194e-05,6,OOD_Class_5
book a spot for 9 in thirty three days at Ringlestone Inn close to Grenada,1,1,0,9.089414e-05,6,OOD_Class_5
Find a video game called No Parking on the Dance Floor .,5,5,1,0.004106619,6,OOD_Class_5
I need to find the creative work Burn Baby Burn,5,5,1,0.0002939059,6,OOD_Class_5
What's the forecast for Castolon in French Southern Territories around seven PM ?,2,2,0,0.00010335858,6,OOD_Class_5
rate this novel 4 out of 6,4,4,0,9.356742e-05,6,OOD_Class_5
Is there going to be a depression in Point Washington State Forest,2,2,0,0.00011878783,6,OOD_Class_5
give 5 points to current novel,4,4,0,9.691449e-05,6,OOD_Class_5
"find Hope & Other Sins , a TV show",5,5,1,0.00017695701,6,OOD_Class_5
Play The Crowd A Study of the Popular Mind soundtrack,5,3,1,0.000106896434,6,OOD_Class_5
Add a song to my playlist Impulso Creativo,0,0,0,0.0001653918,6,OOD_Class_5
Give Physics of the Impossible four points .,4,4,0,0.0001186251,6,OOD_Class_5
where's the nearest movie house showing foreign films,6,5,0,8.129296e-05,6,OOD_Class_5
Show me a picture called Heart Like a Hurricane,5,6,1,0.9622589,6,OOD_Class_5
"book a latin cuisine pub for 2 on September the 13th, 2037 in Kazakhstan",1,1,0,8.731614e-05,6,OOD_Class_5
Find a TV series called Dirty Politics .,5,5,1,0.00020248268,6,OOD_Class_5
show me the schedule of movie Warning from Space closest to movie house,6,5,0,8.577786e-05,6,OOD_Class_5
Looking for the picture with the name of Who Made Stevie Crye ?,5,5,1,0.0004218344,6,OOD_Class_5
Looking for novel Build Engine,5,6,1,0.9879888,6,OOD_Class_5
Play me a top-ten song by Phil Ochs on Groove Shark,3,3,0,0.00012066183,6,OOD_Class_5
Is it supposed to be hotter today in IL,2,2,0,0.00012638803,6,OOD_Class_5
Search for Another Cinderella Story,5,5,1,0.0002182679,6,OOD_Class_5
Look up the television show called Monster Mash,5,5,1,0.00013743307,6,OOD_Class_5
Rate Secret Weapon a four,4,4,0,9.597302e-05,6,OOD_Class_5
Find the movie CURL,5,5,1,8.378898e-05,6,OOD_Class_5
Show the My World 2.0 photograph,5,5,1,0.115785435,6,OOD_Class_5
Show The Blue Meaning television show,5,5,1,0.00018012081,6,OOD_Class_5
Rate Canto for a Gypsy two of 6 stars,4,4,0,9.6254764e-05,6,OOD_Class_5
What cinema is playing Great Guy,6,5,0,8.249296e-05,6,OOD_Class_5
play an Masaki Aiba tune,3,3,0,0.00010315763,6,OOD_Class_5
I feel that The Loveday Trials is rated at a one out of 6 points .,4,4,0,9.8152814e-05,6,OOD_Class_5
Look up The Dock of the Bay show,5,5,1,9.365246e-05,6,OOD_Class_5
Add a track to Fusion Fest,0,0,0,0.00018271178,6,OOD_Class_5
I'd like to watch The Freckled Fish at 004743 at Magic Johnson Theatres,6,5,0,8.9020126e-05,6,OOD_Class_5
Could I download Chavez Inside the Coup ?,5,3,1,0.010632382,6,OOD_Class_5
book a highly rated restaurant in Central African Republic for 5 people on sep. the second,1,1,0,9.1841845e-05,6,OOD_Class_5
What animated movies are there nearby ?,6,5,0,8.850144e-05,6,OOD_Class_5
find the trailer for Hotel on the Corner of Bitter and Sweet,5,1,1,0.000111917565,6,OOD_Class_5
Is fog forecast close-by to Pakistan ?,2,2,0,0.000104884275,6,OOD_Class_5
Start playing my Disney playlist.,3,3,0,0.00010796144,6,OOD_Class_5
Find time for the movie schedule at Cineplex Odeon Corporation,6,5,0,8.105504e-05,6,OOD_Class_5
add john brown to my Dinnertime Acoustics,0,0,0,0.00015636059,6,OOD_Class_5
I want to listen to the soundtrack Bed of Roses,5,3,1,0.00012571373,6,OOD_Class_5
I give The Logic of Sense a zero,4,4,0,0.000105713356,6,OOD_Class_5
I rate the book You Only Live Twice two points,4,4,0,9.998655e-05,6,OOD_Class_5
"Tell me the weather forecast for Alexander , SD",2,2,0,0.00012244104,6,OOD_Class_5
Show me the album Three Songs About Lenin,5,5,1,0.0017900388,6,OOD_Class_5
Where is Winterheart’s Guild,5,5,1,0.0002821236,6,OOD_Class_5
what is the storm forecast in the same area of Honduras,2,2,0,0.00011809619,6,OOD_Class_5
"Will it be chilly in Penuelas Indonesia on Nov. 26th, 2030",2,2,0,0.000106430554,6,OOD_Class_5
I want to book a reservation within the same area of AMelia Court House for 4 .,1,1,0,9.496925e-05,6,OOD_Class_5
what movies are playing in the area ?,6,5,0,7.681713e-05,6,OOD_Class_5
I want to watch the show Food Force,5,5,1,0.00012490698,6,OOD_Class_5
Where can I find The World According to Paris ?,5,5,1,0.00014248355,6,OOD_Class_5
find a soundtrack called The Spanish Jade,5,3,1,0.00010194723,6,OOD_Class_5
I'm wondering when I can see Beating Heart at the nearest cinema .,6,5,0,8.729951e-05,6,OOD_Class_5
I want to listen to the song The Loving Spirit,5,3,1,0.000116779775,6,OOD_Class_5
When is The Outer Space Connection playing at the nearest cinema .,6,5,0,9.513234e-05,6,OOD_Class_5
Show me the photograph of Minutes to Midnight,5,5,1,0.16844556,6,OOD_Class_5
Can you find the book Beatmania IIDX 10th Style,5,5,1,0.00023065544,6,OOD_Class_5
When is Cooper Foundation on the movie schedule ?,6,5,0,9.40234e-05,6,OOD_Class_5
Play some Laurie Anderson .,3,3,0,0.00012119492,6,OOD_Class_5
in one hour find King of Hearts,6,5,0,0.00013061153,6,OOD_Class_5
Add this tune to the Spinnin' Records Top 100 list,0,0,0,0.00015536917,6,OOD_Class_5
find a painting called Screen Souvenirs,5,5,1,0.00033109385,6,OOD_Class_5
What will the weather be in Lamar ?,2,2,0,0.00010275546,6,OOD_Class_5
Find the Via Dolorosa Songs of Redemption saga,5,5,1,0.0007450955,6,OOD_Class_5
play some Kansas Joe Mccoy,3,3,0,0.000113906994,6,OOD_Class_5
Can I hear the song Visual Audio Sensory Theater ?,5,3,1,0.000104625695,6,OOD_Class_5
where is The Country Bears playing,6,5,0,9.776482e-05,6,OOD_Class_5
I'd like to eat at an outdoor restaurant,1,1,0,0.00011302379,6,OOD_Class_5
Rate this album zero of 6,4,4,0,8.9195164e-05,6,OOD_Class_5
Book a bakery with smoking room for nine in Niger .,1,1,0,0.00011224409,6,OOD_Class_5
add tune to my this is john williams playlist,0,0,0,0.00014482005,6,OOD_Class_5
I want to the latest ballad from Ira Losco,3,3,0,0.00013367536,6,OOD_Class_5
find films in 12 hours at the nearest movie theatre,6,5,0,7.9255035e-05,6,OOD_Class_5
What are the movie times,6,5,0,8.2895465e-05,6,OOD_Class_5
please add Secrets of the Alibi to the playlist called keep calm,0,0,0,0.00017139319,6,OOD_Class_5
Where to watch television show Linger Awhile Live at Newport and More,5,5,1,0.00011587097,6,OOD_Class_5
Search for the game Difficult Loves,5,5,1,0.00017867058,6,OOD_Class_5
Find a novel called Testing Anywhere .,5,6,1,0.43152803,6,OOD_Class_5
Anything close to Smith-9th St that can seat two people about one minute from now ?,1,1,0,0.00011177935,6,OOD_Class_5
find the game Selling Blue Elephants,5,5,1,0.00010305803,6,OOD_Class_5
Add Tony McGuinness to my playlist I Love My 90s Hip Hop,0,0,0,0.00015014962,6,OOD_Class_5
read the Background to Danger book,5,0,1,0.020782936,6,OOD_Class_5
Please get me The National Medical Journal of India game .,5,5,1,0.013610567,6,OOD_Class_5
Find movie times for nine PM .,6,5,0,8.486086e-05,6,OOD_Class_5
Search for Innocence from Hell,5,3,1,0.0007773058,6,OOD_Class_5
"Book a reservation for 1 at PM Park, Clear Lake, Iowa in Mongolia in 1 hour",1,1,0,9.251007e-05,6,OOD_Class_5
"Book me a reservation at a burger joint close-by Choate on july 16th, 2022",1,1,0,0.00010439532,6,OOD_Class_5
Find me the novel titled Fertile Ground,5,5,1,0.0035142559,6,OOD_Class_5
I want to hear some twenties music off of Deezer,3,3,0,0.00013342735,6,OOD_Class_5
Please search the Live from Leeds album .,5,3,1,0.00062339555,6,OOD_Class_5
I'd like to watch Miss Congeniality,5,5,1,0.000120837176,6,OOD_Class_5
add this tune by Nokio the N Tity to my this is bb king playlist,0,0,0,0.00015529424,6,OOD_Class_5
Find an album called List of Re Hamatora episodes .,5,0,1,0.005473322,6,OOD_Class_5
Is it freezing near Medley ?,2,2,0,9.447472e-05,6,OOD_Class_5
What is the weather in Sint Maarten,2,2,0,0.00011067058,6,OOD_Class_5
Play a trailer for Give It All,5,3,1,0.00010204601,6,OOD_Class_5
play some dream music,3,3,0,0.000117008385,6,OOD_Class_5
Show the Glass Cloud – Single TV series,5,5,1,0.00050049735,6,OOD_Class_5
find The Valentyne Suite,5,5,1,0.00023771456,6,OOD_Class_5
What is the current temperature here,2,2,0,0.00014356316,6,OOD_Class_5
I'm looking for the trailer to Evil or Divine - Live in New York City .,5,5,1,0.00016824224,6,OOD_Class_5
Find LaserLight .,5,5,1,0.0033672147,6,OOD_Class_5
Include When I Paint My Masterpiece in my Acoustic Spring playlist.,0,0,0,0.00016963264,6,OOD_Class_5
search for television show Windows Live TV,5,5,1,0.00016192865,6,OOD_Class_5
Show Acta Mathematicae Applicatae Sinica TV show,5,5,1,0.0009937192,6,OOD_Class_5
"I'd like to book at a place in AR , looking for an oyster bar that is indoor and can accommodate a party of eight that is also within walking distance .",1,1,0,0.00014039387,6,OOD_Class_5
Find the photograph A Little Less Sixteen Candles,5,5,1,0.00019803483,6,OOD_Class_5
Show me It Might as Well Rain Until September,5,2,1,0.0001432083,6,OOD_Class_5
Rate my current book four points out of 6,4,4,0,8.704373e-05,6,OOD_Class_5
Play 2004 Guy Sebastian on Itunes,3,3,0,9.8771205e-05,6,OOD_Class_5
What's the forecast for Gamaliel,2,2,0,0.000109593675,6,OOD_Class_5
Show the Soonchild painting,5,5,1,0.0005853608,6,OOD_Class_5
Where can I  get Lahore,5,1,1,0.0009911505,6,OOD_Class_5
What is A Romance of the Halifax Disaster,5,5,1,0.0467052,6,OOD_Class_5
Find a song called Bronco Billy .,5,3,1,0.00012510168,6,OOD_Class_5
Book a restaurant in Mauritania for 1 person.,1,1,0,0.00010729901,6,OOD_Class_5
Will it be chillier in La Mesa ?,2,2,0,0.00010215278,6,OOD_Class_5
rate The Sail and Steam Navy List 5 stars,4,4,0,9.494745e-05,6,OOD_Class_5
What's the weather 1 minute from now in Mount Nimba Strict Nature Reserve,2,2,0,0.000106327025,6,OOD_Class_5
I give the next textbook a 2 .,4,4,0,0.00010509664,6,OOD_Class_5
add album to Ultra Metal,0,0,0,0.00016006414,6,OOD_Class_5
I want to watch the TV series Krieg in Chinatown,5,5,1,0.0001284917,6,OOD_Class_5
party of two for a food truck on december 22 that serves chicken french in Bolivia,1,1,0,0.00010670218,6,OOD_Class_5
Find The 180 .,5,5,1,0.00017941695,6,OOD_Class_5
Where can I purchase a copy of the photograph on the front page of today's Jacksonville Daily Progress ?,5,5,1,0.00031147996,6,OOD_Class_5
Show me the album Apache Axis2,5,3,1,0.0011762273,6,OOD_Class_5
Give the current saga a three,4,4,0,9.89222e-05,6,OOD_Class_5
Play Shinji Miyazaki 's music on netflix,3,3,0,0.00011269016,6,OOD_Class_5
Find The American Journal of Economics and Sociology .,5,5,1,0.0072075604,6,OOD_Class_5
Please get me the Critical Condition show .,5,5,1,0.00097082043,6,OOD_Class_5
What is the weather forecast for Nicaragua,2,2,0,0.000117866686,6,OOD_Class_5
I'd like a table for Midday at The Unseen Bean,1,1,0,0.00012970954,6,OOD_Class_5
At four pm . I need a table for 8 at a restaurant in Guernsey that serves salade .,1,1,0,0.00012377588,6,OOD_Class_5
Rate current novel two stars,4,4,0,9.606704e-05,6,OOD_Class_5
I rate Mosses from an Old Manse a 0,4,4,0,9.5877425e-05,6,OOD_Class_5
Show me The Atrocity Exhibition,5,5,1,0.0006136453,6,OOD_Class_5
Find Returned to Your Mind .,5,5,1,0.007268315,6,OOD_Class_5
For the saga Magic in Ithkar 2 I give two stars,4,4,0,0.000102261896,6,OOD_Class_5
find a TV show called Ride the Wind,5,5,1,0.00012820367,6,OOD_Class_5
play the movie Post Inferno Soundtrack,5,3,1,0.00010076896,6,OOD_Class_5
book a table for 4 at Fish Express,1,1,0,0.0001224639,6,OOD_Class_5
Want a work called Walk the River,5,1,1,0.0093976995,6,OOD_Class_5
add this song onto hip hop gaming playlist,0,0,0,0.00016668897,6,OOD_Class_5
Will there be a blizzard at a 4 AM in Sky Valley,2,2,0,0.00010295416,6,OOD_Class_5
I give The Alchemyst The Secrets of the Immortal Nicholas Flamel 2 out of 6 stars .,4,4,0,0.00010117006,6,OOD_Class_5
Give this essay one star out of 6,4,4,0,9.457777e-05,6,OOD_Class_5
find the TV series The Parent Trap IV Hawaiian Honeymoon,5,5,1,0.00015786348,6,OOD_Class_5
what will the weather be for Hooksett,2,2,0,0.00010037504,6,OOD_Class_5
Please look up The Immortals television show .,5,5,1,0.00017157648,6,OOD_Class_5
What time is Tasher Desh playing at the nearest movie house,6,5,0,8.042502e-05,6,OOD_Class_5
Where can I find the picture of House Foundation,5,5,1,0.00019969736,6,OOD_Class_5
find Karol The Pope,5,5,1,0.00014334016,6,OOD_Class_5
I want to see the TV show Cause & Effect,5,5,1,0.00015183447,6,OOD_Class_5
play the Caps Lock trailer,5,3,1,9.8525e-05,6,OOD_Class_5
Will it be warm neighboring here in Whitehouse ?,2,2,0,0.00010884559,6,OOD_Class_5
Play playlist Chilled R&B,3,3,0,9.1283866e-05,6,OOD_Class_5
I need a table at a restaurant in Texas for kelley and suzette,1,1,0,0.000106079446,6,OOD_Class_5
Find a TV series called The Golden Hits of Sandie Shaw .,5,5,1,0.00016624949,6,OOD_Class_5
Find me The Rise and Fall of the Great Lakes saga .,5,5,1,0.11987823,6,OOD_Class_5
Rate this album two out of 6 stars,4,4,0,9.466993e-05,6,OOD_Class_5
I'd like to book a table at a restaurant for a group of 4,1,1,0,0.000105666906,6,OOD_Class_5
play a symphony that is good from 2000,3,3,0,0.00010235434,6,OOD_Class_5
Please search the Woodsmen of the West .,5,5,1,9.5576834e-05,6,OOD_Class_5
Get me the Secret South song .,5,3,1,0.00030043197,6,OOD_Class_5
Where can I buy a photograph called Feel the Love ?,5,5,1,0.0004270282,6,OOD_Class_5
find the photograph Canaich,5,5,1,0.00015757007,6,OOD_Class_5
add song to Trap Land,0,0,0,0.00015666321,6,OOD_Class_5
What cinema has the closest movies,6,5,0,9.051112e-05,6,OOD_Class_5
Can you find me the Stand Proud book ?,5,5,1,0.00014642972,6,OOD_Class_5
Add Buddy DeSylva to my this is j balvin playlist,0,0,0,0.00014832838,6,OOD_Class_5
Add the entire album into indie español,0,0,0,0.0001542343,6,OOD_Class_5
Include Hermann Baumann in my Texas Red Dirt list,0,0,0,0.0001494075,6,OOD_Class_5
book a delicatessen that is indoor for 3,1,1,0,0.000111939495,6,OOD_Class_5
play some songs from the fourties by yoshiki fukuyama,3,3,0,0.00013174457,6,OOD_Class_5
Give four points to Leven Thumps and the Gateway to Foo,4,4,0,9.9696015e-05,6,OOD_Class_5
Weather for East Peru Bolivia 3 years and a half from now,2,2,0,0.00010684608,6,OOD_Class_5
play the song Memories Are My Only Witness,5,3,1,0.00011832533,6,OOD_Class_5
Play a concerto top ten sort by Lloyd .,3,3,0,0.00011407301,6,OOD_Class_5
Find me the novel with the name To Lose My Life …,5,5,1,0.00255338,6,OOD_Class_5
find the trailer Platinum In Da Ghetto,5,5,1,0.000110301466,6,OOD_Class_5
"this winter , meredith, betty and erika want to food at a gastropub that is in the same area as fran's location .",1,1,0,0.00021477658,6,OOD_Class_5
I'd like to put Ryō Yamazaki onto my sylvia plath playlist.,0,0,0,0.00016202158,6,OOD_Class_5
I need a reservation for National Coney Island with a party of 8 in NV,1,1,0,0.000107967164,6,OOD_Class_5
I want to read the book Crash Landing,5,5,1,0.001396936,6,OOD_Class_5
I'd like to watch A Storm in the Stars at North American Cinemas,6,5,0,8.695712e-05,6,OOD_Class_5
What's the weather in Gabon,2,2,0,0.00010768654,6,OOD_Class_5
Where can I see the trailer for Phineas Redux ?,5,5,1,9.238587e-05,6,OOD_Class_5
I would like to book a restaurant in Tanzania that is within walking distance for my mom and I,1,1,0,0.00012944586,6,OOD_Class_5
find the game Saturday Review,5,5,1,0.00015566427,6,OOD_Class_5
give five out of 6 to this novel,4,4,0,9.476283e-05,6,OOD_Class_5
Show me the book Pokémon The Johto Journeys,5,5,1,0.0009148589,6,OOD_Class_5
movie schedules at Southern Theatres,6,5,0,7.2941206e-05,6,OOD_Class_5
Rate the current novel a 0 out of 6 points,4,4,0,9.0954476e-05,6,OOD_Class_5
Find the photograph The Remix please,5,5,1,0.0002847576,6,OOD_Class_5
Book a restaurant in Switzerland for 3 .,1,1,0,9.6768585e-05,6,OOD_Class_5
Find me the movie schedule for Great Escape Theatres,6,5,0,8.169078e-05,6,OOD_Class_5
add artist to lo mejor de los 00's,0,0,0,0.00016490764,6,OOD_Class_5
book a spot for six at Bear Hotel in 5 seconds,1,1,0,9.7826145e-05,6,OOD_Class_5
put United Abominations onto my rare groove playlist,0,0,0,0.00016815902,6,OOD_Class_5
What's the weather in Pugu Hills Forest Reserve,2,2,0,0.000103358594,6,OOD_Class_5
I'm wondering if you can give me the movie times for films in the neighborhood .,6,5,0,0.000120961864,6,OOD_Class_5
what is the movie schedules for movies in the area,6,5,0,7.7873796e-05,6,OOD_Class_5
What is the films with movie times in the area,6,5,0,9.1666065e-05,6,OOD_Class_5
Find me The Memorial,5,5,1,0.00014291628,6,OOD_Class_5
i give the following textbook three points,4,4,0,9.238606e-05,6,OOD_Class_5
Locate the Koi to Senkyo to Chocolate television show,5,5,1,0.0015909431,6,OOD_Class_5
play some Kyle Ward from the seventies,3,3,0,0.000120603116,6,OOD_Class_5
Can you search Miracle in the Rain ?,5,5,1,0.00044011688,6,OOD_Class_5
I want to watch the show Railroad Model Craftsman,5,5,1,0.00012060633,6,OOD_Class_5
"Rate this part of the series , The Harrowing of Gwynedd , zero out of 6 .",4,4,0,9.3841685e-05,6,OOD_Class_5
Play Punk Essentials on google music,3,3,0,0.00010539946,6,OOD_Class_5
Find me the show The Skull .,5,5,1,0.00012155331,6,OOD_Class_5
Play Me Against The World from Glukoza,3,3,0,0.000108691704,6,OOD_Class_5
Play me the saga The Party’s Over,5,3,1,0.000130444,6,OOD_Class_5
Please search for All the Lovers trailer .,5,5,1,0.00012913115,6,OOD_Class_5
Rate the current essay a three points,4,4,0,9.157816e-05,6,OOD_Class_5
I'm looking for a novel called And Then There Was Light .,5,5,1,0.0007177798,6,OOD_Class_5
What will the weather be in Croatia ?,2,2,0,0.00010991732,6,OOD_Class_5
book a spot for 2 at a restaurant in Mayotte at 0613 AM,1,1,0,8.6566324e-05,6,OOD_Class_5
I'd like to find the Limited Lovers novel,5,5,1,0.00012223015,6,OOD_Class_5
Where can I find Sebastien Grainger & The Mountains,5,5,1,0.00011789892,6,OOD_Class_5
I want to see the television show The Muppet Christmas Carol,5,5,1,0.00012786598,6,OOD_Class_5
Find a TV series called When Harry Tries to Marry .,5,5,1,0.00014112241,6,OOD_Class_5
Show The Bridge of San Luis Rey picture,5,5,1,0.0024082887,6,OOD_Class_5
Give this textbook 5 points,4,4,0,9.024641e-05,6,OOD_Class_5
What will the weather be in Nationalpark Rila on Nov. 25 ?,2,2,0,0.0001191396,6,OOD_Class_5
"I want to book a spot at a bar in Henniker , North Dakota .",1,1,0,9.848079e-05,6,OOD_Class_5
Give the current textbook a rating of five .,4,4,0,9.550596e-05,6,OOD_Class_5
Can you find the television show Manifesto of Nevermore,5,5,1,0.00015609166,6,OOD_Class_5
"Can you find me the work, The Curse of Oak Island ?",5,5,1,0.0007447592,6,OOD_Class_5
Play me a song from 1976 by Bennie Moten,3,3,0,0.00011592677,6,OOD_Class_5
Will there be a blizzard at 2 am in my current place,2,2,0,0.00010245307,6,OOD_Class_5
I'd like to watch the TV series Sailor Moon SuperS The Movie,5,5,1,0.00012106243,6,OOD_Class_5
Rate The Slap five of 6,4,4,0,9.710427e-05,6,OOD_Class_5
I'd like to see Sex Tape - Finiti in rete,5,5,1,0.00016644818,6,OOD_Class_5
look for the trailer for Red Stallion in the Rockies,5,5,1,0.00012615255,6,OOD_Class_5
Show the latest animated movies movie times for the nearest movie house,6,5,0,9.086524e-05,6,OOD_Class_5
find Set the Thames on Fire for seventeen,6,5,0,0.0002530659,6,OOD_Class_5
Will it be hot three minutes from now faraway from Saint Croix State Park,2,2,0,0.00010600965,6,OOD_Class_5
Where can I purchase the TV series The Royal Sessions,5,5,1,0.000103038285,6,OOD_Class_5
Please look up Three Essays on the Theory of Sexuality show .,5,6,1,0.9800577,6,OOD_Class_5
Find Confusion Bay .,5,5,1,0.00022907734,6,OOD_Class_5
Rate The Bishop a 1,4,4,0,9.824859e-05,6,OOD_Class_5
show song Black Heart White Soul,5,3,1,0.00021505619,6,OOD_Class_5
Show me the picture Written in the Stars,5,5,1,0.0028705446,6,OOD_Class_5
Ad Amal Hijazi tune to my Pura Vida,0,0,0,0.00017635821,6,OOD_Class_5
Lets go to the Rainforest Cafe that is in the same area as 135th St,1,1,0,0.00010301197,6,OOD_Class_5
find a photograph called Free the Universe,5,5,1,0.0064686476,6,OOD_Class_5
find a novel called Episodi di Sons of Anarchy,5,5,1,0.007665544,6,OOD_Class_5
patty and I need a table booked at a highly rated restaurant in Sandstone .,1,1,0,0.00011479084,6,OOD_Class_5
I would like to book a restaurant in Singapore for nine in 19 hours and 1 second,1,1,0,0.00012624149,6,OOD_Class_5
Play a Herbie Fields record from the sixties,3,3,0,0.00012202374,6,OOD_Class_5
Find Ek Boond Ishq .,5,5,1,0.00030416917,6,OOD_Class_5
show weather forecast close-by MS in 48 and a half weeks,2,2,0,0.00012485443,6,OOD_Class_5
Find me the When Harry Tries to Marry photograph,5,5,1,0.00020907051,6,OOD_Class_5
play A Box of Birds trailer,5,3,1,9.531054e-05,6,OOD_Class_5
Find movie schedules .,6,5,0,7.445346e-05,6,OOD_Class_5
Find The Transformers Generations video game,5,5,1,0.0005835845,6,OOD_Class_5
Where can I purchase the Twenty Chickens for a Saddle saga ?,5,1,1,0.00047728198,6,OOD_Class_5
Show me the movie schedules,6,5,0,7.787375e-05,6,OOD_Class_5
Book a restaurant that serves scampi for 10 people.,1,1,0,0.00010733157,6,OOD_Class_5
find an album called Stumble.Stop.Repeat,5,3,1,0.0001714047,6,OOD_Class_5
find meal time movie times close by for movies,6,5,0,8.695868e-05,6,OOD_Class_5
Play Punk Rock music,3,3,0,0.000105039806,6,OOD_Class_5
Find a TV show called Studies in Logic .,5,5,1,0.00029358835,6,OOD_Class_5
i need movie times for movies in the area,6,5,0,7.817895e-05,6,OOD_Class_5
What cinema is playing The Strongest Instinct now ?,6,5,0,8.43657e-05,6,OOD_Class_5
Where can I find the saga Addicted to Love,5,5,1,0.00015258114,6,OOD_Class_5
Lets eat near Oakfield 17 seconds from now at Ted Peters Famous Smoked Fish,1,1,0,9.107902e-05,6,OOD_Class_5
Is The Angelus playing at the movie house at dinner time?,6,5,0,8.764199e-05,6,OOD_Class_5
Play Johnny Gimble,3,3,0,8.849149e-05,6,OOD_Class_5
What movie theatre has A Matter of Wife... And Death,6,5,0,0.000120954915,6,OOD_Class_5
Find Resurrection of Evil .,5,5,1,0.03560509,6,OOD_Class_5
what is the forecast for colder temps beginning on Law Day here,2,2,0,0.00010927464,6,OOD_Class_5
Help me locate The Tristan Betrayal,5,5,1,0.0005111223,6,OOD_Class_5
Where can I download the game Miss Robin Hood,5,3,1,0.0015563498,6,OOD_Class_5
I give The Monkey and the Tiger a rating of 2 points .,4,4,0,0.00010296268,6,OOD_Class_5
Can you get me seating for a party of 5,1,1,0,0.00013304819,6,OOD_Class_5
play the Baldur’s Gate II Throne of Bhaal saga,5,3,1,9.756248e-05,6,OOD_Class_5
Give the book Buzz about Bees a 2 star rating out of 6 .,4,4,0,0.00010468813,6,OOD_Class_5
show me the photograph with the title The Denial,5,5,1,0.1748733,6,OOD_Class_5
Will it still be warm nineteen hours from now in PA,2,2,0,0.0001037616,6,OOD_Class_5
I'd like to add this album to funtime .,0,0,0,0.00016274425,6,OOD_Class_5
Where to buy painting Target Practice,5,5,1,0.00013939435,6,OOD_Class_5
Can you get me the Message from God saga ?,5,5,1,0.0020283083,6,OOD_Class_5
search for the song Banquet for the Damned,5,5,1,9.763088e-05,6,OOD_Class_5
Find me the documentary A Winter of Cyclists,5,5,1,0.00017038682,6,OOD_Class_5
I want to add Sin rencor to my playlist entitled te quiero,0,0,0,0.0001650675,6,OOD_Class_5
Add Shangri-La to the African Heat playlist.,0,0,0,0.00017761065,6,OOD_Class_5
Find the Youth Against Christ saga,5,5,1,0.00020573141,6,OOD_Class_5
find the novel A Hat in Time,5,5,1,0.0002288652,6,OOD_Class_5
Looking for a painting with the title With You,5,5,1,0.00029021752,6,OOD_Class_5
For the saga Leaves from the Inn of the Last Home I give the rating of 1,4,4,0,9.7009004e-05,6,OOD_Class_5
Find the News At Seven-Thirty photograph,5,5,1,8.728057e-05,6,OOD_Class_5
What is the movie schedule at the IMAX Corporation three minutes from now,6,5,0,7.9410245e-05,6,OOD_Class_5
Book me a table for a party of eight in Germany .,1,1,0,0.00012079149,6,OOD_Class_5
I want to find the show From Where to Eternity .,5,5,1,0.000120605444,6,OOD_Class_5
Rate Mouse Noses on Toast 5 points out of 6,4,4,0,9.17576e-05,6,OOD_Class_5
play songs from the sixties,3,3,0,0.00012775401,6,OOD_Class_5
"I'd like to watch episodes from the TV series , The Secret of Queen Anne or Musketeers Thirty Years After .",5,5,1,0.00016047199,6,OOD_Class_5
add Jalal Zolfonun to my Nature Noise,0,0,0,0.0001537066,6,OOD_Class_5
I want to get reservations at a place close by for 6 people to eat in SC .,1,1,0,0.0001291755,6,OOD_Class_5
I'd like the movie schedules nearby me for animated movies,6,5,0,0.000110894594,6,OOD_Class_5
Can you find me The Ridiculous 6 book ?,5,5,1,0.00014867251,6,OOD_Class_5
search for a photograph of Road Hogs,5,5,1,0.1838649,6,OOD_Class_5
Play the soundtrack for Back to the Future,5,3,1,0.00010637977,6,OOD_Class_5
Look for the show V-The New Mythology Suite,5,5,1,0.00014504374,6,OOD_Class_5
Check the weather for Faroe Islands .,2,2,0,0.00010980774,6,OOD_Class_5
Add anti ep to esenciales,0,0,0,0.00018058279,6,OOD_Class_5
Play a native us song on Last Fm,3,3,0,0.00010376471,6,OOD_Class_5
Play a ballad by Owen Pallett from the seventies on Slacker .,3,3,0,0.00012214226,6,OOD_Class_5
show creative album Heredity,5,5,1,0.003493149,6,OOD_Class_5
I want to play the video game Miss Castaway And The Island Girls,5,3,1,0.00012748111,6,OOD_Class_5
Give me a link to the saga called Copper – Justice is brutal,5,0,1,0.0039339024,6,OOD_Class_5
find The Flying Scotsman,5,5,1,8.386461e-05,6,OOD_Class_5
play the greatest james yorkston song,3,3,0,9.4201656e-05,6,OOD_Class_5
"find Touch of Eva , a TV show I want to see",5,5,1,0.00013570234,6,OOD_Class_5
show creative song called Holidays on the River Yarra,5,3,1,0.0005359296,6,OOD_Class_5
Find a saga called Night Life .,5,5,1,0.11460137,6,OOD_Class_5
Is it forecast to be windy here in seven seconds ?,2,2,0,0.000111213034,6,OOD_Class_5
trailer of Gate of Thunder,5,5,1,0.0009671201,6,OOD_Class_5
Add died to the todo latino playlist,0,0,0,0.0001704755,6,OOD_Class_5
show creative photograph named None of the Above,5,5,1,0.0071353787,6,OOD_Class_5
put this album on my Wild Country playlist,0,0,0,0.00015021443,6,OOD_Class_5
Assign three stars out of 6 to The Dune Encyclopedia,4,4,0,9.719982e-05,6,OOD_Class_5
I want to play the game Guitar Heaven ... The Greatest Guitar Classics of All Time,5,3,1,0.00013237137,6,OOD_Class_5
Play me songs from agreable,3,3,0,0.00011547517,6,OOD_Class_5
Check the weather forecast for Biscay,2,2,0,0.00011219355,6,OOD_Class_5
I'm looking for a job in Inversion,5,1,1,0.00023387113,6,OOD_Class_5
I want to hear popular music from Martin Lopez,3,3,0,0.00013091235,6,OOD_Class_5
Can you find the soundtrack for Fast Food Nation,5,3,1,0.00011716382,6,OOD_Class_5
Play a song from 1973 .,3,3,0,0.00012663755,6,OOD_Class_5
add this is Andrés Calamaro by Milk,0,0,0,0.0001648143,6,OOD_Class_5
What is the weather doing in South Carolina right now ?,2,2,0,0.00011966416,6,OOD_Class_5
Book a restaurant in Botswana for seven people.,1,1,0,0.00010148254,6,OOD_Class_5
show me movies in the area,6,5,0,9.430009e-05,6,OOD_Class_5
Find a TV series called White Bread Black Beer .,5,5,1,0.00015861016,6,OOD_Class_5
Look for the TV series Jersey Boys,5,5,1,0.00014152893,6,OOD_Class_5
find the They Came from Somewhere Else saga,5,5,1,0.00010846617,6,OOD_Class_5
movie schedule of films around here,6,5,0,7.7343335e-05,6,OOD_Class_5
I rate this essay a four of 6,4,4,0,9.384164e-05,6,OOD_Class_5
show of From South Africa to South Carolina,5,5,1,0.0024863807,6,OOD_Class_5
Find the album Future of the Past,5,3,1,0.0012347738,6,OOD_Class_5
Evolution and the Theory of Games gets a five out of 6 .,4,4,0,0.00011089589,6,OOD_Class_5
Play some House music,3,3,0,0.0001109437,6,OOD_Class_5
play satire music,3,3,0,0.000103512044,6,OOD_Class_5
Find the show The Sword of the Lictor,5,5,1,0.00013307315,6,OOD_Class_5
I'm looking to find the trailer for Brought by the Sea .,5,5,1,0.0002766206,6,OOD_Class_5
Please get me The Henderson Kids saga .,5,5,1,0.0009435195,6,OOD_Class_5
Please get me the Crime and Punishment in Suburbia trailer .,5,5,1,0.16641347,6,OOD_Class_5
What will the weather be in Bernie ID ?,2,2,0,0.0001009654,6,OOD_Class_5
Find Your Personal Touch .,5,5,1,0.007632255,6,OOD_Class_5
Find a painting called Satisfaction Is the Death of Desire .,5,5,1,0.039590675,6,OOD_Class_5
Find the Saison 7 de How I Met Your Mother show,5,5,1,0.00011518843,6,OOD_Class_5
I want to watch the television show Symphony for Solo Piano,5,5,1,0.00014358324,6,OOD_Class_5
Wish to find the work The Immortals that is a show,5,5,1,0.00010915087,6,OOD_Class_5
this saga deserves a score of four,4,4,0,9.310905e-05,6,OOD_Class_5
Rate my current novel 3 out of 6,4,4,0,9.4301286e-05,6,OOD_Class_5
Play Turbulence Wild Streetdanz from Jeff Buckley,3,3,0,0.00011638041,6,OOD_Class_5
Go to BioRuby,5,1,1,0.0010895553,6,OOD_Class_5
Find me Nights in Harlem,5,5,1,0.00026935915,6,OOD_Class_5
"Can you find me the movie , The Girl and the General ?",5,5,1,9.796009e-05,6,OOD_Class_5
Show the Three Tales album,5,5,1,0.0021665767,6,OOD_Class_5
"find Back for Good , a novel I want to read",5,5,1,0.00029980985,6,OOD_Class_5
"book a highly rated gastropub that has a pastelaria in Blue Anchor , MD in 55 weeks for my brother in law and I",1,1,0,0.00010220578,6,OOD_Class_5
show weather forecast at three am .in Wauregan,2,2,0,0.00012106992,6,OOD_Class_5
Book the Slippery Noodle Inn in Gober .,1,1,0,9.241092e-05,6,OOD_Class_5
"find Do You Wanna Touch Me , a song",5,3,1,0.00017549557,6,OOD_Class_5
What movie times,6,5,0,7.726686e-05,6,OOD_Class_5
Please find me Phineas Redux .,5,5,1,0.0008402445,6,OOD_Class_5
look for the saga called Death in Paradise,5,5,1,0.0032388703,6,OOD_Class_5
I would rate Oblivion Stories a two,4,4,0,9.5411466e-05,6,OOD_Class_5
Will it be hot during Winter ?,2,2,0,0.00010096407,6,OOD_Class_5
What is The Cave Canem Demos photograph ?,5,5,1,0.0005854088,6,OOD_Class_5
Rate the current chronicle 0 out 6 stars,4,4,0,9.476265e-05,6,OOD_Class_5
Is the TV show The Prodigal Wife on today?,5,5,1,0.00011632372,6,OOD_Class_5
Reminiscences of the Anti-Japanese Guerillas chronicle deserves zero points out of 6 for a rating.,4,4,0,9.5879324e-05,6,OOD_Class_5
Search for the George and the Big Bang TV show,5,5,1,0.00011755773,6,OOD_Class_5
Do an image search for the picture Perfect Storm Disasters That Changed The World,5,5,1,0.39986363,6,OOD_Class_5
find the game Gormenghast,5,5,1,0.00024548566,6,OOD_Class_5
Will it be freezing in the city of Sardis,2,2,0,0.00011440066,6,OOD_Class_5
"Book a pub for two on jan. first, 2037 .",1,1,0,8.211637e-05,6,OOD_Class_5
add album to my piano ballads,0,0,0,0.0001591316,6,OOD_Class_5
Show me the movie Black Summer,5,5,1,0.0001035622,6,OOD_Class_5
I want a movie schedule .,6,5,0,7.94099e-05,6,OOD_Class_5
Find Phalcon .,5,5,1,0.00046916978,6,OOD_Class_5
What is the price for the album Praise the Lord and Pass the Ammunition ?,5,4,1,0.0049807187,6,OOD_Class_5
What will be the temperate in Tyresta National Park on 7/18/2030 ?,2,2,0,0.000107161046,6,OOD_Class_5
Play the greatest Nicholaus Arson concerto from around 2000,3,3,0,0.00010550093,6,OOD_Class_5
Play Rei Momo newest album,3,3,0,9.91029e-05,6,OOD_Class_5
"Book me a reservation for an osteria campanian on Jun. the 7th, 2022",1,1,0,9.606862e-05,6,OOD_Class_5
show creativity of Your Body Above Me,5,5,1,0.14242522,6,OOD_Class_5
Make me a reservation at a popular place that serves udupi at a restaurant,1,1,0,0.00010966412,6,OOD_Class_5
find the show Trancers,5,5,1,0.0001272359,6,OOD_Class_5
Show me the video game The Stillest Hour,5,5,1,0.0012225877,6,OOD_Class_5
rate the Beyonders A World Without Heroes saga 1 out of 6 stars,4,4,0,9.796168e-05,6,OOD_Class_5
Play the trailer for A Lineage of Grace,5,3,1,9.536352e-05,6,OOD_Class_5
Book a restaurant for 9 people.,1,1,0,9.897189e-05,6,OOD_Class_5
What will the weather be like here next week ?,2,2,0,0.00010768712,6,OOD_Class_5
Is the films 19 hours from now playing at Landmark Theatres,6,5,0,8.066024e-05,6,OOD_Class_5
Book a restaurant for one in AL .,1,1,0,0.0001024737,6,OOD_Class_5
rate this series 1 out of 6,4,4,0,8.971945e-05,6,OOD_Class_5
Look for the Compact Forest Proposal trailer,5,5,1,0.0002315817,6,OOD_Class_5
Where is Shake Your Powder Puff playing,6,5,0,9.891892e-05,6,OOD_Class_5
add this song by Chieko Ochi to the drum & breaks playlist,0,0,0,0.00015897589,6,OOD_Class_5
me and deanna want to book a restaurant in Malawi,1,1,0,0.00012955513,6,OOD_Class_5
I'd like to watch Heartbreak at Pacific Theatres at two pm,6,5,0,9.042111e-05,6,OOD_Class_5
Can you help me find ScholarMate ?,5,5,1,0.00016897028,6,OOD_Class_5
find Sweet Sensation,5,5,1,0.00026394246,6,OOD_Class_5
I want to see the TV series A State of Mind,5,5,1,0.00014918335,6,OOD_Class_5
Show The Ancient Art of War picture,5,5,1,0.21655497,6,OOD_Class_5
What will the weather be in the current position on Dec. 23 ?,2,2,0,0.00011324107,6,OOD_Class_5
"I need a top-rated gastropub for 5 in DC in Conshohocken on Jul. the 18th, 2024",1,1,0,0.00011655555,6,OOD_Class_5
Need a table within the same area as Beach 105th St for a party of 6,1,1,0,0.00010870514,6,OOD_Class_5
Look for the trailer to Hickory Daily Record .,5,5,1,0.00010557302,6,OOD_Class_5
play Say A Word by La India,3,3,0,0.00011424225,6,OOD_Class_5
play Soheila Zaland,3,3,0,0.00010017861,6,OOD_Class_5
I want to eat in Ramona,1,1,0,0.00016290943,6,OOD_Class_5
Show me Happiness Was Free .,5,5,1,0.3163718,6,OOD_Class_5
Add kjetil vidar haraldstad to my para entrenar playlist.,0,0,0,0.0001712236,6,OOD_Class_5
I would like a restaurant reservation for this year for 4 people.,1,1,0,0.0001167041,6,OOD_Class_5
find Live in Tokyo for me,5,3,1,0.00015347163,6,OOD_Class_5
Add louis nelson delisle to the pulse of americana,0,0,0,0.00015058799,6,OOD_Class_5
Weather forecast for snowstorm on Feb. fourth in Virgin Islands,2,2,0,0.0001148532,6,OOD_Class_5
I want to play the video game ESPN Major League Soccer,5,3,1,0.00013850887,6,OOD_Class_5
Play music by Joy Nilo .,3,3,0,0.00012084036,6,OOD_Class_5
Where can I watch the trailer of the National Treasures - The Complete Singles,5,5,1,0.000115644594,6,OOD_Class_5
what is the nine AM weather forecast for Nationalpark Midongy du Sud,2,2,0,0.000120837496,6,OOD_Class_5
Show the Mickey Mouse photograph,5,5,1,0.0007101796,6,OOD_Class_5
give five stars to current album,4,4,0,0.000100578894,6,OOD_Class_5
Is The Johnstown Flood playing,6,5,0,0.00011769235,6,OOD_Class_5
book a food truck for greek food for 7,1,1,0,0.00010536528,6,OOD_Class_5
find the movie Shake Your Spirit,5,5,1,0.00010144238,6,OOD_Class_5
Can I see the movie schedules ?,6,5,0,7.32994e-05,6,OOD_Class_5
I'd like to see the picture Chrome Dreams,5,5,1,0.00019025542,6,OOD_Class_5
Find a game called Dynamite Warrior .,5,5,1,0.009816881,6,OOD_Class_5
Play ballad from Mandy Moore,3,3,0,0.00012831863,6,OOD_Class_5
I'd like to reserve a table at a pub that serves andouillettes within the same area in San Marino .,1,1,0,0.00011798463,6,OOD_Class_5
I'm looking for Sherlock Holmes contre Arsène Lupin .,5,5,1,0.00030979756,6,OOD_Class_5
Can I listen to merengue style music?,3,3,0,0.00012589718,6,OOD_Class_5
Rate the current textbook a 0 out of 6 .,4,4,0,9.338472e-05,6,OOD_Class_5
Will it be rainy at Sunrise in Ramey Saudi Arabia ?,2,2,0,0.000101360056,6,OOD_Class_5
I'd like to see the trailer for History and Theory,5,5,1,0.00010106718,6,OOD_Class_5
Play me a 1990 sound track,3,3,0,0.00010351207,6,OOD_Class_5
me and aisha and craving cordon bleu and need to book a table at a brasserie .,1,1,0,0.000120438875,6,OOD_Class_5
Play the most popular song by espen lind,3,3,0,0.00011769466,6,OOD_Class_5
show the movies at the nearest movie house,6,5,0,8.0032696e-05,6,OOD_Class_5
Add to my Rumba y más playlist the song by haley scarnato,0,0,0,0.00015521116,6,OOD_Class_5
What movie schedules are at National Amusements,6,5,0,7.9332225e-05,6,OOD_Class_5
Find the App Store,5,5,1,0.00013344939,6,OOD_Class_5
Buy Cannabis painting,5,3,1,0.000998764,6,OOD_Class_5
find an album called From the Terrace,5,3,1,0.00014431712,6,OOD_Class_5
Add kaya newest track to my I Love My '00's R&B playlist,0,0,0,0.0001667699,6,OOD_Class_5
I'd like to hear the soundtrack for Just Once in My Life .,5,3,1,0.00012260253,6,OOD_Class_5
Find The Mary Van Note Show,5,5,1,9.130589e-05,6,OOD_Class_5
Add this tune to my playlist named Women of Fresh Finds,0,0,0,0.00015750997,6,OOD_Class_5
Can you pull up My Name Is Brain Brian,5,3,1,0.00033563146,6,OOD_Class_5
Rate this novel a two,4,4,0,9.292889e-05,6,OOD_Class_5
I'd like to eat at a bar that serves corn relish with a party of five,1,1,0,0.00011880897,6,OOD_Class_5
find The Many Loves of Dobie Gillis,5,5,1,0.00021371277,6,OOD_Class_5
Find a movie schedule .,6,5,0,7.358621e-05,6,OOD_Class_5
What's the weather in Meherrin,2,2,0,0.000101657686,6,OOD_Class_5
Find a video game called Young .,5,5,1,0.01000384,6,OOD_Class_5
I want to listen to the song First Time for Everything,5,3,1,0.00011592402,6,OOD_Class_5
I want to find an oyster bar with tetrazzini for 9 people,1,1,0,0.000118330834,6,OOD_Class_5
play songs by Wise,3,3,0,0.00011324186,6,OOD_Class_5
Can you get me the Controlled Conversations TV series ?,5,5,1,0.0002045333,6,OOD_Class_5
Find a reservation at Boone Tavern for 4 people in 1024,1,1,0,9.6025055e-05,6,OOD_Class_5
Add Madman to Trap Land playlist,0,0,0,0.00017717594,6,OOD_Class_5
"find PlayStation官方杂志 , a song",5,3,1,0.00020544446,6,OOD_Class_5
I'd like to watch the TV series called Fires of Life,5,5,1,0.00012724668,6,OOD_Class_5
Play some music from Roberto Carlos,3,3,0,0.00012900868,6,OOD_Class_5
"find The Living Room Tapes , a TV series",5,5,1,0.00011711747,6,OOD_Class_5
show creativity of Accident Analysis & Prevention,5,6,1,0.9650806,6,OOD_Class_5
add a song by mark schultz to my ultimate indie playlist,0,0,0,0.00016458427,6,OOD_Class_5
what is the twenty one o'clock forecast for the current spot,2,2,0,0.00010884798,6,OOD_Class_5
Put abe laboriel onto the Escapada playlist.,0,0,0,0.00015812222,6,OOD_Class_5
Play music from the eighties on Slacker .,3,3,0,0.00012534634,6,OOD_Class_5
book a spot for six in Greece,1,1,0,0.00011369471,6,OOD_Class_5
Rate The Honourable Jim a three,4,4,0,9.786524e-05,6,OOD_Class_5
Go to the movie The Best of Pirates of the Mississippi,5,5,1,0.00013935412,6,OOD_Class_5
"add Hello, My Lover, Goodbye to my Deathcore playlist",0,0,0,0.00016939623,6,OOD_Class_5
"What will the weather be like on aug. the 8th, 2032 here",2,2,0,0.00010447583,6,OOD_Class_5
want to find the novel called Innocent Until Caught 2 Guilty,5,5,1,0.0009977977,6,OOD_Class_5
Please show me the films playing at Loews Cineplex Entertainment .,6,5,0,0.00013047167,6,OOD_Class_5
Look for the Nightmare on Providence Street saga,5,5,1,0.00014230884,6,OOD_Class_5
find a soundtrack called The Book of Folly,5,3,1,0.0001040547,6,OOD_Class_5
Book a table for doris and I in New Tulsa,1,1,0,0.00010132118,6,OOD_Class_5
Please search A New Machine TV series .,5,5,1,0.00012613114,6,OOD_Class_5
Book a reservation for a trentino restaurant in Kansas,1,1,0,0.00010790868,6,OOD_Class_5
find the game A Russian Beauty and Other Stories,5,5,1,0.002329698,6,OOD_Class_5
Find the movie times now .,6,5,0,8.330212e-05,6,OOD_Class_5
Pull up Sweeney Todd - Il diabolico barbiere di Fleet Street,5,3,1,0.0005064835,6,OOD_Class_5
find a television show called The Passion of the Betty,5,5,1,0.00016130667,6,OOD_Class_5
Can You tell me the Actors of the saga awards/,5,5,1,0.00013989353,6,OOD_Class_5
Play some Gospel music.,3,3,0,0.000115644245,6,OOD_Class_5
"what is the weather forecast for WA on september 11, 2021",2,2,0,0.00011067168,6,OOD_Class_5
what is the forecast in Texas,2,2,0,0.00010653581,6,OOD_Class_5
what is the forecast for january twenty-eighth in Kentmore Park,2,2,0,0.00010684873,6,OOD_Class_5
I want to hear the soundtrack to The Platinum Rule,5,3,1,0.00011170378,6,OOD_Class_5
Show me the video game When In Rome 2007,5,5,1,0.0004070381,6,OOD_Class_5
What is the trailer for Feel the Passion .,5,5,1,0.00010285522,6,OOD_Class_5
Rate the current book three out of 6 .,4,4,0,9.2658e-05,6,OOD_Class_5
Find Games Wizards Play TV series,5,5,1,0.00037981122,6,OOD_Class_5
Find a video game called Batman The Return of Bruce Wayne .,5,3,1,0.029286033,6,OOD_Class_5
Play some music from 2011 on lastfm,3,3,0,0.00011966416,6,OOD_Class_5
"I need reservations for a party of 3 on all souls' day in Temperance , North Dakota",1,1,0,9.274574e-05,6,OOD_Class_5
Play me the TV show SEAL Team,5,3,1,0.00012501048,6,OOD_Class_5
"Please find the movie , A Jingle with Jillian .",5,5,1,0.000120456476,6,OOD_Class_5
When is the next episode of the TV series Crossing Lines showing?,5,5,1,0.00013500321,6,OOD_Class_5
Get me a Johnny Cool photograph,5,5,1,0.00064897526,6,OOD_Class_5
Is it warm faraway in Niger ?,2,2,0,0.00010185398,6,OOD_Class_5
I need to book a restaurant for seven people at elevenses Seafood restaurant,1,1,0,0.00011336394,6,OOD_Class_5
Please look up the Beauty on the Fire show .,5,5,1,0.00016496399,6,OOD_Class_5
Where can I view the trailer Extreme – The Collection,5,5,1,0.00012142635,6,OOD_Class_5
search for Pat and Margaret,5,5,1,0.0003951798,6,OOD_Class_5
When can I see The Crew of the Dora,6,5,0,9.512891e-05,6,OOD_Class_5
find The Quest of Iranon,5,5,1,0.00045763853,6,OOD_Class_5
What films are there being played at Megaplex Theatres ?,6,5,0,9.402499e-05,6,OOD_Class_5
I want to hear the top Tim Madison,3,3,0,0.000114684066,6,OOD_Class_5
find a video game called The Yellow Claw,5,5,1,0.00959111,6,OOD_Class_5
Tell me if it will hail in Elliotts Bluff at five o'clock,2,2,0,0.0001096967,6,OOD_Class_5
I want to hear the latest twenties album from Kyle Riabko,3,3,0,0.00012412792,6,OOD_Class_5
Rate The Longest Day with zero stars out of 6 .,4,4,0,9.786581e-05,6,OOD_Class_5
Find trailer of Jazz Impressions of the U.S.A.,5,5,1,0.00017085078,6,OOD_Class_5
Please play a song off the Curtis Lee album Rough Diamonds,3,3,0,0.00012048475,6,OOD_Class_5
Will there be a storm nearby,2,2,0,0.00011989321,6,OOD_Class_5
Will there be rainfall faraway from Uganda,2,2,0,9.8237826e-05,6,OOD_Class_5
find Jono and Ben,5,5,1,0.00016090843,6,OOD_Class_5
Play Gary Chapman music from the fifties,3,3,0,0.000115588344,6,OOD_Class_5
find the photograph Underneath the Tree,5,5,1,0.00017839049,6,OOD_Class_5
Book me a table for 8 at a restaurant for seven pm,1,1,0,0.0001075461,6,OOD_Class_5
Please get me the Welcome to the Rileys game .,5,5,1,0.00063041394,6,OOD_Class_5
Show the Whispering Willows novel,5,5,1,0.0002810323,6,OOD_Class_5
show schedule for Cin cin,5,5,1,9.4388255e-05,6,OOD_Class_5
play music by Helen Ward,3,3,0,0.000111594425,6,OOD_Class_5
Show me Bâton Rouge,5,5,1,0.0016698424,6,OOD_Class_5
Check the forecast for Keene .,2,2,0,0.00011496432,6,OOD_Class_5
book a table in Fleetwood at a nearby deli,1,1,0,0.00010649221,6,OOD_Class_5
Find Digimon Next,5,5,1,0.000251357,6,OOD_Class_5
Search for the saga of Return of the Bastards .,5,5,1,0.04105356,6,OOD_Class_5
Go to the photograph The Inflated Tear,5,5,1,0.00026418248,6,OOD_Class_5
Search for The Adventures of Cookie & Cream,5,5,1,0.00017358082,6,OOD_Class_5
Please help me find the Selections from the Arista Years video game .,5,3,1,0.002201916,6,OOD_Class_5
Please look up The Lamentable Journey of Omaha Bigelow into the Impenetrable Loisaida Jungle television show .,5,5,1,0.009463322,6,OOD_Class_5
Where can I find a copy of I Bury the Living ?,5,5,1,0.00014101843,6,OOD_Class_5
Will it storm in Charles Pinckney National Historic Site,2,2,0,0.00011175574,6,OOD_Class_5
What's the weather forecast for 3 hours from now at Christmas Island ?,2,2,0,0.00010842538,6,OOD_Class_5
find the song Tholireyi Gadichindi,5,3,1,0.00017266486,6,OOD_Class_5
Rate this chronicle three of 6 stars,4,4,0,9.420919e-05,6,OOD_Class_5
play music using Groove Shark,3,3,0,0.00010195713,6,OOD_Class_5
what is the Fiji forecast for warm temps,2,2,0,0.00011329598,6,OOD_Class_5
What is weather in Azerbaijan 16 seconds from now,2,2,0,0.00010737078,6,OOD_Class_5
I want another artist on my atmospheric black metal playlist,0,0,0,0.00019847568,6,OOD_Class_5
Is it freezing in Tira,2,2,0,0.00010590948,6,OOD_Class_5
"Please pull up the album , The Last War",5,3,1,0.00013045405,6,OOD_Class_5
I'm trying to find The Final Solution video game .,5,6,1,0.9306334,6,OOD_Class_5
Add an album by Jenifer to my travelling playlist,0,0,0,0.0001579716,6,OOD_Class_5
I'm looking for the last track by Fei Yu Ching from the fourties,3,3,0,0.00011823611,6,OOD_Class_5
"What will the weather be like on january 2nd, 2025 in GA",2,2,0,0.00011357381,6,OOD_Class_5
What's today's movie schedule,6,5,0,8.018943e-05,6,OOD_Class_5
rate this book 1 out of 6,4,4,0,9.157853e-05,6,OOD_Class_5
Lets hear some Dawood Sarkhosh from their The Power Of Your Love album from Groove Shark,3,3,0,0.00012148961,6,OOD_Class_5
I want to add something by Jarvis Cocker to my rock español playlist,0,0,0,0.00015340938,6,OOD_Class_5
find the movie Don’t Break the Heart That Loves You,5,5,1,0.000102718775,6,OOD_Class_5
Add tune to cleaning the house,0,0,0,0.00016361875,6,OOD_Class_5
Please put an album by Joseph Meyer on my POP GOES THE 80s playlist,0,0,0,0.00016234822,6,OOD_Class_5
find a saga called Set Sail the Prairie,5,5,1,0.00422455,6,OOD_Class_5
add this album to tgif,0,0,0,0.00015521885,6,OOD_Class_5
When is For Lovers Only playing?,6,5,0,9.193326e-05,6,OOD_Class_5
When does Fire and Ice The Winter War of Finland and Russia television show air?,5,5,1,0.00014862622,6,OOD_Class_5
Play the Seamus Heaney Collected Poems song,5,3,1,0.00011186743,6,OOD_Class_5
I need a table for 5 at the restaurant I ate at last Oct.,1,1,0,0.00012269685,6,OOD_Class_5
Play some music on Pandora,3,3,0,0.00011873378,6,OOD_Class_5
I'm looking for the video game Masterful Mystery Tour,5,5,1,0.0008264237,6,OOD_Class_5
Is there snow in the District Of Columbia,2,2,0,9.99822e-05,6,OOD_Class_5
play some Deezer oldies music,3,3,0,0.0001113783,6,OOD_Class_5
I want to listen to the soundtrack Adobe Digital Editions,5,3,1,0.00012202425,6,OOD_Class_5
find the novel Playlist The Very Best of Brad Paisley,5,4,1,0.00480263,6,OOD_Class_5
play Pandora Christian Gangsta Rap,3,3,0,0.00010554929,6,OOD_Class_5
play the newest sound track from the thirties,3,3,0,0.00011536336,6,OOD_Class_5
find the novel Make Peace Not War,5,5,1,0.00057366403,6,OOD_Class_5
Look up The Gun soundtrack,5,3,1,0.000111025314,6,OOD_Class_5
Add track to fresh finds,0,0,0,0.00016579316,6,OOD_Class_5
show me the picture Totally True Love,5,5,1,0.0024764868,6,OOD_Class_5
Show me movie schedule,6,5,0,7.756968e-05,6,OOD_Class_5
"Please look up the painting , Modern times .",5,5,1,0.00050614076,6,OOD_Class_5
Play soundtrack by Armand Van Helden,3,3,0,0.00012633053,6,OOD_Class_5
Find a song called In Your Eyes .,5,3,1,0.00018274983,6,OOD_Class_5
I need a table for 4 in Florida,1,1,0,0.000112595866,6,OOD_Class_5
Will it be warmer in my current position,2,2,0,0.000109165776,6,OOD_Class_5
Book me a restaurant ten minutes from now,1,1,0,0.00012029542,6,OOD_Class_5
Give me the weather forecast in Zimbabwe .,2,2,0,0.00012370216,6,OOD_Class_5
Wish to find the movie the Heart Beat,5,5,1,8.73756e-05,6,OOD_Class_5
Find me the Karl Hess Toward Liberty photograph,5,5,1,0.00016044702,6,OOD_Class_5
I want to give the current textbook 2 out of 6,4,4,0,9.940729e-05,6,OOD_Class_5
Add artist hex hector to my old school death metal playlist,0,0,0,0.00017214869,6,OOD_Class_5
Look for the NYPD - New York Police Department saga,5,5,1,0.00019650454,6,OOD_Class_5
"find Face the Truth , a TV show",5,5,1,0.00016523896,6,OOD_Class_5
Will it get cold in Nevada seven weeks and a half from now ?,2,2,0,9.910838e-05,6,OOD_Class_5
Can I get the movie schedules for Megaplex Theatres ?,6,5,0,8.289641e-05,6,OOD_Class_5
Book a bar which serves chicken french at Robinson .,1,1,0,0.00010597777,6,OOD_Class_5
What's the weather in Wisconsin on National Maritime Day,2,2,0,0.00011034786,6,OOD_Class_5
Play some Hong Junyang .,3,3,0,0.00011045716,6,OOD_Class_5
Please play some Bill Evans music.,3,3,0,0.00012268382,6,OOD_Class_5
Show me the movie schedule for Caribbean Cinemas,6,5,0,8.5027765e-05,6,OOD_Class_5
Add Milas Poli to my Indie Bluegrass,0,0,0,0.00015281222,6,OOD_Class_5
Add Hallucinations of Despair to my this is trey songz playlist.,0,0,0,0.00016458555,6,OOD_Class_5
I want do you want to build a snowman in my Hip Hop 2017 New School playlist,0,0,0,0.00018153145,6,OOD_Class_5
Book a restaurant for a party of 7 in Paraguay on Saturday,1,1,0,0.000108688495,6,OOD_Class_5
I would rate this novel 2 points and a best rating of 6,4,4,0,9.960064e-05,6,OOD_Class_5
Where can I find The Brave Little Toaster To The Rescue book ?,5,5,1,0.00012624318,6,OOD_Class_5
Get me the Procession of Ants TV show .,5,5,1,0.00042012637,6,OOD_Class_5
Where is the nearest movie theatre that is playing Honeysuckle Rose,6,5,0,8.081748e-05,6,OOD_Class_5
find Some of My Best Friends Are...The Piano Players,5,5,1,0.00026382424,6,OOD_Class_5
Find me the video game For Your Love .,5,5,1,0.0034054227,6,OOD_Class_5
I want to see Plague Soundscapes,5,5,1,0.00029441225,6,OOD_Class_5
Find a trailer called Eurythmics discography .,5,5,1,0.0009980552,6,OOD_Class_5
What time is Bloody Twilight playing?,6,5,0,8.5694424e-05,6,OOD_Class_5
Add tune to my Is It New Wave,0,0,0,0.0001339956,6,OOD_Class_5
I need a reservation for my teens and I six months from now in Tennessee,1,1,0,0.00011311118,6,OOD_Class_5
Can you find the TV show So What,5,5,1,9.121814e-05,6,OOD_Class_5
Find me a saga by Reproductions,5,5,1,0.0024661613,6,OOD_Class_5
put donnie g don gorilla on my classical romance playlist,0,0,0,0.00015820148,6,OOD_Class_5
What song is Detective Conan Dimensional Sniper,5,5,1,0.0007578898,6,OOD_Class_5
Could you locate the Epic Conditions picture ?,5,5,1,0.05949004,6,OOD_Class_5
book in South Dakota for lobster newberg at a pub,1,1,0,9.762827e-05,6,OOD_Class_5
put Pause on my Días de Frío playlist,0,0,0,0.0001690592,6,OOD_Class_5
book a bar close by with a smoking room in MA,1,1,0,8.958539e-05,6,OOD_Class_5
add megon mcdonough indie songs for slackers to my playlist artist,0,0,0,0.00016370513,6,OOD_Class_5
Tell me if there's be a depression in Brazil,2,2,0,0.0001992001,6,OOD_Class_5
The trapaholics needs another artist added.,0,0,0,0.00015812089,6,OOD_Class_5
Play music from Gavin Koppell movement,3,3,0,0.00012155036,6,OOD_Class_5
Please find me the Magic Hour saga .,5,5,1,0.0005491942,6,OOD_Class_5
add this song by deron miller to my party on fridays playlist,0,0,0,0.00016258769,6,OOD_Class_5
I would rate Coming Through Slaughter a four out of 6 .,4,4,0,9.411646e-05,6,OOD_Class_5
Find a trailer called Storm Center .,5,1,1,0.00017560982,6,OOD_Class_5
Can you add a song by Bill Frisell to my Top Latin Alternative playlist,0,0,0,0.00016171584,6,OOD_Class_5
Please add Emanuel Kiriakou to my playlist llegando a casa,0,0,0,0.00015281216,6,OOD_Class_5
Is The Belles of St. Clements playing at Star Theatres in 8 minutes ?,6,5,0,8.619726e-05,6,OOD_Class_5
Find book called Dreams and All That Stuff,5,5,1,0.00021272706,6,OOD_Class_5
play The Sea Cabinet,5,3,1,9.8335986e-05,6,OOD_Class_5
Use Google Music to play some songs by Dr John,3,3,0,0.00011541936,6,OOD_Class_5
Show me a forecast for French Polynesia,2,2,0,0.00015311773,6,OOD_Class_5
Book the tea house on North River,1,1,0,9.251102e-05,6,OOD_Class_5
What is the release date for the DVD called Wild Is the Wind ?,5,5,1,0.00019775837,6,OOD_Class_5
Please get me Exploring the Reef TV show,5,5,1,0.00021246567,6,OOD_Class_5
find a movie called Bruce Lee,5,5,1,9.464751e-05,6,OOD_Class_5
Open Groove Shark and play sound track from Dj Cameo,3,3,0,0.00011357026,6,OOD_Class_5
Book a restaurant in Gate City for 5 people.,1,1,0,9.7139266e-05,6,OOD_Class_5
Please show me the movie schedule for animated movies playing in the neighborhood .,6,5,0,0.00011990468,6,OOD_Class_5
Show me a television show named A Love to Hide .,5,5,1,0.0003390287,6,OOD_Class_5
Will it be windy at 7 AM in Dong Phou Vieng National Protected Area,2,2,0,0.00011919338,6,OOD_Class_5
what movie theatre is showing Titanic The Legend Goes On,6,5,0,9.691486e-05,6,OOD_Class_5
Find The Creeper .,5,5,1,0.00021617423,6,OOD_Class_5
I want to give this album 4 stars,4,4,0,0.0001037711,6,OOD_Class_5
I wish to listen to some instrumental music.,3,3,0,0.00012888029,6,OOD_Class_5
Find a TV show called The Ambient Collection .,5,5,1,0.00016862348,6,OOD_Class_5
Add millie corretjer to the rhythm playlist,0,0,0,0.00015529509,6,OOD_Class_5
Where can I buy a copy of the picture called Turn Against This Land ?,5,5,1,0.00017333981,6,OOD_Class_5
where is the nearest movie theatre showing movies,6,5,0,8.704419e-05,6,OOD_Class_5
Please find me The Purple Vigilantes book .,5,5,1,0.00020169638,6,OOD_Class_5
What channel does the television show The RoxBox play on?,5,5,1,0.000103158076,6,OOD_Class_5
Play something by Holly Cole on lastfm,3,3,0,0.00012875698,6,OOD_Class_5
Find a game called A Very Special Christmas 7 .,5,5,1,0.0012207484,6,OOD_Class_5
find the painting The Adventures of Teddy Ruxpin,5,5,1,0.00017950735,6,OOD_Class_5
help me the find the Thug Lordz Trilogy book,5,5,1,0.00047484745,6,OOD_Class_5
Add album to Pop Rising,0,0,0,0.00016346075,6,OOD_Class_5
Find Manual of Love 2 .,5,5,1,0.0026659349,6,OOD_Class_5
"find American Psychologist , a game",5,5,1,0.00033460927,6,OOD_Class_5
play The Case of the Whitechapel Vampire TV series,5,3,1,0.00015704153,6,OOD_Class_5
book a table for 2 guests at a restaurant in Lazy Mountain NY,1,1,0,0.00010638517,6,OOD_Class_5
book a socca serving steakhouse for 2 in Saint James Alabama,1,1,0,0.000102308535,6,OOD_Class_5
play Morning Song,3,3,0,9.401609e-05,6,OOD_Class_5
Show me Half a Life,5,5,1,0.011647266,6,OOD_Class_5
Looking for Kepler scientific workflow system,5,6,1,0.9893918,6,OOD_Class_5
I'm looking to book a seat at a bakery that serves coleslaw at 194458 .,1,1,0,0.00016491048,6,OOD_Class_5
Is there a game called The Neutral Zone ?,5,5,1,0.00030396282,6,OOD_Class_5
Book a reservation not far from 8th St,1,1,0,9.6650234e-05,6,OOD_Class_5
I would like to rate the current book I am reading 0 stars .,4,4,0,9.9795514e-05,6,OOD_Class_5
Where to buy Education for Chemical Engineers,5,5,1,0.0033168134,6,OOD_Class_5
what movies are playing in the neighborhood,6,5,0,8.026814e-05,6,OOD_Class_5
find Young Miss Holmes,5,5,1,0.00016384634,6,OOD_Class_5
Look up The Reverse of the Medal,5,5,1,0.06855952,6,OOD_Class_5
Play me a 1958 adam yauch concerto on Groove Shark,3,3,0,0.00010190724,6,OOD_Class_5
add grim skunk to Duetos,0,0,0,0.0001625087,6,OOD_Class_5
Add Hanging On to my just dance by aftercluv playlist.,0,0,0,0.00017358194,6,OOD_Class_5
find Home Fires,5,5,1,0.0002533864,6,OOD_Class_5
Is The Big Job playing at the nearest cinema ?,6,5,0,7.644207e-05,6,OOD_Class_5
Please get me Stories from the English and Scottish Ballads show .,5,5,1,0.00050378084,6,OOD_Class_5
What is the picture called Lest We Forget The Best of ?,5,5,1,0.000319754,6,OOD_Class_5
I'd like to play the album Beloved Rogues,5,3,1,9.91091e-05,6,OOD_Class_5
I would give this current book a rating a five and a best rating of 6,4,4,0,9.541198e-05,6,OOD_Class_5
Search for Comedy Underground with Dave Attell,5,5,1,0.00046052545,6,OOD_Class_5
Give me the showtimes for The Rum Diary at MJR Theatres at meal time.,6,5,0,0.00010366739,6,OOD_Class_5
Please search for the painting titled This Is the Night .,5,5,1,0.0003618059,6,OOD_Class_5
I would give this current novel 4 points,4,4,0,9.541164e-05,6,OOD_Class_5
Sort to the last song on playlist from 1983 a chant by Mark Oliver Everett,3,3,0,0.00027247125,6,OOD_Class_5
Where can I watch the TV series Breed the Pain ?,5,5,1,0.0001115385,6,OOD_Class_5
What is the movie schedule for today?,6,5,0,7.833126e-05,6,OOD_Class_5
Look up the TV series Operace Silver A,5,5,1,0.0001759094,6,OOD_Class_5
I want to book a restaurant neighboring Livonia Av,1,1,0,0.00012746024,6,OOD_Class_5
Add this tune to the Duetos playlist,0,0,0,0.00015363618,6,OOD_Class_5
Give me the weather forecast for Somiedo Natural Park,2,2,0,0.00012237934,6,OOD_Class_5
"Can you find a photograph entitled, Beneath the Harvest Sky",5,5,1,0.0011831218,6,OOD_Class_5
"What is the midday weather forecast for Chalkyitsik , Palestine",2,2,0,0.00012077902,6,OOD_Class_5
What is the movie schedule for films in the neighbourhood,6,5,0,8.097584e-05,6,OOD_Class_5
show TV show schedule of Offroad Legends,5,5,1,0.00015759587,6,OOD_Class_5
Play most popular from Nil Burak on Slacker,3,3,0,0.000110619236,6,OOD_Class_5
Book a close by brasserie in NC .,1,1,0,9.97253e-05,6,OOD_Class_5
Please pull up the photograph entitled Another Period,5,5,1,0.00043579107,6,OOD_Class_5
Add an album by Liza Oumarova to the Steampunk playlist.,0,0,0,0.00016458482,6,OOD_Class_5
Will there be wind in AS,2,2,0,0.00010529131,6,OOD_Class_5
Where can I find the TV show Earth Defense Force 2025 ?,5,5,1,0.0001181559,6,OOD_Class_5
Where can I view the picture Reaching Horizons,5,5,1,0.0005039464,6,OOD_Class_5
What is the closest movie house playing What the Swedish Butler Saw,6,5,0,8.257388e-05,6,OOD_Class_5
I want to eat panisses the nearby cafeteria in Naytahwaush,1,1,0,0.00010553211,6,OOD_Class_5
Find a movie called The Easy Way to Stop Smoking .,5,5,1,0.00010755216,6,OOD_Class_5
Where can I watch the television show called Fangs of the Arctic ?,5,5,1,0.00011329409,6,OOD_Class_5
I need to find the work Brotherly Love,5,5,1,0.00012235949,6,OOD_Class_5
show creativity Cum On Feel the Noize the video game,5,3,1,0.0012869007,6,OOD_Class_5
I want to book a restaurant for ten people.,1,1,0,0.00010986552,6,OOD_Class_5
Look for the Editor & Publisher TV series,5,5,1,0.00010096603,6,OOD_Class_5
what animated movies are at Fox Theatres,6,5,0,9.7294316e-05,6,OOD_Class_5
I want to listen to the album Magical Girl Lyrical Nanoha StrikerS,5,3,1,0.00011351636,6,OOD_Class_5
Find The Killing Fields .,5,5,1,0.00022537564,6,OOD_Class_5
Book a restaurant that serves capicollo in Kit Carson with ilene and aisha .,1,1,0,0.00011007176,6,OOD_Class_5
Give me the schedule for animated movies at the nearest cinema,6,5,0,8.1770675e-05,6,OOD_Class_5
Show The Caveman television show,5,5,1,0.00018011183,6,OOD_Class_5
Please put David Van Tieghem onto my throwback party playlist.,0,0,0,0.00016218833,6,OOD_Class_5
What's the weather in the current place ?,2,2,0,0.00010601711,6,OOD_Class_5
Play my Sophisticated Dinner playlist on Slacker,3,3,0,0.00010254894,6,OOD_Class_5
book a gluten free restaurant in Arp,1,1,0,0.00010200682,6,OOD_Class_5
Rate Shadow of Night a 1,4,4,0,9.796107e-05,6,OOD_Class_5
Find a soundtrack called I Still Believe in You .,5,3,1,0.000104464256,6,OOD_Class_5
She me movie schedules for the movies close by at sunset,6,5,0,7.629255e-05,6,OOD_Class_5
Play some fifties music by Chris Brown .,3,3,0,0.00012196542,6,OOD_Class_5
Add this tune to the Leche con Chocolate playlist,0,0,0,0.00015766431,6,OOD_Class_5
I need a reservation for around London Borough,1,1,0,9.981354e-05,6,OOD_Class_5
Add track to Hit Remix,0,0,0,0.00016314325,6,OOD_Class_5
I want to listen to the song Shamus,5,3,1,0.0001195495,6,OOD_Class_5
Find me the Extreme Ghostbusters game .,5,5,1,0.0005426936,6,OOD_Class_5
Give The Spirit House a 4 out of 6,4,4,0,9.796176e-05,6,OOD_Class_5
I need to find Best of the West Rides Again,5,5,1,9.939565e-05,6,OOD_Class_5
What is the movie schedule for movies close by,6,5,0,7.840761e-05,6,OOD_Class_5
Show Famous Classic Tales television show,5,5,1,0.0001504974,6,OOD_Class_5
Can you get me reservations for a highly rated restaurant in Seychelles,1,1,0,0.00011451098,6,OOD_Class_5
Find me the JQuery Mobile TV show,5,5,1,0.00014417681,6,OOD_Class_5
Get me the soundtrack from Sensation Comics .,5,3,1,0.00013237803,6,OOD_Class_5
I'd like to listen to Tom Cochrane 's 1990 ep on Zvooq .,3,3,0,0.00013078396,6,OOD_Class_5
I need a table for 4 at a place not far from Palau .,1,1,0,9.905862e-05,6,OOD_Class_5
Find The International Journal of Robotics Research soundtrack,5,5,1,0.0016571039,6,OOD_Class_5
What's the weather forecast for Croatia on jul. 25th,2,2,0,0.00011219502,6,OOD_Class_5
Play Dj Subroc on Itunes,3,3,0,0.00010800139,6,OOD_Class_5
add Michael Hayvoronsky to Lo Que Suena Los Angeles,0,0,0,0.00015514133,6,OOD_Class_5
I'd like to eat at a restaurant far from Grantsburg,1,1,0,9.657105e-05,6,OOD_Class_5
book a restaurant for november 19,1,1,0,0.000114251285,6,OOD_Class_5
Show me the book F-1 Grand Prix Part II,5,5,1,0.002635144,6,OOD_Class_5
find The Family Jams saga,5,5,1,0.00013308937,6,OOD_Class_5
add kurious jorge to my synth pop,0,0,0,0.0001585133,6,OOD_Class_5
find animated movies close by with a movie schedule,6,5,0,8.193116e-05,6,OOD_Class_5
Find a show called Ichibyōgoto ni Love for You .,5,5,1,0.00021137237,6,OOD_Class_5
what time can I expect films to start at the Bow Tie Cinemas,6,5,0,8.003286e-05,6,OOD_Class_5
Please find the show Kim Hyun-joong discography,5,5,1,0.00016110117,6,OOD_Class_5
Find a show called The Inheritors,5,5,1,0.00014022047,6,OOD_Class_5
find Phinally Phamous,5,5,1,0.00019674555,6,OOD_Class_5
Play the Electrochemical and Solid State Letters song,5,3,1,9.709781e-05,6,OOD_Class_5
show creativity of The Oxford Companion to Beer TV show,5,5,1,0.0015899725,6,OOD_Class_5
"Find me a bar in Eagle Pass , Vermont that serves noodle dishes, that will take reservations for 2/21/2021 .",1,1,0,0.00010845806,6,OOD_Class_5
"find The Ultimate Gift , a television show",5,5,1,0.00021646688,6,OOD_Class_5
find movie times,6,5,0,7.9253965e-05,6,OOD_Class_5
What is the weather forecast in 13 seconds in Grand Traverse Bay Bottomland Preserve,2,2,0,0.00011241344,6,OOD_Class_5
Find the schedule for The Solitude of Prime Numbers at the nearest cinema in 1 hour .,6,5,0,8.902061e-05,6,OOD_Class_5
Find a TV series called Live Hearts .,5,5,1,0.00020983722,6,OOD_Class_5
show the creativity of saga The Dissociatives,5,5,1,0.28671682,6,OOD_Class_5
"Can you please find me, Journals ?",5,5,1,0.00014002128,6,OOD_Class_5
Add bret mckenzie to my Pop Commute playlist,0,0,0,0.00015544704,6,OOD_Class_5
Add this track to anochecer urbano,0,0,0,0.00016538877,6,OOD_Class_5
I'd like to watch Take This Waltz,6,5,0,0.00012551634,6,OOD_Class_5
What time is The Christmas Toy playing at Loews Cineplex,6,5,0,8.5111606e-05,6,OOD_Class_5
Will there be a fog here this week ?,2,2,0,0.000104474784,6,OOD_Class_5
Will it be overcast in South Dakota,2,2,0,0.000106742984,6,OOD_Class_5
Add silver apples to teh sin estrés playlist.,0,0,0,0.00016947821,6,OOD_Class_5
play the Graduate Faculty Philosophy Journal album,5,3,1,0.000100130725,6,OOD_Class_5
Can you make reservations for a party of eight in Iowa,1,1,0,0.000119473145,6,OOD_Class_5
Show me the photograph called Hola Mary Lou Prom Night II .,5,5,1,0.11241707,6,OOD_Class_5
find book In the Valley,5,1,1,0.00060910865,6,OOD_Class_5
I want to listen to the soundtrack And Then There Was Light,5,3,1,0.00016272475,6,OOD_Class_5
Find Live at the Brixton Academy .,5,3,1,0.00032318605,6,OOD_Class_5
Please look up Two More Years soundtrack .,5,5,1,0.00083529006,6,OOD_Class_5
What time is The Rumyantsev Case playing at the closest cinema,6,5,0,8.52778e-05,6,OOD_Class_5
Find THUNDER IN THE EAST .,5,5,1,0.00071627885,6,OOD_Class_5
Show me KurdishMedia.com,5,5,1,0.00075685256,6,OOD_Class_5
add Animal Stories to maryanne's by Per Yngve Ohlin,0,0,0,0.00014566856,6,OOD_Class_5
Play Cherry Pink by Trapp Mendoza on Iheart,3,3,0,0.00011502616,6,OOD_Class_5
Play Halid 08 by video game pianist on Pandora,3,3,0,0.00011729531,6,OOD_Class_5
Play shadowplay by Dana on Deezer .,3,3,0,0.00011396457,6,OOD_Class_5
What's the forecast for MT next week ?,2,2,0,0.00010265544,6,OOD_Class_5
find the video game Tenacious D in The Pick of Destiny,5,5,1,0.00090839283,6,OOD_Class_5
what is the forecast for Orienta for hotter weather,2,2,0,0.00011121352,6,OOD_Class_5
I rate the current album four of 6,4,4,0,9.1042864e-05,6,OOD_Class_5
Please look for Catch a Falling Star,5,5,1,9.910932e-05,6,OOD_Class_5
Give this album three / 6 points,4,4,0,9.4024916e-05,6,OOD_Class_5
What will the weather be nineteen seconds from now from the Little Manatee River State Park,2,2,0,0.0001047817,6,OOD_Class_5
Find a photograph of Adventure Time The Secret of the Nameless Kingdom,5,5,1,0.00039611495,6,OOD_Class_5
show creative picture of Brenda’s Got a Baby,5,5,1,0.06562148,6,OOD_Class_5
Show me the show Goldimouse and the Three Cats,5,5,1,0.00016323004,6,OOD_Class_5
Where can I get a photograph of Death Knows Your Name ?,5,5,1,0.00044555595,6,OOD_Class_5
find Santikos Theatres showing animated movies,6,5,0,0.000102660524,6,OOD_Class_5
Show me the movie Sonic Triple Trouble,5,5,1,0.00012226398,6,OOD_Class_5
Search for the Un provinciale a New York TV show,5,5,1,0.00010506264,6,OOD_Class_5
I gave Chart Throb 4 of 6 stars,4,4,0,9.98936e-05,6,OOD_Class_5
give four stars out of 6 to current book,4,4,0,9.375035e-05,6,OOD_Class_5
I want to rate the current chronicle a two,4,4,0,9.901858e-05,6,OOD_Class_5
Use Netflix to play In The Arms Of A Woman playlist,3,3,0,0.00012459763,6,OOD_Class_5
show me the television show Operation Thunderbolt,5,5,1,0.00021382653,6,OOD_Class_5
Find the movie schedule .,6,5,0,7.6592114e-05,6,OOD_Class_5
Need to find the TV series called Administrative Behavior,5,5,1,0.00017978433,6,OOD_Class_5
rate the current textbook 4 of 6 points,4,4,0,9.0777285e-05,6,OOD_Class_5
Find a trailer called Colony 7 .,5,1,1,0.0003711693,6,OOD_Class_5
What is the closest movie theatre that is playing Moment to Moment ?,6,5,0,8.569402e-05,6,OOD_Class_5
"Please find me the work, Ace of Spades .",5,5,1,0.00032171537,6,OOD_Class_5
"what will the weather be in Lago Vista on October fourteenth, 2022",2,2,0,0.000106640866,6,OOD_Class_5
I give Nothing Lasts Forever 5 out of 6 points .,4,4,0,9.4577146e-05,6,OOD_Class_5
What's the weather in Kiahsville in the Cayman Islands,2,2,0,0.00011412875,6,OOD_Class_5
Can you find the TV show Faithless Street,5,5,1,0.00011696688,6,OOD_Class_5
Want to find a photograph called The Nine Maidens,5,5,1,0.00039149376,6,OOD_Class_5
Is the television show Kamen Rider OOO Wonderful The Shogun and the 21 Core Medals streaming anywhere?,5,5,1,0.00011838148,6,OOD_Class_5
The book History by Contract is rated five stars in my opinion.,4,4,0,0.000100578894,6,OOD_Class_5
"When will it be warmer in White Horse , Mauritius",2,2,0,9.6244505e-05,6,OOD_Class_5
show creative picture of Wonderful Town,5,5,1,0.012079483,6,OOD_Class_5
play a movement from top-20 1983 by Baruch Chait,3,3,0,0.000120015655,6,OOD_Class_5
What movies are playing in the neighborhood,6,5,0,8.026814e-05,6,OOD_Class_5
Put Kim Kibum in my the martin garrix show playlist.,0,0,0,0.00015310632,6,OOD_Class_5
find the TV series Truly Fine Citizen,5,5,1,0.00018286132,6,OOD_Class_5
listen to Westbam alumb Allergic on Google Music,3,3,0,0.00010805739,6,OOD_Class_5
Find a novel called Industry .,5,5,1,0.14403193,6,OOD_Class_5
I'd looking for the saga PlayCanvas .,5,5,1,0.00017078918,6,OOD_Class_5
Will there be rainfall four weeks from now in Tehama Bahamas,2,2,0,9.766662e-05,6,OOD_Class_5
Play some Oleg Anofriyev from 1960 .,3,3,0,0.00010596711,6,OOD_Class_5
find Cover Her Face,5,5,1,0.00016809707,6,OOD_Class_5
"Where can I purchase Papers in Regional Science , the album ?",5,5,1,0.0001499891,6,OOD_Class_5
Play music from the seventies for me.,3,3,0,0.00013368936,6,OOD_Class_5
rate this essay 5 of 6,4,4,0,9.329401e-05,6,OOD_Class_5
Look for the album called The Tale of Mr. Jeremy Fisher,5,3,1,0.0026311541,6,OOD_Class_5
"find Mother Earth , a TV show",5,5,1,0.00013064321,6,OOD_Class_5
rate the current essay zero out of 6 stars,4,4,0,9.247728e-05,6,OOD_Class_5
Find Wish You Were Here .,5,5,1,0.00015385925,6,OOD_Class_5
Play some Maynard James Keenan songs from Scenes From The Big Chair,3,3,0,0.000119254924,6,OOD_Class_5
Show me NCAA College Football 2K3,5,5,1,0.0019781168,6,OOD_Class_5
Play the song Victim Of Changes from Hawkshaw Hawkins on Spotify,3,3,0,0.00010007909,6,OOD_Class_5
find a painting called The Other Bank,5,5,1,0.0001645162,6,OOD_Class_5
book a spot at a highly rated tavern in Colombia,1,1,0,0.000111379784,6,OOD_Class_5
"What's the weather like in Tyonek , New Jersey",2,2,0,0.00011581322,6,OOD_Class_5
add a mina caputo album to my after hours party,0,0,0,0.000159056,6,OOD_Class_5
add thomas anders to my crossroad blues,0,0,0,0.00015066398,6,OOD_Class_5
Book a table for 3 at a top-rated restaurant .,1,1,0,0.00011777084,6,OOD_Class_5
Fine a movie called Right Here Right Now .,5,5,1,0.00010406437,6,OOD_Class_5
Where is the TV show Bomberman Land Touch! 2,5,5,1,0.00015538235,6,OOD_Class_5
add track to Punk Essentials,0,0,0,0.00019175549,6,OOD_Class_5
Find The International Journal of Robotics Research soundtrack,5,5,1,0.0016571039,6,OOD_Class_5
rate the book The Ninth Avatar 3 out of 6 stars,4,4,0,9.4209136e-05,6,OOD_Class_5
"Is it warmer in Monson , U.S. Minor Outlying Islands",2,2,0,0.000104571904,6,OOD_Class_5
Can you please find the Jack Johnson En Concert picture ?,5,5,1,0.00012624712,6,OOD_Class_5
play The New Noise Theology E.P.,5,3,1,9.747656e-05,6,OOD_Class_5
What is the temperature at Eifel National Park,2,2,0,0.000116661526,6,OOD_Class_5
Play eighties music,3,3,0,0.0001158717,6,OOD_Class_5
Please rate Think Like a Freak 3 points out of 6 .,4,4,0,0.000100089404,6,OOD_Class_5
What Can I watch watch the television show Catch,5,5,1,0.00010937614,6,OOD_Class_5
Is it freezing in Vega Alta,2,2,0,0.00010736753,6,OOD_Class_5
What time is The Face in the Moonlight showing?,6,5,0,0.000100674784,6,OOD_Class_5
show More Questions Than Answers trailer,5,5,1,0.00081692246,6,OOD_Class_5
Find the TV show titled The Three Leaps of Wang Lun,5,5,1,0.00017500742,6,OOD_Class_5
Book restaurnt at N9NE Group in Loogootee UT,1,1,0,8.164131e-05,6,OOD_Class_5
"Book a table at Top Pot Doughnuts in Greensburg , AMerican Samoa",1,1,0,9.433609e-05,6,OOD_Class_5
"Is there an expected blizzard in Brook , Tennessee today ?",2,2,0,0.00010716203,6,OOD_Class_5
"find Episodi di South Park , a trailer",5,5,1,0.00020527469,6,OOD_Class_5
play David Banner on Netflix,3,3,0,0.00011258074,6,OOD_Class_5
where is My Song Goes Forth playing,6,5,0,9.6526084e-05,6,OOD_Class_5
rate Six Months in Mexico 1 out of 6,4,4,0,9.3111164e-05,6,OOD_Class_5
I want to read the book The Lion Sleeps Tonight,5,3,1,0.00063507346,6,OOD_Class_5
Book a restaurant at Tennessee,1,1,0,0.00010026069,6,OOD_Class_5
book a spot for seven in 8 seconds from now,1,1,0,0.00010669867,6,OOD_Class_5
I want to watch the trailer to Worms 2 Armageddon .,5,5,1,0.00014567377,6,OOD_Class_5
find the book The Crowd Roars,5,5,1,9.208056e-05,6,OOD_Class_5
find a movie called Emerald City,5,5,1,8.978996e-05,6,OOD_Class_5
I want Sugarfoot,5,2,1,0.0026075142,6,OOD_Class_5
I want to watch the movie Maxime,5,5,1,9.210015e-05,6,OOD_Class_5
Add this lbc crew tune to my Rock Argentino Vol I playlist,0,0,0,0.00015567595,6,OOD_Class_5
Find me Shack Out on 101,5,1,1,0.00019123704,6,OOD_Class_5
I'd like to see the saga 12 Soulful Nights of Christmas,5,5,1,0.00015720629,6,OOD_Class_5
book a spot for selma and molly at a steakhouse with saucisse that is close-by McSherrystown,1,1,0,0.00011950173,6,OOD_Class_5
Show me the movie schedules for the nearest movie theatre in Invasion U.S.A. .,6,5,0,8.7726854e-05,6,OOD_Class_5
Book a table for a party of twelve in Lewisville AMerican Samoa for a party of 7 at the Ballachulish House,1,1,0,0.00011292684,6,OOD_Class_5
I'd like a movie schedule for a close by movies,6,5,0,8.687257e-05,6,OOD_Class_5
find Sailing The Seas Of Cheese,5,5,1,0.00016400374,6,OOD_Class_5
"Play my Hardstyle, Baby playlist on Netflix",3,3,0,0.00010189787,6,OOD_Class_5
"find The Life of Riley , a photograph",5,5,1,0.0002850979,6,OOD_Class_5
Give five out of 6 points to this album,4,4,0,9.247666e-05,6,OOD_Class_5
add album to my classical essentials playlist,0,0,0,0.0001649871,6,OOD_Class_5
play the 2014 album from la lupe,3,3,0,0.00012651503,6,OOD_Class_5
I need a restaurant that has internet access for a party of six,1,1,0,0.00011753147,6,OOD_Class_5
Find a book called The Polish Bride .,5,5,1,0.0002893868,6,OOD_Class_5
Find me Recorder and Randsell,5,5,1,0.00016586664,6,OOD_Class_5
I would like to book a brasserie for nine in AR,1,1,0,9.773178e-05,6,OOD_Class_5
Is it snowy in Audra State Park or within the same area,2,2,0,9.40108e-05,6,OOD_Class_5
what films are showing nearby,6,5,0,8.026757e-05,6,OOD_Class_5
Can you get me The Education of Little Tree song ?,5,5,1,0.0411594,6,OOD_Class_5
I'm looking for you to get me Jack of Shadows .,5,5,1,0.00057145784,6,OOD_Class_5
what is the weather forecast for La Cienega,2,2,0,0.00011208574,6,OOD_Class_5
find me the book Filthy Lucre Live,5,5,1,0.00027696573,6,OOD_Class_5
Will there be fog in Tahquamenon Falls State Park ?,2,2,0,0.00011373609,6,OOD_Class_5
Play music on groove shark,3,3,0,0.00011943222,6,OOD_Class_5
Please find the work titled Talking to Heaven,5,5,1,0.00044786822,6,OOD_Class_5
Find The Garden of Eden,5,5,1,0.00017527663,6,OOD_Class_5
add décadas to my list Neo da Matrix,0,0,0,0.00017223181,6,OOD_Class_5
Show the TV show The Last Samurai .,5,5,1,0.0001618623,6,OOD_Class_5
Add viktor merjanov to california rock state,0,0,0,0.00015139762,6,OOD_Class_5
rate the current book 5 of 6 points,4,4,0,9.042337e-05,6,OOD_Class_5
Find movie times for close by films .,6,5,0,8.9369765e-05,6,OOD_Class_5
What is the television show Phil Ochs There but for Fortune playing,5,5,1,9.6535456e-05,6,OOD_Class_5
Hocus Bogus gets a 2 of 6 .,4,4,0,0.0001061267,6,OOD_Class_5
add Daedelus to my Lazy Chill Afternoon,0,0,0,0.00015213763,6,OOD_Class_5
Rate the current essay three of 6 points,4,4,0,9.131052e-05,6,OOD_Class_5
How is the weather going to be on child health day in Trinidad and Tobago ?,2,2,0,0.00012995604,6,OOD_Class_5
Play Shinehead 's music from the twenties on Slacker .,3,3,0,0.00011740844,6,OOD_Class_5
add git to Domingo Indie,0,0,0,0.00017197646,6,OOD_Class_5
Is it going to be hotter within walking distance of Ohio on 3/22/2038,2,2,0,0.00012479258,6,OOD_Class_5
Show me the saga My Darling,5,5,1,0.0120761255,6,OOD_Class_5
Where can I listen to Willy and the Poor Boys,5,3,1,0.0007548564,6,OOD_Class_5
Add One Good Reason to the bachelor party playlist,0,0,0,0.00015408515,6,OOD_Class_5
Give two stars to Scribblings,4,4,0,0.00010801003,6,OOD_Class_5
find a painting called The Wipers Times,5,5,1,0.00019325454,6,OOD_Class_5
give two stars to current album,4,4,0,0.000105097126,6,OOD_Class_5
I am looking for the TV show titled Catchphrase,5,5,1,0.00011541623,6,OOD_Class_5
what is the nearest movie house showing animated movies,6,5,0,9.175806e-05,6,OOD_Class_5
Find a picture called Neighbourhood .,5,5,1,0.0097003495,6,OOD_Class_5
Use netflix to play a record by Emil Gilels from year 2015,3,3,0,0.00011424278,6,OOD_Class_5
show me Chasing a Feeling painting,5,5,1,0.0047202916,6,OOD_Class_5
rate this book titled Cold two stars,4,4,0,9.139972e-05,6,OOD_Class_5
Play Slow Rock on Lastfm .,3,3,0,0.00010622674,6,OOD_Class_5
show book name Straight No Chase,5,5,1,0.00021159844,6,OOD_Class_5
What time is The Graduates of Malibu High playing at Cobb Theatres,6,5,0,8.594583e-05,6,OOD_Class_5
I'd like for you to put this artist to my Evening Commute playlist.,0,0,0,0.00016425867,6,OOD_Class_5
Add sara hickman to my Targeted list,0,0,0,0.00016530497,6,OOD_Class_5
Does Wildorado have a hot temperature,2,2,0,0.00019553785,6,OOD_Class_5
I want television show Come Again Smith,5,5,1,0.00016770461,6,OOD_Class_5
I want to see the trailer Amor Puro,5,5,1,8.703535e-05,6,OOD_Class_5
Play Lorenzo Palacios Quispe,3,3,0,9.7569995e-05,6,OOD_Class_5
show me the movie schedule in the neighbourhood movies,6,5,0,8.2815204e-05,6,OOD_Class_5
I'd like to see the saga Tamagotchi 64 Minna de Tamagotchi World,5,5,1,0.00015332879,6,OOD_Class_5
Show me The Advocate,5,5,1,0.00021942673,6,OOD_Class_5
Rate the current chronicle a two,4,4,0,9.7578566e-05,6,OOD_Class_5
book a restaurant that serves trottole in Tillicum,1,1,0,9.433407e-05,6,OOD_Class_5
I am looking for Shoot Me Down,5,5,1,0.00013939447,6,OOD_Class_5
Use Itunes to play a soundtrack from the year 1954,3,3,0,0.00011418588,6,OOD_Class_5
Can you please search Ellington at Newport ?,5,5,1,0.00013282377,6,OOD_Class_5
rate the current essay a one,4,4,0,9.485461e-05,6,OOD_Class_5
Book me a table at a Tartinery Restaurant not far from my home in Elk Rapids .,1,1,0,0.000106184205,6,OOD_Class_5
She me the Sons of Satan Praise the Lord picture,5,5,1,0.0005659726,6,OOD_Class_5
Find a book called Screwed .,5,5,1,0.0017897952,6,OOD_Class_5
please put this tune on the irish folk – jigs & reels playlist,0,0,0,0.00013886057,6,OOD_Class_5
What are the animated movies in the neighbourhood for the recent movie times,6,5,0,8.884745e-05,6,OOD_Class_5
Where can I view the photograph Occasional Wife,5,5,1,0.00015015247,6,OOD_Class_5
Play music on the playlist Electronic Gaming,3,3,0,0.00011104824,6,OOD_Class_5
painting of Live from the El Rey Theatre,5,3,1,0.00014730245,6,OOD_Class_5
Find The Way West show,5,5,1,8.3054445e-05,6,OOD_Class_5
Look up the game called The Long Morrow,5,5,1,0.0003795428,6,OOD_Class_5
Will it be freezing on 4/20/2038 in AMerican Beach NC,2,2,0,0.000113404734,6,OOD_Class_5
Find me the Balance and Timing book,5,5,1,0.002401057,6,OOD_Class_5
What is the weather forecast in Canfield at 222322,2,2,0,0.000115304305,6,OOD_Class_5
What is Lost Land of the Tiger,5,5,1,0.00032720657,6,OOD_Class_5
Find me a TV show called Baby Blue,5,5,1,0.000115846495,6,OOD_Class_5
Book me a restaurant that serves festoni for eight in New Hampshire,1,1,0,0.00010042306,6,OOD_Class_5
Play me the show Cheaper By the Dozen 2,5,3,1,0.00010212784,6,OOD_Class_5
"Please look up the work, Bachelor Pad .",5,5,1,0.00013464429,6,OOD_Class_5
Play me the soundtrack Ready,5,3,1,0.00010022913,6,OOD_Class_5
Which animated movies are being screened at Marcus Corporation ?,6,5,0,9.033527e-05,6,OOD_Class_5
book a highly rated bar in Curacao for one,1,1,0,9.534732e-05,6,OOD_Class_5
What movie times are Harkins Theatres,6,5,0,7.756949e-05,6,OOD_Class_5
"Please look up the novel , Live to Dance .",5,3,1,0.0013741734,6,OOD_Class_5
find a book called Follow Me,5,5,1,0.0019360551,6,OOD_Class_5
Rate Therapy a zero,4,4,0,9.719812e-05,6,OOD_Class_5
find the movie You Must First Learn to Draw the Real,5,5,1,0.000105191066,6,OOD_Class_5
Please search the Ironbound picture .,5,5,1,0.00018134453,6,OOD_Class_5
Find the Show Your Hand show,5,5,1,0.00013948366,6,OOD_Class_5
I gave the current chronicle a 3 of 6,4,4,0,0.0001022623,6,OOD_Class_5
Play concerto from the eighties,3,3,0,0.00012528445,6,OOD_Class_5
"Please search for the TV show , The Best of White Lion .",5,5,1,0.00012925258,6,OOD_Class_5
Find Business Ethics A European Review .,5,4,1,0.0005725634,6,OOD_Class_5
I want lance king in my list called One Love,0,0,0,0.00016669964,6,OOD_Class_5
Show movies in the neighborhood,6,5,0,8.876041e-05,6,OOD_Class_5
Is it warm at seven AM in Greenland,2,2,0,0.000107578,6,OOD_Class_5
Find Stained Glass Windows .,5,5,1,0.00036737442,6,OOD_Class_5
I want a table for eight at GU,1,1,0,0.00012318266,6,OOD_Class_5
play the most popular Miles Jones track,3,3,0,0.00010685058,6,OOD_Class_5
Where to buy book Charlie Countryman deve morire,5,1,1,0.00017665714,6,OOD_Class_5
"What will the weather be in Montevallo on july ninth, 2018 ?",2,2,0,0.00010467975,6,OOD_Class_5
Find the saga A Very School Gyrls Holla-Day .,5,5,1,0.0016825452,6,OOD_Class_5
I need a table for 4 at The Brass Rail .,1,1,0,0.00012463366,6,OOD_Class_5
What's the weather in Timbo ?,2,2,0,0.00010447567,6,OOD_Class_5
"find Long Walk to Forever , a novel",5,5,1,0.00022196716,6,OOD_Class_5
find the Deathsmiles II soundtrack,5,3,1,0.00025766762,6,OOD_Class_5
Find a television show called Swing High .,5,5,1,0.00011928725,6,OOD_Class_5
Give four stars out of 6 to Practice to Deceive,4,4,0,0.00010077565,6,OOD_Class_5
Play some tango .,3,3,0,0.00011126728,6,OOD_Class_5
put this artist on Domingo Indie,0,0,0,0.00014453496,6,OOD_Class_5
add track to my Las Canciones Más Lindas Del Mundo playlist,0,0,0,0.00017409028,6,OOD_Class_5
Where can I buy a hardcover copy of the book The Intangibles of Leadership ?,5,5,1,0.00070839917,6,OOD_Class_5
rate the Which Moped with Chrome-plated Handlebars at the Back of the Yard ? saga a one,4,4,0,0.00010007955,6,OOD_Class_5
Give The Plague a 0,4,4,0,9.9794815e-05,6,OOD_Class_5
add Bedroom Jams to album,0,0,0,0.00017290482,6,OOD_Class_5
Find television show on Windows Live TV,5,5,1,0.0001579173,6,OOD_Class_5
Will there be snowfall this month in UT,2,2,0,0.00010519091,6,OOD_Class_5
Tell me the weather forecast for Korona,2,2,0,0.00012430771,6,OOD_Class_5
book a table in Sterling Run for two with a pool and food court,1,1,0,0.00010775781,6,OOD_Class_5
Please search the game ATLA All This Life Allows .,5,5,1,0.0011115836,6,OOD_Class_5
I give this book five stars out of 6,4,4,0,9.2116104e-05,6,OOD_Class_5
find animated movies nearest at a movie house,6,5,0,7.8485406e-05,6,OOD_Class_5
add this song to my southern gothic playlist,0,0,0,0.00015491663,6,OOD_Class_5
find Join the Dots B-sides and Rarities,5,5,1,0.0009451365,6,OOD_Class_5
find the picture Nur mit Dir – A Walk to Remember,5,5,1,0.00014331604,6,OOD_Class_5
Show me the saga The Buffalo Boy,5,5,1,0.007876368,6,OOD_Class_5
find the TV series Treeful of Starling,5,5,1,0.00018169211,6,OOD_Class_5
Is it snowy in Fort Ross State Historic Park ?,2,2,0,0.00010175134,6,OOD_Class_5
Tell me if it'll blizzard in KS,2,2,0,0.0001031564,6,OOD_Class_5
I need a weather forecast for Tallahassee-St. Marks Historic Railroad State Trail,2,2,0,0.0001130711,6,OOD_Class_5
I'd like to give The Harder They Come two points,4,4,0,9.7671094e-05,6,OOD_Class_5
Go to Attack of the Planet Smashers,5,3,1,0.0073877983,6,OOD_Class_5
I need a reservation for 8 at a top-rated restaurant in Hagaman,1,1,0,0.000101915844,6,OOD_Class_5
add tune to my relax & unwind playlist,0,0,0,0.00017030638,6,OOD_Class_5
show creativity of Official History of Australia in the War of 1914–1918,5,5,1,0.012915363,6,OOD_Class_5
rate this book saga 3 out of 6 stars,4,4,0,9.256756e-05,6,OOD_Class_5
Can you look up the Molecular Oncology saga ?,5,6,1,0.8638718,6,OOD_Class_5
Add this track to my Tropical Morning playlist,0,0,0,0.00015491675,6,OOD_Class_5
Play the last song by Goldie,3,3,0,0.00011558782,6,OOD_Class_5
I would like to rate this album 3 points and a best rating of 6,4,4,0,9.681965e-05,6,OOD_Class_5
Find the novel called Loyalty .,5,5,1,0.0011993329,6,OOD_Class_5
Can you find me The Sword with No Name trailer ?,5,5,1,0.00016219307,6,OOD_Class_5
Please search the Abby saga .,5,5,1,0.00024007278,6,OOD_Class_5
rate the book The World Is Full of Divorced Women 2 out of 6 stars,4,4,0,0.00010008884,6,OOD_Class_5
Find a photograph called Cold Weather .,5,2,1,0.005807337,6,OOD_Class_5
find a photograph called Between the Days,5,5,1,0.00022768561,6,OOD_Class_5
"I want to take christy, louise and alexandra to eat at 173804 anywhere in NE",1,1,0,0.00011808988,6,OOD_Class_5
Give me Pacific Theatres movie schedules,6,5,0,8.1690065e-05,6,OOD_Class_5
Where can I listen to the song The Imposter ?,5,3,1,0.000118821554,6,OOD_Class_5
The Battle for Skies gets a three,4,4,0,9.853411e-05,6,OOD_Class_5
Make me a reservation at a bar for a party of 7 in indonesian,1,1,0,0.00010403701,6,OOD_Class_5
Add this album to my pop playlist,0,0,0,0.00015605454,6,OOD_Class_5
show me Convicted,5,5,1,0.004119629,6,OOD_Class_5
show me the painting Live – Very Live in Concert,5,5,1,0.0011454846,6,OOD_Class_5
rate Special Assignments 0 of 6 points,4,4,0,9.430102e-05,6,OOD_Class_5
Please get me the Before Crisis Final Fantasy VII television show .,5,5,1,0.0003306421,6,OOD_Class_5
Can you please find me The Biggest Loser Brunei The Spirit of Life photograph ?,5,5,1,0.00017473707,6,OOD_Class_5
Where can I find Tales of Ghost Castle ?,5,5,1,0.00017751161,6,OOD_Class_5
Find the Envoy of Lucifer show,5,5,1,0.00011077177,6,OOD_Class_5
find the novel The Last of Sheila,5,5,1,0.00029307374,6,OOD_Class_5
What are the timings for Starship Troopers 2 ?,6,5,0,0.0007696061,6,OOD_Class_5
rate The Pagan Christ zero points out of 6,4,4,0,8.678935e-05,6,OOD_Class_5
I give Life During Wartime a one out of 6 .,4,4,0,9.824848e-05,6,OOD_Class_5
Please book me a table for three at an american gastropub,1,1,0,0.00011789028,6,OOD_Class_5
Search for The Sound of One Hand Clapping,5,3,1,0.001046602,6,OOD_Class_5
play some Annie Herring beat street on itunes,3,3,0,9.8626726e-05,6,OOD_Class_5
give four out of 6 stars for this chronicle,4,4,0,9.4577554e-05,6,OOD_Class_5
put this song in the playlist Trap Land,0,0,0,0.00014846858,6,OOD_Class_5
the stars for this are 4 for a textbook,4,4,0,0.00010602423,6,OOD_Class_5
show me the movie schedule,6,5,0,7.719249e-05,6,OOD_Class_5
add track Nature Noise to my playlist,0,0,0,0.00016085226,6,OOD_Class_5
Find the movie schedules for me,6,5,0,7.2942436e-05,6,OOD_Class_5
find the photograph The Air Is on Fire Soundscape,5,5,1,0.00020205847,6,OOD_Class_5
find Half a Truth,6,5,0,0.0010732887,6,OOD_Class_5
Rate The Best American Short Stories 2007 one out of 6 points,4,4,0,9.8729346e-05,6,OOD_Class_5
Show The Man from London video game,5,5,1,0.0005905887,6,OOD_Class_5
Book a bar in Holtville ND for 7 people.,1,1,0,8.73401e-05,6,OOD_Class_5
I want to World of Warcraft Tides of Darkness,5,5,1,0.010613681,6,OOD_Class_5
Please find me the Projekt The New Face of Goth .,5,5,1,0.0068510077,6,OOD_Class_5
give 4 out of 6 stars to this textbook,4,4,0,9.950447e-05,6,OOD_Class_5
Who published the novel JamesEdition ?,5,5,1,0.00064687233,6,OOD_Class_5
whats the movie schedules for General Cinema Corporation,6,5,0,8.0660095e-05,6,OOD_Class_5
What's the weather in Singapore,2,2,0,0.000113850394,6,OOD_Class_5
I'd like to listen to the song The Natural Farmer,5,3,1,0.00010964902,6,OOD_Class_5
I'd like to find Scriptures of the Golden Eternity TV series,5,5,1,0.0003993039,6,OOD_Class_5
Find the song titled The Rivalry Red v. Blue,5,3,1,0.00017453612,6,OOD_Class_5
I'd like a table at a restaurant in KS in 5 hours from now,1,1,0,0.00012386564,6,OOD_Class_5
find the trailer for Live at Hull,5,5,1,0.00014246289,6,OOD_Class_5
find the painting Retro Active,5,5,1,0.00025336156,6,OOD_Class_5
add artist post metal to playlist,0,0,0,0.00017039156,6,OOD_Class_5
I would give Sentenced to Prism a rating of zero and a best rating of 6,4,4,0,0.000110894835,6,OOD_Class_5
I'd like to see the television show Best-Of Design of a Decade 2003–2013,5,5,1,0.00020432191,6,OOD_Class_5
Find a TV show called Zen The Music of Fred Katz .,5,5,1,0.00039012922,6,OOD_Class_5
play saga The Yellow Rose of Texas,5,3,1,9.273886e-05,6,OOD_Class_5
look for the creative work The Testament of Gideon Mack,5,5,1,0.0010590998,6,OOD_Class_5
Find Once Upon a Time in the West,5,5,1,0.00043129938,6,OOD_Class_5
I want to hear some The Roches,3,3,0,0.00012793855,6,OOD_Class_5
Give the current novel 5 points,4,4,0,9.476189e-05,6,OOD_Class_5
I want to watch TV series The Practical Pig,5,5,1,0.00014587394,6,OOD_Class_5
book a table in Connecticut in Robinette for one second from now,1,1,0,0.000109905304,6,OOD_Class_5
I want to hear a 1976 symphony by Jam Master Jay,3,3,0,0.00012775605,6,OOD_Class_5
Find the Cold Dead Hand video game for me,5,5,1,0.0014974562,6,OOD_Class_5
Find the movie schedule in the area .,6,5,0,7.409066e-05,6,OOD_Class_5
Will it be hot in the Netherlands on February 16th ?,2,2,0,0.00010126082,6,OOD_Class_5
please rate this essay three out of 6,4,4,0,9.3476105e-05,6,OOD_Class_5
Can I hear the song American High .,5,3,1,0.00010452746,6,OOD_Class_5
Find me the album The Demon,5,3,1,0.0011089176,6,OOD_Class_5
I need a photograph of Days of Wine and Roses and Other TV Requests,5,5,1,0.00020363751,6,OOD_Class_5
Where can I find Appalachian Journey,5,5,1,0.000118227,6,OOD_Class_5
Look for the Girl in Mirror movie,5,5,1,0.00010519218,6,OOD_Class_5
"book a table for June the thirteenth, 2033 in Saint Barthélemy for 6 at an indoor tea house",1,1,0,9.5551324e-05,6,OOD_Class_5
Please make reservations for a bar close-by in Lake Alfred .,1,1,0,0.00011109798,6,OOD_Class_5
add this artist to my Electronic Bliss playlist,0,0,0,0.00016981074,6,OOD_Class_5
"Find me the novel , Between the Rivers .",5,5,1,0.00021024168,6,OOD_Class_5
show me the picture Sex and Drugs and Jesus Christ,5,6,1,0.79323626,6,OOD_Class_5
give 0 points to The Eudaemonic Pie,4,4,0,9.729333e-05,6,OOD_Class_5
rate the book The Orchard Book of First Greek Myths a 0,4,4,0,9.989328e-05,6,OOD_Class_5
show game Alien Breed II - The Horror Continues,5,5,1,0.00053524313,6,OOD_Class_5
Is Redacted playing at the closest cinema ?,6,5,0,8.4201645e-05,6,OOD_Class_5
Can I get the movies showtimes for the closest movie house .,6,5,0,9.513276e-05,6,OOD_Class_5
Where to get painting of Channel 4 News,5,5,1,0.00013638721,6,OOD_Class_5
book a brasserie for one,1,1,0,0.000105986954,6,OOD_Class_5
Show me the game Music Bank,5,5,1,0.0005614848,6,OOD_Class_5
List movie schedules,6,5,0,7.423319e-05,6,OOD_Class_5
Can you find the painting The Crow Original Motion Picture Soundtrack,5,5,1,0.0006241751,6,OOD_Class_5
Show me the book Playlist The Very Best of Dolly Parton,5,5,1,0.00042304536,6,OOD_Class_5
Find an album called Preminchi Choodu .,5,3,1,0.00021356586,6,OOD_Class_5
Is it warm in Vietnam,2,2,0,0.00010632471,6,OOD_Class_5
play Netflix tunes from 2003 on an album,3,3,0,0.00010508815,6,OOD_Class_5
Book a bar that serves ribs for 5 people.,1,1,0,0.00010902392,6,OOD_Class_5
I need work of Father Dearest,5,5,1,0.0009076242,6,OOD_Class_5
add this track to my flamenco pa ti,0,0,0,0.00015820393,6,OOD_Class_5
look for the book titled Iranian Journal of Fuzzy Systems,5,6,1,0.5586677,6,OOD_Class_5
Play a new song form the eighties,3,3,0,0.00010240412,6,OOD_Class_5
find Journal of the Society for American Music,5,5,1,0.0014579115,6,OOD_Class_5
Rate Richard Carvel 4 out of 6,4,4,0,9.375008e-05,6,OOD_Class_5
Play a sixties song .,3,3,0,0.00012298266,6,OOD_Class_5
find the picture Their Finest Hour,5,5,1,0.0001982638,6,OOD_Class_5
find TV series titled Sonata Mix Dwarf Cosmos,5,5,1,0.00022110186,6,OOD_Class_5
Find the Steady as She Goes saga,5,5,1,0.00011649185,6,OOD_Class_5
Play concerto from 1951,3,3,0,0.00012394563,6,OOD_Class_5
play an album on Netflix by chris castle from 2011,3,3,0,0.000118271455,6,OOD_Class_5
I want to listen to some Saori Atsumi from the twenties on Deezer,3,3,0,0.00012964,6,OOD_Class_5
Show the Sad Songs for Dirty Lovers album,5,3,1,0.0008620899,6,OOD_Class_5
Give me a link to the A Little Something for Us Tempunauts soundtrack .,5,0,1,0.00039269353,6,OOD_Class_5
give zero out of 6 stars to Smart Girls Get What They Want book,4,4,0,0.00010246252,6,OOD_Class_5
What type of movie is Houston Press ?,5,5,1,9.274715e-05,6,OOD_Class_5
what animated movies are showing at Star Theatres,6,5,0,9.430142e-05,6,OOD_Class_5
Can you find me the painting titled Across the Line ?,5,5,1,0.00044231265,6,OOD_Class_5
Find a picture of Music Hole,5,5,1,0.006040668,6,OOD_Class_5
Find the novel What We Did on Our Holiday,5,5,1,0.00014373977,6,OOD_Class_5
find close by movie schedule movies,6,5,0,8.026751e-05,6,OOD_Class_5
Can you search A Song for Mama book for me?,5,5,1,0.0008792292,6,OOD_Class_5
I give the following textbook 3 points .,4,4,0,9.531893e-05,6,OOD_Class_5
Where can I find the work It Was Raining That Night ?,5,5,1,0.0008869453,6,OOD_Class_5
Play chant music by Ira Losco on Iheart .,3,3,0,0.00011491275,6,OOD_Class_5
"Where do i purchase the book , Baby-Sittor ?",5,5,1,0.00011848837,6,OOD_Class_5
Can you find me the Restless Natives ?,5,5,1,0.00011884513,6,OOD_Class_5
I'd like to watch movies at KB Theatres,6,5,0,9.420815e-05,6,OOD_Class_5
Find a game called The Guyra Ghost Mystery .,5,5,1,0.0019334394,6,OOD_Class_5
Can you find the novel Journal of Social Work,5,5,1,0.00026067207,6,OOD_Class_5
find the show The Best of The Township Idols,5,5,1,0.00023748023,6,OOD_Class_5
How do I find the soundtrack African Development Perspectives Yearbook ?,5,3,1,0.0006574659,6,OOD_Class_5
Give The Fox and the Hound a 1,4,4,0,0.00010478848,6,OOD_Class_5
What's the weather like in Topock,2,2,0,0.00010653643,6,OOD_Class_5
I need seats for five at a place five and a half months from now,1,1,0,0.000106601074,6,OOD_Class_5
Add Geschwisterliebe to my string theory playlist.,0,0,0,0.00017865424,6,OOD_Class_5
Show the Philosophy and Phenomenological Research saga,5,6,1,0.74414474,6,OOD_Class_5
Put another track in the keep calm playlist.,0,0,0,0.00015057833,6,OOD_Class_5
show creativity of Mind Chaos,5,6,1,0.6392836,6,OOD_Class_5
Play me the last 1980 record by Brenda Kahn,3,3,0,0.000111052694,6,OOD_Class_5
Play music from 2012 on google music,3,3,0,0.0001160979,6,OOD_Class_5
Play music by Damien Rice,3,3,0,0.00013427917,6,OOD_Class_5
Find A World Apart .,5,5,1,0.0014810376,6,OOD_Class_5
give Jackass Investing a three,4,4,0,0.00010366911,6,OOD_Class_5
book a table for my step father and I,1,1,0,0.00012997541,6,OOD_Class_5
Give this album 1 stars .,4,4,0,0.00010186347,6,OOD_Class_5
I'd like to see the saga Song of the Saurials,5,5,1,0.00011860364,6,OOD_Class_5
give 2 for this essay,4,4,0,0.000108644046,6,OOD_Class_5
what is the Coulee City MT forecast,2,2,0,0.00010580456,6,OOD_Class_5
out of 6 The Black Unicorn rates points of 2,4,4,0,0.000100479905,6,OOD_Class_5
Is it colder faraway from my current spot ?,2,2,0,9.8142256e-05,6,OOD_Class_5
Can you find the album SimpleScreenRecorder,5,3,1,0.00022795908,6,OOD_Class_5
Play any music on Spotify,3,3,0,0.00011948994,6,OOD_Class_5
show me God Bless the Child photograph,5,5,1,0.00037549532,6,OOD_Class_5
play the game Sugarfoot,5,3,1,0.000100648525,6,OOD_Class_5
what movies at Star Theatres .,6,5,0,8.469653e-05,6,OOD_Class_5
Let me know the weather forecast around ten Pm faraway from here in Park Narodowy Brimstone Hill Fortress .,2,2,0,0.0001151906,6,OOD_Class_5
Find The Press of Atlantic City movie,5,5,1,7.8783676e-05,6,OOD_Class_5
show creativity In the Red saga,5,5,1,0.09082105,6,OOD_Class_5
Find Five Came Back for me,5,5,1,0.0013104111,6,OOD_Class_5
ad Czarna dziewczyna to instrumental madness playlist,0,0,0,0.00019599956,6,OOD_Class_5
show creativity in Ah,5,5,1,0.21115533,6,OOD_Class_5
find the video game The Tomb,5,5,1,0.0013937873,6,OOD_Class_5
Find WxHexEditor .,5,5,1,0.0008003495,6,OOD_Class_5
I rate three points for the book The Early Coorgs,4,4,0,8.721221e-05,6,OOD_Class_5
I'd like to play the video game Time to Kill,5,3,1,0.00017771416,6,OOD_Class_5
Search for The Toucher and Rich Show,5,5,1,0.000105382715,6,OOD_Class_5
Show me the nearest movie house showing He Won a Ranch,6,5,0,8.772645e-05,6,OOD_Class_5
show creative book named Pencil Thin Mustache,5,5,1,0.0036654496,6,OOD_Class_5
I'm looking for a picture titled Rock Painting,5,5,1,0.015506796,6,OOD_Class_5
Book the Union Oyster House in Guanica Puerto Rico .,1,1,0,0.00010435143,6,OOD_Class_5
Will there be a blizzard in Saudi Arabia around 2 o'clock,2,2,0,0.00011241376,6,OOD_Class_5
Where can I watch the picture I’ll Take Care of You ?,5,5,1,0.00011758338,6,OOD_Class_5
What kind of weather will be in VA 12 years from now ?,2,2,0,0.000107792126,6,OOD_Class_5
Where can I find the Ricky Skaggs discography,5,5,1,0.00018494172,6,OOD_Class_5
Which cinema can I go to to see Lilly the Witch The Dragon and the Magic Book ?,6,5,0,8.884727e-05,6,OOD_Class_5
find a video game called Fare Thee Well Celebrating 50 Years of the Grateful Dead,5,3,1,0.0021862728,6,OOD_Class_5
what is a weather of Martinique a month from now,2,2,0,9.901188e-05,6,OOD_Class_5
I want to watch the TV show Tales from Space About a Blob,5,5,1,0.00014418016,6,OOD_Class_5
show creativity of Pocket Full of Kryptonite,5,5,1,0.029424787,6,OOD_Class_5
play Cry Baby Lane,5,3,1,8.883221e-05,6,OOD_Class_5
I'm looking for the Pokémon The Movie 2000 TV show,5,5,1,0.00012926047,6,OOD_Class_5
I'd like to see showings for All the Way Home at Kerasotes Theatres .,6,5,0,0.000103565355,6,OOD_Class_5
I'd like to see The River of Stars TV series,5,5,1,0.00013413886,6,OOD_Class_5
book a restaurant for four in Burundi,1,1,0,9.441227e-05,6,OOD_Class_5
Find the video game Journal of Criminal Law & Criminology .,5,5,1,0.006246153,6,OOD_Class_5
Find the movie schedule .,6,5,0,7.6592114e-05,6,OOD_Class_5
I need a table at a cafe that serves baeckeoffe,1,1,0,0.0001094533,6,OOD_Class_5
find the TV show Tribute to the Troops,5,5,1,0.00016005294,6,OOD_Class_5
I want these are the days added to my spotlight spain 2016 playlist.,0,0,0,0.00015029145,6,OOD_Class_5
When will the Santikos Theatres be showing animated movies,6,5,0,9.7770564e-05,6,OOD_Class_5
Swine Not ? deserves four points,4,4,0,9.747725e-05,6,OOD_Class_5
I want to book Tupelo Honey Cafe in New Jersey for five people.,1,1,0,0.00011536337,6,OOD_Class_5
Can I get the weather forecast for Benin in 32 days ?,2,2,0,0.00011296438,6,OOD_Class_5
Has the TV series Puppet Master Axis of Evil been cancelled?,5,5,1,0.00024981727,6,OOD_Class_5
Pull up the book Live and Unreleased The Radio Show,5,3,1,0.00017610751,6,OOD_Class_5
Turn on Spotify to Tiny Tim ep,3,3,0,0.00045728922,6,OOD_Class_5
rate current album five,4,4,0,9.503734e-05,6,OOD_Class_5
Rate The Country Blues 3 out of 6 stars,4,4,0,9.448542e-05,6,OOD_Class_5
find the photograph Hearts Burst into Fire,5,5,1,0.00014859719,6,OOD_Class_5
Tell me if it will storm at my current location,2,2,0,0.00011088713,6,OOD_Class_5
"find Framing the Early Middle Ages , a game",5,5,1,0.0005009917,6,OOD_Class_5
search for video game The Sky Is Crying,5,5,1,0.0002474908,6,OOD_Class_5
Show me the photograph Johnny Cash The Complete Columbia Album Collection,5,5,1,0.001232884,6,OOD_Class_5
Book a table for January the twentieth at a place far from your daughter's campus,1,1,0,0.00011253067,6,OOD_Class_5
book me a reservation at an oyster bar that serves crab cake for two people,1,1,0,0.000116059564,6,OOD_Class_5
Play me a song from Luxury Liner,3,3,0,0.00011649454,6,OOD_Class_5
Please get me Rough and Ready saga .,5,3,1,0.014962744,6,OOD_Class_5
I'd like for you to add bobby brown to my enamorándose playlist.,0,0,0,0.0001724822,6,OOD_Class_5
show Chocolate Rain creativity,5,5,1,0.002929553,6,OOD_Class_5
Please look up the Falls Church News-Press album .,5,5,1,0.0003849307,6,OOD_Class_5
Put Jazzy B on Lazy Chill Afternoon playlist,0,0,0,0.00015022072,6,OOD_Class_5
Find a novel called Downward to the Earth .,5,4,1,0.11787446,6,OOD_Class_5
Play some thrash metal .,3,3,0,0.00011850206,6,OOD_Class_5
what movies are close by,6,5,0,7.606962e-05,6,OOD_Class_5
Need a creative work with the title Unholy Confessions,5,0,1,0.0036479766,6,OOD_Class_5
Play the latest ep from Lobby Loyde on Netflix,3,3,0,0.00011989912,6,OOD_Class_5
Please search the Songs for the Deaf video game .,5,3,1,0.001490723,6,OOD_Class_5
I want to book a restaurant with creamed eggs on toast on Kansas Day within walking distance of British Indian Ocean Territory,1,1,0,0.00018217333,6,OOD_Class_5
How will the weather be at 9 am in Anguilla ?,2,2,0,0.000106744665,6,OOD_Class_5
Play Nightbirds on Nantucket soundtrack,5,3,1,8.884067e-05,6,OOD_Class_5
find As Live as It Gets,5,5,1,0.00062537356,6,OOD_Class_5
What is the weather like in Detroit Lakes,2,2,0,0.000106744425,6,OOD_Class_5
Give this chronicle 4 stars,4,4,0,9.700981e-05,6,OOD_Class_5
I'd like to hear the song In a Reverie,5,3,1,9.755897e-05,6,OOD_Class_5
Find me The Wild Boys,5,5,1,0.0001291279,6,OOD_Class_5
what is the weather starting at 114752 for South Africa,2,2,0,0.00011230392,6,OOD_Class_5
I'm looking for Right on Track .,5,1,1,0.0019085024,6,OOD_Class_5
find the video game Thale,5,5,1,0.0014005448,6,OOD_Class_5
Download The Red Eagle TV show,5,3,1,0.00015681126,6,OOD_Class_5
Rate the current textbook 2 stars,4,4,0,9.504062e-05,6,OOD_Class_5
add song by ian mcdonald to an instrumental sunday,0,0,0,0.00016298366,6,OOD_Class_5
play The Catholic Sun album,5,3,1,0.00010225578,6,OOD_Class_5
Add My Very Best to my road trip playlist.,0,0,0,0.00015544663,6,OOD_Class_5
Add rev-raptor to 90s Indie,0,0,0,0.00018288706,6,OOD_Class_5
I want to find The Very Best of Chicago Only the Beginning,5,5,1,0.00014839279,6,OOD_Class_5
I give One Clear Call zero out of 6 points,4,4,0,9.485432e-05,6,OOD_Class_5
I'm looking for the game called Summer of Fear,5,5,1,0.0002916117,6,OOD_Class_5
I want to see the trailer for No One,5,5,1,9.596478e-05,6,OOD_Class_5
Find the From the Hut TV series,5,5,1,0.0003817819,6,OOD_Class_5
rate this essay four out of 6,4,4,0,9.04233e-05,6,OOD_Class_5
Are there any animated movies playing at the closest cinema ?,6,5,0,8.185082e-05,6,OOD_Class_5
I'd like to see movie times for animated movies playing in the neighborhood that are starting now .,6,5,0,0.00012377114,6,OOD_Class_5
Find a work with the name of Come Sing,5,3,1,0.0005260163,6,OOD_Class_5
Add from the ashes to my rock gaming playlist,0,0,0,0.00016211372,6,OOD_Class_5
Need the saga called the Black Lamp,5,4,1,0.00960311,6,OOD_Class_5
Find a show called Some Kind of Dangerous .,5,5,1,0.00019862287,6,OOD_Class_5
I want to book a restaurant in Frenier 12 years from now for 4 people.,1,1,0,0.00010375164,6,OOD_Class_5
What is the movie schedule for the B&B Theatres,6,5,0,7.948692e-05,6,OOD_Class_5
Need to find a creative work with the title Sometimes the Blues Is Just a Passing Bird,5,0,1,0.00402644,6,OOD_Class_5
Start up my Independent Music Monday playlist.,3,3,0,0.000116932046,6,OOD_Class_5
Give the current series two stars .,4,4,0,0.000101367754,6,OOD_Class_5
What are the movie times at Landmark Theatres,6,5,0,9.0158035e-05,6,OOD_Class_5
Look for All That Matters,5,5,1,0.0005941103,6,OOD_Class_5
I want to listen to a concerto from Timour Moutsouraev .,3,3,0,0.00013732688,6,OOD_Class_5
I want this album on my Indie Alternativa playlist,0,0,0,0.00018266978,6,OOD_Class_5
Look for the Journal of Toxicology and Environmental Health soundtrack,5,5,1,0.0019635102,6,OOD_Class_5
Find the creative work Brilliant! Tragic !,5,5,1,0.0012961183,6,OOD_Class_5
I want to watch the show Frank Sinatra Sings the Select Sammy Cahn,5,5,1,0.00015143956,6,OOD_Class_5
Find a show called Lipstick Vogue .,5,5,1,0.00014087059,6,OOD_Class_5
play the song Culture and Psychology,5,3,1,9.814586e-05,6,OOD_Class_5
Add Kd lang to my Deep Focus playlist,0,0,0,0.00016434568,6,OOD_Class_5
I need to book a Theme restaurant this month in Chile,1,1,0,0.00021277319,6,OOD_Class_5
put this track on my infinite indie folk playlist,0,0,0,0.00015897148,6,OOD_Class_5
Rate What Is Called Thinking ? 0 stars,4,4,0,0.000104279046,6,OOD_Class_5
Please look up the song The Mad Magician .,5,3,1,0.00013773226,6,OOD_Class_5
Look for the Kiss the Girls game,5,5,1,0.00010726504,6,OOD_Class_5
Please play me a top nineties theme song,3,3,0,0.00010742583,6,OOD_Class_5
Give The Slap 0 stars,4,4,0,0.000104381106,6,OOD_Class_5
find War & Peace Vol. 1,5,5,1,0.0006486347,6,OOD_Class_5
Rate this album a one,4,4,0,9.4024035e-05,6,OOD_Class_5
"find History of North Dakota , a TV series",5,5,1,0.0002225179,6,OOD_Class_5
Add this artist to my garage jams,0,0,0,0.00017282153,6,OOD_Class_5
Will it snowstorm next week in West Winfield Finland ?,2,2,0,0.000100276906,6,OOD_Class_5
Help me find the saga titled The Eternal Return,5,5,1,0.008410611,6,OOD_Class_5
Show Panic in the Streets,5,5,1,0.0046230652,6,OOD_Class_5
Put some Stu Phillips in the women of acoustic playlist.,0,0,0,0.00015788835,6,OOD_Class_5
Show me Live at the Kings Center,5,5,1,0.00067898544,6,OOD_Class_5
Can I get the movie schedules for Southern Theatres at around 1502,6,5,0,7.87141e-05,6,OOD_Class_5
Please search The Big Game show .,5,5,1,0.000115984345,6,OOD_Class_5
Show The Lateness of the Hour,5,5,1,0.0010026363,6,OOD_Class_5
I want to book a joint in a spa .,1,1,0,0.00012581552,6,OOD_Class_5
play the Home Is Where the Music Is TV series,5,3,1,0.00015446091,6,OOD_Class_5
find a TV show called The Traffic Policeman,5,5,1,0.00012465425,6,OOD_Class_5
Show me the I Can Hear the Sea movie,5,5,1,0.00015192125,6,OOD_Class_5
Please find me the Classified book .,5,5,1,0.0012973829,6,OOD_Class_5
add this Ricardo Villalobos track to under the surface,0,0,0,0.00015132595,6,OOD_Class_5
rate Beyond the Shadows 3 of 6 stars,4,4,0,9.921337e-05,6,OOD_Class_5
Where can I purchase the video game The Blue Generation,5,5,1,0.000637093,6,OOD_Class_5
find a movie called Single Collection Hotchpotch,5,5,1,0.000106501655,6,OOD_Class_5
Find The Madwoman in the Attic .,5,5,1,0.00016816721,6,OOD_Class_5
Where can I find the photograph of A Christmas Memory,5,5,1,0.00023003548,6,OOD_Class_5
Lets see the TV series 7even Year Itch .,5,5,1,0.0001987296,6,OOD_Class_5
add this artist to the This Is Dirty Projectors playlist,0,0,0,0.0001734974,6,OOD_Class_5
"I'm looking for the hit album , The Politics of Dancing .",5,3,1,0.0022768695,6,OOD_Class_5
add a shot at glory to calm before the storm,0,0,0,0.00015407198,6,OOD_Class_5
play Pop 2017 Picks,3,3,0,8.745068e-05,6,OOD_Class_5
What's the forecast for the weather at eight am in Oxford ?,2,2,0,0.00010789722,6,OOD_Class_5
I want the photograph of Walt Before Mickey,5,5,1,0.00079521426,6,OOD_Class_5
Play some seventies track from top Rie Tomosaka,3,3,0,0.00011660954,6,OOD_Class_5
Find the Fields of Sacrifice movie,5,5,1,8.8150846e-05,6,OOD_Class_5
I need the book titled Lullaby of Broadway,5,5,1,0.015221292,6,OOD_Class_5
I want to play the video game The Coyote Kings of the Space-Age Bachelor Pad,5,3,1,0.00012785196,6,OOD_Class_5
"find I Love You Too , a saga",5,5,1,0.001096098,6,OOD_Class_5
I want to see the MAXIMUM TRANCE picture,5,5,1,0.00023640967,6,OOD_Class_5
Where can I find the creative works The Very Best of Simply Red,5,5,1,0.00015694127,6,OOD_Class_5
Find Trust in the Lord – Live Worship with Don Moen .,5,3,1,0.0010598693,6,OOD_Class_5
play Print the Legend soundtrack,5,3,1,9.709214e-05,6,OOD_Class_5
Show me the closest movie house playing animated movies please.,6,5,0,0.00013807516,6,OOD_Class_5
I need a reservation for Red Square on aug. the 9th,1,1,0,8.8675144e-05,6,OOD_Class_5
Find the TV series From the Top,5,5,1,0.000109049164,6,OOD_Class_5
find a book called Kiss Symphony - Alive IV,5,5,1,0.0018983809,6,OOD_Class_5
What is Fantasy Zone II The Tears of Opa-Opa,5,5,1,0.00041227118,6,OOD_Class_5
Rate The Anatomy of Melancholy 1 stars,4,4,0,0.00010499455,6,OOD_Class_5
Find a photograph of Time Loves a Hero,5,5,1,0.00037883775,6,OOD_Class_5
Look up The Adventure of the Blue Carbuncle,5,5,1,0.00041731924,6,OOD_Class_5
Play symphony music from 1991 by Irvin Mayfield,3,3,0,0.00012238235,6,OOD_Class_5
Find the closest movie house that plays animated movies,6,5,0,8.1292485e-05,6,OOD_Class_5
play the song Red Lanta,5,3,1,9.475527e-05,6,OOD_Class_5
add satisfied to my Rockin' Vibes playlist,0,0,0,0.00016931359,6,OOD_Class_5
Play a movement from the nineties,3,3,0,0.00013136113,6,OOD_Class_5
I'd like hear the song Sit Down and Talk to Me,5,3,1,0.00010826188,6,OOD_Class_5
Find me the song 2 Fast 2 Furious,5,3,1,0.0012918252,6,OOD_Class_5
Find Earth Moving .,5,5,1,0.03415806,6,OOD_Class_5
What will the weather be in Totowa Guernsey ?,2,2,0,0.000101955906,6,OOD_Class_5
Book a restaurant in Pinecliffe Missouri this month .,1,1,0,0.00036197112,6,OOD_Class_5
book a spot that is faraway from the Municipal Borough of Farnworth in 16 minutes,1,1,0,0.00012593261,6,OOD_Class_5
Please play something on Last Fm,3,3,0,0.00011672322,6,OOD_Class_5
Get me the Trick or Treats soundtrack .,5,3,1,0.00029532774,6,OOD_Class_5
Can I get the movie schedules in the neighbourhood for the newest films,6,5,0,7.810249e-05,6,OOD_Class_5
"How's the weather in Grisdale , Bangladesh ?",2,2,0,0.00010315717,6,OOD_Class_5
show creativity of novel Lock,5,5,1,0.24512322,6,OOD_Class_5
rate the bok series Preparedness 101 Zombie Apocalypse two for 6 stars,4,4,0,0.00010216283,6,OOD_Class_5
give 3 out of 6 stars to this essay,4,4,0,9.85374e-05,6,OOD_Class_5
I want to play the video game International Pinguicula Study Group Newsletter,5,3,1,0.00012968617,6,OOD_Class_5
find an album called Burnout The Ultimate Drag Race Challenge,5,3,1,0.00089870935,6,OOD_Class_5
I want to book Coney I-Lander for 10 people.,1,1,0,0.00012695877,6,OOD_Class_5
Where to buy video game of Think Fast,5,5,1,0.00043689564,6,OOD_Class_5
Can I see the album SWAT Force ?,5,3,1,0.0009368579,6,OOD_Class_5
Play Brian Clifton off Groove Shark .,3,3,0,0.000102406804,6,OOD_Class_5
what is the forecast for here at tea time,2,2,0,0.0001081081,6,OOD_Class_5
Add Magnifico to michele's playlist called 88 keys .,0,0,0,0.00016243018,6,OOD_Class_5
book Itsu for Tonight,1,1,0,0.0001224293,6,OOD_Class_5
Play me the trailer for Gainesville Daily Register .,5,3,1,0.00011334511,6,OOD_Class_5
Play music from the artist Joe Sample,3,3,0,0.00013559751,6,OOD_Class_5
put four rating on The Raging Quiet,4,4,0,9.615954e-05,6,OOD_Class_5
add a tune in women of classical,0,0,0,0.00016297896,6,OOD_Class_5
Can you find me the Blue Spring trailer ?,5,5,1,0.000109585046,6,OOD_Class_5
Can I get a table at The Fort ?,1,1,0,0.00010482637,6,OOD_Class_5
"Book the Chapter One in Bosnia and Herzegovina for patti, hester richardson and camille",1,1,0,9.8669174e-05,6,OOD_Class_5
add this track to the playlist named cali fire,0,0,0,0.00015828121,6,OOD_Class_5
Show me the Sex Therapy painting,5,5,1,0.0009311197,6,OOD_Class_5
Can I watch The Sound of War in thirteen minutes at the nearest cinema,6,5,0,8.780942e-05,6,OOD_Class_5
"How temperate is it in Lopeno , Thailand ?",2,2,0,9.756993e-05,6,OOD_Class_5
book in Southern Shores for 8 at Ariston Cafe,1,1,0,0.00010881292,6,OOD_Class_5
Find a show called Last Night On Earth .,5,5,1,0.00014302642,6,OOD_Class_5
what time is The Eddy Duchin Story playing,6,5,0,9.644192e-05,6,OOD_Class_5
"On Jun. the sixteenth, 2032 I'd like to go to Dillard House in Putnam Hall",1,1,0,0.00015178906,6,OOD_Class_5
add album to Feeling Blue,0,0,0,0.00015928618,6,OOD_Class_5
find The Moldy Peaches,5,5,1,0.0001143581,6,OOD_Class_5
Play music on Spotify .,3,3,0,0.00012707291,6,OOD_Class_5
Search for The Nations,5,5,1,0.00023071746,6,OOD_Class_5
Play Is This My World ? by Leo Arnaud,3,3,0,0.00012346233,6,OOD_Class_5
help me find the work Graphics Animation System for Professionals,5,5,1,0.32592317,6,OOD_Class_5
What are the movie times at the Malco Theatres ?,6,5,0,8.121341e-05,6,OOD_Class_5
find Carry me in your dreams,5,5,1,0.0003379701,6,OOD_Class_5
book a table for five at a restaurant with the best rating,1,1,0,9.2074355e-05,6,OOD_Class_5
Play Ik Hou Van Jou by Elena Temnikova,3,3,0,0.00012013287,6,OOD_Class_5
Add what child is this to Dark Dance Floors,0,0,0,0.00018207252,6,OOD_Class_5
Where do I play the video game The Wild Geese ?,5,3,1,0.00052857806,6,OOD_Class_5
Play some caribou from the sixties,3,3,0,0.0001243707,6,OOD_Class_5
What is the cheapest online price for the Instincts saga ?,5,5,1,0.008944188,6,OOD_Class_5
Show me the Live in Whitby album .,5,5,1,0.075291574,6,OOD_Class_5
Can you help me find the We No Who U R game ?,5,5,1,0.00012899232,6,OOD_Class_5
"Please find me the saga , The Deep Six .",5,5,1,0.00021331683,6,OOD_Class_5
add the wee wee man to pamela's Stress Relief playlist,0,0,0,0.00018396576,6,OOD_Class_5
Find me the soundtrack called Enter the Chicken,5,3,1,0.00015165271,6,OOD_Class_5
whats the forecast for Redby,2,2,0,0.00010396594,6,OOD_Class_5
find a soundtrack for Lords of the Rising Sun,5,3,1,0.00010744919,6,OOD_Class_5
Look up The Baltic Times picture,5,5,1,0.00017044951,6,OOD_Class_5
When is The Pirate Fairy playing at AMC Theaters ?,6,5,0,8.453134e-05,6,OOD_Class_5
I want the video game Southwest Riders,5,3,1,0.0043545114,6,OOD_Class_5
I need a reservation for 0253 at Hotel Arctic in State Road,1,1,0,9.349292e-05,6,OOD_Class_5
I would rate this essay a one and a best rating of 6,4,4,0,9.960088e-05,6,OOD_Class_5
show me the schedule of films in the neighbourhood,6,5,0,8.798412e-05,6,OOD_Class_5
search for trailer Jazz Impressions of the U.S.A.,5,5,1,0.00014374622,6,OOD_Class_5
I give this current textbook a rating value of 1 and a best rating of 6,4,4,0,0.00010038264,6,OOD_Class_5
find a photograph called The Wish List,5,5,1,0.0003903241,6,OOD_Class_5
find the So This Is Goodbye saga,5,5,1,0.00044247208,6,OOD_Class_5
Put horace silver and the jazz messengers on my running to rock 170 to 190 bpm playlist,0,0,0,0.00014481568,6,OOD_Class_5
Reserve a place to eat on march fifteenth in China within the same area .,1,1,0,0.00022310071,6,OOD_Class_5
What is the Paranormal Activity Ghost Dimension album ?,5,5,1,0.0029670065,6,OOD_Class_5
Show the Minutes to Midnight photograph,5,5,1,0.00033571178,6,OOD_Class_5
Play the music of Aphex Twin 's good Album,3,3,0,0.00011457713,6,OOD_Class_5
I'm looking for a soundtrack titled Bowie at the Beeb,5,3,1,0.0002122733,6,OOD_Class_5
What time is Unholy Women playing?,6,5,0,9.374924e-05,6,OOD_Class_5
I want to go see The Trouble with Girls,6,5,0,0.00035417988,6,OOD_Class_5
Find the picture of The Harsh Light of Day,5,5,1,0.005738621,6,OOD_Class_5
add the track by Paul Gray to my 2010s smash hits playlist,0,0,0,0.00016782983,6,OOD_Class_5
where can I see the television show Falling Away from Me,5,5,1,0.00010457664,6,OOD_Class_5
"book a restaurant in North Dakota for my child and I on november seventh, 2037",1,1,0,0.000118778706,6,OOD_Class_5
Look up The Collection Volume One novel,5,5,1,0.00051737466,6,OOD_Class_5
Show The Second Civil War saga,5,5,1,0.00091625954,6,OOD_Class_5
Put nothing remains the same on my summer music playlist,0,0,0,0.00013824312,6,OOD_Class_5
Out of 6 stars I give the chronicle three and look forward to what's next .,4,4,0,0.00010176435,6,OOD_Class_5
play the Putrefactive Infestation trailer,5,3,1,9.264575e-05,6,OOD_Class_5
Add the track to the drum & breaks playlist.,0,0,0,0.00016636377,6,OOD_Class_5
Play me the song Just to See You Smile .,5,3,1,9.9682e-05,6,OOD_Class_5
To johnnie's funtime activity playlist add the name The Best of Guitar Shorty,0,0,0,0.0001793515,6,OOD_Class_5
rate in stars as a 6 for Lord of the Shadows which gets a four,4,4,0,9.979577e-05,6,OOD_Class_5
Find time for College Rock Stars at any movie theatre,6,5,0,8.073715e-05,6,OOD_Class_5
The book the Gardens of the Moon deserves only 1 stars .,4,4,0,0.00010306441,6,OOD_Class_5
I'm looking for the video game called The Supernatural Events on Campus,5,5,1,0.0010872626,6,OOD_Class_5
Add ricky nelson to my Classical X playist,0,0,0,0.00017290536,6,OOD_Class_5
Find Spirit of the Bush .,5,5,1,0.00018456881,6,OOD_Class_5
Can you add some Tommie Sunshine to my chill out playlist,0,0,0,0.00016734,6,OOD_Class_5
rate the current chronicle series 4 out of 6 points,4,4,0,9.184735e-05,6,OOD_Class_5
I give a rating of 4 out of 6 for the book My Sister and I,4,4,0,9.786538e-05,6,OOD_Class_5
Find me the picture called Bugs Bunny Nips the Nips,5,5,1,0.00020381837,6,OOD_Class_5
play a top Ryuichi Kawamura chant on Groove Shark,3,3,0,0.00010483311,6,OOD_Class_5
show Nightcall,5,5,1,0.0002620361,6,OOD_Class_5
Will it rain in Barberville,2,2,0,0.00010086324,6,OOD_Class_5
rate the following series five points,4,4,0,8.5609885e-05,6,OOD_Class_5
Book a reservation for a top-rated lebanese fast food place,1,1,0,0.00010372658,6,OOD_Class_5
I need a reservation for a coffeehouse with nine people within the same area as Midland Park,1,1,0,0.00010443866,6,OOD_Class_5
Show me Dangers of the Canadian Mounted,5,6,1,0.9895941,6,OOD_Class_5
what is the weather forecast for Latvia Strasburg,2,2,0,0.00011357308,6,OOD_Class_5
give three out of 6 points to Blackbox,4,4,0,9.844089e-05,6,OOD_Class_5
I need a table for 9,1,1,0,0.000117082294,6,OOD_Class_5
Please help me find I Want to Take You Higher the game,5,5,1,0.004771395,6,OOD_Class_5
find Boyish Story,5,5,1,0.0002687659,6,OOD_Class_5
I'd like to watch the TV show Hola Mary Lou Prom Night II,5,5,1,0.00013743943,6,OOD_Class_5
"Can you get the TV show , ENTER THE MATRIX ?",5,5,1,0.00011384333,6,OOD_Class_5
3 out of 6 for the last album,4,4,0,9.211515e-05,6,OOD_Class_5
play Miguelito top charting album,3,3,0,9.920415e-05,6,OOD_Class_5
"add Hey, Johnnie Cope, Are Ye Waking Yet to year in metal 2016 playlist",0,0,0,0.00016322012,6,OOD_Class_5
What is the TV show Journal of Personality and Social Psychology ?,5,5,1,0.000794597,6,OOD_Class_5
Need book a restaurant for this Autumn in Illinois,1,1,0,0.00057746307,6,OOD_Class_5
I'd like to watch films anywhere nearby,6,5,0,8.469572e-05,6,OOD_Class_5
Find the creative work Face Down,5,5,1,0.0005401825,6,OOD_Class_5
Search for a picture of Darker than black,5,6,1,0.6941698,6,OOD_Class_5
Show me the show Live at the Fillmore East,5,5,1,0.00029118365,6,OOD_Class_5
Add Mel Draisey tomy 80s Classic Hits playlist.,0,0,0,0.00018190489,6,OOD_Class_5
showtimes for the closest movie theatre that is showing Operation Autumn,6,5,0,8.494308e-05,6,OOD_Class_5
Add Sunday Express Live to workout playlist,0,0,0,0.00017172679,6,OOD_Class_5
Play music by Paul Mccartney,3,3,0,0.00013467313,6,OOD_Class_5
Warren Island State Park distant Weather forecast for 11 am,2,2,0,0.00011780683,6,OOD_Class_5
Show The Information A History picture,5,6,1,0.94164723,6,OOD_Class_5
I need a reservation for the Oasis Drive-In for a party of four,1,1,0,0.00012672052,6,OOD_Class_5
Find a soundtrack called New Religion .,5,3,1,0.00010767321,6,OOD_Class_5
Find saga Hamilton C shell,5,5,1,0.000791203,6,OOD_Class_5
Where is the creative work Seven Pillars of Wisdom ?,5,5,1,0.011196014,6,OOD_Class_5
"book tea at The Hamburger Wagon for 3 vickie reed, melody and I in Georgia",1,1,0,0.00012746267,6,OOD_Class_5
I'd like t add Day After Day to evangeline's Party of the Century playlist,0,0,0,0.00016890076,6,OOD_Class_5
i want the movie schedules for movies around here,6,5,0,7.7722216e-05,6,OOD_Class_5
open the Canciones del Recuerdo playlist and play songs,3,3,0,0.00020388901,6,OOD_Class_5
Is Prophecy playing at Malco Theatres,6,5,0,7.3657204e-05,6,OOD_Class_5
Find the show Manthan,5,5,1,0.00010345066,6,OOD_Class_5
play track Her Majesty,3,3,0,9.4469884e-05,6,OOD_Class_5
find a TV show called Perfect Chemistry,5,5,1,0.00018740361,6,OOD_Class_5
Is it supposed to snow in NV,2,2,0,9.549466e-05,6,OOD_Class_5
Tell me if it'll be freezing here in 21 seconds,2,2,0,0.00012527846,6,OOD_Class_5
Find me a table for a cafe during my Guinea trip for one .,1,1,0,0.00010382846,6,OOD_Class_5
Where can I buy the soundtrack Bridge of Souls,5,5,1,0.00088596524,6,OOD_Class_5
What's the weather at my current location,2,2,0,0.00010874306,6,OOD_Class_5
this textbook only gets two out of 6 stars,4,4,0,0.000101169586,6,OOD_Class_5
"Can I rate the book My Life in France not one , but 6 stars ?",4,4,0,9.4393195e-05,6,OOD_Class_5
Is it chilly in Nightmute,2,2,0,0.00012124825,6,OOD_Class_5
When is The Blood of Others playing?,6,5,0,0.00010067253,6,OOD_Class_5
what is the weather forecast for Cuba at eleven am,2,2,0,0.00011390633,6,OOD_Class_5
I need a party of two reservation faraway from Atlantic Av-Barclays Ctr at a spa for fast food,1,1,0,0.000121268415,6,OOD_Class_5
play music by Francis Healy,3,3,0,0.00011604112,6,OOD_Class_5
Add Kirk Hammett to Calm Down,0,0,0,0.00017847776,6,OOD_Class_5
I need to find the saga Trail of the Yukon,5,5,1,0.00034199937,6,OOD_Class_5
Listen to Dragon Ball Music Collection,5,3,1,0.00010674261,6,OOD_Class_5
I am giving Finding Chandra a 2 out of 6 rating,4,4,0,0.00010008856,6,OOD_Class_5
Am looking for a book with the title Free to Play,5,5,1,0.00026317107,6,OOD_Class_5
play Tales from the Organ Trade,5,3,1,0.0001113175,6,OOD_Class_5
Play Keep Their Heads Ringin’,5,3,1,8.608376e-05,6,OOD_Class_5
Show me TV series Lego Star Wars 3 The Clone Wars,5,5,1,0.00049474696,6,OOD_Class_5
Weather for Faroe Islands,2,2,0,0.00010799987,6,OOD_Class_5
Search for Live Forever The Rise and Fall of Brit Pop TV show,5,5,1,0.0007594488,6,OOD_Class_5
Locate me the novel entitled Isthmus .,5,6,1,0.47053403,6,OOD_Class_5
Show The Family from One End Street album,5,5,1,0.0010171589,6,OOD_Class_5
Find the movie times for North American Cinemas .,6,5,0,8.7812514e-05,6,OOD_Class_5
Find My Only Wish in some form of creative work,5,5,1,0.009834302,6,OOD_Class_5
Where can I find the novel Meast,5,5,1,9.2982154e-05,6,OOD_Class_5
Is it going to get windy today in Tunisia ?,2,2,0,0.00011978059,6,OOD_Class_5
Will it get hotter in Hext ?,2,2,0,0.000109059736,6,OOD_Class_5
I am looking for the work Nikki,5,5,1,0.00010365521,6,OOD_Class_5
play them by Guy-manuel De Homem-christo,3,3,0,9.1303344e-05,6,OOD_Class_5
show creative Labor Notes,5,5,1,0.0012952165,6,OOD_Class_5
add this tune by Hal Patino to my Ambiente RnB playlist,0,0,0,0.00015936498,6,OOD_Class_5
"is it going to be chillier in Saint Augustine , WY on may 3rd",2,2,0,0.00010355935,6,OOD_Class_5
What's the weather in Castle at 1743,2,2,0,0.00010265418,6,OOD_Class_5
Play any track by Flame,3,3,0,0.00010922274,6,OOD_Class_5
play the television show Tears Laid in Earth,5,3,1,0.00012023047,6,OOD_Class_5
I want to read the novel Pokémon the Movie Black—Victini and Reshiram and White—Victini and Zekrom .,5,5,1,0.00093162135,6,OOD_Class_5
search for the show The Caretaker,5,5,1,0.00012344948,6,OOD_Class_5
show Investigating Sex album,5,5,1,0.00047000457,6,OOD_Class_5
add rise of the infidels to my bring back the 90s playlist,0,0,0,0.00018023302,6,OOD_Class_5
"How is the weather in Getzville , Minnesota ?",2,2,0,0.00010066916,6,OOD_Class_5
Is People of the Cumberland playing at Landmark Theatres now,6,5,0,7.681611e-05,6,OOD_Class_5
I'd like to see the movie The Ooze,5,5,1,8.822971e-05,6,OOD_Class_5
Will it be freezing in New Preston Venezuela ?,2,2,0,0.00010519053,6,OOD_Class_5
Play 30 Greatest Hits,5,3,1,9.8335506e-05,6,OOD_Class_5
Put some frank ferrer into my edna st vincent millay playlist.,0,0,0,0.00014368941,6,OOD_Class_5
search for movie Turn Back the Clock,5,5,1,0.00010467936,6,OOD_Class_5
Find a show called Star Trek Starfleet Academy Starship Bridge Simulator .,5,5,1,0.0003070038,6,OOD_Class_5
I'd like to see the picture The Collection – The Collector 2,5,5,1,0.00030425357,6,OOD_Class_5
play a tune from 2000 by Bronislau Kaper,3,3,0,0.00011919762,6,OOD_Class_5
Where is Journal of Geriatric Psychiatry and Neurology,5,6,1,0.69625556,6,OOD_Class_5
Book a brasserie type restaurant that serves pizzas in AMerican Samoa,1,1,0,9.994077e-05,6,OOD_Class_5
Rate this awful book called Cold with 0 out of 6 points,4,4,0,0.0001022622,6,OOD_Class_5
Where can I purchase the TV series Liar Game - The Final Stage,5,5,1,0.00012747827,6,OOD_Class_5
show creativity of Southtown,5,5,1,0.004340961,6,OOD_Class_5
I'd like to find the soundtrack Tianjin Today Evening News,5,5,1,0.000848223,6,OOD_Class_5
Please get me The Very Best of Chicago Only the Beginning .,5,5,1,0.00037264914,6,OOD_Class_5
Please help me search The Banker television show .,5,5,1,0.0001451884,6,OOD_Class_5
The Amityville The Evil Escapes chronicle is only a 1 out of 6 .,4,4,0,0.0001042787,6,OOD_Class_5
I would rate this album 3 stars,4,4,0,9.365765e-05,6,OOD_Class_5
Will it hail in Rush Valley Denmark on 6/21/2035,2,2,0,0.00010778551,6,OOD_Class_5
Find an album called Just Call Me Stupid .,5,3,1,0.00017805009,6,OOD_Class_5
I want to hear music from carman from the 1966 album,3,3,0,0.00013759441,6,OOD_Class_5
I give Obama From Promise to Power 6 points and a rating value of 1,4,4,0,0.00010367038,6,OOD_Class_5
play Latin Dinner,3,3,0,9.548796e-05,6,OOD_Class_5
Book a table for 1 person at a popular brasserie in Jansen that serves english food,1,1,0,0.000107129454,6,OOD_Class_5
What's the weather forecast for tomorrow around Sankertown ?,2,2,0,0.000104374005,6,OOD_Class_5
What is the movie schedule at MJR Theatres ?,6,5,0,7.863792e-05,6,OOD_Class_5
I want to hear a 1957 theme song,3,3,0,0.00011395882,6,OOD_Class_5
I'd like to see the movie schedule for movies in the area,6,5,0,8.928264e-05,6,OOD_Class_5
Find me the book called Suffer,5,5,1,0.00050718326,6,OOD_Class_5
I'd like to see the book The Royal Thousand,5,5,1,8.207503e-05,6,OOD_Class_5
rate Understanding Physics 5 out of 6,4,4,0,0.000109711356,6,OOD_Class_5
rate the current essay three of 6 points,4,4,0,9.131052e-05,6,OOD_Class_5
play Lastfm tunes from 1997,3,3,0,0.00011164901,6,OOD_Class_5
What time is the Wanda Group playing The Honor of an Outlaw,6,5,0,8.7041844e-05,6,OOD_Class_5
Find the Apple Address Book television show,5,5,1,0.000117697135,6,OOD_Class_5
Looking for the painting Last Flight To Abuja,5,5,1,0.00016107158,6,OOD_Class_5
I want to read the novel Alone at the Microphone,5,5,1,0.00056657154,6,OOD_Class_5
play Itunes songs by Gerard Way,3,3,0,0.00012571475,6,OOD_Class_5
Will it be hot at 1319 in De Funiak Springs Serbia and Montenegro ?,2,2,0,0.000122676,6,OOD_Class_5
show creativity of What Is Dead May Never Die,5,5,1,0.004751625,6,OOD_Class_5
Shw the picture Twin Husbands,5,5,1,0.0015660862,6,OOD_Class_5
Find a table for 2 at a restaurant in Saint Vincent and the Grenadines,1,1,0,9.434354e-05,6,OOD_Class_5
add Hot House to Have You Met Miss Jones,0,0,0,0.00018226527,6,OOD_Class_5
Which movies are playing at AMC Theaters 1 second from now ?,6,5,0,7.689187e-05,6,OOD_Class_5
Read The Open Ecology Journal,5,3,1,0.0011225013,6,OOD_Class_5
play The Nubians of Plutonia trailer,5,3,1,9.484213e-05,6,OOD_Class_5
Where to get album Justified,5,5,1,0.00031710617,6,OOD_Class_5
Play Seasons In The Sun by Rosco Gordon on iheart,3,3,0,0.00010965165,6,OOD_Class_5
"Another Girl, Another Planet gets only one of a possiable 6 rating",4,4,0,9.9308854e-05,6,OOD_Class_5
Please search for the Live in San Juan Capistrano picture .,5,5,1,0.00023305927,6,OOD_Class_5
Rate Gates of Fire a 2,4,4,0,0.00010478912,6,OOD_Class_5
Show the Put Yourself in His Place game,5,5,1,0.0035670977,6,OOD_Class_5
Can you pull up a track on Zvooq by Graham Mcpherson,3,3,0,0.000109486195,6,OOD_Class_5
what kind of films are at the closest movie house,6,5,0,7.979853e-05,6,OOD_Class_5
Find an album called Thursday Night Baseball .,5,3,1,0.00024149535,6,OOD_Class_5
Find I Could Fall in Love .,5,5,1,0.0025674973,6,OOD_Class_5
find the picture Music Is the Message,5,5,1,0.00083623605,6,OOD_Class_5
Look up the Hard to Handle TV show,5,5,1,0.000115742645,6,OOD_Class_5
Play a top five Linda Strawberry ep,3,3,0,0.0001085855,6,OOD_Class_5
show me the TV series called Take Me to Your Heaven,5,5,1,0.0001668505,6,OOD_Class_5
Book a reservation for a party of four within the same area of Districts of Sweden,1,1,0,0.00010219534,6,OOD_Class_5
find The Magical World of Roger Whittaker,5,5,1,0.0002759448,6,OOD_Class_5
Find The Gill Deacon Show .,5,5,1,0.000113290225,6,OOD_Class_5
Play my springtime playlist.,3,3,0,9.502619e-05,6,OOD_Class_5
I'd like a table for 3 at an outdoor restaurant,1,1,0,0.00012044635,6,OOD_Class_5
Book a restaurant in WI at 132234 for 9 people.,1,1,0,9.377194e-05,6,OOD_Class_5
what time can i see Older Office Lady Using Her Seductive Tongue at Star Theatres,6,5,0,9.220407e-05,6,OOD_Class_5
add what if punk never happened to autumn,0,0,0,0.00024071826,6,OOD_Class_5
Turn on Last Fm,3,3,0,0.00011580919,6,OOD_Class_5
Play good Pure Soul on netflix,3,3,0,0.00010863509,6,OOD_Class_5
find Wintersong game,5,5,1,0.000100362755,6,OOD_Class_5
Can you find me the Naked City – Justice with a Bullet album ?,5,5,1,0.00043138728,6,OOD_Class_5
Find me the novel London Has Fallen,5,5,1,0.00014507181,6,OOD_Class_5
Find a TV series called Church of the Truly Warped .,5,5,1,0.00018869339,6,OOD_Class_5
Play me a track by Steve Souza,3,3,0,0.000114745526,6,OOD_Class_5
I want to know the weather in ten weeks from now in John N and Melba S Anderson Memorial Conservation Area,2,2,0,9.891401e-05,6,OOD_Class_5
Will there be snowfall in Kitlope Heritage Conservancy,2,2,0,0.00010477855,6,OOD_Class_5
Add this tune to retrowave outrun,0,0,0,0.00016195519,6,OOD_Class_5
Hook me up with a song by Dancing Girl .,5,3,1,0.00013316542,6,OOD_Class_5
What is the cloud coverage in my current place,2,2,0,0.000118613956,6,OOD_Class_5
Use itunes to play dancing playlist,3,3,0,9.794658e-05,6,OOD_Class_5
"Please fine me, Ties That Bind .",5,0,1,0.0040869154,6,OOD_Class_5
my father in law and I would like to go to a highly rated bar,1,1,0,0.00012244505,6,OOD_Class_5
Can you play a chant by Butch Trucks on Spotify,3,3,0,0.000115871415,6,OOD_Class_5
Find painting Big Ideas,5,5,1,0.00019853204,6,OOD_Class_5
Please look for Orion You Came and You Took All My Marbles,5,5,1,0.00019567218,6,OOD_Class_5
Where can I find the TV show MetaboLights,5,5,1,0.000120838464,6,OOD_Class_5
"I'm looking for Dead at 21 , the TV series",5,5,1,0.000119310644,6,OOD_Class_5
how much hotter will it be once close to Namibia,2,2,0,0.00011066862,6,OOD_Class_5
give 2 out of 6 stars to current chronicle,4,4,0,0.00010107124,6,OOD_Class_5
"find Projections , an album",5,5,1,0.0032918777,6,OOD_Class_5
show creativity of the game Everything at Once,5,5,1,0.045446828,6,OOD_Class_5
What is the weather looking like in Prosser on feb. the 18th ?,2,2,0,0.000101658225,6,OOD_Class_5
Is it supposed to hail in Rosenberg in the French Polynesia,2,2,0,0.0001051852,6,OOD_Class_5
show creativity of A Catholic Education,5,5,1,0.0069122408,6,OOD_Class_5
Rate Real World four out of 6,4,4,0,9.16679e-05,6,OOD_Class_5
Is The Young Guard playing at the closest cinema,6,5,0,8.209112e-05,6,OOD_Class_5
Play me a song by Avispa Music from 1965,3,3,0,0.00011873409,6,OOD_Class_5
Play the top-5 songs from Paddy Reilly on zvooq,3,3,0,0.00011496935,6,OOD_Class_5
Give zero stars to this textbook,4,4,0,0.00010960345,6,OOD_Class_5
What are the movie times for films nearby ?,6,5,0,8.241193e-05,6,OOD_Class_5
"Can I get a restaurant reserved in Luquillo , District Of Columbia ?",1,1,0,0.00012424075,6,OOD_Class_5
Add radhae unakku kobam aagathadi to my Women of Metal playlist,0,0,0,0.00018076,6,OOD_Class_5
Wish to hear the album Since I Saw You Last,5,3,1,0.000107964406,6,OOD_Class_5
What time is film showing at Southern Theatres,6,5,0,8.089593e-05,6,OOD_Class_5
Find a television show called Servidor Apache .,5,5,1,0.0001345038,6,OOD_Class_5
i want to play the video game called China Seas,5,3,1,0.00017695669,6,OOD_Class_5
Can you find me the movie The Countess ?,5,5,1,8.2409904e-05,6,OOD_Class_5
Weather for Cougar Canyon Wilderness,2,2,0,0.000103759914,6,OOD_Class_5
rate this essay one out of 6 stars,4,4,0,9.311162e-05,6,OOD_Class_5
Find Family Feud novel,5,5,1,0.00021153089,6,OOD_Class_5
add Desert Sessions to my i love my 80's rollerdisco playlist,0,0,0,0.00015643681,6,OOD_Class_5
Find a reservation within walking distance of pauline's place for a party of 10 at fourteen o'clock at a restaurant that serves aioli,1,1,0,0.000107967026,6,OOD_Class_5
what is the forecast for Turtle Islands National Park,2,2,0,0.00011219425,6,OOD_Class_5
Look for the novel Behind closed doors,5,5,1,0.00014945598,6,OOD_Class_5
find the movie Everywhere But Home,5,5,1,7.787361e-05,6,OOD_Class_5
List films at Pacific Theatres,6,5,0,8.8325716e-05,6,OOD_Class_5
I want to find Night of the Hunter,5,5,1,0.00017171275,6,OOD_Class_5
Look for the No Bigger than a Minute soundtrack,5,3,1,0.0005142932,6,OOD_Class_5
"I would rate this book chronicle , 3 out of 5 stars .",4,4,0,9.113218e-05,6,OOD_Class_5
does Red e Toby nemiciamici start thirteen hours from now,6,5,0,0.0001261363,6,OOD_Class_5
book a table for seven in Walpole,1,1,0,0.000104541265,6,OOD_Class_5
Find me the picture entitled I’ll Take Care of You .,5,5,1,0.00026979813,6,OOD_Class_5
"Please look up the song , Twist of shadows .",5,3,1,0.00029376888,6,OOD_Class_5
Play something by Chris Knight,3,3,0,0.00012913583,6,OOD_Class_5
Is it going to storm in Black Rock Alaska,2,2,0,0.00010653438,6,OOD_Class_5
Look for the TV series All Around Performance Horse Weekly,5,5,1,0.000109919994,6,OOD_Class_5
Where did the painting Highs in the Mid-Sixties go?,5,5,1,0.0001947323,6,OOD_Class_5
What's the weather in New Beaver,2,2,0,0.00010195595,6,OOD_Class_5
Find the movie times at Harkins Theatres .,6,5,0,8.77265e-05,6,OOD_Class_5
book me and my grandparents a restaurant in Saint Helens South Dakota,1,1,0,0.00011443895,6,OOD_Class_5
What is on the movie schedule for four AM at Landmark Theatres,6,5,0,7.92543e-05,6,OOD_Class_5
How to get saga Stronda Style,5,5,1,0.00042666157,6,OOD_Class_5
Find the movie schedule for animated movies in the neighbourhood .,6,5,0,8.5194755e-05,6,OOD_Class_5
Find a saga called Lovex discography .,5,0,1,0.020414649,6,OOD_Class_5
Find the creative work The Devil in Stitches,5,5,1,0.00061479944,6,OOD_Class_5
Is Green Grass Widows playing at the cinema,6,5,0,7.599591e-05,6,OOD_Class_5
Play my Fusion Fest playlist on Youtube,3,3,0,9.3001894e-05,6,OOD_Class_5
susanne and carey phillips want to go to a brasserie not far from Pricedale that serves southern brazilian,1,1,0,0.00010576708,6,OOD_Class_5
I give the Budayeen Nights saga five out of 6 points .,4,4,0,8.936942e-05,6,OOD_Class_5
Give me the showtimes for Sign of the Anchor .,6,5,0,9.969532e-05,6,OOD_Class_5
Play some gothic rock .,3,3,0,0.00011236102,6,OOD_Class_5
What will the weather be like 20 minutes from now in Homestead Meadows in Martinique,2,2,0,0.000101558726,6,OOD_Class_5
Play some 1959 songs on Iheart,3,3,0,0.00010997249,6,OOD_Class_5
Find a video game called Family Dog .,5,5,1,0.008007132,6,OOD_Class_5
Play a song from Helena Iren Michaelsen on Spotify,3,3,0,0.00011598407,6,OOD_Class_5
Where can I find the soundtrack for Steamboat Bill ?,5,3,1,0.0007423032,6,OOD_Class_5
find TV series titled A Life in the Death of Joe Meek,5,5,1,0.00019135364,6,OOD_Class_5
I'm looking for the trailer of Highlands Today,5,5,1,0.00012994924,6,OOD_Class_5
find the TV show Hot Air,5,5,1,0.00012962375,6,OOD_Class_5
find a novel called Chemistry - An European Journal,5,6,1,0.61540073,6,OOD_Class_5
Show me the Only the Strong Survive photograph,5,5,1,0.0004866457,6,OOD_Class_5
Fine the movie schedule for Warren Theatres .,6,5,0,8.216825e-05,6,OOD_Class_5
Look for the TV series The Stars at Saint Andrea,5,5,1,0.00011896373,6,OOD_Class_5
Go to After Dusk They Come,5,1,1,0.00059060776,6,OOD_Class_5
Find me the picture The Id,5,5,1,0.00020252664,6,OOD_Class_5
Look for the District 9 novel,5,5,1,0.00015028208,6,OOD_Class_5
Rate trailer Geek Chic,5,4,1,0.00066345726,6,OOD_Class_5
find a book called The Mad Magician,5,5,1,0.00062161015,6,OOD_Class_5
Find me the novel The Argumentative Indian,5,5,1,0.00036113526,6,OOD_Class_5
Book a popular restaurant for 5 people,1,1,0,0.00010093333,6,OOD_Class_5
Incorporate a russel walder track onto gay's Funk Rock playlist.,0,0,0,0.00017122166,6,OOD_Class_5
add fabrice morvan to Folk for Kids,0,0,0,0.00018658511,6,OOD_Class_5
Rate the current novel five of 6,4,4,0,9.311128e-05,6,OOD_Class_5
Add the Nastya Kamenskih song to my The Martin Garrix Show playlist.,0,0,0,0.00015461408,6,OOD_Class_5
Add this tune to the Heavy Gamer playlist.,0,0,0,0.00015750978,6,OOD_Class_5
Play me an album by Lunchbox,5,3,1,0.00011176042,6,OOD_Class_5
Will there be a snowstorm in Taberville,2,2,0,0.000113960115,6,OOD_Class_5
"book a brasserie at Turtle Creek neighboring on march sixth, 2038 for eight",1,1,0,9.4812436e-05,6,OOD_Class_5
Can you put live in detroit on the playlist Peaceful Piano,0,0,0,0.00015295114,6,OOD_Class_5
I need a weather forecast for Laos at one am,2,2,0,0.000109485794,6,OOD_Class_5
"find Blood Moon Year of the Wolf , a movie",5,5,1,0.00010632097,6,OOD_Class_5
Play music off Itunes .,3,3,0,0.0001199006,6,OOD_Class_5
book a restaurant on next fall for 5,1,1,0,8.90293e-05,6,OOD_Class_5
Where can I watch the latest episode of the TV show Chu Chu and the Philly Flash ?,5,5,1,0.00012332729,6,OOD_Class_5
Play hanging in the balance by Nik Kershaw on Zvooq .,3,3,0,0.00012292292,6,OOD_Class_5
the previous book is five out of 6 stars,4,4,0,9.691451e-05,6,OOD_Class_5
Find a novel called East Liberty,5,5,1,0.0026971835,6,OOD_Class_5
Find movie schedules .,6,5,0,7.445346e-05,6,OOD_Class_5
Please tell me movie times,6,5,0,8.042244e-05,6,OOD_Class_5
Is Gods of Metal playing,6,5,0,0.00014017372,6,OOD_Class_5
"Is it supposed to be colder at lunch time in Schuyler , Venezuela ?",2,2,0,9.804873e-05,6,OOD_Class_5
Rate Dictionary of the English Language a 4,4,4,0,0.00010748387,6,OOD_Class_5
find Casting Crowns discography,5,5,1,0.00022240373,6,OOD_Class_5
I'm hoping you can find a photograph from Live At The Isle Of Wight 1970 .,5,5,1,0.0024063592,6,OOD_Class_5
I'd like to rate the book White Dawns at zero of 6 stars .,4,4,0,9.541267e-05,6,OOD_Class_5
"find Playground , a book",5,5,1,0.00012343502,6,OOD_Class_5
I want to watch Manthan,5,5,1,0.00013479208,6,OOD_Class_5
Find a song called Magic in the Water .,5,3,1,0.00020447653,6,OOD_Class_5
How do I get the soundtrack for Hearts of Fencing ?,5,3,1,0.00031149806,6,OOD_Class_5
whats the closest movie house showing Medal of Honor,6,5,0,9.892232e-05,6,OOD_Class_5
search for Space on My Hands,5,5,1,0.0029550912,6,OOD_Class_5
Find a song called Be Quick or Be Dead .,5,3,1,0.00011572044,6,OOD_Class_5
I'm looking for the song called Standing for Something .,5,3,1,0.00043529095,6,OOD_Class_5
Show me The Courts of Chaos,5,5,1,0.18774341,6,OOD_Class_5
search for the trailer The Thieving Magpie,5,5,1,0.0001119207,6,OOD_Class_5
Which cinema is showing A Dedicated Life starting at eleven PM,6,5,0,9.998969e-05,6,OOD_Class_5
show creative trailer of The Sword of the Lord,5,5,1,0.00033606504,6,OOD_Class_5
Play The News Virginian song,5,3,1,9.643642e-05,6,OOD_Class_5
Look for Global Clubbing The Netherlands .,5,5,1,0.00051642995,6,OOD_Class_5
is it going to be foggy in Jewell Cemetery State Historic Site 7 weeks from now,2,2,0,0.00010007759,6,OOD_Class_5
find the show CarniK Con,5,5,1,0.00010884773,6,OOD_Class_5
Where to see painting Twelve Angry Men,5,5,1,0.00014376632,6,OOD_Class_5
Find a novel called Matching Dreams .,5,5,1,0.07459339,6,OOD_Class_5
Tell me the weather forecast here,2,2,0,0.00012024917,6,OOD_Class_5
I give this book Dictionary of the English Language a 4 rating,4,4,0,0.00010356883,6,OOD_Class_5
I'd like to have this track onto my Classical Relaxations playlist.,0,0,0,0.00018521545,6,OOD_Class_5
Play some music from 1962 from Adeyto,3,3,0,0.00012007361,6,OOD_Class_5
Can you find me a trailer for Phineas Redux ?,5,5,1,0.00011233591,6,OOD_Class_5
find A man needs a maid,5,5,1,0.0028008835,6,OOD_Class_5
Find me the book My People Were Fair and Had Sky in Their Hair… But Now They’re Content to Wear Stars on Their Brows,5,5,1,0.00020165356,6,OOD_Class_5
Please find Pretty Baby,5,5,1,0.00015600564,6,OOD_Class_5
I would like to book a restaurant for two in 42 weeks from now in Wagram,1,1,0,0.00011865855,6,OOD_Class_5
Please find me Asking Alexandria discography,5,5,1,0.00022558586,6,OOD_Class_5
Add an album by m g sreekumar to my laidback acoustic playlist.,0,0,0,0.00016652426,6,OOD_Class_5
Play a symphony from 2013 .,3,3,0,0.000122742,6,OOD_Class_5
I give this textbook a four,4,4,0,0.00010057764,6,OOD_Class_5
Play anything from Hiromitsu Agatsuma off iHeart .,3,3,0,0.000119432334,6,OOD_Class_5
I want to listen to seventies music.,3,3,0,0.0001342126,6,OOD_Class_5
book a gratin serving tea house in Bushkill,1,1,0,9.8203986e-05,6,OOD_Class_5
Can you find the novel Stoneage Romeos,5,5,1,0.00028821384,6,OOD_Class_5
"Would like a table right now for leonor mendoza, imogene and lisa sanchez",1,1,0,0.00015297915,6,OOD_Class_5
How to buy picture of Agent Hamilton But Not If It Concerns Your Daughter,5,5,1,0.0005828398,6,OOD_Class_5
Need the creative work called The Logic of Scientific Discovery,5,6,1,0.9897085,6,OOD_Class_5
play a tune by Syreeta Wright from twenties from the top,3,3,0,0.00012142893,6,OOD_Class_5
Rate the current textbook 4 of 6,4,4,0,9.504091e-05,6,OOD_Class_5
Get me a picture about Sardonic Wrath,5,6,1,0.94046664,6,OOD_Class_5
I'd like to see the painting Empire of Two Worlds,5,5,1,0.00022960771,6,OOD_Class_5
find the TV show When I Was a Boy,5,5,1,0.00011711997,6,OOD_Class_5
I need a table booking for a highly rated sardinian pub .,1,1,0,0.000113252754,6,OOD_Class_5
1 points for Victory for Us Is to See You Suffer,4,4,0,0.000348872,6,OOD_Class_5
Show me a novel by Onnaam Muhurtham,5,3,1,0.0020756067,6,OOD_Class_5
What is the weather forecast for Maryland,2,2,0,0.00011368392,6,OOD_Class_5
give The Enemy Within saga 3 stars for me,4,4,0,0.00010276307,6,OOD_Class_5
Add janie jones to my Indie Pop,0,0,0,0.00016155954,6,OOD_Class_5
find Friendship Way,5,5,1,0.00037434616,6,OOD_Class_5
I would like Ignacio Figueredo 's tune added to electroNOW .,0,0,0,0.00014861452,6,OOD_Class_5
add song to Rocksteady playlist,0,0,0,0.0001692295,6,OOD_Class_5
"find Welcome to the El-Palacio , a movie",5,5,1,9.2191825e-05,6,OOD_Class_5
play Luis Alfonzo Larrain from 1995,3,3,0,0.000116323965,6,OOD_Class_5
Will it blizzard today in Sint Maarten,2,2,0,0.00011023754,6,OOD_Class_5
play Baby Workout,5,3,1,0.0001010545,6,OOD_Class_5
Play Elkie Brooks seventies sound track,3,3,0,0.00010711138,6,OOD_Class_5
rate the current textbook zero out of 6 points,4,4,0,8.662016e-05,6,OOD_Class_5
Please play This Is The Day by Brian Robertson .,3,3,0,0.00013213069,6,OOD_Class_5
find Sappho,5,5,1,0.00017715328,6,OOD_Class_5
Rate the current essay zero points,4,4,0,9.175709e-05,6,OOD_Class_5
Play the latest music by Martin Luther Mccoy,3,3,0,0.000117752,6,OOD_Class_5
I want to watch the trailer Ad Nauseam,5,5,1,9.862648e-05,6,OOD_Class_5
What films start at eighteen at Caribbean Cinemas,6,5,0,8.050186e-05,6,OOD_Class_5
"find Remedial Chaos Theory , a soundtrack",5,3,1,0.0007320709,6,OOD_Class_5
Please look up Show-Biz Blues photograph .,5,5,1,0.0002122003,6,OOD_Class_5
find a soundtrack called Fast as You,5,3,1,0.00011450538,6,OOD_Class_5
Give the current book 4 stars,4,4,0,9.834498e-05,6,OOD_Class_5
add this track to Punk Rock Workout,0,0,0,0.00017030853,6,OOD_Class_5
show creativity of The House of the Dead,5,5,1,0.0009593615,6,OOD_Class_5
The Voyage of the Dawn Treader deserves 5 points .,4,4,0,0.00010530029,6,OOD_Class_5
Rate current book 0,4,4,0,9.6724645e-05,6,OOD_Class_5
She me the game called Knowledge and Decisions,5,3,1,0.020496523,6,OOD_Class_5
Find me a soundtrack by Ghost Town Prophecy,5,3,1,0.0001235202,6,OOD_Class_5
add dj clay to my canciones del recuerdo,0,0,0,0.00018906283,6,OOD_Class_5
what films are playing at the nearest movie house,6,5,0,7.689227e-05,6,OOD_Class_5
How will the weather be in six minutes close to Moosic,2,2,0,0.00010705766,6,OOD_Class_5
Is A Short Film About Killing at North American Cinemas,6,5,0,0.00010316039,6,OOD_Class_5
rate the book A Brief History of Chinese Fiction 0 out of 6 points,4,4,0,9.5599054e-05,6,OOD_Class_5
Find a painting called Chettathi .,5,5,1,0.00053727045,6,OOD_Class_5
play Hell House song,5,3,1,9.429374e-05,6,OOD_Class_5
is it overcast close-by in Illinois,2,2,0,0.000110777284,6,OOD_Class_5
find a video game called Craters of the Sac,5,3,1,0.01018779,6,OOD_Class_5
play Blind Company,5,3,1,8.796943e-05,6,OOD_Class_5
Book a restaurant in Almyra in 10 years,1,1,0,0.00017520385,6,OOD_Class_5
Find a TV show called Union .,5,5,1,0.00013634346,6,OOD_Class_5
Find Make Your Play,5,5,1,0.00012442043,6,OOD_Class_5
Add this album to jenifer's mellow dinner playlist,0,0,0,0.0001661203,6,OOD_Class_5
Rate Soul Music a 0 .,4,4,0,9.193561e-05,6,OOD_Class_5
Add Falcon to the Top Tracks in Metal playlist.,0,0,0,0.00018549776,6,OOD_Class_5
Show me the album Andrews University Seminary Studies,5,5,1,0.0024602343,6,OOD_Class_5
Rate this album 0 points out of 6,4,4,0,8.789788e-05,6,OOD_Class_5
Is Covered Wagon Days playing at B&B Theatres in 1 second ?,6,5,0,8.313832e-05,6,OOD_Class_5
Where can I buy The Lying Game,5,5,1,0.00016655678,6,OOD_Class_5
How can I watch the television show Straight Shooter ?,5,5,1,0.00012836466,6,OOD_Class_5
Find a creative work called Fire in the Hole,5,3,1,0.044113483,6,OOD_Class_5
Find the Sarah the Teen Princess game,5,5,1,0.00013590782,6,OOD_Class_5
I want to read the book Between a Rock and a Hard Place,5,5,1,0.0017860781,6,OOD_Class_5
Pull up Mafia The City of Lost Heaven,5,3,1,0.00023088617,6,OOD_Class_5
Can you look for the creative work called No Gravity,5,5,1,0.0031322064,6,OOD_Class_5
Book a reservation for nine people at a bakery in Nunez,1,1,0,0.000107955464,6,OOD_Class_5
Search for the Halfway Home TV show,5,5,1,9.4844014e-05,6,OOD_Class_5
rate current essay 1 stars,4,4,0,9.6443284e-05,6,OOD_Class_5
Find the movie schedule .,6,5,0,7.6592114e-05,6,OOD_Class_5
play the Ocelot record using Zvooq,3,3,0,9.328714e-05,6,OOD_Class_5
Where can I find the album The Adventures of Lolo II,5,5,1,0.00020584736,6,OOD_Class_5
is the weather freezing in AK,2,2,0,0.00010345993,6,OOD_Class_5
Add Troy van Leeuwen to my nu metal list,0,0,0,0.00015666484,6,OOD_Class_5
I need a book called Student Demonstration Time,5,5,1,0.012047496,6,OOD_Class_5
Give The Hollow Man three out of 6 stars,4,4,0,9.4301126e-05,6,OOD_Class_5
Where can i watch the television show The Private Affairs of Bel Ami ?,5,5,1,0.00010478436,6,OOD_Class_5
Rate this current essay 1 out of 6 points,4,4,0,8.858806e-05,6,OOD_Class_5
Want to see the Dungeons & Dragons Chronicles of Mystara,5,5,1,0.0002454285,6,OOD_Class_5
play Khujo eighties track song,3,3,0,9.728614e-05,6,OOD_Class_5
play fifties track music,3,3,0,0.00010601924,6,OOD_Class_5
find a game called Bump the Show,5,5,1,0.0012860112,6,OOD_Class_5
I want to hear Song For Adam,3,3,0,0.00011318581,6,OOD_Class_5
I would rate this essay four stars,4,4,0,9.139938e-05,6,OOD_Class_5
Where can I purchase a copy of the painting called Glimpses of World History ?,5,5,1,0.00043096725,6,OOD_Class_5
"find Long Hello and Short Goodbye , a movie",5,5,1,0.000101260855,6,OOD_Class_5
play a concerto that was most popular in 1958 by mickey hart,3,3,0,0.00010916614,6,OOD_Class_5
Give the current album 2 out of 6 points .,4,4,0,9.4116775e-05,6,OOD_Class_5
play If You Go,5,3,1,8.969258e-05,6,OOD_Class_5
book a spot for elise and alma at a brasserie in Ravensdale MH for this week,1,1,0,0.00010870402,6,OOD_Class_5
Play music on Netflix by Don Kikas,3,3,0,0.00012226391,6,OOD_Class_5
Is it humid in Charenton,2,2,0,0.00010905839,6,OOD_Class_5
Show me the trailer for The Glades .,5,5,1,0.00020272724,6,OOD_Class_5
Please pull up Nothing Feels Good,5,3,1,0.00017214612,6,OOD_Class_5
Can you find a photograph of Ace Ventura The CD-Rom Game,5,5,1,0.0013669601,6,OOD_Class_5
What is the movie schedule at Douglas Theatre Company,6,5,0,8.121322e-05,6,OOD_Class_5
I want to know the temperate from January the twentieth in Brazil,2,2,0,0.0001412524,6,OOD_Class_5
play Steven Reineke greatest soundtrack on Youtube,3,3,0,9.998337e-05,6,OOD_Class_5
"Book a table at the Eighth Step Coffee House that isn't too far from Vineyard Haven for candace phillips, debbie and sondra",1,1,0,0.00010132005,6,OOD_Class_5
find the closest movie theatre with animated movies,6,5,0,8.265371e-05,6,OOD_Class_5
please add moon river to my metalcore playlist,0,0,0,0.00017239922,6,OOD_Class_5
put this track on operación bikini,0,0,0,0.00017569601,6,OOD_Class_5
Please play songs by Lil Jon,3,3,0,0.00012744528,6,OOD_Class_5
Show me Cut the Rope video game,5,5,1,0.0064027817,6,OOD_Class_5
Book The Electric Banana in Ewen for crystal and brittney .,1,1,0,0.00010827509,6,OOD_Class_5
look for the show named Chestnut Mare,5,5,1,0.00012309616,6,OOD_Class_5
find the TV show Starship Titanic,5,5,1,0.00013771043,6,OOD_Class_5
"find To Each His Own Cinema , an album",5,5,1,0.00027937174,6,OOD_Class_5
Can you find me the Magic Hour song ?,5,5,1,0.00063750276,6,OOD_Class_5
Find a painting called Boating on the River Epte .,5,5,1,0.0003807057,6,OOD_Class_5
What will the weather be nineteen hours from now neighboring Saint Kitts and Nevis ?,2,2,0,9.920565e-05,6,OOD_Class_5
show creative work of Through the Back Door,5,5,1,0.00093096046,6,OOD_Class_5
find animated movies movie schedule in the neighborhood,6,5,0,8.097604e-05,6,OOD_Class_5
Add the artist to my Metal playlist.,0,0,0,0.0001628274,6,OOD_Class_5
Add bilal to winter,0,0,0,0.00014809909,6,OOD_Class_5
Where can I find the song Red Back Fever,5,5,1,0.00073454727,6,OOD_Class_5
add Georgetown University Alma Mater to my evening acoustic playlist,0,0,0,0.0001560549,6,OOD_Class_5
Can you play The Wanderer and His Shadow,5,3,1,9.610926e-05,6,OOD_Class_5
Can you find the trailer for The Young Martyr ?,5,5,1,8.152774e-05,6,OOD_Class_5
Find a video game called New York 911 .,5,5,1,0.006083197,6,OOD_Class_5
Add a rachael price album to TODO EDM,0,0,0,0.00015140002,6,OOD_Class_5
show creativity of Night of the Hunter,5,5,1,0.0006325869,6,OOD_Class_5
I need to find the So Nice soundtrack,5,3,1,0.00061171065,6,OOD_Class_5
Put new page onto my latin jazz playlist.,0,0,0,0.00016394196,6,OOD_Class_5
Is it hot here,2,2,0,0.000118961296,6,OOD_Class_5
find a movie house with Colic The Movie that is nearest,6,5,0,7.909983e-05,6,OOD_Class_5
Where can I view the photograph The Phantom Horse,5,5,1,0.00023770808,6,OOD_Class_5
Find the album Follow That Camel,5,3,1,0.0019309832,6,OOD_Class_5
What is the movie schedule for Loews Cineplex Entertainment,6,5,0,8.018926e-05,6,OOD_Class_5
find the movie Chaos Is Me,5,5,1,9.7948054e-05,6,OOD_Class_5
Play bebob on Iheart,3,3,0,0.000109650966,6,OOD_Class_5
I need a reservation for a highly rated bistro for a party of 10 .,1,1,0,0.000117657815,6,OOD_Class_5
add Chrome Reflection to my throwback thursday playlist,0,0,0,0.00015944499,6,OOD_Class_5
Get Jump Down painting,5,5,1,0.0010871883,6,OOD_Class_5
Rate this textbook a 1,4,4,0,9.9795805e-05,6,OOD_Class_5
find Unfinished portrait of General Bonaparte,5,5,1,0.00055891863,6,OOD_Class_5
Can you get me seating for 5 people 1 minute from now in Tuvalu,1,1,0,9.9818586e-05,6,OOD_Class_5
Play the latest ep by Joel Hastings on Itunes .,3,3,0,0.00011706602,6,OOD_Class_5
Is The Mystical Adventures of Billy Owens playing at the closest movie house,6,5,0,9.175791e-05,6,OOD_Class_5
my Disco Forever playlist needs an album by sawai gandharva .,0,0,0,0.00060233875,6,OOD_Class_5
Find the novel WWE Legends of WrestleMania,5,5,1,0.00064380467,6,OOD_Class_5
search for the album Frog and the Birdsong,5,5,1,0.00027258313,6,OOD_Class_5
add this song to my Love Hurts playlist,0,0,0,0.00016014655,6,OOD_Class_5
Search for the video game The Book of Heroic Failures,5,5,1,0.0024996046,6,OOD_Class_5
Add autry inman to my Hanging Out and Relaxing playlist.,0,0,0,0.00016242995,6,OOD_Class_5
Show me Heavenly Sword,5,5,1,0.04799301,6,OOD_Class_5
rate this current novel a 3,4,4,0,9.476225e-05,6,OOD_Class_5
Find a game called An Aerial Joy Ride .,5,5,1,0.08994619,6,OOD_Class_5
Play the Instrumental Study on Vimeo .,3,3,0,0.00010659088,6,OOD_Class_5
Weather for Marshall,2,2,0,0.000108741704,6,OOD_Class_5
Can you help me find Tears from a Willow ?,5,5,1,0.00028947144,6,OOD_Class_5
I'd like to watch films at the closest movie theatre,6,5,0,9.068844e-05,6,OOD_Class_5
Play some music from Victor Kunonga .,3,3,0,0.000118791904,6,OOD_Class_5
When is Romance on the Range playing at movie house ?,6,5,0,8.3464416e-05,6,OOD_Class_5
I want to hear that track from 1991,3,3,0,0.00012775214,6,OOD_Class_5
Where can I buy the movie Totality,5,5,1,8.510383e-05,6,OOD_Class_5
play Myth II Soulblighter,5,3,1,0.000107246065,6,OOD_Class_5
Add tune to infinite indie folk,0,0,0,0.0001537842,6,OOD_Class_5
Play video game Manifesto of Nevermore,5,3,1,0.00010606186,6,OOD_Class_5
is Tarzan of the Apes playing at Cobb Theatres,6,5,0,8.2411665e-05,6,OOD_Class_5
I want to play the game The Carny,5,3,1,0.00014997816,6,OOD_Class_5
What is Just Like in the Old Country,5,2,1,0.00068253797,6,OOD_Class_5
how's the weather looking in Pheba,2,2,0,0.000108531414,6,OOD_Class_5
I want to add michelle heaton to this is chopin,0,0,0,0.0001625871,6,OOD_Class_5
I want another song in the Women of Latin Music playlist.,0,0,0,0.0001865583,6,OOD_Class_5
I'd like to book a reservation for next Spring for nine people at Shore Club .,1,1,0,0.00013315424,6,OOD_Class_5
Please tell me the forecast for Guinea-Bissau,2,2,0,0.00013381576,6,OOD_Class_5
What time are the animated movies starting at the nearest movie house ?,6,5,0,8.6282744e-05,6,OOD_Class_5
Add another MC chris track to my Blues Roots playlist.,0,0,0,0.00016709644,6,OOD_Class_5
Where and at what time can I see Paragraphe 78,6,5,0,0.00010529263,6,OOD_Class_5
"I need Chapter One of the show , get it for me please.",5,0,1,0.0012388576,6,OOD_Class_5
how cold is it in Princeton Junction,2,2,0,0.00010684612,6,OOD_Class_5
Where do get photograph of My Own Best Enemy,5,5,1,0.00030471492,6,OOD_Class_5
what is the current place forecast,2,2,0,0.00011077766,6,OOD_Class_5
show me a picture of Nokia Football Crazy,5,6,1,0.95621985,6,OOD_Class_5
Find me the Martin Morning saga,5,5,1,0.00017148392,6,OOD_Class_5
I'd like to see the picture The Principle of Hope,5,5,1,0.16230948,6,OOD_Class_5
I'd like to listen to the soundtrack In the Air,5,3,1,0.00011461768,6,OOD_Class_5
I'd like to see the show Migration,5,5,1,0.00010992097,6,OOD_Class_5
What's it like in Bahrain right now ?,2,2,0,9.890282e-05,6,OOD_Class_5
play Groove Shark,3,3,0,9.3557916e-05,6,OOD_Class_5
I want to book a delicatessen serving testaroli in Somalia for 7/25/2027 .,1,1,0,0.00015397431,6,OOD_Class_5
What are the movie times at General Cinema Corporation,6,5,0,8.83283e-05,6,OOD_Class_5
Which movies are playing at AMC Theaters ?,6,5,0,7.863852e-05,6,OOD_Class_5
Looking for the trailer for Shaolin Temple,5,5,1,0.00016164452,6,OOD_Class_5
add this Michael V track to my Folk & Americana,0,0,0,0.00015635535,6,OOD_Class_5
Find a TV show called Revenge of the Nerds .,5,5,1,0.00015448147,6,OOD_Class_5
Can you give me the weather for here,2,2,0,0.00011263221,6,OOD_Class_5
Add Grey Cloudy Lies to the hip hop playlist.,0,0,0,0.00015843505,6,OOD_Class_5
Get me a table at a bar which has a spa .,1,1,0,0.00011776543,6,OOD_Class_5
Find The Coffin .,5,5,1,0.00055272336,6,OOD_Class_5
show the creativity of Ghost Dragon of Cold Mountain,5,5,1,0.06074776,6,OOD_Class_5
Play any song from the eighties,3,3,0,0.00012995617,6,OOD_Class_5
How can I see the show Pulse 2 Afterlife ?,5,5,1,0.00013305458,6,OOD_Class_5
what animated movies are showing in the neighborhood,6,5,0,9.587985e-05,6,OOD_Class_5
Forecast for 0222 pm Maldives,2,2,0,0.00011197233,6,OOD_Class_5
Showtimes for animated movies fro Goodrich Quality Theaters .,6,5,0,8.9107256e-05,6,OOD_Class_5
Play the album Killer Instinkt,3,3,0,9.910832e-05,6,OOD_Class_5
I want to read the saga Michael Clayton,5,5,1,0.00087843806,6,OOD_Class_5
give zero out of 6 points to The False Peace,4,4,0,9.53193e-05,6,OOD_Class_5
find the Still Life American Concert 1981 soundtrack,5,3,1,0.00082510296,6,OOD_Class_5
Give me weather information for Porcupine Mountains,2,2,0,0.0001432815,6,OOD_Class_5
What is Love in a Mist ?,5,5,1,0.007947069,6,OOD_Class_5
play a john maher track,3,3,0,0.00010260672,6,OOD_Class_5
I want to watch the television show Champion,5,5,1,0.00012237273,6,OOD_Class_5
Show me the work titled The Perfect Gentleman which is a song,5,3,1,0.0026134672,6,OOD_Class_5
Find the Hopeless Romantic photograph,5,5,1,0.00013452968,6,OOD_Class_5
my timeless love songs playlist should include viderunt omnes,0,0,0,0.00015928123,6,OOD_Class_5
Is the forecast hot in 1 hour in Leasburg ?,2,2,0,0.00010225459,6,OOD_Class_5
Add As I Was Going to St Ives to the fantasía playlist.,0,0,0,0.00015529396,6,OOD_Class_5
Rate Hate That Cat 1 out of 6 stars .,4,4,0,0.000100089106,6,OOD_Class_5
I'm looking for the work titled Converging Conspiracies,5,5,1,0.01625204,6,OOD_Class_5
What is the closest movie theatre that is playing animated movies,6,5,0,8.919612e-05,6,OOD_Class_5
Show me the animated movies starting at 105618 a.m. at the nearest movie house,6,5,0,0.000101763726,6,OOD_Class_5
show creativity of All for One,5,4,1,0.0012002765,6,OOD_Class_5
show the trailer of Rugrats Go Wild,5,5,1,0.00017332369,6,OOD_Class_5
Find Drowning with Land in Sight .,5,5,1,0.0006475932,6,OOD_Class_5
Search for High Chicago,5,5,1,8.566459e-05,6,OOD_Class_5
What is the forecast this evening for the Calipuy National Reservation,2,2,0,0.00010800184,6,OOD_Class_5
Find the schedule for the closest films at a cinema at meal time.,6,5,0,8.884788e-05,6,OOD_Class_5
Play music from Paul Landers,3,3,0,0.00012292294,6,OOD_Class_5
Show The Blackberry Bush show,5,5,1,0.00015782315,6,OOD_Class_5
Is there going to be any cloud cover today at McCracken in AZ ?,2,2,0,0.00010653502,6,OOD_Class_5
Show me schedules to see A Film with Me in It .,6,5,0,0.00011564927,6,OOD_Class_5
find the song The Fourth Man,5,3,1,0.00026695651,6,OOD_Class_5
Where to watch show Extremely Live,5,5,1,0.00012663826,6,OOD_Class_5
Where can I get Intel Array Building Blocks,5,5,1,0.0022115905,6,OOD_Class_5
find the movie Take Another Picture,5,5,1,8.653257e-05,6,OOD_Class_5
book a spot for seven at a brasserie with ginestrata,1,1,0,0.00012548328,6,OOD_Class_5
I'm looking for the TV series called Unborn,5,5,1,0.00014775641,6,OOD_Class_5
Book a restaurant in the Dominican Republic in one minute for a party of eight,1,1,0,0.00010983918,6,OOD_Class_5
Play some Don Ho on Netflix,3,3,0,0.00012226423,6,OOD_Class_5
show creativity of Home Brew,5,5,1,0.19398256,6,OOD_Class_5
please put this track onto letha's signed xoxo playlist,0,0,0,0.00016939419,6,OOD_Class_5
add rob tyner to betsy's We Everywhere,0,0,0,0.00014567042,6,OOD_Class_5
give five points to The Tenor Wore Tapshoes,4,4,0,9.457488e-05,6,OOD_Class_5
I need to add baro ferret to the Urban Hits under my name,0,0,0,0.00016410432,6,OOD_Class_5
Play some David Mallett on last fm,3,3,0,0.0001070072,6,OOD_Class_5
when are animated movies playing at Goodrich Quality Theaters,6,5,0,8.2977225e-05,6,OOD_Class_5
rate The Lives of John Lennon five points,4,4,0,9.587856e-05,6,OOD_Class_5
What's the weather now in Salmon Lake State Park,2,2,0,0.00010927388,6,OOD_Class_5
Want to hear a chant by Nellie Mckay from the year 2008,3,3,0,0.00013559553,6,OOD_Class_5
Is it forecast to be chilly here on july 14 ?,2,2,0,0.00011110477,6,OOD_Class_5
Where can I find the game Skip to the End ?,5,5,1,0.0001105658,6,OOD_Class_5
"Can you search the book , Paris - When It Sizzles ?",5,5,1,0.00012526581,6,OOD_Class_5
What's the weather going to be like in PR at nineteen o'clock,2,2,0,0.00011575674,6,OOD_Class_5
Find the Now We Are Six saga,5,5,1,0.0001161709,6,OOD_Class_5
Show me Skyfall Original Motion Picture Soundtrack,5,3,1,0.0017068166,6,OOD_Class_5
Find FANatic .,5,5,1,0.00035805462,6,OOD_Class_5
Will it be overcast in Luxembourg in fourteen seconds,2,2,0,0.00010726636,6,OOD_Class_5
I want to listen to Roger Daltrey from the sixties on slacker,3,3,0,0.00013239107,6,OOD_Class_5
I'd like to watch Abbott and Costello Meet Captain Kidd at the nearest cinema,6,5,0,8.90172e-05,6,OOD_Class_5
I give The Road from Elephant Pass four stars,4,4,0,0.00010038165,6,OOD_Class_5
Rate the saga Rides a Dread Legion zero out of 6 points .,4,4,0,9.320249e-05,6,OOD_Class_5
Will you please pull up movie schedules for me?,6,5,0,7.547869e-05,6,OOD_Class_5
Book a restaurant in seven in Fort McKinley,1,1,0,0.00011039035,6,OOD_Class_5
I need to see the movie schedules,6,5,0,7.394654e-05,6,OOD_Class_5
Play Party Anthems,3,3,0,0.00010360817,6,OOD_Class_5
I'd like to see movie times please.,6,5,0,9.597224e-05,6,OOD_Class_5
will it be chilly in Cistern,2,2,0,0.00011671916,6,OOD_Class_5
Play the Late Night Jazz soundtrack on Zvooq .,3,3,0,0.00011045869,6,OOD_Class_5
Where can I find the movie called Cracking Contraptions ?,5,5,1,9.3657516e-05,6,OOD_Class_5
I'm looking for the television show titled The Lonergan Review,5,5,1,0.00012083116,6,OOD_Class_5
Book a reservation for bettye and lakeisha jimenez at a bar,1,1,0,0.00011834295,6,OOD_Class_5
Find the Love And War soundtrack,5,3,1,0.00028358222,6,OOD_Class_5
Find a saga called Story of My Life .,5,4,1,0.064851575,6,OOD_Class_5
give the current album a score of five out of 6,4,4,0,9.347551e-05,6,OOD_Class_5
play the TV show Iron Seed,5,3,1,0.00011513267,6,OOD_Class_5
Find a table for five at Harveys in De Berry ID on April the 10th,1,1,0,9.6308475e-05,6,OOD_Class_5
"Please help me find, Bend It Like Beckham the Musical .",5,5,1,0.00403598,6,OOD_Class_5
I want to hear the new Latin Pop Rising list,3,3,0,0.00010426626,6,OOD_Class_5
show Angels of Iron television show,5,5,1,0.00019152598,6,OOD_Class_5
find a trailer for Pesterminator The Western Exterminator,5,5,1,0.0002850006,6,OOD_Class_5
play a track by Mila Islam from Deezer,3,3,0,0.00013129614,6,OOD_Class_5
Please find me the picture of The Getaway Black Monday .,5,5,1,0.0019211594,6,OOD_Class_5
Play Listen To The Mocking Bird by Billy Martin on Youtube,3,3,0,0.000117123585,6,OOD_Class_5
show creativity of Doomsday Comfort,5,5,1,0.19350614,6,OOD_Class_5
Find me the Lace and Whiskey soundtrack,5,5,1,0.0012124685,6,OOD_Class_5
Glory Season deserves a perfect 5 points .,4,4,0,0.00011497428,6,OOD_Class_5
Is the Wandering Detective Black Wind in the Harbor playing at Cinemark Theatres,6,5,0,8.3873245e-05,6,OOD_Class_5
show TV show schedule Archive.is,5,5,1,0.000102960556,6,OOD_Class_5
Can you make reservations for two people somewhere distant from Sutphin Blvd,1,1,0,0.000109760105,6,OOD_Class_5
Look for the Chu Chu and the Philly Flash picture,5,5,1,0.0001340182,6,OOD_Class_5
What is the weather like in the city of Frewen in the country of Venezuela,2,2,0,0.00011013242,6,OOD_Class_5
Play the Knockabout soundtrack,5,3,1,0.000104477775,6,OOD_Class_5
Can you find the photograph titled So Long Self,5,5,1,0.00024710328,6,OOD_Class_5
Give this series 3 stars,4,4,0,9.940726e-05,6,OOD_Class_5
"find Wild Solutions , a saga",5,5,1,0.014217911,6,OOD_Class_5
"book a table for Sep. the second, 2020 at a highly rated place for me and my baby at a joint serving cambodian",1,1,0,0.00011939388,6,OOD_Class_5
I want to book a tea house for 4 that serves madeleine,1,1,0,0.00012622892,6,OOD_Class_5
Find Fragile Frontiers The Secret History of Mumbai Terror Attacks .,5,6,1,0.95043147,6,OOD_Class_5
Play some Instrumental music on the service Lastfm,3,3,0,0.00010437443,6,OOD_Class_5
add this song to the Pre-Party playlist,0,0,0,0.00016354502,6,OOD_Class_5
showtimes for movies currently playing at Speakeasy Theaters,6,5,0,8.289597e-05,6,OOD_Class_5
Can i see the Boat People ?,5,5,1,0.00010077328,6,OOD_Class_5
I want to watch the TV show Down on Abby,5,5,1,0.00010937425,6,OOD_Class_5
Please show me the picture History Repeating,5,5,1,0.34223783,6,OOD_Class_5
Play pop,3,3,0,9.920397e-05,6,OOD_Class_5
Play me some music youtube,3,3,0,0.00011491289,6,OOD_Class_5
Find me the movie with the title of Twitches,5,5,1,0.000111753536,6,OOD_Class_5
Book a reservation for an osteria restaurant for 4 people on november 4,1,1,0,9.582958e-05,6,OOD_Class_5
add keltech to my 70s road trip playlist,0,0,0,0.00016077352,6,OOD_Class_5
Can I get the game List of Mew singles ?,5,5,1,0.00021105967,6,OOD_Class_5
I need a cambodian brasserie restaurant that is top-rated,1,1,0,0.00011215097,6,OOD_Class_5
What time is The Hotline playing at the movie theatre,6,5,0,8.313941e-05,6,OOD_Class_5
add naomi schemer to my Hanging Out and Relaxing,0,0,0,0.00017477128,6,OOD_Class_5
Is Dead Fish playing at the movie house,6,5,0,8.169132e-05,6,OOD_Class_5
Show me the game English Freakbeat,5,5,1,0.0014181563,6,OOD_Class_5
find information about the album Flipper City,5,5,1,0.0017414526,6,OOD_Class_5
Go to The Devil in the Deal50 Secrets to Successful Dealmaking,5,0,1,0.0011422219,6,OOD_Class_5
Rate Contesting the Future of Nuclear Power a four,4,4,0,0.00011689914,6,OOD_Class_5
add the essential jacksons to my Perfect Concentration,0,0,0,0.00015796923,6,OOD_Class_5
"Pull up the video game , Apothecary Rx",5,3,1,0.0003498235,6,OOD_Class_5
I would rate this book 3 points out of 6,4,4,0,8.9194655e-05,6,OOD_Class_5
Can I get the movie schedules for Marcus Corporation .,6,5,0,9.466994e-05,6,OOD_Class_5
How much humidity is there in UT ?,2,2,0,0.00012012893,6,OOD_Class_5
Please search for Sealed with a Kiss movie .,5,5,1,0.00016030135,6,OOD_Class_5
I would give the All That Fresh out the Box saga a rating of 2 points,4,4,0,0.00010478867,6,OOD_Class_5
When's Fools for Luck showing?,6,5,0,0.00011396071,6,OOD_Class_5
Give Hindu Temples What Happened to Them a 5 out of 6 stars .,4,4,0,0.000106439795,6,OOD_Class_5
Where can I view the TV series of W.I.T.C.H.,5,5,1,0.00015790071,6,OOD_Class_5
Add Tunnel of Love to ethel's metal crash course palylist,0,0,0,0.00018486555,6,OOD_Class_5
Is Rio Belongs to Us playing at the movie house closest to me,6,5,0,8.3300954e-05,6,OOD_Class_5
"Can you find me the work, Bible translations into Hawaii Pidgin ?",5,5,1,0.0054051806,6,OOD_Class_5
I'd like to go to a restaurant in French Polynesia,1,1,0,0.000118358534,6,OOD_Class_5
"What's the wather in Coleville , Kenya",2,2,0,0.00011848455,6,OOD_Class_5
Find the TV show The Daydreamer,5,5,1,0.00012381113,6,OOD_Class_5
What will the weather be like in 16 weeks at the Ivory Coast,2,2,0,0.000106017644,6,OOD_Class_5
play anything from 1970,3,3,0,0.00011769236,6,OOD_Class_5
show creative soundtrack Pitch Black Brigade,5,3,1,0.00014183347,6,OOD_Class_5
find Oman Medical Journal,5,5,1,0.0005181565,6,OOD_Class_5
Play a movement fromthe eighties by Nobuo Uematsu .,3,3,0,0.0001382716,6,OOD_Class_5
Add the album to the top 100 country tracks on spotify playlist.,0,0,0,0.00016006526,6,OOD_Class_5
I want to add Kool Keith to my chill out dinner playlist,0,0,0,0.00018567815,6,OOD_Class_5
What is the weather in Silver Springs Western Sahara ?,2,2,0,0.00010265542,6,OOD_Class_5
I have six people who would like to eat at a cafe that serves american chinese cuisine in TX .,1,1,0,0.00014626961,6,OOD_Class_5
How do I see the TV series To See the Invisible Man ?,5,5,1,0.00013506916,6,OOD_Class_5
What time is G-Men vs The Black Dragon playing at Harkins Theatres,6,5,0,8.9544454e-05,6,OOD_Class_5
Find the Digital Champ Battle Boxing,5,5,1,0.0001667136,6,OOD_Class_5
Play Miami 2017 by Rodney Whitaker,3,3,0,0.00011786779,6,OOD_Class_5
Find a video game called The Mysterious Castle in the Carpathians .,5,5,1,0.01415945,6,OOD_Class_5
find the picture Louder Than Bombs,5,5,1,0.00032189247,6,OOD_Class_5
I'm looking for a picture of Fresh Air,5,6,1,0.9719144,6,OOD_Class_5
"book on feb. the twenty-sixth, 2026 in Tracyton for two at a cafe",1,1,0,9.223931e-05,6,OOD_Class_5
"What is the weather forecast in Ulen on mar. 2nd, 2035",2,2,0,0.000109382236,6,OOD_Class_5
What will the weather be in Allenwood ?,2,2,0,0.00010831931,6,OOD_Class_5
What's the weather forecast for my current location on jun. 2 ?,2,2,0,0.00010747633,6,OOD_Class_5
What will the weather be ten minutes from now in Canada ?,2,2,0,9.881926e-05,6,OOD_Class_5
find A Pet of the Cairo Zoo,5,5,1,0.00094733876,6,OOD_Class_5
I want the film for nearest movie theatre,6,5,0,8.789395e-05,6,OOD_Class_5
Where can I view the photograph Dinosaur from the Deep ?,5,5,1,0.00024028397,6,OOD_Class_5
Can you find me the work titled Music for Millions ?,5,5,1,0.001190277,6,OOD_Class_5
add apathy to my electro sur playlist,0,0,0,0.00016116706,6,OOD_Class_5
Find a TV show called Directions Home .,5,5,1,0.00011652224,6,OOD_Class_5
Give zero / 6 stars to this album,4,4,0,0.00010346792,6,OOD_Class_5
Where can I watch the TV series Polite People,5,5,1,0.0001240599,6,OOD_Class_5
What's the weather forecast for 8 hours from now in Cape Verde ?,2,2,0,0.00010705795,6,OOD_Class_5
Find The Tyrant,5,5,1,0.000162574,6,OOD_Class_5
I'd like to see Jacksonville Daily Progress saga,5,5,1,0.00012381973,6,OOD_Class_5
"find Old School Junkies The Album , a video game",5,5,1,0.0007709169,6,OOD_Class_5
Can you find me the trailer of the Hippocratic Oath ?,5,5,1,8.395317e-05,6,OOD_Class_5
add this tune by hart wand on this is wagner,0,0,0,0.00014956108,6,OOD_Class_5
I give The Lady Decides a rating value of 4 and a best rating of 6,4,4,0,0.00010028361,6,OOD_Class_5
Where to get the movie Fear of a Black Hat,5,5,1,8.378996e-05,6,OOD_Class_5
I am looking for The Complete Fillmore East Concerts,5,5,1,0.00014202697,6,OOD_Class_5
Please add carmel to my lunchtime playlist.,0,0,0,0.0001638639,6,OOD_Class_5
Is it going to hail in Mount San Jacinto State Park,2,2,0,0.0001202407,6,OOD_Class_5
Play Acid Punk music.,3,3,0,0.00011401936,6,OOD_Class_5
What system is Bloodhounds of Broadway the game for?,5,5,1,0.0006169371,6,OOD_Class_5
"Give me the weather forecast in Pleasant Dale , Alaska starting in 1952",2,2,0,0.00011844141,6,OOD_Class_5
Please get seating for me and my children,1,1,0,0.0002552478,6,OOD_Class_5
Go to the TV series Love Berry,5,5,1,0.0008623023,6,OOD_Class_5
Give a rating of 2 to Juneteenth .,4,4,0,0.000108220665,6,OOD_Class_5
show Air Cuan Dubh Drilseach,5,5,1,0.0004982981,6,OOD_Class_5
show creative game Fear Thy Neighbor,5,5,1,0.00058589457,6,OOD_Class_5
Rate the current album 3 points,4,4,0,8.850073e-05,6,OOD_Class_5
Play music on Groove Shark .,3,3,0,0.00012190721,6,OOD_Class_5
find Try Me Out for me,5,5,1,0.0005529613,6,OOD_Class_5
table for eight at The Berghoff in Sistersville in Jul.,1,1,0,0.00012559508,6,OOD_Class_5
What is the weather forecast in Spaulding Morocco,2,2,0,0.000113184826,6,OOD_Class_5
rate the current chronicle a zero,4,4,0,9.7103555e-05,6,OOD_Class_5
Search for the television show called Educational Psychologist,5,5,1,0.00017408539,6,OOD_Class_5
find a soundtrack called Pax Warrior,5,3,1,0.00010715472,6,OOD_Class_5
I want a song by john schlitt in the bajo las estrellas playlist.,0,0,0,0.00019012377,6,OOD_Class_5
find Word of Mouth for me,5,5,1,0.00022188062,6,OOD_Class_5
Please play some Black Metal music,3,3,0,0.00011418659,6,OOD_Class_5
I am looking for the TV show called the Flight of the Lost Balloon,5,5,1,0.00011926101,6,OOD_Class_5
Add knocked out loaded to the spring vibes playlist.,0,0,0,0.00016840671,6,OOD_Class_5
I need the weather in ND in three hundred fifty one days,2,2,0,0.00010265318,6,OOD_Class_5
Play The Happy Blues by Ronnie Wood .,3,3,0,0.00012957797,6,OOD_Class_5
I'd like to add this album to my Siesta playlist,0,0,0,0.00015110435,6,OOD_Class_5
Get me Kiss the Crystal Flake,5,3,1,0.00016679506,6,OOD_Class_5
Look for the album Slave to the Grind,5,3,1,0.001086084,6,OOD_Class_5
Play any song from 2006,3,3,0,0.00012388485,6,OOD_Class_5
play Bliss Torn from Emptiness,5,3,1,8.626815e-05,6,OOD_Class_5
Where can I find Thor Meets Captain America ?,5,5,1,0.00014993602,6,OOD_Class_5
find The Angry Birds Movie,5,5,1,9.512697e-05,6,OOD_Class_5
give me the movie schedules for Southern Theatres,6,5,0,8.121296e-05,6,OOD_Class_5
Look up the This Is Halloween trailer,5,5,1,0.00015562041,6,OOD_Class_5
Book an osteria that serves blini for 9 people.,1,1,0,0.00011292773,6,OOD_Class_5
Rate Steps two out of 6 points,4,4,0,9.347553e-05,6,OOD_Class_5
Show me the book It Might as Well Be Spring,5,5,1,0.0007137754,6,OOD_Class_5
I want to see Breathless,5,5,1,0.00015237396,6,OOD_Class_5
I'd like to go to a pizzeria within walking distance of Hutchinson,1,1,0,0.0001011067,6,OOD_Class_5
Can I buy the book Vacation of Petrov and Vasechkin online?,5,5,1,0.00060659554,6,OOD_Class_5
I want to add Digital Line to my playlist called Infantil,0,0,0,0.00018226758,6,OOD_Class_5
Play Sound Of Love from Papa Mali,3,3,0,0.00011689406,6,OOD_Class_5
Can you help me find a picture called Olympia 1974 ?,5,5,1,0.00024426146,6,OOD_Class_5
Find the Another Ticket game,5,5,1,0.000115388975,6,OOD_Class_5
What will the weather be like in three weeks faraway in Sompio Strict Nature Reserve,2,2,0,0.00010498737,6,OOD_Class_5
search for the painting Smart Money,5,5,1,0.00018613806,6,OOD_Class_5
show creative Devils to Some,5,0,1,0.0057303226,6,OOD_Class_5
find Valley of the Dolls,5,5,1,0.00017357516,6,OOD_Class_5
this essay deserves 0 stars .,4,4,0,9.682052e-05,6,OOD_Class_5
Play the Food Uncut soundtrack,5,3,1,0.000106226726,6,OOD_Class_5
Show The Monkey soundtrack,5,3,1,0.0002826055,6,OOD_Class_5
Please fine me the East trailer,5,1,1,0.00082375546,6,OOD_Class_5
Can you find me Cracks the Safe ?,5,5,1,0.00013921202,6,OOD_Class_5
Will there be a blizzard at seven in Colorado,2,2,0,0.000102754486,6,OOD_Class_5
"Book sot for 7 at a restaurant that serves european in Stringtown on Feb. the 28th, 2034",1,1,0,9.099691e-05,6,OOD_Class_5
I want to find parking next to a restaurant for 10,1,1,0,0.00010063441,6,OOD_Class_5
give zero points to this essay,4,4,0,0.00010176306,6,OOD_Class_5
Check the weather forecast in seven weeks for Emida .,2,2,0,0.00011175616,6,OOD_Class_5
find Kebab Connection,6,5,0,0.00037384548,6,OOD_Class_5
Rate this textbook only three points,4,4,0,8.636572e-05,6,OOD_Class_5
Add When You Come Back to the jazz for loving couples playlist.,0,0,0,0.00018102395,6,OOD_Class_5
I'm looking for Welcome to the Canteen,5,5,1,0.00105409,6,OOD_Class_5
Find a television show called Structured Fax File .,5,5,1,0.00021325496,6,OOD_Class_5
Show me the Out with My Baby photograph,5,5,1,0.00027463216,6,OOD_Class_5
some me a Healthy picture,5,4,1,0.0014882056,6,OOD_Class_5
Find a trailer called No Reservations .,5,1,1,0.00013563038,6,OOD_Class_5
Find a TV show called Frontiers in Ecology and the Environment .,5,5,1,0.0007405874,6,OOD_Class_5
Can I see the the painting Another Life...Another End ?,5,5,1,0.00017075743,6,OOD_Class_5
find Kerasotes Theatres showing animated movies,6,5,0,9.9697405e-05,6,OOD_Class_5
Please find me Glass Cloud – Single .,5,5,1,0.0007660466,6,OOD_Class_5
Play a song by Electric Tones from their Kurutta Taiyō album on Last Fm,3,3,0,0.000114969036,6,OOD_Class_5
Look up the Fair Warning saga,5,5,1,0.00024964023,6,OOD_Class_5
Play me the greatest Doctor Fink song on zvooq,3,3,0,0.00010013232,6,OOD_Class_5
When will the Blonde Ambition be playing,6,5,0,9.0686255e-05,6,OOD_Class_5
Add Unconscious State to my 90s Smash Hits,0,0,0,0.00017265265,6,OOD_Class_5
Is there snowfall in Hineston New Hampshire,2,2,0,0.00010335688,6,OOD_Class_5
Find The Crucible of Man Something Wicked Part 2 .,5,5,1,0.000791738,6,OOD_Class_5
holly and brittany need a reservation for a sardinian tea house close by CO,1,1,0,0.00010691531,6,OOD_Class_5
Find me the novel of A Dictionary of Slang and Unconventional English,5,5,1,0.011935335,6,OOD_Class_5
Find the schedule for movies at Harkins Theatres .,6,5,0,7.8715e-05,6,OOD_Class_5
Try to find the picture Advances in ecological research,5,6,1,0.9893143,6,OOD_Class_5
What's the weather forecast for Mansfield ?,2,2,0,0.0001081081,6,OOD_Class_5
show creative photograph Island in the Sea,5,5,1,0.13869344,6,OOD_Class_5
Find the schedule for for The Unnaturals at 13 .,6,5,0,0.00010225479,6,OOD_Class_5
Show movie times and movies in the area,6,5,0,8.54428e-05,6,OOD_Class_5
Tell me what films are currently playing at AMC Theaters,6,5,0,8.7813525e-05,6,OOD_Class_5
add this song by torch to my Sing Along playlist,0,0,0,0.00015514367,6,OOD_Class_5
"find Bullet and a Target , a television show",5,5,1,0.00015958119,6,OOD_Class_5
Find a show called Friday Download .,5,5,1,0.0011011588,6,OOD_Class_5
rate the current textbook 5 stars,4,4,0,9.292974e-05,6,OOD_Class_5
Let's play Jamie Robertson 's Handover on vimeo,3,3,0,0.00011290812,6,OOD_Class_5
I want to watch Wide-Eyed and Ignorant,5,5,1,0.00017917354,6,OOD_Class_5
show creative video game name Foros Timis Ston Greco,5,5,1,0.005521214,6,OOD_Class_5
Can you find me The Real McCoy novel ?,5,5,1,0.00017733166,6,OOD_Class_5
Play a Paul Davis melody,3,3,0,0.00010679642,6,OOD_Class_5
find a movie schedule,6,5,0,7.104406e-05,6,OOD_Class_5
add the artist a j pero to my Country Gold playlist,0,0,0,0.00014760473,6,OOD_Class_5
Rate The Natural a 4,4,4,0,9.653667e-05,6,OOD_Class_5
find Flesh and Bullets,5,5,1,0.000390047,6,OOD_Class_5
Play a movement from 1974 .,3,3,0,0.0001207222,6,OOD_Class_5
I want to watch the TV show Official Detective,5,5,1,0.00014701323,6,OOD_Class_5
"find Five Spanish Songs , a photograph",5,5,1,0.00023080519,6,OOD_Class_5
Please get seating at Bouchon in Tonga for jimmie and chasity howard,1,1,0,0.00013225673,6,OOD_Class_5
this essay is five stars for sure,4,4,0,9.541248e-05,6,OOD_Class_5
Find me the album The Weed Tree .,5,3,1,0.0012065861,6,OOD_Class_5
Show me Interesting Times The Secret of My Success,5,6,1,0.7830252,6,OOD_Class_5
what animated movie are at the theater in the neighborhood,6,5,0,8.494429e-05,6,OOD_Class_5
Find All About Aubrey .,5,5,1,0.000599602,6,OOD_Class_5
Give this essay a 2 out of 6 .,4,4,0,9.999148e-05,6,OOD_Class_5
I am rating this essay two points,4,4,0,9.4762196e-05,6,OOD_Class_5
Show the Phish Live in Vegas TV series,5,5,1,0.00072500133,6,OOD_Class_5
find movie times,6,5,0,7.9253965e-05,6,OOD_Class_5
Is it going to be warmer in 2 years and a half in Deweese ?,2,2,0,0.00010265349,6,OOD_Class_5
rate the last saga 3,4,4,0,9.68196e-05,6,OOD_Class_5
where can I watch the TV show Terrorists The Kids They Sentenced,5,5,1,0.00013426856,6,OOD_Class_5
Rate this album a 3,4,4,0,9.3384275e-05,6,OOD_Class_5
find the show Go with the Flow,5,5,1,0.00014313668,6,OOD_Class_5
Show me Southern Theatres movie times,6,5,0,8.281364e-05,6,OOD_Class_5
Search for The Dark Side of the Mind movie,5,5,1,0.00016496629,6,OOD_Class_5
Please find me the Platinum Box II song ?,5,3,1,0.0017830478,6,OOD_Class_5
want to watch the TV show Treeful of Starling,5,5,1,0.0001405572,6,OOD_Class_5
play Yusef Lateef songs from the fifties,3,3,0,0.00011638001,6,OOD_Class_5
Book a reservation for seven people at a bar in Kentucky,1,1,0,0.00010403179,6,OOD_Class_5
find Worldly Goods starting now at a movie house,6,5,0,7.99537e-05,6,OOD_Class_5
Search for TERA The Exiled Realm of Arborea,5,5,1,0.00016558802,6,OOD_Class_5
Find a novel called Under Blackpool Lights .,5,5,1,0.0044633667,6,OOD_Class_5
find Live at Memory Lane,5,5,1,0.0007941565,6,OOD_Class_5
Will there be a blizzard in Chapel Point State Park or in the same area,2,2,0,0.00010799919,6,OOD_Class_5
When will The Honor of an Outlaw be showing?,6,5,0,0.00011519199,6,OOD_Class_5
"Can you find me the game , Super Scription of Data ?",5,5,1,0.0030659179,6,OOD_Class_5
find a book called Tron Legacy Reconfigured,5,5,1,0.012931242,6,OOD_Class_5
Play Everybody Wins trailer,5,3,1,9.281752e-05,6,OOD_Class_5
Will it hail in Villa,2,2,0,0.00010447398,6,OOD_Class_5
"Please reserve a table at the food truck in Wheeler for december 4th, 2019",1,1,0,0.0001297739,6,OOD_Class_5
I want to watch Supernatural The Unseen Powers of Animals,5,5,1,0.0003959727,6,OOD_Class_5
find the video game called Turnin Me On,5,5,1,0.0016764686,6,OOD_Class_5
I'd like to watch The Holy Office at Cooper Foundation,6,5,0,9.681388e-05,6,OOD_Class_5
"find TaskCracker for Outlook , a game",5,5,1,0.000712782,6,OOD_Class_5
add tune to my metal crash course playlist,0,0,0,0.00016603715,6,OOD_Class_5
Book a table for 12 am . at our step mother's secondary residence within walking distance for one,1,1,0,0.000110416935,6,OOD_Class_5
Rate Sandworms of Dune three out of 6 stars,4,4,0,0.00010028496,6,OOD_Class_5
Book a table for 10 at the Dunbrody Country House Hotel in Serbia,1,1,0,9.916946e-05,6,OOD_Class_5
Where can I find the picture Another Happy Ending,5,5,1,0.00010254606,6,OOD_Class_5
Book a churrascaria restaurant that serves spring rolls for one person.,1,1,0,0.00012597171,6,OOD_Class_5
Find The Ghost of Tom Joad,5,5,1,0.00013540828,6,OOD_Class_5
I want to book Oregon Electric Station in North City .,1,1,0,0.00020534858,6,OOD_Class_5
Look for the Public Toilet painting,5,5,1,0.00015568419,6,OOD_Class_5
Find the schedule for Across the Line at the closest movie house .,6,5,0,9.033431e-05,6,OOD_Class_5
I want to find the show called Fresh Aire 7 .,5,5,1,0.00013585264,6,OOD_Class_5
Where can I view the trailer Jeeves and Wooster in Perfect Nonsense,5,5,1,0.000108006076,6,OOD_Class_5
What will the weather by close by the current position at 020230 ?,2,2,0,0.00010632843,6,OOD_Class_5
How can I see the TV series Mothstorm ?,5,5,1,0.00014247095,6,OOD_Class_5
Can you play something from 1966 by Mc Ren on Spotify,3,3,0,0.00012750734,6,OOD_Class_5
rate the current essay a 0 for me,4,4,0,9.420862e-05,6,OOD_Class_5
play The Widow of Saint-Pierre saga,5,3,1,9.264257e-05,6,OOD_Class_5
give Portions from a Wine-stained Notebook Short Stories and Essays 0 points,4,4,0,9.9892604e-05,6,OOD_Class_5
Book a table for three at a restarunt in Federal Hill,1,1,0,0.00010474879,6,OOD_Class_5
I'd like to hear Helen Baylor,3,3,0,0.00012899774,6,OOD_Class_5
Give Summer of the Swans 1 points .,4,4,0,9.979509e-05,6,OOD_Class_5
play fourties tunes by Bryan Webb on Groove Shark,3,3,0,0.00011575659,6,OOD_Class_5
give a 1 to A Thousand Lies,4,4,0,0.000107482745,6,OOD_Class_5
Add all together now to my playlist the road to punk rock,0,0,0,0.00015859053,6,OOD_Class_5
Is the start time 151652 for movies in the neighborhood,6,5,0,9.338471e-05,6,OOD_Class_5
When Religion Becomes Evil is only worth 1 stars,4,4,0,9.71981e-05,6,OOD_Class_5
When is Spyforce playing?,5,5,1,9.320044e-05,6,OOD_Class_5
find Check In,5,5,1,0.0013345313,6,OOD_Class_5
rate the current novel 5 of 6 stars,4,4,0,9.578626e-05,6,OOD_Class_5
I'd like to see the Paul Murray Live television show,5,5,1,0.00014685765,6,OOD_Class_5
"find The Prince of Temple Street , a picture",5,5,1,0.00019437063,6,OOD_Class_5
What will the weather be doing at midnight in Brazil ?,2,2,0,0.00011513673,6,OOD_Class_5
add darkest angels to my SOS 48 2016,0,0,0,0.00016652474,6,OOD_Class_5
I want movie times for Fox Theatres,6,5,0,8.1531034e-05,6,OOD_Class_5
Book a table for 10 people at Dunbrody Country House Hotel in Strandburg .,1,1,0,0.00010954633,6,OOD_Class_5
Where can I get movie schedule,6,5,0,7.4816984e-05,6,OOD_Class_5
Go to the television show Nothing Without You,5,3,1,0.0012424105,6,OOD_Class_5
Find the game Just Dance Greatest Hits,5,5,1,0.00049745984,6,OOD_Class_5
"Where is the closest movie theatre playing Yo, robot",6,5,0,8.919558e-05,6,OOD_Class_5
I want to listen to the song Only the Greatest,5,3,1,0.00011723566,6,OOD_Class_5
I want to watch the TV series Rat Pack,5,5,1,0.00014515629,6,OOD_Class_5
Is Rented Lips playing at the nearest cinema,6,5,0,7.584766e-05,6,OOD_Class_5
Book a reservation for six for a tyrolean oyster bar,1,1,0,0.00010723155,6,OOD_Class_5
"Will there be a snowstorm this weekend in Bear River , Arizona",2,2,0,0.00011530403,6,OOD_Class_5
Play a record from 2015,3,3,0,0.00010478365,6,OOD_Class_5
For my playlist chill add the name Cater Fe She,0,0,0,0.00015552113,6,OOD_Class_5
Please find me the nearest cinema playing Foreign Intrigue .,6,5,0,8.704324e-05,6,OOD_Class_5
Will it be colder in Litchfield,2,2,0,9.6245756e-05,6,OOD_Class_5
I want to book a table for me and my boss at Glassy Junction in Turkey .,1,1,0,0.00012007818,6,OOD_Class_5
Play my Trabajo Relax playlist,3,3,0,9.254988e-05,6,OOD_Class_5
Find what movies are showing at the nearest movie house,6,5,0,7.614494e-05,6,OOD_Class_5
Bring up the book Perfume The Story of a Murderer,5,0,1,0.017797546,6,OOD_Class_5
Play me the TV show The Women of Our Home,5,3,1,0.00018492326,6,OOD_Class_5
"find Attack Surface Analyzer , a painting",5,5,1,0.021021247,6,OOD_Class_5
Play Furusato on Google Music .,3,3,0,0.0001091714,6,OOD_Class_5
find a book called Outpost Firewall Pro,5,5,1,0.00845327,6,OOD_Class_5
book a spot for one at a bar in Seabrook,1,1,0,0.000101623955,6,OOD_Class_5
Find Stays in Mexico .,5,1,1,0.0003169282,6,OOD_Class_5
Please search for the Microsoft Safety Scanner television show .,5,5,1,0.00023754242,6,OOD_Class_5
Rate the Sacred Fire series 5 points,4,4,0,8.832771e-05,6,OOD_Class_5
I'm looking for The Birth of a Nation,5,5,1,0.0015280946,6,OOD_Class_5
Find a novel called Nature Reviews Genetics .,5,4,1,0.269195,6,OOD_Class_5
find a TV show called The Fighting Men,5,5,1,0.00012477399,6,OOD_Class_5
Where can I find the painting for A Christmas Story - Una storia di Natale ?,5,5,1,0.00016749956,6,OOD_Class_5
Find a soundtrack called The Alice Cooper Show .,5,3,1,0.00011161957,6,OOD_Class_5
Search for the Exiles of Time book,5,5,1,0.00019607479,6,OOD_Class_5
I think this saga only deserves a 0 out of 6 .,4,4,0,9.691437e-05,6,OOD_Class_5
book a spot for 1 close to geraldine's house,1,1,0,9.2709735e-05,6,OOD_Class_5
Find me the photograph The Late Music,5,5,1,0.0001438935,6,OOD_Class_5
show creative work or Miami Vice Theme,5,5,1,0.00048343765,6,OOD_Class_5
I am looking for a work called Carry You Home,5,5,1,0.0017422655,6,OOD_Class_5
Rate this essay a four,4,4,0,9.113221e-05,6,OOD_Class_5
Play Pirates of the Caribbean Online,5,3,1,0.00012545801,6,OOD_Class_5
I want to see the television show called Cuts Both Ways,5,5,1,0.00011872795,6,OOD_Class_5
Which films are playing close by ?,6,5,0,7.6967e-05,6,OOD_Class_5
Rate this textbook 2 points .,4,4,0,9.0511356e-05,6,OOD_Class_5
book a spot at a pub with tatar in Cambodia,1,1,0,9.243164e-05,6,OOD_Class_5
Show The Legend of Jesse James novel,5,5,1,0.0012223204,6,OOD_Class_5
Rate The Last Opium Den 0 points,4,4,0,8.928149e-05,6,OOD_Class_5
Play The Great Adventures of Slick Rick game,5,3,1,0.00012031798,6,OOD_Class_5
find a soundtrack for Dante’s Peak,5,3,1,0.00010352891,6,OOD_Class_5
Find Show-Ya 20th Anniversary The Best .,5,5,1,0.0001639878,6,OOD_Class_5
Play a top-50 tune from 1982 .,3,3,0,0.00011809782,6,OOD_Class_5
Please play something catchy on Youtube,3,3,0,0.0001193736,6,OOD_Class_5
Play Shaina Magdayao 's music on Iheart,3,3,0,0.00010716304,6,OOD_Class_5
I need to book a top-rated steakhouse this Autumn for 1 around Azerbaijan,1,1,0,9.80779e-05,6,OOD_Class_5
show creativity of painting of Me Too,5,5,1,0.019769464,6,OOD_Class_5
whats the forecast for Greece,2,2,0,0.00011285362,6,OOD_Class_5
Show me the movie times at Star Theatres,6,5,0,9.796086e-05,6,OOD_Class_5
Find a book called The Echo Chamber .,5,5,1,0.0008910116,6,OOD_Class_5
What's the weather this Summer in Djibouti,2,2,0,0.000105192084,6,OOD_Class_5
show Crafty Hands saga,5,5,1,0.0035129697,6,OOD_Class_5
Will it be warmer in Flag ?,2,2,0,9.959212e-05,6,OOD_Class_5
I'd like to find the book called The Years,5,5,1,0.00017438534,6,OOD_Class_5
I want to put Paul Young onto all new all now .,0,0,0,0.00017550806,6,OOD_Class_5
add September to winter music,0,0,0,0.00015444939,6,OOD_Class_5
play any sixties song,3,3,0,0.00011285254,6,OOD_Class_5
I rate American History A Survey a 5,4,4,0,9.7389224e-05,6,OOD_Class_5
"Will it be rainy this Monday in Le Center , Thailand",2,2,0,9.6340016e-05,6,OOD_Class_5
What's the weather going to be like near Moldova on fri.,2,2,0,0.00011451972,6,OOD_Class_5
show me PhotoScape,5,6,1,0.95125425,6,OOD_Class_5
what time can i see Mojave Phone Booth,6,5,0,9.522303e-05,6,OOD_Class_5
Play the top-fifty theme songs by Dennis Brown .,3,3,0,0.00011712265,6,OOD_Class_5
"Book a reservation for 5 people next week at The Pump Room, Chicago",1,1,0,0.000100042045,6,OOD_Class_5
Play music by Otis Redding .,3,3,0,0.00013712914,6,OOD_Class_5
Tell me if it will be windy here,2,2,0,0.00012231966,6,OOD_Class_5
Rate 5 out of 6 points to My Favorite Fantasy Story,4,4,0,9.9116565e-05,6,OOD_Class_5
Can you look up the Galsoft Linux TV series ?,5,5,1,0.00026650308,6,OOD_Class_5
what is the forecast for warm weather in Carl,2,2,0,0.0001196058,6,OOD_Class_5
book a spot for 3 in MT,1,1,0,0.00010702203,6,OOD_Class_5
Add New Wave Blues to my Push Button Funk playlist,0,0,0,0.00016939639,6,OOD_Class_5
My rating for The Eiffel Tower and Other Mythologies is 0 out of 6 stars,4,4,0,9.950414e-05,6,OOD_Class_5
I'm trying to find the show Chant II,5,5,1,0.00018666228,6,OOD_Class_5
closest movie theatre with No Time for Sergeants,6,5,0,8.9104185e-05,6,OOD_Class_5
Add sammy hagar to Ultra Metal,0,0,0,0.0001660374,6,OOD_Class_5
Find Night of Passion,5,5,1,0.00020429846,6,OOD_Class_5
Find the Burn the Sky Down album,5,3,1,0.0005902057,6,OOD_Class_5
Find a painting called Beyond the Neighbourhood .,5,5,1,0.00049797463,6,OOD_Class_5
Please find me Chance Pe Dance .,5,5,1,0.0009221677,6,OOD_Class_5
I'd like to see the album Heroes of Might and Magic IV,5,5,1,0.0010618422,6,OOD_Class_5
Find the Mystery Woman saga,5,5,1,0.00017899323,6,OOD_Class_5
rate this current book album four stars,4,4,0,9.11317e-05,6,OOD_Class_5
Find the movie schedule for films in the area .,6,5,0,7.719263e-05,6,OOD_Class_5
Which films are playing in the neighborhood one second from now ?,6,5,0,8.089663e-05,6,OOD_Class_5
Put this tune onto the signed xoxo playlist.,0,0,0,0.00016131818,6,OOD_Class_5
I need a reservation for a brasserie place for a party of two,1,1,0,0.00011359552,6,OOD_Class_5
Find a movie called Dorothy and the Witches of Oz .,5,5,1,0.00010194419,6,OOD_Class_5
book a table at 043628 at the northeast indian restaurant,1,1,0,9.010866e-05,6,OOD_Class_5
Can I watch Flower and Snake at movie house in one hour from now ?,6,5,0,9.059997e-05,6,OOD_Class_5
add a tune in Chill Vibes,0,0,0,0.00017014086,6,OOD_Class_5
Book a restaurant near the City of Wakefield for 5 people.,1,1,0,9.106415e-05,6,OOD_Class_5
IS Anti-Semitism in the 21st Century The Resurgence playing now,6,5,0,0.0002747425,6,OOD_Class_5
Can you find the soundtrack for Westcountry Live,5,3,1,0.00011827013,6,OOD_Class_5
add agua y sal in Classic Jazz Funk,0,0,0,0.0001839641,6,OOD_Class_5
give 0 out of 6 points to current textbook,4,4,0,9.485511e-05,6,OOD_Class_5
find Switching Channels,5,5,1,0.00025303476,6,OOD_Class_5
give two stars to current chronicle,4,4,0,0.00010458528,6,OOD_Class_5
I need to find the creative work Wave,5,5,1,0.0001689731,6,OOD_Class_5
Tell me when it'll be cloudy in Woodport,2,2,0,0.0001066386,6,OOD_Class_5
rate The Ghost House series a one,4,4,0,0.00010077418,6,OOD_Class_5
add pangaea to my Gold Edition playlist,0,0,0,0.00016717799,6,OOD_Class_5
Add dr know to my TODO ALTERNATIVO playlist.,0,0,0,0.00018280193,6,OOD_Class_5
Book a reservation for two at Mickies Dairy Bar in Weedsport,1,1,0,0.00010083161,6,OOD_Class_5
I want to find a book called Cash-Cash,5,5,1,0.002281583,6,OOD_Class_5
Where can I locate the show The Return of Mr. Moto,5,5,1,0.00010550652,6,OOD_Class_5
give me the movie times,6,5,0,8.527603e-05,6,OOD_Class_5
Play something on Zvooq,3,3,0,0.00012131316,6,OOD_Class_5
I'd like to eat at a restaurant in MD with a party of 8,1,1,0,0.00011160051,6,OOD_Class_5
I want to play a game called Scotland Tonight .,5,5,1,0.003177945,6,OOD_Class_5
Find a painting called Mr. Scarface Is Back .,5,5,1,0.0001710055,6,OOD_Class_5
Where can I purchase the game Dancing in the Dark 10 Years of Dancing Ferret,5,5,1,0.00023546725,6,OOD_Class_5
"find Back to Boomtown Classic Rats Hits , a soundtrack",5,5,1,0.0019613178,6,OOD_Class_5
show creativity of Sacred Fire Live in South America,5,5,1,0.0059368005,6,OOD_Class_5
Book a restaurant for ten in Germfask .,1,1,0,8.797342e-05,6,OOD_Class_5
find Starcross,5,5,1,0.0001521114,6,OOD_Class_5
I want to rate my current book three out of 6 points,4,4,0,9.0423e-05,6,OOD_Class_5
Is it getting colder in Leonard Harrison State Park,2,2,0,0.000103658975,6,OOD_Class_5
"find Bal Ganesh 2 , a video game",5,5,1,0.0024283673,6,OOD_Class_5
"What's the temperature today in Griffin , NE ?",2,2,0,0.00010549849,6,OOD_Class_5
Is it supposed to be chilly in Boiling Spring Lakes ?,2,2,0,0.000121545556,6,OOD_Class_5
When can I watch Alice A True Story at AMC Theatres ?,6,5,0,8.9719186e-05,6,OOD_Class_5
search for a painting of The Wannadies,5,5,1,0.00022569994,6,OOD_Class_5
I want to book an ethiopian bar for this Afternoon .,1,1,0,0.000112991045,6,OOD_Class_5
Add Ashley McIsaac to my r&b party classics playlist,0,0,0,0.00016426509,6,OOD_Class_5
Rate the current book one of 6 points,4,4,0,8.8847606e-05,6,OOD_Class_5
Find The Case of the Frightened Lady .,5,5,1,0.001602481,6,OOD_Class_5
"rate the book A Girl, a Man, and a River a five",4,4,0,9.229488e-05,6,OOD_Class_5
give the current album a 1,4,4,0,0.00010216164,6,OOD_Class_5
Find movie schedules for close by films .,6,5,0,7.8946e-05,6,OOD_Class_5
Please help me find the Late Night Heartbroken Blues television show .,5,5,1,0.00015103565,6,OOD_Class_5
Find a photograph called The Dickinsonian .,5,5,1,0.00026602123,6,OOD_Class_5
Add this song to my fairy tales,0,0,0,0.00016242887,6,OOD_Class_5
Find a video game called The Last American Virgin .,5,5,1,0.009543767,6,OOD_Class_5
Please find me the Olympia 74 soundtrack .,5,3,1,0.00023784625,6,OOD_Class_5
what films are showing in the neighborhood,6,5,0,8.7129294e-05,6,OOD_Class_5
Put this track on Musica Española 2017,0,0,0,0.00015513175,6,OOD_Class_5
I want the show The Sense Apparatus,5,5,1,0.0002325095,6,OOD_Class_5
Add even serpents shine to dorothea's indie hipster playlist,0,0,0,0.000158977,6,OOD_Class_5
Find a painting called Break Down .,5,5,1,0.000884251,6,OOD_Class_5
I want to listen to the Music of Ghost in the Shell Stand Alone Complex,5,3,1,0.00011821377,6,OOD_Class_5
Show Second Generation album,5,5,1,0.0010005991,6,OOD_Class_5
book spot for 7 at an indoor restaurant in MP now,1,1,0,0.00010312079,6,OOD_Class_5
Add r u still in 2 it to the under the surface playlist,0,0,0,0.00015147454,6,OOD_Class_5
Show me the movies at the closest cinema,6,5,0,8.281568e-05,6,OOD_Class_5
What painting is on The Cure discography ?,5,5,1,0.00063073245,6,OOD_Class_5
I want this artist on the Cena Elegante playlist,0,0,0,0.00020230764,6,OOD_Class_5
Play The XYY Man soundtrack,5,3,1,0.00010653809,6,OOD_Class_5
I think that this book deserves a 3,4,4,0,0.00010038158,6,OOD_Class_5
Please look up the TV series Parables for Wooden Ears .,5,5,1,0.00016964151,6,OOD_Class_5
Give 5 of 6 stars to Expressive Processing,4,4,0,0.00010509738,6,OOD_Class_5
add Jacob Hoggard to my get going playlist,0,0,0,0.00015843565,6,OOD_Class_5
Show the Immortal Grand Prix,5,5,1,0.0011574337,6,OOD_Class_5
find the show How to Meet the Lucky Stars,5,5,1,0.0001178011,6,OOD_Class_5
Rate this textbook 3 of 6,4,4,0,9.7199765e-05,6,OOD_Class_5
show the creativity of The Attic,5,5,1,0.0075939028,6,OOD_Class_5
Who was the artist who did the painting called Spyro 2 Season of Flame ?,5,5,1,0.0012400493,6,OOD_Class_5
Put li yuchun 's album onto the kickass metal playlist.,0,0,0,0.00016490283,6,OOD_Class_5
I would give The Minority Report a rating of 0 points,4,4,0,0.000104481296,6,OOD_Class_5
Find a soundtrack called Meet The Vogues .,5,3,1,0.000103439575,6,OOD_Class_5
Find the nearest movie house that's showing movies,6,5,0,7.734307e-05,6,OOD_Class_5
rate tune to my natalie macmaster viajes,0,0,0,0.00017750416,6,OOD_Class_5
Is it chilly in FM,2,2,0,0.000119076336,6,OOD_Class_5
Add kent james to the disney soundtrack.,0,0,0,0.00016931088,6,OOD_Class_5
Will there be a storm faraway from Chapman Ranch ?,2,2,0,0.00011186442,6,OOD_Class_5
Play Lenny Kaye music.,3,3,0,0.000120252305,6,OOD_Class_5
Play some 1982 movement music on Slacker,3,3,0,0.000113185946,6,OOD_Class_5
Add Metal Gear Solid 2 Sons of Liberty Soundtrack 2 The Other Side to edna st vincent millay,0,0,0,0.00018832427,6,OOD_Class_5
What's the nearest movie theatre playing Testament of Orpheus ?,6,5,0,8.4283995e-05,6,OOD_Class_5
show creativity of Comeback Season,5,5,1,0.000438352,6,OOD_Class_5
Give this book chronicle four stars,4,4,0,9.086562e-05,6,OOD_Class_5
add this album to my de camino a clase playlist,0,0,0,0.00015147483,6,OOD_Class_5
Find a TV series called All Time Greatest Movie Songs .,5,5,1,0.00013127625,6,OOD_Class_5
book a spot for 8 in Hungary on february the 14th,1,1,0,9.684614e-05,6,OOD_Class_5
give 0 points to current series,4,4,0,0.00010256098,6,OOD_Class_5
find a TV show called Ruthless,5,5,1,0.00012221292,6,OOD_Class_5
I want to hear Ding Dong Bell on groove shark,3,3,0,0.00011683483,6,OOD_Class_5
Weather for Oct. 16 in MO,2,2,0,0.00012136833,6,OOD_Class_5
What time does A King in New York play in Malco Theatres,6,5,0,8.806958e-05,6,OOD_Class_5
there is warmer at Serenada,2,2,0,9.5204006e-05,6,OOD_Class_5
Whats' the weather in Fernando New Jersey,2,2,0,0.00010674348,6,OOD_Class_5
search for the game The Last Horror Movie,5,5,1,0.0001463002,6,OOD_Class_5
book a restaurant for one,1,1,0,9.974604e-05,6,OOD_Class_5
Weather for Swaziland,2,2,0,0.00011395976,6,OOD_Class_5
Can you search the Daring Youth saga ?,5,5,1,0.00012601065,6,OOD_Class_5
play music from the sixties,3,3,0,0.00012951413,6,OOD_Class_5
I'm looking to find Kiss Me Goodbye .,5,5,1,0.0001480201,6,OOD_Class_5
Add artist to playlist Epic Gaming,0,0,0,0.00018253387,6,OOD_Class_5
"Please find the novel , Good Doctor",5,5,1,0.00012796531,6,OOD_Class_5
How do I watch the TV show NBA Access with Ahmad Rashad,5,5,1,0.00018303138,6,OOD_Class_5
I want to find the video game Masada Anniversary Edition Vol. 3 The Unknown Masada,5,5,1,0.0009991631,6,OOD_Class_5
Look up the Searchlights painting,5,5,1,0.00021027208,6,OOD_Class_5
I'd rate Days of Blood and Starlight a 4,4,4,0,0.00010417704,6,OOD_Class_5
Show me the Live~Legend 1999 & 1997 Apocalypse TV show,5,5,1,0.0004737085,6,OOD_Class_5
Rate the current album 2 stars,4,4,0,9.616026e-05,6,OOD_Class_5
Please search Crossing Muddy Waters work,5,5,1,0.00015631059,6,OOD_Class_5
"find Terminator 3 The Redemption , a picture",5,4,1,0.0037390802,6,OOD_Class_5
I want to hear Rock Bottom by Playa Fly on Slacker,3,3,0,0.0001255902,6,OOD_Class_5
find the painting ICAC Investigators 2014,5,5,1,0.00025413014,6,OOD_Class_5
Where can I purchase Wuthering Heights,5,1,1,0.0003856452,6,OOD_Class_5
Rate the current album 4 of 6 stars,4,4,0,9.597316e-05,6,OOD_Class_5
Book a restaurant within the same area of Ely for 10 people.,1,1,0,9.532492e-05,6,OOD_Class_5
find a saga called The Life of Riley,5,4,1,0.028891092,6,OOD_Class_5
Show the Day the Earth Caught Fire movie,5,5,1,0.00013612931,6,OOD_Class_5
I'd like to take a party of five today to a place in Colorado,1,1,0,0.00013967013,6,OOD_Class_5
Look up Applied Linguistics,5,6,1,0.9476245,6,OOD_Class_5
need a table now somewhere nearby Petit Manan National Wildlife Refuge,2,1,0,0.000510458,6,OOD_Class_5
Is it humid in Otsego Réunion,2,2,0,0.00010590967,6,OOD_Class_5
"on April the twenty-seventh, 2022 , I'd like to make reservations at a spanish diner .",1,1,0,0.00015938545,6,OOD_Class_5
Find Pat Garrett y Billy the Kid .,5,5,1,0.00023158707,6,OOD_Class_5
add 157 Riverside Avenue to leticia's animal humor playlist,0,0,0,0.00016378115,6,OOD_Class_5
Is it freezing at Jasmund National Park,2,2,0,0.000102748534,6,OOD_Class_5
Looking for A Black Ribbon for Deborah .,5,5,1,0.00041903398,6,OOD_Class_5
Look up the Act of Valor TV show,5,5,1,0.00013824372,6,OOD_Class_5
help me find the work Unite and Win,5,5,1,0.000280964,6,OOD_Class_5
find a movie theatre with Beware of Bachelors,6,5,0,7.956165e-05,6,OOD_Class_5
is Las aventuras de Zachary Beaver at Harkins Theatres,6,5,0,0.00011508241,6,OOD_Class_5
Is Storm Warning playing,6,5,0,0.00010037616,6,OOD_Class_5
Show me the picture Creatures of Light and Darkness,5,6,1,0.993404,6,OOD_Class_5
Where can I purchase the TV series The Mating Season,5,5,1,0.0001252592,6,OOD_Class_5
play chant music from 1993,3,3,0,0.00011424139,6,OOD_Class_5
book in town for 3 at a restaurant outdoor that is not far,1,1,0,0.00010955887,6,OOD_Class_5
Give me the current showtimes for Tarass Boulba .,6,5,0,0.00012310583,6,OOD_Class_5
Book a neighboring food truck with a spa in Dallesport for 4 people.,1,1,0,0.00010391169,6,OOD_Class_5
Search for Man in a Garage,5,5,1,0.00033247046,6,OOD_Class_5
Find a trailer called Just Say Noël .,5,5,1,0.001421317,6,OOD_Class_5
Play some contemporary christian on Groove Shark .,3,3,0,0.0001082137,6,OOD_Class_5
I want to book a highly rated pizzeria in the same area as tia's house,1,1,0,0.00010837609,6,OOD_Class_5
"Book a food truck that serves tarte for tanisha, lorena and juliana .",1,1,0,0.00013488247,6,OOD_Class_5
What movies are playing at Regal Entertainment Group,6,5,0,8.322154e-05,6,OOD_Class_5
find a TV series called Armageddon Summer,5,5,1,0.00015135073,6,OOD_Class_5
Grab a table at a restaurant in Minnesota that serves ice cream cake,1,1,0,0.00010161804,6,OOD_Class_5
Add track to Afternoon Train Ride,0,0,0,0.00016898024,6,OOD_Class_5
Find me the Fruit of Life television show .,5,5,1,0.00014920729,6,OOD_Class_5
where can I see the trailer for Love on the Beat,5,5,1,9.1217706e-05,6,OOD_Class_5
Play the newest melody on Last Fm by Eddie Vinson .,3,3,0,0.00011695045,6,OOD_Class_5
Find the book Cold Comfort,5,5,1,0.00012688375,6,OOD_Class_5
"hannah lewis and chelsea want to go to a cafe in Botswana on Apr. the seventeenth, 2024",1,1,0,0.00012766695,6,OOD_Class_5
play the video game The Sparrow,5,3,1,0.00013400754,6,OOD_Class_5
play the Hell of a Life movie,5,3,1,0.00010797529,6,OOD_Class_5
Is Any Which Way You Can playing in 15 seconds,6,5,0,0.00010498962,6,OOD_Class_5
Book a restaurant in Palestine for 8 people at 9 AM,1,1,0,9.573159e-05,6,OOD_Class_5
What movies are playing at Cineplex Odeon Corporation ?,6,5,0,8.0581296e-05,6,OOD_Class_5
show Under the Sea creative video game,5,3,1,0.0026218842,6,OOD_Class_5
Rate this essay two out of 6 stars,4,4,0,9.302067e-05,6,OOD_Class_5
add this artist to cynthia's fresh finds,0,0,0,0.00016458408,6,OOD_Class_5
Find time for films at the nearest movie theatre,6,5,0,7.67418e-05,6,OOD_Class_5
Book a reservation for a popular restaurant in Federated States Of Micronesia,1,1,0,0.00010364479,6,OOD_Class_5
Put this tune on dancePOP,0,0,0,0.00016709106,6,OOD_Class_5
what is the depression forecast for in five years in Altyn-Emel-Nationalpark,2,2,0,0.00011649214,6,OOD_Class_5
Find Half Cut Tea .,5,5,1,0.00087523204,6,OOD_Class_5
Find a book called The CIA World Factbook .,5,5,1,0.002951976,6,OOD_Class_5
I want the song Phrazes for the Young,5,3,1,0.00022782946,6,OOD_Class_5
find Google News,5,5,1,0.00031571588,6,OOD_Class_5
Find The New Legend of Shaolin video game,5,5,1,0.0005900555,6,OOD_Class_5
Find a saga called The Devil Went Down to Georgia .,5,5,1,0.0017500625,6,OOD_Class_5
Play Dave Joyal,3,3,0,9.5966265e-05,6,OOD_Class_5
search for the picture Boomtown,5,5,1,0.00010863745,6,OOD_Class_5
show creative song UFO Senshi Dai Apolon,5,3,1,0.00023927465,6,OOD_Class_5
play the newest ep from the sixties,3,3,0,0.00012819331,6,OOD_Class_5
Find Merry Arizona 97 Desert Stars Shine at Christmas,5,5,1,0.00023782004,6,OOD_Class_5
table for Breadline Cafe in Minnesota next friday,1,1,0,0.00011388013,6,OOD_Class_5
Play some music from 1995,3,3,0,0.000121429825,6,OOD_Class_5
Find by title Champagne Showers,5,5,1,0.00013205528,6,OOD_Class_5
Can you find the creative works associated with Caryl & Marilyn Real Friends,5,5,1,0.00094674627,6,OOD_Class_5
search for the painting The Elder Scrolls I Arena,5,5,1,0.00025672108,6,OOD_Class_5
find soundtrack titled The House of the Yellow Carpet,5,3,1,0.00013011479,6,OOD_Class_5
Show me the novel All I Need to Know,5,5,1,0.0010370372,6,OOD_Class_5
Do you know of a song by the Mande Studies Association ?,5,3,1,0.00014929257,6,OOD_Class_5
find Innocent world,5,5,1,0.00019588746,6,OOD_Class_5
Search for the Complots,5,5,1,0.0090759015,6,OOD_Class_5
Find Just South of Heaven,5,5,1,0.0013318465,6,OOD_Class_5
I'd like to see Walk on the Wild Side The Best of Lou Reed,5,5,1,0.0004754906,6,OOD_Class_5
What is the Wanda Group movie schedules,6,5,0,8.494507e-05,6,OOD_Class_5
play Disney Sing It! – High School Musical 3 Senior Year,5,3,1,0.000104693296,6,OOD_Class_5
show song schedule Come into the World,5,5,1,9.483785e-05,6,OOD_Class_5
book a table at a churrascaria for august 5 that has parking,1,1,0,0.000107752196,6,OOD_Class_5
Restaurant near in town uses in two years,1,1,0,9.900458e-05,6,OOD_Class_5
Find me a showing of The Vanquished that starts nine hours and 1 second from now .,6,5,0,0.0001393431,6,OOD_Class_5
What time is Class playing at Amco Entertainment ?,6,5,0,8.9543035e-05,6,OOD_Class_5
I want to add Kiara to my Digster Future Hits playlist,0,0,0,0.00018102447,6,OOD_Class_5
I want to find The Adventures of Lomax .,5,5,1,0.00031964618,6,OOD_Class_5
Find a song called You Cross My Path .,5,3,1,0.00014710527,6,OOD_Class_5
I'd like to see Confessions of an Indian Teenager,5,5,1,0.00018740131,6,OOD_Class_5
Add artist Matt Noveskey to journey,0,0,0,0.00016282644,6,OOD_Class_5
"Check the weather forecast for Chisholm , Kentucky .",2,2,0,0.000121248064,6,OOD_Class_5
Rate The Saint in Trouble 1 of 6,4,4,0,9.5786025e-05,6,OOD_Class_5
Find the book A Glorious Way to Die,5,4,1,0.0016277973,6,OOD_Class_5
find a show called The Paper Route,5,5,1,0.00013655977,6,OOD_Class_5
put Before the Eulogy onto Acoustic Blues,0,0,0,0.00017096517,6,OOD_Class_5
I rate The Mathematical Magpie chronicle a 0 of 6,4,4,0,0.00010018685,6,OOD_Class_5
Look up The Park album,5,3,1,0.000914656,6,OOD_Class_5
Find the video game High Hopes & Heartbreak,5,5,1,0.0013128544,6,OOD_Class_5
Show me the photograph Rock You Baby,5,5,1,0.0006238183,6,OOD_Class_5
give the current series 3 points,4,4,0,9.503903e-05,6,OOD_Class_5
Play some Psychedelic Rock .,3,3,0,0.000119432436,6,OOD_Class_5
look for the creative work Meltdown – Days of Destruction,5,5,1,0.00055508653,6,OOD_Class_5
Please fine me Worms Clan Wars .,5,3,1,0.0053751078,6,OOD_Class_5
"find Seduced by Madness , a trailer",5,5,1,0.00013540684,6,OOD_Class_5
When will it be hot here,2,2,0,0.00010906084,6,OOD_Class_5
Where can I listen to the song The Lost Worlds of Planet Earth,5,3,1,0.000111743095,6,OOD_Class_5
Can I see the show Heroes of Might & Magic 4 ?,5,5,1,0.00016998628,6,OOD_Class_5
rate Licence Renewed a 4,4,4,0,0.000106853746,6,OOD_Class_5
Find a soundtrack called The Outpost .,5,3,1,0.00010105107,6,OOD_Class_5
Add to playlist Confidence Boost Here Comes Santa Claus,0,0,0,0.0001823543,6,OOD_Class_5
I want to hear the Live At Slane Castle album by Haifa Wehbe,3,3,0,0.00011335197,6,OOD_Class_5
show creativity of the picture The Little Death,5,5,1,0.0048683127,6,OOD_Class_5
Where can I watch the trailer for Home Economics,5,5,1,9.43902e-05,6,OOD_Class_5
play Deezer form 2010 tune by Dave Grohl,3,3,0,0.000101558755,6,OOD_Class_5
I want to see Far Cry Vengeance,5,5,1,0.00013571905,6,OOD_Class_5
Add Fair Charlotte to the We Everywhere playlist.,0,0,0,0.00014681414,6,OOD_Class_5
Play Night Electric Night on Iheart,3,3,0,9.681256e-05,6,OOD_Class_5
Find book The Music Lovers,5,5,1,0.0011558553,6,OOD_Class_5
Please get me the Compulsive Disclosure song .,5,3,1,0.0004848236,6,OOD_Class_5
Add the unraveling to marina's playlist It's a Southern Thing,0,0,0,0.0001587413,6,OOD_Class_5
I want to read the book The Minotaur,5,3,1,0.0011394254,6,OOD_Class_5
Will it get windy close by here ?,2,2,0,0.000107580665,6,OOD_Class_5
play the TV series BET Awards 2013,5,3,1,0.00011395052,6,OOD_Class_5
Find GoodReader .,5,5,1,0.00016153057,6,OOD_Class_5
add tune by Leonard Cohen to road trip,0,0,0,0.00016171305,6,OOD_Class_5
When was the TV show CrazySexyCool taken off air?,5,5,1,0.00013976224,6,OOD_Class_5
What's the movie schedule for Great Escape Theatres,6,5,0,8.026717e-05,6,OOD_Class_5
I want to watch the television show Naked II,5,5,1,0.00014096619,6,OOD_Class_5
book in OH in Gurabo for velma and gloria,1,1,0,9.945991e-05,6,OOD_Class_5
Where can I buy a Barometer Clock,5,5,1,0.00026921803,6,OOD_Class_5
I gave the current album two stars,4,4,0,9.6065916e-05,6,OOD_Class_5
What's the weather forecast for Sequoyah National Wildlife Refuge,2,2,0,0.00011451831,6,OOD_Class_5
Is Millions in the Air playing at the cinema,6,5,0,8.832829e-05,6,OOD_Class_5
Are any animated movies playing at Magic Johnson Theatres ?,6,5,0,9.051158e-05,6,OOD_Class_5
Show GD&TOP painting,5,5,1,0.0006589673,6,OOD_Class_5
Rate The Man Who Sold the Moon a 5 .,4,4,0,9.513317e-05,6,OOD_Class_5
show me the movie Haunted Spooks,5,5,1,0.00014885094,6,OOD_Class_5
"Will it be even hotter 2 years from now in El Jebel , Niger",2,2,0,0.000108633656,6,OOD_Class_5
Find movie times for B&B Theatres .,6,5,0,8.781163e-05,6,OOD_Class_5
add this artist to Spain Top 50,0,0,0,0.00015258881,6,OOD_Class_5
Look for the movie Darkness Come Alive,5,5,1,9.401504e-05,6,OOD_Class_5
What is the forecast for Wyoming at Stanardsville during the storm,2,2,0,0.00010215495,6,OOD_Class_5
"find The Little Death , a soundtrack",5,3,1,0.0001508686,6,OOD_Class_5
Please get me Infernal Devices game .,5,5,1,0.0004545621,6,OOD_Class_5
Please help me find the Short Program saga .,5,5,1,0.00039045457,6,OOD_Class_5
Find me an album called Rejoicing with the Light,5,3,1,0.0010426916,6,OOD_Class_5
I need to know what theatre is playing A Happy Coersion,6,5,0,9.2205366e-05,6,OOD_Class_5
Please book a table for four at a restaurant in TN,1,1,0,0.00010764732,6,OOD_Class_5
I need a reservation in 1 second in Atlas with a party of nine,1,1,0,0.00011682973,6,OOD_Class_5
Find the TV series The Almighty Johnsons,5,5,1,0.0001616966,6,OOD_Class_5
Find a television show called Twisted .,5,5,1,0.00016016587,6,OOD_Class_5
find the album Biology Today An Issues Approach,5,4,1,0.00052905164,6,OOD_Class_5
Can you get me the Rakuen Tsuihou Expelled from Paradise television show ?,5,5,1,0.00022181383,6,OOD_Class_5
find the Carrousel saga,5,5,1,0.00011710379,6,OOD_Class_5
Find Darker than black .,5,5,1,0.0008007749,6,OOD_Class_5
Tell me the weather forecast for France,2,2,0,0.00011694859,6,OOD_Class_5
Find a show called In fondo al buio .,5,5,1,0.0014819546,6,OOD_Class_5
"What's the weather for April 10th, 2028 in Arkansas",2,2,0,0.000109596716,6,OOD_Class_5
Find The Boys in the Band .,5,5,1,0.0001304639,6,OOD_Class_5
rate the current essay book four out of 6 points,4,4,0,8.832856e-05,6,OOD_Class_5
Play music from Alison Sudol,3,3,0,0.000117810676,6,OOD_Class_5
Asiate restaurant in Sturgeon for 7,1,1,0,7.592722e-05,6,OOD_Class_5
find Warren Theatres films,6,5,0,7.3801384e-05,6,OOD_Class_5
Please search Cardin in Australia saga,5,5,1,0.00097033265,6,OOD_Class_5
when is Red Shirts showing at Dickinson Theatres,6,5,0,7.7569566e-05,6,OOD_Class_5
Search for Ayumi Hamasaki Countdown Live 2007–2008 Anniversary song,5,3,1,0.0003986357,6,OOD_Class_5
find a TV show called Randy Scouse Git,5,5,1,0.0001434047,6,OOD_Class_5
"find Donkey Town , a show",5,5,1,0.00011186125,6,OOD_Class_5
Will it be warm in Cotati in Guinea-Bissau,2,2,0,9.958999e-05,6,OOD_Class_5
looking for Free Four Tobias Tells the Divergent Knife-Throwing Scene,5,5,1,0.00018958759,6,OOD_Class_5
Is it going to be hot in Lexington-Fayette,2,2,0,0.00011884645,6,OOD_Class_5
Look up The Stars Are Indifferent to Astronomy,5,6,1,0.66403997,6,OOD_Class_5
Show The Night Riders,5,5,1,0.00016756887,6,OOD_Class_5
Find the schedule for The Comedian at Santikos Theatres .,6,5,0,8.850075e-05,6,OOD_Class_5
Play me a Patrick Cowley ballad,3,3,0,9.4662886e-05,6,OOD_Class_5
"Add another tune to my songs for you, not your parents playlist.",0,0,0,0.00016227119,6,OOD_Class_5
find the novel The Thunder Rolls,5,5,1,0.0001440726,6,OOD_Class_5
Show The Last Tightrope Dancer in Armenia television show,5,5,1,0.00021966695,6,OOD_Class_5
Find My Tribute show,5,5,1,0.00018457235,6,OOD_Class_5
show creativity of video game Labyrinth,5,5,1,0.3916619,6,OOD_Class_5
Search for Appalachian Journey,5,5,1,0.0001238138,6,OOD_Class_5
Is it cold in the current location more than it was in 3 years,2,2,0,0.00010591151,6,OOD_Class_5
find the Radical History Review saga,5,5,1,0.00018933312,6,OOD_Class_5
I need a table for 4 in Pelland,1,1,0,0.00010526271,6,OOD_Class_5
When is City of Angels playing?,5,5,1,0.00010539648,6,OOD_Class_5
Find the television show To Me,5,5,1,0.00011451837,6,OOD_Class_5
Play the best ballad by The Rascals .,3,3,0,0.00011429775,6,OOD_Class_5
I'd like to watch the trailer for As Tears Go By,5,5,1,0.00011407102,6,OOD_Class_5
can you get me the trailer of The Multiversity ?,5,5,1,0.00010529978,6,OOD_Class_5
Find a TV show called The God Boy .,5,5,1,0.00013876431,6,OOD_Class_5
find a Love song,5,3,1,0.0004173652,6,OOD_Class_5
Add album to Acoustic Spring,0,0,0,0.00015258601,6,OOD_Class_5
Play me the show House of Stairs,5,3,1,0.00011336533,6,OOD_Class_5
find a show called The Crowd Roars,5,5,1,0.00047878968,6,OOD_Class_5
Book a highly rated restaurant .,1,1,0,0.00010388874,6,OOD_Class_5
I want 4813 added to my Rhythm and Blues playlist,0,0,0,0.00015044266,6,OOD_Class_5
"find The Most Important People , a television show",5,5,1,0.000118609685,6,OOD_Class_5
I need to find the creative work Prince Hours,5,5,1,0.0001357214,6,OOD_Class_5
Show The drive of life album,5,5,1,0.0017057498,6,OOD_Class_5
Book reservations at a tea house in Lodi with my granddaughter and I,1,1,0,0.00011627849,6,OOD_Class_5
Please add a track by david freiberg to my workout playlist.,0,0,0,0.0001641826,6,OOD_Class_5
Look for the album Wolves Within,5,3,1,0.00085381954,6,OOD_Class_5
I need a restaurant now for a party of ten,1,1,0,0.00011548441,6,OOD_Class_5
Show me the Caribbean Blue television show,5,5,1,0.00019102484,6,OOD_Class_5
Is it forecast to be stormy close to Nimule-Nationalpark 1 hour from now ?,2,2,0,0.0001078964,6,OOD_Class_5
show me The Edge of Love photograph,5,5,1,0.009016805,6,OOD_Class_5
Looking for video game For Those Who Would Walk with the Gods,5,5,1,0.0003322356,6,OOD_Class_5
Find the schedule for The Voice in the Fog at night at the closest movie house .,6,5,0,8.712954e-05,6,OOD_Class_5
rate the current album two points,4,4,0,8.884677e-05,6,OOD_Class_5
book a taverna for a party of 10,1,1,0,0.000113481496,6,OOD_Class_5
play some Prabha Atre,3,3,0,0.00010250527,6,OOD_Class_5
I give Warheart 5 stars .,4,4,0,0.00010196291,6,OOD_Class_5
Tell me the weather forecast for here,2,2,0,0.0001187903,6,OOD_Class_5
book a table for nine PM at a pub in MA,1,1,0,9.380185e-05,6,OOD_Class_5
Please find me the video game titled 20 Hours in America .,5,5,1,0.015870072,6,OOD_Class_5
Play the album 21st Century Live by Chet Lam on Itunes .,3,3,0,0.000108851964,6,OOD_Class_5
Please find me the book Step Into My Groove .,5,0,1,0.0027731026,6,OOD_Class_5
I want to give Science Fiction Adventures in Mutation 0 stars,4,4,0,0.00011770133,6,OOD_Class_5
Can you play top Zvooq by Fink ?,3,3,0,0.0001101892,6,OOD_Class_5
Rate Homicide A Year on the Killing Streets five stars,4,4,0,0.00010116911,6,OOD_Class_5
Add cecil womack to my 50 Great Female Voices playlist.,0,0,0,0.000172649,6,OOD_Class_5
"I need to episodes for the TV series , Fast Food Nation .",5,5,1,0.00026240805,6,OOD_Class_5
Where to buy book Bright Ambush,5,1,1,0.000116769355,6,OOD_Class_5
Where can I read the book The Omega Stone ?,5,5,1,0.00017662309,6,OOD_Class_5
Add a rating of zero points out of 6 to The Inheritance of Loss,4,4,0,9.97961e-05,6,OOD_Class_5
Play the soundtrack for The Lord of the Rings Conquest,5,3,1,0.00011604061,6,OOD_Class_5
Will you play me the most popular sound track from 2006,3,3,0,0.000106643216,6,OOD_Class_5
Find Reverence for me,5,5,1,0.0004104689,6,OOD_Class_5
What animated movies are playing at IMAX Corporation ?,6,5,0,9.606792e-05,6,OOD_Class_5
find Amanda Palmer Goes Down Under,5,5,1,0.0002026826,6,OOD_Class_5
I'd like to hear the song Daimidaler Prince vs Penguin Empire,5,3,1,9.373777e-05,6,OOD_Class_5
I'd like to watch the trailer for Dungeons & Dragons Chronicles of Mystara .,5,5,1,0.00015636181,6,OOD_Class_5
I'm looking for a photograph called Merry Christmas .,5,5,1,0.0017292355,6,OOD_Class_5
Show me the television show The Science of Breath,5,5,1,0.0009162616,6,OOD_Class_5
I need a table for a party of 2 at Co-operative Block Building in Old Glory,1,1,0,0.00011560848,6,OOD_Class_5
Give The First Chronicles of Druss the Legend a zero .,4,4,0,0.00010896361,6,OOD_Class_5
help me find the book called Journal of Neuroscience Research,5,5,1,0.05142274,6,OOD_Class_5
what is the Afternoon forecast for Shannon and Pitcairn Islands,2,2,0,0.000102354046,6,OOD_Class_5
I would like to find a cafe that serves grilled meat close by in Tunisia and need a table for 2 one second from now .,1,1,0,0.00013213184,6,OOD_Class_5
I'm rating The Skystone with three points,4,4,0,9.104254e-05,6,OOD_Class_5
show creativity of saga Frontier Marshal,5,5,1,0.0055409004,6,OOD_Class_5
I would like you to add now the hits of winter 2008 onto my ntc studio sounds playlist.,0,0,0,0.00017848168,6,OOD_Class_5
Play music on the playlist Urban Hits,3,3,0,0.0001062215,6,OOD_Class_5
find the game Company of Heroes,5,5,1,0.00026862323,6,OOD_Class_5
Play some eighties movement music,3,3,0,0.0001222641,6,OOD_Class_5
What is the cheapest price I can pay for the DVD called The Darkest Cloud ?,5,5,1,0.0005141932,6,OOD_Class_5
show creative painting People & Love,5,5,1,0.004141532,6,OOD_Class_5
I want to hear some Boris Grebenchtchikov on Zvooq,3,3,0,0.00012862984,6,OOD_Class_5
I'd like to watch The Slender Thread at 6 PM,6,5,0,9.7764285e-05,6,OOD_Class_5
find a game called So Long Self,5,5,1,0.0018497659,6,OOD_Class_5
Play top-50 Peter Frampton songs,3,3,0,0.00010386525,6,OOD_Class_5
I would rate this current series I'm reading a two out of 6,4,4,0,9.374982e-05,6,OOD_Class_5
is Cape Mount Nature Conservation Unit has storm weather,2,2,0,0.000114399016,6,OOD_Class_5
Rate The Life and Loves of a She-Devil two stars,4,4,0,0.00010885613,6,OOD_Class_5
show creativity of book Future of the Past,5,5,1,0.014656957,6,OOD_Class_5
Rate this essay four out of 6,4,4,0,9.04233e-05,6,OOD_Class_5
Look for Fighting Vipers 2,5,5,1,0.00034706312,6,OOD_Class_5
Where can I find On the Marble Cliffs,5,5,1,0.0001740388,6,OOD_Class_5
give this textbook zero out of 6 points,4,4,0,9.01588e-05,6,OOD_Class_5
"find Outback Bound , a trailer",5,5,1,0.0003099925,6,OOD_Class_5
I want to hear Dave Seaman 's ep,3,3,0,0.000116950665,6,OOD_Class_5
I want to take me and my momy to eat in Flossmoor,1,1,0,0.00013760613,6,OOD_Class_5
add lil armstrong to my Adrenaline Workout playlist,0,0,0,0.00016531041,6,OOD_Class_5
Search for the television show Me and my guitar,5,5,1,0.00013959095,6,OOD_Class_5
Search for To Heart 2,5,5,1,0.00038106125,6,OOD_Class_5
Find Next of Kin,5,5,1,0.00024275921,6,OOD_Class_5
find a painting called Songs from Tsongas,5,5,1,0.001372956,6,OOD_Class_5
Book a food truck that is highly rated in Honduras,1,1,0,0.00010447109,6,OOD_Class_5
find a photograph called Accion Newspaper,5,5,1,0.00013425341,6,OOD_Class_5
How will snowfall be here in 2/21/2022 ?,2,2,0,9.814525e-05,6,OOD_Class_5
I want to play the game Pesterminator The Western Exterminator .,5,3,1,0.00016566073,6,OOD_Class_5
I'm looking for Paris Match,5,5,1,0.00012748038,6,OOD_Class_5
Play The Aviation Cocktail album,5,3,1,0.00010260571,6,OOD_Class_5
"Out of 6 , give Rivers of Babylon a 1",4,4,0,0.00010176427,6,OOD_Class_5
Could you find the TV series The Approach,5,5,1,0.00014014673,6,OOD_Class_5
Give Star Trek The Motion Picture a five out of 6 .,4,4,0,0.000104687715,6,OOD_Class_5
I give this current novel zero stars and a best rating of 6,4,4,0,9.979596e-05,6,OOD_Class_5
Go to Your Heart Belongs to Me,5,0,1,0.00035834598,6,OOD_Class_5
add sweets edison to relaxing playlist,0,0,0,0.00015998936,6,OOD_Class_5
book a table at a restaurant in Saudi Arabia that serves presskopf,1,1,0,9.573815e-05,6,OOD_Class_5
Add this artist to my This Is Philip Glass playlist,0,0,0,0.00015567515,6,OOD_Class_5
Find the Return to Grace saga,5,5,1,0.00023826445,6,OOD_Class_5
Please give me the movie schedules .,6,5,0,9.148858e-05,6,OOD_Class_5
Add this song to Blues Roots,0,0,0,0.00016116559,6,OOD_Class_5
find the soundtrack titled This Side of Paradise,5,3,1,0.00015989778,6,OOD_Class_5
Give the book The Adventures of James Bond Junior 003½ 2 points for a rating.,4,4,0,0.00010407615,6,OOD_Class_5
Show me the work Not a Little Girl Anymore,5,5,1,0.00012961263,6,OOD_Class_5
"Give The Crisis , one / 6 points",4,4,0,9.4854746e-05,6,OOD_Class_5
I'd like to see the picture TeleForm,5,5,1,0.0002446652,6,OOD_Class_5
add sonntag to my Assassin's Creed,0,0,0,0.00018049411,6,OOD_Class_5
Play a symphony from Bob Hardy please,3,3,0,0.00012645198,6,OOD_Class_5
What's the weather going to be like not far from East Timor,2,2,0,0.00011143115,6,OOD_Class_5
I want The Complete Global Albums Collection,5,0,1,0.033349544,6,OOD_Class_5
Play the newest chant by John Doyle on Zvooq,3,3,0,0.00011362978,6,OOD_Class_5
Where is Road to the Stage playing,6,5,0,0.00010056945,6,OOD_Class_5
Where can I purchase the TV show Time for Heroes,5,5,1,0.00011249942,6,OOD_Class_5
Add Buddy Tate to just dance by aftercluv list,0,0,0,0.00018253247,6,OOD_Class_5
add flying to my Women of Rock playlist,0,0,0,0.00015712641,6,OOD_Class_5
"book spot for four at Cliff House, San Francisco in Martinique",1,1,0,0.00010132157,6,OOD_Class_5
find The Hundred-Foot Journey,5,5,1,0.00024750922,6,OOD_Class_5
I want to hear a nineties track by stat quo on Deezer,3,3,0,0.000132712,6,OOD_Class_5
Is it supposed to be chillier in Favoretta,2,2,0,0.00010345672,6,OOD_Class_5
find a painting called Mister Whiskers My Favourite Nursery Rhymes,5,5,1,0.00035538495,6,OOD_Class_5
Is there going to be a depression in my current location on nov. the ninth,2,2,0,0.000117577765,6,OOD_Class_5
is there expected of rainfall in Horton of Connecticut,2,2,0,0.00010601562,6,OOD_Class_5
Can you find the song Bleach Hell Chapter,5,3,1,0.00012848903,6,OOD_Class_5
Can I get the showtimes for films at Malco Theatres .,6,5,0,0.00010077357,6,OOD_Class_5
Find the Sing When You’re Winning TV show,5,5,1,0.00014466095,6,OOD_Class_5
Search for The Long Dark,5,5,1,0.00027964945,6,OOD_Class_5
Add Atticus Ross to the playlist electrosafari,0,0,0,0.00017022606,6,OOD_Class_5
Play me a trailer for The North-West Passage,5,3,1,9.4134615e-05,6,OOD_Class_5
Is it going to be warmer 165 days from now at Nairobi National Park,2,2,0,0.00010106159,6,OOD_Class_5
What's the forecast for my current place at five pm ?,2,2,0,0.00010215451,6,OOD_Class_5
What time are the animated movies playing at Mann Theatres ?,6,5,0,8.7214525e-05,6,OOD_Class_5
show Thousand Miles movie,5,5,1,0.000106121595,6,OOD_Class_5
show creative picture of The Secret Doctrine,5,6,1,0.99302155,6,OOD_Class_5
Can you pull up The Sanford Herald,5,3,1,0.00052255485,6,OOD_Class_5
Play me the trailer for Chasing After Shadows... Living with the Ghosts .,5,3,1,0.00032311177,6,OOD_Class_5
show me the schedule of movie Thirty Two Short Films About Glenn Gould in 14 minutes,6,5,0,0.000102858496,6,OOD_Class_5
Show the Bean and the Boys painting,5,5,1,0.00022446072,6,OOD_Class_5
Will the weather be the same here in one week in the same area,2,2,0,0.00010106405,6,OOD_Class_5
Please find me the game called The Salvation .,5,5,1,0.0022307949,6,OOD_Class_5
add post mortem to my timeless love songs playlist,0,0,0,0.00016890056,6,OOD_Class_5
Where can I find the novel The Great Irish Bake Off,5,5,1,9.501875e-05,6,OOD_Class_5
Can you please get me the book Dracula 5 The Blood Legacy ?,5,5,1,0.00044569565,6,OOD_Class_5
Get the video game of The Chipmunk Song,5,3,1,0.0035972216,6,OOD_Class_5
Tell me the predicted weather once I travel faraway to Crimson Lake Provincial Park .,2,2,0,0.000114515264,6,OOD_Class_5
Show Saison 5 de Game of Thrones,5,5,1,0.0011130762,6,OOD_Class_5
fimd Glory,5,5,1,0.0010718703,6,OOD_Class_5
where can I find the video game called Izuna 2 The Unemployed Ninja Returns,5,5,1,0.00027021946,6,OOD_Class_5
I would give this current novel one stars,4,4,0,9.901915e-05,6,OOD_Class_5
find the TV series Shaun the Sheep,5,5,1,0.00014598666,6,OOD_Class_5
Play a tune by Houston on Spotify,3,3,0,0.000117121825,6,OOD_Class_5
Find the game BlogBridge,5,5,1,0.00022165077,6,OOD_Class_5
"What will the weather be like on january 16, 2030 in Rainbow Falls State Park",2,2,0,0.00011507984,6,OOD_Class_5
Can i get the movie schedules for Speakeasy Theaters ?,6,5,0,8.1930346e-05,6,OOD_Class_5
What is Marty Stuart discography,5,5,1,0.0018123495,6,OOD_Class_5
add country favorites willie nelson style to my playlist titled Spinnin' Records Top 100,0,0,0,0.00015506813,6,OOD_Class_5
Where can I buy the Something Borrowed saga ?,5,1,1,0.0005902257,6,OOD_Class_5
"find Wish You Were Here , a movie",5,5,1,9.690525e-05,6,OOD_Class_5
Play a sixties track by Noam Pikelny on iheart .,3,3,0,0.00011457764,6,OOD_Class_5
Play my 88 Keys playlist.,3,3,0,0.00010135584,6,OOD_Class_5
Add another album to my keep calm playlist.,0,0,0,0.00015590095,6,OOD_Class_5
"Will there be a lot of wind far away from here on Sep. the twenty-third, 2021",2,2,0,0.0001051881,6,OOD_Class_5
What time is Sontha Ooru playing,6,5,0,9.950112e-05,6,OOD_Class_5
Look for a photograph of I Wanna Sex You Up,5,5,1,0.00046312285,6,OOD_Class_5
Find me the Young Doctors in Love TV show,5,5,1,0.00013975498,6,OOD_Class_5
find me The Seven-Ups,5,5,1,0.00012022198,6,OOD_Class_5
show creativity in Cross Currents,5,6,1,0.96665823,6,OOD_Class_5
show me the schedule of movie The Duchess of Langeais in cinema,6,5,0,9.6629425e-05,6,OOD_Class_5
what is the forecast for hot temps at Bowman Bay Wildlife Sanctuary,2,2,0,0.00011197457,6,OOD_Class_5
Find The Last Angry Moose,5,5,1,0.000103659266,6,OOD_Class_5
Find me Under the Skin,5,5,1,0.00045266154,6,OOD_Class_5
I want to book a restaurant in Bosnia and Herzegovina .,1,1,0,0.00027411926,6,OOD_Class_5
is Ce cher intrus at IMAX Corporation,6,5,0,0.00018153657,6,OOD_Class_5
Please look up the painting Beyond Iconic Photographer Dennis Stock .,5,5,1,0.0072237332,6,OOD_Class_5
find Black Mirror III Final Fear,5,5,1,0.00028720137,6,OOD_Class_5
Find me the Big Sean discography soundtrack,5,3,1,0.0012707426,6,OOD_Class_5
Find a television show called Merced Sun-Star .,5,5,1,0.00010202293,6,OOD_Class_5
Show the Feed the Kitty painting,5,5,1,0.00088398106,6,OOD_Class_5
play some Gary Lee Conner,3,3,0,0.00010027873,6,OOD_Class_5
Is Judgment Day The John List Story playing at Megaplex Theatres ?,6,5,0,9.815065e-05,6,OOD_Class_5
Where can I find the Sounds to Consume album ?,5,5,1,0.00049820053,6,OOD_Class_5
Go to the saga The Quantum Thief,5,5,1,0.0042257193,6,OOD_Class_5
Find a photograph called Cope Park .,5,5,1,0.0006870018,6,OOD_Class_5
book a tea house on 5/20/2028 in Pataskala that serves crepe in NC for five,1,1,0,8.8883564e-05,6,OOD_Class_5
I'm looking for River Disturbance,5,5,1,0.0002886084,6,OOD_Class_5
Look for the American Journal of Sociology,5,5,1,0.00025243347,6,OOD_Class_5
Can I see the the TV series The Late Music ?,5,5,1,0.00013005482,6,OOD_Class_5
Tell me the weather forecast for my current spot,2,2,0,0.00011620884,6,OOD_Class_5
What is the song The Beast from 20 ?,5,3,1,0.0001435958,6,OOD_Class_5
rate this chronicle two points,4,4,0,9.051037e-05,6,OOD_Class_5
Show me Firepower,5,6,1,0.97353756,6,OOD_Class_5
Play Keep Your Right Up song,5,3,1,9.633871e-05,6,OOD_Class_5
add the artist joseph meyer to my mad cool festival 2017 playlist,0,0,0,0.00016766856,6,OOD_Class_5
add sam sparro to my playlist called Beach Vibes,0,0,0,0.00017039142,6,OOD_Class_5
find a soundtrack for Meditations,5,3,1,0.00016061382,6,OOD_Class_5
"rate the book A Girl, a Man, and a River a five",4,4,0,9.229488e-05,6,OOD_Class_5
can you get me the television show called Start It Up ?,5,5,1,0.00013316715,6,OOD_Class_5
Find Four Songs,5,3,1,0.00026284115,6,OOD_Class_5
find Andreas Hofer at elevenses,6,5,0,0.0004850589,6,OOD_Class_5
"find Doggy Day School , an album",5,3,1,0.0011623405,6,OOD_Class_5
Is it snowy in Ocean Shores,2,2,0,9.586954e-05,6,OOD_Class_5
Add the 40 cal tune to the laundry playlist.,0,0,0,0.00016211376,6,OOD_Class_5
Put Jean Philippe Goncalves onto my running to rock 170 to 190 bpm .,0,0,0,0.00014179191,6,OOD_Class_5
play chant by Nigger Kojak on Itunes,3,3,0,0.00011045782,6,OOD_Class_5
"find Bells Break Their Towers , a video game",5,5,1,0.0015340756,6,OOD_Class_5
I'd like to see a TV series called Countdown The Savoy Sessions,5,5,1,0.000116889074,6,OOD_Class_5
add Teddy Boy to my Irish Folk – Jigs & Reels playlist,0,0,0,0.00015920962,6,OOD_Class_5
I'd like to see Jack,5,5,1,0.000104882674,6,OOD_Class_5
Play the TV series Heart of Gold,5,3,1,0.000113177906,6,OOD_Class_5
Find the trailer for Real Men Cry,5,5,1,9.521624e-05,6,OOD_Class_5
Find a novel called A Perfect Day .,5,5,1,0.008816076,6,OOD_Class_5
Find the Collision in Black painting,5,5,1,0.02956155,6,OOD_Class_5
What animated movies are playing at IMAX Corporation,6,5,0,9.6915974e-05,6,OOD_Class_5
"find Waiting for Touchdown , a book",5,5,1,0.00013501407,6,OOD_Class_5
what will the weather be like in fourteen hours in Eastville,2,2,0,0.00011013295,6,OOD_Class_5
Show me the television show The Angry Mob .,5,5,1,0.0003368225,6,OOD_Class_5
play Seven Steps To Heaven by Wikluh Sky,3,3,0,0.00011592582,6,OOD_Class_5
add maggie mcgill to my night vibes,0,0,0,0.00017214658,6,OOD_Class_5
Where can I get the novel Flesh-Colored Horror,5,5,1,0.00021030789,6,OOD_Class_5
Can you find me the National Anthem of the Ancient Britons television show ?,5,5,1,0.0012421699,6,OOD_Class_5
Can you locate the saga for the Ringo Sheena discography,5,5,1,0.004310203,6,OOD_Class_5
Search for Teenage Mutant Hero Turtles Fall of the Foot Clan photograph,5,5,1,0.00020922824,6,OOD_Class_5
Tell me if it'll be colder next November in Granite-steppe lands of Buh,2,2,0,0.00011013027,6,OOD_Class_5
Play the most popular music by Ronald Isley on Google Music,3,3,0,0.00011230543,6,OOD_Class_5
Find HeroQuest II Legacy of Sorasil .,5,5,1,0.0018935972,6,OOD_Class_5
What films are playing at the nearest movie theatre,6,5,0,7.848499e-05,6,OOD_Class_5
Please find me the Rear Mirror saga .,5,5,1,0.0050375643,6,OOD_Class_5
Find the Endangered Species song,5,5,1,0.0006615107,6,OOD_Class_5
Find Half a Sixpence photograph,5,5,1,0.00014973516,6,OOD_Class_5
Where can I find Richard the Lionheart Rebellion ?,5,5,1,0.00010406117,6,OOD_Class_5
Looking for a game called Phinally Phamous,5,5,1,0.0005319151,6,OOD_Class_5
"Please find me the work, Earth Intruders .",5,5,1,0.00047696463,6,OOD_Class_5
Find me a table at a javanese brasserie,1,1,0,9.8396595e-05,6,OOD_Class_5
Can I get the movie schedule for the Bow Tie Cinemas .,6,5,0,9.911548e-05,6,OOD_Class_5
Find a picture called Nuclear Blast All Stars Out of the Dark .,5,4,1,0.00012226691,6,OOD_Class_5
I'm looking for the show Sex and Candy,5,5,1,0.000115645365,6,OOD_Class_5
show creativity of Diamonds in the Rough,5,5,1,0.1603307,6,OOD_Class_5
Rate The Vanishing Thieves 4 out of 6,4,4,0,9.25678e-05,6,OOD_Class_5
Show The Collectors video game,5,5,1,0.00066258974,6,OOD_Class_5
Show me the lowest price for the game Sinatra Reprise The Very Good Years .,5,5,1,0.00028625416,6,OOD_Class_5
show video game and The Quality of Life,5,5,1,0.0289132,6,OOD_Class_5
Give the current book im reading zero points out of 6 .,4,4,0,9.347621e-05,6,OOD_Class_5
Include Sean Yseult in kaitlin's metal overload playlist.,0,0,0,0.00017664803,6,OOD_Class_5
add this artist to Pop 2017 Picks,0,0,0,0.0001675032,6,OOD_Class_5
Play Stefon Harris 's song .,3,3,0,0.00010869238,6,OOD_Class_5
I'd like to see the game called God Is in the T.V.,5,5,1,0.00023241392,6,OOD_Class_5
Play Still Life 1,3,3,0,9.4655974e-05,6,OOD_Class_5
Play the most popular twenties record from Leland Sklar,3,3,0,0.00011856102,6,OOD_Class_5
i give The Aquariums of Pyongyang 3 out of 6 stars,4,4,0,0.00010136741,6,OOD_Class_5
Book a table for 0445 pm at a restaurant in Washington .,1,1,0,9.472789e-05,6,OOD_Class_5
Can you help me find the television show Women and Death,5,5,1,0.00013310177,6,OOD_Class_5
Please get me the AiON show .,5,5,1,0.00071840093,6,OOD_Class_5
Please get me the work Shirley aviatrice .,5,5,1,0.00020163856,6,OOD_Class_5
Add parempi mies to the Café con Leche playlist.,0,0,0,0.00016006817,6,OOD_Class_5
Can you find the show The Dumping Ground Survival Files,5,5,1,0.000109274144,6,OOD_Class_5
Show me the movie times for animated movies in the area .,6,5,0,0.0001991226,6,OOD_Class_5
What's the weather in Organ Pipe Cactus National Monument,2,2,0,0.000106535554,6,OOD_Class_5
I want to hear the new Vasilis Tsitsanis ep,3,3,0,0.00013914699,6,OOD_Class_5
I'm looking for 1634 The Ram Rebellion .,5,5,1,0.0002231531,6,OOD_Class_5
I'd rate the current essay 1 stars,4,4,0,9.5412375e-05,6,OOD_Class_5
where is Puthri playing,6,5,0,9.775547e-05,6,OOD_Class_5
find the song Ticks,5,5,1,0.0002072688,6,OOD_Class_5
A Writing Kind of Day deserves three points and a best rating of 6,4,4,0,0.00010376993,6,OOD_Class_5
Get me a photograph of Trac,5,6,1,0.5413357,6,OOD_Class_5
Please find the TV series Back to Bach,5,5,1,0.00012637436,6,OOD_Class_5
Play my playlist springtime,3,3,0,8.848085e-05,6,OOD_Class_5
"find The Real Dirt on Farmer John , a saga",5,5,1,0.00038577648,6,OOD_Class_5
whats the nearest movie house showing animated movies,6,5,0,8.9983565e-05,6,OOD_Class_5
I'd like to eat english cuisine at a restaurant in Ettrick,1,1,0,0.00010590552,6,OOD_Class_5
Can you find me The Assassination of Jesse James by the Coward Robert Ford saga ?,5,5,1,0.00044110263,6,OOD_Class_5
add when ice met cream to This Is Alejandro Fernández playlist,0,0,0,0.00015214155,6,OOD_Class_5
Find a soundtrack called The Christmas Shoes .,5,3,1,0.000106200605,6,OOD_Class_5
Play the top Maynard James Keenan .,3,3,0,0.000102305945,6,OOD_Class_5
Find the Blood Red Sandman,5,5,1,0.00012636233,6,OOD_Class_5
Add impossible is nothing to SPA Treatment,0,0,0,0.00025038255,6,OOD_Class_5
please add this artist to my Zen Focus playlist,0,0,0,0.00016555385,6,OOD_Class_5
Play me some Terror music,3,3,0,0.00010220673,6,OOD_Class_5
Wish to see the photograph with the name Live Right Here,5,5,1,0.00031253675,6,OOD_Class_5
Please look up The 4-Hour Workweek saga,5,5,1,0.0002324225,6,OOD_Class_5
Rate this album 3 stars,4,4,0,9.513279e-05,6,OOD_Class_5
find the movie Ircle,5,5,1,8.444428e-05,6,OOD_Class_5
Show me the album Clarke,5,5,1,0.0014946881,6,OOD_Class_5
rate this series chronicle 0 points,4,4,0,8.910734e-05,6,OOD_Class_5
Rate In the Company of Cheerful Ladies a zero out of 6,4,4,0,0.000101564656,6,OOD_Class_5
When was the soundtrack for Those Were the Days – The Best of Leningrad Cowboys published?,5,5,1,0.00011779429,6,OOD_Class_5
Tell me the weather forecast for WY,2,2,0,0.00011683459,6,OOD_Class_5
Book a table at Crown Candy Kitchen for lacy and I,1,1,0,0.00013047982,6,OOD_Class_5
book a spot at a restaurant within walking distance of Palau,1,1,0,9.885064e-05,6,OOD_Class_5
Show The Matrix Revolutions,5,6,1,0.9682046,6,OOD_Class_5
"Is there any predicted snowfall in 2 months in Vandalia , El Salvador",2,2,0,0.000118441,6,OOD_Class_5
What time is Sontha Ooru playing,6,5,0,9.950112e-05,6,OOD_Class_5
Add this artist to my feel good dinner playlist,0,0,0,0.00016685255,6,OOD_Class_5
Will there be a cloud in Kiribati,2,2,0,0.00012243811,6,OOD_Class_5
book for 2 at a cafe for burgers in Gasport,1,1,0,9.7542856e-05,6,OOD_Class_5
What is the nearest movie theatre playing Stray Cat Rock Wild Jumbo in 7 seconds,6,5,0,8.436654e-05,6,OOD_Class_5
when can i see Dinosaur from the Deep,6,5,0,0.00011966361,6,OOD_Class_5
I want to book the best steakhouse with south american cuisines in Alaska,1,1,0,0.00010430801,6,OOD_Class_5
Find me the soundtrack A Honeymoon Adventure,5,3,1,0.00037302487,6,OOD_Class_5
book a meal for four in DC,1,1,0,0.000117295225,6,OOD_Class_5
Find The Cartel Vol. 2 novel,5,5,1,0.00079238607,6,OOD_Class_5
Find the Ghostly Swim 2 book,5,5,1,0.00016056918,6,OOD_Class_5
play a new soundtrack by Benjamin Darvill on Groove Shark,3,3,0,0.00011575633,6,OOD_Class_5
Show me the soundtrack The Phoenix,5,3,1,0.00049914833,6,OOD_Class_5
Show me the saga St. Elsewhere,5,5,1,0.14017794,6,OOD_Class_5
Where is the closest cinema that features animated movies,6,5,0,0.00010067651,6,OOD_Class_5
find the picture Ultima VI The False Prophet,5,5,1,0.0003357474,6,OOD_Class_5
"I want to give Rebbe The Life and Teachings of Menachem M. Schneerson, the Most Influential Rabbi in Modern History two out of 6 points",4,4,0,0.00012346779,6,OOD_Class_5
Is The Unnaturals showing at 13 .,6,5,0,0.000100572724,6,OOD_Class_5
"I need Journal of Pediatric Oncology Nursing , help me find",5,5,1,0.086351365,6,OOD_Class_5
Play my inventive playlist,3,3,0,9.851793e-05,6,OOD_Class_5
Give Twas the Night Before Christmas 0 points out of 6 .,4,4,0,9.130974e-05,6,OOD_Class_5
"find The Girlfriend Experience , a television show",5,5,1,0.00017837762,6,OOD_Class_5
is it going to be cold in Readstown at 4 AM,2,2,0,0.000107684675,6,OOD_Class_5
play Signe Anderson chant music that is newest,3,3,0,0.00010125715,6,OOD_Class_5
Play a track by Ishmon Bracey on Iheart .,3,3,0,0.00011587119,6,OOD_Class_5
I'm trying to find the game called Give Me My Remote .,5,5,1,0.00016414003,6,OOD_Class_5
find the television show Riding with the King,5,5,1,0.00011099193,6,OOD_Class_5
I'd like to eat at a restaurant around China with a party of 7 anywhere that serves ouzeri,1,1,0,0.000109559136,6,OOD_Class_5
"find Journal of the European Economic Association , a movie I want to see",5,5,1,0.00010125718,6,OOD_Class_5
Need a creative work called Hit by Love,5,0,1,0.036155798,6,OOD_Class_5
find the painting Sleeping in Your Hand,5,5,1,0.00015755669,6,OOD_Class_5
"Can you help me locate the game , Coast ?",5,5,1,0.0001256455,6,OOD_Class_5
Find Changes A Love Story .,5,5,1,0.03897565,6,OOD_Class_5
Please book me seating at the food court in Hazel Green for nine,1,1,0,0.00011662547,6,OOD_Class_5
Tell me if it'll be freezing next month in Rhode Island,2,2,0,0.00011340555,6,OOD_Class_5
Book me a reservation for 10 in Oman,1,1,0,9.489813e-05,6,OOD_Class_5
show the trailer of Deadly Skies,5,5,1,0.00019024647,6,OOD_Class_5
Find a painting called Smash Crusher .,5,5,1,0.0010077028,6,OOD_Class_5
What time are films showing in the neighborhood,6,5,0,9.104273e-05,6,OOD_Class_5
The Revolution Script should have a rating value of three and a best rating of 6,4,4,0,0.00010571344,6,OOD_Class_5
Is it forecast to be chilly in Iowa ?,2,2,0,0.00011318508,6,OOD_Class_5
I'd like to play the song In a Reverie,5,3,1,0.00010385,6,OOD_Class_5
want to see the trailer for The Prefect,5,5,1,8.772172e-05,6,OOD_Class_5
What's the weather in the Marshall Islands in sixteen hours,2,2,0,0.00010737175,6,OOD_Class_5
is there a Chinese Wikipedia,5,5,1,0.0036446266,6,OOD_Class_5
find the painting Strong Enough,5,5,1,0.00022356001,6,OOD_Class_5
Can you find me the Free for All show ?,5,5,1,0.000103864775,6,OOD_Class_5
Help me locate a game called The Master of Ballantrae .,5,5,1,0.08145082,6,OOD_Class_5
what is the Johnson Creek forecast for chilly weather,2,2,0,0.000116892326,6,OOD_Class_5
play the Cabin Fever 2 Spring Fever saga,5,3,1,9.0942696e-05,6,OOD_Class_5
Add a derek watkins tune to This Is Johnny Cash,0,0,0,0.00015051679,6,OOD_Class_5
"Will there be a blizzard next winter in Visalia , Idaho",2,2,0,0.00010853003,6,OOD_Class_5
"add Hello Central, Give Me Heaven to Indie Pop",0,0,0,0.00017147597,6,OOD_Class_5
Show the TV series The Merry Sisters of Fate .,5,5,1,0.00019694654,6,OOD_Class_5
Rate Renewable Electricity and the Grid one stars out of 6,4,4,0,9.644279e-05,6,OOD_Class_5
Where can I find the trailer for Sensations of 1945,5,5,1,0.000100959835,6,OOD_Class_5
When will The Flower and the Angry Waves be showing?,6,5,0,0.00012292337,6,OOD_Class_5
I want to hear Box Of Rain by Skeets Mcdonald,3,3,0,0.000113627306,6,OOD_Class_5
add Joe Gibbs to my The Bachelor Party playlist,0,0,0,0.00016972728,6,OOD_Class_5
Can I get the showtimes for The Man Who Could Talk to Kids ?,6,5,0,9.476157e-05,6,OOD_Class_5
I want watch The Sun And The Moon,5,5,1,0.00017222078,6,OOD_Class_5
"I want to book the distant downtown Tribeca Grill for august the twenty-third, 2025 for wilda and jacklyn",1,1,0,9.732708e-05,6,OOD_Class_5
What is the weather in Deeth,2,2,0,0.00010695279,6,OOD_Class_5
Play Who Knows Where The Time Goes ? by Grigory Leps,3,3,0,0.00013190445,6,OOD_Class_5
Play me a song by Carol Arnauld from 2003,3,3,0,0.00012077928,6,OOD_Class_5
Play music from 2005 by Justin Broadrick,3,3,0,0.00012763013,6,OOD_Class_5
play the Ashley Tisdale discography TV show,5,3,1,0.00010873795,6,OOD_Class_5
find a video game called IBM Program temporary fix,5,3,1,0.015142493,6,OOD_Class_5
add go to The MetalSucks Playlist,0,0,0,0.00017987881,6,OOD_Class_5
give a zero rating to May We Borrow Your Husband ?,4,4,0,0.00012939196,6,OOD_Class_5
What are the weather conditions in Noel ?,2,2,0,0.00010255489,6,OOD_Class_5
Add Cleo Laine to psychedelic rock,0,0,0,0.00016155893,6,OOD_Class_5
"Tell me the weather forecast one year from now in Kulpsville , Togo",2,2,0,0.00010948834,6,OOD_Class_5
Play the playlist Feel Good Dinner .,3,3,0,9.968428e-05,6,OOD_Class_5
Rate An Act of Terror 2 stars .,4,4,0,0.00010981841,6,OOD_Class_5
I want to listen to Keep the Faith,5,3,1,0.00013906168,6,OOD_Class_5
How will the weather be in 11 years from now in the same area of Florida ?,2,2,0,0.00010285647,6,OOD_Class_5
What's the weather here ?,2,2,0,0.000106224215,6,OOD_Class_5
Add Tranquility to the Latin Pop Rising playlist.,0,0,0,0.0001665256,6,OOD_Class_5
add song to Daily Lift playlist,0,0,0,0.00015882298,6,OOD_Class_5
add the song don't drink the water to my playlist,0,0,0,0.00014581262,6,OOD_Class_5
"I need a table in Ottoville on Feb. 15th, 2029 at Gus Stevens Seafood Restaurant & Buccaneer Lounge",1,1,0,0.000103426406,6,OOD_Class_5
Can you help me find Preaching to the Perverted ?,5,5,1,0.000493248,6,OOD_Class_5
find Cascading Waterfall,5,5,1,0.0001422259,6,OOD_Class_5
"I need a highly rated oyster bar in AR in a month for jeanne collins, amy and I",1,1,0,0.000108907545,6,OOD_Class_5
Book me a table for two in Oakes .,1,1,0,0.00010301599,6,OOD_Class_5
Add bryan gregory to the playlist Emily Dickinson,0,0,0,0.00015386182,6,OOD_Class_5
Show me the picture Gas Wars,5,5,1,0.0056953738,6,OOD_Class_5
Please search the Karobar Economic Daily picture .,5,5,1,0.0001767974,6,OOD_Class_5
Show me the The Defenestration of Ermintrude Inch TV series,5,5,1,0.0008330953,6,OOD_Class_5
Add Yuna Ito to the hot rods & horror shows playlist.,0,0,0,0.00017865315,6,OOD_Class_5
where can I find a painting called Battlestations Pacific,5,5,1,0.00020538307,6,OOD_Class_5
what is the 11 pm forecast for here and far,2,2,0,0.00010096456,6,OOD_Class_5
I'm looking for Circus World .,5,5,1,0.00033745138,6,OOD_Class_5
"Is there a freezing forecast for Minto , Nicaragua ?",2,2,0,0.00010705706,6,OOD_Class_5
add this gisela song to my dancehall official,0,0,0,0.00016458571,6,OOD_Class_5
Put something by Noah Wuv Bernardo on my Humor playlist,0,0,0,0.00015265401,6,OOD_Class_5
Show Olympia 81 saga,5,5,1,0.00040033538,6,OOD_Class_5
List movie schedule,6,5,0,7.719027e-05,6,OOD_Class_5
Play some music from the fourties .,3,3,0,0.00012614406,6,OOD_Class_5
find the trailer for Hit the Ice,5,5,1,0.0001165061,6,OOD_Class_5
play Zvooq,3,3,0,0.00010658931,6,OOD_Class_5
show me the Evil Dead painting,5,5,1,0.0011416508,6,OOD_Class_5
I'm looking for local movie schedules .,6,5,0,8.945598e-05,6,OOD_Class_5
What time is Do Sher playing,6,5,0,8.469533e-05,6,OOD_Class_5
Add the album to the hot 50 playlist.,0,0,0,0.00015773939,6,OOD_Class_5
is it going to be hot in Luambe-Nationalpark,2,2,0,0.00012273854,6,OOD_Class_5
how's the weather in Brookdale Zimbabwe,2,2,0,0.000105810046,6,OOD_Class_5
Add De Principii Evangelikum to my Domingo Indie palylist,0,0,0,0.00016898262,6,OOD_Class_5
Weather for my current location tomorrow,2,2,0,0.00010488304,6,OOD_Class_5
Look for A Terrible Vengeance,5,5,1,0.0012807931,6,OOD_Class_5
Rate The Cherryh Odyssey three of 6 stars,4,4,0,9.691542e-05,6,OOD_Class_5
rate the series The Quantity Theory of Insanity 1,4,4,0,0.00020331873,6,OOD_Class_5
"Will it be warmer in the District Of Columbia on may 25, 2033 ?",2,2,0,0.00010478143,6,OOD_Class_5
Can you find the Info Wars saga,5,5,1,0.00022645142,6,OOD_Class_5
Open Pandora and play Reggaeton 2017 y Baila !,3,3,0,0.000115604314,6,OOD_Class_5
Play music from 1960,3,3,0,0.000121075354,6,OOD_Class_5
Find a soundtrack called Top Gear Australia .,5,3,1,0.000106419764,6,OOD_Class_5
Play Strength of Street Knowledge on Groove Shark,3,3,0,0.00010632481,6,OOD_Class_5
show me the When Your Heart Stops Beating photograph,5,5,1,0.0023086139,6,OOD_Class_5
Please look for the TV show Memoirs from a Bedroom Issue 1,5,5,1,0.00011033559,6,OOD_Class_5
What's the weather on august seventh for Crystal Lawns Guam,2,2,0,9.9690005e-05,6,OOD_Class_5
I'd like to see Completely Well,5,5,1,0.00015198086,6,OOD_Class_5
add an album in Sweet Soul Chillout,0,0,0,0.00018777457,6,OOD_Class_5
find the picture Chorus Line,5,5,1,0.00012079845,6,OOD_Class_5
Please find the album The Party Scene,5,5,1,0.00035014158,6,OOD_Class_5
find the television show called Tactics,5,5,1,0.00020659663,6,OOD_Class_5
I'd like to see the novel An Inquiry into the Good,5,5,1,0.0001596801,6,OOD_Class_5
Show me the work The Catholic Weekly,5,5,1,8.231831e-05,6,OOD_Class_5
Play The Lure of the Mask song,5,3,1,9.8722696e-05,6,OOD_Class_5
Will it be cloudy on Sep. 16 in Palau,2,2,0,0.00011340388,6,OOD_Class_5
What is the forcast now in Kansas,2,2,0,0.00011110233,6,OOD_Class_5
Please search the title The Twilight Saga Breaking Dawn Part 2 .,5,5,1,0.0007442868,6,OOD_Class_5
Rate this textbook 5 out of 6 points,4,4,0,8.9108435e-05,6,OOD_Class_5
search for TV show Live at Apollo,5,5,1,0.0001385232,6,OOD_Class_5
Find me the Travel Weekly,5,5,1,9.5026786e-05,6,OOD_Class_5
rate If Tomorrow Comes 2 of 6 stars,4,4,0,9.700987e-05,6,OOD_Class_5
Show me the TV series Prescription for Death,5,5,1,0.00030014082,6,OOD_Class_5
Give the current textbook four stars,4,4,0,9.393329e-05,6,OOD_Class_5
Find the creative work Deadly Weapons,5,5,1,0.0008351701,6,OOD_Class_5
Give this essay a rating of 5 .,4,4,0,9.9796634e-05,6,OOD_Class_5
Play ep from Quasimoto from the nineties,3,3,0,0.00012781913,6,OOD_Class_5
I'm looking for a novel called The Adventures of Lolo II,5,5,1,0.042907268,6,OOD_Class_5
Is it going to be colder in Queen Anne on Mon .?,2,2,0,0.00010008015,6,OOD_Class_5
show creativity of Wild About Animals,5,5,1,0.0128442375,6,OOD_Class_5
Can you play a song from the fourties by George Martin,3,3,0,0.00012838046,6,OOD_Class_5
Find the McGill Law Journal movie,5,5,1,9.0066256e-05,6,OOD_Class_5
What time is Pussyfoot playing at Pacific Theatres ?,6,5,0,7.833119e-05,6,OOD_Class_5
show me the trailer for Live Phish Volume 12,5,5,1,0.00019570395,6,OOD_Class_5
how's the forecast looking for supper time in Dresbach Vanuatu,2,2,0,0.0001006699,6,OOD_Class_5
Find Think act,5,5,1,0.00021945537,6,OOD_Class_5
Show me the TV show My Only Wish,5,5,1,0.00015919242,6,OOD_Class_5
Play the TV series Effortless Regurgitation of Bright Red Blood,5,3,1,0.00011349588,6,OOD_Class_5
What is Party All Night,5,5,1,0.0002769093,6,OOD_Class_5
Is it humid in Parc national de Killarney,2,2,0,0.00013725102,6,OOD_Class_5
find a television show called Milagros Girl from Away,5,5,1,0.00010902908,6,OOD_Class_5
Rate this essay five stars,4,4,0,8.945699e-05,6,OOD_Class_5
play the best album from the seventies,3,3,0,0.00012322275,6,OOD_Class_5
I need to book a restaurant at supper time in IL,1,1,0,0.00011279242,6,OOD_Class_5
Look for Summer with Monika,5,5,1,0.00016374027,6,OOD_Class_5
Please give me the weather for Federated States Of Micronesia .,2,2,0,0.00012620134,6,OOD_Class_5
play The Rest of My Life,5,3,1,0.00010736557,6,OOD_Class_5
Rate this novel 3 out of 6 points .,4,4,0,8.963189e-05,6,OOD_Class_5
add Troy Andrews to my pop punk powerhouses,0,0,0,0.0001783916,6,OOD_Class_5
find a saga called Shame on You,5,5,1,0.008204993,6,OOD_Class_5
book a table in Cottondale not far for in two hundred sixty nine days,1,1,0,0.00011674074,6,OOD_Class_5
I need another artist in the romántica playlist.,0,0,0,0.00017428352,6,OOD_Class_5
show video game name Find the Colour,5,5,1,0.00029377185,6,OOD_Class_5
Find UNDER NIGHT IN-BIRTH,5,5,1,0.0001960824,6,OOD_Class_5
Add Visible Wings to my playlist entre los andes,0,0,0,0.00015905552,6,OOD_Class_5
I want to see Medal for the General,6,5,0,0.00021428049,6,OOD_Class_5
Please find me a novel called The Caledonian-Record .,5,5,1,0.006294212,6,OOD_Class_5
what is the forecast in Admire in TX starting at seventeen,2,2,0,0.00010831788,6,OOD_Class_5
find Bump Off Lover,5,5,1,0.00018933242,6,OOD_Class_5
book in Falkland Islands at Atomic Cafe,1,1,0,9.306072e-05,6,OOD_Class_5
Play a 2009 concerto on Deezer .,3,3,0,0.00011148614,6,OOD_Class_5
Give The Lost Princess 3 stars .,4,4,0,0.00010550849,6,OOD_Class_5
play a chant by Sonsee,3,3,0,0.00011351887,6,OOD_Class_5
Find me the show Krypto the Superdog,5,5,1,0.00013504106,6,OOD_Class_5
Find a photograph called Shout It Out .,5,5,1,0.00060024107,6,OOD_Class_5
Book a reservation for 6 people for a creole tavern in Montenegro,1,1,0,9.782338e-05,6,OOD_Class_5
Book a restaurant in Darnell .,1,1,0,0.0001803227,6,OOD_Class_5
What does it feel like in Alloway,2,2,0,0.00011044066,6,OOD_Class_5
Play music by Sarah Connor,3,3,0,0.00012054447,6,OOD_Class_5
find Harry Potter and the Deathly Hallows – Part 2,5,5,1,0.00020705686,6,OOD_Class_5
Show me Tears On My Pillow .,5,5,1,0.04281292,6,OOD_Class_5
Look up the Rock the Blind photograph,5,5,1,0.00021267551,6,OOD_Class_5
find me a game called Spaceball,5,5,1,0.0054201013,6,OOD_Class_5
Please locate Sad Love Story novel for me.,5,5,1,0.0040171263,6,OOD_Class_5
Show Minutes to Midnight photograph,5,5,1,0.00024968683,6,OOD_Class_5
Please search for the TV series titled I Need Romance .,5,5,1,0.0002082076,6,OOD_Class_5
Add Always to dena's Baroque 50 Spotify Picks playlist.,0,0,0,0.00016322418,6,OOD_Class_5
Find the schedule for Ghost World .,6,5,0,7.902179e-05,6,OOD_Class_5
Can you find the movie Accidentally in Love,5,5,1,8.543795e-05,6,OOD_Class_5
Play tuomas holopainen 's The 21 Project .,3,3,0,0.0001100802,6,OOD_Class_5
Rate this album five out of 6 stars .,4,4,0,9.338434e-05,6,OOD_Class_5
What is the movie times for General Cinema Corporation,6,5,0,8.928244e-05,6,OOD_Class_5
What's the weather forecast for Nishi Sonogi Hantō Prefectural Natural Park three years from now ?,2,2,0,0.000111212554,6,OOD_Class_5
give 1 star to this album,4,4,0,0.000102863116,6,OOD_Class_5
What's the humidity now in NH ?,2,2,0,0.000106534244,6,OOD_Class_5
Help me find Where the Wild Things Are,5,5,1,0.00027255894,6,OOD_Class_5
Search for Polish Assault,5,5,1,0.00018656763,6,OOD_Class_5
Find the album titled Spasmolytic,5,3,1,0.0026662783,6,OOD_Class_5
"I want to hear Jimmy James from the thirties , play a song on Groove Shark .",3,3,0,0.00011290937,6,OOD_Class_5
I want to read the novel Love Is in Control,5,3,1,0.001328816,6,OOD_Class_5
Show me the TV show Have a Nice Day,5,5,1,0.000114189046,6,OOD_Class_5
Can you let me know the films that are on the movie schedules in the area at noon ?,6,5,0,7.6442164e-05,6,OOD_Class_5
I want to give Three Days Before the Shooting... one out of 6 stars,4,4,0,9.31108e-05,6,OOD_Class_5
Book the Last Exit on Brooklyn 5 hours from now for one person.,1,1,0,0.000105743165,6,OOD_Class_5
I want to add a tune by Damon Johnson to my frescura indie playlist,0,0,0,0.00016783061,6,OOD_Class_5
What films are playing at 1 PM at Showcase Cinemas,6,5,0,8.2654566e-05,6,OOD_Class_5
Book COVA in Frisco City for me and therese at eight pm,1,1,0,0.000107068714,6,OOD_Class_5
Add this artist to piano chill,0,0,0,0.0001579718,6,OOD_Class_5
Can you play The Change Is Made on Netflix,3,3,0,0.000117806325,6,OOD_Class_5
Play show of Cissy Houston,5,3,1,8.441814e-05,6,OOD_Class_5
find a game called Albino Blacksheep,5,5,1,0.00032716966,6,OOD_Class_5
Find a reservation at a restaurant that serves gougère in Laneville with a party of nine,1,1,0,0.000108177446,6,OOD_Class_5
play Isaac Yamma Slut,3,3,0,9.3833834e-05,6,OOD_Class_5
SHow me the nearest movie house showing Moron 5 and the Crying Lady,6,5,0,9.3202376e-05,6,OOD_Class_5
add the artist Pete Murray to my relaxing playlist,0,0,0,0.00015620828,6,OOD_Class_5
add song to Women of SXSW,0,0,0,0.00016701187,6,OOD_Class_5
show movie schedule of The Big Mouth,5,5,1,8.602999e-05,6,OOD_Class_5
For the current chronicle I give five of 6,4,4,0,9.979566e-05,6,OOD_Class_5
give zero out of 6 points to Marxism and the Oppression of Women,4,4,0,0.00010077548,6,OOD_Class_5
Show me the Lights Out saga,5,5,1,0.00020917895,6,OOD_Class_5
Play some Matthew Sweet music from around 1996 on Spotify,3,3,0,0.00011340675,6,OOD_Class_5
find a video game called A Stroll in the Pork,5,5,1,0.0029298547,6,OOD_Class_5
What movies are showing at the nearest movie theatre in 8 minutes ?,6,5,0,8.297723e-05,6,OOD_Class_5
Is Black & White The Dawn of Justice playing at the movie theatre ?,6,5,0,0.000102861,6,OOD_Class_5
Play dhafer youssef top-twenty on netflix,3,3,0,0.00011890672,6,OOD_Class_5
Rate the current book zero of 6,4,4,0,9.104314e-05,6,OOD_Class_5
What is the weather in Arkansas the city of Morrison,2,2,0,9.881845e-05,6,OOD_Class_5
"I want to eat Louisiana Fried Chicken in McColl , IA",1,1,0,0.0001676599,6,OOD_Class_5
I need a painting called Brubeck Plays Brubeck,5,5,1,0.0010937627,6,OOD_Class_5
Show me the movie schedule,6,5,0,7.719249e-05,6,OOD_Class_5
Where can I find the game KAAKAI Newspaper,5,5,1,9.4019655e-05,6,OOD_Class_5
show creativity of Sing to the Dawn,5,5,1,0.031850077,6,OOD_Class_5
I want a table for seven at twenty three o'clock in Angola .,1,1,0,0.00012375767,6,OOD_Class_5
What is the weather forecast 131 days from now in Atanassow-See,2,2,0,0.00010726672,6,OOD_Class_5
Play the greatest record by Joe Purdy on Google Music,3,3,0,0.00011683731,6,OOD_Class_5
Play some Paul Stookey from the sixties,3,3,0,0.00011873373,6,OOD_Class_5
find the TV series The Farewell Tour,5,5,1,0.0001616915,6,OOD_Class_5
Find All Jets Are Gonna Fall Today saga,5,5,1,0.0001859914,6,OOD_Class_5
Will it be cloudy by five PM in Gobler Jersey,2,2,0,0.00010715904,6,OOD_Class_5
book a sushis serving restaurant in Uzbekistan,1,1,0,0.00010269017,6,OOD_Class_5
add lunacy to my chill out playlist,0,0,0,0.00017735052,6,OOD_Class_5
find the picture Vertically Challenged,5,5,1,0.00069130666,6,OOD_Class_5
Please search for the Puppet on a String video game .,5,5,1,0.0009559321,6,OOD_Class_5
Find a picture called Every Little Thing She Does Is Magic .,5,5,1,0.0060106134,6,OOD_Class_5
When is The Jailbird showing at United Paramount Theatres,6,5,0,7.95625e-05,6,OOD_Class_5
Find a television show called Main Street .,5,5,1,0.00010395462,6,OOD_Class_5
"Add Star Light, Star Bright to my jazz classics playlist.",0,0,0,0.00016865249,6,OOD_Class_5
What time is movies playing around here,6,5,0,8.003351e-05,6,OOD_Class_5
book a restaurant for 4 of us,1,1,0,9.667944e-05,6,OOD_Class_5
Can you help me find the Author! Author ! trailer ?,5,5,1,0.0001497748,6,OOD_Class_5
I need the game The ARIA Music Show,5,5,1,0.00043880387,6,OOD_Class_5
search for The Adventure of the Blue Carbuncle,5,5,1,0.00029795434,6,OOD_Class_5
find The Inspector for me,5,5,1,0.00019619512,6,OOD_Class_5
"I need a reservation for Arcadian Court on June the fifth, 2035",1,1,0,9.8023665e-05,6,OOD_Class_5
Put Mike McCready in the kitchen swagger playlist.,0,0,0,0.00014934198,6,OOD_Class_5
show the movie schedules at United Paramount Theatres,6,5,0,8.2089486e-05,6,OOD_Class_5
When is Old Enough showing at the movie house ?,6,5,0,8.1929895e-05,6,OOD_Class_5
Can you get me a table at a tavern in Slovakia,1,1,0,9.224742e-05,6,OOD_Class_5
find a television show called Happy Trails,5,5,1,0.00012366862,6,OOD_Class_5
rate this book a 4 out of 6,4,4,0,9.439309e-05,6,OOD_Class_5
Where can I watch the TV series The Trifecta ?,5,5,1,0.00011768814,6,OOD_Class_5
Rate the current novel four of 6 stars,4,4,0,9.4025345e-05,6,OOD_Class_5
I am giving the book After Henry a rating of 0 out of 6 stars,4,4,0,9.5226074e-05,6,OOD_Class_5
Find the Innocent When You Dream saga,5,5,1,0.00026407506,6,OOD_Class_5
play music by Bryan Maclean,3,3,0,0.00011781046,6,OOD_Class_5
Please play a song by Ahmad Jamal,3,3,0,0.00013552915,6,OOD_Class_5
play the song Evocation I – The Arcane Dominion,5,3,1,8.159323e-05,6,OOD_Class_5
I'd like johnny nash to be put into my playlist Always Pop Punk,0,0,0,0.00014495428,6,OOD_Class_5
Can you get me the Starcross saga ?,5,5,1,0.00046785388,6,OOD_Class_5
I want this tune on my Most Necessary playlist,0,0,0,0.00018726276,6,OOD_Class_5
find Racing the Beam The Atari Video Computer System,5,5,1,0.0011826982,6,OOD_Class_5
FInd trailer for Iraq for Sale The War Profiteers,5,5,1,0.00013227107,6,OOD_Class_5
Where can I watch TV series Shopping Spree,5,5,1,0.00012226336,6,OOD_Class_5
Can you find the painting Shake! Otis at Monterey,5,5,1,0.000103763145,6,OOD_Class_5
what is the forecast for Lille in Norway,2,2,0,0.00010927505,6,OOD_Class_5
Will it be stormy in distant Holly River State Park,2,2,0,0.00010245279,6,OOD_Class_5
find a movie schedule for United Paramount Theatres,6,5,0,7.416226e-05,6,OOD_Class_5
Use the service Zvooq to play top-10 by artist Coolio,3,3,0,0.00010581244,6,OOD_Class_5
Play Socialism Is Good by terje bakken on Spotify .,3,3,0,0.00012031028,6,OOD_Class_5
"Tell me the weather forecast for apr. twenty-fourth, 2028 in San Diego",2,2,0,0.00012071964,6,OOD_Class_5
Where and when is Polish Economy playing?,6,5,0,9.9205674e-05,6,OOD_Class_5
Play thirties concerto music on Google Music,3,3,0,0.00010265623,6,OOD_Class_5
Where can I get the album So Fresh The Hits of Spring 2011,5,5,1,0.00039556428,6,OOD_Class_5
what is the weather like now in AK,2,2,0,0.000105810395,6,OOD_Class_5
find the album Just for Laughs,5,5,1,0.0006940057,6,OOD_Class_5
I would like to book a restaurant within the same area as Myrtle Av for 6,1,1,0,9.515998e-05,6,OOD_Class_5
"Please look up the novel , Heroes of Annihilated Empires",5,5,1,0.0005597871,6,OOD_Class_5
show me NeuroToxicology,5,6,1,0.99551153,6,OOD_Class_5
What is the TV show This Is Halloween ?,5,5,1,0.00013123041,6,OOD_Class_5
Find the show Portrait of Countess Karoly,5,5,1,0.0001707317,6,OOD_Class_5
"book a table at an oyster bar that serves apple butter on Jul. 10th, 2028",1,1,0,9.4531744e-05,6,OOD_Class_5
Book a reservation for eight people in North Dakota,1,1,0,9.728723e-05,6,OOD_Class_5
Where can I stream a television show called Safety EP ?,5,5,1,0.00021111572,6,OOD_Class_5
What is the forecast next year in McGee,2,2,0,0.00010705775,6,OOD_Class_5
Rate The Bourne Deception 4 of 6,4,4,0,9.71048e-05,6,OOD_Class_5
book a spot for six friends,1,1,0,0.00012696505,6,OOD_Class_5
Find me An Echo in the Darkness,5,5,1,0.0008850482,6,OOD_Class_5
Where can I find a photograph of The Lieutenant of Inishmore ?,5,5,1,0.0005689141,6,OOD_Class_5
"Is it going to be foggy in Box Elder , Rhode Island",2,2,0,0.000108317916,6,OOD_Class_5
book a brasserie with internet fascility for 5 in a year in Oklahoma,1,1,0,9.343309e-05,6,OOD_Class_5
Play eighties music on Groove Shark .,3,3,0,0.00011513842,6,OOD_Class_5
find Cut the Rope,5,5,1,0.0004395301,6,OOD_Class_5
I want to read Mad Money,5,5,1,0.0005138907,6,OOD_Class_5
Find the trailer for Seven Year Itch .,5,5,1,0.000116983145,6,OOD_Class_5
Is it warm in Albania at noon,2,2,0,0.00010948572,6,OOD_Class_5
book me a restaurant at Sint Maarten on sun .,1,1,0,0.0001604228,6,OOD_Class_5
add abrar ul haq to Confidence Boost,0,0,0,0.00017408798,6,OOD_Class_5
give the current book zero of 6,4,4,0,9.767494e-05,6,OOD_Class_5
Book a table for two at a restaurant faraway from office in California .,1,1,0,0.000107011954,6,OOD_Class_5
play some rap on Pandora,3,3,0,0.00011775275,6,OOD_Class_5
Show The Singles Collection Volume 4,5,5,1,0.00071827346,6,OOD_Class_5
Can I see the movie times for the Great Escape Theatres,6,5,0,8.273468e-05,6,OOD_Class_5
Can you get me the Maldeamores saga ?,5,5,1,0.0003025824,6,OOD_Class_5
Give me the movie schedule for Cineplex Odeon Corporation,6,5,0,8.411925e-05,6,OOD_Class_5
rate The Key Word and Other Mysteries 4 of 6,4,4,0,9.9019846e-05,6,OOD_Class_5
Show me the picture The afternoon,5,5,1,0.0023791469,6,OOD_Class_5
Find a show called Chompa Toung .,5,5,1,0.00046370397,6,OOD_Class_5
Can you tell me the weather forecast for Samoa,2,2,0,0.000121487814,6,OOD_Class_5
find the book Time and Again,5,5,1,9.2280636e-05,6,OOD_Class_5
Where can I purchase the saga The Second Life of Samuel Tyne,5,5,1,0.00023678927,6,OOD_Class_5
I need a table somewhere in Culver City WA,1,1,0,0.00012003267,6,OOD_Class_5
add this artist to my the road to punk rock playlist,0,0,0,0.00016038197,6,OOD_Class_5
I need a reservation for The French Laundry in OH for six,1,1,0,0.00010566583,6,OOD_Class_5
Add the artist tony thompson to my canta en la ducha playlist,0,0,0,0.00015643764,6,OOD_Class_5
Please help me find the Bloom Remix Album song .,5,3,1,0.00051742274,6,OOD_Class_5
I want to watch the movie Godslayer,5,5,1,0.000112725626,6,OOD_Class_5
Show me The Heart Specialist,5,5,1,0.029051883,6,OOD_Class_5
Can you pull up Channel M News,5,5,1,0.0002715006,6,OOD_Class_5
Can you find a picture of The Rambler,5,5,1,0.0023839693,6,OOD_Class_5
find The Loving Spirit,5,5,1,0.00017907545,6,OOD_Class_5
Look up the show Cissy Houston,5,5,1,0.00012245362,6,OOD_Class_5
please add this Rex Griffin tune to the Steampunk playlist,0,0,0,0.00015567594,6,OOD_Class_5
"I need a table for ten on april the eighteenth, 2030",1,1,0,9.703772e-05,6,OOD_Class_5
I would rate The Door to December 3 points and a best rating of 6,4,4,0,9.8825585e-05,6,OOD_Class_5
Find The Earth Is a Sinful Song,5,3,1,0.00082981336,6,OOD_Class_5
Where can I purchase the book Scales of Justice,5,5,1,0.0002697784,6,OOD_Class_5
Book a highly rated restaurant for one person in Rainbow Lakes .,1,1,0,0.00010274812,6,OOD_Class_5
Book the City Tavern in Holiday KS .,1,1,0,8.980504e-05,6,OOD_Class_5
phyllis ward and veronica need a table at a restaurant in 152 days,1,1,0,0.00011259223,6,OOD_Class_5
put Edwyn Collins onto my Trabajo Relax playlist,0,0,0,0.00016832245,6,OOD_Class_5
Add a billy strayhorn song to my the selektor playlist,0,0,0,0.00015221788,6,OOD_Class_5
I'm looking for the show Pulse 2 Afterlife,5,5,1,0.00012527664,6,OOD_Class_5
"book for jessie, dale wright and lupe at a bistro on feb. 20, 2040",1,1,0,0.00011570826,6,OOD_Class_5
"I need a reservation for a restaurant in Bangladesh on feb. the 11th, 2032",1,1,0,0.00012491472,6,OOD_Class_5
what is the nearby forecast for here at 152611,2,2,0,0.00010810743,6,OOD_Class_5
Listen to Power Gaming playlist,3,3,0,0.0001265516,6,OOD_Class_5
"book a spot for 8 at a tavern on Jun. the 11th, 2034",1,1,0,9.02929e-05,6,OOD_Class_5
Add the current artist to my sxsw latin,0,0,0,0.00016709488,6,OOD_Class_5
What animated movies are showing in the neighborhood,6,5,0,9.587985e-05,6,OOD_Class_5
Please help me search the TV series A Mouse Divided .,5,5,1,0.00025127584,6,OOD_Class_5
Book a restaurant for 7 people.,1,1,0,9.9457444e-05,6,OOD_Class_5
I'm looking for the painting God Must Have Spent a Little More Time on You,5,5,1,0.00016821454,6,OOD_Class_5
Find me a table for me and my grandkid in Union Square Cafe,1,1,0,0.00011869012,6,OOD_Class_5
What are the movies scheduled to play at General Cinema Corporation,6,5,0,8.0032805e-05,6,OOD_Class_5
When is His English Wife showing at the Neighborhood Cinema Group ?,6,5,0,8.444597e-05,6,OOD_Class_5
Play The Galway Races on Netflix .,3,3,0,0.00011717461,6,OOD_Class_5
Add this marilyn manson tune to Latin Party Anthems,0,0,0,0.0001698105,6,OOD_Class_5
Play the song Drifting On A Reed by Bobby G,3,3,0,0.000101557715,6,OOD_Class_5
"Search for the TV show , A Lawless Street .",5,5,1,0.000121895544,6,OOD_Class_5
What films are playing at the nearest movie theatre,6,5,0,7.848499e-05,6,OOD_Class_5
Look for the trailer of Guitar Heaven Santana Performs the Greatest Guitar Classics of All Time,5,5,1,0.00018462595,6,OOD_Class_5
Show movie times of movies in the neighbourhood,6,5,0,8.876038e-05,6,OOD_Class_5
Play best fourties from david izquierdo on album,3,3,0,0.00011269024,6,OOD_Class_5
Book a table for 8 people at Robinson House .,1,1,0,0.00012234222,6,OOD_Class_5
Please search the Irv Gotti Presents The Murderers picture .,5,5,1,0.00017656984,6,OOD_Class_5
play the movie White Christmas,5,3,1,0.00011312267,6,OOD_Class_5
show me the picture Unfinished Monkey Business,5,5,1,0.0048358366,6,OOD_Class_5
Please shoe me the movie schedule for today.,6,5,0,9.0511065e-05,6,OOD_Class_5
"Make me a reservation at Illinois Central Railroad Freight Depot in Singapore with vickie rodriguez, lila reyes and ruby",1,1,0,0.00011751943,6,OOD_Class_5
Look for Conducting from the Grave,5,5,1,0.00019477868,6,OOD_Class_5
Find a TV series called Manufacturing Consent .,5,5,1,0.00022206112,6,OOD_Class_5
Wish to fins a television show called Whole Again,5,5,1,0.00025150733,6,OOD_Class_5
Buy novel Brokeback Mountain,5,3,1,0.00023005427,6,OOD_Class_5
Show me the photograph of King Charles,5,5,1,0.17298792,6,OOD_Class_5
Show me The Tivington Nott,5,5,1,0.00046211857,6,OOD_Class_5
What is the forecast at four AM in Zambia,2,2,0,0.00010570673,6,OOD_Class_5
Find a television show called The High Chaparral .,5,5,1,0.00011250423,6,OOD_Class_5
Where can I watch The Sword of Ali Baba at two p.m. ?,6,5,0,9.6630545e-05,6,OOD_Class_5
What films are showing at the closest movie theatre ?,6,5,0,7.940974e-05,6,OOD_Class_5
Find the show titled The Most Charming and Attractive,5,4,1,0.0012736368,6,OOD_Class_5
Book the Light Horse Tavern for 4 people.,1,1,0,0.00010681112,6,OOD_Class_5
I'm looking to book a reservation in Aruba at a place nearby .,1,1,0,0.00015970723,6,OOD_Class_5
Is it chillier in Hong Kong than it is here,2,2,0,0.00011473733,6,OOD_Class_5
find the photograph JBoss Enterprise SOA Platform,5,5,1,0.00050943636,6,OOD_Class_5
I want to hear a Gucci Mane song from Last Fm from 2002,3,3,0,0.00012424847,6,OOD_Class_5
Book a churrascaria restaurant for 2 which serves mezes,1,1,0,0.0001031255,6,OOD_Class_5
I'm looking for the CineExport painting .,5,5,1,0.00061384926,6,OOD_Class_5
find a photograph called Dragon Ball Z The Best Selections,5,5,1,0.00025096507,6,OOD_Class_5
rate my current novel four out of 6 stars,4,4,0,9.375011e-05,6,OOD_Class_5
Book a restaurant in San Juan Capistrano for 6 people at ten am,1,1,0,9.3694995e-05,6,OOD_Class_5
"Please look up the TV show , Vanity .",5,5,1,0.00011096529,6,OOD_Class_5
What time is The Sea Chase playing,6,5,0,9.662901e-05,6,OOD_Class_5
Find the show We Chase the Waves,5,5,1,0.00010810243,6,OOD_Class_5
Find The Dressmaker .,5,5,1,0.00014740486,6,OOD_Class_5
What is the painting Forever Malcolm Young ?,5,5,1,0.00032775788,6,OOD_Class_5
Book a highly rated coffeehouse for four people.,1,1,0,0.00010112889,6,OOD_Class_5
play a ballad by Chick Corea,3,3,0,0.00013232473,6,OOD_Class_5
play Off the Ground,5,3,1,8.950422e-05,6,OOD_Class_5
Book reservation in Gasconade at the best restaurant in DC,1,1,0,9.732117e-05,6,OOD_Class_5
Show me the picture Nothin,5,5,1,0.0016849173,6,OOD_Class_5
Tell me the weather forecast for Mokena,2,2,0,0.00011643601,6,OOD_Class_5
I give the Ways of Escape chronicle zero out of 6,4,4,0,9.5505486e-05,6,OOD_Class_5
"I want to book a restaurant in Wallsburg , Missouri for michele, diann and pam",1,1,0,9.660528e-05,6,OOD_Class_5
Play the playlist spring,3,3,0,8.7199165e-05,6,OOD_Class_5
Search for Police Women of Cincinnati,5,5,1,0.00017067803,6,OOD_Class_5
How temperate will it be here this week ?,2,2,0,0.000103459024,6,OOD_Class_5
Add artist to laundry,0,0,0,0.00017571128,6,OOD_Class_5
Find the Stone Free game,5,5,1,0.00014627884,6,OOD_Class_5
Where can I see the show Kind of Glue ?,5,5,1,0.00012316479,6,OOD_Class_5
Looking for a novel called Death March,5,5,1,0.022204274,6,OOD_Class_5
"Please search for the work, All the Wrong Reasons .",5,5,1,0.00022850958,6,OOD_Class_5
What does For All the Wrong Reasons look like,5,5,1,0.0007134497,6,OOD_Class_5
Look for a photograph of Tailwind,5,6,1,0.7849547,6,OOD_Class_5
Will it be foggy at sunset in Red Devil,2,2,0,0.00010305307,6,OOD_Class_5
Find Live at Bearsville Theater,5,3,1,0.00043723668,6,OOD_Class_5
I would give zero stars to A Concise Treatise on the Art of Angling out of 6 .,4,4,0,0.00011363674,6,OOD_Class_5
I'd like to see the movie Edinburgh Evening News,5,5,1,9.13049e-05,6,OOD_Class_5
Fine movie times for animated movies in the neighborhood .,6,5,0,0.000111220055,6,OOD_Class_5
I need to know the weather for Jan. the 3rd in Mexico when I go to Port Vue,2,2,0,9.738088e-05,6,OOD_Class_5
add The Rough Guide to the Music of Eastern Europe to my This Is Philip Glass playlist,0,0,0,0.00016701192,6,OOD_Class_5
I want to listen to some Aaliyah,3,3,0,0.00013982924,6,OOD_Class_5
Show me the photograph A Woman from the Street,5,5,1,0.003193378,6,OOD_Class_5
Rate The Agent of Death with five stars out of 6,4,4,0,9.5133175e-05,6,OOD_Class_5
What is the movie schedule of animated movies nearby,6,5,0,8.4366286e-05,6,OOD_Class_5
Where can I purchase Paradise Tonight online?,5,1,1,0.00036750434,6,OOD_Class_5
Find The Photographic Journal .,5,5,1,0.00019724306,6,OOD_Class_5
add time flies 1994-2009 to the Jazzy Romance playlist,0,0,0,0.000163942,6,OOD_Class_5
Search for Big Ideas painting,5,5,1,0.00046834484,6,OOD_Class_5
I would like a table at a taverna with croquembouche for 1 minute from now,1,1,0,0.00010083352,6,OOD_Class_5
Find the work I Looked Up,5,5,1,0.000104561426,6,OOD_Class_5
find the trailer for The Spooky Sisters,5,5,1,9.401422e-05,6,OOD_Class_5
play the album The Outpost,5,3,1,9.852985e-05,6,OOD_Class_5
Find a picture called Ready .,5,5,1,0.0007296286,6,OOD_Class_5
Will it be chillier at 060548 in Wagener Réunion,2,2,0,0.00010315518,6,OOD_Class_5
show painting of Waiting for Snow in Havana,5,5,1,0.018741945,6,OOD_Class_5
I'd like to hear Cry Baby Cry by Ally Kerr .,3,3,0,0.0001235199,6,OOD_Class_5
Play me the trailer for Star Control .,5,3,1,0.00014360843,6,OOD_Class_5
Go to the movie Welcome to Tokyo,5,5,1,0.0001083953,6,OOD_Class_5
Find the TV show titled Timerider The Adventure of Lyle Swann,5,5,1,0.0001633827,6,OOD_Class_5
Rate the text book New Finnish Grammar a four out of 6,4,4,0,9.4577714e-05,6,OOD_Class_5
Find The Best Man Holiday saga,5,5,1,0.00015065061,6,OOD_Class_5
forecast for Addo-Elefanten-Nationalpark,2,2,0,0.00013135157,6,OOD_Class_5
Is the film Goodrich Quality Theaters playing at 1226 AM ?,6,5,0,8.153041e-05,6,OOD_Class_5
I want to add Black Ribbons to the i love my neo soul playlist,0,0,0,0.00016595826,6,OOD_Class_5
Find a TV show called Ace of Spades .,5,5,1,0.00015493242,6,OOD_Class_5
What's the weather in Koontz Lake,2,2,0,0.00011067126,6,OOD_Class_5
Find a photograph called Call on Me .,5,5,1,0.0004318916,6,OOD_Class_5
"Please search for the work, Wholehearted .",5,5,1,0.00013307319,6,OOD_Class_5
"Please find me the work, Instrumental Directions .",5,5,1,0.0005922498,6,OOD_Class_5
find a TV show called Shake Hands with Beef,5,5,1,0.00016498144,6,OOD_Class_5
Will it be warmer in AMnicon Falls State Park ?,2,2,0,0.00010017406,6,OOD_Class_5
find a photograph called The Lighthouse by the Sea,5,5,1,0.00089974754,6,OOD_Class_5
Play any album from the twenties,3,3,0,0.00012196545,6,OOD_Class_5
"Onto jerry's Classical Moments in Movies , please add the album .",0,0,0,0.00018208666,6,OOD_Class_5
add picasso baby to Digster Reggae playlist,0,0,0,0.00019203899,6,OOD_Class_5
play a top twenty symphony of 2010,3,3,0,0.00010700595,6,OOD_Class_5
I'd like to watch movies at the nearest movie house,6,5,0,8.502821e-05,6,OOD_Class_5
find a picture called Cahoots,5,5,1,0.00038388613,6,OOD_Class_5
Can you find me the Spectres television show ?,5,5,1,0.00011165412,6,OOD_Class_5
add this tune to my Dance playlist,0,0,0,0.00016100873,6,OOD_Class_5
Show me movie schedules,6,5,0,7.794919e-05,6,OOD_Class_5
"Please search the work, The Mercenary .",5,5,1,0.000100248435,6,OOD_Class_5
Find Landing on Water .,5,5,1,0.00082596496,6,OOD_Class_5
Tell me the movie schedule for Warren Theatres,6,5,0,7.917736e-05,6,OOD_Class_5
I need a pub with a smoking room in Ucolo reserved.,1,1,0,0.00011786871,6,OOD_Class_5
I'd like to see the trailer Tony Parker,5,5,1,0.00010346167,6,OOD_Class_5
Book a table for 6 in Verona .,1,1,0,0.00010988027,6,OOD_Class_5
find the photograph Move Any Mountain,5,5,1,0.00021734145,6,OOD_Class_5
Find a TV show called The SoulTaker .,5,5,1,0.00013849212,6,OOD_Class_5
Find me the Show Girl soundtrack,5,3,1,0.0004698514,6,OOD_Class_5
show That Little Band of Gold,5,5,1,0.0003556328,6,OOD_Class_5
Add Pimp C to my workout remix .,0,0,0,0.00017996774,6,OOD_Class_5
Find a show called American Journal of Play .,5,5,1,0.0002762268,6,OOD_Class_5
Please look up Amrithavaahini,5,5,1,0.0008681817,6,OOD_Class_5
Find Z Cars .,5,5,1,0.00085865404,6,OOD_Class_5
Add ana carolina to chill,0,0,0,0.0001619501,6,OOD_Class_5
play the song S.F. sound furniture,5,3,1,9.3103554e-05,6,OOD_Class_5
Play music off the track Child Maurice,3,3,0,0.000112250505,6,OOD_Class_5
Rate the current album a 2,4,4,0,9.606652e-05,6,OOD_Class_5
Find the work Compiled fragments 1997-2003,5,5,1,0.002947872,6,OOD_Class_5
"Please search the work, Eve-Olution .",5,5,1,0.00013686332,6,OOD_Class_5
need a table for nine in East Prairie LA,1,1,0,9.955994e-05,6,OOD_Class_5
Show A Family Torn Apart TV show,5,5,1,0.00023982796,6,OOD_Class_5
find movie schedules for AMC Theaters,6,5,0,7.917761e-05,6,OOD_Class_5
Put gregory douglass in Halloween Teens please,0,0,0,0.00016108107,6,OOD_Class_5
Add the big mama thornton song to cassie's Punk Rock Workout playlist,0,0,0,0.0001737523,6,OOD_Class_5
Where can I get the video game Faith in Chaos ?,5,5,1,0.0006648785,6,OOD_Class_5
Show me the TV show Limit of Love Umizaru,5,5,1,0.00020055744,6,OOD_Class_5
Find the novel Peace Arch News,5,5,1,0.000230426,6,OOD_Class_5
Find me the TV show Ask a Woman Who Knows,5,5,1,0.00011175585,6,OOD_Class_5
I'd like to know what films are scheduled at Alamo Drafthouse Cinema .,6,5,0,0.000104379964,6,OOD_Class_5
rate Mandela The Authorised Biography a one,4,4,0,9.374788e-05,6,OOD_Class_5
I want to listen to a popular melody by David Bazan,3,3,0,0.0001390816,6,OOD_Class_5
this track should go into my playlist called This Is Beethoven,0,0,0,0.00014926151,6,OOD_Class_5
For the Star Theatres is The Belles of St. Clements playing in 8 minutes,6,5,0,8.452627e-05,6,OOD_Class_5
show me the Everybody Wants You picture,5,5,1,0.00022310212,6,OOD_Class_5
find Hear Me Good,6,5,0,0.00086871,6,OOD_Class_5
Search for Chasing Fortune a TV series .,5,5,1,0.00021790733,6,OOD_Class_5
give two star to current textbook,4,4,0,0.000108433625,6,OOD_Class_5
"What's the forecast for Francisco , Netherlands Antilles around eleven pm ?",2,2,0,0.000103358885,6,OOD_Class_5
add this Roy Orbison song onto Women of Comedy,0,0,0,0.0001509584,6,OOD_Class_5
give one out of 6 points to this album,4,4,0,9.3932846e-05,6,OOD_Class_5
I need a reservation for ten at a tavern in West Virginia,1,1,0,0.00010443814,6,OOD_Class_5
What are the movie schedules for animated movies close by,6,5,0,8.9195186e-05,6,OOD_Class_5
I'm looking for the movie White Unicorn,5,5,1,9.681494e-05,6,OOD_Class_5
Play me the soundtrack for Nothing Personal .,5,3,1,0.00010879779,6,OOD_Class_5
rate this novel two out of 6,4,4,0,9.329356e-05,6,OOD_Class_5
Add the current tune to my Evening Groove list,0,0,0,0.0001488361,6,OOD_Class_5
Play new Ian Mclagan,3,3,0,9.969148e-05,6,OOD_Class_5
"Please search for the television show , Episodi di The Blacklist .",5,5,1,0.00016872188,6,OOD_Class_5
play No More Sorrow,3,3,0,8.935707e-05,6,OOD_Class_5
play 1970 trunes,3,3,0,9.6716714e-05,6,OOD_Class_5
What movie theatre playing animated movies is the closest,6,5,0,9.2026145e-05,6,OOD_Class_5
Can you please find me D.R.E.A.M. ?,5,5,1,0.0003807768,6,OOD_Class_5
I want to eat by five pm in NE for a six people,1,1,0,0.00010976844,6,OOD_Class_5
Is it warm in Sierra Blanca now,2,2,0,0.000105806896,6,OOD_Class_5
Is there a storm now in NC ?,2,2,0,0.00010970135,6,OOD_Class_5
rate this textbook four stars,4,4,0,9.0688016e-05,6,OOD_Class_5
Can you play a sound track from 1963 ?,3,3,0,0.000121195546,6,OOD_Class_5
Find In the Line of Duty Street War .,5,5,1,0.0001822462,6,OOD_Class_5
Play 2012 symphony music by Nardwuar The Human Serviette on Netflix .,3,3,0,0.00010545007,6,OOD_Class_5
"Pull up the TV show , 40 Seasons The Best of Skid Row",5,5,1,0.00015419644,6,OOD_Class_5
show movie The Skeptic – Das teuflische Haus,5,5,1,0.00012674152,6,OOD_Class_5
Show me the picture Batman The Long Halloween,5,5,1,0.00084007584,6,OOD_Class_5
Find an album called The Aboriginal Port Folio .,5,3,1,0.00020351727,6,OOD_Class_5
rate the last series one of 6 stars,4,4,0,9.229687e-05,6,OOD_Class_5
I would give The Northern Reaches a rating of one,4,4,0,9.644164e-05,6,OOD_Class_5
Wish to read the novel called The Wizard of Stone Mountain,5,5,1,0.0020672546,6,OOD_Class_5
I want the movie Perseo Miranda and his Theatre,5,5,1,8.997655e-05,6,OOD_Class_5
"What is the weather for Cormorant , ME",2,2,0,9.475326e-05,6,OOD_Class_5
I'm looking for the television show The Flame,5,5,1,0.00011197613,6,OOD_Class_5
Let me hear Chris Knight music,3,3,0,0.00010478321,6,OOD_Class_5
What is the weather forecast for Siler City Russia,2,2,0,0.00011712041,6,OOD_Class_5
What are the movie schedules for Speakeasy Theaters,6,5,0,8.209066e-05,6,OOD_Class_5
add back on the dancefloor to my bajo las estrellas playlist,0,0,0,0.0001765745,6,OOD_Class_5
add The Darkest Red to this is jennifer lopez,0,0,0,0.0001582007,6,OOD_Class_5
Find me the TV show The First Bite .,5,5,1,0.00011055985,6,OOD_Class_5
Please search for the Two Faces of My Girlfriend saga .,5,5,1,0.028276298,6,OOD_Class_5
Make me a reservation in Crugers at Marlton Circle for a party of eight,1,1,0,0.00011381043,6,OOD_Class_5
play the game Piety Street,5,3,1,0.00012246105,6,OOD_Class_5
find Loved Ones for me,5,5,1,0.00015693113,6,OOD_Class_5
When was the album Start a Fire released?,5,5,1,0.00026505414,6,OOD_Class_5
Book a reservation at a restaurant nearby their airbnb,1,1,0,9.819098e-05,6,OOD_Class_5
Will it be chilly at Boggs Mountain Demonstration State Forest,2,2,0,0.00010457335,6,OOD_Class_5
what is the forecast for Costa Rica,2,2,0,0.000111213325,6,OOD_Class_5
Play something off my New Boots playlist,3,3,0,0.00010249644,6,OOD_Class_5
Find a trailer called Peggy Sue .,5,5,1,0.0015258959,6,OOD_Class_5
I would rate Tree of Smoke a value of two or a best rating of 6,4,4,0,0.00010286295,6,OOD_Class_5
What is the nearest movie theatre playing Kate y Leopold ?,6,5,0,7.948697e-05,6,OOD_Class_5
Want to eat at The Meatball Shop that's within walking distance of erica's campus,1,1,0,0.00014092702,6,OOD_Class_5
"Can you find me the work, Frisbee The Life and Death of a Hippie Preacher ?",5,5,1,0.00020320584,6,OOD_Class_5
What will the weather be in the Flight Park State Recreation Area ?,2,2,0,0.00011474231,6,OOD_Class_5
"What will the weather be like in the Falkland Islands starting may 25, 2022",2,2,0,0.00011931461,6,OOD_Class_5
Put this artist in Pachangueo Total,0,0,0,0.00015205416,6,OOD_Class_5
Want to find a creative work called The Prayer,5,3,1,0.042194642,6,OOD_Class_5
"How is the weather going to be this week in Roseau , IA .",2,2,0,0.00011429592,6,OOD_Class_5
show me The Best Of Volume 1 TV series,5,5,1,0.00035963146,6,OOD_Class_5
book of Two for the Road,5,1,1,0.00011203869,6,OOD_Class_5
What is the weather iN Gipsy-Gordon Wildland Park,2,2,0,0.000110238645,6,OOD_Class_5
Find the schedule for movies at the nearest cinema .,6,5,0,8.379173e-05,6,OOD_Class_5
Add a tune to the Calm Vibes playlist.,0,0,0,0.00016442567,6,OOD_Class_5
I'd like to see the painting I Looked Up,5,5,1,0.00013812417,6,OOD_Class_5
show the movie Move Any Mountain,5,5,1,0.00015176665,6,OOD_Class_5
find Thyme Travel,5,5,1,0.00013013656,6,OOD_Class_5
I'd like to watch Monk Comes Down the Mountain,6,5,0,0.0001190816,6,OOD_Class_5
Is it going to be nicer next week in Hamel Belize,2,2,0,9.365012e-05,6,OOD_Class_5
I'm looking for The Music of Nashville Season 3 saga,5,3,1,0.00012796192,6,OOD_Class_5
Find a movie called Greatest Time of Year .,5,5,1,0.000108841334,6,OOD_Class_5
find the novel A Civil War Army vs. Navy,5,4,1,0.002971413,6,OOD_Class_5
what is the weather forecast for Kinbrae,2,2,0,0.000113628426,6,OOD_Class_5
I am giving the book titled The Masters of Solitude a rating of two out of 6,4,4,0,9.57859e-05,6,OOD_Class_5
add paulinho da viola to my Radio Rock song list,0,0,0,0.0001532617,6,OOD_Class_5
find Reproductions Songs of The Human League,5,3,1,0.0010696808,6,OOD_Class_5
Show me the A-Myin-thit TV series,5,5,1,0.00023017019,6,OOD_Class_5
Can you play Deezer from 2007 ?,3,3,0,0.00011424357,6,OOD_Class_5
play a seventies ballad by Annunzio Paolo Mantovani on Groove Shark,3,3,0,0.000121371006,6,OOD_Class_5
show creativity of song A Discord Electric,5,3,1,0.008573354,6,OOD_Class_5
Play White Noise .,3,3,0,0.00011440865,6,OOD_Class_5
"find Trauma Center New Blood , an album",5,3,1,0.0025800264,6,OOD_Class_5
find PoliticsNation with Al Sharpton,5,5,1,0.00027375628,6,OOD_Class_5
Where can I locate Leo the Lion for purchase,5,5,1,0.0005451548,6,OOD_Class_5
Find The Black Girl in Search of God trailer,5,5,1,0.00011574073,6,OOD_Class_5
Play Pacific Ocean Blues by John Doe on Lastfm,3,3,0,0.000119024044,6,OOD_Class_5
Find a soundtrack called Tied to a Star .,5,3,1,0.00012933377,6,OOD_Class_5
show Get It Together on TV show,5,5,1,0.0002972779,6,OOD_Class_5
Can you play Halloween by Ajinoam Nini,3,3,0,0.00011258053,6,OOD_Class_5
Use Itunes to play music,3,3,0,0.00011363004,6,OOD_Class_5
show movie CrossGenesis,5,5,1,0.00014674956,6,OOD_Class_5
Book me a reservation for Ad Hoc in Brazil for a party of 7,1,1,0,0.00011370165,6,OOD_Class_5
play Live at Leeds,5,3,1,8.668704e-05,6,OOD_Class_5
"book a restaurant for me, angela and mercedes in Cimarron City , Colorado",1,1,0,0.0001047588,6,OOD_Class_5
Where to buy Unarchigal,5,1,1,0.0006987611,6,OOD_Class_5
I need movie times at Fox Theatres around zero PM,6,5,0,8.217053e-05,6,OOD_Class_5
Can you find me the My Father My King game ?,5,5,1,0.00019236316,6,OOD_Class_5
Please look up the Around the World in Eighty Days movie .,5,5,1,0.00015965848,6,OOD_Class_5
Play Robin Hood Rescuing Three Squires by Bhupinder Singh,3,3,0,0.00011002394,6,OOD_Class_5
"I need Top Gear 2 , please search it for me.",5,5,1,0.00025227512,6,OOD_Class_5
show Texas Review of Entertainment & Sports Law creative song,5,5,1,0.00031358926,6,OOD_Class_5
Show The Invisible Hook trailer,5,5,1,0.00018368277,6,OOD_Class_5
Please look up for Disney Universe .,5,5,1,0.0002054366,6,OOD_Class_5
Rate this textbook five points,4,4,0,8.738417e-05,6,OOD_Class_5
"I'd like a reservation at a place in Iran for neva, alice and maggie parker .",1,1,0,0.00012546728,6,OOD_Class_5
Look for the High Noon TV show,5,5,1,8.963061e-05,6,OOD_Class_5
Play Larry Graham sound track,3,3,0,0.00010488653,6,OOD_Class_5
Nightwork soundtrack download,5,3,1,0.000118631004,6,OOD_Class_5
find If These Walls Could Talk,5,5,1,0.01791948,6,OOD_Class_5
play Closer to the Sun album,5,3,1,0.00010072853,6,OOD_Class_5
Where can I view the photograph of Johnny Cool,5,5,1,0.00020662791,6,OOD_Class_5
Put the frl menke song in my comedy top tracks,0,0,0,0.00014745918,6,OOD_Class_5
I want to see the trailer for The Entity,5,5,1,0.00010018094,6,OOD_Class_5
Where can I buy a used copy of the game called I Lie Around ?,5,5,1,0.00056133245,6,OOD_Class_5
"I'd like a table for ten in 2 minutes at French Horn, Sonning Eye",1,1,0,0.00011051991,6,OOD_Class_5
I would give The Call of the Toad a value of zero and a best rating of 6,4,4,0,0.00010748327,6,OOD_Class_5
Is Salò the TV show available to watch anywhere?,5,5,1,9.5691146e-05,6,OOD_Class_5
Will it get windy in Ocean Breeze Park ?,2,2,0,0.000118963035,6,OOD_Class_5
Give two points to One Virgin Too Many,4,4,0,9.940452e-05,6,OOD_Class_5
Play a trailer for Sencha Touch,5,3,1,0.00010135655,6,OOD_Class_5
I need to see Cristo in India,5,5,1,0.0001170055,6,OOD_Class_5
Play an ep from Mike Harding .,3,3,0,0.00013059494,6,OOD_Class_5
book indian food at a highly rated pub for 1 for 0222 pm,1,1,0,9.118054e-05,6,OOD_Class_5
what are the movie times for United Paramount Theatres,6,5,0,8.403624e-05,6,OOD_Class_5
Find the Rewind the Film TV show,5,5,1,9.949347e-05,6,OOD_Class_5
Play the top track by Claudja Barry on Last Fm,3,3,0,0.00010810962,6,OOD_Class_5
Please search for Mary .,5,5,1,0.00045688733,6,OOD_Class_5
show book of Pokémon The Mastermind of Mirage Pokémon,5,5,1,0.080513924,6,OOD_Class_5
Find a photograph called Midnight Mystery .,5,5,1,0.0030992066,6,OOD_Class_5
whats the movie schedules for animated movies close by,6,5,0,8.824228e-05,6,OOD_Class_5
what movie is playing at Showcase Cinemas,6,5,0,7.979905e-05,6,OOD_Class_5
search for the show Champagne Showers,5,5,1,0.0001099127,6,OOD_Class_5
What is the Read All About It picture ?,5,5,1,0.00054848776,6,OOD_Class_5
Find Journeyman .,5,5,1,0.00025341153,6,OOD_Class_5
find the Putrid Death Sorcery soundtrack,5,3,1,0.0002277388,6,OOD_Class_5
Rate the current book a zero of 6,4,4,0,9.384156e-05,6,OOD_Class_5
rate The Crossing 3 of 6,4,4,0,9.559885e-05,6,OOD_Class_5
find Becoming Royston,5,5,1,0.00014457996,6,OOD_Class_5
Look up The Making of Milwaukee,5,5,1,0.00097502756,6,OOD_Class_5
I want to watch Strange Brother,5,5,1,0.00012913081,6,OOD_Class_5
Play me East Side Story,5,3,1,8.485057e-05,6,OOD_Class_5
Book a reservation for nine at an outdoor restaurant,1,1,0,0.00011493006,6,OOD_Class_5
I want to hear a top five ballad from 2002,3,3,0,0.00013368565,6,OOD_Class_5
Find the Labyrinthe game,5,5,1,0.0002562325,6,OOD_Class_5
show creativity of Construction Project Information Committee,5,5,1,0.08619189,6,OOD_Class_5
Play While We Were Waiting by Sippie Wallace on Vimeo,3,3,0,0.00010868703,6,OOD_Class_5
"Will there be a blizzard here on dec. 26, 2027 ?",2,2,0,0.00010086476,6,OOD_Class_5
I'd like to see The New Jackals,5,5,1,0.000105709456,6,OOD_Class_5
What time is The Message playing at Loews Cineplex ?,6,5,0,8.305833e-05,6,OOD_Class_5
Play the playlist funtime activity,3,3,0,9.548709e-05,6,OOD_Class_5
Can you pull up the television show called Electric Boogaloo,5,5,1,0.00020706613,6,OOD_Class_5
find a game called The Oh in Ohio,5,5,1,0.00022903031,6,OOD_Class_5
rate this current saga 3 out of 6 points,4,4,0,8.876106e-05,6,OOD_Class_5
book a diner for 1 in Green Isle,1,1,0,8.615082e-05,6,OOD_Class_5
play TV show Way of the Samurai 2,5,3,1,0.00012758015,6,OOD_Class_5
Add J J Cale to my heavy gamer playlist.,0,0,0,0.00017375156,6,OOD_Class_5
Find the trailer for Bill Cosby Presents the Cosnarati State of Emergency,5,5,1,9.5310956e-05,6,OOD_Class_5
Find the television show titled Spatial Query Server,5,5,1,0.00022580732,6,OOD_Class_5
Where can I see the movie Across the Line The Exodus of Charlie Wright ?,5,5,1,9.653089e-05,6,OOD_Class_5
Find a television show called Basement Screams .,5,5,1,0.00013281875,6,OOD_Class_5
add how to my week end playlist,0,0,0,0.00018111183,6,OOD_Class_5
Can you search the picture titled The Accounting ?,5,5,1,0.0006213937,6,OOD_Class_5
put Anna Grigorjewna Semenowitsch in all out 00s list,0,0,0,0.00017082469,6,OOD_Class_5
Play something from 2004 by Imogen Heap on spotify,3,3,0,0.00012274184,6,OOD_Class_5
Give me some movie schedules .,6,5,0,8.46964e-05,6,OOD_Class_5
Need find the book called Hollywood Connection,5,5,1,0.00018596415,6,OOD_Class_5
Find me the Spartan Total Warrior painting,5,5,1,0.00037378632,6,OOD_Class_5
Ethiopia Ellenton has snow weather at eight PM,2,2,0,0.000100371115,6,OOD_Class_5
find the novel Meg and Seron,5,5,1,0.00015217862,6,OOD_Class_5
Find a book called The Magic Christmas Tree .,5,5,1,0.002021112,6,OOD_Class_5
Help me search UFC on Fox show .,5,5,1,0.00030738823,6,OOD_Class_5
I'm looking for the television show titled Justice League,5,5,1,0.0001930775,6,OOD_Class_5
Show me The Lord of the Isles,5,5,1,0.0012281142,6,OOD_Class_5
show creative video game In My Own Backyard,5,5,1,0.0021367485,6,OOD_Class_5
PLpay the top ten track from Asia Nitollano on spotify .,3,3,0,0.000111810245,6,OOD_Class_5
TV series for The Thirty Nine Steps ?,5,5,1,0.00012225242,6,OOD_Class_5
what is the freezing forecast for British Virgin Islands,2,2,0,0.00011462996,6,OOD_Class_5
Play some rock music on Youtube,3,3,0,0.00011786803,6,OOD_Class_5
Tell me the weather for Sewickley at twelve am,2,2,0,0.00010895439,6,OOD_Class_5
Find a painting called Voices in My Head .,5,3,1,0.0041253194,6,OOD_Class_5
play the album Journeyman,5,3,1,0.00010215552,6,OOD_Class_5
Please find the movie Dancing Girl,5,5,1,9.0594294e-05,6,OOD_Class_5
Play the heinz strobl ep from 2016 on Groove Shark,3,3,0,0.00011105292,6,OOD_Class_5
find The Gamblers,5,5,1,0.00010937811,6,OOD_Class_5
What time is Mighty Morphin Power Rangers The Movie at Magic Johnson Theatres ?,6,5,0,8.824302e-05,6,OOD_Class_5
book fast food that is highly rated,1,1,0,9.8773315e-05,6,OOD_Class_5
Will it be cloudy in Tatamy ?,2,2,0,0.000106952175,6,OOD_Class_5
Add Roots of the Outsiders to Blues Roots,0,0,0,0.00018049357,6,OOD_Class_5
book me a restaurant,1,1,0,0.00010737541,6,OOD_Class_5
Show the forecast nearby in twenty two minutes in French Polynesia,2,2,0,0.00012650991,6,OOD_Class_5
Where can I find the novel A Woman in the Web,5,5,1,0.00010548005,6,OOD_Class_5
How will the weather be on May 9 in Wyoming ?,2,2,0,0.00011013308,6,OOD_Class_5
I want to book a table at a nearby restaurant in Andorra for me and my kids .,1,1,0,0.00012804692,6,OOD_Class_5
find a movie called October Road,5,5,1,8.05687e-05,6,OOD_Class_5
Show me the trailer for American Education The National Experience .,5,5,1,0.00037769828,6,OOD_Class_5
What movies are starting in 1 second at a theater in the neighborhood ?,6,5,0,7.8484474e-05,6,OOD_Class_5
Give Whispers in the Graveyard a five .,4,4,0,0.00010166353,6,OOD_Class_5
Play the song Aura II The Sacred Rings,5,3,1,8.585035e-05,6,OOD_Class_5
Show me Born in America ?,5,5,1,0.054970793,6,OOD_Class_5
Book a restaurant .,1,1,0,0.00010304003,6,OOD_Class_5
I want to view the picture In Old Monterey .,5,5,1,0.0046124817,6,OOD_Class_5
"Book a table at Central Grocery on Mar. 22nd, 2020",1,1,0,9.4574534e-05,6,OOD_Class_5
Find a reservation at Fish Express,1,1,0,9.582859e-05,6,OOD_Class_5
book a spot for ten at a pub that has umbrian in NV on feb. the fourth,1,1,0,9.2527276e-05,6,OOD_Class_5
I'm looking for the saga Lifelong Ambitions,5,5,1,0.00023111275,6,OOD_Class_5
Search for Informix Wingz,5,5,1,0.0003446745,6,OOD_Class_5
Where can I find the show Game of Death II,5,5,1,0.0001239482,6,OOD_Class_5
Find Return to Krondor .,5,5,1,0.00061727205,6,OOD_Class_5
Show Transformers The Game,5,5,1,0.00064178667,6,OOD_Class_5
Play the album Have Another Ball,3,3,0,9.4381365e-05,6,OOD_Class_5
"Will the weather be temperate on jan. the thirteenth, 2028 at Christmas Island ?",2,2,0,9.959319e-05,6,OOD_Class_5
Look up The Cool Cafe Cool Tape Vol. 1 video game,5,5,1,0.0015024144,6,OOD_Class_5
Is The Ghost playing,6,5,0,9.83416e-05,6,OOD_Class_5
Get me information on The Riverfront Times,5,5,1,0.00014716727,6,OOD_Class_5
Search for The Hills Have Eyes The Beginning TV show,5,5,1,0.00016414918,6,OOD_Class_5
"I want to see the book , The Mailroom Hollywood History from the Bottom Up",5,5,1,0.00012613948,6,OOD_Class_5
book a table around London Borough of Ealing that is highly rated in a gluten free bar,1,1,0,9.21487e-05,6,OOD_Class_5
Rate Gota’s War a one,4,4,0,9.6630094e-05,6,OOD_Class_5
Find a game called The Life and Loves of Tschaikovsky .,5,5,1,0.007812121,6,OOD_Class_5
Make reservations at a restaurant in Adrian that serves cheese steak,1,1,0,0.00010565595,6,OOD_Class_5
What films are showing at National Amusements,6,5,0,8.738504e-05,6,OOD_Class_5
find a photograph called Wild Cats on the Beach,5,5,1,0.0005934601,6,OOD_Class_5
I'm looking for the novel From a Scream to a Whisper,5,5,1,0.0001574656,6,OOD_Class_5
Give The Street five points .,4,4,0,8.8498964e-05,6,OOD_Class_5
Show me the album Til the Morning,5,5,1,0.00018829654,6,OOD_Class_5
Find Beavis and Butt-head,5,5,1,0.00018094161,6,OOD_Class_5
Play song Softly,5,3,1,8.7968845e-05,6,OOD_Class_5
add this tune to my It's a Southern Thing playlist,0,0,0,0.00015774032,6,OOD_Class_5
Rate The Sneetches and Other Stories a three,4,4,0,9.0069574e-05,6,OOD_Class_5
put this track by Tony Bevilacqua into joan's playlist with the title women of folk & americana,0,0,0,0.00015688913,6,OOD_Class_5
find movie times,6,5,0,7.9253965e-05,6,OOD_Class_5
show creativity of soundtrack IHeartRadio Countdown,5,3,1,0.0005559084,6,OOD_Class_5
play Another Time,5,3,1,8.2150844e-05,6,OOD_Class_5
Find time for The Thirty Nine Steps,6,5,0,0.00011440324,6,OOD_Class_5
Find City of Light .,5,5,1,0.0003119284,6,OOD_Class_5
Play the album Qr Iii by bobby bare,3,3,0,0.000117179705,6,OOD_Class_5
find a video game called Victory March,5,3,1,0.007863097,6,OOD_Class_5
"add this album to my playlist named Café, Libros",0,0,0,0.00016148055,6,OOD_Class_5
"Please find the TV show , The Dreamstone",5,5,1,0.00010757635,6,OOD_Class_5
Play me a song from the twenties by Randy Bachman,3,3,0,0.00012226305,6,OOD_Class_5
find a television show called I Got a Bag of My Own,5,5,1,0.00013646572,6,OOD_Class_5
Please look up and find me Monty Python Live at the Hollywood Bowl .,5,5,1,0.00017876428,6,OOD_Class_5
where do I see the trailer for Live Dates,5,5,1,0.000110352084,6,OOD_Class_5
Show me the movie Operetta for the Theatre Organ,5,5,1,0.00010927525,6,OOD_Class_5
find a cinema closest with animated movies,6,5,0,8.867402e-05,6,OOD_Class_5
Play the most popular ep by marcel khalife on Netflix,3,3,0,0.00012101719,6,OOD_Class_5
play a top 50 tune from the twenties by Willi Williams,3,3,0,0.000119430224,6,OOD_Class_5
play the album by Paul Barker playing the greatest from 1978,3,3,0,0.00010200677,6,OOD_Class_5
When is Twentynine Palms playing at Plitt Theatres ?,6,5,0,7.696588e-05,6,OOD_Class_5
play the What I Need to Do soundtrack,5,3,1,0.000113408634,6,OOD_Class_5
Can you help me search the album titled PlayMaker Football ?,5,5,1,0.0033573431,6,OOD_Class_5
"Please look up the work, Prophets .",5,5,1,0.00072083715,6,OOD_Class_5
Please pull up the trailer for Stares and Whispers,5,5,1,0.0011040099,6,OOD_Class_5
play Chance Of A Lifetime on Zvooq,3,3,0,0.00011457631,6,OOD_Class_5
add ojuelegba to trabajo ritmos dance,0,0,0,0.00017366417,6,OOD_Class_5
Rate Phoenix The Fall & Rise of Videogames one points out of 6,4,4,0,0.000101963495,6,OOD_Class_5
Add a track to the emo forever playlist.,0,0,0,0.00017248424,6,OOD_Class_5
add Curse song to my playlist Guest List Engadget,0,0,0,0.00016693349,6,OOD_Class_5
Info on show Natural Language and Linguistic Theory,5,5,1,0.029942177,6,OOD_Class_5
book a restaurant in AL at Oak Ridge,1,1,0,0.00011448332,6,OOD_Class_5
Where is picture Everybody Wants You,5,5,1,0.00016749203,6,OOD_Class_5
Which cinema is currently showing The Youngest Profession ?,6,5,0,8.7983404e-05,6,OOD_Class_5
Find me the painting Fallen Sanctuary,5,5,1,0.0003202408,6,OOD_Class_5
What is the current selling price of the novel The Sims 3 Island Paradise ?,5,5,1,0.0017166703,6,OOD_Class_5
Will it storm in Kinder Russia,2,2,0,0.00010663836,6,OOD_Class_5
Find a trailer called Sheriff of Tombstone .,5,1,1,0.001059667,6,OOD_Class_5
Please look up the Johnny English - La rinascita painting .,5,5,1,0.0006383482,6,OOD_Class_5
what is the forecast for Montana at dinner,2,2,0,0.00010235474,6,OOD_Class_5
Find me a movie with the name Oshin,5,5,1,9.227404e-05,6,OOD_Class_5
Play celtic music,3,3,0,0.0001053466,6,OOD_Class_5
book a spot at an osteria that has goiano in Ward Springs,1,1,0,9.002629e-05,6,OOD_Class_5
"Book The Crown at Whitebrook in the Solomon Islands for Dec. the twenty-third, 2029 .",1,1,0,0.00010334943,6,OOD_Class_5
play the TV show Wicked City,5,3,1,0.00011916965,6,OOD_Class_5
add joshua radin to my playlist called Futuros Hits,0,0,0,0.00016053875,6,OOD_Class_5
Play trailer of Do Whatever Turns You On,5,3,1,0.00010445378,6,OOD_Class_5
Book a restaurant on san jacinto day in Anderson for me and my colleagues .,1,1,0,0.00013814765,6,OOD_Class_5
need a table somewhere in McLaurin Connecticut,1,1,0,0.00012356558,6,OOD_Class_5
What is the book Sell Your Body ?,5,5,1,0.00011927472,6,OOD_Class_5
Add album to my Country Hits,0,0,0,0.00015628227,6,OOD_Class_5
What is the forecast on 12/9/2039 at Florida Caverns State Park,2,2,0,0.00012424568,6,OOD_Class_5
"find Something Crucial , a book",5,5,1,0.00017389005,6,OOD_Class_5
I want to add un jour dans notre vie to my list running to rock 170 to 190 bpm,0,0,0,0.00014049877,6,OOD_Class_5
Give this textbook 0 out of 6 stars,4,4,0,9.578628e-05,6,OOD_Class_5
Find The Cerebellum book,5,5,1,0.00011043406,6,OOD_Class_5
What is the movie schedule at Cineplex Odeon Corporation 12 hours from now,6,5,0,8.089702e-05,6,OOD_Class_5
Show The Critic game,5,5,1,0.00021971387,6,OOD_Class_5
"Please fine me the TV series , Now We Are Married .",5,5,1,0.00012650117,6,OOD_Class_5
Play mere lapsed by Marilyn Moore .,3,3,0,9.882025e-05,6,OOD_Class_5
Play an album from 1987 .,3,3,0,0.00012370602,6,OOD_Class_5
looking for Liberalism and the Limits of Justice,5,6,1,0.88982207,6,OOD_Class_5
Rate my current book 1 out of 6,4,4,0,9.3202565e-05,6,OOD_Class_5
Show films at the nearest cinema,6,5,0,7.704205e-05,6,OOD_Class_5
find a novel called Best Hits Live Save the Children Speed Live 2003,5,3,1,0.017631708,6,OOD_Class_5
Book a reservation at a restaraunt in CT,1,1,0,0.00010150463,6,OOD_Class_5
Show me Rapid City Muscle Car .,5,6,1,0.69883657,6,OOD_Class_5
find me a game called Merle Haggard Presents His 30th Album,5,5,1,0.0012214642,6,OOD_Class_5
find a TV show called Full House,5,5,1,0.00014385508,6,OOD_Class_5
Find a painting called The Book of Folly .,5,5,1,0.0006405099,6,OOD_Class_5
Pull up the movie Toy and Help Yourself,5,5,1,0.0003699161,6,OOD_Class_5
What movies are playing at Dipson Theatres,6,5,0,7.802683e-05,6,OOD_Class_5
"What's the forecast for Emily , Florida for aug. 17th, 2020 ?",2,2,0,0.00010478164,6,OOD_Class_5
Show me work of Truth and Tolerance,5,6,1,0.8332449,6,OOD_Class_5
Where can I see the trailer of Take Me to the King,5,5,1,9.077251e-05,6,OOD_Class_5
What's the weather in Low Moor,2,2,0,0.00010417015,6,OOD_Class_5
show creativity of The Album saga,5,5,1,0.024434669,6,OOD_Class_5
Search for the picture Foghat ?,5,5,1,0.0001828891,6,OOD_Class_5
"I want to book a bar in Bow Mar , New Mexico",1,1,0,0.0001170016,6,OOD_Class_5
add young maylay to Club Hits,0,0,0,0.00015727906,6,OOD_Class_5
I need info on the video game Iron Fist,5,5,1,0.067705445,6,OOD_Class_5
What are the movie times at Caribbean Cinemas,6,5,0,8.9719506e-05,6,OOD_Class_5
Is it possible to find the book Live in Europe online?,5,5,1,0.0002934362,6,OOD_Class_5
give one to this novel,4,4,0,0.00010895961,6,OOD_Class_5
"Tell me the humidity index for Elizabethville , Indiana",2,2,0,0.00021789223,6,OOD_Class_5
Play some Armik from the fourties,3,3,0,0.00012131274,6,OOD_Class_5
Find The Passion of Michel Foucault novel,5,5,1,0.00093330373,6,OOD_Class_5
Add the tune to my House Afterwork playlist.,0,0,0,0.00015882312,6,OOD_Class_5
Pull up the trailer for 2000 Years – The Millennium Concert,5,5,1,0.00013818181,6,OOD_Class_5
Look for Little Computer People,5,5,1,0.0003079723,6,OOD_Class_5
Find Le Profil Amina TV series,5,5,1,0.00014079781,6,OOD_Class_5
What is the weather like in North Salt Lake and Afghanistan ?,2,2,0,0.00010560419,6,OOD_Class_5
Please find me the Youth Against Fascism television show .,5,5,1,0.00013343075,6,OOD_Class_5
Please help me search the Hell Money saga .,5,5,1,0.000381213,6,OOD_Class_5
I give this series a one out of 6,4,4,0,9.5318675e-05,6,OOD_Class_5
Book a reservation for Clinton Street Baking Company & Restaurant distant from downtown,1,1,0,9.944092e-05,6,OOD_Class_5
Please find the Infrared Riding Hood TV show .,5,5,1,0.00011712413,6,OOD_Class_5
find a show called Big Broadcast of 1938,5,5,1,0.00016030986,6,OOD_Class_5
Book a table for 8 at a restaurant that serves far breton .,1,1,0,0.00010807126,6,OOD_Class_5
Please get me the Dead Soul saga .,5,5,1,0.0032003014,6,OOD_Class_5
"What will the humidity be like in VI on june the fourteenth, 2020 ?",2,2,0,0.000102152844,6,OOD_Class_5
"Will it be windy in Breaux Bridge , Turks and Caicos Islands eleven hours from now ?",2,2,0,0.00010959348,6,OOD_Class_5
find the album The Peace-Maker,5,3,1,0.0010478625,6,OOD_Class_5
Add Claudine Longet to my Ultimate 00s palylist,0,0,0,0.00016163959,6,OOD_Class_5
I would give this current chronicle a value of 4 and a best rating of 6,4,4,0,0.00010126837,6,OOD_Class_5
show movie schedule of films in the area,6,5,0,8.225086e-05,6,OOD_Class_5
show creativity in All Nudity Shall Be Punished,5,5,1,0.04032752,6,OOD_Class_5
What is the TV series in App Store,5,5,1,0.00014405696,6,OOD_Class_5
What is the movie schedules for movies in the neighbourhood,6,5,0,8.089687e-05,6,OOD_Class_5
I rate A Moment in Time a 5,4,4,0,9.2928065e-05,6,OOD_Class_5
play a track by Alpha Blondy with Deezer,3,3,0,0.000110187175,6,OOD_Class_5
Search for the song called Journal of the American Statistical Association,5,3,1,0.0011288718,6,OOD_Class_5
Please book me a table for next week at a top-rated restaurant,1,1,0,0.00012005649,6,OOD_Class_5
add the artist Jamie T to hallie's winter music playlist,0,0,0,0.00017332852,6,OOD_Class_5
Show me the painting called Fool for Love .,5,6,1,0.5569034,6,OOD_Class_5
I'd like to hear the song In a Reverie,5,3,1,9.755897e-05,6,OOD_Class_5
Please find me The Hanging Valley movie .,5,5,1,9.6818665e-05,6,OOD_Class_5
Will it be freezing here at 063122 am,2,2,0,0.000113292284,6,OOD_Class_5
show Andy Williams Sings Steve Allen TV show,5,3,1,0.00046300326,6,OOD_Class_5
Book a table for cherie and josephine in Indonesia,1,1,0,0.00010535891,6,OOD_Class_5
I want to play the game The Celestial Hawk,5,3,1,0.00015326228,6,OOD_Class_5
add track to dance playlist,0,0,0,0.00018199881,6,OOD_Class_5
I want to book an indoor brasserie within walking distance in ME .,1,1,0,0.00012352385,6,OOD_Class_5
find the book Metallica Through the Never,5,5,1,0.00018036297,6,OOD_Class_5
Show the forecast for two years from now in Lake Telemark Sudan,2,2,0,0.000114071416,6,OOD_Class_5
Will it snow in my current location,2,2,0,9.920419e-05,6,OOD_Class_5
find the trailer for On the Good Ship Lollipop,5,5,1,0.00012486726,6,OOD_Class_5
Play Remains of the Day,5,3,1,0.000116351235,6,OOD_Class_5
Find movie schedules .,6,5,0,7.445346e-05,6,OOD_Class_5
Search for the Abel Sánchez The History of a Passion novel,5,5,1,0.0027986031,6,OOD_Class_5
What's the weather at four pm in Honduras,2,2,0,0.00010539796,6,OOD_Class_5
Find a picture called Blink of an Eye .,5,6,1,0.89585704,6,OOD_Class_5
Is it cloudy in Tingley ?,2,2,0,0.00010265395,6,OOD_Class_5
Find a painting called Pulsions .,5,5,1,0.003718143,6,OOD_Class_5
"book for six on jan. 18, 2029",1,1,0,9.1083435e-05,6,OOD_Class_5
find the game titled IParty with Victorious,5,5,1,0.0010038416,6,OOD_Class_5
play shara worden,3,3,0,0.000100719815,6,OOD_Class_5
give 1 out of 6 points to Revolution World,4,4,0,9.6348886e-05,6,OOD_Class_5
Can you please find me the Harry Hood saga ?,5,5,1,0.000140567,6,OOD_Class_5
Find a song called This Champagne Mojito Is the Last Thing I Own .,5,3,1,0.00073155144,6,OOD_Class_5
Find the TV series I Build the Tower,5,5,1,0.00016433936,6,OOD_Class_5
Make me a reservation in TN somewhere nearby for a party of 4,1,1,0,0.000113029804,6,OOD_Class_5
Plau me the song The French Chef,5,3,1,0.000108401386,6,OOD_Class_5
Show the Innocent When You Dream saga,5,5,1,0.00095702073,6,OOD_Class_5
Can i get the showtimes for Man in Blues ?,6,5,0,9.121913e-05,6,OOD_Class_5
Book a table for tomorrow for five people.,1,1,0,0.000116851064,6,OOD_Class_5
Find The Gamble .,5,5,1,0.00073547673,6,OOD_Class_5
Find the Pop Has Freed Us saga,5,5,1,0.0002487126,6,OOD_Class_5
Please search for Switched .,5,5,1,0.00093971426,6,OOD_Class_5
Can you please find The Notebook of Trigorin game ?,5,5,1,0.00016146124,6,OOD_Class_5
find Trivial Pursuit America Plays,5,5,1,0.00014502695,6,OOD_Class_5
find The Terror Within,6,5,0,0.0008081678,6,OOD_Class_5
show animated movie at Century Theatres,6,5,0,9.8729426e-05,6,OOD_Class_5
"find 300 March to Glory , a song",5,3,1,0.00072755804,6,OOD_Class_5
Incorporate time warp into my fairy tales playlist.,0,0,0,0.00020723569,6,OOD_Class_5
table for 4 in Sparks,1,1,0,0.0003163539,6,OOD_Class_5
Find a novel called Kiss Me Licia .,5,3,1,0.0035388272,6,OOD_Class_5
Where can I buy the movie The Teahouse Fire ?,5,5,1,7.495778e-05,6,OOD_Class_5
table for nine at an internet pub,1,1,0,0.00012020939,6,OOD_Class_5
Play Iheart,3,3,0,0.00011474436,6,OOD_Class_5
find Me. I Am Mariah… The Elusive Chanteuse,5,5,1,0.00069540844,6,OOD_Class_5
Play some chant music from 2008 .,3,3,0,0.00011390779,6,OOD_Class_5
What's the weather going to be like around Lewis and Clark Trail sixteen hours from now ?,2,2,0,0.000106744665,6,OOD_Class_5
Find me the movie schedules at Fox Theatres,6,5,0,8.289664e-05,6,OOD_Class_5
get me the trailer of Good Morning Sunshine,5,5,1,0.00010335305,6,OOD_Class_5
Looking for a song with the title of Live at the Kings Center,5,3,1,0.0004161087,6,OOD_Class_5
Please search The Young Warriors game .,5,5,1,0.00014545151,6,OOD_Class_5
Find the Three Little Pigs television show,5,5,1,0.00011575514,6,OOD_Class_5
Find the American Journal of Sports Medicine picture,5,5,1,0.0007128454,6,OOD_Class_5
Play me a seventies ep,3,3,0,0.00010356259,6,OOD_Class_5
"find Drumline A New Beat , a picture",5,5,1,0.0003441137,6,OOD_Class_5
find the show titled Hell on Earth 2006,5,5,1,0.00015168398,6,OOD_Class_5
find Time Squared,5,5,1,0.0051304,6,OOD_Class_5
find the show The Demi-Gods and Semi-Devils,5,5,1,0.00014236086,6,OOD_Class_5
Find the movie schedule .,6,5,0,7.6592114e-05,6,OOD_Class_5
Play music from 1996 .,3,3,0,0.00012334398,6,OOD_Class_5
Find a painting called Thunder in the Sky .,5,5,1,0.001225669,6,OOD_Class_5
What movie theatre is palying The Hurricane five hours from now,6,5,0,8.105351e-05,6,OOD_Class_5
put this tune playing into my La Mejor Música Dance 2017 playlist,0,0,0,0.00015453737,6,OOD_Class_5
I need a novel about Polymer Chemistry .,5,6,1,0.99560237,6,OOD_Class_5
I want some fusil contra fusil added to my dance hits playlist.,0,0,0,0.00016939481,6,OOD_Class_5
Find TV series of Noroi - The Curse,5,5,1,0.00015273508,6,OOD_Class_5
I need reservations at Khedive Palace that's close in town .,1,1,0,0.00017402906,6,OOD_Class_5
What movies are showing now at the closest cinema ?,6,5,0,7.772188e-05,6,OOD_Class_5
Is The Little Irish Girl playing,6,5,0,9.541055e-05,6,OOD_Class_5
What's the cloud forecast now for Sierra Leone ?,2,2,0,0.000111648704,6,OOD_Class_5
"Check the forecast for Hulmeville , WV .",2,2,0,0.00012036325,6,OOD_Class_5
this book gets a 1 out of 6 rating from me.,4,4,0,9.700897e-05,6,OOD_Class_5
find the game Endangered Species,5,5,1,0.00012008278,6,OOD_Class_5
What is the cheapest price for the saga called 2006 Wikipedia CD Selection ?,5,5,1,0.002614239,6,OOD_Class_5
What time is Swarna Trishna playinh at Loews Cineplex,6,5,0,8.289499e-05,6,OOD_Class_5
I'd like to see the photograph The Light,5,5,1,0.00012153531,6,OOD_Class_5
I am looking for the TV series Strays,5,5,1,0.00011077727,6,OOD_Class_5
Play the last 1954 ep by Povel Ramel .,3,3,0,0.000113575814,6,OOD_Class_5
Find a novel called On the Case with Paula Zahn .,5,5,1,0.013891035,6,OOD_Class_5
I give the next novel two stars,4,4,0,9.9018886e-05,6,OOD_Class_5
"find Cluster Computing , a game",5,5,1,0.009359464,6,OOD_Class_5
What movies are currently playing at the Caribbean Cinemas,6,5,0,8.06611e-05,6,OOD_Class_5
find movie titled Triumph of the Spirit,5,5,1,0.00012950647,6,OOD_Class_5
add the tune to the Indie Workout playlist,0,0,0,0.00016163955,6,OOD_Class_5
Where can I find Lonely Hearts,5,5,1,0.00010223297,6,OOD_Class_5
The book As Sure as the Dawn gets a two out of 6 rating,4,4,0,9.71987e-05,6,OOD_Class_5
Rate Timeline of science fiction 4 out of 6,4,4,0,9.960169e-05,6,OOD_Class_5
Can you find a creative work called A Saintly Switch,5,3,1,0.043813124,6,OOD_Class_5
"I need a weather forecast for São Tomé and Príncipe on December 8th, 2026",2,2,0,0.00011241202,6,OOD_Class_5
"Help me find From Time to Time , a TV show",5,5,1,9.438975e-05,6,OOD_Class_5
play Are & Be,3,3,0,0.00010547167,6,OOD_Class_5
"where can Ifind You Know Me , a saga",5,5,1,0.00044756298,6,OOD_Class_5
Make a reservation for 7 people at a gastropub on Isle of Man .,1,1,0,0.000102118436,6,OOD_Class_5
Rate the current essay 5 of 6 points,4,4,0,9.077733e-05,6,OOD_Class_5
The Half-Life chronicle deserves 3 points,4,4,0,0.0001170098,6,OOD_Class_5
I'd like to see the show Onion SportsDome,5,5,1,0.0001260221,6,OOD_Class_5
this tune should go on my coffee table jazz playlist,0,0,0,0.00015180507,6,OOD_Class_5
Will it be warmer in five years in Slemp Kansas,2,2,0,9.814422e-05,6,OOD_Class_5
Is there a lot of sun in Qatar ?,2,2,0,0.0001140644,6,OOD_Class_5
Add patti page album to i love my neo soul,0,0,0,0.00015866793,6,OOD_Class_5
What is the local movie times,6,5,0,7.9253805e-05,6,OOD_Class_5
show schedule for Loved by Thousands,5,5,1,8.586079e-05,6,OOD_Class_5
Show The Late Great Townes Van Zandt,5,5,1,0.00030306794,6,OOD_Class_5
book a cafe for one in the Cocos Islands,1,1,0,9.962503e-05,6,OOD_Class_5
Add Sci-Fi Crimes to the fresh folk playlist,0,0,0,0.00016815924,6,OOD_Class_5
Find a photograph called Greatest Hits Volume One .,5,5,1,0.000820854,6,OOD_Class_5
Show me when and where I can see Song of Summer,6,5,0,0.00010225936,6,OOD_Class_5
Book a steakhouse with a pool for eight people.,1,1,0,0.00012293707,6,OOD_Class_5
find the movie Yoshimi Battles the Hip-Hop Robots,5,5,1,0.00011495184,6,OOD_Class_5
Show me Horton and the Kwuggerbug and More Lost Stories,5,5,1,0.0015826358,6,OOD_Class_5
Find The Sentimental Bloke novel,5,5,1,0.00012981845,6,OOD_Class_5
Give me an album from 1972 to listen to.,3,3,0,0.0001372325,6,OOD_Class_5
find a trailer called Way Down Yonder in New Orleans,5,1,1,0.00011484677,6,OOD_Class_5
where can I find the game A Little Bit of Mambo,5,5,1,0.00012139856,6,OOD_Class_5
add nico to my rock to work,0,0,0,0.00015110457,6,OOD_Class_5
Is Blood Is Not Fresh Water playing at this movie theatre at 2 AM ?,6,5,0,8.841276e-05,6,OOD_Class_5
find the song titled The Mole Show Live at the Roxy,5,3,1,0.00018349178,6,OOD_Class_5
Play Tujiko Noriko 's Ten Years And Running .,3,3,0,0.00010933005,6,OOD_Class_5
I'm trying to find Annunciation .,5,5,1,0.00026486066,6,OOD_Class_5
add the artist to the 90's Baby Makers playlist,0,0,0,0.0001666071,6,OOD_Class_5
Show me the television show called South California Purples,5,5,1,0.0001946931,6,OOD_Class_5
give Private Games 3 stars out of 6,4,4,0,9.960194e-05,6,OOD_Class_5
I want to hear Ready by Frankenstein Drag Queens From Planet 13,3,3,0,0.00012919721,6,OOD_Class_5
Give me the Spirit the Earth Aflame TV show .,5,5,1,0.0002963468,6,OOD_Class_5
Show me Then We Came to the End,5,5,1,0.02543105,6,OOD_Class_5
Season of the Witch How the Occult Saved Rock and Roll gets five points,4,4,0,0.000116435775,6,OOD_Class_5
Will it be windy at Medicine Rocks State Park on May 24,2,2,0,0.00011045237,6,OOD_Class_5
Can I listen to Dj Vibe 's top 10 ?,3,3,0,0.00012663458,6,OOD_Class_5
Rate Battle Hymn of China five of 6 points,4,4,0,9.41168e-05,6,OOD_Class_5
add ian north to my Autumn Lounge playlist,0,0,0,0.00014746141,6,OOD_Class_5
add farruko presenta los menores to my amor amor playlist,0,0,0,0.00016124459,6,OOD_Class_5
Find me The River of Love saga,5,5,1,0.00046692742,6,OOD_Class_5
Give the current essay five points .,4,4,0,9.1846574e-05,6,OOD_Class_5
show creativity of The Greatest Movie Ever Sold,5,5,1,0.00023485681,6,OOD_Class_5
Need to find the soundtrack called Fire in the Valley,5,3,1,0.00013265735,6,OOD_Class_5
Find Head Start,5,5,1,0.0001670669,6,OOD_Class_5
what time is The Challenge showing at the local movie house,6,5,0,8.678899e-05,6,OOD_Class_5
Rate this novel 4 out of 6,4,4,0,9.356742e-05,6,OOD_Class_5
Please book a room to accommodate one in 11 weeks near Bahamas restaurant,1,1,0,0.0001034306,6,OOD_Class_5
read the novel Friend The Great Legacy,5,3,1,0.0001742292,6,OOD_Class_5
Show me the book The Republican Brain,5,5,1,0.00031850307,6,OOD_Class_5
is it warm in Fernandina Beach Slovakia,2,2,0,0.000114288465,6,OOD_Class_5
give 1 out of 6 stars to current book,4,4,0,9.786624e-05,6,OOD_Class_5
restaurant in Bulgaria this week party for 9 numbers,1,1,0,9.648781e-05,6,OOD_Class_5
I'd like to see Hannah Montana and Miley Cyrus Best of Both Worlds Concert,5,5,1,0.00023378091,6,OOD_Class_5
is it going to be hot here in 8 years,2,2,0,0.00011296252,6,OOD_Class_5
show The Best of Minnie Riperton saga,5,3,1,0.00074343476,6,OOD_Class_5
Can you use Pandora to play a soundtrack from 1999 by David Sitek ?,3,3,0,0.00012388534,6,OOD_Class_5
Book a pub for eight people in the Pitcairn Islands .,1,1,0,9.30486e-05,6,OOD_Class_5
Find a soundtrack called The Dragon .,5,3,1,0.00011044366,6,OOD_Class_5
Look for the Thorns saga,5,5,1,0.00010937574,6,OOD_Class_5
find the TV series Box of Moon Light,5,5,1,0.0001354577,6,OOD_Class_5
Book a restaurant with a spa in Connecticut,1,1,0,0.00011781648,6,OOD_Class_5
book for sherry and concepcion in Nunam Iqua at the best restaurant,1,1,0,9.1591406e-05,6,OOD_Class_5
book a restaurant for 6,1,1,0,0.00010083182,6,OOD_Class_5
add this MakSim tune to Trad Folk,0,0,0,0.0001532603,6,OOD_Class_5
"How is the weather in Edesville , MN ?",2,2,0,0.00010215438,6,OOD_Class_5
restaurant in Watauga for me and my aunt,1,1,0,8.286981e-05,6,OOD_Class_5
Show me a picture of Love,5,6,1,0.9933569,6,OOD_Class_5
How can I view the show Corpus A Home Movie About Selena ?,5,5,1,0.00012775119,6,OOD_Class_5
Find The Fire in Our Throats Will Beckon the Thaw TV show,5,5,1,0.00014699623,6,OOD_Class_5
read the novel On-Line Encyclopedia of Integer Sequences,5,3,1,0.008466797,6,OOD_Class_5
Play the most popular song from Chae Yeon off of Spotify,3,3,0,0.0001247969,6,OOD_Class_5
find a movie called No More Sadface,5,5,1,9.9658035e-05,6,OOD_Class_5
look up Adobe Brackets soundtrack,5,3,1,0.00031822617,6,OOD_Class_5
What are the movie schedules,6,5,0,7.547808e-05,6,OOD_Class_5
