text,true_label_original,pred_label_mapped,is_ood_true,ood_score,fold,scenario
Look up Applied Linguistics,5,3,0,0.0011253661,3,Usługi
I want this tune on my Most Necessary playlist,0,0,0,0.00017749319,3,Usługi
Book a restaurant in Myanmar for 4 .,1,2,1,0.0006309484,3,Usługi
Play some music on spotify,3,1,0,0.00012021069,3,Usługi
Is it going to be hotter in D'Lo,2,4,1,0.00027134537,3,Usługi
What's the forecast for nearby the current position ?,2,4,1,0.00046703062,3,Usługi
find the novel The Thunder Rolls,5,3,0,0.0002497683,3,Usługi
Book me a reestaurant that is close in the country of Cocos Islands,1,4,1,0.013132483,3,Usługi
what is the forecast in Texas,2,4,1,0.0007341626,3,Usługi
Book a reservation for a popular restaurant in Federated States Of Micronesia,1,3,1,0.0051193913,3,Usługi
How much rainfall is there faraway from Douglass ?,2,4,1,0.00040931825,3,Usługi
"What's the weather forecast for Elida , Rhode Island ?",2,4,1,0.0008689307,3,Usługi
Start playing something from Iheart,3,1,0,0.00014486637,3,Usługi
I need a table for 8 people at a highly rated pub that serves umbrian cuisine,1,4,1,0.0005257494,3,Usługi
Look for the Editor & Publisher TV series,5,3,0,0.00027137806,3,Usługi
Give this album four stars,4,2,0,0.00018732027,3,Usługi
Please look for Orion You Came and You Took All My Marbles,5,3,0,0.00012585107,3,Usługi
Play soundtrack by Armand Van Helden,3,1,0,0.00013781965,3,Usługi
Will it be colder in Connorville,2,4,1,0.00026324735,3,Usługi
Play iheart,3,1,0,0.00023408809,3,Usługi
I need a reservation for 6 at Cherwell Boathouse .,1,4,1,0.00021846159,3,Usługi
Will it be overcast in Luxembourg in fourteen seconds,2,4,1,0.00017056869,3,Usługi
is Agnew United States has chilly weather,2,4,1,0.000226544,3,Usługi
add joshua radin to my playlist called Futuros Hits,0,0,0,0.0001710518,3,Usługi
I would like to book an AMerican Samoa restaurant for 8,1,3,1,0.0017924892,3,Usługi
What kind of weather is forecast in MS now ?,2,4,1,0.00021608925,3,Usługi
I want to hear something eclectic,3,1,0,0.00015063144,3,Usługi
play the best Becca,3,1,0,0.0002588383,3,Usługi
"What is the weather for Cormorant , ME",2,4,1,0.00015479999,3,Usługi
book a restaurant for me and rosemary at 1 am,1,4,1,0.00017525694,3,Usługi
Will it be hot during Winter ?,2,4,1,0.0003787983,3,Usługi
book a restaurant for 2 at top-rated Hoonah TN,1,2,1,0.000613105,3,Usługi
Play a song from the thirties on Zvooq,3,1,0,0.00012222567,3,Usługi
find a soundtrack called Fast as You,5,3,0,0.00025642695,3,Usługi
Book a table for 1 at RingSide Steakhouse in Hurricane .,1,4,1,0.00038686028,3,Usługi
"Can I book a restaurant that serves pastelaria in Takilma , Virgin Islands ?",1,4,1,0.048369717,3,Usługi
What's the weather forecast for Pointe-Heath Ecological Reserve at midnight ?,2,4,1,0.00020865342,3,Usługi
Will it get warmer in Holy Cross Wilderness,2,4,1,0.00020769224,3,Usługi
I need to know the forecast for two am in Grand Lake Towne,2,4,1,0.00020790687,3,Usługi
For the book The Flash Stop Motion I give a rating of 5 points,4,2,0,0.0002162329,3,Usługi
Please let me know the weather forcast of Stanislaus National Forest far in nine months,2,4,1,0.00017976409,3,Usługi
Book a reservation for my mommy and I at a restaurant in Central African Republic,1,4,1,0.0006080584,3,Usługi
what is the forecast in North Carolina,2,4,1,0.00045346413,3,Usługi
Give me the movie times for Fox Theatres,6,4,0,0.00019213895,3,Usługi
show movie times at sunrise,6,4,0,0.00020372153,3,Usługi
"I want to see the novel , The Green",5,3,0,0.0002125898,3,Usługi
"How is the weather going to be this week in Roseau , IA .",2,4,1,0.00017165346,3,Usługi
I want to eat at a bar in Saudi Arabia that serves cannelloni .,1,4,1,0.00045615673,3,Usługi
what is the forecast for close to Texas,2,4,1,0.00363368,3,Usługi
Book a popular restaurant in New Jersey .,1,3,1,0.00074138294,3,Usługi
Book a cafeteria with wifi,1,3,1,0.007473666,3,Usługi
Book a reservation for a restaurant serving burger in Malaysia,1,4,1,0.004324855,3,Usługi
Where can I purchase the TV series The Royal Sessions,5,3,0,0.00029368367,3,Usługi
book a highly rated place for my momy and I for mughlai food at a restaurant,1,2,1,0.002989606,3,Usługi
I want a table for eight at GU,1,4,1,0.00020241839,3,Usługi
"Reserve a spot at indoor restaurant on june the 15th , 3 guests",1,4,1,0.00030228094,3,Usługi
show me NeuroToxicology,5,3,0,0.083668955,3,Usługi
this book gets out of a total of 6 stars only 1,4,2,0,0.00021878172,3,Usługi
Book a highly rated restaurant .,1,3,1,0.0014942385,3,Usługi
Weather for Cougar Canyon Wilderness,2,4,1,0.00013285245,3,Usługi
add this matt bachand tune to pure rock & roll,0,0,0,0.00016037516,3,Usługi
Book a table for kristina and teresa in 1 second .,1,4,1,0.0012056296,3,Usługi
Will there be a blizzard in Oregon ?,2,4,1,0.00070612447,3,Usługi
I want to put Paul Young onto all new all now .,0,0,0,0.00018694064,3,Usługi
Book me a reservation for Fatty Crew in 13 weeks in Haskell,1,4,1,0.00015647967,3,Usługi
Reserve a table for one at a top-rated restaurant nearby that serves goiano for this month in MD,1,4,1,0.0002699417,3,Usługi
I'd like for you to put this artist to my Evening Commute playlist.,0,0,0,0.00017768343,3,Usługi
What is the movie schedule like,6,4,0,0.00015037079,3,Usługi
I'm looking to book a spot at a restaurant in RI .,1,4,1,0.00055081496,3,Usługi
find a highly rated brasserie restaurant in Liberia and book a table for 5,1,2,1,0.00015830166,3,Usługi
what is the weather in Gem,2,4,1,0.00013918833,3,Usługi
me and my niece want to eat somewhere close by Hopatcong,1,4,1,0.0009829366,3,Usługi
I want to rate Hostile Waters chronicle book with five out of 6,4,2,0,0.00018138332,3,Usługi
Book me a reservation nearby my neighborhood,1,4,1,0.00050035084,3,Usługi
Tell me the weather forecast thirteen seconds from now in Ukraine,2,4,1,0.0002677384,3,Usługi
Is it humid in Parc national de Killarney,2,4,1,0.00021188756,3,Usługi
Will it be colder here in 48 and a half weeks,2,4,1,0.000387664,3,Usługi
what is the cold forecast for our current position,2,4,1,0.053514645,3,Usługi
Add Madman to Trap Land playlist,0,0,0,0.00017699931,3,Usługi
When is The Blue of Heaven playing?,6,4,0,0.00038513754,3,Usługi
add a shot at glory to calm before the storm,0,0,0,0.00017526306,3,Usługi
what is the forecast for Costa Rica,2,4,1,0.16576284,3,Usługi
Book a restaurant for a meal for 4 people.,1,3,1,0.0003704574,3,Usługi
"Need to book a table at a fast food restaurant for a party of nine on November seventeenth, 2019",1,4,1,0.00021849528,3,Usługi
book a table for six at Hubbell House in NE,1,4,1,0.0002007176,3,Usługi
I need a table at a restaurant in Texas for kelley and suzette,1,4,1,0.00031491555,3,Usługi
add an album in Sweet Soul Chillout,0,0,0,0.00025351814,3,Usługi
"I would like to book a table at a delicatessen in punjabi for me, angela and vilma",1,4,1,0.0027489802,3,Usługi
Give me the weather forecast for Wisconsin Dells in Saint Kitts and Nevis on the day after tomorrow,2,4,1,0.0012834389,3,Usługi
Book a bar that serves italian-american cuisine neighboring Wilson Av for one person.,1,4,1,0.3012768,3,Usługi
play a seventies ballad by Annunzio Paolo Mantovani on Groove Shark,3,1,0,0.00016624756,3,Usługi
Add artist hex hector to my old school death metal playlist,0,0,0,0.00016889465,3,Usługi
What will the weather be faraway from here 308 days from now,2,4,1,0.00026305966,3,Usługi
I want to find The Very Best of Chicago Only the Beginning,5,3,0,0.00016582677,3,Usługi
I need a reservation for four minutes from now for 3 people in the Falkland Islands,1,4,1,0.0002467429,3,Usługi
What's the weather forecast for the Dominican Republic,2,4,1,0.005241806,3,Usługi
What's the weather like when you're distant from Greenport,2,4,1,0.00028487403,3,Usługi
Book a restaurant in Belgium for ten in 24 weeks .,1,2,1,0.00040638176,3,Usługi
Add genocide to electronic bliss,0,0,0,0.00018970016,3,Usługi
Give Anatomy of a Typeface a 1 rating.,4,2,0,0.00024215975,3,Usługi
I want to listen to the song First Time for Everything,5,3,0,0.00014453242,3,Usługi
"book a spa in pizzeria on November 24, 2036",1,4,1,0.0064770873,3,Usługi
Rate The Philosophic Thought of Ayn Rand three of 6 stars,4,2,0,0.0002445401,3,Usługi
"Will it be chilly in Milligan College , AK on law day",2,4,1,0.00016346495,3,Usługi
I want to book a churrascaria in Romeoville at ten a.m for four people.,1,4,1,0.00022892069,3,Usługi
Play Pledge by Markus Grosskopf,3,1,0,0.00015755727,3,Usługi
Book the Ballylickey House for 7/16/2027 .,1,3,1,0.00095846044,3,Usługi
add Desert Sessions to my i love my 80's rollerdisco playlist,0,0,0,0.00016434045,3,Usługi
I need to book a restaurant in Utah in 5 years and a half from now,1,4,1,0.0012339085,3,Usługi
"book a bakery for lebanese on january 11th, 2032",1,3,1,0.0008484142,3,Usługi
Give 4 points / 6 to Last Day in Limbo,4,2,0,0.00018833068,3,Usługi
Play Regulate…g Funk Era by artist Iouri Bachmet on groove shark,3,1,0,0.00020021126,3,Usługi
find the album The Peace-Maker,5,3,0,0.00026404017,3,Usługi
book a table for me and belinda serving minestra in a bar,1,4,1,0.0018716411,3,Usługi
What is the weather in Richardson Tanzania,2,4,1,0.00013722714,3,Usługi
What time is Stranger in Town playing at the nearest cinema ?,6,4,0,0.00018640613,3,Usługi
Will it be colder here one minute from now,2,4,1,0.00021424842,3,Usługi
Please add Emanuel Kiriakou to my playlist llegando a casa,0,0,0,0.00015773458,3,Usługi
restaurant in Bulgaria this week party for 9 numbers,1,4,1,0.0004684739,3,Usługi
I want to reserve a gastropub that has a spa .,1,0,1,0.016770367,3,Usługi
I want to book a pub in MS that serves festoni,1,0,1,0.004473391,3,Usługi
I want to book a restaurant for ten this summer,1,4,1,0.0012364263,3,Usługi
Book a table for 1 at Thomas Hynes House .,1,4,1,0.0003800764,3,Usługi
I'd like a table for Midday at The Unseen Bean,1,4,1,0.00016781256,3,Usługi
Book a table for mamie and maria at a south tyrolean restaurant within walking distance from Fisk Av-69th St .,1,4,1,0.00044865045,3,Usługi
Will it get windy in Ocean Breeze Park ?,2,4,1,0.0002881297,3,Usługi
book a restaurant for one,1,3,1,0.0001630871,3,Usługi
Book a reservation for 10 people at an oyster bar with a pool within the same area of Cowansburg for 10 Pm,1,4,1,0.00027477447,3,Usługi
I would like Ignacio Figueredo 's tune added to electroNOW .,0,0,0,0.00020152547,3,Usługi
I want to book a restaurant neighboring Livonia Av,1,3,1,0.0025940142,3,Usługi
what is the forecast for Orienta for hotter weather,2,4,1,0.0018468708,3,Usługi
What's the weather far away in Estonia ?,2,4,1,0.00020005458,3,Usługi
What cinema is showing Ice Station Zebra at 0725 P.M. ?,6,4,0,0.00015758477,3,Usługi
"book tortano serving brasserie for me, isabella and carly in Kuwait",1,3,1,0.008537203,3,Usługi
book a table for seven during our Thailand trip that is within walking distance of our hotel.,1,4,1,0.00028656496,3,Usługi
I'd like to eat at a taverna that serves chili con carne for a party of 10,1,4,1,0.0003877387,3,Usługi
Is it supposed to get chilly in Dewey,2,4,1,0.0003648293,3,Usługi
Can you book reservations for jeanne and charlotte at a diner in Mayotte,1,4,1,0.00027295956,3,Usługi
Is it colder in Paraguay this morning,2,4,1,0.00027984165,3,Usługi
add rob tyner to betsy's We Everywhere,0,0,0,0.00015198655,3,Usługi
book a bar in SC in Leonville,1,3,1,0.016736323,3,Usługi
What will the weather be like in three weeks faraway in Sompio Strict Nature Reserve,2,4,1,0.00019188065,3,Usługi
Show The Caveman television show,5,3,0,0.00032098344,3,Usługi
What's the weather like in Ojo AMarillo,2,4,1,0.00019180198,3,Usługi
I want to hear music off my Indie Festival playlist,3,1,0,0.0001963719,3,Usługi
For the saga Magic in Ithkar 2 I give two stars,4,2,0,0.00020312624,3,Usługi
Is there weather going to get chilly when I get close to New York ?,2,4,1,0.0003019837,3,Usługi
I want to book a bar neighboring our apartment .,1,4,1,0.005186267,3,Usługi
"Will it be even hotter 2 years from now in El Jebel , Niger",2,4,1,0.00022644263,3,Usługi
"Will it be overcast at night in Kenmore , FL ?",2,4,1,0.0001593108,3,Usługi
Will a blizzard hit Torrey Pines State Natural Reserve on jun. sixteenth ?,2,4,1,0.000455296,3,Usługi
"What is the temperature for Montserrat On Sep. the fourth, 2024",2,4,1,0.00014743247,3,Usługi
I'd like a table at the San Francisco Brewing Company in Puerto Rico at noon,1,4,1,0.00016621636,3,Usługi
book a spot at a restaurant with trattoria in Otho DE,1,4,1,0.0002873143,3,Usługi
What's the weather going to be in jun . in Burkina,2,4,1,0.00013421802,3,Usługi
"Tell me the weather forecast for Carmichaels , Gambia at one am",2,4,1,0.00027758232,3,Usługi
"Book a table at a bar in Moody for deloris, ester and petra alvarez .",1,1,1,0.028210692,3,Usługi
"Book Childs Restaurants in Bruno for 1 person on October 6th, 2019 .",1,4,1,0.0008689129,3,Usługi
Is cloudy in Lyncourt ?,2,4,1,0.00019052366,3,Usługi
Book a table for 4 in California,1,3,1,0.015140372,3,Usługi
Is there a blizzard coming to El Verano,2,4,1,0.0003024479,3,Usługi
There can I find The Beggar Maid playing,6,4,0,0.00015045966,3,Usługi
Give this album a rating of 4 .,4,2,0,0.00018138095,3,Usługi
Book a restaurant for one for this month .,1,4,1,0.0019879942,3,Usługi
Find time for movies at the closest cinema,6,4,0,0.00022549997,3,Usługi
I want to eat somewhere that is faraway from Iowa .,1,4,1,0.0022128727,3,Usługi
Please search for Switched .,5,3,0,0.00012288321,3,Usługi
Please play a song by Ahmad Jamal,3,1,0,0.00015786478,3,Usługi
find a movie schedule for United Paramount Theatres,6,4,0,0.00021060654,3,Usługi
Please find me the Journal of the British Astronomical Association movie .,5,3,0,0.00034366324,3,Usługi
I'm looking for the album called Disorderly Conduct Video on Patrol,5,3,0,0.00021321012,3,Usługi
Find me the When Harry Tries to Marry photograph,5,3,0,0.0002766882,3,Usługi
Is it warm in Vietnam,2,4,1,0.00020448351,3,Usługi
Book restaurant for party of 7 at a pub in Ford Heights,1,4,1,0.00031879792,3,Usługi
Book a table for three at a middle eastern gastropub,1,4,1,0.0019752006,3,Usługi
Play Have You Met Miss Jones by Nicole from Google Music .,3,1,0,0.00014815891,3,Usługi
Tell me if it'll blizzard in KS,2,4,1,0.00047531712,3,Usługi
Make reservations for 7 people at a top-rated brazilian pub around Rockaway Park-Beach 116th,1,4,1,0.00025228225,3,Usługi
"book a spot for 8 at a tavern on Jun. the 11th, 2034",1,4,1,0.00026075778,3,Usługi
What time are animated movies playing in the area,6,4,0,0.0001949713,3,Usługi
Is it hotter in Vernon,2,4,1,0.00017439948,3,Usługi
Book a reservation for a restaurant in Palau in six years,1,4,1,0.0005560981,3,Usługi
Weather on Croatan National Forest on jan. 21,2,4,1,0.00016617615,3,Usługi
"I want to find a highly rated delicatessen in Childersburg , DE for one next February",1,4,1,0.0006480562,3,Usługi
What is the forecast for Harrison–Crawford State Forest,2,4,1,0.0008163097,3,Usługi
"book a table for one at Monty’s Hotel, Secunderabad",1,4,1,0.000266553,3,Usługi
Give this current novel a 4 .,4,2,0,0.0001963108,3,Usługi
I would like to make a reservation for 2 for brunch .,1,4,1,0.0049726586,3,Usługi
Book a restaurant for three people in Jenkins .,1,3,1,0.0012211865,3,Usługi
Will there be a blizzard at 2 am in my current place,2,4,1,0.00014812409,3,Usługi
Find a table for 2 at a restaurant in Saint Vincent and the Grenadines,1,4,1,0.00015004443,3,Usługi
Is it going to be temperate at six am in Washington,2,4,1,0.00016494674,3,Usługi
"Tell me the weather forecast for eight AM in Reminderville , FL",2,4,1,0.0003416912,3,Usługi
what is the forecast for Montana at dinner,2,4,1,0.0004148057,3,Usługi
what is the forecast for here,2,4,1,0.022860674,3,Usługi
Play the most popular 1956 record .,3,1,0,0.00012354995,3,Usługi
Book reservations at a restaurant in MI seven weeks from now,1,4,1,0.0002735343,3,Usługi
what is the forecast for colder conditions within the same area of this current place,2,4,1,0.0030172712,3,Usługi
Will it be hotter at nine am in Serbia,2,4,1,0.00014591658,3,Usługi
"book a spot for me, tiffany and sondra at a top-rated restaurant in MS with udupi",1,4,1,0.0016703658,3,Usługi
find Thyme Travel,5,3,0,0.00045929686,3,Usługi
2 of us want to eat at a restaurant that serves meatballs in VT,1,4,1,0.00038605652,3,Usługi
play This Is Colour by Panda Bear,3,1,0,0.00013696548,3,Usługi
Book a table at a french restaurant for fern and I,1,3,1,0.0004798136,3,Usługi
Will the sun come out here,2,4,1,0.000557807,3,Usługi
I want to book The Hat for my grandfather and I in Arkansas .,1,3,1,0.0002927434,3,Usługi
book a spot distant from the neighborhood on the Week-end,1,4,1,0.0019414551,3,Usługi
I want to book The Commons Restaurant for five on Dec. the eighth,1,2,1,0.00036789163,3,Usługi
I need the forecast for Mamaroneck in six weeks,2,4,1,0.00033667116,3,Usługi
What will the weather be in Catahoula National Wildlife Refuge ?,2,4,1,0.0001788211,3,Usługi
rate the current series a zero,4,2,0,0.00016306459,3,Usługi
what is the warm forecast for Newburyport New Caledonia,2,4,1,0.00031680075,3,Usługi
forecast for Wisconsin at 10 PM.,2,4,1,0.00039253786,3,Usługi
What will the weather be nineteen hours from now neighboring Saint Kitts and Nevis ?,2,4,1,0.00018063658,3,Usługi
book in Vermont at The Maisonette,1,3,1,0.0013796237,3,Usługi
Is there hail forecast for Hale Center on 7/22/2030 ?,2,4,1,0.00016994239,3,Usługi
Give me the weather forecast for Zambia,2,4,1,0.27447468,3,Usługi
Please make reservations for me and my roommate somewhere in Bouvet Island,1,3,1,0.002725816,3,Usługi
Where can I buy the soundtrack Bridge of Souls,5,3,0,0.00034620645,3,Usługi
book a table in Fort Loudon at a restaurant for 5,1,4,1,0.00029109296,3,Usługi
Reserve a table at a top-rated restaurant for dinner in twelve hours .,1,4,1,0.0003663329,3,Usługi
Add the name Shall We Dance to playlist Rock,0,0,0,0.00018243786,3,Usługi
Give this chronicle a 4,4,2,0,0.00019843043,3,Usługi
I'm looking to book a table at a gastropub that serves vegetarian for me and my team,1,4,1,0.0011605567,3,Usługi
Add Sunday Express Live to workout playlist,0,0,0,0.00017172217,3,Usługi
Will it be warmer in my current position,2,4,1,0.00035954744,3,Usługi
Give me showtimes for The Tenth Woman at the movie house .,6,4,0,0.00015682208,3,Usługi
What is the movie schedule for General Cinema Corporation ?,6,4,0,0.00019979075,3,Usługi
is Dishyum at the cinema,6,4,0,0.00018013573,3,Usługi
What's the weather now in Salmon Lake State Park,2,4,1,0.0002074761,3,Usługi
Find movie schedules for United Paramount Theatres .,6,4,0,0.00022616386,3,Usługi
Will it be windy at two PM in France ?,2,4,1,0.00018019073,3,Usługi
I need a reservation for Blue Ribbon Barbecue far from NY for a party of 10,1,4,1,0.00021308023,3,Usługi
I want to book a restaurant now in Ludlow for eight,1,4,1,0.00062767335,3,Usługi
4 stars for Three to Get Deadly,4,2,0,0.00016306753,3,Usługi
Will it be cold in Boyertown New Zealand in eighteen hours,2,4,1,0.00017844612,3,Usługi
Will the weather be cloudy seven weeks from now in Hinckley,2,4,1,0.00018889231,3,Usługi
Book me a reservation for The Brazen Head in Hecker,1,4,1,0.00087402936,3,Usługi
What's the weather like in Kaltag ?,2,4,1,0.00031342177,3,Usługi
What will the weather be in Kokhanok,2,4,1,0.00012303935,3,Usługi
what's the forecast for sep. 26 in Emerado Saint Pierre and Miquelon,2,4,1,0.0002260973,3,Usługi
will there be a blizzard in Kettleman City today,2,4,1,0.0003008227,3,Usługi
book a spot at Colony,1,3,1,0.00072415144,3,Usługi
"Book a table at a tavern in Albania for annette, darlene and barbara james for ten AM",1,4,1,0.0007820371,3,Usługi
Does AMC Theatres have movie schedules out?,6,4,0,0.00020472649,3,Usługi
"Is it going to be warm on march the 12th in Pendleton , Delaware ?",2,4,1,0.00023405379,3,Usługi
book a table at Jacob Wirth Restaurant for 8,1,4,1,0.00029521415,3,Usługi
What's the weather forecast for tomorrow around Sankertown ?,2,4,1,0.0002243329,3,Usługi
Play satire,3,1,0,0.00027595035,3,Usługi
Play a top track by Janamanchi Seshadri Sarma,3,1,0,0.00017835635,3,Usługi
Book a table for one at a highly rated bistro,1,4,1,0.0035785884,3,Usługi
Is there forecast to be snow in GU this summer ?,2,4,1,0.00035134747,3,Usługi
Where can I see the show Latin for Lovers ?,5,3,0,0.0002962481,3,Usługi
Can i have the forecast for Bear Rocks Lake Wildlife Management Area,2,4,1,0.016618986,3,Usługi
"book a spot for marlene, jordan and I on oct. the 6th",1,3,1,0.00026336338,3,Usługi
find close by films with a movie schedule,6,4,0,0.00022950202,3,Usługi
Is it likely to be warm in Rush Hill ?,2,4,1,0.00021861742,3,Usługi
FInd the movie schedule for nearby movies .,6,4,0,0.00024430023,3,Usługi
How humid is it in Paducah ?,2,4,1,0.00023505939,3,Usługi
I need fast food for nine within the same area as Bowers that has a pool nearby on 4/17/2033,1,4,1,0.00024147856,3,Usługi
Find a saga called The Devil Went Down to Georgia .,5,3,0,0.00027323116,3,Usługi
will there be any snowfall in AMerican Samoa,2,4,1,0.0006514404,3,Usługi
Table for five at a restaurant in Lavina,1,4,1,0.00015255855,3,Usługi
What is the weather in twenty three minutes in NV,2,4,1,0.00020471904,3,Usługi
Book a table for five at The Training Table .,1,4,1,0.0007852805,3,Usługi
What will the weather be like at my current spot on january the 19th,2,4,1,0.00020853737,3,Usługi
book a table for me and my step uncle in Malta at a cafeteria,1,4,1,0.0006731637,3,Usługi
What will the weather be in Post Falls on feb. 17 ?,2,4,1,0.00014063156,3,Usługi
What will the humidity be like on june eighteenth in my current location,2,4,1,0.00022089318,3,Usługi
Tell me the weather forecast faraway from TX,2,3,1,0.0008754102,3,Usługi
What is the weather in Sint Maarten,2,4,1,0.00015782271,3,Usługi
When can I watch Prince Daewon at movie house ?,6,4,0,0.00013308706,3,Usługi
Rate Encyclopaedia of the Social Sciences zero out of 6,4,2,0,0.00021814038,3,Usługi
book in town for 3 at a restaurant outdoor that is not far,1,4,1,0.00018854837,3,Usługi
make me a reservation at The Restaurant at Meadowood for a party of 7 in Armenia,1,4,1,0.00020880716,3,Usługi
is it going to be chilly in Western Sahara in 13 hours,2,4,1,0.00019163138,3,Usługi
Tell me the weather forecast close by Brown County State Park for meal time,2,4,1,0.00024025461,3,Usługi
I'd like reservations for me and my grandkid at a top-rated restaurant that serves molise cuisine in PA .,1,4,1,0.0003320396,3,Usługi
Find a novel called Under Blackpool Lights .,5,3,0,0.00028080435,3,Usługi
What's the weather forecast for my current spot ?,2,4,1,0.0016657058,3,Usługi
"book a spot for nona gray, myrtle and alison at a top-rated brasserie that is distant from Wilson Av on Nov. the 4th, 2030 that serves ouzeri",1,4,1,0.00043220285,3,Usługi
Give Directive 51 three out of 6 .,4,2,0,0.00020323545,3,Usługi
Book me a table for seven in neighboring France .,1,4,1,0.00088206364,3,Usługi
Will it be nice here and in the same area,2,4,1,0.0016822407,3,Usługi
Will it get hotter next year in Springside Nature Reserve ?,2,4,1,0.00069029257,3,Usługi
"Book a restaurant neighboring IL for me, rachelle and wilda .",1,3,1,0.0054351166,3,Usługi
"Book a table at the Eighth Step Coffee House that isn't too far from Vineyard Haven for candace phillips, debbie and sondra",1,3,1,0.0032063199,3,Usługi
I want to book Meriton Grand Hotel Tallinn in New Jersey for four people.,1,3,1,0.0011756981,3,Usługi
I want a reservation for 111607 at The Fort in South Carolina .,1,4,1,0.00047134524,3,Usługi
For the saga The End of a Family Story I give 0 stars,4,2,0,0.00020702786,3,Usługi
Add ross the boss to laurie's listas de éxitos list,0,0,0,0.00019363614,3,Usługi
Book a restaurant in WI at 132234 for 9 people.,1,4,1,0.00048718054,3,Usługi
Weather for close-by Parc national de Kolkheti,2,4,1,0.00013861808,3,Usługi
Will it get hotter in Hext ?,2,4,1,0.0009303953,3,Usługi
put this track by Tony Bevilacqua into joan's playlist with the title women of folk & americana,0,0,0,0.00017820192,3,Usługi
What will the weather be like at two o'clock in El Salvador,2,4,1,0.00015542154,3,Usługi
"What will the weather be like in Port Clinton , Nebraska around midnight ?",2,4,1,0.00020892045,3,Usługi
"What will the weather be like here on february 22, 2024",2,4,1,0.00044663224,3,Usługi
will the weather be colder in Naguabo four minutes from now,2,4,1,0.00016050957,3,Usługi
I need to book an indoor pub in Strabane,1,4,1,0.0016514848,3,Usługi
I need to book a table for three at a restaurant in South Sudan,1,4,1,0.00025788456,3,Usługi
Will it be snowy at the current position by March 3 ?,2,4,1,0.00024151534,3,Usługi
Add Claudine Longet to my Ultimate 00s palylist,0,0,0,0.00015468361,3,Usługi
Play me the trailer for Chasing After Shadows... Living with the Ghosts .,5,3,0,0.00030913568,3,Usługi
Can you find me reservations for this morning at a restaurant that serves stracciatella ?,1,4,1,0.00021555116,3,Usługi
Is it cold in North Carolina,2,4,1,0.000265601,3,Usługi
What's the weather forecast for the area neighboring KS this autumn ?,2,4,1,0.0004438605,3,Usługi
Will it be stormy in Olmitz Connecticut,2,4,1,0.00016128331,3,Usługi
find The Terror Within,6,3,0,0.00045898612,3,Usługi
find a movie house showing Cage Without a Key,6,4,0,0.00019707327,3,Usługi
Book reservations at a diner that serves ribs not far from Lexington Av-53rd St,1,4,1,0.00037951057,3,Usługi
Will there be snowfall in zero PM in Estonia,2,4,1,0.00021851242,3,Usługi
What will the weather be faraway from here ?,2,4,1,0.00022158156,3,Usługi
what is the forecast for cold temps in Nevada,2,4,1,0.0006755413,3,Usługi
book a spot for ten in Upper Marlboro PR,1,2,1,0.0003536739,3,Usługi
I need a reservation in Steele City,1,4,1,0.00039842157,3,Usługi
I want to rate the Children of This Earth chronicle a rating value of 1 and a best rating of 6,4,2,0,0.0001865915,3,Usługi
"Tell me when it will be chilly in Chicken , United Kingdom",2,4,1,0.000112379996,3,Usługi
Give me the movies in the neighborhood,6,4,0,0.00024790317,3,Usługi
Will there be a cloud in VI in 14 minutes ?,2,4,1,0.00022203416,3,Usługi
Book an osteria that serves blini for 9 people.,1,1,1,0.033003874,3,Usługi
Find saga Hamilton C shell,5,3,0,0.00020883167,3,Usługi
What time will the Amco Entertainment be plying The Teeth of the Tiger,6,4,0,0.000111585636,3,Usługi
"Please book a restaurant for party of 1 in Seeley Lake on july the fourteenth, 2022 .",1,4,1,0.0004496269,3,Usługi
Make me a reservation at a delicatessen that serves tofy for a party of four in AZ,1,4,1,0.00023685305,3,Usługi
book a table at a pool bar,1,3,1,0.0007671328,3,Usługi
I want to book a far brasserie that serves minestrone in PA for a party of 9 in 15 minutes,1,4,1,0.0013881433,3,Usługi
I would like a table at a taverna with croquembouche for 1 minute from now,1,4,1,0.00024152803,3,Usługi
What will the weather be like in India at 025525 AM,2,4,1,0.00015271403,3,Usługi
"21 weeks from now elinor, crystal turner and nita want to eat german food at a bar in distant California",1,4,1,0.00027044423,3,Usługi
Is it cloudy in Choptank,2,4,1,0.00016931417,3,Usługi
add la voce to my Dubstep Dangles Dirty playlist,0,0,0,0.0001715553,3,Usługi
What's the weather going to be like not far from East Timor,2,4,1,0.00021603549,3,Usługi
show me Convicted,5,3,0,0.00016292218,3,Usługi
What's the weather close to Harmar Heights this afternoon,2,4,1,0.00017678397,3,Usługi
On 10/14/2026 I have two people to eat at Coney Island Hot Dog Stand,1,4,1,0.00019580984,3,Usługi
What's the weather forecast for my current position ?,2,4,1,0.00604296,3,Usługi
Show me the movie Sonic Triple Trouble,5,3,0,0.00035546775,3,Usługi
Give me the weather forecast for Somiedo Natural Park,2,4,1,0.005961675,3,Usługi
"make a reservation for hillary, dina chavez and alexis",1,3,1,0.00047047218,3,Usługi
Need a resevation for a cafeteria stle restaraunt in the country of Liberia for a party of 10,1,4,1,0.006568944,3,Usługi
I want to eat at a pickled cucumber brasserie in 12 months,1,4,1,0.00015796468,3,Usługi
What's the weather in Totowa WY one minute from now,2,4,1,0.00016626742,3,Usługi
I want to hear a top-50 track from Takahito Eguchi on Google Music,3,1,0,0.00014685265,3,Usługi
Reserve a table at a restaurant with wifi in France,1,4,1,0.0006378329,3,Usługi
rate this saga 0 out of 6,4,2,0,0.00019979308,3,Usługi
show me the schedule of movie Michel Strogoff,6,4,0,0.00017187904,3,Usługi
What will the weather be a nine in Willow River State Park ?,2,4,1,0.00017048369,3,Usługi
"What's the weather forecast for Glade Park on July twenty-fifth, 2033 ?",2,4,1,0.00036388182,3,Usługi
Make a restaurant reservation for me and my son at twenty three o'clock .,1,4,1,0.00014630023,3,Usługi
Please reserve a table for five to get chicken fingers at a cafeteria in Mexico .,1,4,1,0.00037715887,3,Usługi
Play Midnight Special,3,3,0,0.00020503743,3,Usługi
book a restaurant for four in Trinidad and Tobago,1,3,1,0.0068377773,3,Usługi
give three stars out of 6 in current essay,4,2,0,0.0001785708,3,Usługi
Show the movie schedules at MJR Theatres,6,4,0,0.00023357115,3,Usługi
What time is Holiday Heart showing at the movie house,6,4,0,0.00013115835,3,Usługi
What's the forecast for North AMityville ?,2,4,1,0.0022503913,3,Usługi
Find a reservation for three in Ansonia MI,1,4,1,0.00015578097,3,Usługi
Is it hot in Zephyrhills ?,2,4,1,0.00016253993,3,Usługi
Is it forecast to be stormy close to Nimule-Nationalpark 1 hour from now ?,2,4,1,0.00018412215,3,Usługi
"therese, clara and I want to go to the Tennessee Ridge",1,3,1,0.0005882573,3,Usługi
I am looking for a work called Carry You Home,5,3,0,0.0002821509,3,Usługi
Please search the title The Twilight Saga Breaking Dawn Part 2 .,5,3,0,0.0003949913,3,Usługi
Find Pat Garrett y Billy the Kid .,5,3,0,0.000115952775,3,Usługi
What is the forecast in Lono,2,4,1,0.00034116683,3,Usługi
find a movie called No More Sadface,5,3,0,0.00016172073,3,Usługi
Book me a table at a top-rated tea house in Suriname,1,4,1,0.0024836934,3,Usługi
Play 2gether by Jade Puget,3,1,0,0.00019283291,3,Usługi
Book a restaurant in Kamrar for midday .,1,4,1,0.0015178289,3,Usługi
add décadas to my list Neo da Matrix,0,0,0,0.00016709037,3,Usługi
Has the TV series Puppet Master Axis of Evil been cancelled?,5,3,0,0.00027834906,3,Usługi
Tell me what films are currently playing at AMC Theaters,6,4,0,0.0002263839,3,Usługi
What will the weather be like in 1 minute in my current position,2,4,1,0.00019533826,3,Usługi
add the artist a j pero to my Country Gold playlist,0,0,0,0.00016084597,3,Usługi
What is the predicted weather for my current spot next month ?,2,4,1,0.00018672715,3,Usługi
Go to Your Heart Belongs to Me,5,3,0,0.00018667204,3,Usługi
List movie times at Harkins Theatres,6,4,0,0.00022860427,3,Usługi
give five star to The Second Angel series,4,2,0,0.00016856745,3,Usługi
What is the weather like in Midfield Iowa today,2,4,1,0.00018980981,3,Usługi
Find a restaurant for marylou and I within walking distance of my mum's hotel,1,4,1,0.00020795158,3,Usługi
What time will the movie house be showing On the Beat,6,4,0,0.00015081411,3,Usługi
search for trailer Jazz Impressions of the U.S.A.,5,3,0,0.00027457002,3,Usługi
I'd rate Glaring Through Oblivion a zero of 6,4,2,0,0.00015913066,3,Usługi
give two out of 6 stars to current book,4,2,0,0.00018990164,3,Usługi
Add a track to the emo forever playlist.,0,0,0,0.00016856566,3,Usługi
movie schedules for Neighborhood Cinema Group,6,4,0,0.0002103995,3,Usługi
book a table in Fleetwood at a nearby deli,1,4,1,0.00024470844,3,Usługi
What are the movie times for films playing nearby,6,4,0,0.0002162329,3,Usługi
what animated movies are showing in the neighbourhood,6,4,0,0.00025058052,3,Usługi
Will it get hotter around elevenses in KS ?,2,4,1,0.00029696964,3,Usługi
I need a reservation for ten at a tavern in West Virginia,1,4,1,0.00022123712,3,Usługi
What time is American Gun playing,6,4,0,0.00010697462,3,Usługi
Find me a table at a delicatessen in Urbanette that serves rabbit pie,1,4,1,0.00038213326,3,Usługi
What's the forecast in Stobo ?,2,4,1,0.00018704875,3,Usługi
patty and I need a table booked at a highly rated restaurant in Sandstone .,1,4,1,0.00033727655,3,Usługi
Where can I get Harry Potter and the Philosopher’s Stone,5,3,0,0.0002539175,3,Usługi
How chilly will it be at 093206 am in Moncove Lake State Park ?,2,4,1,0.0001745135,3,Usługi
how's the forecast looking for supper time in Dresbach Vanuatu,2,4,1,0.00016271322,3,Usługi
"What will be the weather like in Turks and Caicos Islands around dec. sixth, 2032 ?",2,4,1,0.00020830172,3,Usługi
Find the movie schedule for Great Escape Theatres .,6,4,0,0.00018732132,3,Usługi
What is the films with movie times in the area,6,4,0,0.00023678609,3,Usługi
Play One Good Reason by Tommy Flanagan on Itunes,3,1,0,0.00014873796,3,Usługi
is it cloudy here,2,4,1,0.00043957084,3,Usługi
When is Game in the Sand playing at the movie house ?,6,4,0,9.660595e-05,3,Usługi
Please play playlist TODO REGGAETON,3,1,0,0.0003430393,3,Usługi
A Writing Kind of Day deserves three points and a best rating of 6,4,2,0,0.00019430759,3,Usługi
Will it be chilly midday in Cresbard Afghanistan ?,2,4,1,0.00019809956,3,Usługi
I'd like to reserve a table in Northcote .,1,4,1,0.0005617336,3,Usługi
Book the Space Aliens Grill & Bar in Hord WY for Feb. the twenty-seventh .,1,3,1,0.00048315793,3,Usługi
What is the weather forecast in Langdon,2,4,1,0.0012532544,3,Usługi
this album is five stars .,4,2,0,0.0001832484,3,Usługi
book me a restaurant that is close for four people in Enid,1,4,1,0.00065610907,3,Usługi
Rate Dead Boys a 0,4,2,0,0.00015897218,3,Usługi
book a table with wifi in Delaware at a restaurant in one minute,1,4,1,0.0003370953,3,Usługi
will it be cloudy in one minute in Jungo MH,2,4,1,0.00020846742,3,Usługi
Is it chilly anywhere faraway from my current place,2,4,1,0.00029131072,3,Usługi
book a spot at a highly rated tavern in Colombia,1,3,1,0.0015475295,3,Usługi
Is it forecast to be chillier in Latvia ?,2,4,1,0.00063891883,3,Usługi
is it going to be windy faraway from the Valley of Fire,2,4,1,0.00025877374,3,Usługi
"How is the weather in Getzville , Minnesota ?",2,4,1,0.00016054703,3,Usługi
Live In L.a Joseph Meyer please,3,3,0,0.00013934744,3,Usługi
Find trailer of Jazz Impressions of the U.S.A.,5,3,0,0.0002843474,3,Usługi
Play the album Cara De Dios .,3,1,0,0.00038857688,3,Usługi
"How cloudy is it in Morrisonville , Kentucky",2,4,1,0.00020295451,3,Usługi
Play While The Gate Is Open .,3,3,0,0.0007581662,3,Usługi
I need reservations at Khedive Palace that's close in town .,1,4,1,0.00015645885,3,Usługi
I want to book reservations for 8 at an indoor restaurant .,1,4,1,0.00029534686,3,Usługi
I'd like to see the current showtimes for His Kind of Woman,6,4,0,0.00017138782,3,Usługi
play fourties chant music on Last Fm,3,1,0,0.00011009896,3,Usługi
I need the weather for 7/13/2036 in Gwynedd Valley,2,4,1,0.00014769702,3,Usługi
Find a video game called Family Dog .,5,3,0,0.00032779636,3,Usługi
"humidity not far from Colorado City on November the 7th, 2024",2,4,1,0.0001422945,3,Usługi
I need a table in the state of LA for katina and josefina gray,1,4,1,0.000331445,3,Usługi
"Tell me when it will be warmer in Woods Hole , Oklahoma",2,4,1,0.000119198216,3,Usługi
book a spot for ten at a restaurant with a spa in U.S. Minor Outlying Islands,1,4,1,0.00030750807,3,Usługi
play Itunes album mondovisione,3,1,0,0.00037567213,3,Usługi
Book reservation in Gasconade at the best restaurant in DC,1,4,1,0.0004886202,3,Usługi
Can you get seating for a group of 6 at twenty o'clock at a restaurant and spa faraway from Palmyra,1,4,1,0.0001827697,3,Usługi
Add this tune to the Leche con Chocolate playlist,0,0,0,0.00016401858,3,Usługi
book me a taverna restaurant,1,3,1,0.00016138196,3,Usługi
I want television show Come Again Smith,5,3,0,0.00019299559,3,Usługi
Rate Religion and Dharma saga 1 points,4,2,0,0.00019621188,3,Usługi
rate the book A Brief History of Chinese Fiction 0 out of 6 points,4,2,0,0.00021309163,3,Usługi
I want to book a brasserie for 3 people in Netherlands Antilles .,1,3,1,0.10455576,3,Usługi
show weather forecast close-by MS in 48 and a half weeks,2,3,1,0.00035762126,3,Usługi
What's the weather like today in Sierra Blanca,2,4,1,0.00021590502,3,Usługi
Please search the Songs for the Deaf video game .,5,3,0,0.00033917243,3,Usługi
book a spot for ten at a pub that has umbrian in NV on feb. the fourth,1,4,1,0.00021479648,3,Usługi
"What will the weather be not far from here on October the nineteenth, 2026 ?",2,4,1,0.00022542223,3,Usługi
book a spot at a restaurant within walking distance of Palau,1,4,1,0.00031083208,3,Usługi
book a brasserie with parking for 1,1,3,1,0.0021597478,3,Usługi
Make a reservation far away at The Spotted Pig in SD .,1,4,1,0.0008136323,3,Usługi
Weather for my nearby current location,2,4,1,0.00011018373,3,Usługi
Book a neighboring food truck with a spa in Dallesport for 4 people.,1,4,1,0.0032235195,3,Usługi
Play the top hits of 2016,3,1,0,0.00015121911,3,Usługi
Where will The Blonde from Peking be playing,6,4,0,0.00011636319,3,Usługi
Play Taiwan Is Good by Kotoko .,3,1,0,0.00015019278,3,Usługi
What's the weather in Germantown Hills,2,4,1,0.00014926249,3,Usługi
what is the freezing forecast for British Virgin Islands,2,4,1,0.0006169812,3,Usługi
I want to watch Wide-Eyed and Ignorant,5,3,0,0.00032006964,3,Usługi
Tell me when it will be warmer in my current position,2,4,1,0.000117366224,3,Usługi
Book Nuts on Clark in Irvington for 8 people in one hour .,1,4,1,0.001698382,3,Usługi
Play some folk-rock music,3,1,0,0.00013462895,3,Usługi
I'm in MI and want to eat somwhere nearby Midday .,1,4,1,0.0004348835,3,Usługi
Assign 0 points out of 6 to The Gate of Worlds,4,2,0,0.00019148322,3,Usługi
book me a restaurant that serves green bean casserole for five people,1,4,1,0.021417424,3,Usługi
How much rain in Montana 12 months from now,2,4,1,0.00021074255,3,Usługi
Is The King of the Kitchen playing in fifteen hours ?,6,4,0,0.000121940335,3,Usługi
I'd like to rate My Beloved World two points,4,2,0,0.00016322489,3,Usługi
Can you make reservations for two people somewhere distant from Sutphin Blvd,1,4,1,0.0006986101,3,Usługi
Book a restaurant for 3 people at eighteen oclock in Saint Vincent and the Grenadines .,1,4,1,0.00056603,3,Usługi
I need a booking for seven people at Metropolitan Museum of Art .,1,4,1,0.00028081643,3,Usługi
give the current essay a 1,4,2,0,0.00020562806,3,Usługi
I'd like to see the movie schedule for movies in the area,6,4,0,0.00018262726,3,Usługi
Book a reservation for me and my wife at The Middle East in Guernsey,1,4,1,0.00033867217,3,Usługi
Play something by Duke Ellington from the seventies,3,1,0,0.00013569088,3,Usługi
Put this artist in Pachangueo Total,0,0,0,0.00019994506,3,Usługi
show me the schedule of American Primitive in Santikos Theatres,6,4,0,0.00024596305,3,Usługi
Play a song off the Nicht Sprechen album,3,1,0,0.00019301551,3,Usługi
the stars total 6 but Journey Under the Midnight Sun gets a four,4,2,0,0.00016498633,3,Usługi
What weather will HI have will there be hail twenty one minutes from now,2,4,1,0.00012574253,3,Usługi
What films are in the neighborhood,6,4,0,0.00027762036,3,Usługi
Tell me if there is wind in the forecast for Roaring River State Park,2,4,1,0.0004746898,3,Usługi
forecast for Laguna Heights Barbados,2,3,1,0.00030172034,3,Usługi
What movies are playing at Mann Theatres,6,4,0,0.00021984907,3,Usługi
The current book deserves a rating of only one .,4,2,0,0.00018049701,3,Usługi
"I need to book the Beardslee Castle in Albania for me, cassie and lesley",1,3,1,0.0002678343,3,Usługi
What is the forecast this evening for the Calipuy National Reservation,2,4,1,0.0005410418,3,Usługi
in the neighbourhood find movies with movie times,6,4,0,0.0002590351,3,Usługi
I want to book a joint close by the naomi's hostel for a meal for 8 people.,1,4,1,0.0006448605,3,Usługi
On jan. the twentieth what will it feel like in CT or the area not far from it,2,4,1,0.0022561266,3,Usługi
"Please look up the painting , Modern times .",5,3,0,0.0003031775,3,Usługi
What is the weather like in Antonito,2,4,1,0.00015475457,3,Usługi
Will it be cloudy one hour from now in my current position,2,4,1,0.00020168081,3,Usługi
Is it going to hail in Mount San Jacinto State Park,2,4,1,0.00027757516,3,Usługi
will there be a snowstorm in Leonville,2,4,1,0.0003686988,3,Usługi
I'd like to see the picture TeleForm,5,3,0,0.00041263335,3,Usługi
"What are the weather conditions in Patagonia , South Africa ?",2,4,1,0.00022641024,3,Usługi
I want to book a restaurant for four people in Eminence .,1,4,1,0.008353147,3,Usługi
Add track to fresh finds,0,0,0,0.0001524335,3,Usługi
What's the forecast for my current spot,2,4,1,0.0019572563,3,Usługi
I want to eat close to Bowlegs seven years from now,1,4,1,0.00039668556,3,Usługi
is it going to be chillier at 10 pm in Texas,2,4,1,0.0001319771,3,Usługi
"How cold is it going to be in San Marcial , AK in one second ?",2,4,1,0.00016032097,3,Usługi
"Will it get chillier in Arkinda , Myanmar ?",2,4,1,0.00040460148,3,Usługi
book a food truck for greek food for 7,1,3,1,0.00021846034,3,Usługi
I'd rate this novel a five,4,2,0,0.00017181339,3,Usługi
"Book a table for 1 , 1 second from now in Adelaide",1,4,1,0.0005151519,3,Usługi
"Book a reservation for The Dome, Edinburgh close to Brooklawn",1,3,1,0.00027245918,3,Usługi
Can you find me the SchoolTool picture ?,5,3,0,0.00026044837,3,Usługi
I want to eat supper at a Lesotho plaCE,1,4,1,0.0001691394,3,Usługi
Use itunes to play dancing playlist,3,1,0,0.00019734114,3,Usługi
What's the weather in Springside Nature Reserve at four pm,2,4,1,0.0002079251,3,Usługi
What is the humidity like in Leoti,2,4,1,0.0002571081,3,Usługi
What's the weather forecast for my current spot in eight hours ?,2,4,1,0.00020751945,3,Usługi
Find movie times .,6,4,0,0.00020936901,3,Usługi
"use netflix to play Bizzy Bone Kiss Me Goodnight, Sergeant Major",3,1,0,0.0002023664,3,Usługi
Add to my Rumba y más playlist the song by haley scarnato,0,0,0,0.00017820827,3,Usługi
I'd like a table for 6 at a restaurant in Denmark at 22,1,4,1,0.00017384735,3,Usługi
I would like to book a highly rated brasserie with souvlaki neighboring LA next week,1,2,1,0.00055329397,3,Usługi
I want to book a Minnesota bar,1,3,1,0.00018572462,3,Usługi
Play music from 1958,3,1,0,0.00011731322,3,Usługi
Find the show titled The Most Charming and Attractive,5,3,0,0.00024732668,3,Usługi
play Addicted To You by Hank Ballard,3,1,0,0.0002239059,3,Usługi
Add Steve Jones to my chill list,0,0,0,0.00016627664,3,Usługi
Book seven in neighboring Moorpark,1,3,1,0.008250885,3,Usługi
What's the weather forecast for Anniston ?,2,4,1,0.0018071248,3,Usługi
what is the movie schedules for movies in the area,6,4,0,0.00021143163,3,Usługi
Play Modern Psychedelia .,3,1,0,0.00018671098,3,Usługi
how's the weather in Brookdale Zimbabwe,2,4,1,0.00014175585,3,Usługi
I want to hear Sebastian 's songs from the thirties on Youtube,3,1,0,0.00013125865,3,Usługi
Rate the current novel 5 of 6,4,2,0,0.00020274032,3,Usługi
Play some James Cleveland .,3,1,0,0.00013769152,3,Usługi
I would give Bones of the Earth 2 points,4,2,0,0.0002070382,3,Usługi
what is the forecast for Turtle Islands National Park,2,4,1,0.006803015,3,Usługi
What are the movie times for animated movies nearby ?,6,4,0,0.00024358675,3,Usługi
What is the forecast for this Fall in Lesotho,2,4,1,0.0069008768,3,Usługi
What's the weather forecast for breakfast time in Palau ?,2,4,1,0.00018360608,3,Usługi
I want to add another album to the Scratchy Back Porch Blues playlist.,0,0,0,0.0001831535,3,Usługi
Tell me what the weather is here,2,4,1,0.0008610016,3,Usługi
what's the forecast for my current location,2,4,1,0.00087864656,3,Usługi
"Tell me if there will be a snowstorm on Sep. the second, 2028 in Olpe",2,4,1,0.00027122142,3,Usługi
is it going to be cold at 4 o'clock far from here ?,2,4,1,0.00016914941,3,Usługi
find films in 12 hours at the nearest movie theatre,6,4,0,0.0002183521,3,Usługi
book a table for 8 in China 16 hours ten minutes and one second from now,1,4,1,0.0010486953,3,Usługi
I need a table at a czech pub at seven,1,4,1,0.00018064836,3,Usługi
what is the close by Greenland forecast,2,4,1,0.0006338594,3,Usługi
Will it get hotter in the city of Ashford ?,2,4,1,0.00092156784,3,Usługi
Make me a reservation in South Carolina,1,3,1,0.0017434115,3,Usługi
I'd like to see weather conditions for Ennis .,2,4,1,0.00021619658,3,Usługi
Add this tune to my playlist named Women of Fresh Finds,0,0,0,0.00015990395,3,Usługi
Book a table for 10 people on bunker hill day at a food court which serves spätzle in Monaco,1,4,1,0.00033636604,3,Usługi
Rate The Bishop a 1,4,2,0,0.00016693241,3,Usługi
Will there be sun ten minutes from now in Uintah,2,4,1,0.00012010088,3,Usługi
I'd like to have southeastern brazilian at the pub in Dominica,1,4,1,0.00024796158,3,Usługi
show TV show schedule of Offroad Legends,5,3,0,0.00024708526,3,Usługi
Add the da brat track to the Soak Up The Sun playlist.,0,0,0,0.0001717235,3,Usługi
Lets eat at Newport Creamery in Carnot,1,4,1,0.00048002106,3,Usługi
rate the current novel zero out of 6,4,2,0,0.00020067248,3,Usługi
Make a reservation for 8 at a diner that serves haystack,1,4,1,0.00020796024,3,Usługi
I want to find a salami restaurant in Bastian IN,1,4,1,0.00031488494,3,Usługi
Play The Cherry-tree Carol by Edwin Mccain,3,1,0,0.00014499706,3,Usługi
"Book a table at Dillard House in Exell , IA",1,3,1,0.008343319,3,Usługi
"Book a table for my great grandfather and I at a place in Booker , AK .",1,4,1,0.0009009653,3,Usługi
Add this tune to the Heavy Gamer playlist.,0,0,0,0.00016115952,3,Usługi
What is going on with the weather far from my current location,2,4,1,0.0003430649,3,Usługi
I'd rate this book 1 of 6 stars,4,2,0,0.00019383588,3,Usługi
I want to book a restaurant for ten people.,1,3,1,0.0010873968,3,Usługi
"book a restaurant for me, angela and mercedes in Cimarron City , Colorado",1,3,1,0.0009642338,3,Usługi
book rosalie stewart and evelyn at a restaurant,1,3,1,0.0007248217,3,Usługi
Will it hail in 1 minute in Toms River,2,4,1,0.00020629466,3,Usługi
Book a brasserie in the Falkland Islands for this week .,1,4,1,0.005445396,3,Usługi
Rate this textbook 2 of 6 stars,4,2,0,0.00019862592,3,Usługi
What is the weather going to be like in Benton Colorado in 2 and a half months,2,4,1,0.00028548148,3,Usługi
book a spot for nine at a top-rated brasserie that has swiss within the same area of New York,1,2,1,0.00026181072,3,Usługi
Book me a reservation for 10 in Oman,1,4,1,0.00044110476,3,Usługi
Add this track to anochecer urbano,0,0,0,0.00016955452,3,Usługi
Find a table at a joint with northern brazilian food in GA,1,4,1,0.00012998613,3,Usługi
play some dance on Groove Shark,3,1,0,0.00013215937,3,Usługi
Play Listen To The Mocking Bird by Billy Martin on Youtube,3,1,0,0.00012684922,3,Usługi
Need a table for sep. first in Haiti for a party of three,1,4,1,0.00034049066,3,Usługi
book midday at a faraway cuban place for five at a top-rated bakery in Grainola,1,2,1,0.006270644,3,Usługi
play an album on Netflix by chris castle from 2011,3,1,0,0.00013087777,3,Usługi
please book a restaurant with parking facility at taverna,1,4,1,0.00031470615,3,Usługi
I need to book a restaurant for eight nearby Limerick one year from now that serves jerky,1,4,1,0.00041830895,3,Usługi
I'd like to eat at the best southeastern brazilian restaurant with five people,1,4,1,0.00020987705,3,Usługi
What's the weather in Castle at 1743,2,4,1,0.00011194676,3,Usługi
I need a reservation for four at a bar,1,4,1,0.0001899228,3,Usługi
Book a table for four around midnight in Saint Pierre and Miquelon .,1,4,1,0.0003954768,3,Usługi
Book a table for 10 people at a restaurant which offers internet .,1,4,1,0.0359433,3,Usługi
find a novel called Best Hits Live Save the Children Speed Live 2003,5,3,0,0.00017623053,3,Usługi
will it be colder in AZ than TX today,2,4,1,0.0004023271,3,Usługi
Book me a restaurant in Cyprus at a pub,1,4,1,0.00035649267,3,Usługi
can i have the local movie times,6,4,0,0.00024097935,3,Usługi
what is the weather of New Jersey Palisades at three hundred three days from now,2,4,1,0.00027303895,3,Usługi
I have a party of 10 that would like to eat outdoor at a tavern .,1,4,1,0.00026550484,3,Usługi
Rate this current essay 1 out of 6 points,4,2,0,0.00019631251,3,Usługi
rate the book saga A Coin in Nine Hands 0 points,4,2,0,0.00018577295,3,Usługi
what is the forecast for here at 8 am,2,4,1,0.00027303968,3,Usługi
Play me a popular song by Koichi Domoto,3,1,0,0.00015541883,3,Usługi
Will it get hotter far away in Afghanistan ?,2,3,1,0.0007366191,3,Usługi
Will it be chilly at 4 in Druid Hills AMerican Samoa,2,4,1,0.00014717721,3,Usługi
Play some music from 1995,3,1,0,0.00012008694,3,Usługi
weather forecast of Lakebay,2,3,1,0.0064485706,3,Usługi
I want to hear something from the nineties by Alissa Musto on Groove Shark,3,1,0,0.00013293115,3,Usługi
"Book a reservation for 1 at PM Park, Clear Lake, Iowa in Mongolia in 1 hour",1,4,1,0.0003291723,3,Usługi
this is rated 5 out of 6 for an essay,4,2,0,0.00020067272,3,Usługi
"what is the overcast forecast for the current position starting on jul. 19, 2030",2,4,1,0.00026718498,3,Usługi
"I need to book a table at a bar in Micronesia for tia, madeline and estela",1,4,1,0.00059231796,3,Usługi
I'd like to eat at Old Dutch in 15 seconds in Northern Mariana Islands,1,4,1,0.00015892107,3,Usługi
rate the current textbook zero out of 6 points,4,2,0,0.0001942154,3,Usługi
What's the weather in Singapore,2,4,1,0.00018067566,3,Usługi
book Bullfeathers,1,3,1,0.00017652812,3,Usługi
What is the rain forecast for one hour from now in South Korea,2,4,1,0.00025951196,3,Usługi
play music from 2014,3,1,0,0.00012684947,3,Usługi
Show me the nearest movie house showing He Won a Ranch,6,4,0,0.00021266885,3,Usługi
Find a place for me to eat in Connecticut for 9 and a half months from now,1,4,1,0.0003135308,3,Usługi
"Book sot for 7 at a restaurant that serves european in Stringtown on Feb. the 28th, 2034",1,4,1,0.00028379966,3,Usługi
Show me the forecast for 6 years from now in Westlake Village in Guinea,2,4,1,0.00063626055,3,Usługi
Let me get reservations for a party of three at a bar with a pool .,1,4,1,0.00044276952,3,Usługi
What's the weather like in Mountainair,2,4,1,0.00017896737,3,Usługi
Find an Oasis Drive-In close-by Beach 105th St .,1,4,1,0.0013894597,3,Usługi
"Is it warm in Califon , Tunisia",2,4,1,0.00020312278,3,Usługi
add song to Daily Lift playlist,0,0,0,0.0001629029,3,Usługi
Book a restaurant for four people in Wylliesburg .,1,3,1,0.0013713705,3,Usługi
casey and I will be in Kentucky for food,1,4,1,0.00032293412,3,Usługi
Book an indoor restaurant near Wallington for 2,1,4,1,0.0054723774,3,Usługi
I want to eat choucroute at a brasserie for 8,1,4,1,0.00023946488,3,Usługi
Out of 6 stars the last novel gets only four,4,2,0,0.00019707817,3,Usługi
Find a song called Bronco Billy .,5,3,0,0.00015696397,3,Usługi
Give the current series a two,4,2,0,0.00018423735,3,Usługi
Book a reservation for 6 at a restaurant in Deersville,1,4,1,0.0002763198,3,Usługi
Is it supposed to gt colder in OR,2,4,1,0.00015353637,3,Usługi
I need the movie schedules for Century Theatres,6,4,0,0.00020774899,3,Usługi
Is there going to be a depression in Point Washington State Forest,2,4,1,0.001669192,3,Usługi
List movie schedules,6,4,0,0.00020155072,3,Usługi
Will it rain in Deersville,2,4,1,0.00023596574,3,Usługi
Book a table for 8 at a restaurant that serves far breton .,1,4,1,0.00072013383,3,Usługi
Please look up for Disney Universe .,5,3,0,0.00021173879,3,Usługi
For my playlist chill add the name Cater Fe She,0,0,0,0.00019137502,3,Usługi
Is Rare Birds showing at the nearest movie theatre at noon .,6,4,0,0.00023220427,3,Usługi
Will it be warm here in one hour,2,4,1,0.00022942008,3,Usługi
Please play some Black Metal music,3,1,0,0.00015956355,3,Usługi
Book the Coon Chicken Inn in Baker City for 4 people.,1,3,1,0.00083511986,3,Usługi
"Will it be rainy this Monday in Le Center , Thailand",2,4,1,0.00017338412,3,Usługi
Book a table for nine people in Svalbard and Jan Mayen .,1,5,1,0.88967174,3,Usługi
Book a table for two in Oklahoma,1,3,1,0.001337332,3,Usługi
tell me the weather for next week at Cathedral State Park,2,4,1,0.00021327383,3,Usługi
Is it going to be windy five minutes from now in NJ,2,4,1,0.00019454784,3,Usługi
I need a table for 4 in Pelland,1,4,1,0.00028421858,3,Usługi
"Will the weather be stormy on january the 15th, 2026 in the Federated States Of Micronesia",2,4,1,0.00028109836,3,Usługi
add Joe Gibbs to my The Bachelor Party playlist,0,0,0,0.00017648292,3,Usługi
I need a reservation for a pizzeria nearby Vigus,1,4,1,0.0003645167,3,Usługi
Please search the An Introduction to Karl Marx painting .,5,3,0,0.001123624,3,Usługi
add dj clay to my canciones del recuerdo,0,0,0,0.00018859695,3,Usługi
play 1951 tunes,3,1,0,0.00013808924,3,Usługi
find films scheudle in the neighborhood at 2,6,4,0,0.00018823611,3,Usługi
Find me the soundtrack A Honeymoon Adventure,5,3,0,0.00027110096,3,Usługi
book a restaurant this year in Manning,1,3,1,0.0049828696,3,Usługi
add Daedelus to my Lazy Chill Afternoon,0,0,0,0.00015974598,3,Usługi
"Check the weather for Kenedy , Vanuatu for around nine am",2,4,1,0.00014063822,3,Usługi
Book a restaurant this year for party of 2,1,2,1,0.0015809102,3,Usługi
Will it snowstorm in Long Lake National Wildlife Refuge,2,4,1,0.00023393668,3,Usługi
Book me a restaurant ten minutes from now,1,4,1,0.00034250354,3,Usługi
Find a soundtrack called Tied to a Star .,5,3,0,0.0002449245,3,Usługi
"Book a reservation for a restaurant in Stonewood , GU",1,3,1,0.0071237017,3,Usługi
add the song to my We Everywhere playlist,0,0,0,0.00016385881,3,Usługi
What is the nearest movie house playing George Washington Slept Here,6,4,0,0.00019045148,3,Usługi
book a spot at a tsipouro restaurant in Connecticut,1,3,1,0.0009855158,3,Usługi
Will it be colder in Oswego 16 weeks from now ?,2,4,1,0.00030583324,3,Usługi
book a spot at a steakhouse with internet,1,4,1,0.0006598285,3,Usługi
Play the most popular Johnny Clarke on Deezer .,3,1,0,0.00011777537,3,Usługi
The Young Lion saga gets a solid 4 points out of 6 .,4,2,0,0.000209682,3,Usługi
book a spot for five in the same area as 72nd St,1,2,1,0.0002019347,3,Usługi
"Book a restaurant that serves meze in Roseville FL with meredith, louisa and corrine .",1,4,1,0.05575566,3,Usługi
Show me the movie schedule for Neighborhood Cinema Group,6,4,0,0.00020693825,3,Usługi
Book a table for a party of twelve in Lewisville AMerican Samoa for a party of 7 at the Ballachulish House,1,4,1,0.00041727343,3,Usługi
Play a top-five song by Pete Candoli .,3,1,0,0.00015940677,3,Usługi
"book a table for me, leanne and tami at a restaurant serving caucasian food",1,4,1,0.012320435,3,Usługi
My Life as a Fake is one out of 6,4,2,0,0.00023129935,3,Usługi
what is the weather forecast for Shasha Forest Reserve in 43 weeks,2,4,1,0.00020488551,3,Usługi
"What's the forecase for Inverness on February 5th, 2031 ?",2,4,1,0.00034684272,3,Usługi
"What's the weather like in Boca Raton , IA",2,4,1,0.00014392221,3,Usługi
I want to book a pastelaria cafe in Alabama for me and my great grandfather .,1,3,1,0.0015530306,3,Usługi
"Is it freezing in Offerman , California ?",2,4,1,0.000258542,3,Usługi
Book a reservation for a trentino restaurant in Kansas,1,3,1,0.004514222,3,Usługi
"book a pub in Santa Claus , New Jersey for the First Day Of Sukkot",1,4,1,0.0012965557,3,Usługi
Play the artist Tei last concert on Netflix,3,1,0,0.00014650526,3,Usługi
book a spot for 10 in the same area of Inwood - 207th St,1,2,1,0.00034076994,3,Usługi
Will it hail in Villa,2,4,1,0.0005562597,3,Usługi
what is the October 19th forecast for Iran,2,4,1,0.0018655269,3,Usługi
Tell me when there will be a snowstorm in Clifton Forge,2,4,1,0.00016534043,3,Usługi
I'd like seats for five at a place in Verden right now,1,4,1,0.00024156932,3,Usługi
"Book a table at Top Pot Doughnuts in Greensburg , AMerican Samoa",1,3,1,0.008595418,3,Usługi
melba and I want to dine in Barbados next Jun.,1,4,1,0.001995621,3,Usługi
Rate this album a one,4,2,0,0.0001594428,3,Usługi
Play me a song by Linn Berggren from Spotify,3,1,0,0.00014830357,3,Usługi
I want to book a table for two at a close by bar in Kuwait .,1,4,1,0.00029108676,3,Usługi
book a spot for ten in MS,1,2,1,0.00015859051,3,Usługi
add megon mcdonough indie songs for slackers to my playlist artist,0,0,0,0.00017476823,3,Usługi
What's the weather at my current location,2,4,1,0.0001316572,3,Usługi
book me a reservation at a pub restaurant that serves meatball in Stehekin for 2 people on 1/1/2018,1,4,1,0.0002761152,3,Usługi
"How much hotter will it be 40 weeks from now in Blue Island , North Dakota ?",2,4,1,0.00019468655,3,Usługi
"Does the forecast show a storm in Maquoketa , NH around July sixth ?",2,4,1,0.00030666517,3,Usługi
What is the weather one minute from now in Ocilla,2,4,1,0.00015896939,3,Usługi
Will it be snowy here soon,2,4,1,0.00035407886,3,Usługi
I want the show The Sense Apparatus,5,3,0,0.00032731725,3,Usługi
rate the book Now and Forever 1 out of 6 points,4,2,0,0.00019727275,3,Usługi
Please put the album onto fresh folk .,0,0,0,0.00028948512,3,Usługi
what is the 11 pm forecast for here and far,2,4,1,0.00035232297,3,Usługi
What's the weather here ?,2,4,1,0.00021941026,3,Usługi
I need a fast food restaurant that will seat two in a smoking room .,1,4,1,0.00036579886,3,Usługi
What films are playing at the closest cinema,6,4,0,0.00024429482,3,Usługi
"What is the weather forecast in Ulen on mar. 2nd, 2035",2,4,1,0.00023125755,3,Usługi
Tell me the forecast for breakfast at Miller's Cove,2,4,1,0.007328034,3,Usługi
Tell me if it'll be freezing next month in Rhode Island,2,4,1,0.0014783796,3,Usługi
Will it be hot here at 22 o'clock ?,2,4,1,0.00015953003,3,Usługi
Book reservations at a restaurant in Iron Springs,1,4,1,0.0003640128,3,Usługi
Tell me if it'll be hotter a week from now in Waxhaw,2,4,1,0.00043560512,3,Usługi
"What will be wind speed in Tiplersville , South Sudan ?",2,4,1,0.00014095404,3,Usługi
play Going Down To The River on Pandora,3,1,0,0.00012612148,3,Usługi
what is the weather forecast for Åland,2,4,1,0.018318668,3,Usługi
add Chrome Reflection to my throwback thursday playlist,0,0,0,0.00016482097,3,Usługi
rate this series two of 6,4,2,0,0.0001909246,3,Usługi
what is the Southern Shops forecast for warm temps,2,4,1,0.00015986548,3,Usługi
book a cafe table for one that has internet access,1,3,1,0.0018023689,3,Usługi
I want a table for my grandson and I somewhere in Arkansas,1,4,1,0.0005549555,3,Usługi
find War & Peace Vol. 1,5,3,0,0.0001948387,3,Usługi
Find movie times .,6,4,0,0.00020936901,3,Usługi
Can I reserve the Khedive Palace restaurant for aug. fifth in Christina ?,1,4,1,0.0006893508,3,Usługi
Lets eat now somewhere in Roach,1,4,1,0.0013374011,3,Usługi
"What are the weather conditions going to be like in Manhasset , Vermont on Dec. the 6th, 2036 ?",2,4,1,0.00023974193,3,Usługi
rate Heath Ledger His Beautiful Life and Mysterious Death 1 stars,4,2,0,0.00017528074,3,Usługi
Book a brazilian diner for 9 that's highly rated within the same area as Comoros,1,2,1,0.0002336477,3,Usługi
Play music by Country Dick Montana .,3,1,0,0.00014486819,3,Usługi
Book a restaurant in Gate City for 5 people.,1,4,1,0.0087032,3,Usługi
book a spot for 2 at a restaurant in Mayotte at 0613 AM,1,4,1,0.00019567288,3,Usługi
Book a restaurant in the Maldives in one second .,1,4,1,0.00039904047,3,Usługi
will it be sunny a lot in Honduras next autumn,2,4,1,0.00044554705,3,Usługi
what is the movie schedule of animated movies in the area,6,4,0,0.00023243406,3,Usługi
What's the forecast for East Sonora Qatar,2,4,1,0.0017431906,3,Usługi
When will The Flower and the Angry Waves be showing?,6,4,0,0.00022274801,3,Usługi
Rate The Lie Tree five,4,2,0,0.00016052574,3,Usługi
book a spot at the best brasserie near Saudi Arabia,1,4,1,0.00040866426,3,Usługi
Give The Resistance 2 out of 6 stars .,4,2,0,0.00019891583,3,Usługi
What's it like in my current location,2,4,1,0.0013064253,3,Usługi
"Book a reservation for leticia, melva and twila edwards at Glassy Junction for five pm within the same area of our secondary residence",1,4,1,0.00027802217,3,Usługi
add this song by deron miller to my party on fridays playlist,0,0,0,0.00016774322,3,Usługi
I want to book a restaurant with a pool for five in Conehatta,1,4,1,0.0007741167,3,Usługi
Give this album 2 / 6 .,4,2,0,0.00017909179,3,Usługi
Book a best restaurant in Wrigley .,1,3,1,0.0013207651,3,Usługi
I want to add Sin rencor to my playlist entitled te quiero,0,0,0,0.00016194709,3,Usługi
Is the forecast windy in Nigeria on Nov. the 6th,2,4,1,0.00017954627,3,Usługi
Show me the photograph Johnny Cash The Complete Columbia Album Collection,5,3,0,0.00035280635,3,Usługi
"Tell me the weather forecast for my current spot on dec. fourth, 2021",2,4,1,0.0024776482,3,Usługi
Will it be snowy in the current place ?,2,4,1,0.00035368843,3,Usługi
put this frederick knight track on my the midnight hour playlist,0,0,0,0.00017716757,3,Usługi
What will the weather be in Tajikistan on Dec. twentieth ?,2,4,1,0.00015612121,3,Usługi
book australian food in Armour for 7 pm for four at a pub best rated in UT,1,2,1,0.00069348904,3,Usługi
book sot for me and my grandfather nearby West Reading,1,3,1,0.0005936065,3,Usługi
Play Pacific Ocean Blues by John Doe on Lastfm,3,1,0,0.00013769764,3,Usługi
Tell me if it will hail in Elliotts Bluff at five o'clock,2,4,1,0.00020387584,3,Usługi
Add song to my Club Hits,0,0,0,0.00016498366,3,Usługi
Play music from the eighties on Slacker .,3,1,0,0.00013164693,3,Usługi
Book reservations at a restaurant for me and my ex husband in West Virginia,1,4,1,0.0015565936,3,Usługi
I need a reservation for a restaurant close by their hostel,1,4,1,0.0002943922,3,Usługi
Book spot for eight at bar that serves potée,1,4,1,0.0001358103,3,Usługi
"I'd like a table for my teenager and I at the Washington, D.C. Jewish Community Center",1,4,1,0.00023000952,3,Usługi
"add Hello Central, Give Me Heaven to Indie Pop",0,0,0,0.00016889372,3,Usługi
Is there rain in Nauru at 6 am,2,4,1,0.0001271995,3,Usługi
Is the start eim 23 hours twenty one minutes and one second from now for Morgan – A Suitable Case for Treatment at Santikos Theatres,6,4,0,0.0001820855,3,Usługi
find Lost in Space,6,3,0,0.0005067368,3,Usługi
What is the best restaurant in Kentucky for ten at 0 am,1,4,1,0.00020491493,3,Usługi
find a video game called Fare Thee Well Celebrating 50 Years of the Grateful Dead,5,3,0,0.00030801646,3,Usługi
Book a top-rated food court in GU .,1,3,1,0.001957699,3,Usługi
Will there be a fog here this week ?,2,4,1,0.0007973999,3,Usługi
Give the current textbook 2 of 6,4,2,0,0.00019901338,3,Usługi
I would like to book a restaurant for two in 42 weeks from now in Wagram,1,4,1,0.00030590154,3,Usługi
book a restaurant on next fall for 5,1,2,1,0.00021744477,3,Usługi
Tell me when it'll be hotter here,2,4,1,0.00013240539,3,Usługi
Play some amber kuo from the eighties on Spotify .,3,1,0,0.00012909908,3,Usługi
rate The Eighth Day three stars out of 6,4,2,0,0.00019421469,3,Usługi
Need a jewish in Maine to book a restaurant,1,3,1,0.0014274563,3,Usługi
"Book The Crown at Whitebrook in the Solomon Islands for Dec. the twenty-third, 2029 .",1,3,1,0.012182704,3,Usługi
Will it be freezing here in 9 seconds,2,4,1,0.0002702663,3,Usługi
What's the weather in Kiahsville in the Cayman Islands,2,4,1,0.00014455861,3,Usługi
in two hundred forty eight days what will MP weather be like,2,4,1,0.00035627084,3,Usługi
I need a reservation for National Coney Island with a party of 8 in NV,1,4,1,0.00048064213,3,Usługi
whats the forecast for Redby,2,4,1,0.0017351335,3,Usługi
Find a coffeehouse in Illinois for three,1,4,1,0.0002778469,3,Usługi
Please search for the TV series titled I Need Romance .,5,3,0,0.00032174066,3,Usługi
"What's the weather going to be like in Fort Point, San Francisco tomorrow ?",2,4,1,0.00016697973,3,Usługi
What is the weather forecast for here,2,4,1,0.0014907401,3,Usługi
I give this book a 5 .,4,2,0,0.00020472775,3,Usługi
Is it chilly on oct. 19th in IL,2,4,1,0.00018426064,3,Usługi
I want to book a restaurant in Niger for seven people.,1,4,1,0.0111819925,3,Usługi
I need to add baro ferret to the Urban Hits under my name,0,0,0,0.00017769175,3,Usługi
"Will it be warm next winter in Smolan , Burkina",2,4,1,0.0003826829,3,Usługi
Play Kaori Mochida 's most popular music on Google Music .,3,1,0,0.0001317783,3,Usługi
play drive playlist,3,1,0,0.00021585476,3,Usługi
book spot for my nieces and I at a tea house,1,4,1,0.00028995663,3,Usługi
book a restaurant for five in karnataka,1,3,1,0.006511973,3,Usługi
What is the forecast for DE on 9/11/2035,2,4,1,0.00065088755,3,Usługi
book a spot for six at Bear Hotel in 5 seconds,1,4,1,0.00019953575,3,Usługi
add Michael Hayvoronsky to Lo Que Suena Los Angeles,0,0,0,0.00015819648,3,Usługi
find The Hundred-Foot Journey,5,3,0,0.00063106016,3,Usługi
What time is Murph the Surf playing,6,4,0,0.00010492343,3,Usługi
I want tables for 6 at a kosher steakhouse around Kosovo,1,4,1,0.0002874457,3,Usługi
I need a table at a restaurant in Ireland serving kouglof,1,4,1,0.00032258662,3,Usługi
What is the movie schedule for Train,6,4,0,0.00016179707,3,Usługi
Restaurant in Durant for 3 PM,1,4,1,0.00014603225,3,Usługi
I need to book a reservation in Searsport at eleven am,1,4,1,0.0001826954,3,Usługi
find films at Showcase Cinemas,6,4,0,0.0002313004,3,Usługi
what is the forecast now in Duson,2,4,1,0.00032862084,3,Usługi
I want to book a pub in Juniper for 8 that serves bûche de noël,1,4,1,0.0006433641,3,Usługi
Will there be a blizzard next friday close in TN ?,2,4,1,0.00023956914,3,Usługi
what is the forecast for assumption of mary in IN for the weather depression,2,4,1,0.003410629,3,Usługi
Play thirties on Lastfm,3,1,0,0.000112485526,3,Usługi
I am looking for Shoot Me Down,5,3,0,0.0001495345,3,Usługi
Book a restaurant that serves vezione verro one second from now .,1,4,1,0.0005899883,3,Usługi
give 1 stars to book Mr Ponsonby,4,2,0,0.00015897384,3,Usługi
What's the weather going to be in 7 hours in FM,2,4,1,0.00015569775,3,Usługi
book spot for two at City Tavern,1,4,1,0.00013565058,3,Usługi
Play me the saga The Party’s Over,5,3,0,0.00020970506,3,Usługi
Lets go eat in Friday 43 days from now,1,4,1,0.0002725543,3,Usługi
Book a restaurant in Liechtenstein for seven people.,1,3,1,0.00078582816,3,Usługi
"Book a table for me, naomi and elisabeth at a brasserie with wifi",1,4,1,0.0016678055,3,Usługi
"What will the weather be like on january 2nd, 2025 in GA",2,4,1,0.00020566442,3,Usługi
Play the seventies album on last fm,3,1,0,0.000120323224,3,Usługi
Check the forecast for Nebraska .,2,3,1,0.0030919465,3,Usługi
book a restaurant in Anguilla for one at National Coney Island,1,4,1,0.0006763812,3,Usługi
"I need a place that serves smelt for a party of 4 , preferably a taverna",1,4,1,0.0007525192,3,Usługi
Please let me know the weather forecast in Louisiana state,2,4,1,0.0008698952,3,Usługi
Is it warm in West Monroe,2,4,1,0.00016944017,3,Usługi
book in RI for one in Wabuska,1,4,1,0.0066579934,3,Usługi
book a spot for 6 at a gateau restaurant,1,4,1,0.00024866892,3,Usługi
Is it going to be warmer in Central Cebu Protected Landscape,2,4,1,0.0002589512,3,Usługi
Put 4 points to The Last Island book,4,2,0,0.00015392981,3,Usługi
Add rev-raptor to 90s Indie,0,0,0,0.0001643383,3,Usługi
Find a reservation at Fish Express,1,4,1,0.00012231471,3,Usługi
Play music from 2015,3,1,0,0.00012512728,3,Usługi
book a spot for me and my great grandfather at a brasserie with a pool at 7 am,1,4,1,0.00026023717,3,Usługi
Lets get a table for 10 at Space Aliens Grill & Bar,1,4,1,0.00023512967,3,Usługi
"Book something for darlene, tessa and maxine at a restaurant for 095827",1,4,1,0.0008234183,3,Usługi
book a cafe for one in the Cocos Islands,1,3,1,0.0047722305,3,Usługi
Is it warm in New Jersey in 23 minutes and fourteen seconds,2,4,1,0.00022172487,3,Usługi
I need to book a table for 4,1,4,1,0.0042013354,3,Usługi
book a brasserie for one,1,3,1,0.00018504915,3,Usługi
What's the weather supposed to be like in Elmer City,2,4,1,0.00023319396,3,Usługi
Put some frank ferrer into my edna st vincent millay playlist.,0,0,0,0.00016241573,3,Usługi
When will WI be temperate ?,2,4,1,0.00020049038,3,Usługi
Add an album by m g sreekumar to my laidback acoustic playlist.,0,0,0,0.00019119232,3,Usługi
book a highly rated restaurant in Central African Republic for 5 people on sep. the second,1,2,1,0.00017738994,3,Usługi
Rate this novel three out of 6 stars,4,2,0,0.00019930612,3,Usługi
Play Remains of the Day,5,1,0,0.00019607325,3,Usługi
Make me a reservation for a party of 6 at a pub at five o'clock in Arizona that serves waffles in the city of Hat Creek,1,4,1,0.0001975738,3,Usługi
What is the weather here at 7 am ?,2,4,1,0.00014374552,3,Usługi
book a carolina style restaurant in North Korea for my grandkid and I,1,3,1,0.0011130507,3,Usługi
"What's the weather forecast for Hooven , Lithuania on National Grandparents Day ?",2,4,1,0.0004830101,3,Usługi
"What is the weather forecast for my current spot on Jan. third, 2036",2,4,1,0.0004234731,3,Usługi
Weather for noon in CA,2,4,1,0.00014030053,3,Usługi
book a osteria with smoking room in Creola,1,4,1,0.36173213,3,Usługi
add what if punk never happened to autumn,0,0,0,0.00033009442,3,Usługi
What is the weather forecast for Siler City Russia,2,4,1,0.0035709685,3,Usługi
Book reservations at a  for seven at a highly rated restaurant that serves kosher food in VI,1,4,1,0.0006711085,3,Usługi
Will it be colder in Litchfield,2,4,1,0.0002501778,3,Usługi
Book a restaurant for 3 in New Mexico .,1,3,1,0.00041365527,3,Usługi
book a spot for six at a restaurant in NJ,1,4,1,0.0002703429,3,Usługi
Is it hot here,2,4,1,0.00022676087,3,Usługi
Show the forecast for Tanintharyi Nature Reserve,2,3,1,0.00044479946,3,Usługi
Can you tell me the weather forecast for Samoa,2,4,1,0.2982602,3,Usługi
I need a table for 5 at a brasserie that has a reuben sandwich,1,4,1,0.00029049214,3,Usługi
how's the weather looking in Pheba,2,4,1,0.00017277771,3,Usługi
Rate this novel 1 of 6,4,2,0,0.00020274028,3,Usługi
book a table at a restaurant in Lucerne Valley that serves chicken nugget,1,4,1,0.0122399125,3,Usługi
Play a twenties soundtrack on Youtube,3,1,0,0.00012354844,3,Usługi
Rate Rajinikanth The Definitive Biography one out of 6 stars,4,2,0,0.00017072115,3,Usługi
"Book a restaurant in Nebraska on january 25, 2034 for me and my mommy .",1,3,1,0.00047957333,3,Usługi
Play some seventies music on netflix .,3,1,0,0.00012549595,3,Usługi
restaurant named The Palm in Tennyson MI,1,4,1,0.0008257793,3,Usługi
I need a reservation for next week with a party of six,1,4,1,0.0003929654,3,Usługi
I need a table in Sacaton at a gluten free restaurant,1,4,1,0.0002472976,3,Usługi
gve 2 points to The Stinky Cheese Man and Other Fairly Stupid Tales,4,2,0,0.00019609305,3,Usługi
Get me reservations for an indoor Honduras restaurant .,1,4,1,0.010383091,3,Usługi
Add a rating of zero points out of 6 to The Inheritance of Loss,4,2,0,0.0001872298,3,Usługi
I need movie times in the area for any type of movies,6,4,0,0.0002035316,3,Usługi
Find the movie schedule for the Cineplex Odeon Corporation .,6,4,0,0.00017022042,3,Usługi
i need a table at a close by restaurnt in Hackney for ten,1,4,1,0.00021887595,3,Usługi
show me the schedule of movie Interview The Documentary in Loews Cineplex,6,4,0,0.00023989718,3,Usługi
what is the forecast for Sanilac Petroglyphs Historic State Park,2,4,1,0.0037485359,3,Usługi
is Unbeatable Harold at Century Theatres,6,4,0,0.00024668188,3,Usługi
book a table at Atlantic Grill in Lofgreen,1,4,1,0.0028870655,3,Usługi
Can you get me seating at a pub in South Korea that serves milk toast for supper,1,4,1,0.00046543186,3,Usługi
What is the weather one second from now in Blue Ridge Berryessa Natural Area,2,4,1,0.00015256132,3,Usługi
Is it going to storm in Black Rock Alaska,2,4,1,0.0001942953,3,Usługi
what is the forecast for january twenty-eighth in Kentmore Park,2,4,1,0.00018134023,3,Usługi
give 4 points to Fight Club,4,2,0,0.00017683544,3,Usługi
book a spot for six friends,1,3,1,0.00012706945,3,Usługi
Book The Oriel in Allison for a party of four .,1,3,1,0.004264839,3,Usługi
Find a movie called Greatest Time of Year .,5,3,0,0.00013803673,3,Usługi
Tell me the weather forecast for UT on thursday,2,4,1,0.0144080985,3,Usługi
find the closest movie theatre with animated movies,6,4,0,0.0002426339,3,Usługi
"Will it be hot in West Union , Malaysia",2,4,1,0.00015423834,3,Usługi
What will the weather be at thirteen in NJ ?,2,4,1,0.00014234679,3,Usługi
"renee sanders, marlene and jewel want to go to a gastropub in the spa",1,4,1,0.00067526434,3,Usługi
Book a restaurant in Michigan for 4 people.,1,3,1,0.0004373016,3,Usługi
Is it hotter close by Waubay ?,2,4,1,0.00019380005,3,Usługi
Will there be rainfall faraway from Uganda,2,4,1,0.00079577306,3,Usługi
book for seven at Cozy Dog Drive In,1,4,1,0.00014258293,3,Usługi
I'd like to see a movies at the nearest movie house,6,4,0,0.00023517077,3,Usługi
"I'd like to go to the Venetian Theatre in Gabon , party of seven",1,4,1,0.00028324025,3,Usługi
Play some Dave Pearce .,3,1,0,0.00017168916,3,Usługi
Book a reservation for nine people at the best pub nearby Tangier in six months,1,4,1,0.00018327562,3,Usługi
Will it be chilly in Weldona ?,2,4,1,0.0002387043,3,Usługi
"Lets take me, cherry and tracie to a Noyack bar",1,4,1,0.0036901175,3,Usługi
I would like to book a tea house at 0805,1,4,1,0.00022976553,3,Usługi
Give 0 rating to In the Heart of the Country,4,2,0,0.00015125128,3,Usługi
book a spot for one at a restaurant in ID,1,4,1,0.00030483629,3,Usługi
What will the weather be one hour from now in AS ?,2,4,1,0.00015437823,3,Usługi
Will it be colder at five o'clock at the Apolobamba Integrated Management Natural Area,2,4,1,0.00016834318,3,Usługi
Give me the movie schedules at Showcase Cinemas .,6,4,0,0.00024936054,3,Usługi
Rate this essay two points,4,2,0,0.00019688692,3,Usługi
"I need a reservation for a party of three , maybe a gastropub that sells steak .",1,4,1,0.0008541118,3,Usługi
rate Peveril of the Peak a five,4,2,0,0.00014432364,3,Usługi
how cold is it in Princeton Junction,2,4,1,0.00017244378,3,Usługi
Book a table for ten people at a restaurant which serves snack .,1,4,1,0.0013801004,3,Usługi
What will the weather be at Noon in Durbin OH ?,2,4,1,0.0001619331,3,Usługi
Get me the Secret South song .,5,3,0,0.00020787951,3,Usługi
What is the television show Phil Ochs There but for Fortune playing,5,3,0,0.0003240813,3,Usługi
"I want to book a restaurant in a distant ID spa for lidia, latasha and diann .",1,4,1,0.0049698683,3,Usługi
Book a table for 9 people for four pm in Johnson .,1,4,1,0.00040393227,3,Usługi
Find a movie called Dorothy and the Witches of Oz .,5,3,0,0.00025817318,3,Usługi
Will it get chillier in North Creek Forest ?,2,4,1,0.00037331096,3,Usługi
Book a table at a faraway brasserie in NJ .,1,3,1,0.00055571133,3,Usługi
Find the movie times now .,6,4,0,0.00022882843,3,Usługi
Play some twenties theme music on Google Music .,3,1,0,0.00012282773,3,Usługi
I want a table for 7 at a popular cafeteria on Holy Saturday in GA,1,4,1,0.00017816461,3,Usługi
Is there a blizzard coming tomorrow in Methuen Uganda,2,4,1,0.00030692358,3,Usługi
What's the weather in Dazey,2,4,1,0.00014529069,3,Usługi
Show weather forecast nearby Elk City State Park,2,3,1,0.00032006003,3,Usługi
What's the weather next week in Somis,2,4,1,0.00018797845,3,Usługi
"add this album to my playlist named Café, Libros",0,0,0,0.00016955503,3,Usługi
find a novel called Chemistry - An European Journal,5,3,0,0.0006038577,3,Usługi
I need a reservation for Orthodox Good Friday,1,4,1,0.00033098808,3,Usługi
"Tell me if it'll be rainy here on Dec. the 25th, 2033",2,4,1,0.0007047376,3,Usługi
show creative picture of The Secret Doctrine,5,3,0,0.0004839024,3,Usługi
Book me a restaurant please.,1,3,1,0.00018293534,3,Usługi
Book a table for 6 at a top-rated restaurant in North AMityville MA that serves south tyrolean food,1,4,1,0.0016680853,3,Usługi
what is MO forecast for hotter temps in Kalkaska,2,4,1,0.00026900313,3,Usługi
Get me the Trick or Treats soundtrack .,5,3,0,0.00028108072,3,Usługi
I would give this current textbook five points or a rating of 6,4,2,0,0.00019176467,3,Usługi
"Please book reservations at a restaurant that serves empanada , party for three with betty and dolly .",1,4,1,0.0002442439,3,Usługi
book a table for vermicelli at a restaurant,1,4,1,0.000565919,3,Usługi
I need seats for six at a vegan bar in London Borough of Enfield or the same distant in one second,1,4,1,0.00022806383,3,Usługi
Show me the forecast for Anatone Louisiana on November 7th,2,3,1,0.0111845,3,Usługi
Add the frank beard song to the Soft Pop Hits playlist,0,0,0,0.00016433962,3,Usługi
Book the nearby Meriton Grand Hotel Tallinn in Missouri .,1,3,1,0.0021109793,3,Usługi
Will it be overcast at 18 o'clock in ID,2,4,1,0.00012986203,3,Usługi
Will it be overcast in my current location at twelve PM .,2,4,1,0.00015092368,3,Usługi
I need a reservation for five at a top-rated english restaurant in Elma,1,4,1,0.00023892231,3,Usługi
What's the forecast in Klamath Marsh National Wildlife Refuge ?,2,4,1,0.00035459694,3,Usługi
Lets eat near Oakfield 17 seconds from now at Ted Peters Famous Smoked Fish,1,4,1,0.00026683125,3,Usługi
"I need to book a restaurant in Burkettsville in 2 years for rhoda adams, roxanne and I",1,4,1,0.00031100205,3,Usługi
Play Spotify,3,1,0,0.0001274271,3,Usługi
Give this novel 5 stars,4,2,0,0.0001984305,3,Usługi
table for 5 A.m . at Baker's Keyboard Lounge,1,4,1,0.00014456522,3,Usługi
what is the forecast for here at tea time,2,4,1,0.00024451755,3,Usługi
show creative book named Pencil Thin Mustache,5,3,0,0.00029242435,3,Usługi
"What's the weather forecast for TN on december seventh, 2026 ?",2,4,1,0.00042494154,3,Usługi
Lets go and take elsa and I to Westhampton Beach in 1 hour to the american chinese cuisine at the tea house,1,4,1,0.00030903425,3,Usługi
Is it chilly in Nightmute,2,4,1,0.00017094132,3,Usługi
rate this essay a 3,4,2,0,0.0001864998,3,Usługi
Get me a table at Eighth Step Coffee House in Germania for 7,1,4,1,0.00019433677,3,Usługi
Book a table for nine people next mar .,1,3,1,0.00023782412,3,Usługi
Book a table for 7 at a popular bistro distant from Kremmling,1,4,1,0.0002269758,3,Usługi
Is any cinema playing The Spirit of Youth,6,4,0,0.00019137576,3,Usługi
The Comics We Loved gets 1 out of 6 points,4,2,0,0.00020323184,3,Usługi
Book a table for a party of 7 next year in ID .,1,4,1,0.07607582,3,Usługi
What will the weather be in Michigan ?,2,4,1,0.00019104392,3,Usługi
What will the weather be this year in Horseshoe Lake State Fish and Wildlife Area ?,2,4,1,0.00022061559,3,Usługi
me and my grandmother want to eat umbrian food on January the 7th at a brasserie .,1,4,1,0.0004843236,3,Usługi
"Book a table for 9 people at a delicatessen for April the twenty-eighth, 2018 .",1,4,1,0.001911953,3,Usługi
Does Wildorado have a hot temperature,2,4,1,0.00022213018,3,Usługi
Add an album by Jenifer to my travelling playlist,0,0,0,0.00018422984,3,Usługi
Add a tune to the Calm Vibes playlist.,0,0,0,0.00017256406,3,Usługi
party for 2 in Cleveland,1,4,1,0.0007081209,3,Usługi
I want to book the best manadonese restaurant for six at 2149 that is distant from my baby's work,1,4,1,0.0005067896,3,Usługi
Book me a table for nine at a bar with parking in Qatar,1,4,1,0.00017991915,3,Usługi
I'd like to go to a restaurant in French Polynesia,1,3,1,0.0010732504,3,Usługi
find animated movies in the neighborhood,6,4,0,0.00025601723,3,Usługi
in the neighbourhood find movies starting in thirteen hours,6,4,0,0.00021750003,3,Usługi
reserve a table for two at the restaurant at 9 pm,1,4,1,0.00015078534,3,Usługi
rate the Beyond Black saga a one,4,2,0,0.00019544433,3,Usługi
book a table in Connecticut in Robinette for one second from now,1,4,1,0.00051861693,3,Usługi
I this this current essay should be rated a three,4,2,0,0.00016939323,3,Usługi
Can you get me a table at a tavern in Slovakia,1,4,1,0.00075282005,3,Usługi
rate The Princess Mouse A Tale of Finland one of 6,4,2,0,0.00018731692,3,Usługi
Look for Little Computer People,5,3,0,0.00045889808,3,Usługi
What is the humidity like in faraway on AK,2,4,1,0.00032627827,3,Usługi
this chronicle of The Origins and History of Consciousness is a three,4,2,0,0.0003212253,3,Usługi
Book the Light Horse Tavern for 4 people.,1,2,1,0.001289219,3,Usługi
Is the forecast stormy this afternoon in Maryland ?,2,4,1,0.00034538377,3,Usługi
I'd like to eat in Iran with a party of 9 on sep. the 12th,1,4,1,0.00033074475,3,Usługi
When is Purple Heart scheduled at the nearest movie house ?,6,4,0,0.0001525923,3,Usługi
Ad Amal Hijazi tune to my Pura Vida,0,0,0,0.00015763726,3,Usługi
What is the weather in Sehlabathebe-Nationalpark,2,4,1,0.00017582378,3,Usługi
Weather for James M. Robb – Colorado River State Park,2,4,1,0.0001658386,3,Usługi
table for 6 at a bar,1,4,1,0.00016811825,3,Usługi
rate Neverwhere four out of 6,4,2,0,0.00018999352,3,Usługi
What is the forecast for 8/26/2022 in Vermont,2,4,1,0.0010519085,3,Usługi
I want to take me and my momy to eat in Flossmoor,1,4,1,0.0003972524,3,Usługi
what is the cold condition of our current position for tomorrow,2,4,1,0.0024794627,3,Usługi
Play Andy Williams Sings Rodgers And Hammerstein by elica todorova,3,1,0,0.00016270495,3,Usługi
When is The Blood of Others playing?,6,4,0,0.00033415886,3,Usługi
what will the weather be like at ten AM in Austria,2,4,1,0.00014931435,3,Usługi
what is the weather forecast faraway from RI seven months from now,2,4,1,0.00045267429,3,Usługi
rate The Pure Weight of the Heart series 5 points,4,2,0,0.0001864939,3,Usługi
book at Dutchess Manor in Portugal for 6,1,4,1,0.0005605791,3,Usługi
Let me get the movie schedule for lunch time.,6,4,0,0.0002001809,3,Usługi
book now at a bakery at a spa,1,4,1,0.003922995,3,Usługi
Put this tune onto the signed xoxo playlist.,0,0,0,0.0001720529,3,Usługi
Book a reservation for ten at a restaurant in Ohio,1,4,1,0.00045832968,3,Usługi
Will there be a blizzard in neighboring Niobrara Valley Preserve,2,4,1,0.000305054,3,Usługi
I would give this current novel a value of 3 and a rating of 6,4,2,0,0.0002100947,3,Usługi
need a table somewhere in Quarryville 14 hours from now,1,4,1,0.00022967452,3,Usługi
What's the forecast for Lake Ilo National Wildlife Refuge,2,4,1,0.020858511,3,Usługi
"Book a table for 6 at a restaurant in Pershing Square, Manhattan at two am",1,4,1,0.00026716638,3,Usługi
Tell me if it'll be chilly here at 0 pm,2,4,1,0.00026610424,3,Usługi
Book reservations at a restaurant that serves puglia for jan. 24th,1,4,1,0.00024856764,3,Usługi
I need a reservation for 3 hours from now with a party of nine in neighboring Sweden,1,4,1,0.00019817833,3,Usługi
Add Tranquility to the Latin Pop Rising playlist.,0,0,0,0.00017155579,3,Usługi
I want a table for four for 2 years from now,1,4,1,0.0004972045,3,Usługi
book a gratin serving tea house in Bushkill,1,3,1,0.004183028,3,Usługi
"me and terrie need a table at a bar in Hypoluxo , UT",1,4,1,0.00037537873,3,Usługi
"which day this week will it get chilly in Palmetto , IN",2,4,1,0.0001331671,3,Usługi
Play some alternative music on Vimeo,3,1,0,0.0001158282,3,Usługi
book a spot at a pizza place nine weeks from now in Wisconsin,1,4,1,0.00028943445,3,Usługi
Add the track to the drum & breaks playlist.,0,0,0,0.00016578916,3,Usługi
add this artist to Spain Top 50,0,0,0,0.00015896704,3,Usługi
"Out of a possiable 6 I give Jip, His Story a 0",4,2,0,0.00018414718,3,Usługi
What's the weather like in Serbia,2,4,1,0.00021688952,3,Usługi
Show me a forecast for Malaysia,2,3,1,0.004405466,3,Usługi
I want to eat at a Escondida South Carolina restaurant for 8 people,1,4,1,0.00020086985,3,Usługi
Play some music on Pandora,3,1,0,0.00011403347,3,Usługi
Will it snow in Granbury ?,2,4,1,0.00043567317,3,Usługi
"What will the weather be in Sarygamyş Sanctuary on august 21, 2035 ?",2,4,1,0.00014286338,3,Usługi
I want to get reservations at a place close by for 6 people to eat in SC .,1,4,1,0.00019432399,3,Usługi
"my niece and I want to visit a food court in Callicoon , Tennessee",1,4,1,0.0011253039,3,Usługi
Please make reservations for 4 for the hog fry from the food truck,1,4,1,0.0011068345,3,Usługi
Book a brasserie in Samoa for four people.,1,3,1,0.0006982311,3,Usługi
Play music from Gavin Koppell movement,3,1,0,0.00014137432,3,Usługi
Where can I book a table close to me in Moon Run at sixteen o'clock that will take three people,1,4,1,0.00018028374,3,Usługi
How hot is it in Pesotum,2,4,1,0.00016234478,3,Usługi
What will the weather be nineteen seconds from now from the Little Manatee River State Park,2,4,1,0.00017355142,3,Usługi
"book a table at a restaurant within the same area as The Octagon, Christchurch in Allentown",1,4,1,0.0022367733,3,Usługi
Play a 1974 sound track on Vimeo .,3,1,0,0.00013529178,3,Usługi
Rate A Faint Cold Fear 0 points,4,2,0,0.00016147656,3,Usługi
Where can I find the show Game of Death II,5,3,0,0.00038563984,3,Usługi
what's the forecast for Sai Thong National Park at 0259 pm,2,4,1,0.00016622788,3,Usługi
add lil armstrong to my Adrenaline Workout playlist,0,0,0,0.00016774364,3,Usługi
"I need a forecast for Jetmore , Massachusetts in 1 hour and 1 second from now",2,4,1,0.00054681225,3,Usługi
Book an outdoor restaurant .,1,3,1,0.00034366397,3,Usługi
what is the Coulee City MT forecast,2,3,1,0.00066430995,3,Usługi
I need a reservation for a brasserie that serves ankimo in PW,1,4,1,0.00083113014,3,Usługi
What's the weather far from Jarbidge,2,4,1,0.0007704919,3,Usługi
one stars out of 6 is my rating for The Giaour .,4,2,0,0.00016742494,3,Usługi
Book reservations at a north indian bar for 4 people,1,4,1,0.00040929508,3,Usługi
Can you find the TV show So What,5,3,0,0.00035926944,3,Usługi
restaurant in Zambia that is close for a party of 10,1,4,1,0.00049334415,3,Usługi
Find a table somewhere for me and my step mother in Graniteville DE,1,4,1,0.00024343187,3,Usługi
I need a restaurant that can accommodate a party of ten in Avant .,1,4,1,0.0008444742,3,Usługi
book a popular restaurant of thai cuisine,1,3,1,0.0015151739,3,Usługi
I'm looking to book a reservation in Aruba at a place nearby .,1,4,1,0.00041468942,3,Usługi
I need a weather forecast for Tallahassee-St. Marks Historic Railroad State Trail,2,4,1,0.026658783,3,Usługi
Is there any hail in Monterey Bay National Marine Sanctuary,2,4,1,0.00028822708,3,Usługi
how cold will it be here in 1 second,2,4,1,0.00017405575,3,Usługi
Play Goldie Hill 's record on Google Music .,3,1,0,0.00013190704,3,Usługi
give 4 out of 6 stars to The Nightmare Lands,4,2,0,0.00017953133,3,Usługi
book a table at Serendipity 3 in Veyo for now,1,4,1,0.0008891031,3,Usługi
book a table for three at 0 am at a bar with wifi in Schuyler Lake,1,4,1,0.00022456735,3,Usługi
Show me the The Defenestration of Ermintrude Inch TV series,5,3,0,0.0002874627,3,Usługi
please add this Rex Griffin tune to the Steampunk playlist,0,0,0,0.00016856434,3,Usługi
What's the weather forecast for the Northern Mariana Islands on 8/4/2024 ?,2,4,1,0.00031202653,3,Usługi
"weather in Radnor Township , WV",2,4,1,0.00013352981,3,Usługi
"Is it warmer in Monson , U.S. Minor Outlying Islands",2,4,1,0.00017318259,3,Usługi
What is the weather forecast for Strong City,2,4,1,0.0018146222,3,Usługi
What is the weather close to Somesville on mon .,2,4,1,0.00016979214,3,Usługi
I need a reservation for 6 PM. with a party of 10 at Sand Lake,1,4,1,0.00018085791,3,Usługi
I want to book a table for me and josefa at Jacob Wirth Restaurant in Branford .,1,4,1,0.0003572172,3,Usługi
me and my mummy want to go to an indian bar next winter within the same area of Cortelyou Rd,1,4,1,0.00072819286,3,Usługi
Book a reservation for five people for a tatar taverna in Sargents,1,4,1,0.00096827594,3,Usługi
"How's the forecast for Chad on September 28, 2034",2,4,1,0.00048558137,3,Usługi
Check the weather forecast for the current position .,2,4,1,0.0011775794,3,Usługi
Tell me the weather forecast for my current spot 1 minute from now,2,4,1,0.00043537054,3,Usługi
add this artist to my the road to punk rock playlist,0,0,0,0.0001959205,3,Usługi
put this tune playing into my La Mejor Música Dance 2017 playlist,0,0,0,0.00017238598,3,Usługi
will it be colder this Saturday in NC,2,4,1,0.000241274,3,Usługi
Book a taverna that serves bengali for six at five,1,4,1,0.0008577129,3,Usługi
I'd like the weather forecast for Albania,2,4,1,0.09829295,3,Usługi
Please play anything by george formby jr,3,1,0,0.00014772621,3,Usługi
When is The Life and Death of King Richard II playing at Mann Theatres ?,6,4,0,0.00011697565,3,Usługi
Give The Pirates of Manhattan a 1,4,2,0,0.00020174899,3,Usługi
I want to add something by Jarvis Cocker to my rock español playlist,0,0,0,0.00016037025,3,Usługi
What's the humidity now in NH ?,2,4,1,0.00015893824,3,Usługi
What animated movies are playing in the neighbourhood and when?,6,4,0,0.00011976867,3,Usługi
whats the movie schedules for animated movies close by,6,4,0,0.00022860957,3,Usługi
Play a tune from Space Mandino .,3,1,0,0.00015435787,3,Usługi
What is the forecast in Wild River State Park,2,4,1,0.00036123538,3,Usługi
Is it going to be warmer in Town Kelloe Bank ?,2,4,1,0.00018194818,3,Usługi
I want to dine in Luray,1,4,1,0.00047186742,3,Usługi
"What's the weather for New York on July the 28th, 2032",2,4,1,0.00018272764,3,Usługi
I need a restaurant in Indonesia for 7,1,4,1,0.00036129754,3,Usługi
Play music from 2010 by Jason Donovan,3,1,0,0.00013216212,3,Usługi
show creative picture of Wonderful Town,5,3,0,0.00034450722,3,Usługi
What will the the weather be like close to Bailey's Crossroads at 050034 am ?,2,4,1,0.00015878542,3,Usługi
Play the newest stuff by blowfly,3,1,0,0.00014917077,3,Usługi
Tell me the forecast for Sweden,2,5,1,0.8834968,3,Usługi
Where can I watch the TV series Breed the Pain ?,5,3,0,0.00025515695,3,Usługi
what is the British Virgin Islands forecast for next november,2,4,1,0.0007228572,3,Usługi
"Book a reservation for a parry of eight for a restaurant in Birch River , MO",1,4,1,0.005391123,3,Usługi
"book me a restaurant for me, geneva and wilda for now in Blacksville",1,4,1,0.0016194622,3,Usługi
What is the weather forecast in 13 seconds in Grand Traverse Bay Bottomland Preserve,2,4,1,0.00020291087,3,Usługi
Book a table at a brasserie type restaurant that serves jain for a party of 8,1,4,1,0.0005809561,3,Usługi
What's the weather looking like in Reklaw at 031913 PM,2,4,1,0.00015726645,3,Usługi
Please help me find I Want to Take You Higher the game,5,3,0,0.0001898094,3,Usługi
Can you book a table for eight people at a spa type restaurant within walking distance of the Metropolitan Borough of Lambeth,1,4,1,0.00029098263,3,Usługi
Tell me what animated movies are being played at the closest movie house at 011900 AM,6,4,0,0.00021475882,3,Usługi
Add the Nastya Kamenskih song to my The Martin Garrix Show playlist.,0,0,0,0.0001780405,3,Usługi
What's the forecast for Alley . Canada ?,2,4,1,0.0041991672,3,Usługi
Will it be windy at 4 PM in NY ?,2,4,1,0.00015566529,3,Usługi
what is the forecast for the current spot for cloudy conditions,2,4,1,0.0020600976,3,Usługi
Will it be hot in the Netherlands on February 16th ?,2,4,1,0.00017794032,3,Usługi
I need a reservation for two at a diner in Venezuela,1,4,1,0.00023319104,3,Usługi
I'd like to eat at the Original Spanish Kitchen in North Carolina,1,4,1,0.00038642378,3,Usługi
book a spot in 1 second that is neighboring robin's hotel,1,4,1,0.0009013582,3,Usługi
book me and my grandparents a restaurant in Saint Helens South Dakota,1,3,1,0.0023845655,3,Usługi
"Is it cold now in Carlos , IL",2,4,1,0.00018289394,3,Usługi
Can you get me the Rakuen Tsuihou Expelled from Paradise television show ?,5,3,0,0.00032129537,3,Usługi
show me the television show Operation Thunderbolt,5,3,0,0.00025768875,3,Usługi
Let me know when The Maiden Danced to Death will be screened at a cinema .,6,4,0,0.00014488978,3,Usługi
Will it be warmer in 20 minutes at Natural Park of Las Batuecas,2,4,1,0.00021386838,3,Usługi
"What's the weather forecast for North Wolcott , Alabama on october 12, 2032 ?",2,4,1,0.00058298133,3,Usługi
I'm looking for a churrascaria place with wifi that can serve a party of five .,1,3,1,0.0030569471,3,Usługi
Is it warm in the current spot ?,2,4,1,0.00017943347,3,Usługi
Find a reservation for 2 at a restaurant for pizza,1,4,1,0.00012834143,3,Usługi
Book a restaurant with a spa in Connecticut,1,3,1,0.0035717404,3,Usługi
I need to book the Fashion Cafe for meal in Lavina,1,3,1,0.0009508978,3,Usługi
Play 1958 music on Iheart,3,1,0,0.00012187394,3,Usługi
Rate Shadow of Night a 1,4,2,0,0.0001651449,3,Usługi
I need a reservation for a restaurant that serves cupcakes in OH,1,4,1,0.00026167944,3,Usługi
"I'd like to book a brasserie in Virginia City , GA .",1,3,1,0.0016655001,3,Usługi
is there going to be snowfall in Alton,2,4,1,0.00037965746,3,Usługi
I would like to book a restaurant for 9 on Dec. 13,1,4,1,0.000503261,3,Usługi
"Will there be wind on january 24, 2019 in Ransom",2,4,1,0.00017769547,3,Usługi
"On may the thirteenth, 2037 what will it be like in Wilderville , Montenegro",2,4,1,0.0006656374,3,Usługi
Is it snowy in DeMotte MS,2,4,1,0.00019293261,3,Usługi
table for nine at an internet pub,1,4,1,0.00014641345,3,Usługi
Add Hallucinations of Despair to my this is trey songz playlist.,0,0,0,0.00017891165,3,Usługi
Tell me if it'll be freezing here in 21 seconds,2,4,1,0.00093641836,3,Usługi
Weather for Marshall,2,4,1,0.00024496013,3,Usługi
Play the soundtrack for Back to the Future,5,3,0,0.00016094021,3,Usługi
will the sun come out today in Houston,2,4,1,0.0002074565,3,Usługi
I want a table for four at a place in California,1,4,1,0.00028710213,3,Usługi
find and book a table in WV,1,3,1,0.00037242597,3,Usługi
Help me find the work titled SingStar Take That,5,3,0,0.00019697561,3,Usługi
book for 8 for argentinian food at a bakery,1,3,1,0.0042371564,3,Usługi
What animated movies are showing in the area ?,6,4,0,0.0002474192,3,Usługi
Book reservation at The Big Chill Cafe in AR for 10 people,1,4,1,0.00016687936,3,Usługi
I want to eat close by East Brady for seven people,1,4,1,0.00026557595,3,Usługi
Is this film going to be at Malco Theatres ?,6,4,0,0.00017926846,3,Usługi
"Book a reservation for me, marva and barbara at a restaurant with parking",1,4,1,0.0005300543,3,Usługi
Play 2006 chant music.,3,1,0,0.00019129233,3,Usługi
show the creativity of The Attic,5,3,0,0.00021700331,3,Usługi
What's the weather in close by my current position,2,4,1,0.00016036979,3,Usługi
"add Hey, Johnnie Cope, Are Ye Waking Yet to year in metal 2016 playlist",0,0,0,0.00017323834,3,Usługi
What are the movie times at the Loews Cineplex,6,4,0,0.00021855798,3,Usługi
book a restaurant for one in Skillman,1,3,1,0.0021654211,3,Usługi
give 5 out of 6 points to Racing the Rain,4,2,0,0.00017918255,3,Usługi
What movies are playing at Dipson Theatres,6,4,0,0.0002079506,3,Usługi
"Will there be fog on March 3, 2038 in Bonaire",2,4,1,0.00022468652,3,Usługi
"What is the weather forecast for Sep. the 14th, 2038 in North Dakota",2,4,1,0.00040335167,3,Usługi
will it be temperate in Hybla Valley Tajikistan,2,4,1,0.0005213871,3,Usługi
What are the animated movies in the neighbourhood for the recent movie times,6,4,0,0.00025527267,3,Usługi
book for 10 in a restaurant,1,3,1,0.00041114286,3,Usługi
Play Skin & Bone by Jess Stacy on Deezer,3,1,0,0.00015211791,3,Usługi
book a spot at a restaurant with wifi that is neighboring Suriname,1,4,1,0.0005079062,3,Usługi
When was the TV show CrazySexyCool taken off air?,5,3,0,0.00025464306,3,Usługi
Book a joint restaurant for four with an outdoor area within the same area as Borough de Denali,1,4,1,0.09908796,3,Usługi
Book seating for one person at a food truck,1,4,1,0.00029426708,3,Usługi
Lets go eat this fall at any restaurant that has parking in Finland,1,4,1,0.00028862318,3,Usługi
I give The Thibaults a 1 .,4,2,0,0.0002070364,3,Usługi
book a spot for tommie and vera rogers in Irvine at 7 AM,1,4,1,0.00023666148,3,Usługi
I'd like to rate this textbook 4 out of 6,4,2,0,0.00019506982,3,Usługi
Is there going to be a depression two hundred sixteen days and a half from now in Mill Bluff State Park,2,4,1,0.0005055072,3,Usługi
book a table this evening in Saint Vincent and the Grenadines at a gastropub,1,4,1,0.0028736708,3,Usługi
give Heartland chronicle four points,4,2,0,0.00018360812,3,Usługi
Find a reservation at the Roseland Theater at 10 pm,1,4,1,0.0001373125,3,Usługi
I need a table in East Timor for a party of nine at 5 North St,1,4,1,0.00021802606,3,Usługi
What is the weather like in Colorado ?,2,4,1,0.00023334562,3,Usługi
I need a reservation for eight for a brasserie that serves spanish rice,1,4,1,0.0010213067,3,Usługi
"show cold weather forecast in five hours and 1 minute in Hokendauqua , Mongolia",2,4,1,0.0010261482,3,Usługi
play some new Les Vandyke on Slacker,3,1,0,0.00013293677,3,Usługi
Give A Human Being Died That Night 3 stars,4,2,0,0.00020263724,3,Usługi
Play Alfredo Zitarrosa on spotify .,3,1,0,0.00014917235,3,Usługi
Book reservations at a restaurant that serves brazilian food for 9 people,1,4,1,0.0006677586,3,Usługi
What will the weather be here on dec. 25th ?,2,4,1,0.00017417526,3,Usługi
What is the weather forecast for Theodore Roosevelt Inaugural National Historic Site,2,4,1,0.017024165,3,Usługi
I am looking for a top-rated restaurant near bougatsa that can feed 3 that is close to Pelham Bay Park,1,2,1,0.006477776,3,Usługi
Tell me if there will be a depression today in Kiribati,2,4,1,0.011453246,3,Usługi
Is Convoy Busters playing,6,4,0,0.00014444391,3,Usługi
what will the weather be in Port Costa FM will it be foggy,2,4,1,0.00015889622,3,Usługi
Is there snowfall in Zec Mitchinamecus at 13,2,4,1,0.00013993449,3,Usługi
is One Night Surprise at the cinema,6,4,0,0.00013426226,3,Usługi
Can you give me the weather for here,2,4,1,0.0001989495,3,Usługi
Can you book me a table for 9 in DE ?,1,4,1,0.0011349451,3,Usługi
Where to get painting of Channel 4 News,5,3,0,0.00031042827,3,Usługi
play some fifties tunes by Mike Mccready,3,1,0,0.00014068339,3,Usługi
What's the weather at zero PM in Papeton Montserrat,2,4,1,0.0001372694,3,Usługi
book me a restaurant in Guadeloupe,1,3,1,0.0006292607,3,Usługi
rate the current textbook 4 of 6 points,4,2,0,0.0001954515,3,Usługi
Rate Nuclear Terrorism The Ultimate Preventable Catastrophe 5 stars,4,2,0,0.00021402148,3,Usługi
book a table at Anstruther Fish Bar in FM,1,4,1,0.0011691643,3,Usługi
add country favorites willie nelson style to my playlist titled Spinnin' Records Top 100,0,0,0,0.00016068766,3,Usługi
Use Last Fm to play artist Kawabata Makoto from their record,3,1,0,0.0001720224,3,Usługi
I want to book a restaurant in Barbados that serves creole .,1,5,1,0.56945395,3,Usługi
Book a restaurant with wifi for nine people.,1,3,1,0.17041977,3,Usługi
I want to see DOA Dead or Alive at Loews Cineplex Entertainment .,6,4,0,0.00019936236,3,Usługi
Where can I find the painting for A Christmas Story - Una storia di Natale ?,5,3,0,0.00033225497,3,Usługi
Will it be freezing on 4/20/2038 in AMerican Beach NC,2,4,1,0.0001721504,3,Usługi
play the top five songs by Isaac Hayes,3,1,0,0.0001570949,3,Usługi
what is the Baotianman National Nature Reserve forecast,2,3,1,0.008450961,3,Usługi
Play the top five Cemil Bey songs,3,1,0,0.00014900873,3,Usługi
I want a song by john schlitt in the bajo las estrellas playlist.,0,0,0,0.00019781275,3,Usługi
I'd like to eat surf and turf in one minute at a bar,1,4,1,0.00019605215,3,Usługi
Will there be a storm on Christmas Day in my current place ?,2,4,1,0.0006022534,3,Usługi
Will it be cold this autumn in Norfolk Island,2,4,1,0.00026103327,3,Usługi
rate current album 0 stars,4,2,0,0.00016947977,3,Usługi
Please help me search The Banker television show .,5,3,0,0.00032779138,3,Usługi
Will it be hotter in my current place in six weeks from now,2,4,1,0.00032409598,3,Usługi
Book me a restaurant reservation in Fiji for zero am,1,4,1,0.00022228179,3,Usługi
Please look up the Around the World in Eighty Days movie .,5,3,0,0.00026480464,3,Usługi
play the greatest james yorkston song,3,1,0,0.00015662727,3,Usługi
Lets go to a steakhouse before we go to the pool,1,4,1,0.0004908604,3,Usługi
Rate the current book 5 of 6 points,4,2,0,0.00020373246,3,Usługi
I need a table for six pm for me and my step daughter at Cafe Rouge,1,4,1,0.00016186999,3,Usługi
I want to eat ice cream at a brasserie with me and my mother in law,1,4,1,0.00018944242,3,Usługi
Play the greatest ballad from the seventies,3,1,0,0.00013768976,3,Usługi
show the schedule of movie Unborn but Forgotten,6,4,0,0.00020915842,3,Usługi
play the Hell of a Life movie,5,3,0,0.00014214907,3,Usługi
I want to go to Antigua and Barbuda and eat at a table for 4 .,1,4,1,0.00030583376,3,Usługi
Is it going to be cold today in Wing ?,2,4,1,0.00022949892,3,Usługi
"Check the forecast for the current spot in the future Oct. 19, 2037 .",2,4,1,0.0034129927,3,Usługi
Tell me if it'll be humid in GA one minute from now,2,4,1,0.00036539952,3,Usługi
Weather for Coaldale Arkansas,2,4,1,0.00016742974,3,Usługi
Is it supposed to snow in NV,2,4,1,0.00029198572,3,Usługi
Give me the weather forecast in Boma for next summer,2,4,1,0.0005553945,3,Usługi
Book me a restaurant reservation in Madagascar,1,4,1,0.00074279046,3,Usługi
Will it be warmer in five years in Slemp Kansas,2,4,1,0.00024802203,3,Usługi
"What is the weather prediction for Acworth , North Korea in six years",2,4,1,0.0006039113,3,Usługi
Weather for Burr,2,4,1,0.00021458828,3,Usługi
Will there be wind in AS,2,4,1,0.00019021318,3,Usługi
Use Groove Shark to play music,3,1,0,0.0001752407,3,Usługi
Will it be nice now in Norway,2,4,1,0.00032062802,3,Usługi
"give me the forecast for here on February the sixteenth, 2022",2,4,1,0.00074470806,3,Usługi
I need a party of 4 to get a table reserved at a pub with southeastern cuisine.,1,4,1,0.000345712,3,Usługi
Is it forecast to be freezing in Benedict ?,2,4,1,0.00025392554,3,Usługi
What is the weather forecast for my current position,2,4,1,0.006060172,3,Usługi
Book the Fashion Café for elevenses .,1,3,1,0.00027534127,3,Usługi
I give 3 of 6 stars for the current textbook,4,2,0,0.000201556,3,Usługi
Will there be alot of wind on March 13th in Lost Creek Bahrain,2,4,1,0.0001511498,3,Usługi
Book a CO table at Windows on the World,1,4,1,0.008673935,3,Usługi
give this textbook a 4,4,2,0,0.0002000837,3,Usługi
Add Magnifico to michele's playlist called 88 keys .,0,0,0,0.00016938981,3,Usługi
Which animated movies are playing in the neighbourhood ?,6,4,0,0.00023980893,3,Usługi
"Book a reservation for The Training Table on Mar. thirteenth, 2026",1,4,1,0.0013851131,3,Usługi
find the closest cinema with animated movies,6,4,0,0.00027119467,3,Usługi
I would like to book a bistro for 7,1,4,1,0.0026137885,3,Usługi
Will there be depression on Mar. the twenty-eighth in Saint Pierre and Miquelon,2,4,1,0.00026830626,3,Usługi
"The Naked and the Dead was pretty good, I'd give it four stars .",4,2,0,0.0001665976,3,Usługi
what is the overcast forecast for midday in ID,2,4,1,0.00022471923,3,Usługi
"How snowy will it be in this current place on Feb. first, 2034 ?",2,4,1,0.00021977119,3,Usługi
I'd like a table for 3 at a brasserie in Hillview NE that has mineiro,1,4,1,0.00026646964,3,Usługi
Is The Country Doctor on the schedule at any theater near me?,6,4,0,0.00020372953,3,Usługi
hows the weather looking for Kendall Green Maryland,2,4,1,0.00020648398,3,Usługi
what is the weather forecast for Latvia Strasburg,2,4,1,0.0103688035,3,Usługi
what time is Mulawin The Movie showing at the nearest movie house,6,4,0,0.00019920309,3,Usługi
Play Party Anthems,3,1,0,0.00019436853,3,Usługi
put this song on my NTC High Intensity Training Tracks playlist,0,0,0,0.00018877622,3,Usługi
Are any films play at the Santikos Theatres,6,4,0,0.00023242805,3,Usługi
Will it be hotter in MD on apr. 10th ?,2,4,1,0.00022546474,3,Usługi
Play the symphony by Tetsuya Ogawa from 1953,3,1,0,0.00015679044,3,Usługi
Play greatest chant music from Beni Arashiro,3,1,0,0.00014486916,3,Usługi
book me a Rustic inn restaurant for 8 members at Nappanee,1,4,1,0.00096147635,3,Usługi
will it be warmer in Ristigouche Ecological Reserve on nov. the twentieth,2,4,1,0.00022715885,3,Usługi
add this MakSim tune to Trad Folk,0,0,0,0.00014963304,3,Usługi
what will the weather be in four weeks around Tsingy de Bemaraha Strict Nature Reserve ?,2,4,1,0.0002359601,3,Usługi
Play Keep Your Right Up song,5,1,0,0.00035827316,3,Usługi
I have a party of 8 and we want to go to a restaurant that serves croquembouche,1,4,1,0.0014813123,3,Usługi
I want to go to that popular ethiopian restaurant,1,3,1,0.000679242,3,Usługi
Will it be stormy in MA,2,4,1,0.00019208978,3,Usługi
Book a restaurant that serves capicollo in Kit Carson with ilene and aisha .,1,4,1,0.14922504,3,Usługi
table for two on Nov. fifteenth,1,4,1,0.00030322873,3,Usługi
Please find me a novel called The Caledonian-Record .,5,3,0,0.0002658053,3,Usługi
Tell me the weather forecast for RI,2,4,1,0.21350202,3,Usługi
Give five points to An Ice-Cream War,4,2,0,0.00015696978,3,Usługi
What's the humidity right now in Aguila,2,4,1,0.00021202001,3,Usługi
What's the weather like in Hamilton City,2,4,1,0.00015418179,3,Usługi
Book a reservation at a restaurant nearby their airbnb,1,4,1,0.00024037171,3,Usługi
Ho warm is it in Arcola ?,2,4,1,0.00027970708,3,Usługi
"What will the weather be like on feb. 8, 2034 in Cedar Mountain Wilderness",2,4,1,0.00020447733,3,Usługi
Use service Vimeo the genre slow rock,3,1,0,0.00051735225,3,Usługi
What is the weather forecast for Winger,2,4,1,0.002944053,3,Usługi
I want to bring six of us to a bistro in town that serves hot chicken sandwich that is within the same area .,1,4,1,0.002181061,3,Usługi
Is it supposed to be chilly in Boiling Spring Lakes ?,2,4,1,0.00032114398,3,Usługi
I'd like to eat at the best restaurant in Coalton,1,4,1,0.0001899516,3,Usługi
will Custer National Forest be chillier at seven Pm,2,4,1,0.00014652255,3,Usługi
What will it feel like on Oct. 21 in KY,2,4,1,0.00047561698,3,Usługi
the stars for Behind the Beat should number four for this chronicle,4,2,0,0.00014291098,3,Usługi
book an australian restaurant in Moldova,1,3,1,0.0004159843,3,Usługi
Is F.I.S.T. at Malco Theatres,6,4,0,0.00018102383,3,Usługi
Play some 1954 songs on my Itunes .,3,1,0,0.00017303762,3,Usługi
rate the current album two out of 6,4,2,0,0.00019440342,3,Usługi
I want to find parking next to a restaurant for 10,1,4,1,0.0002481181,3,Usługi
What is the weather at the current position,2,4,1,0.00013268655,3,Usługi
Play The Happy Blues by Ronnie Wood .,3,1,0,0.00012294555,3,Usługi
Search for To Heart 2,5,3,0,0.0001522986,3,Usługi
What is the forecast this month in Kosovo,2,4,1,0.00052755023,3,Usługi
Book a reservation for an osteria restaurant for 4 people on november 4,1,4,1,0.00078357244,3,Usługi
Tell me the weather forecast for my current spot,2,4,1,0.04656462,3,Usługi
I want to book Tupelo Honey Cafe in New Jersey for five people.,1,3,1,0.0015632651,3,Usługi
Weather for now in Cape Romain National Wildlife Refuge,2,4,1,0.00014499537,3,Usługi
"Book reservations for ava gonzales, raquel brown and I on Jul. 6, 2040 in Hainesville at a restaurant",1,4,1,0.0005957443,3,Usługi
I need to book the best food court in within the same area as OK that serves persian food for my ex husband and I,1,4,1,0.0022593616,3,Usługi
I need a table in one hour from now at somewhere not far from LA,1,4,1,0.00027009656,3,Usługi
I want to rate the saga The Italian two to 6 points .,4,2,0,0.00019232562,3,Usługi
What will be the wind speed around Pembina Gorge State Recreation Area October the 27th ?,2,4,1,0.00022105555,3,Usługi
Can you find me the Blue Spring trailer ?,5,3,0,0.0002627556,3,Usługi
Play my Hype playlist on Youtube .,3,1,0,0.00027480695,3,Usługi
I want to eat by five pm in NE for a six people,1,4,1,0.00017880974,3,Usługi
book a table at a restaurant in Saudi Arabia that serves presskopf,1,3,1,0.008300353,3,Usługi
Use the service Zvooq to play merengue music,3,1,0,0.00017851462,3,Usługi
"What's the forecast for Fort Payne , AMerican Samoa this march twentieth ?",2,4,1,0.00028847047,3,Usługi
Will it be stormy not far from ID on 10/2/2021,2,4,1,0.00016913466,3,Usługi
how is the weather in Mount Olivet,2,4,1,0.0001313323,3,Usługi
Will it be freezing in the current position ?,2,4,1,0.0002957823,3,Usługi
book me a top-rated pub,1,2,1,0.0015773375,3,Usługi
When is The Jailbird showing at United Paramount Theatres,6,4,0,0.0001453175,3,Usługi
Open up Lastfm and play some songs.,3,1,0,0.00017972905,3,Usługi
Can you find me the My Father My King game ?,5,3,0,0.0003415036,3,Usługi
book a top-rated osteria seven weeks from now,1,2,1,0.00019201421,3,Usługi
I want to add Digital Line to my playlist called Infantil,0,0,0,0.00016840111,3,Usługi
weather in one minute in Norfolk Island,2,4,1,0.00014165712,3,Usługi
forecast for Guatemala,2,3,1,0.0005500439,3,Usługi
Find the book Cold Comfort,5,3,0,0.00017369712,3,Usługi
I'd like to go to a pizzeria within walking distance of Hutchinson,1,4,1,0.0005385359,3,Usługi
play Innovations by Kokia,3,1,0,0.00017853273,3,Usługi
set an reservation for a party of eight at the bar on 8/8/2039,1,4,1,0.0003052122,3,Usługi
Book reservations at James D. Conrey House at 1 PM for a party of nine,1,4,1,0.00020409701,3,Usługi
Add rosemary clooney to Pura Vida playlist,0,0,0,0.00016433989,3,Usługi
Find the schedule for films at the closest movie house .,6,4,0,0.00022374898,3,Usługi
What is temperature in Benin now,2,4,1,0.00016447906,3,Usługi
book a churrascaria in Macao on May the twenty-third,1,4,1,0.0041245352,3,Usługi
book a restaurant in Lake Fenton for four,1,3,1,0.0021465283,3,Usługi
Find the closest cinema playing The St. Francisville Experiment .,6,4,0,0.00017357986,3,Usługi
"Book a spot for kelli, jean and I at a pub at elevenses",1,4,1,0.00025296301,3,Usługi
I want to see movie schedules at Plitt Theatres .,6,4,0,0.00021454903,3,Usługi
"book Tun Tavern for shawna davis, michelle and lizzie in Vermont",1,3,1,0.00021648224,3,Usługi
Add the song to my R&B Movement playlist.,0,0,0,0.00016242523,3,Usługi
find an outdoor facility for midday in Datil at a pub for six,1,4,1,0.00017509461,3,Usługi
What is the weather forecast in six weeks in LA,2,4,1,0.00022833938,3,Usługi
Play top-50 eighties theme from Alain Caron,3,1,0,0.00014247764,3,Usługi
play Isaac Yamma Slut,3,1,0,0.00017046426,3,Usługi
play By The Sleepy Lagoon by Greg Kurstin,3,1,0,0.0001667073,3,Usługi
Play music from Hide,3,1,0,0.00013371822,3,Usługi
forecast for Morse Shores Kansas,2,3,1,0.0002667786,3,Usługi
What's the weather like in Forty Fort,2,4,1,0.00015461986,3,Usługi
Put abe laboriel onto the Escapada playlist.,0,0,0,0.000171883,3,Usługi
find the painting ICAC Investigators 2014,5,3,0,0.00019245279,3,Usługi
"Will it be sunny in Eyota Hawaii on february seventh, 2025 ?",2,4,1,0.00020559091,3,Usługi
BOok me a table for 5 at a best rated restaurant in Italy,1,4,1,0.000626801,3,Usługi
I want a table for 4 in Florida,1,4,1,0.00026236777,3,Usługi
Is it going to get any hotter in Kerrick ?,2,4,1,0.0012658491,3,Usługi
Book a table for one at the Bear Hotel in Peru,1,4,1,0.00025683022,3,Usługi
Will there be fog in Fairwood ?,2,4,1,0.0003782079,3,Usługi
What is the weather going to be like this Evening in Arkansas,2,4,1,0.00022358264,3,Usługi
how much humidity in Mancos,2,4,1,0.00022295718,3,Usługi
Folk and Fairy Tales gets 1 out of 6 points,4,2,0,0.00022168444,3,Usługi
what is the colder forecast for Nationaal park Bidoup Núi Bà in a week,2,4,1,0.00017505327,3,Usługi
add the man who never lied to my current comedy top tracks,0,0,0,0.0001902618,3,Usługi
I would like reservations to a popular pub in Burkina for 10 people.,1,4,1,0.0006109522,3,Usługi
Play music from artist Ashley,3,1,0,0.00013177689,3,Usługi
What is the weather for Yemen,2,4,1,0.00013456144,3,Usługi
Can you add some morton feldman piano and string quartet to my global funk playlist,0,0,0,0.00017768981,3,Usługi
What's the forecast for IL around tea time?,2,4,1,0.00021362079,3,Usługi
I think The Turbulent Term of Tyke Tiler is a rating of 3 .,4,2,0,0.0001664438,3,Usługi
book a spot at Leopold Cafe in Bhutan,1,3,1,0.0006345051,3,Usługi
I need to take three people to eat,1,4,1,0.0019154783,3,Usługi
book Bridge Round House for one at meal time in Democratic Republic of the Congo close,1,4,1,0.00058026874,3,Usługi
I need a reservation for four at a restaurant in 1 hour and 1 second,1,4,1,0.00022542516,3,Usługi
"What is the weather forecast for Yoakum , SC ?",2,4,1,0.0011453695,3,Usługi
add this album to my de camino a clase playlist,0,0,0,0.00016889449,3,Usługi
my father in law and I would like to go to a highly rated bar,1,3,1,0.0023028792,3,Usługi
Make me a reservation in Cedarburg at 0 pm,1,4,1,0.00018870359,3,Usługi
book a spot at a pub that has trottole for their meal,1,4,1,0.00028964723,3,Usługi
"How cold is it in Cargray , Argentina ?",2,4,1,0.00021946094,3,Usługi
add this Roy Orbison song onto Women of Comedy,0,0,0,0.00015788761,3,Usługi
I'd like to go to the popular bistro in OH,1,4,1,0.0002895142,3,Usługi
I'd like a table for two at a place in West Whittier Nevada on indigenous people's day,1,4,1,0.0002570005,3,Usługi
What's the weather forecast for Etna Green in 11 months ?,2,4,1,0.0002483338,3,Usługi
Give this album one stars,4,2,0,0.00018396707,3,Usługi
Where to buy Unarchigal,5,3,0,0.00015375877,3,Usługi
book spot for 4 in Somalia,1,2,1,0.00063252106,3,Usługi
Will it be nice on Aug. the nineteenth in Beda Bulgaria,2,4,1,0.00022785332,3,Usługi
Weather for Afghanistan in one minute,2,4,1,0.00013743016,3,Usługi
ad Czarna dziewczyna to instrumental madness playlist,0,0,0,0.00018012355,3,Usługi
I would like to book a food truck for my friend and I,1,3,1,0.00025489446,3,Usługi
Book The Crown at Whitebrook in RI for 2 people.,1,4,1,0.002472918,3,Usługi
Book me a reservation for a party of 3 at a pub in Northern Mariana Islands,1,4,1,0.00028143256,3,Usługi
"show weather forcast for MS on jan. the 9th, 2034",2,3,1,0.00019264482,3,Usługi
When will it be hot here,2,4,1,0.00014425513,3,Usługi
Will it be warm in Kipp Rhode Island one hour and 9 seconds from now ?,2,4,1,0.0001681891,3,Usługi
Can you find a picture of The Rambler,5,3,0,0.00037841604,3,Usługi
What's the weather in Gabon,2,4,1,0.00017187026,3,Usługi
book a table today at a steakhouse for eight that serves sashimi,1,4,1,0.0012769372,3,Usługi
Find a reservation for mar. 20th in Winnie at any restaurant,1,4,1,0.00015422757,3,Usługi
"Will it snow in MT on june 13, 2038 ?",2,4,1,0.00042844246,3,Usługi
play the last Niney The Observer song,3,1,0,0.00021391455,3,Usługi
"I need a table in Ottoville on Feb. 15th, 2029 at Gus Stevens Seafood Restaurant & Buccaneer Lounge",1,4,1,0.00035841903,3,Usługi
book a restaurant for seven on last december in Kentucky,1,4,1,0.0017615258,3,Usługi
Rate this essay four out of 6,4,2,0,0.0002092774,3,Usługi
When is Bless the Child playing at the movie theatre,6,4,0,0.00013839461,3,Usługi
Is it going to be cold 21 weeks and a half from now in Salemburg,2,4,1,0.00023338816,3,Usługi
at my current spot is it going to be hotter on Nov. the eighth,2,4,1,0.00021783356,3,Usługi
I need a table for four at a restaurant in AL,1,4,1,0.00023599374,3,Usługi
"What's the wather in Coleville , Kenya",2,4,1,0.00031936952,3,Usługi
Will it rain in six weeks in Libby ?,2,4,1,0.0002652912,3,Usługi
I'd like to eat at a pho restaurant in VT,1,4,1,0.0002627803,3,Usługi
What is the weather forecast in VA,2,4,1,0.00021914461,3,Usługi
add the artist to the 90's Baby Makers playlist,0,0,0,0.00019007755,3,Usługi
whats the forecast for Greece,2,4,1,0.0066168257,3,Usługi
I want to book an oyster bar for five people.,1,3,1,0.0005578381,3,Usługi
Forecast for 0222 pm Maldives,2,4,1,0.0002695536,3,Usługi
show creative video game In My Own Backyard,5,3,0,0.0002786337,3,Usługi
find a brunch time cinema nearest with The President Is Coming,6,4,0,0.00018459384,3,Usługi
"Tell me if it'll be freezing in 5 years in Rockholds , Norfolk Island",2,4,1,0.00040852168,3,Usługi
Will there be a storm in Gibsonia at 8 p.m ?,2,4,1,0.00015679406,3,Usługi
what is the movie schedule for the Cooper Foundation,6,4,0,0.00015303153,3,Usługi
Play chant 's from 1973 .,3,1,0,0.00013074986,3,Usługi
I need a table for 4 at a restaurant around 0 AM .,1,4,1,0.00017001844,3,Usługi
Is it overcast in South Carolina,2,4,1,0.00027193138,3,Usługi
I need a painting called Brubeck Plays Brubeck,5,3,0,0.00033179318,3,Usługi
Find a picture called Nuclear Blast All Stars Out of the Dark .,5,3,0,0.00028272363,3,Usługi
this album is the last and rated five,4,2,0,0.00016633233,3,Usługi
I'd like to eat at The Firehouse Restaurant,1,4,1,0.00017464402,3,Usługi
find a movie called October Road,5,3,0,0.00014696804,3,Usługi
Will it be warmer at fourteen o'clock in Atlas Mongolia,2,4,1,0.00013889007,3,Usługi
Show me the book The Republican Brain,5,3,0,0.00035337635,3,Usługi
Add died to the todo latino playlist,0,0,0,0.00016676469,3,Usługi
Book a highly rated coffeehouse for four people.,1,2,1,0.00017779638,3,Usługi
Book a table for chasity ruiz and mary at The Fat Duck in Puerto Rico,1,4,1,0.0059386333,3,Usługi
Contemporary Religious Satanism gets a 3 rating.,4,2,0,0.0001920366,3,Usługi
"want to eat at Diners of Allentown, Pennsylvania on purim",1,4,1,0.00016570327,3,Usługi
I'd like to book a restaurant that serves pôchouse in Rocksprings .,1,4,1,0.095816724,3,Usługi
I'm looking for a table of eight at The Alley .,1,4,1,0.00047796388,3,Usługi
Find and play a concerto on Zvooq from 1978 by Ginger Pooley,3,1,0,0.00012821893,3,Usługi
How will be the weather condition near MI 129 days and a half from now ?,2,4,1,0.00027251436,3,Usługi
"Book PM Park, Clear Lake, Iowa at 5 am for 6 people.",1,4,1,0.00025791937,3,Usługi
add young maylay to Club Hits,0,0,0,0.00015620214,3,Usługi
Add what child is this to Dark Dance Floors,0,0,0,0.00019628664,3,Usługi
Will it be overcast a month from now here,2,4,1,0.00022782436,3,Usługi
I want to book a reservation within the same area of AMelia Court House for 4 .,1,2,1,0.0015393933,3,Usługi
Weather for six am in SC,2,4,1,0.00012347092,3,Usługi
Rate Three Men Out a three,4,2,0,0.00016709475,3,Usługi
rate this essay a 1,4,2,0,0.0001840567,3,Usługi
Book a russian restaurant for 4 people.,1,3,1,0.0002853736,3,Usługi
Add this album to my orgánica playlist.,0,0,0,0.00017562207,3,Usługi
Book me seats for 6 at the best brasserie that serves marche neighboring my hostel,1,4,1,0.00019230308,3,Usługi
I want to add un jour dans notre vie to my list running to rock 170 to 190 bpm,0,0,0,0.00014557788,3,Usługi
will it be temperate here on 11/27/2023,2,4,1,0.00018669124,3,Usługi
I need a table at Surf Taco in East Uniontown,1,4,1,0.00021625566,3,Usługi
Is it overcast in Bermuda,2,4,1,0.00019764011,3,Usługi
what is the forecast for here fir storm conditions next week,2,4,1,0.0005534738,3,Usługi
Find a reservation at a restaurant that serves gougère in Laneville with a party of nine,1,4,1,0.00018521972,3,Usługi
book a pizza serving tavern for me and my brother,1,3,1,0.00017220384,3,Usługi
Is it sunny in Qatar ?,2,4,1,0.00018657518,3,Usługi
"Tell me the weather forecast for apr. twenty-fourth, 2028 in San Diego",2,4,1,0.0010766466,3,Usługi
Book a table in Belhaven for a party of seven at the Great House at Sonning,1,4,1,0.00025687992,3,Usługi
Play music on the playlist Urban Hits,3,1,0,0.00024887957,3,Usługi
Play some music on Netflix,3,1,0,0.00012759535,3,Usługi
Add patti page album to i love my neo soul,0,0,0,0.00016226698,3,Usługi
Find a photograph called Midnight Mystery .,5,3,0,0.0002778088,3,Usługi
"Book a reservation for 6 in Belle Plaine , NE",1,4,1,0.0009576766,3,Usługi
What is the forecast for Sanibel,2,4,1,0.009892314,3,Usługi
open the Canciones del Recuerdo playlist and play songs,3,1,0,0.0010852349,3,Usługi
"Can I get a restaurant reserved in Luquillo , District Of Columbia ?",1,4,1,0.00053121516,3,Usługi
What's the weather forecast for Sweden on Oct. the fifth ?,2,4,1,0.00045278523,3,Usługi
Play Dj Scratch 's eighties music on Iheart .,3,1,0,0.00014220629,3,Usługi
Find Returned to Your Mind .,5,3,0,0.00027777423,3,Usługi
Book a steakhouse with a pool for eight people.,1,3,1,0.002626952,3,Usługi
Is it warm in Albania at noon,2,4,1,0.00018175691,3,Usługi
show me the movie schedule in the area near my home at seven AM for animated movies,6,4,0,0.00020452567,3,Usługi
"book a table for June the thirteenth, 2033 in Saint Barthélemy for 6 at an indoor tea house",1,4,1,0.00034103577,3,Usługi
Will it be hotter in CT at 6 am,2,4,1,0.00014682,3,Usługi
play The Case of the Whitechapel Vampire TV series,5,3,0,0.00021932262,3,Usługi
"book a latin cuisine pub for 2 on September the 13th, 2037 in Kazakhstan",1,4,1,0.000291506,3,Usługi
Give zero stars to Halo Ghosts of Onyx,4,2,0,0.00016578916,3,Usługi
book a spot at a highly rated afghan restaurant,1,3,1,0.0008391283,3,Usługi
what is the MT forecast for 22,2,4,1,0.005417365,3,Usługi
book in South Dakota for lobster newberg at a pub,1,3,1,0.0009527996,3,Usługi
phyllis ward and veronica need a table at a restaurant in 152 days,1,4,1,0.0002070843,3,Usługi
Give this textbook 0 out of 6 stars,4,2,0,0.00020413047,3,Usługi
book a restaurant for 4 that's not far from CA,1,3,1,0.00033502153,3,Usługi
Play a top five Linda Strawberry ep,3,1,0,0.0001482993,3,Usługi
"Book the best halal restaurant in Slovakia for brigitte taylor, katelyn and natalie on jun. 2 .",1,1,1,0.0018631709,3,Usługi
I have eight that would like to eat cretan in a cafeteria and need reservations.,1,4,1,0.00049506925,3,Usługi
Play Paul Mccartney,3,1,0,0.00018006067,3,Usługi
Add track to Hit Remix,0,0,0,0.00015928122,3,Usługi
Book spot for 9 at Thurmont,1,4,1,0.000313338,3,Usługi
I need a reservation for Maid-Rite Sandwich Shop in Home Gardens,1,4,1,0.00024399217,3,Usługi
Add Ashley McIsaac to my r&b party classics playlist,0,0,0,0.00017189048,3,Usługi
I want to book at a pub with parking in Cuba .,1,4,1,0.0005005686,3,Usługi
I want to book Dinner by Heston Blumenthal in AL .,1,1,1,0.0022168208,3,Usługi
Is it going to be freezing in Lolita ?,2,4,1,0.00029951893,3,Usługi
Give the current album 1 star,4,2,0,0.00017961931,3,Usługi
I want to book a highly rated pizzeria in the same area as tia's house,1,2,1,0.0012699955,3,Usługi
Book a restaurant in MP at 3 pm with pigs in blankets,1,4,1,0.00018819724,3,Usługi
I would like to book the best southeastern brazilian food court,1,3,1,0.00023588007,3,Usługi
book a table for a Macedonia restaurant,1,3,1,0.00019595862,3,Usługi
"book a brasserie at Turtle Creek neighboring on march sixth, 2038 for eight",1,4,1,0.0003472822,3,Usługi
Book a neighboring coffeehouse with internet in Shingleton .,1,4,1,0.013497351,3,Usługi
Give me the movie schedules for National Amusements .,6,4,0,0.00025082435,3,Usługi
"Tell me when it'll be chillier in Cavalero Corner , ID",2,4,1,0.00012784399,3,Usługi
Please book a restaurant for 45 weeks from now in FM,1,4,1,0.0003844669,3,Usługi
what is the weather in ND the city of Evangeline,2,4,1,0.00017131791,3,Usługi
"I would like to book at a pub on mar. 8, 2020 that is close to Broadway-Lafayette St for my daughters and I .",1,4,1,0.00036100307,3,Usługi
Add artist to my Broken Heart,0,0,0,0.00015242661,3,Usługi
Book a reservation for seven people at a bakery in Osage City,1,4,1,0.0005084847,3,Usługi
Is it sunny 1 second from now in the Pitcairn Islands,2,4,1,0.0001542513,3,Usługi
book for 8 AM in Massachusetts for 1,1,4,1,0.00021297041,3,Usługi
What's the weather in Guatemala,2,4,1,0.00018893067,3,Usługi
I need to book a pub for 8 that has wifi,1,4,1,0.0068611046,3,Usługi
Weather for South Williamsport,2,4,1,0.00024799551,3,Usługi
Rate Renewable Electricity and the Grid one stars out of 6,4,2,0,0.00020204647,3,Usługi
book a highly rated place in IN in seven years at a pub,1,2,1,0.00020492703,3,Usługi
Will there be a blizzard in Egypt ?,2,4,1,0.00064632593,3,Usługi
I need a restaurant that has internet access for a party of six,1,4,1,0.0014729205,3,Usługi
I need to know what theatre is playing A Happy Coersion,6,4,0,0.00013516837,3,Usługi
Book the Labworth Café in Ethiopia for six people.,1,3,1,0.00020164528,3,Usługi
Please rate the current textbook 2 stars,4,2,0,0.00018604622,3,Usługi
what is the weather of Sri Lanka,2,4,1,0.00029042785,3,Usługi
Book a reservation for eight people in North Dakota,1,3,1,0.001063457,3,Usługi
Book a restaurant 1 hour from now in Dorchester Shores Reservation,2,4,1,0.00043696183,3,Usługi
Rate the current novel four out of 6 points,4,2,0,0.00020764911,3,Usługi
i need to book a restaurant for five in Liberia at The Maisonette,1,4,1,0.0002186747,3,Usługi
what will the weather be like in Louisiana will it be colder then now,2,4,1,0.0004126585,3,Usługi
What time does The Maze start at Cineplex Odeon Corporation,6,4,0,0.0001664378,3,Usługi
On April the twelfth in Somalia is the weather chilly,2,4,1,0.0003777783,3,Usługi
Get me a highly rated restaurant in Nigeria,1,2,1,0.004242221,3,Usługi
Add a track to Fusion Fest,0,0,0,0.00017978602,3,Usługi
what is the weather forecast close-by Bermuda,2,4,1,0.0008328802,3,Usługi
Please check the weather forecast here .,2,4,1,0.004570871,3,Usługi
"Will it be windy in Mission Bay , AK today",2,4,1,0.00025277655,3,Usługi
book a spot at Rimsky-Korsakoffee House in Mackville,1,4,1,0.00047402826,3,Usługi
Find a reservation for six at a top-rated brasserie,1,4,1,0.00016631672,3,Usługi
Play some 1962 theme music.,3,1,0,0.00011915508,3,Usługi
Will it get overcast in La Dolores ?,2,4,1,0.00019373212,3,Usługi
Find a table close by in the downtown area for sherri and I,1,4,1,0.00014585689,3,Usługi
What's the forecast for Castolon in French Southern Territories around seven PM ?,2,4,1,0.00015357304,3,Usługi
what is the ME forecast for Joanna,2,3,1,0.014899336,3,Usługi
Book a table for my granddaughter and I at the highly rated restaurant that is close by in Tuvalu .,1,4,1,0.0015305522,3,Usługi
Will there be hail on 7/16/2032 in the Dominican Republic,2,4,1,0.0005469851,3,Usługi
Book me seats for 6 at a restaurant in WV in one second,1,4,1,0.00025925756,3,Usługi
CAn I get the the showtimes for The Jade Faced Assassin cinema ?,6,4,0,0.0001737485,3,Usługi
What will the weather be like here next week ?,2,4,1,0.0005250913,3,Usługi
play Lastfm by Steampunk,3,1,0,0.00018599875,3,Usługi
book a party of five at Seagoville for 0642,1,4,1,0.00025480415,3,Usługi
Is there fog in Refugio,2,4,1,0.00017874091,3,Usługi
Book reservations for five at Eleven Madison Park today within walking distance from Flaxton,1,4,1,0.00025748264,3,Usługi
Whats the closest cinema that shows movies at 12 A.M.,6,4,0,0.00024003997,3,Usługi
"I need a reservation for Arcadian Court on June the fifth, 2035",1,4,1,0.00027889226,3,Usługi
find Invisible Child at Southern Theatres,6,4,0,0.00022725551,3,Usługi
Add a billy strayhorn song to my the selektor playlist,0,0,0,0.00016353803,3,Usługi
Where and when can I see The Image Makers,6,4,0,0.00012685219,3,Usługi
is it going to be foggy in Jewell Cemetery State Historic Site 7 weeks from now,2,4,1,0.00025237974,3,Usługi
I give this textbook a 5,4,2,0,0.00020744128,3,Usługi
Book a reservation for one at a highly rated restaurant in Datil,1,4,1,0.0007836366,3,Usługi
Play the song Aura II The Sacred Rings,5,3,0,0.00014381453,3,Usługi
What's the weather here in 52 and a half weeks,2,4,1,0.00018564276,3,Usługi
Is temperature in Hanksville freezing ?,2,4,1,0.00015351205,3,Usługi
"Weather for jun. ninth, 2033 in San Pierre Romania",2,4,1,0.00012278312,3,Usługi
What's the weather like in Saint Regis Falls ND,2,4,1,0.00018185074,3,Usługi
Can  book a pizzeria that will serve a cupcake ?,1,3,1,0.0033197138,3,Usługi
When is Beneath the Harvest Sky playing?,6,4,0,0.00034216698,3,Usługi
add the essential jacksons to my Perfect Concentration,0,0,0,0.00017476497,3,Usługi
I want to hear some of David Gilmour 's music from 1973,3,1,0,0.0001343646,3,Usługi
Will there be a snowstorm in William B. Ide Adobe State Historic Park,2,4,1,0.00064202317,3,Usługi
How is the weather far from my current place in 42 weeks ?,2,4,1,0.0001510909,3,Usługi
Weather for the night time in New Mexico,2,4,1,0.0001487804,3,Usługi
I need to know the weather seven weeks from now in Morgan–Monroe State Forest,2,4,1,0.00021790282,3,Usługi
I'd like a table for two at a brasserie in São Tomé and Príncipe,1,4,1,0.00026568893,3,Usługi
Show me the weather forecast for the city of Spencer,2,3,1,0.02105843,3,Usługi
What is the forecast for my current place at 23 o'clock,2,4,1,0.00021142009,3,Usługi
"I'd like a reservation at a place in Iran for neva, alice and maggie parker .",1,4,1,0.00027257827,3,Usługi
Book a tea place at seven,1,4,1,0.00019132919,3,Usługi
I want seats for 4 at a Sichuan Food restaurant in Indonesia,1,4,1,0.00018905848,3,Usługi
Weather for this Winter here,2,4,1,0.0001420284,3,Usługi
What kind of weather is forecast around seven pm here ?,2,4,1,0.00016078526,3,Usługi
When is The Bleeding House playing at Amco Entertainment ?,6,4,0,9.7470474e-05,3,Usługi
Book a restaurant in West Hattiesburg for 0 o'clock .,1,4,1,0.0011572567,3,Usługi
Will there be a storm six weeks from now in Albania ?,2,4,1,0.00034605607,3,Usługi
Will it be rainy in Tenino ?,2,4,1,0.000267692,3,Usługi
Weather for my current location tomorrow,2,4,1,0.0001118973,3,Usługi
I want a restaurant reservation for a party of 8 at a vegetarian tea house .,1,4,1,0.0001728496,3,Usługi
"Will it be snowy on January 26th in Trentwood , Illinois",2,4,1,0.00024941267,3,Usługi
How warm is it in Darnestown,2,4,1,0.00017840642,3,Usługi
Is it supposed to be hotter today in IL,2,4,1,0.00025908204,3,Usługi
Book a table for april twenty-second at a pub which serves creole,1,4,1,0.00019416084,3,Usługi
rate this textbook a one,4,2,0,0.00017349762,3,Usługi
Play my Trabajo Relax playlist,3,1,0,0.00031277793,3,Usługi
Tell me the weather forecast for Douglas State Forest,2,4,1,0.027046155,3,Usługi
What local movie house is playing Beat the Drum,6,4,0,0.00014559885,3,Usługi
What was the weather like last may at Altai Tavan Bogd National Park,2,4,1,0.00022558063,3,Usługi
Book a Theme restaurant in Cameroon for 6 people.,1,3,1,0.008606227,3,Usługi
give two points to Wild Blood,4,2,0,0.00016547013,3,Usługi
What is the picture called Lest We Forget The Best of ?,5,3,0,0.00030642384,3,Usługi
"What's the weather forecast for Aug. 8, 2020 at my current location ?",2,4,1,0.00032248226,3,Usługi
I'd like to eat souvlaki fast food with a party of two,1,1,1,0.0031525511,3,Usługi
What's the weather forecast for 3 hours from now at Christmas Island ?,2,4,1,0.0002498279,3,Usługi
Play Marche Lorraine by Rachael Lampa,3,1,0,0.0001401327,3,Usługi
I'd like a table for six in nine weeks at a restaurant in Tokelau,1,4,1,0.00024126002,3,Usługi
what is the 10 pm forecast for Sweet Springs Wyoming,2,4,1,0.00032614605,3,Usługi
Give me a weather forecast for CA,2,5,1,0.7000243,3,Usługi
book a spot at Bobcat Bite in Needmore for ten am,1,4,1,0.00018642041,3,Usługi
I want to book a restaurant with creamed eggs on toast on Kansas Day within walking distance of British Indian Ocean Territory,1,4,1,0.008021546,3,Usługi
book at table at Forest Av restaurant close-by for 2 1 second from now,1,4,1,0.00030694113,3,Usługi
"I need a table for ten on april the eighteenth, 2030",1,4,1,0.00025201336,3,Usługi
book sot for 22 minutes from now at a restaurant with parking,1,4,1,0.00033302777,3,Usługi
"Book reservations at a restaurant in Niue for me, edna and glenda",1,4,1,0.00169814,3,Usługi
What is the forecast for Lesotho for starting this Fall,2,4,1,0.0016191641,3,Usługi
show nearest movie theatre to watch Black Jesus,6,4,0,0.0002009539,3,Usługi
book a spot at a taverna with internet in Mississippi,1,4,1,0.0008455499,3,Usługi
rate this novel 0 of 6 stars,4,2,0,0.00019814182,3,Usługi
I need a table booking for a highly rated sardinian pub .,1,4,1,0.00035126592,3,Usługi
play Roland Alphonso tunes that are most popular,3,1,0,0.00015330507,3,Usługi
Where can I find movie schedules,6,4,0,0.00019383288,3,Usługi
I need a restaurant in Iowa for 0 o'clock,1,4,1,0.00019122566,3,Usługi
Will it be colder in Oaklawn Zambia ?,2,4,1,0.00021362372,3,Usługi
Book a restaurant faraway from Albertson now .,1,3,1,0.00020662932,3,Usługi
book me a diner close-by Benin that serves strolghino for eight people,1,4,1,0.012838501,3,Usługi
Please search The Young Warriors game .,5,3,0,0.00028565127,3,Usługi
weather in Tioga Colorado,2,4,1,0.00013918702,3,Usługi
I need a table for 3 at David Whitney House in Brazil,1,4,1,0.0002415573,3,Usługi
What will the weather by close by the current position at 020230 ?,2,4,1,0.0002063215,3,Usługi
"I'm going to Herkimer and want some liver and onions and I need a table for bessie, antonia and lisa at a cafe around 10 AM",1,4,1,0.00021418772,3,Usługi
What's the weather like at Powers Lake ?,2,4,1,0.00017519722,3,Usługi
What kind of weather will be in VA 12 years from now ?,2,4,1,0.0002027175,3,Usługi
Find the News At Seven-Thirty photograph,5,4,0,0.00022555035,3,Usługi
what is the forecast for here for blizzard conditions at five pm,2,4,1,0.00023514644,3,Usługi
what will the weather be within the same area of Weir Farm National Historic Site,2,4,1,0.0014921399,3,Usługi
In eight years and a half from now I'd like a reservation at a top-rated bar,1,4,1,0.00022915158,3,Usługi
How is the weather going to be in Pearblossom .,2,4,1,0.00014010647,3,Usługi
I need to book a table at a tavern that serve gnocchi for nine in Owenyo,1,4,1,0.00021758767,3,Usługi
find a movie house closest showing Operation Kingdom,6,4,0,0.0002257195,3,Usługi
Dawn of the Emperors Thyatis and Alphatia deserves a rating value of 1,4,2,0,0.00016627788,3,Usługi
Will it be hotter on oct. the 20th in Massachusetts,2,4,1,0.00021888432,3,Usługi
Can you tell me the weather forecast for Samoa,2,4,1,0.2982602,3,Usługi
Is Proudly She Marches playing anywhere?,6,4,0,0.00017468068,3,Usługi
How cold is it around the current location now ?,2,4,1,0.0001922825,3,Usługi
Please make reservations for nine at 3 am .,1,4,1,0.0003373484,3,Usługi
What does it feel like in Connecticut,2,4,1,0.004041384,3,Usługi
play something from the twenties on Lastfm,3,1,0,0.00011270678,3,Usługi
Add tune to my Is It New Wave,0,0,0,0.00014097753,3,Usługi
"When will it be warmer in White Horse , Mauritius",2,4,1,0.00013905027,3,Usługi
Please get seating at Bouchon in Tonga for jimmie and chasity howard,1,4,1,0.0002454407,3,Usługi
put artist Emre Aydin on Happy Birthday playlist,0,0,0,0.00019725831,3,Usługi
What time is The Man Who Dared playing at the movie theatre ?,6,4,0,0.00015289018,3,Usługi
What will the weather be like in twenty two minutes at San Pasqual Battlefield State Historic Park,2,4,1,0.00023058338,3,Usługi
holly and brittany need a reservation for a sardinian tea house close by CO,1,4,1,0.00052088324,3,Usługi
Book a breakfast in a restaurant for eight .,1,3,1,0.0005837191,3,Usługi
Will it snow in Haigler Bosnia and Herzegovina,2,4,1,0.00030339867,3,Usługi
"Will it be foggy in the same area of Parc provincial Kettle Lakes on february the thirteenth, 2018 ?",2,4,1,0.00027303575,3,Usługi
book a spot at a highly rated pub in Woodston,1,4,1,0.0025502464,3,Usługi
Play me East Side Story,5,3,0,0.00013994095,3,Usługi
Use Google Music to play some songs by Dr John,3,1,0,0.00015005293,3,Usługi
I want to read the saga Michael Clayton,5,3,0,0.00026481567,3,Usługi
Book reservation for 2 people tomorrow in Whitewater,1,3,1,0.0011314233,3,Usługi
Book a reservation for a taverna at Sunrise in Kaanapali,1,4,1,0.0002483054,3,Usługi
book a table in California for rita and brenda at Hurley Mountain Inn on january the 11th,1,4,1,0.00054930756,3,Usługi
show schedule for Loved by Thousands,5,3,0,0.00024417593,3,Usługi
"Is there any predicted snowfall in 2 months in Vandalia , El Salvador",2,4,1,0.00025179054,3,Usługi
search for Space on My Hands,5,3,0,0.00025832915,3,Usługi
add apathy to my electro sur playlist,0,0,0,0.00016741673,3,Usługi
give me the movie times for Fox Theatres,6,4,0,0.00019213895,3,Usługi
This current album deserve 0 points and a best rating of 6,4,2,0,0.00019697998,3,Usługi
What time is The Daring Dobermans playing,6,4,0,9.8092074e-05,3,Usługi
Please give me movie schedules,6,4,0,0.00022927721,3,Usługi
"find Wild Solutions , a saga",5,3,0,0.0003077885,3,Usługi
I need a table in neighboring Carencro at the Bridge Round House,1,4,1,0.0002993919,3,Usługi
I want to give Science Fiction Adventures in Mutation 0 stars,4,2,0,0.00018405536,3,Usługi
"Add Star Light, Star Bright to my jazz classics playlist.",0,0,0,0.00017256392,3,Usługi
Tell me the weather forecast for Gibsland,2,4,1,0.3450896,3,Usługi
Add Pimp C to my workout remix .,0,0,0,0.00019325929,3,Usługi
I'm looking to book a seat at a bakery that serves coleslaw at 194458 .,1,4,1,0.0003728377,3,Usługi
book a pub in Clermont for 8 people,1,4,1,0.0007341521,3,Usługi
show weather forecast in West Crossett Luxembourg in fourteen minutes,2,4,1,0.0010155018,3,Usługi
Check the forecast for Orson for around 9 PM,2,4,1,0.00023143129,3,Usługi
Make me a reservation somewhere near here for me and my step brother by adeline's apartment,1,4,1,0.00054836116,3,Usługi
what animated movies are showing nearby,6,4,0,0.00025008956,3,Usługi
I want an indoor restaurant for a party of five in Columbus Junction,1,4,1,0.00085887854,3,Usługi
Is it overcast in Brazil in within walking distance,2,4,1,0.00015778176,3,Usługi
What will the weather be like 1 minute from now within the same area of my current location,2,4,1,0.00022199465,3,Usługi
add this Michael V track to my Folk & Americana,0,0,0,0.00016179068,3,Usługi
I want to make a reservation for one at a sushi restaurant in Brucetown,1,4,1,0.0002665395,3,Usługi
Book me a table at a romanian brasserie in Rixford,1,4,1,0.00071088294,3,Usługi
Add javine hylton to my evening playlist,0,0,0,0.0001563548,3,Usługi
add rise of the infidels to my bring back the 90s playlist,0,0,0,0.00016955713,3,Usługi
Book a table for 8 right now for a restaurant in Meadow Vale,1,4,1,0.000977653,3,Usługi
will it be freezing 5 seconds from now in Patmos,2,4,1,0.00018412524,3,Usługi
this album is rated at a 0 out of a possible 6 .,4,2,0,0.00019910865,3,Usługi
"christie, concepcion and I want to eat trattoria at a brasserie in Johnston now",1,4,1,0.0003302374,3,Usługi
Give The Diamond Chariot a 0 out of 6 .,4,2,0,0.00021009344,3,Usługi
show More Questions Than Answers trailer,5,3,0,0.00021052104,3,Usługi
Can you tell me the weather forecast for three o'clock in DE,2,4,1,0.000464093,3,Usługi
Need a table at a fast food restaurant for me and my kids in Brusly Landing,1,4,1,0.00030413555,3,Usługi
Is the weather overcast here and now ?,2,4,1,0.00017291064,3,Usługi
What is the weather in CT,2,4,1,0.00015471727,3,Usługi
I want to watch Strange Brother,5,3,0,0.0003763583,3,Usługi
Find Games Wizards Play TV series,5,3,0,0.00024277154,3,Usługi
Will it be cold in Wheatley Provincial Park ?,2,4,1,0.00031036392,3,Usługi
find movie times,6,4,0,0.0001959151,3,Usługi
I need a reservation for my teens and I six months from now in Tennessee,1,4,1,0.000247934,3,Usługi
Book a restaurant .,1,3,1,0.00028995538,3,Usługi
Book a bakery that serves souvlaki for tomorrow .,1,3,1,0.0018773641,3,Usługi
add tune by Leonard Cohen to road trip,0,0,0,0.00017978516,3,Usługi
add the song don't drink the water to my playlist,0,0,0,0.00016790746,3,Usługi
Is it going to be cold once I get within walking distance of my home in New Caledonia ?,2,4,1,0.00050731545,3,Usługi
book a spot for 2 at a brasserie that has hot dog in WA at twelve AM,1,4,1,0.00015123039,3,Usługi
I need reservations for next autumn in Belgium at a highly rated diner .,1,4,1,0.00025968585,3,Usługi
"Let me get the forecast in Allardt , Canada .",2,4,1,0.0017636294,3,Usługi
Tell me if it'll be temperate three hours from now in Bonaire,2,4,1,0.00023149642,3,Usługi
"I need a table for nine at a restaurant in Pelican Bay serving chips on December 6, 2031",1,4,1,0.000225823,3,Usługi
I want to add michelle heaton to this is chopin,0,0,0,0.00015468102,3,Usługi
I want to go to the popular pub at ten PM,1,4,1,0.00013188817,3,Usługi
What's the weather in Fox Chapel ?,2,4,1,0.00015224578,3,Usługi
What is the movie schedule for animated movies in the area,6,4,0,0.00020937802,3,Usługi
What will it be like feb. the twentieth in Colorado,2,4,1,0.001262396,3,Usługi
"book for jessie, dale wright and lupe at a bistro on feb. 20, 2040",1,4,1,0.000270124,3,Usługi
please book a restaurant for nine members,1,3,1,0.0005751037,3,Usługi
I need to hear some music from Spotify,3,1,0,0.0001253636,3,Usługi
Book a highly rated fast food restaurant in Falmouth .,1,2,1,0.0040947367,3,Usługi
Add cecil womack to my 50 Great Female Voices playlist.,0,0,0,0.00018084428,3,Usługi
Rate this series one out of 6 .,4,2,0,0.00019959721,3,Usługi
Get me a reservation for 1 somewhere in Spade at seventeen o'clock,1,4,1,0.00016494127,3,Usługi
what is the weather forecast for Piqua on Pearl Harbor Remembrance Day,2,4,1,0.00042738375,3,Usługi
book a spot for one at four AM,1,4,1,0.00021790611,3,Usługi
Is there a snowstorm coming to Ukraine,2,4,1,0.0009483364,3,Usługi
I want to eat panisses the nearby cafeteria in Naytahwaush,1,4,1,0.00033428514,3,Usługi
give 5 out of 6 to this album,4,2,0,0.00018613726,3,Usługi
Book a nearby northeast indian restaurant in North Carolina for ten people at six am .,1,4,1,0.0006286348,3,Usługi
I give this series a one out of 6,4,2,0,0.00020086809,3,Usługi
add this track to my flamenco pa ti,0,0,0,0.00015604805,3,Usługi
in California will it be cold in East Trenton Heights,2,4,1,0.00020742638,3,Usługi
"Tell me the weather forecast one year from now in Kulpsville , Togo",2,4,1,0.00032343244,3,Usługi
Make me a reservation in NH for a party of two at a restaurant close by,1,4,1,0.00020148372,3,Usługi
i want to watch Mister Cool,6,3,0,0.0004010103,3,Usługi
Play a melody by Hagigat Rzayeva,3,1,0,0.00015632474,3,Usługi
I'd like a table for my step grandfather and I at Five Fifty-Five in NV,1,4,1,0.00021909336,3,Usługi
Find a reservation at a brasserie restaurant nearby SC for a party of ten,1,4,1,0.00015827524,3,Usługi
Will it be foggy in 1 hour and 1 minute from now in OK,2,4,1,0.00027674017,3,Usługi
Will it be warmer in Flag ?,2,4,1,0.00020517383,3,Usługi
book at Tavern on the Green for in 1 minute in CO,1,4,1,0.00018986994,3,Usługi
Find A World Apart .,5,3,0,0.0001621319,3,Usługi
rate the last saga 3,4,2,0,0.00018405404,3,Usługi
I'd like to eat a restaurant in or nearby Pelahatchie at 12 o'clock,1,4,1,0.00014231936,3,Usługi
What's the weather this Summer in Djibouti,2,4,1,0.0002960012,3,Usługi
Book a party of 4 at Eddie’s Attic,1,4,1,0.0017060277,3,Usługi
book a brasserie for 3,1,3,1,0.0008882337,3,Usługi
I'd like to eat at a restaurant one minute from now that's highly rated,1,4,1,0.00084092974,3,Usługi
Play some Gospel music.,3,1,0,0.0001319045,3,Usługi
Play me the last 1980 record by Brenda Kahn,3,1,0,0.00014345908,3,Usługi
Tell me if there will be wind in NE,2,4,1,0.0003977367,3,Usługi
Will it get chillier in 2 seconds in Republic of the Congo ?,2,4,1,0.00026440123,3,Usługi
Is it supposed to hail in NY,2,4,1,0.0014840487,3,Usługi
Add track to Afternoon Train Ride,0,0,0,0.00016821979,3,Usługi
what is the forecast for hot temps in Kuwait in Augusta Springs,2,4,1,0.00023059244,3,Usługi
play track Her Majesty,3,1,0,0.00019154516,3,Usługi
"Is it chilly in Henrieville , Oman",2,4,1,0.00017937906,3,Usługi
I would like to book a restaurant for souvlaki cuisine in the state of NE,1,4,1,0.08884784,3,Usługi
Is there a depression in Delta Junction,2,4,1,0.0007828039,3,Usługi
Is there snow in the District Of Columbia,2,4,1,0.00045420803,3,Usługi
Get soundtrack of Comprehensive Knowledge Archive Network,5,3,0,0.00068214524,3,Usługi
How do I rate this book 4 stars?,4,2,0,0.00019317347,3,Usługi
Book a restaurant at a steakhouse around in town that serves empanada for me and my son,1,4,1,0.009641505,3,Usługi
What's the weather forecast for Spain ?,2,4,1,0.004246445,3,Usługi
table for 4 in Sparks,1,4,1,0.00081273995,3,Usługi
book a spot for elise and alma at a brasserie in Ravensdale MH for this week,1,4,1,0.00028078628,3,Usługi
book a spot for 3 at supper time in IL,1,4,1,0.00018130873,3,Usługi
I need a reservation for Cashel Palace Hotel in California for a party of 9,1,4,1,0.00023721172,3,Usługi
I need to know if its humid in Greenback in Mongolia,2,4,1,0.000158885,3,Usługi
Book a restaurant 2 months from now for seven people in New Caledonia .,1,4,1,0.0035287219,3,Usługi
book a table at a Fried chicken restaurant,1,3,1,0.0004967038,3,Usługi
Book a restaurant in Pinecliffe Missouri this month .,1,3,1,0.008614951,3,Usługi
what is the Idledale forecast,2,4,1,0.00086346443,3,Usługi
Table for 8 at a popular food court,1,4,1,0.000115505165,3,Usługi
give three points to current book,4,2,0,0.00017248605,3,Usługi
What's the cloud forecast now for Sierra Leone ?,2,4,1,0.00074728567,3,Usługi
"I need a reservation for february 27, 2020 at a bar that serves paté",1,4,1,0.00021712335,3,Usługi
Rate this essay four out of 6,4,2,0,0.0002092774,3,Usługi
Play Everybody Wins trailer,5,3,0,0.00011888679,3,Usługi
"Tell me if it'll be freezing 333 days from now in Caplinger Mills , Florida",2,4,1,0.0007159823,3,Usługi
Please book me a table for next week at a top-rated restaurant,1,4,1,0.000632001,3,Usługi
I want a table for 3 at a restaurant,1,4,1,0.00019894565,3,Usługi
Will it be windy at Medicine Rocks State Park on May 24,2,4,1,0.0002481994,3,Usługi
I need a reservation for Red Square on aug. the 9th,1,4,1,0.00028538264,3,Usługi
I want to take me and my crew to the smoking room restaurant,1,3,1,0.00055120856,3,Usługi
find the TV show When I Was a Boy,5,3,0,0.00030005802,3,Usługi
book in Romania for christian and susana at David Carpenter House,1,4,1,0.00044729267,3,Usługi
I want to give this current textbook 4 points .,4,2,0,0.00020343126,3,Usługi
What is the weather going to be like on st. patrick's day ?,2,4,1,0.00049553375,3,Usługi
book for crepes at a restaurant in Sint Maarten,1,4,1,0.0031863048,3,Usługi
Make me a reservation in NE at a distant resturant that is a pizzeria,1,4,1,0.00028850505,3,Usługi
Please book me a reservation this year for a restaurant within the same area of my office,1,4,1,0.0007855158,3,Usługi
I want to give this book zero,4,2,0,0.00018971112,3,Usługi
Put another track in the keep calm playlist.,0,0,0,0.00020864619,3,Usługi
book a restaurant in Macedonia for 13 hours from now,1,4,1,0.0006393484,3,Usługi
Rate this textbook a 1,4,2,0,0.00018084991,3,Usługi
Play Someday Soon by fiona,3,1,0,0.00016128382,3,Usługi
What is the Wauseon forecast,2,3,1,0.001105051,3,Usługi
add album to Ultra Metal,0,0,0,0.00017055137,3,Usługi
book a spot for 8 in Hungary on february the 14th,1,2,1,0.00022349288,3,Usługi
book a table at one o'clock at a bar that has parking,1,4,1,0.00018654043,3,Usługi
Book a table at the WWE The World in South Korea .,1,3,1,0.0002031767,3,Usługi
what is the forecast in Mer Rouge and Palestine,2,4,1,0.0002992174,3,Usługi
Rate the current novel one of 6,4,2,0,0.0001952604,3,Usługi
I want to see the MAXIMUM TRANCE picture,5,3,0,0.00018288296,3,Usługi
I want to book a bar in Bonaparte Palau .,1,3,1,0.0044631646,3,Usługi
play Lastfm pop tunes,3,1,0,0.00011605927,3,Usługi
Book a table for doris and I in New Tulsa,1,3,1,0.00086014305,3,Usługi
Book me a table for 8 at a restaurant for seven pm,1,4,1,0.0001597209,3,Usługi
Play the greatest soundtrack by Nhat Son on Last Fm .,3,1,0,0.0001216339,3,Usługi
Add inconfundible to Stomp & Holler,0,0,0,0.00017306577,3,Usługi
book for my girlfriend and I for truffade at a gastropub in West Virginia,1,3,1,0.00043806832,3,Usługi
Find a book called The Magic Christmas Tree .,5,3,0,0.00037105323,3,Usługi
book a spot for seven at a bar with chicken french,1,4,1,0.0002118683,3,Usługi
Book a reservation for a pub with internet for 2 people,1,4,1,0.006539001,3,Usługi
Book me a table for 4 in a restaurant in United Kingdom .,1,4,1,0.00062359823,3,Usługi
what will the weather be like at noon in Brunei,2,4,1,0.00017975495,3,Usługi
Will the weather close by be warmer in Kentucky,2,4,1,0.00016691933,3,Usługi
I rate Naked in Death a 5,4,2,0,0.00015362841,3,Usługi
Book a top-rated restaurant in Milton-Freewater .,1,2,1,0.0071671475,3,Usługi
what is the weather of LA at 4 pm,2,4,1,0.00017004546,3,Usługi
Is it going to be chilly at nine am in Doolittle,2,4,1,0.00016357431,3,Usługi
I need to find a table for 4 at a brasserie that has fondue,1,4,1,0.00017176232,3,Usługi
I want to hear something off Fist For Fight by Rushton Moreve on Youtube,3,1,0,0.00013528756,3,Usługi
Play the best Vanessa Peters songs,3,1,0,0.0001503364,3,Usługi
Will it be stormy in distant Holly River State Park,2,4,1,0.0002893955,3,Usługi
will it be chilly in Cistern,2,4,1,0.0001683599,3,Usługi
Will it be warm in Powersville Guam 23 hours from now,2,4,1,0.00014526988,3,Usługi
Please find the schedule for Jappeloup at Bow Tie Cinemas .,6,4,0,0.00018713788,3,Usługi
tell me how Bellwood weather is,2,4,1,0.0021947462,3,Usługi
What is the forecast at four AM in Zambia,2,4,1,0.00017306107,3,Usługi
What's the forecast for the weather at eight am in Oxford ?,2,4,1,0.00020075246,3,Usługi
play Frankie Laine,3,1,0,0.0001231692,3,Usługi
At AMC Theaters what is the movie schedule ?,6,4,0,0.00019535428,3,Usługi
My group of seven wants to eat at Yogurt Mountain in Slick tonight .,1,4,1,0.00047712598,3,Usługi
Book a reservation for two at Mickies Dairy Bar in Weedsport,1,4,1,0.0002542176,3,Usługi
I need a table for six at a bar that serves varenyky,1,4,1,0.00020738058,3,Usługi
Rate The Warrior Prophet 3 of 6 stars,4,2,0,0.00018659253,3,Usługi
What is the weather in Arkansas the city of Morrison,2,4,1,0.00021907587,3,Usługi
What will the weather forecast be during the Kent State Shootings Remembrance in El Cocuy National Park ?,2,4,1,0.00019040448,3,Usługi
find movie schedules for me,6,4,0,0.00020693804,3,Usługi
Book the Slippery Noodle Inn in Gober .,1,3,1,0.00030486443,3,Usługi
find The Good Wife,5,3,0,0.00020589014,3,Usługi
Book the Atomic Cafe for ten people.,1,3,1,0.00020726054,3,Usługi
Give me a top-rated restaurant that's eastern european,1,2,1,0.0002564525,3,Usługi
Book a table for me and my crew scheduled for 104715 pm in IL .,1,4,1,0.00017712472,3,Usługi
What will the weather be in Waverly City Brazil on Purple Heart Day ?,2,4,1,0.00019051322,3,Usługi
I want to hear sia furler 's popular songs on Last Fm,3,1,0,0.00011593829,3,Usługi
"Is there a blizzard in Tennessee Colony , KS",2,4,1,0.0002938718,3,Usługi
What is the predicted weather on mar. 27 for Farragut State Park ?,2,4,1,0.00020030394,3,Usługi
What will the weather be one second from now in Chad ?,2,4,1,0.00015757114,3,Usługi
Show Transformers The Game,5,3,0,0.00027958804,3,Usługi
Find a reservation at Berowra Waters Inn in Australia in 2 years,1,4,1,0.00014699527,3,Usługi
I need to find the saga Trail of the Yukon,5,3,0,0.0002617252,3,Usługi
add Hot House to Have You Met Miss Jones,0,0,0,0.00020450902,3,Usługi
play the music track of 1998,3,1,0,0.00012780288,3,Usługi
What is the forecast next year in McGee,2,4,1,0.0004946281,3,Usługi
"book a highly rated gastropub that has a pastelaria in Blue Anchor , MD in 55 weeks for my brother in law and I",1,2,1,0.0030624561,3,Usługi
What will the weather be in Hialeah Gardens on October the 24th ?,2,4,1,0.00015676575,3,Usługi
BOok a table for me and georgina at a pub in a spa,1,4,1,0.00064376177,3,Usługi
I want to book a restaurant within walking distance of my neighborhood .,1,4,1,0.0021906265,3,Usługi
Find the movie schedule .,6,4,0,0.00022309144,3,Usługi
I need a table for 2 on feb. 18 at Main Deli Steak House,1,4,1,0.00019339766,3,Usługi
Weather for four weeks from now in Oregon,2,4,1,0.00015122446,3,Usługi
"find The Girlfriend Experience , a television show",5,3,0,0.00028438005,3,Usługi
I need a reservation in Pitcairn Islands for any restaurant  joint,1,4,1,0.0002600567,3,Usługi
Is there going to be a depression in my current location on nov. the ninth,2,4,1,0.00031754552,3,Usługi
"I need reservations for a party of 3 on all souls' day in Temperance , North Dakota",1,4,1,0.0007157026,3,Usługi
Book a restaurant in Bouchon for 1,1,2,1,0.0005924933,3,Usługi
put this track on my infinite indie folk playlist,0,0,0,0.00019231437,3,Usługi
"Show me weather forecast in Clontarf , KY from 4 hours from now .",2,4,1,0.0005079525,3,Usługi
What is the weather forecast for Laos,2,4,1,0.0043295575,3,Usługi
I want to eat at the bar Saint Vincent and the Grenadines at thursday for five people,1,4,1,0.00014768774,3,Usługi
Play some sixties music.,3,1,0,0.00012685092,3,Usługi
whats the nearest movie house showing animated movies,6,4,0,0.000259541,3,Usługi
Book a table for 2 at a restaurant in Follett,1,4,1,0.00041526905,3,Usługi
What is the weather in Deeth,2,4,1,0.00013340512,3,Usługi
Weather for nearby Roselle,2,4,1,0.00010833718,3,Usługi
Book a table at the top-rated taverna in North Korea .,1,3,1,0.0005634405,3,Usługi
find a movie house nearest for films,6,4,0,0.00023887001,3,Usługi
Book a restaurant on June the fifth in Cavour .,2,4,1,0.010508618,3,Usługi
Play trailer of Do Whatever Turns You On,5,3,0,0.00019314574,3,Usługi
Will it be warm in Cotati in Guinea-Bissau,2,4,1,0.00017814698,3,Usługi
How is weather here ?,2,4,1,0.00015901025,3,Usługi
"this winter , meredith, betty and erika want to food at a gastropub that is in the same area as fran's location .",1,4,1,0.00028909103,3,Usługi
"i'd like reservations for two at a pizzeria , 22 weeks from now .",1,4,1,0.00024613625,3,Usługi
"Is there a freezing forecast for Minto , Nicaragua ?",2,4,1,0.00028711322,3,Usługi
book a stuffed ham serving pizzeria in Independence Corner,1,3,1,0.0021921592,3,Usługi
"I want to book a spot at a bar in Henniker , North Dakota .",1,4,1,0.0004857105,3,Usługi
Book Georgetown Cupcake in Keller for tea time.,1,3,1,0.00041491105,3,Usługi
Is Race Gurram playing,6,4,0,0.00013553663,3,Usługi
What will the weather be in Federated States Of Micronesia at 0017 am,2,4,1,0.00013862283,3,Usługi
Grab a table at a restaurant in Minnesota that serves ice cream cake,1,4,1,0.0003208443,3,Usługi
Book a table for my granddaughter and I at the restaurant .,1,4,1,0.00044940578,3,Usługi
What's the weather forecast for Austin Liechtenstein,2,4,1,0.0009891284,3,Usługi
Will it be chilly at Boggs Mountain Demonstration State Forest,2,4,1,0.0002737934,3,Usługi
I want to book a spot at the local food court,1,4,1,0.00019729268,3,Usługi
Book table on the 23 in Illinois at the Maison Parthenais-Perrault II .,1,4,1,0.00383456,3,Usługi
book for 2 at a cafe for burgers in Gasport,1,4,1,0.0003059528,3,Usługi
Is it cloudy in Cuba ?,2,4,1,0.0003738201,3,Usługi
I wish to hear the playlist Estado de ánimo on Last Fm .,3,1,0,0.00016446073,3,Usługi
what are the movietimes for films in the neighbourhood,6,4,0,0.0002450141,3,Usługi
add a tune in Chill Vibes,0,0,0,0.0001873098,3,Usługi
"Book a bar for six on July eighth, 2023 in the same area in Equatorial Guinea which serves rillettes .",1,4,1,0.00051945704,3,Usługi
Find the movie schedules at Magic Johnson Theatres,6,4,0,0.00020835691,3,Usługi
Book a brasserie place for seven in Lithuania,1,4,1,0.008839031,3,Usługi
"I need to book a pool side bar , for 5 people 17 weeks from now , distant from here at Mountain Lakes .",1,4,1,0.0004575705,3,Usługi
Add this artist to piano chill,0,0,0,0.00016115983,3,Usługi
"I want to book a restaurant in Wallsburg , Missouri for michele, diann and pam",1,3,1,0.004088497,3,Usługi
Will there be a snowfall here in the neighboring areas?,2,4,1,0.00042971212,3,Usługi
Is it going to be nicer next week in Hamel Belize,2,4,1,0.00030430872,3,Usługi
Play the music Hands Up,3,1,0,0.00020669696,3,Usługi
What is the movie schedule for films nearby,6,4,0,0.00021040175,3,Usługi
add ojuelegba to trabajo ritmos dance,0,0,0,0.00016337799,3,Usługi
"Can you give me the forecast for 11 in Bradner , IA",2,4,1,0.0009049918,3,Usługi
Play a song by Alasdair Roberts from 1996,3,1,0,0.00012427436,3,Usługi
What does it feel like in Alloway,2,4,1,0.0015167502,3,Usługi
find Mann Theatres movie schedule,6,4,0,0.00020233399,3,Usługi
I'm looking for the saga Why Men Leave Home,5,3,0,0.00042830227,3,Usługi
give 1 out of 6 to West of January,4,2,0,0.00018833033,3,Usługi
Put Mike McCready in the kitchen swagger playlist.,0,0,0,0.00017716333,3,Usługi
I need a reservation for eight at The Original Soup Man in Northern Mariana Islands,1,4,1,0.0001482254,3,Usługi
Will it be colder in Virgin Islands National Park ?,2,4,1,0.00021417954,3,Usługi
Can you put live in detroit on the playlist Peaceful Piano,0,0,0,0.00017527354,3,Usługi
FInd trailer for Iraq for Sale The War Profiteers,5,3,0,0.00022807908,3,Usługi
Will it be cloudy in Tatamy ?,2,4,1,0.00024454427,3,Usługi
"Will it be hotter in Conception Junction , Moldova ?",2,4,1,0.00022903342,3,Usługi
What's the weather here at 2 PM.,2,4,1,0.00017425112,3,Usługi
What's the weather forecast for Lenexa United Kingdom at 0231,2,4,1,0.00017322219,3,Usługi
"Make a reservation in a popular sicilian bar place nearby , for me only, tomorrow",1,4,1,0.00023778826,3,Usługi
Add New Wave Blues to my Push Button Funk playlist,0,0,0,0.00017038622,3,Usługi
Add Jon McLaughlin to my forever country playlist.,0,0,0,0.00016417894,3,Usługi
what is the chilly forecast for Mustoe North Carolina,2,4,1,0.0003723539,3,Usługi
Will the sky be overcast around jan. 28 in OK ?,2,4,1,0.00015030846,3,Usługi
Play Night Electric Night on Iheart,3,1,0,0.00013868323,3,Usługi
Book Mars 2112 in Rwanda for 4 people.,1,3,1,0.0003333785,3,Usługi
rate the chronicle Ten from Tomorrow a 2,4,2,0,0.00016709676,3,Usługi
Book a brasserie that serves mezzes in Iowa .,1,3,1,0.01848442,3,Usługi
Is it going to be warm here for brunch,2,4,1,0.00022638566,3,Usługi
what is the midnight forecast for Argentina,2,3,1,0.0017325986,3,Usługi
Show me a photograph called The Daily Slovak News,5,3,0,0.0003846492,3,Usługi
Play Punk Rock music,3,1,0,0.0001340964,3,Usługi
Make me a reservation at a bar for a party of 7 in indonesian,1,4,1,0.00018572381,3,Usługi
how much hotter will it be once close to Namibia,2,4,1,0.00027150958,3,Usługi
Put Kim Kibum in my the martin garrix show playlist.,0,0,0,0.00018101752,3,Usługi
What will the weathr be in Akin Jamaica ?,2,4,1,0.00021657516,3,Usługi
Will it be chillier in Suwannee,2,4,1,0.00020093308,3,Usługi
Will it be warmer now in Covenant Life,2,4,1,0.0002611765,3,Usługi
will it get chillier within walking distance of PW,2,4,1,0.00026859605,3,Usługi
Book a pub for eight people in the Pitcairn Islands .,1,3,1,0.0077965036,3,Usługi
"Tell me the weather forecast for September 21, 2030 in Palau",2,4,1,0.0010306614,3,Usługi
what are the movies movie times nearby,6,4,0,0.00021308725,3,Usługi
What is the weather forecast for Papua New Guinea,2,4,1,0.0146582285,3,Usługi
Will there be snowfall at six pm in Leisure Knoll California,2,4,1,0.00013508584,3,Usługi
"Please book me a restaurant reservation at First Watch in Douglas , Maine .",1,4,1,0.00019343641,3,Usługi
play Realization by Randy Jackson,3,1,0,0.0001521171,3,Usługi
Will it be stormy in Ritchey in Palau,2,4,1,0.00017064334,3,Usługi
what is the forecast for here one second from now,2,4,1,0.00043325074,3,Usługi
I'd like for you to add bobby brown to my enamorándose playlist.,0,0,0,0.00016774227,3,Usługi
rate the current album a zero,4,2,0,0.00015498896,3,Usługi
what is the Sri Lanka forecast for snow,2,4,1,0.0015091046,3,Usługi
Can you make a reservation for next year in Modesto for joanna and ella,1,4,1,0.000225575,3,Usługi
Is it chilly in Ecola State Park at 2 pm,2,4,1,0.00018249433,3,Usługi
I need to know is it freezing in MN at 0127 pm,2,4,1,0.00035770287,3,Usługi
"What's the temperature today in Griffin , NE ?",2,4,1,0.0001620917,3,Usługi
add this song by torch to my Sing Along playlist,0,0,0,0.00016840127,3,Usługi
I want to eat in Ramona,1,4,1,0.00029589003,3,Usługi
What time does Johnny Got His Gun play,6,4,0,0.00010302749,3,Usługi
I'd like to eat around ID on august the 16th with a party of 8,1,4,1,0.00046688155,3,Usługi
book a spot at a sushis diner in Minnesota,1,3,1,0.0009043411,3,Usługi
I have four people needing a restaurant reservation.,1,4,1,0.00040281177,3,Usługi
"How's the weather in Grisdale , Bangladesh ?",2,4,1,0.00014632894,3,Usługi
I need another artist in the romántica playlist.,0,0,0,0.00021886332,3,Usługi
is it going to be cold in Readstown at 4 AM,2,4,1,0.00015356272,3,Usługi
Need to book a table downtown within walking distance of me at J.G. Melon,1,4,1,0.0002492802,3,Usługi
Book a churrascaria restaurant for 2 which serves mezes,1,3,1,0.023981538,3,Usługi
"I need a top-rated gastropub for 5 in DC in Conshohocken on Jul. the 18th, 2024",1,2,1,0.00030316625,3,Usługi
What's the weather like in Schenectady MA ?,2,4,1,0.00017007986,3,Usługi
Check the movie schedule for Wanda Group,6,4,0,0.00015348043,3,Usługi
table for eight at The Berghoff in Sistersville in Jul.,1,4,1,0.00014218742,3,Usługi
What time is the Wanda Group playing The Honor of an Outlaw,6,4,0,9.126726e-05,3,Usługi
Weather in two hours in Uzbekistan,2,4,1,0.00012820172,3,Usługi
Find a photograph of Adventure Time The Secret of the Nameless Kingdom,5,3,0,0.0003738169,3,Usługi
is it warm in Fernandina Beach Slovakia,2,4,1,0.00015052428,3,Usługi
give 1 out of 6 points to current saga,4,2,0,0.00018147212,3,Usługi
Is there a depression in weather at my current spot,2,4,1,0.00024022201,3,Usługi
What's the weather in the U.S. Virgin Islands,2,4,1,0.0001876348,3,Usługi
Show me a forecast for French Polynesia,2,3,1,0.0064184396,3,Usługi
I want to find a restaurant to eat at in Westernport .,1,4,1,0.00033062603,3,Usługi
Is it chilly in Alaska,2,4,1,0.00021103094,3,Usługi
Book a restaurant for 9 at 0037 PM,1,4,1,0.0002372555,3,Usługi
book a table in Tennessee for 1 for next August,1,4,1,0.0020544864,3,Usługi
add September to winter music,0,0,0,0.00017255938,3,Usługi
Is it cold ever in Farristown Tanzania,2,4,1,0.00020348653,3,Usługi
Show films at the nearest cinema,6,4,0,0.00028741593,3,Usługi
Rate this album a 4,4,2,0,0.00016515028,3,Usługi
book a gibassier serving tavern in Vermont for nine,1,4,1,0.006383167,3,Usługi
I want another song in the Women of Latin Music playlist.,0,0,0,0.00023116962,3,Usługi
what is the forecast for hot temps at Bowman Bay Wildlife Sanctuary,2,4,1,0.00016751853,3,Usługi
Book me a pub nine weeks from now for 4 people.,1,4,1,0.0003094556,3,Usługi
Will it storm in Kinder Russia,2,4,1,0.00021307699,3,Usługi
I give the following saga a 5 .,4,2,0,0.00018695666,3,Usługi
Play me the trailer for Gainesville Daily Register .,5,3,0,0.00024390323,3,Usługi
add this tune to my It's a Southern Thing playlist,0,0,0,0.00016274206,3,Usługi
book a table on 6/14/2035 at a bakery within walking distance of Equatorial Guinea that serves paella,1,4,1,0.0008284743,3,Usługi
find movie schedules with animated movies close by,6,4,0,0.0002412178,3,Usługi
Find a TV show called Ace of Spades .,5,3,0,0.0003423381,3,Usługi
The Voyage of the Dawn Treader deserves 5 points .,4,2,0,0.00022396377,3,Usługi
What's the weather looking like right now in Croatia ?,2,4,1,0.0002016213,3,Usługi
Find a table for 8 somewhere in Bonaire in 345 days,1,4,1,0.00021854827,3,Usługi
I want to listen to some Aaliyah,3,1,0,0.00015195094,3,Usługi
What is the forecast here for September 16,2,4,1,0.0006488262,3,Usługi
Need a table for a party of eight one hour from now in Exira SD in a pub that serves oysters rockefeller,1,4,1,0.00021365815,3,Usługi
book a table for seven in Walpole,1,4,1,0.00070457696,3,Usługi
Book a restaurant in Delhi Arkansas for three people.,1,3,1,0.00037782436,3,Usługi
what is the forecast for freezing weather here,2,4,1,0.0036384105,3,Usługi
rate The Citadel 1 out of 6 points,4,2,0,0.00019185913,3,Usługi
What's the movie schedule at Great Escape Theatres,6,4,0,0.00022135876,3,Usługi
I'd like to add this album to funtime .,0,0,0,0.00016905164,3,Usługi
book a spot for 3 at a bar in Antarctica,1,4,1,0.00042004802,3,Usługi
Open The Second Adventure album by Hans Nilsson,3,1,0,0.0003540792,3,Usługi
"What is the weather forecast for North Carolina on October thirteenth, 2037",2,4,1,0.0005656335,3,Usługi
add album to my piano ballads,0,0,0,0.00017943713,3,Usługi
Is it chilly in Pixley,2,4,1,0.00020529126,3,Usługi
"Will there be cloud coverage in Verdery , Myanmar",2,4,1,0.00095473864,3,Usługi
Need a booking for a party of five at a restaurant in French Polynesia,1,4,1,0.00016964375,3,Usługi
Give me the weather forecast for Nationaal park Garphyttan,2,4,1,0.006312019,3,Usługi
I would rate Eater of Wasps a value of zero and a best rating of 6,4,2,0,0.00019336148,3,Usługi
Let me hear Chris Knight music,3,1,0,0.00011650474,3,Usługi
I want to make a reservation at the Conflict Kitchen for one,1,4,1,0.00020329328,3,Usługi
Rate the current textbook 1 of 6,4,2,0,0.00018695752,3,Usługi
"I need a restaurant booking for 2 people this month at a indian place in Climax Springs , New Mexico .",1,4,1,0.00020588598,3,Usługi
Reminiscences of the Anti-Japanese Guerillas chronicle deserves zero points out of 6 for a rating.,4,2,0,0.00020272817,3,Usługi
book spot at a balinese joint,1,4,1,0.00023245321,3,Usługi
Will it in hail in my current position on 12/10/2035 ?,2,4,1,0.0013447676,3,Usługi
Book a restaurant for ten in Exmore at sunset,1,4,1,0.0015289191,3,Usługi
What's the weather like here,2,4,1,0.00021693215,3,Usługi
"Book a reservation for one at an italian taverna for two PM in Hutchings , North Dakota",1,4,1,0.0003128039,3,Usługi
I want to book a food court for 5 at 1 am,1,4,1,0.0001828298,3,Usługi
Book a restaurant reservation for my gf and I within walking distance of sondra's university,1,4,1,0.00039367494,3,Usługi
I want to hear something from Post-punk Revival,3,1,0,0.00015375225,3,Usługi
Will it snowstorm next week in West Winfield Finland ?,2,4,1,0.00018662539,3,Usługi
I need a table for 6 to eat at nearby in Clinchco .,1,4,1,0.00016205528,3,Usługi
What is the expected weather forecast for Beckley ?,2,4,1,0.0007286293,3,Usługi
Open Lastfm and play Hot Lips Page from the sixties,3,1,0,0.0001435914,3,Usługi
What is the weather like right now in the same area as Georgia,2,4,1,0.00022900735,3,Usługi
Will it get warmer in Berkley,2,4,1,0.00027316547,3,Usługi
Is Sheikh Chilli playing,6,4,0,0.00020629047,3,Usługi
"book a table for me and bettye at Washington, D.C. Jewish Community Center in Montana",1,4,1,0.0006423523,3,Usługi
I want to book an indoor brasserie within walking distance in ME .,1,0,1,0.009207102,3,Usługi
How hot will it be in Wisconsin on august fourth ?,2,4,1,0.0002352713,3,Usługi
For The Curious Incident of the Dog in the Nightdress I rate it 2 of 6 points,4,2,0,0.00022200916,3,Usługi
"Give me the weather forecast in Pleasant Dale , Alaska starting in 1952",2,4,1,0.0007885458,3,Usługi
Give the current chronicle 2 stars .,4,2,0,0.00020562783,3,Usługi
Is it forecast to be temperate here ?,2,4,1,0.00072278804,3,Usługi
What's the weather faraway from here on sep. the fifteenth,2,4,1,0.00019771347,3,Usługi
Book a close by brasserie in NC .,1,3,1,0.00443398,3,Usługi
I want to find an oyster bar with tetrazzini for 9 people,1,4,1,0.0003420477,3,Usługi
"Play me Gil Parris 's A Cup Of Coffee, A Sandwich And You",3,1,0,0.00021714263,3,Usługi
What's the weather forecast for Mansfield ?,2,4,1,0.0015117689,3,Usługi
Will there be a blizzard in AR,2,4,1,0.00020231529,3,Usługi
book indian food at a highly rated pub for 1 for 0222 pm,1,2,1,0.00018180869,3,Usługi
find a movie schedule,6,4,0,0.00019978425,3,Usługi
rate this novel a 1 of 6 for me,4,2,0,0.00020333486,3,Usługi
what is the weather forecast for Kaaawa,2,4,1,0.0012817405,3,Usługi
Play Zvooq,3,1,0,0.00013753239,3,Usługi
book a restaurant for 5,1,3,1,0.00029875434,3,Usługi
can i have the movie schedule for IMAX Corporation,6,4,0,0.00020214068,3,Usługi
I'd like a table for 7 at ten pm at a cafeteria in AL that serves malaysian food,1,4,1,0.00015478946,3,Usługi
find the photograph Among the Living,5,3,0,0.0002401852,3,Usługi
Play teri meri by Josh White,3,1,0,0.00013177255,3,Usługi
Where can I get the album So Fresh The Hits of Spring 2011,5,3,0,0.00025494542,3,Usługi
What will the weather be like four seconds from now in South Dakota,2,4,1,0.00017390272,3,Usługi
I need to book a restaurant for five in 1 minute that serves chichi in East Prairie,1,4,1,0.00041628827,3,Usługi
I want to book a cafe for 3 in Fargo,1,4,1,0.0017840853,3,Usługi
"What will the weather be on April 9, 2037 in New Brunswick Botanical Garden ?",2,4,1,0.00018450739,3,Usługi
In seven hours from now will it rain at my current place,2,4,1,0.00013569962,3,Usługi
Add bret mckenzie to my Pop Commute playlist,0,0,0,0.00016578894,3,Usługi
What will the weather be faraway in New Jersey in ten weeks ?,2,4,1,0.00019794634,3,Usługi
add grim skunk to Duetos,0,0,0,0.00016872911,3,Usługi
give this textbook zero out of 6 points,4,2,0,0.00020503005,3,Usługi
"this album is hot trash, it's totally zero stars .",4,2,0,0.00013411767,3,Usługi
make a table reservation at the top-rated brasserie in Cotton Center,1,4,1,0.00019223931,3,Usługi
Book a restaurant for ten people.,1,3,1,0.00020401206,3,Usługi
Will it snowstorm in Lampi Island Marine National Park ?,2,4,1,0.00022069941,3,Usługi
play some Alte Kameraden music,3,1,0,0.00011640145,3,Usługi
Search for The World Is a Game,5,3,0,0.0002514513,3,Usługi
What's the weather in La Pine,2,4,1,0.00014343944,3,Usługi
"Book something for my girlfriend and I at a food truck that has pizzas in Brookwood on October fifteenth, 2020",1,4,1,0.00027547491,3,Usługi
I'm in Tuolumne City and want fast food for a party of eight,1,4,1,0.00041611126,3,Usługi
Give The Snows of Kilimanjaro 3 stars .,4,2,0,0.00016939215,3,Usługi
"hot weather forecast for Pilar , Réunion",2,4,1,0.0012606579,3,Usługi
I want Jean-Georges for a party of 2,1,4,1,0.0036656356,3,Usługi
Is it going to be stormy in Austin Creek State Recreation Area at 0942 ?,2,4,1,0.00020485796,3,Usługi
book a spot for 3 in MT,1,2,1,0.0001842999,3,Usługi
Find the schedule for Grand Canyon Trail .,6,4,0,0.00016401672,3,Usługi
I want to get nine seats at a restaurant that serves ice cream cake .,1,4,1,0.00025875398,3,Usługi
i want to see I Dream of Jeanie in a movie theatre,6,4,0,0.00018784932,3,Usługi
What is the weather iN Gipsy-Gordon Wildland Park,2,4,1,0.00013393247,3,Usługi
find the video game called Turnin Me On,5,3,0,0.00028686068,3,Usługi
Tell me the predicted weather once I travel faraway to Crimson Lake Provincial Park .,2,4,1,0.00046923853,3,Usługi
in Khlong Phraya Wildlife Sanctuary is there a cloud,2,4,1,0.00031461028,3,Usługi
What is the weather doing in South Carolina right now ?,2,4,1,0.00018448269,3,Usługi
give the current chronicle three points,4,2,0,0.0002034313,3,Usługi
Add this album to jenifer's mellow dinner playlist,0,0,0,0.0001794369,3,Usługi
Will it be hot in Keachi,2,4,1,0.00015438102,3,Usługi
add this is Andrés Calamaro by Milk,0,0,0,0.00020670355,3,Usługi
Play Stevan Faddy on Google Music .,3,1,0,0.00013931922,3,Usługi
book The Fry Bread House for seven in Olive,1,3,1,0.0012733653,3,Usługi
Will it be chillier in Uruguay in 213 days ?,2,4,1,0.00036313833,3,Usługi
play the top nineties melody by Gus G,3,1,0,0.0001380964,3,Usługi
Find movie schedules for nearby films .,6,4,0,0.000248146,3,Usługi
find films at Alamo Drafthouse Cinema,6,4,0,0.0002288258,3,Usługi
Please book a bar type goiano room accommodate for 2 members 1 second from now in PR,1,4,1,0.00038113364,3,Usługi
What's the forecast for Missouri around elevenses ?,2,4,1,0.00023857772,3,Usługi
Will it be foggy on the town meeting day vermont in Angola,2,4,1,0.00032560085,3,Usługi
book a southeastern brazilian cusinie pub,1,3,1,0.00036206408,3,Usługi
Is it going to be warm in Palmview,2,4,1,0.0002265765,3,Usługi
"What's the forecast for this month in Apple Grove , DC ?",2,4,1,0.00022215795,3,Usługi
I need a reservation for 7 people at a bar in Chile that serves bio .,1,4,1,0.0003634684,3,Usługi
I want another artist on my atmospheric black metal playlist,0,0,0,0.00021631953,3,Usługi
What's the weather going to be one hour from now in Taiwan,2,4,1,0.00013556029,3,Usługi
Payette National Forest is cold weather and have lunch within walking distance,2,4,1,0.0003302997,3,Usługi
"I'm looking to get reservations for me, jillian and louella at a restaurant that is faraway from TX .",1,4,1,0.0011133223,3,Usługi
Can you add a song by Bill Frisell to my Top Latin Alternative playlist,0,0,0,0.00017699666,3,Usługi
Will it be getting colder in Sahuarita ?,2,4,1,0.00025442484,3,Usługi
Make me a reservation within walking distance in WY for 6 pm,1,4,1,0.00018691724,3,Usługi
"book a table at an oyster bar that serves apple butter on Jul. 10th, 2028",1,4,1,0.00583713,3,Usługi
What is the weather in neighboring OH,2,4,1,0.00013817241,3,Usługi
I need a reservation for a highly rated bistro for a party of 10 .,1,2,1,0.00021223412,3,Usługi
Add So Far to my Retrovisor playlist.,0,0,0,0.00018567535,3,Usługi
Book a bakery at zero o'clock for 5 people.,1,4,1,0.002037428,3,Usługi
Book the City Tavern in Holiday KS .,1,3,1,0.0002116856,3,Usługi
book me a restaurant in Aransas Pass in seventeen hours,2,4,1,0.00031411648,3,Usługi
Is there a chance of hail in Holiday Hills ?,2,4,1,0.00059202383,3,Usługi
Can you make reservations for 1 person in IL,1,4,1,0.0010742703,3,Usługi
rate this textbook a four,4,2,0,0.00017709346,3,Usługi
rate this novel four points,4,2,0,0.0001936463,3,Usługi
book a restaurant for 4,1,3,1,0.00020549106,3,Usługi
Play ecstatic,3,1,0,0.00026813764,3,Usługi
Book a reservation for 2 at a food truck with pool in New York,1,4,1,0.00021339518,3,Usługi
What's the weather in Wisconsin on National Maritime Day,2,4,1,0.0002378021,3,Usługi
Is it going to be warmer 165 days from now at Nairobi National Park,2,4,1,0.00021570014,3,Usługi
Play me the track Mama Liked The Roses,3,1,0,0.0005173885,3,Usługi
I'd like a table for 3 at an outdoor restaurant,1,4,1,0.00019411618,3,Usługi
Book a food truck that is highly rated in Honduras,1,2,1,0.0010111129,3,Usługi
book this week for their step sister's workplace close,1,3,1,0.00017599188,3,Usługi
Tell me the weather for Sewickley at twelve am,2,4,1,0.00015711602,3,Usługi
Play Dj Shadow 's A Love Hate Masquerade .,3,1,0,0.0002292538,3,Usługi
is it supposed to be sunny here ?,2,4,1,0.0006368578,3,Usługi
Add I Messed Up to Hit Rewind,0,0,0,0.00016146712,3,Usługi
can we expect cold and freezing conditions in Glacier-Nationalpark,2,4,1,0.0005063921,3,Usługi
Play a fairouz tune on Deezer,3,1,0,0.00013555808,3,Usługi
What is the weather in the Netherlands,2,4,1,0.00016021446,3,Usługi
Tell me the weather forecast for Cape Verde,2,4,1,0.27124533,3,Usługi
What time can I watch Son of Rambow Tonight at Fox Theatres,6,4,0,0.00019707376,3,Usługi
book Tartine in Mississippi for 5,1,2,1,0.00022242819,3,Usługi
Find a novel called On the Case with Paula Zahn .,5,3,0,0.00032087934,3,Usługi
Book a tyrolean restaurant in Crocker Indiana now for 3 people.,1,4,1,0.035632003,3,Usługi
I need a reservation for a coffeehouse with nine people within the same area as Midland Park,1,4,1,0.00043771038,3,Usługi
Tell me if it will rain on 4/19/2030 in Angola,2,4,1,0.00049431465,3,Usługi
I want this artist on the Cena Elegante playlist,0,0,0,0.00018457543,3,Usługi
what is the Oct. 10 forecast for Cuyabeno Wildlife Reserve,2,4,1,0.0013260967,3,Usługi
Can you book a table for a party of 6 close to DeKalb Av,1,4,1,0.00072969805,3,Usługi
What movies can I see in the area ?,6,4,0,0.00021184314,3,Usługi
How to buy picture of Agent Hamilton But Not If It Concerns Your Daughter,5,3,0,0.00028501017,3,Usługi
Like to book a seat in Monaco for the Yankee Doodle Coffee Shop,1,3,1,0.0002643636,3,Usługi
Book a restaurant for a party of 7 in Paraguay on Saturday,1,4,1,0.0159212,3,Usługi
find the movie Take Another Picture,5,3,0,0.00014369079,3,Usługi
will it get warmer in Centenary around the Evening ?,2,4,1,0.00032299713,3,Usługi
call for a table of 3 at the Tavern on the Green in South Farmingdale,1,4,1,0.00026162175,3,Usługi
I'd like to watch Army at Wanda Group,6,4,0,0.00014686355,3,Usługi
stacy watson and adriana want to go to the best osteria in Hallowell Minnesota this afternoon,1,4,1,0.00032850966,3,Usługi
what time is Company Men showing,6,4,0,0.0001239215,3,Usługi
Book a highly rated food court for 2 people on jul. 4th .,1,2,1,0.00017264514,3,Usługi
what will the weather be for Hooksett,2,4,1,0.0001445747,3,Usługi
Will there be cloud coverage at zero AM in Minami Alps Koma Prefectural Natural Park,2,4,1,0.0001850478,3,Usługi
Will there be snowfall faraway from Robinson Forest,2,4,1,0.00045513624,3,Usługi
Give me the schedule for Getting There Sweet 16 and Licensed to Drive,6,4,0,0.00014263147,3,Usługi
What will the weather be like at 3 AM in Trinidad and Tobago,2,4,1,0.00016853823,3,Usługi
add nico to my rock to work,0,0,0,0.00015273082,3,Usługi
What is weather in Azerbaijan 16 seconds from now,2,4,1,0.00021079244,3,Usługi
what is the Bethany Beach forecast,2,3,1,0.0008750595,3,Usługi
Will it get colder in Alaska ?,2,4,1,0.0004977113,3,Usługi
How will the weather be in six minutes close to Moosic,2,4,1,0.00015035657,3,Usługi
Is it going to be cloudy in my current spot for dinner ?,2,4,1,0.00018161414,3,Usługi
Find me a table at a javanese brasserie,1,4,1,0.00036097303,3,Usługi
"Will it storm in Texola , Delaware",2,4,1,0.00024831816,3,Usługi
To johnnie's funtime activity playlist add the name The Best of Guitar Shorty,0,0,0,0.0002084488,3,Usługi
What is the weather forecast in Brunei,2,4,1,0.00067105313,3,Usługi
what is the weather of Pine City,2,4,1,0.00014941698,3,Usługi
"find The Prince of Temple Street , a picture",5,3,0,0.00023343829,3,Usługi
"Find the weather prediction for Camdeboo-Nationalpark for jan. eleventh, 2037 .",2,4,1,0.0012039482,3,Usługi
what is the weather like in Texas,2,4,1,0.00022424094,3,Usługi
I'd like to watch movies at the closest movie theatre,6,4,0,0.00021142777,3,Usługi
Add janie jones to my Indie Pop,0,0,0,0.0001627419,3,Usługi
can you add xanadu to Latin Alternative Music,0,0,0,0.00016790394,3,Usługi
Book an australian restaurant in Jacksboro three weeks from now for my step father and I .,1,4,1,0.0032603543,3,Usługi
"I need to book a table at Bridge Round House in South Dakota for me, emily and gena",1,4,1,0.0007757879,3,Usługi
Will there be fog in Tahquamenon Falls State Park ?,2,4,1,0.00042992577,3,Usługi
Add As I Was Going to St Ives to the fantasía playlist.,0,0,0,0.00017786524,3,Usługi
What is the weather forecast in 2 seconds for South Carolina,2,4,1,0.00026384933,3,Usługi
what is the weather forecast for Moffett,2,4,1,0.0048295194,3,Usługi
I would like this song added to my princesas indie playlist.,0,0,0,0.00017272311,3,Usługi
Book the tea house on North River,1,3,1,0.00022617521,3,Usługi
Will it be hot three minutes from now faraway from Saint Croix State Park,2,4,1,0.00024092353,3,Usługi
What will the weather be in IN ?,2,4,1,0.00012490418,3,Usługi
book a table for ten downtown at a close-by restaurant,1,4,1,0.0003015593,3,Usługi
Book a reservation at tavern for noodle,1,4,1,0.00026816237,3,Usługi
Tell me whether Bahrain will be humid in one hour and 2 minutes,2,4,1,0.00042686527,3,Usługi
"Book a table for kirsten price, audra and I faraway from our location at an outdoor taverna",1,3,1,0.0006275268,3,Usługi
Book a maharashtrian restaurant please.,1,3,1,0.00042066321,3,Usługi
play the Cabin Fever 2 Spring Fever saga,5,3,0,0.0001483859,3,Usługi
"What's the weather forecast ten years from now in Mount Victory , Macao ?",2,4,1,0.00020813716,3,Usługi
I want to book a table at a nearby restaurant in Andorra for me and my kids .,1,4,1,0.0006871723,3,Usługi
What's the weather in Heritage Hill State Historical Park,2,4,1,0.00028066948,3,Usługi
What films are at Cineplex Odeon Corporation,6,4,0,0.0002481278,3,Usługi
search for a photograph of Road Hogs,5,3,0,0.00056484604,3,Usługi
find Mash Confusion,5,3,0,0.000727359,3,Usługi
what is the weather forecast for Israel,2,4,1,0.041229997,3,Usługi
"How temperate is it in Lopeno , Thailand ?",2,4,1,0.0003009353,3,Usługi
What's the weather forecast near to Fern Creek this Winter ?,2,4,1,0.00018854054,3,Usługi
What's the weather close-by Triumph,2,4,1,0.00021454509,3,Usługi
I give this book a 3 out of 6 .,4,2,0,0.00021570636,3,Usługi
my sons and I want to dine at The Water Club in Georgia,1,4,1,0.00044004718,3,Usługi
I'd like a table for five at any restaurant,1,4,1,0.00020583271,3,Usługi
I need a reservation for 2 within walking distance of Hoyt St,1,4,1,0.0003197587,3,Usługi
Play Circus Farm by Deana Carter .,3,1,0,0.00013190294,3,Usługi
Will it be cold in Harveysburg WA,2,4,1,0.00016899216,3,Usługi
Book a restaurant in Eleele on October the fifth for 3 people.,1,2,1,0.0007496023,3,Usługi
Let me listen to Rouhollah Khaleghi on deezer .,3,1,0,0.00018509706,3,Usługi
Play my Mellow Beats playlist please,3,1,0,0.0005104966,3,Usługi
book a Kuwait place at seven am at The Middle East,1,4,1,0.00028638783,3,Usługi
Find the movie CURL,5,3,0,0.00016110911,3,Usługi
I want to book an indonesian food truck .,1,3,1,0.00027642056,3,Usługi
Book a restaurant at Tennessee,1,3,1,0.000398065,3,Usługi
"What is the weather forecast for three in Whitewood , Rhode Island",2,4,1,0.00021468931,3,Usługi
book a food truck in Nisswa for 4 at 5 pm,1,4,1,0.00015523001,3,Usługi
Book a reservation for three at Clinton Street Baking Company & Restaurant,1,4,1,0.00023422997,3,Usługi
Reserve me a table for 10 at a MT cafe for breakfast .,1,4,1,0.00036890525,3,Usługi
What is the weather like in Great Bay National Wildlife Refuge ?,2,4,1,0.00019196655,3,Usługi
put this artist on Domingo Indie,0,0,0,0.00017995038,3,Usługi
show weather forecast for Lewis Center,2,3,1,0.00021286761,3,Usługi
Book a restaurant for ten people 1 second from now .,1,4,1,0.0015362739,3,Usługi
Rate this textbook 2 stars out of 6,4,2,0,0.00019364653,3,Usługi
What will the weather be in Deer River ?,2,4,1,0.0001514231,3,Usługi
I want to eat at a bakery with deidre and rosa in Jersey .,1,4,1,0.00025260058,3,Usługi
I need a reservation for a party of ten in Algeria .,1,4,1,0.0005909591,3,Usługi
Play the good sort of 1992 theme music by Layzie Bone,3,1,0,0.000130232,3,Usługi
The Far Side of the World chronicle deserves three out of 6 points .,4,2,0,0.00018640902,3,Usługi
find the soundtrack titled This Side of Paradise,5,3,0,0.0002064664,3,Usługi
I'm looking for a photograph called Merry Christmas .,5,3,0,0.00038410968,3,Usługi
I want to hear music from carman from the 1966 album,3,1,0,0.00012947196,3,Usługi
I give this textbook a four,4,2,0,0.00021707467,3,Usługi
Find Live at the Brixton Academy .,5,3,0,0.00016343767,3,Usługi
"Will Mondamin be hot on July 20, 2021 ?",2,4,1,0.0001544297,3,Usługi
Please play an album from 1987,3,1,0,0.00014054138,3,Usługi
What is the forecast for Farmerville in Cape Verde,2,4,1,0.0015806393,3,Usługi
add this track to Punk Rock Workout,0,0,0,0.00018013874,3,Usługi
my timeless love songs playlist should include viderunt omnes,0,0,0,0.00020311862,3,Usługi
Which animated movies are playing at the nearest movie house ?,6,4,0,0.0002409825,3,Usługi
I need a table somewhere in Culver City WA,1,4,1,0.00050812383,3,Usługi
What will the weather be in Totowa Guernsey ?,2,4,1,0.00014547004,3,Usługi
I'd like to eat at a restaurant with wifi,1,4,1,0.00039790577,3,Usługi
Tell me the weather forecast for Sugarloaf Provincial Park ten weeks from now,2,4,1,0.0005171224,3,Usługi
Find an album called Preminchi Choodu .,5,3,0,0.00021283087,3,Usługi
Put this tune on my get your mind right playlist,0,0,0,0.00017596176,3,Usługi
I give One Clear Call zero out of 6 points,4,2,0,0.00019862535,3,Usługi
"what is the weather forecast for WA on september 11, 2021",2,4,1,0.00086231146,3,Usługi
what is the weather forecast for Maryland,2,4,1,0.009948336,3,Usługi
table for 6 at a brasserie,1,4,1,0.0002507225,3,Usługi
"Can you find me the work, Frisbee The Life and Death of a Hippie Preacher ?",5,3,0,0.000330981,3,Usługi
Book a restaurant distant from downtown .,1,3,1,0.00022334454,3,Usługi
Will it snow in my current location,2,4,1,0.00021235226,3,Usługi
show song schedule of Shoot for the Moon,5,3,0,0.00016281664,3,Usługi
What are the movie schedules,6,4,0,0.00020018,3,Usługi
Is the forecast windy now in Fort Myers Shores Arizona,2,4,1,0.00015495662,3,Usługi
"Book a table at Grecian Coffee House for 7 on Apr. 7th, 2024",1,4,1,0.00033469748,3,Usługi
I need to book a table at a food court in NH that serves smelt,1,4,1,0.00025142264,3,Usługi
Where can I find Police Story 3 Supercop,5,3,0,0.00020204406,3,Usługi
Can i see the Encounters ?,5,3,0,0.0004452587,3,Usługi
Is it supposed to be stormy in Seagraves,2,4,1,0.00021391473,3,Usługi
Which films are playing at the closest cinema ?,6,4,0,0.00022860526,3,Usługi
book a bar for 2 in Hayden Row on friday,1,4,1,0.00031467696,3,Usługi
what will the weather be in Double Oak at 12 am,2,4,1,0.00013987627,3,Usługi
"Tell me the weather forecast for june seventeenth, 2034 in FL",2,4,1,0.001001813,3,Usługi
"Tell me if it will be hot on Jun. the 10th in San de Fuca , Sweden",2,4,1,0.00016497268,3,Usługi
Will there be a depression in the weather here on cyber monday ?,2,4,1,0.00034456182,3,Usługi
Add a tune by alex gaudino to my The New Waltz playlist.,0,0,0,0.00017562092,3,Usługi
What will the weather be in Bernie ID ?,2,4,1,0.00014176514,3,Usługi
what is the temperate in Uzbekistan,2,4,1,0.0006980614,3,Usługi
I want to book a table for me and my boss at Glassy Junction in Turkey .,1,4,1,0.000677302,3,Usługi
Will it be colder in Tallgrass Prairie National Preserve ?,2,4,1,0.00025959915,3,Usługi
Where can I buy a Barometer Clock,5,3,0,0.00020250306,3,Usługi
Add Grey Cloudy Lies to the hip hop playlist.,0,0,0,0.00016692826,3,Usługi
what time is The Bodyguard at Malco Theatres playing,6,4,0,0.0001712269,3,Usługi
I want a table for 5 next fall om Curacao,1,4,1,0.00054581877,3,Usługi
Find movie schedules for close by films .,6,4,0,0.00026909163,3,Usługi
Book a reservation for a gastropub serving liver and onions,1,3,1,0.0006735639,3,Usługi
Is it forecast to be cold in Wisconsin ?,2,4,1,0.00037446406,3,Usługi
Play a ballad form 2014 by Double on Google Music,3,1,0,0.00014472641,3,Usługi
What's the weather forecast for Crystal Lake Park ?,2,4,1,0.00078056747,3,Usługi
What are the movie times at Landmark Theatres,6,4,0,0.00022528457,3,Usługi
I want to book a restaurant for four around Zapata,1,4,1,0.001334916,3,Usługi
Is it going to get windy today in Tunisia ?,2,4,1,0.0007455353,3,Usługi
I need a table at a brasserie in Belgium,1,4,1,0.0003088673,3,Usługi
When will it be hot in Millvale,2,4,1,0.00014031296,3,Usługi
I'd like to eat at a restaurant far from Grantsburg,1,4,1,0.000281261,3,Usługi
book me best joint restaurant for 2 members at AMerican Samoa today,1,4,1,0.000325436,3,Usługi
Book reservations at Phase 1 in La Jara,1,4,1,0.0001907647,3,Usługi
Please book a table for 6 people in the same area as Bedford Park Blvd-Lehman College,1,4,1,0.0053808694,3,Usługi
Will it rain in Paisley,2,4,1,0.00037145911,3,Usługi
Play music from 1968 on Vimeo .,3,1,0,0.000121748584,3,Usługi
I want a list of films that are going to be shown in the neighborhood .,6,4,0,0.0002925088,3,Usługi
Will there be a cloud here at 065020,2,4,1,0.00019414019,3,Usługi
What's the weather in Timbo ?,2,4,1,0.00018646361,3,Usługi
Is it forecast to be warm in Doi Inthanon National Park ?,2,4,1,0.00019250816,3,Usługi
show movies in United Paramount Theatres,6,4,0,0.00027001055,3,Usługi
Add this tune to The Refugee Playlist,0,0,0,0.0001667646,3,Usługi
Is there rain in Afghanistan,2,4,1,0.0007904163,3,Usługi
Please play me something by New Wave Of American Heavy Metal,3,1,0,0.00021871123,3,Usługi
Book a table for eight this month in Maldives .,1,4,1,0.0026485906,3,Usługi
I would like to book the best food court with persian food within the same area as OK for my ex husband and I,1,0,1,0.0103763025,3,Usługi
add time flies 1994-2009 to the Jazzy Romance playlist,0,0,0,0.00017155519,3,Usługi
Book a table at a cuban pub for 5 pm for a party of 7 in Virginia .,1,4,1,0.0002606889,3,Usługi
play some latin on Zvooq,3,1,0,0.00012318444,3,Usługi
"Book a table for six at The Cherry Street Tavern for January sixteenth, 2024",1,4,1,0.00032087645,3,Usługi
"Get me a table at Prospect of Whitby in Blaine Hill , ID",1,4,1,0.0004928291,3,Usługi
book a spot for 2 at a restaurant in PW,1,4,1,0.00030517014,3,Usługi
"Is it going to be foggy in Box Elder , Rhode Island",2,4,1,0.00017571452,3,Usługi
What's the weather in Burns,2,4,1,0.00015129126,3,Usługi
Tell me the weather forecast 1 hour from now in Big Thicket National Preserve,2,4,1,0.00025674558,3,Usługi
Will it be stormy in Deposit,2,4,1,0.00020647416,3,Usługi
What will the weather be in Milleville Beach ?,2,4,1,0.00015963388,3,Usługi
Book a restaurant in San Juan Capistrano for 6 people at ten am,1,4,1,0.00030872406,3,Usługi
Play me a 2015 soundtrack on Netflix,3,1,0,0.0002084389,3,Usługi
What is the forecast on 12/9/2039 at Florida Caverns State Park,2,4,1,0.00023743341,3,Usługi
what is the current spot forecast for far areas and warmer temps,2,4,1,0.0007680656,3,Usługi
Can you tell me the weather forecast for six am in Grenada,2,4,1,0.00065957947,3,Usługi
Book a reservation for Clinton Street Baking Company & Restaurant distant from downtown,1,4,1,0.0010792518,3,Usługi
I would like to see a schedule for movies at the nearest movie house .,6,4,0,0.00023107619,3,Usługi
Can you give me the forecast for 1015 in Paraguay,2,4,1,0.015507336,3,Usługi
Will the weather be temperate 188 days from now in Zimbabwe,2,4,1,0.00019185561,3,Usługi
"What's the forecast for Emily , Florida for aug. 17th, 2020 ?",2,4,1,0.00069718,3,Usługi
Wuill it be cloudy in Dickson City Illinois,2,4,1,0.0002507232,3,Usługi
Find a reservation at Sunset at a gastropub for 2 people,1,4,1,0.00013959494,3,Usługi
Will it be chilly in Oakdale OK,2,4,1,0.00016524989,3,Usługi
What's the weather forecast for Togo on April the 24th ?,2,4,1,0.0003250608,3,Usługi
play some twenties movement tunes from the last Olga Souza,3,1,0,0.0001355546,3,Usługi
I want to see the trailer for The Entity,5,3,0,0.00025892723,3,Usługi
Play me a symphony by Ricky Bell,3,1,0,0.00015754957,3,Usługi
is it going to be hot in Luambe-Nationalpark,2,4,1,0.00022962895,3,Usługi
book a restaurant for three on feb. 18,1,4,1,0.00037352723,3,Usługi
fimd films around here,6,4,0,0.00019062264,3,Usługi
Can you get me a table reserved for three hundred thirty three days from now for eight people at a highly rated fast food place that serves north indian food not distant from Moores Mill,1,4,1,0.0002681993,3,Usługi
What's the forecast far from here in Turks and Caicos Islands ?,2,4,1,0.00031146046,3,Usługi
I want to book a table at The Commons Restaurant in South Pekin New Hampshire for a party of 10 on january the 24th,1,4,1,0.00035440802,3,Usługi
Book a table in a Haines Borough restaurant for nine that is within walking distance .,1,4,1,0.0010973043,3,Usługi
"How is the weather in Edesville , MN ?",2,4,1,0.00017092384,3,Usługi
book a spot for 9 at a churrascaria that serves ammonia cookie in Volga,1,4,1,0.00022584379,3,Usługi
Book a table at a restaurant in Portugal with parking for me and bonnie in 19 minutes,1,4,1,0.00023489005,3,Usługi
Estelle should be on my spring playlist,0,0,0,0.00015895402,3,Usługi
I'd like a table for 10 at a distant place downtown for next fall,1,4,1,0.00019429623,3,Usługi
add the artist Pete Murray to my relaxing playlist,0,0,0,0.00017613679,3,Usługi
what will the weather be like in Farmington Canal State Park Trail,2,4,1,0.00028379285,3,Usługi
Tell me if it'll be chilly 1 second from now here,2,4,1,0.00030719006,3,Usługi
What's the weather like nearby in Rhode Island ?,2,4,1,0.0001621944,3,Usługi
Rate In the Eyes of Mr. Fury zero of 6,4,2,0,0.00016147312,3,Usługi
What's the weather going to be like at 102120 close by ID,2,4,1,0.00018386524,3,Usługi
I need to book a table at a place around here in PA for a party of two,1,4,1,0.00038403933,3,Usługi
Where is Belgium located,2,4,1,0.0006425339,3,Usługi
add Jacob Hoggard to my get going playlist,0,0,0,0.0001695567,3,Usługi
Can you give me a forecast for weather at night in my current position,2,4,1,0.012166282,3,Usługi
me and imelda want a reservation in Missouri at seven am,1,4,1,0.00032072223,3,Usługi
Will it storm in Charles Pinckney National Historic Site,2,3,1,0.00089767715,3,Usługi
rate the book Dreams of the Raven 5 stars,4,2,0,0.00019564044,3,Usługi
"Will there be a storm in Palm City , WV ?",2,4,1,0.00049303315,3,Usługi
Book reservation at a restaurant in South Mills MT for one at 0707,1,4,1,0.00021200204,3,Usługi
book for sherry and concepcion in Nunam Iqua at the best restaurant,1,4,1,0.00070562336,3,Usługi
Is there a cloud in the sky in Thornville on Feb. fifth,2,4,1,0.00018050788,3,Usługi
find and book a restaurant that serves dumplings,1,3,1,0.000419049,3,Usługi
I would like to book a restaurant in Singapore for nine in 19 hours and 1 second,1,4,1,0.00035220574,3,Usługi
Is Without Witness playing twenty two hours from now,6,4,0,0.0001206223,3,Usługi
I want to book a restaurant in Glenarden South Dakota for two people.,1,4,1,0.04839167,3,Usługi
What's the weather forecast for MI for August 20th ?,2,4,1,0.00031880406,3,Usługi
Will there be a blizzard at seven in Colorado,2,4,1,0.00015918502,3,Usługi
Rate this book four stars out of 6,4,2,0,0.00019920837,3,Usługi
I need to book a restaurant for 6 people.,1,3,1,0.0037096394,3,Usługi
play Clifford Brown All Stars by Michael Balzary,3,1,0,0.00014500107,3,Usługi
book a spot at a crab restaurant,1,4,1,0.00043368488,3,Usługi
Is it forecast to be chilly here on july 14 ?,2,4,1,0.00027077476,3,Usługi
Rate this essay 3 of 6 points,4,2,0,0.00020744653,3,Usługi
1 point for this next textbook,4,2,0,0.00018450011,3,Usługi
What will the weather be like 1 second from now in Pugu Hills Forest Reserve,2,4,1,0.000187666,3,Usługi
Make me a reservation for a party of six at The K Club on feb. 7th,1,4,1,0.00019311468,3,Usługi
what is the forecast starting 11 weeks from now nearby the state of Wisconsin,2,4,1,0.0003771802,3,Usługi
add how to my week end playlist,0,0,0,0.00018084428,3,Usługi
When does Of Stars and Men play?,6,4,0,0.00035944677,3,Usługi
what will the weather be like in fourteen hours in Eastville,2,4,1,0.000190618,3,Usługi
Will it be cloudy in Guadeloupe next year,2,4,1,0.000570806,3,Usługi
add song by ian mcdonald to an instrumental sunday,0,0,0,0.00016938725,3,Usługi
I'd like to watch Apocalypse 2024,6,3,0,0.0004816388,3,Usługi
what is the Loco weather forecast,2,3,1,0.0012839085,3,Usługi
Tell me the weather forecast in Greensburg,2,4,1,0.005632934,3,Usługi
Book a table somewhere in Dominica for 2 minutes from now,1,4,1,0.00037894337,3,Usługi
I need seating for ten people at a bar that serves czech cuisine,1,4,1,0.00039545947,3,Usługi
Can you please give me the forecast for the Dominica,2,5,1,0.83429676,3,Usługi
Forecast for 11 am in Nauru,2,4,1,0.00022165697,3,Usługi
Play industrial music.,3,1,0,0.000159565,3,Usługi
Rate The Mystery of the Tolling Bell series 4 stars .,4,2,0,0.00022948759,3,Usługi
Book a table for 3 at a top-rated restaurant .,1,2,1,0.011092087,3,Usługi
Will it hail in 1 second on Riceboro Delaware,2,4,1,0.00024586805,3,Usługi
How much colder will it be not far from Utah around 3 Am ?,2,4,1,0.00016817544,3,Usługi
Is it supposed to be chillier in Favoretta,2,4,1,0.0009404095,3,Usługi
book me a reservation at a highly rated tavern in Hornersville,1,4,1,0.00041887184,3,Usługi
Will it be freezing at 1 AM in Balko ?,2,4,1,0.00016298612,3,Usługi
Will it be freezing nearby Thap Lan National Park at 4 pm,2,4,1,0.00012457483,3,Usługi
Book a restasurant in Pohick Delaware .,1,3,1,0.011963605,3,Usługi
What will the weather be like in Samoa at 6 pm,2,4,1,0.00014786374,3,Usługi
Is there a storm now in NC ?,2,4,1,0.00034009098,3,Usługi
what is the forecast for Dr. Julian G. Bruce St. George Island State Park for rainy weather,2,4,1,0.0018053734,3,Usługi
book the best table in Tanzania for 5 people at a diner,1,4,1,0.002319898,3,Usługi
what is the forecast for around Putnam Lake,2,4,1,0.002274775,3,Usługi
Book a restaurant for nine in South Sudan .,1,3,1,0.00043573568,3,Usługi
"What will be the forecast for Belarus in the future around sep. the 22nd, 2020 ?",2,4,1,0.003162163,3,Usługi
I want to book a restaurant in Frenier 12 years from now for 4 people.,1,4,1,0.0010754085,3,Usługi
Play ballad music from 1958,3,1,0,0.00011846646,3,Usługi
Add artist Matt Noveskey to journey,0,0,0,0.00018368827,3,Usługi
Make a reservation for eunice thompson and elisa martin in the Virgin Islands in one minute .,1,4,1,0.00033321072,3,Usługi
What is the weather like within walking distance of the Nationalpark Drawa,2,4,1,0.0002637705,3,Usługi
Find The Passion of Michel Foucault novel,5,3,0,0.00026068772,3,Usługi
Find me The Twinkler playing at National Amusements in 2 minutes,6,4,0,0.00023539877,3,Usługi
Will the weather be the same here in one week in the same area,2,4,1,0.00019248847,3,Usługi
What's it feel like in North Gulfport,2,4,1,0.0010534114,3,Usługi
Play my Fusion Fest playlist on Youtube,3,1,0,0.00028379363,3,Usługi
"Can you tell me the forecast for East Falmouth , Hungary",2,5,1,0.6651322,3,Usługi
Find movie times .,6,4,0,0.00020936901,3,Usługi
Will it be chilly 17 hours from now in Cold Creek Conservation Area,2,4,1,0.00017990754,3,Usługi
what is the forecast for Bad Branch Falls State Nature Preserve for in 1 hour and 14 seconds,2,4,1,0.0003024838,3,Usługi
"Reserve a table in Top of the Mark Lambertville , Vermont .",1,4,1,0.027603226,3,Usługi
Please look up the Johnny English - La rinascita painting .,5,3,0,0.00028735786,3,Usługi
What is Party All Night,5,4,0,0.0003919436,3,Usługi
book a joint for Feb. the seventh in Oklahoma within walking distance for six that is highly rated,1,2,1,0.0001548782,3,Usługi
Find a show called Last Night On Earth .,5,3,0,0.00027321777,3,Usługi
need to book a table in Ludden,1,4,1,0.0009520572,3,Usługi
"Please search for the work, All the Wrong Reasons .",5,3,0,0.00020443017,3,Usługi
Is it going to rain here ?,2,4,1,0.00047387654,3,Usługi
In Hawaii will it be warmer at 3 am,2,4,1,0.00016821144,3,Usługi
Play artist stu davis from the album Dub Chamber 3 on Netflix,3,1,0,0.00015541817,3,Usługi
I need to book a table for 6 people at Montreal Pool Room in Croatia .,1,4,1,0.00035667533,3,Usługi
book for lobster newberg this week in Malaysia at a restaurant for four,1,4,1,0.0007493727,3,Usługi
Book a spot for 4 in Oklahoma at South Street Diner,1,4,1,0.00025606214,3,Usługi
book a spot in Netherlands Antilles,1,3,1,0.00016132943,3,Usługi
Tell me the weather forecast for 10/21/2024 in Metamora,2,4,1,0.0006155042,3,Usługi
I'd like to eat at a restaurant around China with a party of 7 anywhere that serves ouzeri,1,4,1,0.00035161778,3,Usługi
Will it be foggy now close to Jolley,2,4,1,0.00022343201,3,Usługi
Restaurant near in town uses in two years,1,4,1,0.00014110244,3,Usługi
Book a reservation for 1 at a diner in WI,1,4,1,0.00056701794,3,Usługi
add john brown to my Dinnertime Acoustics,0,0,0,0.0001697172,3,Usługi
"I'd like to book at a place in Michigan for a party of 3 , name of the restaurant is Carter House Inn .",1,4,1,0.00069485174,3,Usługi
What's the weather in Meherrin,2,4,1,0.00013906516,3,Usługi
What will the weather be like in 15 and a half weeks in China,2,4,1,0.00030183018,3,Usługi
Is it humid in Otsego Réunion,2,4,1,0.00017784203,3,Usługi
I'd like to see Walk on the Wild Side The Best of Lou Reed,5,3,0,0.00019836736,3,Usługi
Where to buy book Charlie Countryman deve morire,5,3,0,0.0002643748,3,Usługi
Find the schedule for movies at Southern Theatres .,6,4,0,0.00023794189,3,Usługi
"What's the forecast for Spenard , GU ?",2,4,1,0.0044409093,3,Usługi
Book a table for pearl and verna slated ash wednesday in Gabon .,1,4,1,0.00064782304,3,Usługi
what is the forecast for 9 seconds from now close by here,2,4,1,0.0004551627,3,Usługi
Find the schedule for close by movies .,6,4,0,0.00022995182,3,Usługi
"book in West Palm Beach for glenda, lois and tamra at a nearby restaurant serving puglia",1,4,1,0.00024280997,3,Usługi
What's the weather in New Beaver,2,4,1,0.00016091393,3,Usługi
restaurant in Watauga for me and my aunt,1,4,1,0.0005787443,3,Usługi
book a table near pat's college,1,4,1,0.0016020597,3,Usługi
Give me the local movie times .,6,4,0,0.00023198097,3,Usługi
book a tavern on lincoln's birthday/lincoln's day,1,3,1,0.0001689109,3,Usługi
play a sound track by Tom Thacker,3,1,0,0.00013280568,3,Usługi
book a table in Hallwood for one for supper,1,4,1,0.0010162584,3,Usługi
rate Alfred Kropp The Thirteenth Skull 3 out of 6,4,2,0,0.00019260774,3,Usługi
will there be rainfall the day after tomorrow far from Rodna National Park,2,4,1,0.0001995919,3,Usługi
Where can I buy a copy of the picture called Turn Against This Land ?,5,3,0,0.00031348504,3,Usługi
Add kjetil vidar haraldstad to my para entrenar playlist.,0,0,0,0.0001653036,3,Usługi
Tell me when it will be humid here,2,4,1,0.00013155621,3,Usługi
What is the predicted weather for Wells in Indiana ?,2,4,1,0.00016571846,3,Usługi
Play me a song from Movies For The Blind on Pandora,3,4,0,0.0011213274,3,Usługi
forecast for Thayer,2,3,1,0.0007360966,3,Usługi
what is the weather forecast for La Cienega,2,4,1,0.0018661236,3,Usługi
What will the weather be in Angle Cape Verde at midnight ?,2,4,1,0.00013512273,3,Usługi
find animated movies movie schedule in the neighborhood,6,4,0,0.00022815925,3,Usługi
What's the weather in Benton City ?,2,4,1,0.00017262061,3,Usługi
Need a table for a party of 3 in Laos at a Theme restaurant,1,4,1,0.00016608094,3,Usługi
Can you place a reservation for me at Ariston Cafe,1,4,1,0.00020166398,3,Usługi
Can I get some russian cuisine at a restaurant with shari and I ?,1,4,1,0.00035250286,3,Usługi
I need a restaurant on july 18th in Rose Bud,1,4,1,0.00023383873,3,Usługi
Is The Big Job playing at the nearest cinema ?,6,4,0,0.00025106146,3,Usługi
Make reservations at a restaurant in Adrian that serves cheese steak,1,4,1,0.00025020348,3,Usługi
book a spot for 1 at a south american restaurant,1,4,1,0.000762715,3,Usługi
Play One Way Ticket by Ray Kennedy .,3,1,0,0.0001586338,3,Usługi
Find a book called The CIA World Factbook .,5,3,0,0.00047201372,3,Usługi
"I'm hoping to find a table for six at a pub on jul. 19, 2029 .",1,4,1,0.00024808064,3,Usługi
"Tell me if it'll be snowy in Coastal Landscape Park on october 2, 2027",2,4,1,0.0005789583,3,Usługi
Book a taverna in Equatorial Guinea this month for nine people.,1,4,1,0.0025016926,3,Usługi
Tell me the weather forecast for my current place at 15 o'clock,2,4,1,0.00019610093,3,Usługi
Play Still Life 1,3,1,0,0.00040565457,3,Usługi
Weather for Oct. 16 in MO,2,4,1,0.00012011512,3,Usługi
I need a table at a restaurant that serves toast eleven months from now,1,4,1,0.0002812702,3,Usługi
Add even serpents shine to dorothea's indie hipster playlist,0,0,0,0.00017545193,3,Usługi
Tell me if there's be a depression in Brazil,2,4,1,0.36461982,3,Usługi
Book a table for 8 at a pub in North Carolina,1,4,1,0.0002977736,3,Usługi
book a restaurant in AL at Oak Ridge,1,3,1,0.016994424,3,Usługi
Is the weather colder in Costa Rica,2,4,1,0.00021643004,3,Usługi
Book a churrascaria restaurant that serves chips for five people.,1,3,1,0.025688482,3,Usługi
what's the weather going tbe twenty three minutes from now in Federico Albert National Reserve,2,4,1,0.00020590903,3,Usługi
what is the forecast for colder in Anston,2,4,1,0.00024660502,3,Usługi
Play Change Has Come on Google Music .,3,1,0,0.00019634594,3,Usługi
"Book me a table for seven in Co-operative Block Building , ND .",1,4,1,0.00039729712,3,Usługi
"Book a table for 2 at The Mustard Seed , Agate .",1,4,1,0.0020893784,3,Usługi
Play some theme based music from the thirties .,3,1,0,0.0001258516,3,Usługi
book me a restaurant at Sint Maarten on sun .,1,4,1,0.00483641,3,Usługi
Is it going to get chillier in Kuwait,2,4,1,0.00047672508,3,Usługi
What is the weather in Kernersville Greece ?,2,4,1,0.00014636398,3,Usługi
book a restaurant not far from Municipal Borough of Ealing for today,1,4,1,0.0057491083,3,Usługi
What will be the temperate in Tyresta National Park on 7/18/2030 ?,2,4,1,0.00018856456,3,Usługi
What's the weather at four pm in Honduras,2,4,1,0.00015182587,3,Usługi
book a spot for selma and molly at a steakhouse with saucisse that is close-by McSherrystown,1,4,1,0.0005220745,3,Usługi
I'm looking for Sherlock Holmes contre Arsène Lupin .,5,3,0,0.0002715466,3,Usługi
I'd like to eat salads at a restaurant,1,4,1,0.00023904779,3,Usługi
"book a gastropub that serves pansette in Skaneateles , Pennsylvania",1,4,1,0.0813342,3,Usługi
"I need a table at somewhere within walking distance of NV on november the 24th, 2027",1,4,1,0.00025889638,3,Usługi
find a picture called Cahoots,5,3,0,0.00032743806,3,Usługi
Will it be warmer 1 minute from now at Farmington Canal State Park Trail,2,4,1,0.0002903178,3,Usługi
Play Jono El Grande from the thirties,3,1,0,0.0001603478,3,Usługi
I'd like to see the movie schedule for movies in the area,6,4,0,0.00018262726,3,Usługi
I'd like t add Day After Day to evangeline's Party of the Century playlist,0,0,0,0.00019958807,3,Usługi
Play some theme songs from the fourties,3,1,0,0.00012960039,3,Usługi
Add the artist to my Metal playlist.,0,0,0,0.00017273253,3,Usługi
what is the AMerican Samoa forecast for hot weather,2,4,1,0.0043602437,3,Usługi
Where can I find the picture Another Happy Ending,5,3,0,0.00030050217,3,Usługi
Can you help me find a picture called Olympia 1974 ?,5,3,0,0.00029480192,3,Usługi
I want to rate the current textbook with 4,4,2,0,0.00016242605,3,Usługi
Weather in Cairngorms-Nationalpark close from freezing,2,4,1,0.00013161787,3,Usługi
play my Madrugando playlist on Groove Shark,3,1,0,0.00039987016,3,Usługi
How is colder in City of Rocks State Park around 0343 pm,2,4,1,0.00014635753,3,Usługi
Book me a table for one at Blue Ribbon Barbecue,1,4,1,0.00022232905,3,Usługi
"I want to book a restaurantin Perrytown Missouri for candice, jeannie and nichole .",1,3,1,0.0013722366,3,Usługi
book a bar with mediterranean food for three people,1,3,1,0.0012084226,3,Usługi
Will there be a blizzard in North Carolina,2,4,1,0.0006779597,3,Usługi
Is it hot in neighboring Algeria,2,4,1,0.00020200605,3,Usługi
Add Atticus Ross to the playlist electrosafari,0,0,0,0.00016226465,3,Usługi
Tell me if it'll be chillier now in Engadine,2,4,1,0.0004911166,3,Usługi
Give me the forecast for the weather in Citrus Springs,2,4,1,0.0014927479,3,Usługi
book a spot for me and my sister at a restaurant that has clafoutis,1,4,1,0.0005868873,3,Usługi
Look up the Fair Warning saga,5,3,0,0.00024064023,3,Usługi
Play The Great Adventures of Slick Rick game,5,3,0,0.00017883349,3,Usługi
what is the current place forecast,2,4,1,0.0005466987,3,Usługi
I'd rate the current essay 1 stars,4,2,0,0.00019564129,3,Usługi
What's the weather here at three PM,2,4,1,0.00014629668,3,Usługi
Is it warm faraway in Niger ?,2,4,1,0.00025030266,3,Usługi
I'd like to eat at a popular brasserie in Chile with a party of 5,1,4,1,0.00021864807,3,Usługi
find animated movies around here,6,4,0,0.00027573158,3,Usługi
What's the weather in Pennsylvania,2,4,1,0.00019652536,3,Usługi
Please put David Van Tieghem onto my throwback party playlist.,0,0,0,0.00018840938,3,Usługi
find the video game Tenacious D in The Pick of Destiny,5,3,0,0.00024516703,3,Usługi
Will there be snowfall in Coxs Mills Vatican ?,2,4,1,0.00027451676,3,Usługi
Play some music on Vimeo,3,1,0,0.000116742776,3,Usługi
What animated movies are playing nearby ?,6,4,0,0.00024984468,3,Usługi
What will the weather be in Worthington Springs ?,2,4,1,0.00013617049,3,Usługi
can i get the movie schedule for Goodrich Quality Theaters,6,4,0,0.00022287857,3,Usługi
Use the service Zvooq to play top-10 by artist Coolio,3,1,0,0.0001435934,3,Usługi
I'd like to eat in Montana on 10/22/2030,1,4,1,0.00027511985,3,Usługi
table for 5 AM . at Baker’s Keyboard Lounge,1,4,1,0.0001391216,3,Usługi
Please call and reserve seating for march 6 at a diner in Kyrgyzstan,1,4,1,0.0002092717,3,Usługi
Book a northeastern brazilian restaurant for 10 am,1,4,1,0.0022762897,3,Usługi
Book a reservation for Thomas Hynes House on jan. the third in Netherlands,1,4,1,0.0017626124,3,Usługi
book a spot at an osteria that has goiano in Ward Springs,1,4,1,0.00037851933,3,Usługi
I want to check out a pub that has internet in Homer City .,1,4,1,0.0027247274,3,Usługi
I need a reservation for a tea house in Maple Glen for four people,1,4,1,0.00039328932,3,Usługi
What's the weather forecast for Wisconsin ?,2,4,1,0.007195716,3,Usługi
is there any fog warning in Dauset Trails Nature Center now,2,4,1,0.00020581245,3,Usługi
"what is the weather in current location on december the 23rd, 2027",2,4,1,0.00015834744,3,Usługi
Is it snowy in Fort Ross State Historic Park ?,2,4,1,0.00065786456,3,Usługi
Set me up with a table at a bar with salade for 5,1,4,1,0.00035607786,3,Usługi
I want to go see The Trouble with Girls,6,3,0,0.0008749338,3,Usługi
How will the weather be different 5 years from now in Waconia ?,2,4,1,0.00021221892,3,Usługi
book a bar in San Marino for five,1,4,1,0.0016081054,3,Usługi
What films are being shown at the National Amusements,6,4,0,0.00030149773,3,Usługi
Show me the forecast for the distant area of ME at three pm,2,4,1,0.00032406807,3,Usługi
Play Tooh by Eric Bazilian on Google Music .,3,1,0,0.00014801657,3,Usługi
What is the weather forecast in the country of Chile fifteen hours from now,2,4,1,0.00022393341,3,Usługi
Is there snowstorm in LA ?,2,4,1,0.00031868808,3,Usługi
I give this series a value of one and a best rating of 6,4,2,0,0.00019756064,3,Usługi
Will it be warmer in Minidoka OK on good friday ?,2,4,1,0.00018708385,3,Usługi
add this song to my southern gothic playlist,0,0,0,0.0001703861,3,Usługi
Check the weather forecast in seven weeks for Emida .,2,4,1,0.00030753124,3,Usługi
Will it be colder in Åland,2,4,1,0.00022716375,3,Usługi
Show me the Dresden weather forecast.,2,3,1,0.00048424862,3,Usługi
Plkay some sixties movement songs from Itunes,3,1,0,0.00015771146,3,Usługi
Book a reservation for a party of six in the same area as Metropolitan Borough of Bethnal Green,1,4,1,0.005760168,3,Usługi
I'd like to hear Ami Suzuki 's latest record,3,1,0,0.00014571202,3,Usługi
"book a spot for connie, earline and rose at an oyster bar that serves chicken fried bacon in Beauregard Delaware",1,4,1,0.00029705456,3,Usługi
Book a restaurant for 7 people.,1,3,1,0.00024178458,3,Usługi
Is it better in Holi or here,2,4,1,0.00018254404,3,Usługi
"I want to book a bar in Bow Mar , New Mexico",1,3,1,0.0055314116,3,Usługi
What time is A Battle of Wits starting?,6,4,0,0.00014030046,3,Usługi
play the most popular album on Google Music by sasu ripatti,3,1,0,0.00013904831,3,Usługi
Can you make reservations for a party of eight in Iowa,1,4,1,0.0005044689,3,Usługi
book a spot at the top-rated pub in Garner,1,2,1,0.00047894433,3,Usługi
Is it getting colder in Leonard Harrison State Park,2,4,1,0.00028255105,3,Usługi
Will it hail today in West Point at 113648,2,4,1,0.00031104614,3,Usługi
"Onto jerry's Classical Moments in Movies , please add the album .",0,0,0,0.00027869456,3,Usługi
Find me the novel titled Fertile Ground,5,3,0,0.0002458973,3,Usługi
Will it feel nicer in Finland or New Mexico today,2,4,1,0.0005764398,3,Usługi
Can you look up the Galsoft Linux TV series ?,5,3,0,0.00035787924,3,Usługi
I want to book a jewish restaurant in Gambia .,1,3,1,0.0020271915,3,Usługi
Rate this novel four of 6,4,2,0,0.00020283974,3,Usługi
What is the weather forecast for Midnight in DC ?,2,4,1,0.00029998843,3,Usługi
Book the Last Exit on Brooklyn 5 hours from now for one person.,1,4,1,0.0016237621,3,Usługi
What's the weather forecast for Nishi Sonogi Hantō Prefectural Natural Park three years from now ?,2,4,1,0.0002939778,3,Usługi
Please get me Stories from the English and Scottish Ballads show .,5,3,0,0.0003170635,3,Usługi
"What will the weather be like in Lambertville , India at ten pm",2,4,1,0.00012974117,3,Usługi
please put this tune on the irish folk – jigs & reels playlist,0,0,0,0.00016083893,3,Usługi
Book a highly rated northeast indian brasserie in Kenova for nannie and I at 1441 .,1,2,1,0.00019433636,3,Usługi
"Tell me the weather forecast for Roseburg , Iowa",2,4,1,0.35979286,3,Usługi
Book a table for 2 at a FM restaurant serving grits for the next meal .,1,4,1,0.0005076064,3,Usługi
Tell me the weather forecast for here,2,4,1,0.064878635,3,Usługi
I want to rate this essay 0 of 6 stars,4,2,0,0.00019698389,3,Usługi
how much rain are we getting in current position,2,4,1,0.000211284,3,Usługi
Book something for me and my wife at a restaurant in four weeks,1,4,1,0.00034915065,3,Usługi
play a song by Ramesh Narayan from 1960,3,1,0,0.00013411394,3,Usługi
What is the weather like in Phnom Sankos Wildlife Sanctuary,2,4,1,0.00014807438,3,Usługi
what is the depression forecast for in five years in Altyn-Emel-Nationalpark,2,4,1,0.0007749583,3,Usługi
I would like to hear music from 1993,3,1,0,0.00012609149,3,Usługi
Play some acapella music,3,1,0,0.00013074931,3,Usługi
What time is Balkan Rhapsodies 78 Measures of War playing at Malco Theatres ?,6,4,0,0.00013879532,3,Usługi
I want to book a tea house that serves salade far from here at Midnight in Panama for two people.,1,4,1,0.0006893052,3,Usługi
susanne and carey phillips want to go to a brasserie not far from Pricedale that serves southern brazilian,1,1,1,0.004145109,3,Usługi
Is there going to be any snowfall today in Lebanon ?,2,4,1,0.00056877884,3,Usługi
book in one hour within walking distance of a restaurant downtown,1,4,1,0.00027747953,3,Usługi
Book a reservation for a restaurant serving wontons for ten people in Leopold,1,4,1,0.0008863908,3,Usługi
What's the weather going to be in UT ?,2,4,1,0.00014590811,3,Usługi
"I want to book a top-rated restaurant close by in LA for me, rebecca and loraine on 2/6/2020 .",1,2,1,0.00016220914,3,Usługi
List movie schedule .,6,4,0,0.00021920109,3,Usługi
Would like to book a restaurant the last day of sukkot for lee and ines,1,4,1,0.0008436438,3,Usługi
How windy is it in Anderson Lake State Fish and Wildlife Area ?,2,4,1,0.00040381541,3,Usługi
Add kent james to the disney soundtrack.,0,0,0,0.00019420266,3,Usługi
What's the weather in Parthenon,2,4,1,0.00014754177,3,Usługi
I wish to rate zero points out of 6 to The Crack in Space .,4,2,0,0.00017460487,3,Usługi
Please book a brasserie restaurant for eight in Ireland,1,4,1,0.0033603443,3,Usługi
find the nearest movie theatre with The Witness Chair,6,4,0,0.00025179944,3,Usługi
rate Black Boy 4 out of 6,4,2,0,0.00019583332,3,Usługi
"Book a table for 6 in The Cheese Course , Blocher on February the 10th .",1,4,1,0.0016929581,3,Usługi
"Book a food truck that serves tarte for tanisha, lorena and juliana .",1,3,1,0.006385143,3,Usługi
Is it going to be colder in Louisiana,2,4,1,0.00032674347,3,Usługi
what is the forecast in Nicodemus and nearby,2,4,1,0.00031285908,3,Usługi
She me the weather in the current place for nov. the 9th,2,4,1,0.00012376565,3,Usługi
at 4 am book a bar in the spa in Shamrock for eight,1,4,1,0.00017101843,3,Usługi
Book a table for six around yolanda's apartment .,1,4,1,0.0027281141,3,Usługi
Rate this album 2 stars,4,2,0,0.00017657511,3,Usługi
Give me the Spirit the Earth Aflame TV show .,5,3,0,0.00034284592,3,Usługi
"In Apr. , I'd like to eat at a pub Manack Montana with 4 people",1,4,1,0.00020207261,3,Usługi
Can you make reservations at a tea house that serves fettucine ?,1,4,1,0.00026557385,3,Usługi
book Main Deli Steak House on february 13 in Serbia and Montenegro,1,4,1,0.00065070944,3,Usługi
Find a reservation for a tavern that serves pizzas for a party of 6,1,4,1,0.00030654605,3,Usługi
Book spot for 9,1,2,1,0.00016445764,3,Usługi
add cross bones style to Guest List TaKe,0,0,0,0.00018225853,3,Usługi
She me the forecast for Clayton Lake State Park on Oct. 17th,2,4,1,0.00054486905,3,Usługi
Rate Nothing Lasts Forever a value of 3,4,2,0,0.0001782206,3,Usługi
What's the forecast for MT next week ?,2,4,1,0.0008382427,3,Usługi
book a spot for 8 at a popular taverna,1,4,1,0.00018206239,3,Usługi
Rate The Seventh Decade two of 6 points,4,2,0,0.00020795237,3,Usługi
give me some Hank Shermann from 1975 on Lastfm,3,1,0,0.00014082024,3,Usługi
What is the weather forecast in Delaware,2,4,1,0.0008120802,3,Usługi
Will it rain on sep. 25th in East Tawakoni,2,4,1,0.0002511734,3,Usługi
"What is the weather forecast for Naches , Sierra Leone",2,4,1,0.00084389787,3,Usługi
Play some tango .,3,1,0,0.00018025955,3,Usługi
Book a popular tuscan restaurant for 7 people in West Richfield,1,4,1,0.0035617067,3,Usługi
find Fox Theatres with The Caretaker,6,4,0,0.00017139212,3,Usługi
Rate The Abyss of Wonders 4 out of 6 .,4,2,0,0.00019478398,3,Usługi
add this artist to Pop 2017 Picks,0,0,0,0.00016226403,3,Usługi
Weather in 3 minutes at Jean Lafitte National Historical Park and Preserve,2,4,1,0.0001780214,3,Usługi
Is it chillier in Baconton KY,2,4,1,0.00017317526,3,Usługi
what time is The Graduate showing at Caribbean Cinemas,6,4,0,0.0001926986,3,Usługi
Show me the forecast for Wisconsin,2,3,1,0.0009527651,3,Usługi
I need reservations for a party of 8 within the same area at 014835 at a restaurant in Armenia that serves tuscan cuisine.,1,4,1,0.00036177653,3,Usługi
play a track from the thirties,3,1,0,0.00013462994,3,Usługi
add kurious jorge to my synth pop,0,0,0,0.00016449936,3,Usługi
what is the forecast for hot at ten o'clock in Idaho,2,4,1,0.00020751944,3,Usługi
I need a table at T-Rex for nine in Brunei,1,4,1,0.00014397466,3,Usługi
I'd like to reserve a table at a pub that serves andouillettes within the same area in San Marino .,1,4,1,0.00060946785,3,Usługi
I'm looking for the best bistro that serves mongolian food that has room for two people in Marshall Islands .,1,4,1,0.0020162761,3,Usługi
find the novel Make Peace Not War,5,3,0,0.00027821944,3,Usługi
Give Letty Fox Her Luck 4 out of 6 stars,4,2,0,0.0001770939,3,Usługi
"Give me the forecast for feb. eleventh, 2034 far from Alaska",2,4,1,0.0011848446,3,Usługi
book a table for 2 in Gleed,1,4,1,0.00250463,3,Usługi
I'd like seats for ten at a highly rated brasserie in Kyrgyzstan,1,4,1,0.00018177449,3,Usługi
Please play the most popular ep from 1998 by Mc Frontalot,3,1,0,0.00013267797,3,Usługi
I want to book a restaurant in Keeling Islands for a party of ten,1,4,1,0.0060128705,3,Usługi
I need seats for 6 at CHAR No.4 in Georgia,1,4,1,0.00018719894,3,Usługi
find the closest cinema for films,6,4,0,0.0002493508,3,Usługi
Put something by Noah Wuv Bernardo on my Humor playlist,0,0,0,0.00017188073,3,Usługi
Find the schedule for The Pearl of Cleopatra .,6,4,0,0.00013281594,3,Usługi
What's the weather forecast for Oman 2 months from now ?,2,4,1,0.00031131873,3,Usługi
Add radhae unakku kobam aagathadi to my Women of Metal playlist,0,0,0,0.00016084602,3,Usługi
use Iheart to listen to retro,3,1,0,0.00021548227,3,Usługi
find The Gamblers,5,3,0,0.00026425495,3,Usługi
Where is Bernardsville ?,2,4,1,0.0010747878,3,Usługi
What is the weather like at Basaseachic Falls National Park,2,4,1,0.00016817238,3,Usługi
find a United Paramount Theatres and movie times at 4 A.M.,6,4,0,0.00019535111,3,Usługi
Please help me search the TV series A Mouse Divided .,5,3,0,0.0003123221,3,Usługi
I need a table for 4 at The Brass Rail .,1,4,1,0.00041606012,3,Usługi
show weather forcast for T.H. Stone Memorial St. Joseph Peninsula State Park on one hour from now,2,3,1,0.0017640741,3,Usługi
book a restaurant in HI,1,3,1,0.00033408642,3,Usługi
Put Jean Philippe Goncalves onto my running to rock 170 to 190 bpm .,0,0,0,0.00017254648,3,Usługi
"What will the weather be in Bayside on Sep. 21, 2034 ?",2,4,1,0.00019488511,3,Usługi
I need a reservation for 3 at Clinton Street Baking Company & Restaurant,1,4,1,0.00020964579,3,Usługi
Book a reservation for bettye and lakeisha jimenez at a bar,1,4,1,0.00041897528,3,Usługi
book a spot for 1 close to geraldine's house,1,4,1,0.0008266414,3,Usługi
Tell me the weather forecast nearby my current location,2,4,1,0.00028950456,3,Usługi
I'd like to see the show Migration,5,3,0,0.0002099084,3,Usługi
Book a table for six in a Togo restaurant,1,4,1,0.0020599107,3,Usługi
what is the PW forecast for stormy weather,2,4,1,0.018158084,3,Usługi
Is fog forecast close-by to Pakistan ?,2,4,1,0.00020195125,3,Usługi
Make me a reservation for elvira and I in Brazil,1,4,1,0.0007942392,3,Usługi
add pangaea to my Gold Edition playlist,0,0,0,0.00017665539,3,Usługi
"Will there be a lot of wind far away from here on Sep. the twenty-third, 2021",2,4,1,0.00037546034,3,Usługi
Will it be freezing today in Delaware and Lehigh National Heritage Corridor ?,2,4,1,0.00031916966,3,Usługi
book a table around London Borough of Ealing that is highly rated in a gluten free bar,1,2,1,0.00060505123,3,Usługi
"please book a room in Spaghetti Warehouse for catalina, delores and brandie mendoza at 12 AM",1,4,1,0.00021475098,3,Usługi
I want to book a restaurant for a year from now in Maine .,1,4,1,0.0011072323,3,Usługi
weather on september 14 in Crofton Ukraine,2,4,1,0.00019506026,3,Usługi
I want to bring four people to a place that's close to downtown that serves churrascaria cuisine.,1,0,1,0.0065799598,3,Usługi
Is the weather chilly in Dew DE,2,4,1,0.00013558338,3,Usługi
Will it be foggy here ?,2,4,1,0.0004344953,3,Usługi
Add ricky nelson to my Classical X playist,0,0,0,0.00016210538,3,Usługi
Where can I watch Gaddar The Traitor ?,6,4,0,0.00014249902,3,Usługi
play Fey 's album Diamond Head on Zvooq,3,1,0,0.0001459794,3,Usługi
book a spot at a coffeehouse in New York with wifi at 8 pm,1,4,1,0.00019665003,3,Usługi
book a spot for vicki and I at a restaurant in Puerto Rico,1,4,1,0.0008630283,3,Usługi
Is there going to be any rainfall close to Windber in 365 days,2,4,1,0.0002676532,3,Usługi
Rate The Masks of Time zero of 6 stars,4,2,0,0.00018032297,3,Usługi
What's the weather in Low Moor,2,4,1,0.0001472308,3,Usługi
Book reservations to a cafeteria in Brockway Colorado that serves thai food for six people,1,4,1,0.024846394,3,Usługi
Is snowfall forecast in PA ?,2,4,1,0.00018292583,3,Usługi
Please play Jag Vill Leva I Europa by porta,3,1,0,0.00013807244,3,Usługi
book in Bolivia a brasserie for tourte food,1,3,1,0.00044412632,3,Usługi
What will the weather be in Overton at 8 pm ?,2,4,1,0.00014082457,3,Usługi
weather near California,2,4,1,0.00017696444,3,Usługi
Is it cold in Windhorst,2,4,1,0.00017733124,3,Usługi
How will the weather be on May 9 in Wyoming ?,2,4,1,0.00015401703,3,Usługi
Book the best eastern european restaurant for 5 people at two o'clock in Cohocton WY .,1,4,1,0.0005362322,3,Usługi
rate tune to my natalie macmaster viajes,0,0,0,0.00016025509,3,Usługi
book a table for eight in Graf far away,1,4,1,0.0011114412,3,Usługi
Will it be hotter next month in South Dakota ?,2,4,1,0.00055661175,3,Usługi
What's the weather like around Laos ?,2,4,1,0.00044470475,3,Usługi
Add Always to dena's Baroque 50 Spotify Picks playlist.,0,0,0,0.00017804069,3,Usługi
I would rate this chronicle a value of 1 and a best rating of 6,4,2,0,0.00019940129,3,Usługi
Will it get chillier in Furano-Ashibetsu Prefectural Natural Park ?,2,4,1,0.0008547486,3,Usługi
"On Jun. the sixteenth, 2032 I'd like to go to Dillard House in Putnam Hall",1,4,1,0.0006105594,3,Usługi
add this track to the playlist named cali fire,0,0,0,0.000175279,3,Usługi
book a cafeteria for 5 in Turkmenistan,1,4,1,0.21134897,3,Usługi
show weather forecast at three am .in Wauregan,2,3,1,0.0005128369,3,Usługi
Add dr know to my TODO ALTERNATIVO playlist.,0,0,0,0.0001722269,3,Usługi
What's the weather going to be like near Moldova on fri.,2,4,1,0.00027671963,3,Usługi
what is the Currituck National Wildlife Refuge forecast for chilly conditions,2,4,1,0.00077519566,3,Usługi
Is it cloudy in Tingley ?,2,4,1,0.00018777348,3,Usługi
What is the foggy forecast for nov. 15 in France in Brookland Terrace,2,4,1,0.0001693338,3,Usługi
Find a trailer called Just Say Noël .,5,3,0,0.00028490575,3,Usługi
book sot for one at restaurant with wifi,1,4,1,0.0004909093,3,Usługi
What's the weather forecast for Moss Hill ?,2,4,1,0.0014561375,3,Usługi
book a spot for ten at a top-rated caucasian restaurant not far from Selmer,1,4,1,0.0029218572,3,Usługi
Tell me the weather forecast for Murone Kōgen Prefectural Natural Park at elevenses,2,4,1,0.00024855253,3,Usługi
Put on Vimeo and play Kacapi Suling,3,1,0,0.0008412639,3,Usługi
Whats the temperature not far from Valley of Fire,2,4,1,0.00012980917,3,Usługi
Will it be colder in Vermont ?,2,4,1,0.0003382878,3,Usługi
I give the previous novel one out of 6 stars .,4,2,0,0.00020333297,3,Usługi
Weather for Carlisle Gardens AS,2,4,1,0.00011718202,3,Usługi
Tell me the weather forecast for Equatorial Guinea,2,5,1,0.7780119,3,Usługi
I want a table for me and my kids in Turkey at a neighboring restaurant,1,4,1,0.00020628251,3,Usługi
Please add a track by david freiberg to my workout playlist.,0,0,0,0.00018190355,3,Usługi
Reserve a table for my bf and I at Montreal Pool Room in Indiahoma,1,4,1,0.00028126105,3,Usługi
Book a popular restaurant for two which is distant from Avalon .,1,4,1,0.0023878138,3,Usługi
Can you play that last ep from the twenties,3,1,0,0.0001752468,3,Usługi
add tune to my metal crash course playlist,0,0,0,0.00015620311,3,Usługi
what is the thursday forecast for Akers New Hampshire,2,4,1,0.0005429071,3,Usługi
I want to book a restaurant in Botswana for four people.,1,4,1,0.0615652,3,Usługi
what will the weather be at Mu Ko Phetra National Park on Administrative Professionals Day,2,4,1,0.00012946063,3,Usługi
Will rainfall continue here tomorrow ?,2,4,1,0.00028988562,3,Usługi
Will it be stormy in the Ouachita National Forest ?,2,4,1,0.0002945917,3,Usługi
Please book a Uncommon Grounds Coffeehouse restaurant,1,3,1,0.00015779189,3,Usługi
What's the weather forecast for Arizona City ?,2,4,1,0.0031955398,3,Usługi
Play the top-20 best Chicane songs on Deezer,3,1,0,0.00015405912,3,Usługi
I need to make a reservation at a top-rated moroccan restaurant in Bone that is nearby and can seat 8,1,4,1,0.00022176644,3,Usługi
Play music by Ian Haugland,3,1,0,0.00014528907,3,Usługi
What is the weather forecast for Djibouti,2,4,1,0.010043007,3,Usługi
Show the movie schedule at Regal Entertainment Group,6,4,0,0.00017614305,3,Usługi
Where can I see the show Kind of Glue ?,5,3,0,0.0003068524,3,Usługi
Add My Very Best to my road trip playlist.,0,0,0,0.00017105471,3,Usługi
add Vicky Leandros to my piano ballads playlist,0,0,0,0.00016337889,3,Usługi
Give this textbook 5 points,4,2,0,0.00020393013,3,Usługi
Add another MC chris track to my Blues Roots playlist.,0,0,0,0.00017005415,3,Usługi
Can you play a chant by Butch Trucks on Spotify,3,1,0,0.0001326803,3,Usługi
I want to know the animated movies playing at Malco Theatres,6,4,0,0.00021899462,3,Usługi
Rate the current novel three points,4,2,0,0.00019988885,3,Usługi
show weather while Sunset in the same area in South Carolina,2,3,1,0.00022234587,3,Usługi
Add bilal to winter,0,0,0,0.00015788285,3,Usługi
"book a spot for wilma, gay and I At The Gowanus Yacht Club in Montenegro",1,4,1,0.00075645983,3,Usługi
is it going to get colder in Parc national marin Mahatma Gandhi,2,4,1,0.00023722487,3,Usługi
"Make dinner reservation for 3 people on june 23rd, 2040 in Blodgett .",1,4,1,0.00026574006,3,Usługi
Is it freezing in Tira,2,4,1,0.00016882173,3,Usługi
What will be the weather like close by Kackley ?,2,4,1,0.00019892181,3,Usługi
I'd like to see movie schedules for Kerasotes Theatres,6,4,0,0.00020313128,3,Usługi
Book me a reservation for eight for the top-rated bakery eleven hours from now in Mango,1,4,1,0.0003472429,3,Usługi
Is it rainy at the Edward L. Ryerson Conservation Area ?,2,4,1,0.00027323829,3,Usługi
"I would like reservations made for Masonville , Vermont nov. 7",1,4,1,0.0006702752,3,Usługi
Search for the Exiles of Time book,5,3,0,0.00023577492,3,Usługi
I need a reservation for Roscoff Restaurant in Valley Mills,1,4,1,0.00019174984,3,Usługi
How is the weather right now at my current place ?,2,4,1,0.00015228453,3,Usługi
Will there be any cloud in Delaware on 1/11/2040 ?,2,4,1,0.00026885202,3,Usługi
will the weather conditions be temperate and pleasant in Togo,2,4,1,0.0002431727,3,Usługi
Will there be a snowstorm in Taberville,2,4,1,0.00030400662,3,Usługi
Will it be windy at 7 AM in Dong Phou Vieng National Protected Area,2,4,1,0.00019190321,3,Usługi
I need a table for 10 at the best gastropub,1,4,1,0.00019351157,3,Usługi
book a restaurant for Jul. 27,1,3,1,0.00027192303,3,Usługi
Add the unraveling to marina's playlist It's a Southern Thing,0,0,0,0.00016839847,3,Usługi
What are the movie times for Megaplex Theatres,6,4,0,0.00023039886,3,Usługi
give zero out of 6 stars to Smart Girls Get What They Want book,4,2,0,0.00017409286,3,Usługi
I need a table in TN that's not to far for a party of ten,1,4,1,0.00027465684,3,Usługi
Reserve a table for two for jun. 13th in a neighboring bistro which serves mongolian food in Northway .,1,4,1,0.00020693465,3,Usługi
Book a table for two for this autumn,1,3,1,0.0012910154,3,Usługi
List movie times at B&B Theatres,6,4,0,0.00018677214,3,Usługi
book a popular food truck in Kentucky,1,3,1,0.00027260944,3,Usługi
"What is the forecast for Petersville , OH",2,4,1,0.004204736,3,Usługi
Is it hot in Round Hill HI,2,4,1,0.0001390339,3,Usługi
book a table at a restaurant for 10/24/2028 for me and lauren,1,3,1,0.006927766,3,Usługi
I'd like to eat within the same area of Lawrence St for a party of one,1,4,1,0.00066238985,3,Usługi
will it be colder at midnight in Washington,2,4,1,0.00019473668,3,Usługi
"Book reservations at a restaurant in New Zealand with tammi, beverly and alba",1,4,1,0.0010190937,3,Usługi
book a table for ten in Pollock PA,1,4,1,0.03432423,3,Usługi
"Weather in Grey Eagle on Feb. fifteenth, 2034",2,4,1,0.00013406525,3,Usługi
What's the weather going to be like tomorrow at Black Hawk State Park ?,2,4,1,0.00018399624,3,Usługi
What type of movie is Houston Press ?,5,3,0,0.0014797424,3,Usługi
book verdure serving restaurant in Bloom City,1,3,1,0.0004297474,3,Usługi
"on April the twenty-seventh, 2022 , I'd like to make reservations at a spanish diner .",1,4,1,0.00035595393,3,Usługi
Reserve me seating midday at Bear Hotel,1,4,1,0.00017670912,3,Usługi
book for 3 in U.S. Virgin Islands,1,2,1,0.0015797045,3,Usługi
play some fourties Andrew Lloyd Webber on Groove Shark,3,1,0,0.00013280219,3,Usługi
I want to eat at a food truck this week with my colleague and I,1,4,1,0.00038126207,3,Usługi
"is it going to be chillier in Saint Augustine , WY on may 3rd",2,4,1,0.00014627799,3,Usługi
What will the weather be 1 minute from now in Garrochales,2,4,1,0.00018332711,3,Usługi
Find out what films are being played in the neighbourhood,6,4,0,0.00024051004,3,Usługi
What's the weather this month in Mozambique,2,4,1,0.0001750496,3,Usługi
How is the weather going to be in Gambia in a week and a half ?,2,4,1,0.00019969727,3,Usługi
Play Water Under The Bridge by Hariprasad Chaurasia .,3,1,0,0.00016935644,3,Usługi
add the tune to the Indie Workout playlist,0,0,0,0.00017323901,3,Usługi
there is cloud in Genola South Sudan,2,4,1,0.00050283904,3,Usługi
I need a table for 7 people at a bar that specialises in being a protein bar .,1,4,1,0.0009745663,3,Usługi
book a restaurant in Puerto Rico,1,3,1,0.0004674712,3,Usługi
"Book me and my nieces a reservation for a seafood restaurant in Cle Elum , NE on ascension day",1,4,1,0.00043001227,3,Usługi
Look for the Public Toilet painting,5,3,0,0.00022042255,3,Usługi
book a table in Fullerville at a highly rated bar,1,2,1,0.0073908013,3,Usługi
what is the weather starting at 114752 for South Africa,2,4,1,0.0001330833,3,Usługi
Will the wind die down at my current location by supper time?,2,4,1,0.000148434,3,Usługi
Open itunes and play Ben Burnley Ready To Die,3,1,0,0.00018944136,3,Usługi
"Book a table for 1 on November the first, 2022",1,4,1,0.0009774162,3,Usługi
Is it warmer in Lothian Island Wildlife Sanctuary,2,4,1,0.00015746223,3,Usługi
What's the weather in the Marshall Islands in sixteen hours,2,4,1,0.0001587948,3,Usługi
book a spot for six in Greece,1,2,1,0.00020594774,3,Usługi
Let me know how the weather will be in Rainelle at night .,2,4,1,0.00031963558,3,Usługi
one hour from now what will it be like in Cholame Rhode Island,2,4,1,0.0001903977,3,Usługi
Play the song Waar Is De Zon on Slacker,3,1,0,0.00018502964,3,Usługi
Book reservations at a faraway restaurant in Newtown at meal time,1,4,1,0.00021348528,3,Usługi
Tell me if it will be windy here,2,4,1,0.0035101245,3,Usługi
I'd like to know what films are scheduled at Alamo Drafthouse Cinema .,6,4,0,0.00021814219,3,Usługi
Need a restaurant booking for next week for a party of 6 in the state of OR,1,4,1,0.00015254942,3,Usługi
"Please book a restaurant for six members on Jul. 13, 2036",1,4,1,0.0013441462,3,Usługi
"Would like a table right now for leonor mendoza, imogene and lisa sanchez",1,4,1,0.005214405,3,Usługi
Will it get colder in Cape Fair,2,4,1,0.00024651078,3,Usługi
Will it be colder in Delaware ?,2,4,1,0.00030347472,3,Usługi
Make me a reservation for a party of 2,1,4,1,0.004350075,3,Usługi
Can you please get me the book Dracula 5 The Blood Legacy ?,5,3,0,0.00044080114,3,Usługi
I need a table for 9,1,4,1,0.0008058533,3,Usługi
play Iheart,3,1,0,0.00023408809,3,Usługi
Add autry inman to my Hanging Out and Relaxing playlist.,0,0,0,0.00015990794,3,Usługi
Will it be chilly around Oregonia in 9 months,2,4,1,0.00027813698,3,Usługi
will it be chillier in Saxis North Dakota,2,4,1,0.00018225727,3,Usługi
"I need to reserve two seats to eat at in Salina , Alabama .",1,4,1,0.00038814818,3,Usługi
what is the storm forecast in the same area of Honduras,2,4,1,0.00048295673,3,Usługi
what will be the temperature 1 minute and 8 seconds from now in Green Bottom Wildlife Management Area,2,4,1,0.00019361683,3,Usługi
i need to book a table for three in Lesotho,1,4,1,0.0010205824,3,Usługi
"Will it be chilly in Penuelas Indonesia on Nov. 26th, 2030",2,4,1,0.00017572695,3,Usługi
"Tell me the forecast for Elderton , Indiana in 19 hours",2,4,1,0.00042884226,3,Usługi
What is the movie schedule for the B&B Theatres,6,4,0,0.00016923358,3,Usługi
book a table near Bienville for Pioneer Day,1,3,1,0.00064323813,3,Usługi
Is it going to hail in Niger,2,4,1,0.0003825458,3,Usługi
Book a restaurant with parking facility for 3 .,1,4,1,0.0013362733,3,Usługi
Give zero stars to this textbook,4,2,0,0.00016386493,3,Usługi
"What will the weather be like in the Falkland Islands starting may 25, 2022",2,4,1,0.00028162467,3,Usługi
Find the TV show titled Timerider The Adventure of Lyle Swann,5,3,0,0.0003091349,3,Usługi
what is the weather forecast for Cuba at eleven am,2,4,1,0.00023149162,3,Usługi
Show me the picture Gas Wars,5,3,0,0.00026795428,3,Usługi
what will the weather be like in Nickelsville,2,4,1,0.0002502298,3,Usługi
Will it get chillier here ?,2,3,1,0.0011530756,3,Usługi
I want to make a reservation at a sushi restaurant,1,4,1,0.00019241084,3,Usługi
Book a spot for nine at The Cubby Bear in Luxor,1,4,1,0.00018022425,3,Usługi
Book a restaurant in El Salvador for 10 people.,1,3,1,0.0027352981,3,Usługi
Add this tune to the Spinnin' Records Top 100 list,0,0,0,0.00016659072,3,Usługi
Where can I locate the game Legion of Mary The Jerry Garcia Collection,5,3,0,0.0004635048,3,Usługi
Tell me the weather forecast for Azerbaijan,2,5,1,0.6118577,3,Usługi
Weather for Jan. 7 in North Carolina,2,4,1,0.00018123635,3,Usługi
book a spot for 6 at a tea house in Tokelau,1,4,1,0.00019261913,3,Usługi
"Please book a restaurant in Village Green , CA .",1,3,1,0.0035885451,3,Usługi
Play some Carmen Mcrae from Ed Robertson off of Itunes,3,1,0,0.00014416118,3,Usługi
What's the weather on Groundhog Day in Slovenia,2,4,1,0.00018567461,3,Usługi
movie schedules close by for animated movies,6,4,0,0.00023471194,3,Usługi
Play the playlist introspective,3,1,0,0.00034822104,3,Usługi
I'm wondering what movies will be laying around here .,6,4,0,0.0002540256,3,Usługi
"What will the weather be like at eight PM in Bon Air , Uruguay",2,4,1,0.00015212253,3,Usługi
Is it going to be colder in Botswana by 0930,2,4,1,0.0002269042,3,Usługi
"Tell me when it'll be hot in Melbourne , NJ",2,4,1,0.0001128701,3,Usługi
antoinette and I want to eat at an oyster bar that serves pizzette in South Duxbury ME,1,4,1,0.0002734118,3,Usługi
What is the weather going to be at dinner time in the Lake Le-Aqua-Na State Recreation Area,2,4,1,0.00016050234,3,Usługi
"Please search for the work, Wholehearted .",5,3,0,0.00019430678,3,Usługi
where can i watch Willy Wonka & the Chocolate Factory,6,4,0,0.00017473068,3,Usługi
Find me a table for 1 at a restaurant with a pool at 3 am in Hitchcock FL,1,4,1,0.0001895064,3,Usługi
Want to know the blizzard weather condition in Lake Catherine,2,4,1,0.0017251385,3,Usługi
Add this artist to my garage jams,0,0,0,0.0001771731,3,Usługi
Add Shangri-La to the African Heat playlist.,0,0,0,0.00016579058,3,Usługi
Is the film Goodrich Quality Theaters playing at 1226 AM ?,6,4,0,0.0002315249,3,Usługi
Show the TV series The Merry Sisters of Fate .,5,3,0,0.0002984681,3,Usługi
Book a bar that serves stracciatella in North Dakota for four at four am,1,4,1,0.00062312995,3,Usługi
I really need a top-rated restaurant that can seat 3 people in 1 minute from now.,1,4,1,0.0015661507,3,Usługi
in 1 second I need a restaurant in San Marino for 9,1,4,1,0.0003322886,3,Usługi
Will it be rainy in Neffs,2,4,1,0.00019994601,3,Usługi
Find Captain Kronos - Vampire Hunter .,6,3,0,0.00019272816,3,Usługi
I need to book a restaurant with a smoking room in AL,1,4,1,0.0020005635,3,Usługi
"Book me a reservation at a burger joint close-by Choate on july 16th, 2022",1,4,1,0.0002637493,3,Usługi
Is Redacted playing at the closest cinema ?,6,4,0,0.000245012,3,Usługi
find Un weekend da bamboccioni,6,3,0,0.00015352592,3,Usługi
"Can I get the showtimes for the closest cinema showing I’m a Cyborg, But That’s OK .",6,4,0,0.00022200512,3,Usługi
what is the forecast for this current position for chilly temps,2,4,1,0.0006832281,3,Usługi
add this song onto hip hop gaming playlist,0,0,0,0.00016163204,3,Usługi
Play the album alas y raíces by Dave Pybus .,3,1,0,0.00016128998,3,Usługi
Find a reservation far from my work location in eight hours for 8 people at Union Auto Company,1,4,1,0.00021494237,3,Usługi
"What will the weather be like not far from Alabama on May 9, 2037 ?",2,4,1,0.00033179062,3,Usługi
what is the Fiji forecast for warm temps,2,4,1,0.00050524814,3,Usługi
find the trailer for On the Good Ship Lollipop,5,3,0,0.00024111567,3,Usługi
Rate the White Lies chronicle 0 stars,4,2,0,0.00020194644,3,Usługi
Book a table for five in Unalaska this month .,1,4,1,0.0005647295,3,Usługi
me and my father in law want go eat gratin at a restaurant,1,4,1,0.0004702008,3,Usługi
Add Visible Wings to my playlist entre los andes,0,0,0,0.00016579108,3,Usługi
Looking for a tibetan restaurant and need reservations for 1 .,1,3,1,0.0011702674,3,Usługi
What is the forecast for Iceland and Danville for rain for nine months from now,2,4,1,0.0006652022,3,Usługi
What is the forecast at 12 am in Sudan,2,4,1,0.00024642952,3,Usługi
Book a table for 6 in Verona .,1,4,1,0.016389264,3,Usługi
"I rate the chronicle , Son of the Tree with four of 6 points .",4,2,0,0.00019765696,3,Usługi
Shoe me the forecast for Bonaire this Fall,2,3,1,0.0009904028,3,Usługi
Is it hotter here on Navy Birthday,2,4,1,0.00020905588,3,Usługi
Will it be cloudy on Sep. 16 in Palau,2,4,1,0.0016360091,3,Usługi
will it be hotter Netherlands Antilles Flats on april the 27th,2,4,1,0.00018464153,3,Usługi
Will it be humid in Beedeville on november 20,2,4,1,0.00017394815,3,Usługi
What's the weather in New Zealand ?,2,4,1,0.00019086807,3,Usługi
what will the weather be like in Brownfield,2,4,1,0.00025493107,3,Usługi
Book me a table at The Fat Duck in Ireland,1,4,1,0.0005591918,3,Usługi
Is it supposed to be chilly in Kuwait ?,2,4,1,0.00043238536,3,Usługi
Play 1952 Yusef Lateef on Netflix,3,1,0,0.00013011394,3,Usługi
"Will it be cold in Allardt , Aruba ?",2,4,1,0.00022795724,3,Usługi
Can you get seating for my father and I at a restaurant in Birch Run,1,4,1,0.00021511655,3,Usługi
add flying to my Women of Rock playlist,0,0,0,0.00017273318,3,Usługi
Put nothing remains the same on my summer music playlist,0,0,0,0.0001780336,3,Usługi
What movies are at Malco Theatres,6,4,0,0.00020155284,3,Usługi
Is it nice in PW,2,4,1,0.00025987372,3,Usługi
Will it be warm at Tembe Elephant Park on san jacinto day,2,4,1,0.00016842333,3,Usługi
How chilly is it close to Hollidaysburg ?,2,4,1,0.00023792511,3,Usługi
What will the weather be in Hillview ?,2,4,1,0.00015841672,3,Usługi
"Play my Hardstyle, Baby playlist on Netflix",3,1,0,0.00023233297,3,Usługi
book spot for four at a indoor pub within the same area of Louisiana in one minute,1,4,1,0.00022046771,3,Usługi
Book a bar with a pool in Mountain Iron .,1,3,1,0.007129788,3,Usługi
Show The Monkey soundtrack,5,3,0,0.00016189876,3,Usługi
Is it warm at seven AM in Greenland,2,4,1,0.00014036524,3,Usługi
Will it be chillier seven weeks from now in Senegal,2,4,1,0.00020417961,3,Usługi
What will the weather be in one minute in Tanzania,2,4,1,0.0001557417,3,Usługi
Add this artist to my This Is Philip Glass playlist,0,0,0,0.00017306898,3,Usługi
Show movie schedule and movies in the area,6,4,0,0.0002095786,3,Usługi
"book a restaurant this week for joni, wilda sanders and I in AL",1,3,1,0.0013056692,3,Usługi
what's the nearest movie house showing Women Who Fall by the Wayside,6,4,0,0.00028420036,3,Usługi
weather 1 minute from now in Camden Point Zambia,2,4,1,0.00014699924,3,Usługi
Is it rainy season in Manitou Springs ?,2,4,1,0.0001299283,3,Usługi
Book a table for three at a restaurant in Louisiana,1,4,1,0.00061760127,3,Usługi
I want to book a cafeteria for 4 that has meze,1,3,1,0.008267952,3,Usługi
I rated The Island of Adventure saga a 2 of 6,4,2,0,0.00020224418,3,Usługi
Weather for Park Narodowy Kushiro-shitsugen,2,4,1,0.00013788785,3,Usługi
book a spot for 3 in Egypt at five,1,2,1,0.00015148126,3,Usługi
Can you tell me what the weather is like at Sam D. Hamilton Noxubee National Wildlife Refuge,2,4,1,0.00037342234,3,Usługi
play Closer to the Sun album,5,3,0,0.00048782935,3,Usługi
Book me a reservation for 6 at a highly rated pub,1,4,1,0.0005432144,3,Usługi
Is it forecast to be windy here in seven seconds ?,2,4,1,0.00028003074,3,Usługi
use Slacker to listen to seventies music,3,1,0,0.00013384079,3,Usługi
I'd like to listen to the soundtrack In the Air,5,3,0,0.00014212729,3,Usługi
What's the weather forecast at sixteen in Oklahoma ?,2,4,1,0.00017785389,3,Usługi
rate this album one out of 6,4,2,0,0.00019083009,3,Usługi
Find me a nice restaurant in Mulvane .,1,4,1,0.0033189587,3,Usługi
What is the weather in Galena Park Oklahoma,2,4,1,0.00013776966,3,Usługi
I need a table in Uruguay in 213 days when it's chillier,2,4,1,0.00019094798,3,Usługi
Tell me if it'll be overcast nearby Papua New Guinea,2,4,1,0.00069008477,3,Usługi
Is it overcast in Ziwa Rhino Sanctuary ?,2,4,1,0.00021454226,3,Usługi
I need a restaurant now for a party of ten,1,4,1,0.00055911485,3,Usługi
What is the weather like in Wallis and Futuna ?,2,4,1,0.0002101212,3,Usługi
What is the temperate in Uintah right now,2,4,1,0.00037642175,3,Usługi
I'd like to book a table at Black Horse Tavern in Georgia at 4 am,1,4,1,0.0001614222,3,Usługi
what is the forecast for Tschetter Colony on Ascension Day in Oregon,2,4,1,0.00023418265,3,Usługi
"What will the weather forecast be in Mount Victory , Delaware in 1 second ?",2,4,1,0.0001921175,3,Usługi
At thirteen hundred hours what will the weather be on Ghana ?,2,4,1,0.00012269043,3,Usługi
will it rain today in Circleville,2,4,1,0.00027070864,3,Usługi
I rate Observations one points,4,2,0,0.00019017768,3,Usługi
"find American Psychologist , a game",5,3,0,0.00019094329,3,Usługi
add Teddy Boy to my Irish Folk – Jigs & Reels playlist,0,0,0,0.00015773484,3,Usługi
I need seating at Floating restaurant in Tennessee for a group of 9,1,4,1,0.00018620095,3,Usługi
I'd rate this novel at 2 points,4,2,0,0.00019833387,3,Usługi
Is it warm here now ?,2,4,1,0.00038093232,3,Usługi
book a spot at a soul food food truck in Cawker City,1,4,1,0.0007805899,3,Usługi
show me the schedule of movie The Duchess of Langeais in cinema,6,4,0,0.0001864069,3,Usługi
I need a table at The Apple Pan for reva and bernadine,1,4,1,0.00041347914,3,Usługi
what is the Philippines forecast for humid weather,2,4,1,0.0006622726,3,Usługi
"Play Liubi, Liubi, I Love You by Farah Asyikin Binti Zulkifli on Netflix",3,1,0,0.00013890302,3,Usługi
What is the weather in Taiwan,2,4,1,0.00020132464,3,Usługi
I need a reservation for a highly rated goiano restaurant in AR,1,4,1,0.00060740416,3,Usługi
show me the movie schedules,6,4,0,0.00022331177,3,Usługi
How will the weather be at 8 am in CT ?,2,4,1,0.00013636523,3,Usługi
charlene and I and are are in Liechtenstein and want restaurant reservations at midnight .,1,4,1,0.00016831844,3,Usługi
what is the forecast in Bearmouth in Virgin Islands in 3 months,2,4,1,0.000281149,3,Usługi
I want to the latest ballad from Ira Losco,3,1,0,0.00017608811,3,Usługi
Is it going to be foggy at two am in Barberville,2,4,1,0.00015311498,3,Usługi
add Troy Andrews to my pop punk powerhouses,0,0,0,0.00018031373,3,Usługi
Book a taverna in Wisconsin for 2254 .,1,3,1,0.015418668,3,Usługi
Tell me if it will storm at my current location,2,4,1,0.00040170026,3,Usługi
Please book a room to accommodate one in 11 weeks near Bahamas restaurant,1,4,1,0.0002611144,3,Usługi
Play some music from 1989 by Sanjeev Abhyankar .,3,1,0,0.00013782574,3,Usługi
What is the humidity in Missouri City SC,2,4,1,0.00021467858,3,Usługi
play a new song from the seventies,3,1,0,0.00013215363,3,Usługi
Is it going to snow next year in WV,2,4,1,0.00035078044,3,Usługi
Book a reservation for 4 at a bar serving corn relish,1,4,1,0.00033799928,3,Usługi
book a taverna for me and jami,1,3,1,0.0022163072,3,Usługi
Show me the video game The Stillest Hour,5,3,0,0.0003064442,3,Usługi
"I need a highly rated oyster bar in AR in a month for jeanne collins, amy and I",1,4,1,0.0005907953,3,Usługi
Give the current saga three stars,4,2,0,0.00020254063,3,Usługi
What's the weather in Paulette Yemen,2,4,1,0.00015128368,3,Usługi
Is it warm in Fernley ?,2,4,1,0.00021405637,3,Usługi
Book a table for eight people at a bar that has steak sauce in Half Moon AMerican Samoa right now,1,4,1,0.00065051805,3,Usługi
book a manadonese restaurant for two,1,3,1,0.00030507887,3,Usługi
Find the game BlogBridge,5,3,0,0.00031709552,3,Usługi
I want lance king in my list called One Love,0,0,0,0.00016233564,3,Usługi
I rate the book Time and Stars two points,4,2,0,0.00018218084,3,Usługi
I want to add Black Ribbons to the i love my neo soul playlist,0,0,0,0.00016709063,3,Usługi
What's the weather like at Sunset Hills,2,4,1,0.00016493454,3,Usługi
Show movie times and movies in the area,6,4,0,0.00025254302,3,Usługi
I need to book a pub in Cammack Village Wyoming for a party of seven,1,4,1,0.0006624759,3,Usługi
Is Millions in the Air playing at the cinema,6,4,0,0.00016210809,3,Usługi
Rate this album zero of 6,4,2,0,0.00016956314,3,Usługi
"Please book seating for one person at an indoor restaurant that serves breakfast in Nicholasville , Tennessee",1,4,1,0.0003913597,3,Usługi
Find a reservation for 3 people,1,4,1,0.0002582665,3,Usługi
What will the weather be in nov. in Brookneal ?,2,4,1,0.00014373049,3,Usługi
Swine Not ? deserves four points,4,2,0,0.00017528296,3,Usługi
I'd like to see the movie Edinburgh Evening News,5,3,0,0.00016814035,3,Usługi
play Party Ben on Slacker,3,1,0,0.00013714969,3,Usługi
Tell me the weather forecast for Korona,2,4,1,0.24690379,3,Usługi
listen to Vertexguy track,3,1,0,0.00029493117,3,Usługi
Book a table for two at a restaurant faraway from office in California .,1,4,1,0.000996427,3,Usługi
Find a table at a pizzeria in New Hampshire that has parking,1,4,1,0.00023597741,3,Usługi
Tell me if it'll be colder next November in Granite-steppe lands of Buh,2,4,1,0.0017865576,3,Usługi
Is there rain now in Maine,2,4,1,0.00038609115,3,Usługi
book a restaurant for 6,1,3,1,0.00017854763,3,Usługi
What is the weather like in Hebbronville Venezuela,2,4,1,0.00016013965,3,Usługi
Book a restaurant in Swaziland in 1 hour .,1,4,1,0.00092041324,3,Usługi
Can you play a 1967 soundtrack on Slacker,3,1,0,0.00015152324,3,Usługi
The book the Gardens of the Moon deserves only 1 stars .,4,2,0,0.0001876839,3,Usługi
Tell me the weather forecast for Mokena,2,4,1,0.035280783,3,Usługi
I want to book the best pub for 6 in New Mexico,1,3,1,0.005399043,3,Usługi
I have six people who would like to eat at a cafe that serves american chinese cuisine in TX .,1,4,1,0.00039089166,3,Usługi
Book a restaurant that serves agnolotti in Colorado City Idaho .,1,3,1,0.16784146,3,Usługi
Book me a table at a hungarian delicatessen in North Dakota .,1,4,1,0.0014001959,3,Usługi
search for TV show Live at Apollo,5,3,0,0.00026508243,3,Usługi
find a nearby movie schedule for movies,6,4,0,0.00022949939,3,Usługi
Book a restaurant for 5 people.,1,3,1,0.00025537566,3,Usługi
Please book a restaurant for ten members near downtown at 2038,1,4,1,0.00042761443,3,Usługi
Play the best 1981 sound track from Ric Fierabracci,3,1,0,0.00014815216,3,Usługi
weather forcast for current location now,2,4,1,0.00027488676,3,Usługi
please add moon river to my metalcore playlist,0,0,0,0.00017138671,3,Usługi
Book reservations at the Laurelhurst Theater for a party of 7,1,4,1,0.00025615323,3,Usługi
What is the weather forecast for Boden,2,4,1,0.0014481648,3,Usługi
Go to the TV series Love Berry,5,3,0,0.00020464534,3,Usługi
Will there be a lot of sun in Dry Prong Somalia at 5 pm,2,4,1,0.00012015642,3,Usługi
Tell me if it'll be colder in Steptoe Battlefield State Park in one minute,2,4,1,0.0003393892,3,Usługi
"book spot for mavis, sheila and I in Syria at elevenses",1,4,1,0.00019230464,3,Usługi
Play some music using slacker,3,1,0,0.00013917827,3,Usługi
What's the weather forecast for here in august ?,2,4,1,0.00039848796,3,Usługi
Tell me if it will hail in Kyrgyzstan,2,4,1,0.0008178209,3,Usługi
Show me Born in America ?,5,3,0,0.00015808461,3,Usługi
rate the current saga a 4,4,2,0,0.0001933619,3,Usługi
Will it be sunny in Spain on 3/26/2023 ?,2,4,1,0.00020547355,3,Usługi
What is the forcast now in Kansas,2,4,1,0.00021718325,3,Usługi
"Can you play something from the fourties , preferably a symphony ?",3,1,0,0.00018009976,3,Usługi
I want to eat at a brasserie that has internet near Greenland at elevenses .,1,4,1,0.00014956889,3,Usługi
what is the weather of Nebraska,2,4,1,0.0003878346,3,Usługi
overcast on State Holiday in Pawling Nature Reserve and neighboring places,2,4,1,0.0002706069,3,Usługi
"What is the midday weather forecast for Chalkyitsik , Palestine",2,4,1,0.0005146371,3,Usługi
Is the forecast hot in 1 hour in Leasburg ?,2,4,1,0.00017854077,3,Usługi
Book a popular restaurant for 5 people,1,3,1,0.00057792896,3,Usługi
find a game called So Long Self,5,3,0,0.0002581965,3,Usługi
table for Breadline Cafe in Minnesota next friday,1,4,1,0.00015578781,3,Usługi
"What will the weather be like on january 16, 2030 in Rainbow Falls State Park",2,4,1,0.0002759361,3,Usługi
I'd like to hear the song Daimidaler Prince vs Penguin Empire,5,3,0,0.00015383073,3,Usługi
give two out of 6 points to current textbook,4,2,0,0.00018361087,3,Usługi
What will the weather be at nine am in HI ?,2,4,1,0.0001413857,3,Usługi
what's the nearest movie house showing films,6,4,0,0.00025155736,3,Usługi
"book a english pub for me, belinda and dena close-by Syria next dec .",1,3,1,0.0012989269,3,Usługi
Will there be wind in Loyola ?,2,4,1,0.00021943501,3,Usługi
forecast for Israel,2,3,1,0.00030978108,3,Usługi
Open Zvooq and play the best songs from Device,3,1,0,0.00015345126,3,Usługi
Will it be overcast next summer not far from Redington Shores,2,4,1,0.0002599335,3,Usługi
Book a reservation for 5 people at the top-rated brasserie restaurant,1,4,1,0.0005982747,3,Usługi
"Book reservations at restaurant in Edgemoor NM on august 3, 2024",1,4,1,0.0003188606,3,Usługi
What's the weather going to be like in a week at Big Walnut Creek Nature Preserve ?,2,4,1,0.00018258412,3,Usługi
I want a table for five at a restaurant with latin food in Arkansas for 1 hour from now,1,4,1,0.00030246406,3,Usługi
Will there be a blizzard in White House Curacao,2,4,1,0.000264981,3,Usługi
show me Chasing a Feeling painting,5,3,0,0.00020465531,3,Usługi
What films are playing at the nearest movie theatre,6,4,0,0.00023910531,3,Usługi
Add viktor merjanov to california rock state,0,0,0,0.00015881231,3,Usługi
Want to know the hot weather situation in Netherlands december 4 .,2,4,1,0.032820046,3,Usługi
book a restaurant for november 19,1,3,1,0.00015906477,3,Usługi
What will the weather be like this Week close-by Saudi Arabia,2,4,1,0.0002785161,3,Usługi
I'd like to book a table at a restaurant for a group of 4,1,4,1,0.0013431453,3,Usługi
forecast for Addo-Elefanten-Nationalpark,2,4,1,0.0057302294,3,Usługi
"What will the weather conditions be in Hahntown , Wyoming at 1 ?",2,4,1,0.00014124661,3,Usługi
I want to book seats for 2 at churrascaria using the internet,1,4,1,0.00029741958,3,Usługi
What's the weather forecast for New Zealand ?,2,4,1,0.010113452,3,Usługi
Book a table for cherie and josephine in Indonesia,1,3,1,0.022480171,3,Usługi
Will it be warmer at sunrise in Jeffrey City ?,2,4,1,0.00016958396,3,Usługi
Will there be a cloud in Kiribati,2,4,1,0.00038897636,3,Usługi
Is there a snowstorm in the forecast for Saint Helena ?,2,4,1,0.00037315485,3,Usługi
I want to hear Ding Dong Bell on groove shark,3,1,0,0.0001293466,3,Usługi
put this song in the playlist Trap Land,0,0,0,0.00016594098,3,Usługi
What's the weather forecast for Sequoyah National Wildlife Refuge,2,4,1,0.00074395124,3,Usługi
Book me a reservation for a bar that serves lobster roll in OR,1,4,1,0.00096692634,3,Usługi
"Pull up the TV show , 40 Seasons The Best of Skid Row",5,3,0,0.00024301751,3,Usługi
"will it rain on Jan. 18th, 2029 in Kanopolis Arkansas",2,4,1,0.0004972012,3,Usługi
what will the weather be in Norway at sunset,2,4,1,0.000144424,3,Usługi
Play the concert from Philip Oakey 1973 concert on Netflix,3,1,0,0.00011927753,3,Usługi
Play some Jungle music on iheart,3,1,0,0.00012525168,3,Usługi
Book an outdoor restaurant .,1,3,1,0.00034366397,3,Usługi
"What will the weather be in Rutherfordton Rhode Island on September 22nd, 2017 ?",2,4,1,0.00019353942,3,Usługi
Check the weather forecast for Pineridge .,2,4,1,0.002456299,3,Usługi
book a bistro for 4 at sunset,1,4,1,0.00030037208,3,Usługi
what time is Bhoot Returns showing at Douglas Theatre Company,6,4,0,0.00016195506,3,Usługi
Find a reservation for a tea house in Lorain,1,4,1,0.00023231984,3,Usługi
Play some Drum & Bass,3,1,0,0.00022324816,3,Usługi
Is it cold in PW ?,2,4,1,0.00018142017,3,Usługi
What's the weather in Pugu Hills Forest Reserve,2,4,1,0.0001960682,3,Usługi
Will it be temperate in the same area in VI,2,4,1,0.0002892612,3,Usługi
I want these are the days added to my spotlight spain 2016 playlist.,0,0,0,0.00017820892,3,Usługi
Find a table for five at Harveys in De Berry ID on April the 10th,1,4,1,0.00015063594,3,Usługi
What is the weather like in Detroit,2,4,1,0.00020295184,3,Usługi
Will weather conditions be stormy here from 6/15/2025 onward.,2,4,1,0.00022985658,3,Usługi
Tell me if it'll be temperate in 8 seconds in Guatemala,2,4,1,0.00035706715,3,Usługi
What's the forecast for Wendell ?,2,3,1,0.0035646975,3,Usługi
Book a restaurant near the City of Wakefield for 5 people.,1,3,1,0.0046567083,3,Usługi
I need a table for 3 in AK .,1,4,1,0.0005999161,3,Usługi
put Pause on my Días de Frío playlist,0,0,0,0.00017204706,3,Usługi
what is the forecast for hotter weather at Southford Falls State Park,2,4,1,0.00023696065,3,Usługi
Play some songs from the fifties,3,1,0,0.00012475846,3,Usługi
what is the nearby forecast for here at 152611,2,4,1,0.00029436057,3,Usługi
add tune to my relax & unwind playlist,0,0,0,0.00015990839,3,Usługi
Forecast for my current location at 6,2,4,1,0.00017941838,3,Usługi
show movie schedule at Cinemark Theatres,6,4,0,0.00021835002,3,Usługi
Will it be hot two seconds from now in neighboring West Clear Creek Wilderness,2,4,1,0.00015296484,3,Usługi
I want to book a delicatessen serving testaroli in Somalia for 7/25/2027 .,1,4,1,0.005388142,3,Usługi
Add De Principii Evangelikum to my Domingo Indie palylist,0,0,0,0.0001552888,3,Usługi
Is A Short Film About Killing at North American Cinemas,6,4,0,0.0004254158,3,Usługi
"I need the weather in Hubbardston , will it be chillier ?",2,4,1,0.00019846045,3,Usługi
find Sweet Sensation,5,4,0,0.00093997834,3,Usługi
weather for Lowden OK,2,4,1,0.00012496681,3,Usługi
"I'd like a table in a smoking room in a taverna on sep. 23, 2023",1,4,1,0.0005134894,3,Usługi
I need a table in Iron Gates in one minute at the Weathervane Restaurant,1,4,1,0.00018117085,3,Usługi
Show me The Courts of Chaos,5,3,0,0.00027873256,3,Usługi
What will the humidity be in Varnado Georgia at one am,2,4,1,0.0001548246,3,Usługi
Will it be rainy nine weeks from now close to the Matlacha Pass National Wildlife Refuge,2,4,1,0.00024239576,3,Usługi
"book a table in Mississippi on May nineteenth, 2034 for me, silvia and sandy",1,3,1,0.015953517,3,Usługi
book an osteria in North Salt Lake for three,1,3,1,0.0029653972,3,Usługi
find the show Go with the Flow,5,3,0,0.00021510679,3,Usługi
"Reserve a table for 3 people at The Cubby Bear ,  in Comoros .",1,4,1,0.00027154933,3,Usługi
I need to know the weather for San Martin,2,4,1,0.00018373616,3,Usługi
what films are showing at Century Theatres,6,4,0,0.00023107554,3,Usługi
what is the Gearhart forecast,2,3,1,0.0004316761,3,Usługi
Rate the current saga a five,4,2,0,0.00017545844,3,Usługi
rate First Man The Life of Neil A. Armstrong three of 6,4,2,0,0.00020744247,3,Usługi
give 4 star for this album,4,2,0,0.00017563014,3,Usługi
add git to Domingo Indie,0,0,0,0.00015228405,3,Usługi
Check the weather forecast for Sappho,2,4,1,0.0020058178,3,Usługi
I need a table at The Middle East in MN for a party of 6,1,4,1,0.00032403384,3,Usługi
find the song Ticks,5,3,0,0.00012888183,3,Usługi
will there be fog Tonight at Beamer Memorial Conservation Area,2,4,1,0.00022172712,3,Usługi
play Dick Marx,3,1,0,0.0001492961,3,Usługi
"what is the forecast starting on september 1, 2039 for chillier conditions in AK",2,4,1,0.0003669774,3,Usługi
"What is the weather forecast tomorrow in French , UT ?",2,4,1,0.0188467,3,Usługi
What will the weather be like this tuesday in the area neighboring Rendezvous Mountain Educational State Forest ?,2,4,1,0.00023478546,3,Usługi
book a spot for three at a bakery in Grand Portage,1,4,1,0.0003261819,3,Usługi
Add another album to my keep calm playlist.,0,0,0,0.0001804916,3,Usługi
I need a reservation for four this year at a restaurant,1,4,1,0.00021484133,3,Usługi
add this song to the Pre-Party playlist,0,0,0,0.00017804024,3,Usługi
Book a reservation for me and my step brother at AMT Coffee in Lakemoor,1,4,1,0.00029707974,3,Usługi
Put horace silver and the jazz messengers on my running to rock 170 to 190 bpm playlist,0,0,0,0.00016562078,3,Usługi
What's the weather in Mettawa Oklahoma,2,4,1,0.0001584085,3,Usługi
"Is it cold in Breckenridge , Colorado ?",2,4,1,0.0001988841,3,Usługi
Find the schedule for films at night at Great Escape Theatres .,6,4,0,0.00019232508,3,Usługi
Find a reservation for a highly rated brasserie for me and my step sister,1,3,1,0.0006699556,3,Usługi
"What's the weather for April 10th, 2028 in Arkansas",2,4,1,0.00015240682,3,Usługi
show weather forecast in Kenya,2,3,1,0.00018733107,3,Usługi
"Is it hot in Gold Beach , Bahrain ?",2,4,1,0.00018497584,3,Usługi
Find a video game called New York 911 .,5,3,0,0.00028397335,3,Usługi
Please book me a table at a food court faraway from Saint Kitts and Nevis .,1,4,1,0.0008112062,3,Usługi
Book a reservation for seven people at a highly rated restaurant that serves moroccan food in East Greenville,1,4,1,0.0006582637,3,Usługi
Will it get warmer in the same area as Sandy Point National Wildlife Refuge,2,4,1,0.0020254967,3,Usługi
I want to give The Cat Who Walks Through Walls a 1,4,2,0,0.00021277428,3,Usługi
What will the rainfall be in 1 second at Roy Lake State Park,2,4,1,0.00029491415,3,Usługi
Find a table for two in a place not far in Culdesac,1,4,1,0.00027100553,3,Usługi
table at Nankin Cafe fr one,1,4,1,0.00020746847,3,Usługi
What's the weather forecast in Guadeloupe eleven weeks from now ?,2,4,1,0.00030037935,3,Usługi
play My Back Pages by Paul Young on vimeo,3,1,0,0.00017922997,3,Usługi
this series gets 2 out of 6 stars,4,2,0,0.0001937406,3,Usługi
Book a table over the internet for six at a food truck in Vanuatu for two pm,1,4,1,0.0002524928,3,Usługi
Book a restaurant for one person at three pm,1,4,1,0.00018524825,3,Usługi
whats the weather in Blythewood Louisiana,2,4,1,0.00013261124,3,Usługi
Make me a reservation in Hardesty at a joint the is indoor,1,4,1,0.0001705098,3,Usługi
I need a bakery that serves beef manhattan at midnight for nine,1,4,1,0.00047767782,3,Usługi
Can you make reservations at a restaurant that serves mashed pumpkin for six PM,1,4,1,0.00019870911,3,Usługi
Please make reservations for a bar close-by in Lake Alfred .,1,4,1,0.00054434425,3,Usługi
what is the forecast for Wren for freezing weather,2,4,1,0.0005413184,3,Usługi
I'd like a table at a top-rated tea house with javanese cuisine this week in Germany,1,4,1,0.00039007448,3,Usługi
What will the weather be in the current place 1 minute from now ?,2,4,1,0.00017071348,3,Usługi
Book The Mustard Seed in Turks and Caicos Islands for 9 people.,1,3,1,0.0007367802,3,Usługi
What is the forecast for Wyoming at Stanardsville during the storm,2,4,1,0.00021495186,3,Usługi
play a top Ryuichi Kawamura chant on Groove Shark,3,1,0,0.00016851652,3,Usługi
at ten AM I want to reserve a spot for 9 people to eat in Monaco .,1,4,1,0.00017986973,3,Usługi
Is it going to get chillier near Hocking State Forest,2,4,1,0.00040897154,3,Usługi
what is the Orlovista forecast for midday within walking distance,2,4,1,0.00055425114,3,Usługi
Will there be snowfall in Kitlope Heritage Conservancy,2,4,1,0.0002733007,3,Usługi
find Death Is Called Engelchen at Neighborhood Cinema Group,6,4,0,0.00017942078,3,Usługi
in Delanson 1 hour from now reserve a table for four,1,4,1,0.0002683565,3,Usługi
Can you tell me if it'll be freezing in Wrightstown in seven years ?,2,4,1,0.0046785558,3,Usługi
What will the weather be in Ohio ?,2,4,1,0.00016846656,3,Usługi
What is the forecast in Heber,2,4,1,0.00036589705,3,Usługi
"What will the weather be like on August 1, 2026 in Maryland",2,4,1,0.00028914615,3,Usługi
find a television show called Sensation Comics,5,3,0,0.0002941291,3,Usługi
show me the schedule of films close by,6,4,0,0.00026922213,3,Usługi
Book a table for seven in a pub in Iraq which offers gluten free food about 141 days from now .,1,4,1,0.016213404,3,Usługi
Please let me know the weather forecast in Louisiana state,2,4,1,0.0008698952,3,Usługi
book spot for 7 at an indoor restaurant in MP now,1,4,1,0.00016969228,3,Usługi
Open pandora and play the top five melody by Hanna Sjedokowa,3,1,0,0.00017102071,3,Usługi
Book a restaurant in Donnelly,1,3,1,0.00046575846,3,Usługi
"give me the weather forecast for Lower Lake on sep. 21, 2038",2,4,1,0.0005295706,3,Usługi
will it be chillier in Ruskin,2,4,1,0.00019282145,3,Usługi
Will it be temperate in Tanana France in a week,2,4,1,0.00021587388,3,Usługi
What weather will it be in Battlement Mesa ?,2,4,1,0.00014168487,3,Usługi
"book Helianthushof in Hurffville , NJ",1,3,1,0.04332452,3,Usługi
Find a television show called Twisted .,5,3,0,0.00033146658,3,Usługi
what will the weather be in FL on 1/11/2030,2,4,1,0.00016642702,3,Usługi
in 1 week is there going to be a depression in Washington,2,4,1,0.0004102899,3,Usługi
What is the cloud coverage in my current place,2,4,1,0.015111061,3,Usługi
Tell me the films playing at the closest movie house to me,6,4,0,0.00023017479,3,Usługi
where is The Adventure of the Yellow Curl Papers playing,6,4,0,0.00034447867,3,Usługi
Play 2004 on pandora,3,1,0,0.00013476051,3,Usługi
I need a table for one,1,4,1,0.00062152883,3,Usługi
Will it be snowy in Florewood State Park ?,2,4,1,0.00039250765,3,Usługi
Book a reservation for Can Fabes nearby Namibia,1,4,1,0.0017747667,3,Usługi
what is the weather forecast in 11 seconds for Frederick Douglass National Historic Site,2,4,1,0.00021640248,3,Usługi
add The Darkest Red to this is jennifer lopez,0,0,0,0.00016131789,3,Usługi
Is it going to be sunny at 21 o'clock close-by District Of Columbia ?,2,4,1,0.0001455548,3,Usługi
book a Boon Brick Store for my grandkid and I at Evans Mills,1,4,1,0.0013347105,3,Usługi
Book a restaurant not far in Milladore for 6 people.,1,4,1,0.00042342264,3,Usługi
I would like to book a restaurant within the same area as Myrtle Av for 6,1,4,1,0.0035579554,3,Usługi
Is there a snowstorm in Russia,2,4,1,0.0008139965,3,Usługi
Play 30 Greatest Hits,5,1,0,0.0002068423,3,Usługi
Add ana carolina to chill,0,0,0,0.00016353626,3,Usługi
Play Spotify,3,1,0,0.0001274271,3,Usługi
I want to book a restaurant in Neshanic Station Nigeria for 061813 pm,2,4,1,0.00025324195,3,Usługi
What is the weather like in Hurstville ?,2,4,1,0.00019759698,3,Usługi
Search for the Un provinciale a New York TV show,5,3,0,0.00031229784,3,Usługi
Is it freezing this evening in Maunabo United States,2,4,1,0.00017660194,3,Usługi
Weather in Selinsgrove,2,4,1,0.00013364706,3,Usługi
What is the Michael Moore Is a Big Fat Stupid White Man video game ?,5,3,0,0.00042080152,3,Usługi
show the closest movie theatre that shows Boycott,6,4,0,0.0002288263,3,Usługi
"What is the weather going to be like in Klondike Gold Rush National Historical Park on february the 28th, 2034 ?",2,4,1,0.00022892222,3,Usługi
Where can I find a copy of I Bury the Living ?,5,3,0,0.0002499435,3,Usługi
"Is it warmer now in Wetumpka , Mauritania ?",2,4,1,0.00020600091,3,Usługi
Is it going to be sunny at five pm in Chatyrkul Wildlife Refuge,2,4,1,0.00015357057,3,Usługi
Please search for Sealed with a Kiss movie .,5,3,0,0.00018908395,3,Usługi
What was the weather in my current position last October,2,4,1,0.00033993152,3,Usługi
is it going to be humid in Helix,2,4,1,0.00026735113,3,Usługi
I want to book a steakhouse in Vimy Ridge .,1,3,1,0.04526362,3,Usługi
"When it comes to Dukes and the District Of Columbia , what will the weather be in one hour",2,4,1,0.00020752852,3,Usługi
Schedule the food truck to be at your place in the distant future.,1,4,1,0.00014824884,3,Usługi
Book me a table for seven people at a bar with a pool .,1,4,1,0.00044550878,3,Usługi
"Check the forecast for Zena , Arkansas on Last Day Of Passover .",2,4,1,0.00076341606,3,Usługi
show movie times,6,4,0,0.00026463188,3,Usługi
Book a reservation for my parents and I at Red Crown Tourist Court in Slovakia,1,4,1,0.00025564042,3,Usługi
"Book a reservation for five people at a restaurant with pool in Benkelman , MI in Apr.",1,4,1,0.00040330327,3,Usługi
Book reservations not far from our neighborhood for a party of 2,1,4,1,0.0020566145,3,Usługi
book a spot for me and sonja at a popular pizzeria,1,4,1,0.00037853402,3,Usługi
Make a reservation for four at a pub in Sugarville .,1,4,1,0.00020397615,3,Usługi
What time is Hitman City playing,6,4,0,9.853419e-05,3,Usługi
show creative trailer of The Sword of the Lord,5,3,0,0.00043083387,3,Usługi
book at The Halal Guys on Oct. 17,1,4,1,0.000116346775,3,Usługi
Is Fighting With Buffalo Bill playing at the closest movie house,6,4,0,0.00016612027,3,Usługi
book a spot for 9 in thirty three days at Ringlestone Inn close to Grenada,1,4,1,0.00016701427,3,Usługi
Get me a reservation for two at a restaurant which serves burger .,1,4,1,0.00022456082,3,Usługi
book a restaurant for 8,1,3,1,0.00018487776,3,Usługi
Book a tavern in Colorado for two,1,3,1,0.00042530982,3,Usługi
"book spot for four at Cliff House, San Francisco in Martinique",1,4,1,0.00012944324,3,Usługi
"Book a restaurant in Goshenville PR for October 16, 2038 .",1,4,1,0.0076396777,3,Usługi
Play a song by Electric Tones from their Kurutta Taiyō album on Last Fm,3,1,0,0.0001475771,3,Usługi
find the picture Ultima VI The False Prophet,5,3,0,0.0002885622,3,Usługi
I would give French Poets and Novelists a best rating of 6 and a value of three,4,2,0,0.0002112244,3,Usługi
"What's the weather forecast for Winnfield , Georgia ?",2,4,1,0.0010473523,3,Usługi
Play Songs Of Heaven by ami koshimizu,3,1,0,0.00016190809,3,Usługi
"book for six on jan. 18, 2029",1,3,1,0.0020105643,3,Usługi
Reserve a table for two at a restaurant which serves creole around here in Myanmar .,1,4,1,0.0002854653,3,Usługi
Show me the album Andrews University Seminary Studies,5,3,0,0.00026636844,3,Usługi
book me top-rated restaurant for 9 members for midnight at Fair Bluff RI,1,4,1,0.0019314643,3,Usługi
Weather for here right now,2,4,1,0.00012776341,3,Usługi
book a spot for 3 at the pizza place,1,4,1,0.00025410476,3,Usługi
What's the forecast for AL twenty one minutes from now ?,2,4,1,0.0003261283,3,Usługi
what is the forecast for warm weather in Carl,2,4,1,0.00024856697,3,Usługi
What will the weather be here ?,2,4,1,0.00017464295,3,Usługi
Play the greatest Nicholaus Arson concerto from around 2000,3,1,0,0.00015166585,3,Usługi
add keltech to my 70s road trip playlist,0,0,0,0.00016873091,3,Usługi
book some indonesian food truck food that is not far for a party of 8 in IA,1,4,1,0.004740267,3,Usługi
award this current novel 0 points,4,2,0,0.00018343015,3,Usługi
Play me the soundtrack Ready,5,3,0,0.00016443984,3,Usługi
Give this current book zero out of 6,4,2,0,0.0002006722,3,Usługi
Book a reservation for irene and rosella at The Room in the Elephant in Israel,1,4,1,0.00044959586,3,Usługi
book a table at Black Rapids Roadhouse in Antarctica for nine,1,4,1,0.00021961526,3,Usługi
Add Cleo Laine to psychedelic rock,0,0,0,0.0001611592,3,Usługi
Can you get me reservations for a highly rated restaurant in Seychelles,1,4,1,0.0014086348,3,Usługi
Play me something by Funtwo,3,1,0,0.00016984816,3,Usługi
I want a table for 9 in Loyola at Gus Stevens Seafood Restaurant & Buccaneer Lounge,1,4,1,0.00028138075,3,Usługi
Please get me a reservation at a restaurant with a pool for manuela and yvonne,1,4,1,0.00023010174,3,Usługi
add this Ricardo Villalobos track to under the surface,0,0,0,0.0001557454,3,Usługi
Book the Bobcat Bite .,1,3,1,0.0002456042,3,Usługi
what's the weather like in El Salvador on wed .,2,4,1,0.00036057865,3,Usługi
will the weather be warm far from Niger at 15 o'clock,2,4,1,0.00013008346,3,Usługi
Is it supposed to be chilly in DE tonight ?,2,4,1,0.00024283752,3,Usługi
Is it going to be hot in Karthaus at 7 AM ?,2,4,1,0.00015002722,3,Usługi
What are the movies showing in the neighbourhood,6,4,0,0.0002565205,3,Usługi
Rate this book 0 of 6 points,4,2,0,0.00020393125,3,Usługi
Book a jewish churrascaria in Minnesota for 9 people.,1,3,1,0.036212582,3,Usługi
I want eat at the best spanish restaurant in the Georgia area that is within walking distance for me and my nephew at noon,1,4,1,0.00018150541,3,Usługi
Find me the movie times,6,4,0,0.00023793703,3,Usługi
book a table at 043628 at the northeast indian restaurant,1,4,1,0.0002811101,3,Usługi
play Piano Ballads on Netflix,3,1,0,0.00013794634,3,Usługi
I would like to book Thomas Hynes House for 6 in Minnesota,1,3,1,0.00068825454,3,Usługi
"The Night Lamp was ok at best, two stars out of 6 possible.",4,2,0,0.00018076132,3,Usługi
Tell me the weather forecast in 4 years and a half in GA,2,4,1,0.00044222758,3,Usługi
Book reservations at a restaurant in Olton around supper time,1,4,1,0.00018493226,3,Usługi
I want a restaurant in Idaho for 2 of us.,1,4,1,0.0023581646,3,Usługi
I want to give this book a rating of 2 points out of 6 .,4,2,0,0.000215917,3,Usługi
play 1977 good track tunes,3,1,0,0.00014685479,3,Usługi
Play music from 1969 on lastfm .,3,1,0,0.00011892849,3,Usługi
Is it warm in Botna,2,4,1,0.00017580757,3,Usługi
Rate the current textbook 4 out of 6 points,4,2,0,0.00019383631,3,Usługi
Add Troy van Leeuwen to my nu metal list,0,0,0,0.00015773522,3,Usługi
what is the weather forecast for Ridge Farm New York,2,4,1,0.0013933622,3,Usługi
Will it be chillier in Portugal in one hour ?,2,4,1,0.00019829487,3,Usługi
party of two for a food truck on december 22 that serves chicken french in Bolivia,1,4,1,0.0009744714,3,Usługi
book a table for a party of 7,1,3,1,0.0022926317,3,Usługi
Rate Myths of the Near Future three points,4,2,0,0.00018315787,3,Usługi
I need a reservation for the Oasis Drive-In for a party of four,1,4,1,0.00043402426,3,Usługi
Is it warm in Sierra Blanca now,2,4,1,0.0001977306,3,Usługi
Add sammy hagar to Ultra Metal,0,0,0,0.00015273127,3,Usługi
I'd like to eat at the best restaurant,1,4,1,0.0001671937,3,Usługi
What will the weather be like 20 minutes from now in Homestead Meadows in Martinique,2,4,1,0.00017961212,3,Usługi
Book a party for 7 at a food court with potato salad in Alabama in eleven hours,1,4,1,0.00020833011,3,Usługi
Please make reservations for three at a kosher taverna nearby our secondary residence,1,4,1,0.000239188,3,Usługi
is it going to blizzard at my current position,2,4,1,0.00016850393,3,Usługi
What's the forecast for Gamaliel,2,4,1,0.013797701,3,Usługi
Can you provide me with movie schedules for Century Theatres ?,6,4,0,0.00023817905,3,Usługi
is Cape Mount Nature Conservation Unit has storm weather,2,4,1,0.0003831354,3,Usługi
Play music by blowfly from the seventies,3,1,0,0.00013476868,3,Usługi
"What is the weather forecast for Colfax , Senegal on 1/1/2031",2,4,1,0.00040280164,3,Usługi
What will the weather be in Grand Coteau UT at six pm ?,2,4,1,0.00013307719,3,Usługi
Give The Crystal Snare 5 stars,4,2,0,0.00017692009,3,Usługi
"I need a table for 1 at a highly rated restaurant next autumn in Emmons , RI",1,4,1,0.00037671087,3,Usługi
I want to book a table for a party of 4 at a taverna next spring .,1,4,1,0.0004357095,3,Usługi
what is the forecast for Lille in Norway,2,4,1,0.0028095678,3,Usługi
what is the 7 day for Cheat Canyon Wildlife Management Area,2,4,1,0.00029002302,3,Usługi
Book me a reservation for a mediterranean restaurant on Confederate Memorial Day nearby Ocean Grove,1,4,1,0.0005771193,3,Usługi
"Will it be hot in the Cayman Islands on November 12th, 2035",2,4,1,0.00018416322,3,Usługi
I want top-rated veneto cuisine at a restaurant in Antietam for 2 .,1,2,1,0.00024837354,3,Usługi
Play a tune by Andrew Findon,3,1,0,0.00013850149,3,Usługi
Add Kd lang to my Deep Focus playlist,0,0,0,0.00016578991,3,Usługi
add naomi schemer to my Hanging Out and Relaxing,0,0,0,0.00016741459,3,Usługi
What is the weather forecast for Cistern,2,4,1,0.00052702083,3,Usługi
Add all together now to my playlist the road to punk rock,0,0,0,0.00018952347,3,Usługi
What are the movie schedules for Santikos Theatres ?,6,4,0,0.00020512828,3,Usługi
give zero rating to The Deed of Paksenarrion,4,2,0,0.00015620093,3,Usługi
Weather next year in Canada,2,4,1,0.0004883831,3,Usługi
Play some gothic rock .,3,1,0,0.000185998,3,Usługi
I'd like to see the trailer Tony Parker,5,3,0,0.00025116958,3,Usługi
Where can I watch the trailer of the National Treasures - The Complete Singles,5,3,0,0.00027533693,3,Usługi
"book a table not far in WY at a gastropub with internet for me, jenny and antoinette in one week",1,4,1,0.00025369937,3,Usługi
What movies are playing at Regal Entertainment Group,6,4,0,0.00017997001,3,Usługi
Find me a table for 8 somewhee in Hollenberg in nine weeks,1,4,1,0.00016159481,3,Usługi
I'd like to eat with a party of 8 in Hitchita OR,1,4,1,0.0002795073,3,Usługi
How will the weather be in New Mexico around 000907 am ?,2,4,1,0.00013259807,3,Usługi
Book a reservation for a restaurant not far from MA,1,4,1,0.0013190462,3,Usługi
Book a reservation for ten at a restaurant in AMerican Samoa at 2 am,1,4,1,0.00023030501,3,Usługi
please put this track onto letha's signed xoxo playlist,0,0,0,0.00017908042,3,Usługi
I would like a table for jacqueline wilson and deanna at David Carpenter House in Uncas FM,1,4,1,0.0002077501,3,Usługi
What's the weather in Belize close to ten pm,2,4,1,0.00013625585,3,Usługi
Will it be chilly in MA 12 days from now,2,4,1,0.00019769746,3,Usługi
Book me a table for me and my nephew near my location at an indoor pub,1,4,1,0.00024472666,3,Usługi
where can i see A Slice of Life,6,4,0,0.0002734706,3,Usługi
Play Bob Hilliard top-twenty music,3,1,0,0.0001250061,3,Usługi
What's the weather forecast for next week at my current position ?,2,4,1,0.00030696337,3,Usługi
I want to listen to an ep from 1998 .,3,1,0,0.00014800616,3,Usługi
Find the schedule for movie times for movies around here .,6,4,0,0.00019901,3,Usługi
I need a table for 1 minute from now at any pub for five around IN that also serves fisn'n chips .,1,4,1,0.00023532413,3,Usługi
What is the weather like in Cameroon,2,4,1,0.00023612629,3,Usługi
What's the weather forecast for Croatia on jul. 25th,2,4,1,0.0003765662,3,Usługi
need a table at Uncommon Grounds Coffeehouse at eleven for nine,1,4,1,0.00017390146,3,Usługi
show weather forecast in AS,2,3,1,0.00017022442,3,Usługi
Book a brasserie restaurant at 1828 and order wings .,1,4,1,0.0027427145,3,Usługi
Rate the current album 3 points,4,2,0,0.00019157602,3,Usługi
Book a restaurant in the Dominican Republic in one minute for a party of eight,1,4,1,0.00037359525,3,Usługi
Play a top symphony sort form 1959 by Stuart Garrard .,3,1,0,0.00013422237,3,Usługi
what is the Posey Island State Park forecast for colder temps at meal time,2,4,1,0.0002832828,3,Usługi
book french food for me and angeline at a restaurant,1,3,1,0.0012172954,3,Usługi
Weather forecast for snowstorm on Feb. fourth in Virgin Islands,2,4,1,0.00035367688,3,Usługi
Book a table for tomorrow for five people.,1,3,1,0.00021151622,3,Usługi
Book a table for three people at John Pearson Soda Works in Mauritius .,1,4,1,0.00051622716,3,Usługi
Find a reservation for three at a top-rated restaurant,1,4,1,0.00019967761,3,Usługi
"Is there a blizzard coming to North Bonneville , OH around 10 o'clock ?",2,4,1,0.00024301634,3,Usługi
I need a time of 21 minutes from now for here,2,4,1,0.00017768322,3,Usługi
What's the weather forecast for Porphyry Island Provincial Park right now,2,4,1,0.00040645755,3,Usługi
Book a restaurant in Almyra in 10 years,1,4,1,0.024243101,3,Usługi
will it be getting warmer in Rainbow Falls Provincial Park,2,4,1,0.00029382287,3,Usługi
"Please get me seating at the tavern in Red Lick , Michigan",1,4,1,0.0005007482,3,Usługi
What's the weather forecast for Devils Den ?,2,4,1,0.0019293386,3,Usługi
Find the schedule for The Cup Winner at the closest movie house .,6,4,0,0.00018495962,3,Usługi
show the creativity of Where What When,5,3,0,0.00025662506,3,Usługi
find the trailer for Live at Hull,5,3,0,0.00024088367,3,Usługi
Play some 1970 Antero Manninen on zvooq .,3,1,0,0.000137561,3,Usługi
"What's the weather forecast for Walsenburg , Vermont for July 13th ?",2,4,1,0.00037282327,3,Usługi
Will it get colder by 11 in Jacobsburg . Syria ?,2,4,1,0.0002343532,3,Usługi
"Is there a depression in Solromar on december 7, 2033",2,4,1,0.0015948393,3,Usługi
Is there snowfall in Hineston New Hampshire,2,4,1,0.00027705403,3,Usługi
What's the weather forecast for Bothe-Napa Valley State Park close by february 20 ?,2,4,1,0.00023160769,3,Usługi
Add this lbc crew tune to my Rock Argentino Vol I playlist,0,0,0,0.000159282,3,Usługi
Will it be nice in Reager MP,2,4,1,0.00023037815,3,Usługi
"Book a table at Carter House Inn in Saint Bonaventure , Alaska .",1,3,1,0.0018385919,3,Usługi
at 0 AM what will the weather be here,2,4,1,0.00012370612,3,Usługi
play The Catholic Sun album,5,3,0,0.00011446979,3,Usługi
Book a food truck in Argusville that has fish chips,1,3,1,0.005206443,3,Usługi
Will it be cold here in one hour ?,2,4,1,0.00022403218,3,Usługi
What aree the weather conditions not far from Poneto,2,4,1,0.00033663466,3,Usługi
I want to take my parents and I to eat some romagna at a brasserie in North Dakota,1,4,1,0.00036131075,3,Usługi
restaurant scandinavian in Grenada,1,4,1,0.0008564274,3,Usługi
How is the weather in Indian Creek Village ?,2,4,1,0.00013337865,3,Usługi
What will the weather be like in Arizona on october the 3rd,2,4,1,0.0005460968,3,Usługi
Find me the picture The Id,5,3,0,0.00021529658,3,Usługi
I want to eat mezes at the pub for 1 at four PM,1,4,1,0.00016985029,3,Usługi
what is the overcast forecast for Torrey Pines State Beach,2,4,1,0.0002800661,3,Usługi
Find me The Rise and Fall of the Great Lakes saga .,5,3,0,0.00040433183,3,Usługi
For the book Icon of Evil I rate a 2,4,2,0,0.00017442416,3,Usługi
Reserve a table for 8 in neighboring Hitchland .,1,4,1,0.02315488,3,Usługi
Will there be wind in ME ?,2,3,1,0.00045493423,3,Usługi
in a week make a reservation for a table of 7 in District Of Columbia,1,4,1,0.0002486953,3,Usługi
how much hotter will it be here tomorrow,2,4,1,0.00022436392,3,Usługi
book a restaurant for six at an outdoor cafe in Åland,1,4,1,0.0013157143,3,Usługi
want to watch the TV show Treeful of Starling,5,3,0,0.00020564285,3,Usługi
Rate this essay 4 of 6 stars,4,2,0,0.00020383213,3,Usługi
"book James D. Conrey House for madeleine, keisha and clara alvarez far from your colleague's college",1,3,1,0.00029317682,3,Usługi
Book restaurnt at N9NE Group in Loogootee UT,1,4,1,0.00043620865,3,Usługi
book a party at their campus within the same area for churrascaria,1,4,1,0.00031425248,3,Usługi
show chillier conditions next week in Camp Bird,2,3,1,0.00041888867,3,Usługi
Add Buddy Tate to just dance by aftercluv list,0,0,0,0.00018172746,3,Usługi
sofia phillips and winifred walker want to dine at a mughlai restaurant in LA on Nov. the 1st,1,4,1,0.0004365588,3,Usługi
Is Cradle Robbers playing at the nearest movie theatre,6,4,0,0.00017105631,3,Usługi
what is the Jan. 8 forecast for here,2,4,1,0.000965331,3,Usługi
Play  music from the thirties .,3,1,0,0.00012402926,3,Usługi
play chant music from 1993,3,1,0,0.00012115991,3,Usługi
What time is Mon Amour Shesher Kobita Revisited playing,6,4,0,0.00012166679,3,Usługi
Find the movie schedule for films in the area .,6,4,0,0.0002049271,3,Usługi
Book reservations at a tea house in Lodi with my granddaughter and I,1,4,1,0.00031082227,3,Usługi
book a spot for nine near Togo,1,4,1,0.0005650841,3,Usługi
Play The View From The Afternoon by Malese Jow on Last Fm,3,1,0,0.0001252265,3,Usługi
Play a song from 2003,3,1,0,0.00012091055,3,Usługi
Will it be warmer in CT,2,4,1,0.00018599513,3,Usługi
"Tell me the weather forecast for Huxley , MS",2,5,1,0.60655427,3,Usługi
Search for Live Forever The Rise and Fall of Brit Pop TV show,5,3,0,0.00027348835,3,Usługi
play music by Bonobo,3,1,0,0.00014657788,3,Usługi
Warren Island State Park distant Weather forecast for 11 am,2,4,1,0.00018103035,3,Usługi
Can you tell me the weather forecast for Denmark,2,5,1,0.8091897,3,Usługi
will it be colder in Cut MA tomorrow,2,4,1,0.00017885007,3,Usługi
book a restaurant for nine on 16 hours from now,1,4,1,0.00035347184,3,Usługi
Add this album to my pop playlist,0,0,0,0.00017055198,3,Usługi
Play music by mina caputo on Lastfm,3,1,0,0.00013729556,3,Usługi
Add louis nelson delisle to the pulse of americana,0,0,0,0.0001722258,3,Usługi
book a spot for one at a pub that serves som tam,1,4,1,0.0002795898,3,Usługi
What's the weather forecast close by Sligo ?,2,4,1,0.00018581725,3,Usługi
rate this novel a two,4,2,0,0.00017520167,3,Usługi
What will the weather be in Corcovado National Park on december the fifth ?,2,4,1,0.00019384274,3,Usługi
Will it be colder in Noblesville East Timor at 3 pm ?,2,4,1,0.00013272704,3,Usługi
what is the forecast for in 1 second at Monte Sereno for freezing temps,2,4,1,0.00020292081,3,Usługi
I want to book a restaurant near Wyoming for 5 people.,1,4,1,0.003500622,3,Usługi
book a tea house for 6 members with soul food,1,3,1,0.00068140443,3,Usługi
What's the weather like in Wyandotte Netherlands Antilles,2,4,1,0.00019969225,3,Usługi
need a table at a highly rated south tyrolean joint,1,4,1,0.0002271935,3,Usługi
"Check the forecast for Fernwood , MT .",2,4,1,0.0037743598,3,Usługi
I'd like to go to a halal restaurant in twenty minutes around the District Of Columbia and book seats for four,1,4,1,0.00022872652,3,Usługi
Show the movie schedules at KB Theatres,6,4,0,0.00023771307,3,Usługi
I'd like to eat at a pub in Arkport,1,4,1,0.00036410024,3,Usługi
Book a restaurant for ten in OK .,1,3,1,0.010229402,3,Usługi
show cloud forcast in 1 hour in IA,2,3,1,0.00027415913,3,Usługi
"The book Choper, Coffee, Gilson should get a zero",4,2,0,0.00016918921,3,Usługi
Tell me if there will be hail at tea time in Nordland,2,4,1,0.00014874777,3,Usługi
Find an album called Thursday Night Baseball .,5,3,0,0.00021890602,3,Usługi
Book a table for January the twentieth at a place far from your daughter's campus,1,4,1,0.0002578498,3,Usługi
Tell me when it will be hotter in China,2,4,1,0.00013215159,3,Usługi
Rate The Guilty 0 of 6 points,4,2,0,0.00020623274,3,Usługi
I need the forecast for close by Becharof National Wildlife Refuge in nine months,2,4,1,0.00042889203,3,Usługi
Will there be rainfall at one PM in Catahoula,2,4,1,0.00016821183,3,Usługi
What is the weather forecast for Waipio Acres,2,4,1,0.0003152253,3,Usługi
"book a spot for gay ramos, janice gonzales and I at a bar in Timbo",1,4,1,0.0020645382,3,Usługi
Will the weather be stormy in Aurora ?,2,4,1,0.00025503992,3,Usługi
Find a reservation at Boone Tavern for 4 people in 1024,1,4,1,0.00019184028,3,Usługi
Will it be overcast in seventeen minutes in the United Arab Emirates,2,4,1,0.00015096489,3,Usługi
book The Kegs Drive-In in 37 weeks in Saudi Arabia,1,4,1,0.00035428623,3,Usługi
Please make reservations in Yeager for seven am at a highly rated indian brasserie,1,4,1,0.00028153058,3,Usługi
Where can I find the work It Was Raining That Night ?,5,3,0,0.00018684748,3,Usługi
What is the closest movie house playing House of the Dead 2,6,4,0,0.00025032362,3,Usługi
Book a restaurant reservation in 6 weeks,1,4,1,0.00031610063,3,Usługi
What time is The Taking of Pelham 1 2 3 playing at the movie theatre,6,4,0,0.00017022605,3,Usługi
what is the Eugene T. Mahoney State Park forecast for 2 days from now,2,4,1,0.00052523863,3,Usługi
give 2 out of 6 to Smoke in the Forest,4,2,0,0.00018496008,3,Usługi
Put Jazzy B on Lazy Chill Afternoon playlist,0,0,0,0.00016741114,3,Usługi
Book a popular bar in Chowchilla,1,4,1,0.0012194825,3,Usługi
Book a restaurant for august fourth not far from the Marshall Islands .,1,3,1,0.0037096094,3,Usługi
Find me the movie schedules,6,4,0,0.00022135767,3,Usługi
Book something at a highly rated and distant cafe in Kazakhstan for two on April 21,1,4,1,0.0017511366,3,Usługi
Play some The Lady Is A Tramp from Timour Moutsouraev,3,1,0,0.00015754718,3,Usługi
Find a table at a restaurant in Bynum CA at 0959 PM,1,4,1,0.0001534689,3,Usługi
Can you pull up Channel M News,5,3,0,0.00013354361,3,Usługi
Add this marilyn manson tune to Latin Party Anthems,0,0,0,0.00017734557,3,Usługi
I want to hear soundtrack music on Youtube from Helena Iren Michaelsen,3,1,0,0.00013023536,3,Usługi
I want to book a restaurant close-by in Inman for five people.,1,4,1,0.0009979364,3,Usługi
book a table at the Irma Hotel in Mount Repose,1,4,1,0.001207324,3,Usługi
"What will the weather be in Montevallo on july ninth, 2018 ?",2,4,1,0.00017985376,3,Usługi
Find a table for 7 at a joint in OK that's far from here,1,4,1,0.00016286716,3,Usługi
"Tell me the weather forecast for Alexander , SD",2,5,1,0.62495583,3,Usługi
what is the forecast for beginning on nov. 17 for Franklinville,2,4,1,0.00030690344,3,Usługi
Please find me the movies playing nearby,6,4,0,0.00022135762,3,Usługi
I need a reservation for around London Borough,1,4,1,0.0005545588,3,Usługi
Can you give me the movie schedules for films close by ?,6,4,0,0.00026751988,3,Usługi
"book a table for jasmine, jeannie and leta",1,3,1,0.0002733113,3,Usługi
Weather at Bystrzyca Valley Landscape Park,2,4,1,0.00017558438,3,Usługi
"book a restaurant in McMurray on august seventeenth for marjorie vasquez, edith and martina",1,3,1,0.01035385,3,Usługi
What will the weather be in a month from now at my current location ?,2,4,1,0.00020154609,3,Usługi
What films are at the nearest movie theatre,6,4,0,0.0002587803,3,Usługi
what is the Pennsylvania forecast for Three Forks for midnight,2,4,1,0.00031008216,3,Usługi
Book a reservation for City Tavern in Long Bridge,1,4,1,0.0017255375,3,Usługi
Play something on my Classic Jazz Funk playlist on Zvooq,3,1,0,0.00031472495,3,Usługi
Find me a saga by Reproductions,5,3,0,0.00075855164,3,Usługi
when is Our Story showing next at North American Cinemas,6,4,0,0.0001789124,3,Usługi
book spot for six at 8 pm at a coffeehouse in NE that serves hog fry,1,4,1,0.00014249199,3,Usługi
Play music from 2007 .,3,1,0,0.00012115597,3,Usługi
what is the forecast for here and now,2,4,1,0.017071541,3,Usługi
Will it be foggy at sunset in Red Devil,2,4,1,0.00017452388,3,Usługi
book a restautant in North Dakota at a bistro that is indoor,1,4,1,0.00084369513,3,Usługi
Add artist to laundry,0,0,0,0.00018730768,3,Usługi
Will it be chilly in Fiji at ten pm,2,4,1,0.00015158362,3,Usługi
movie schedule at Speakeasy Theaters,6,4,0,0.00020916856,3,Usługi
Rate this album 2 stars,4,2,0,0.00017657511,3,Usługi
Find a saga called Story of My Life .,5,3,0,0.00034894314,3,Usługi
Book me a table at The Goof for a party of eight in the state of NV,1,4,1,0.00044821668,3,Usługi
add The Rough Guide to the Music of Eastern Europe to my This Is Philip Glass playlist,0,0,0,0.00019900272,3,Usługi
book a table for chasity and I in Vanuatu,1,3,1,0.00076235627,3,Usługi
Can you tell me the weather conditions for Patricia,2,4,1,0.00066285447,3,Usługi
TV series for The Thirty Nine Steps ?,5,3,0,0.00017266475,3,Usługi
"Will it be windy in Breaux Bridge , Turks and Caicos Islands eleven hours from now ?",2,4,1,0.0001749822,3,Usługi
show weather forcast here at 19,2,3,1,0.00040313718,3,Usługi
Please book a joint type restaurant room with spa facility to accommodate 8 members,1,4,1,0.0026484034,3,Usługi
Tell me if snow is in the forecast for Teterville,2,4,1,0.0004986534,3,Usługi
What is it like on 7/10/2023 in the current place,2,4,1,0.0006270314,3,Usługi
is it freezing in Prompton,2,4,1,0.00019630144,3,Usługi
Rate The Stars Shine Down 5,4,2,0,0.00016418414,3,Usługi
Play new melody by Kenji Ito on Itunes .,3,1,0,0.00016447721,3,Usługi
What is the weather forecast nearby SC,2,4,1,0.00023907244,3,Usługi
what is the forecast for a day from now in Liechtenstein,2,4,1,0.00042034677,3,Usługi
Play me a Xuefei Yang symphony on Groove Shark,3,1,0,0.00018670206,3,Usługi
I'd like to eat english cuisine at a restaurant in Ettrick,1,4,1,0.00028425368,3,Usługi
Rate the current novel a 0 out of 6 points,4,2,0,0.00020694033,3,Usługi
Show The Information A History picture,5,3,0,0.00040215254,3,Usługi
show me the painting Live – Very Live in Concert,5,3,0,0.00022631593,3,Usługi
I'm trying to find the game called Give Me My Remote .,5,3,0,0.0003441514,3,Usługi
Use netflix to play a record by Emil Gilels from year 2015,3,1,0,0.00013463455,3,Usługi
find the song Occasional Wife,5,3,0,0.00014456027,3,Usługi
What's the weather going to be like this autumn in CA ?,2,4,1,0.0002575999,3,Usługi
What's the weather 1 minute from now in Mount Nimba Strict Nature Reserve,2,4,1,0.00022547212,3,Usługi
Reserve a table for teresa and elnora at a fast food joint which serves fish and chips,1,4,1,0.00021441876,3,Usługi
what is the Cameia National Park forecast for in one minute and 1 second,2,4,1,0.00027731387,3,Usługi
I need a reservation for an indoor restaurant in China,1,4,1,0.0008715988,3,Usługi
Make me a reservation in Colorado at nine am at National Cash Register Building,1,4,1,0.00022217463,3,Usługi
Can you please assign two points to the White Niggers of America chronicle ?,4,2,0,0.00018377659,3,Usługi
I'd like to eat in 1 minute at a neighboring neighborhood restaurant,1,4,1,0.00023033947,3,Usługi
"Book a brasserie restaurant in Enfield , North Dakota for rosie and I that has tarte tatin",1,3,1,0.021913687,3,Usługi
Find a television show called Merced Sun-Star .,5,3,0,0.00021783492,3,Usługi
Will it get windy this week-end in Selva Jedediah Smith ?,2,4,1,0.0002501918,3,Usługi
Will there be hail on 11/12/2036 in Singapore,2,4,1,0.00029973738,3,Usługi
What is forecast in Keyes Summit in New Mexico at 3 pm,2,4,1,0.00016209565,3,Usługi
Book a restaurant in Switzerland for 3 .,1,2,1,0.002067025,3,Usługi
When will it be temperate in Lansford,2,4,1,0.00014059806,3,Usługi
Book a restaurant in Palau for two people.,1,3,1,0.0026730464,3,Usługi
I want to hear any top five music from Gene Autry,3,1,0,0.00013836089,3,Usługi
Will it get hotter in Zenith CT ?,2,4,1,0.00030976644,3,Usługi
What is the weather in Silver Springs Western Sahara ?,2,4,1,0.0001339115,3,Usługi
book a spot for my colleague and I at a pizzeria with a pool in Owings Mills Wisconsin,1,4,1,0.0006335655,3,Usługi
Check the forecast for Keene .,2,3,1,0.0025191798,3,Usługi
"Is it going to get chillier at 5 am in Trussville , Bosnia and Herzegovina ?",2,4,1,0.0001754252,3,Usługi
What's the weather in Singapore,2,4,1,0.00018067566,3,Usługi
I would like to book a puglia food court in KY,1,3,1,0.012866245,3,Usługi
Will it be colder in Holladay Saint Kitts and Nevis,2,4,1,0.00019641186,3,Usługi
Book a pub that serves fries for 9 people.,1,3,1,0.010067222,3,Usługi
Make me a reservation at a fast food restaurant for elba and corina at a restaurant with parking,1,4,1,0.00016854733,3,Usługi
rate The Bunce 1 stars,4,2,0,0.00018405869,3,Usługi
Please play my ecstatic playlist.,3,1,0,0.0004474489,3,Usługi
Please search the Ironbound picture .,5,3,0,0.00020625234,3,Usługi
Is it going to rain at my current position,2,4,1,0.0001674891,3,Usługi
"Tell me the forecast for Rogers City , MS",2,5,1,0.69373375,3,Usługi
Find a reservation for a highly rated steakhouse in China for a party of five at 055152,1,4,1,0.000257641,3,Usługi
I want a table to seat 10 at a close-by to Ottumwa that serves osteria and ranch dressing .,1,4,1,0.00064400927,3,Usługi
What will the weather be in Allenwood ?,2,4,1,0.00015366494,3,Usługi
what is the forecast for in eighteen minutes here for colder temps,2,4,1,0.00018350343,3,Usługi
Where can I find a photograph of The Lieutenant of Inishmore ?,5,3,0,0.0003960496,3,Usługi
Will the weather be warm in the Nationaal park Band-e AMir at twelve am ?,2,4,1,0.0001241312,3,Usługi
Add david axelrod to my Futuros Hits list,0,0,0,0.00015835215,3,Usługi
"Will there be a depression at three am in Topinabee , Idaho",2,4,1,0.0001767914,3,Usługi
is AZ has chilly weather,2,4,1,0.0001707554,3,Usługi
Can you pull up The Sanford Herald,5,3,0,0.00015370977,3,Usługi
Add album to Pop Rising,0,0,0,0.00018137263,3,Usługi
Book a highly rated restaurant for one person in Rainbow Lakes .,1,2,1,0.0005656241,3,Usługi
want to see the trailer for The Prefect,5,3,0,0.00022740004,3,Usługi
Tell me if the forecast will be temperate around Nationalpark Doi Suthep-Pui on 4/15/2034,2,4,1,0.00053133484,3,Usługi
"Book a reservation for 7 people at The French Laundry on june the 8th, 2029",1,4,1,0.00026449954,3,Usługi
Give this book a rating of four out of 6 .,4,2,0,0.00021644447,3,Usługi
Please make a reservation at ten at a bakery which serves burrito .,1,4,1,0.00020447,3,Usługi
Rate this essay four,4,2,0,0.00017332721,3,Usługi
Add a song to my playlist Impulso Creativo,0,0,0,0.00015959528,3,Usługi
"My party of 3 would really like to eat baba au rhum at a brasserie , could you help?",1,4,1,0.0012986953,3,Usługi
what movie theatre is showing Manorama Six Feet Under,6,4,0,0.00020957191,3,Usługi
How will the weather be in Kentucky this week ?,2,4,1,0.00022491156,3,Usługi
show me movie schedules,6,4,0,0.00023334088,3,Usługi
book a table in MT for 3 for now at a pub that serves south indian,1,4,1,0.00023323334,3,Usługi
Make me a reservation that serves kebab at a delicatessen in AMbler,1,4,1,0.00032597227,3,Usługi
what will the weather be like in Russia in one hour from now,2,4,1,0.00022504637,3,Usługi
Is the weather hot in Miller House NV,2,4,1,0.00013835065,3,Usługi
Book a reservation for a popular bakery in Patetown,1,3,1,0.0023203224,3,Usługi
0 stars for this textbook,4,2,0,0.00017366672,3,Usługi
show creative photograph of Icewind Dale Heart of Winter,5,3,0,0.00039805713,3,Usługi
At meal time while I'm here will it be hot ?,2,4,1,0.000105245635,3,Usługi
Book a restaurant in Papua New Guinea for me and my daughters,1,3,1,0.00049822126,3,Usługi
Is there a blizzard in Stonewood ?,2,4,1,0.00044091293,3,Usługi
"what is the forecast for Morocco at Lake Ozark on December seventeenth, 2022",2,4,1,0.00022923053,3,Usługi
I need to see Cristo in India,5,4,0,0.00021284743,3,Usługi
book me a restaurant for 4 members at Beaman Federated States Of Micronesia in one minute,1,4,1,0.00026561078,3,Usługi
"I'd like to eat at a top-rated place on nov. the twenty-sixth in the food court , I need reservations for 7 in the city of Kane or somewhere near there.",1,4,1,0.000306717,3,Usługi
What's the weather going to be in Knobel ?,2,4,1,0.00013119937,3,Usługi
Can you give me the weather forecast in Tajikistan ?,2,4,1,0.042827945,3,Usługi
book a table for 4 at Fish Express,1,4,1,0.00030514578,3,Usługi
give me the movie schedule for films in the area,6,4,0,0.000206736,3,Usługi
Add bryan gregory to the playlist Emily Dickinson,0,0,0,0.00016037546,3,Usługi
book a restaurant in Montverde in Marshall Islands,1,3,1,0.009919625,3,Usługi
book a restaurant on martin luther king jr. day with parking,1,3,1,0.0005998886,3,Usługi
Book reservations at a tea house with esperanza and tommie now,1,4,1,0.0005522683,3,Usługi
What will the weather be this month in Wesley Hills ?,2,4,1,0.00015985033,3,Usługi
Play the song gangsta ? by Siavash Ghomayshi,3,1,0,0.0002231051,3,Usługi
Please tell me the forecast for Guinea-Bissau,2,5,1,0.9360909,3,Usługi
Book a reservation for 6 people for a creole tavern in Montenegro,1,4,1,0.0016996737,3,Usługi
Get me a Johnny Cool photograph,5,3,0,0.0002100223,3,Usługi
I need a table right now for four in ME,1,4,1,0.00069627864,3,Usługi
Book a table at a restaurant which serves sushis next week,1,4,1,0.0014356843,3,Usługi
book a table in UT at Kearney for 6,1,4,1,0.00046983483,3,Usługi
Show The Singles Collection Volume 4,5,3,0,0.00021343645,3,Usługi
"What's the weather forecast for next saturday in Granite , WI ?",2,4,1,0.0002316195,3,Usługi
What's the weather forecast for Belknap ?,2,4,1,0.0011972518,3,Usługi
Play a song from the seventies by Pepe Aguilar,3,1,0,0.00014151253,3,Usługi
I need a table for 10 at Thomas Hynes House nineteen minutes from now,1,4,1,0.00024907468,3,Usługi
the next book is worth two,4,2,0,0.00022765799,3,Usługi
Where can I view the trailer Extreme – The Collection,5,3,0,0.00027887587,3,Usługi
Book me a bar where I can get a bear claw in AS,1,3,1,0.00049135246,3,Usługi
I want a table for 8 in Plain on Aug. 5,1,4,1,0.001410019,3,Usługi
"Will there be a blizzard next winter in Visalia , Idaho",2,4,1,0.00056748267,3,Usługi
Is it freezing on Jun. the 21st in Apshawa South Africa,2,4,1,0.00013903747,3,Usługi
Book a restaurant for one person at 7 AM,1,4,1,0.00023711465,3,Usługi
Book a bar that serves ribs for 5 people.,1,3,1,0.034650926,3,Usługi
Reserve a table for 7 at a cafeteria in Lafe city .,1,4,1,0.00019950767,3,Usługi
Play music by Keren Woodward,3,1,0,0.00014109665,3,Usługi
I'd like to eat at an internet restaurant with a party of four,1,4,1,0.00028296566,3,Usługi
When is Dead Birds playing?,6,4,0,0.00032104086,3,Usługi
When will it be chillier than now in South Paris in CT,2,4,1,0.00012163533,3,Usługi
I need to book a table at a fast food spot that serves slinger in PR,1,4,1,0.00019615509,3,Usługi
is hail in the weather forecast for Monterey Bay National Marine Sanctuary,2,4,1,0.00025583484,3,Usługi
book a caucasian serving steakhouse for 4 in Saint Pierre and Miquelon,1,4,1,0.07851109,3,Usługi
Book a table at a osteria type restaurant in SD,1,4,1,0.00079054775,3,Usługi
Look for the album Wolves Within,5,3,0,0.0002346383,3,Usługi
use Deezer to play top five Moya Brennan,3,1,0,0.00013383494,3,Usługi
I'd like a table for six at the bakery in AS,1,4,1,0.0001672028,3,Usługi
I want to give Three Days Before the Shooting... one out of 6 stars,4,2,0,0.00017332743,3,Usługi
Find me a creole restaurant,1,3,1,0.00019283911,3,Usługi
Play music from negerpunk,3,1,0,0.00014262197,3,Usługi
Tell me the weather for Comertown,2,4,1,0.00030597078,3,Usługi
book a gastropub that serves turkish food for 4 people,1,3,1,0.014156402,3,Usługi
I need a popular moroccan cafeteria,1,3,1,0.00037166645,3,Usługi
Play me some Terror music,3,1,0,0.00020697825,3,Usługi
what is the weather of Ludowici at 4 am,2,4,1,0.00014473303,3,Usługi
I need a reservation in Decaturville for six people.,1,4,1,0.0007483858,3,Usługi
book a table at Top Pot Doughnuts in 16 hours for 5,1,4,1,0.00027944695,3,Usługi
Reservea  table for five people on september second in Gabon .,1,4,1,0.00020481217,3,Usługi
I think this textbook should be rated 5 points,4,2,0,0.000182179,3,Usługi
Play music from the twenties .,3,1,0,0.00011974469,3,Usługi
Play any song from Rebecca Hewitt,3,1,0,0.00016192219,3,Usługi
What are the movie schedules for the Caribbean Cinemas,6,4,0,0.00022396972,3,Usługi
How will the weather be this Summer in New York ?,2,4,1,0.00025092543,3,Usługi
I need a table at a cafeteria for a party of 6 in AL,1,4,1,0.00019126256,3,Usługi
What will the weather be like 19 minutes from now in Nepal,2,4,1,0.0001842258,3,Usługi
Rate A Conspiracy of Paper 4 of 6,4,2,0,0.00019592898,3,Usługi
Book a restaurant with pool facility at East Gillespie,1,4,1,0.009605374,3,Usługi
Is The Johnstown Flood playing,6,4,0,0.00014135348,3,Usługi
Search for Man in a Garage,5,3,0,0.0001612663,3,Usługi
I'd like to eat at an oyster bar with a pool,1,4,1,0.0002424709,3,Usługi
I'd like to eat at a popular diner,1,4,1,0.00023004928,3,Usługi
book a spot at the best steakhouse in Florida,1,4,1,0.001108904,3,Usługi
in one hundred twenty seven days I'd like to eat at a pizzeria in North Lima,1,4,1,0.00027152392,3,Usługi
"nancy, elma ruiz and molly want to eat at a restaurant in Gibraltar",1,4,1,0.0007037185,3,Usługi
show He Who Fears the Wolf creative photograph,5,3,0,0.00020188175,3,Usługi
four out of 6 stars for the previous essay,4,2,0,0.00018129384,3,Usługi
Book a reservation for my great grandfather and I at a macaroni pub in CT,1,4,1,0.0003992709,3,Usługi
find Home Fires,5,3,0,0.0006372395,3,Usługi
"Is it going to be sunny on Oct. twenty-seventh, 2031 within the same area of this current place",2,4,1,0.00026959306,3,Usługi
Book a table for ten people in Eucalyptus Hills .,1,3,1,0.0072404677,3,Usługi
Will it be warm in Hematite ?,2,4,1,0.00096246577,3,Usługi
"Book a reservation at a restaurant with me, matilda and deana",1,4,1,0.0010660768,3,Usługi
rate the current essay one out of 6,4,2,0,0.00020145823,3,Usługi
What will the humidity be in the current spot at 151929 ?,2,4,1,0.00020351847,3,Usługi
book a cafe in Romania,1,3,1,0.0003582737,3,Usługi
I need a reservation in 1 second in Atlas with a party of nine,1,4,1,0.00021350654,3,Usługi
Book a reservation for 1 on march 17,1,4,1,0.0029185885,3,Usługi
What's the weather in Mountain Center,2,4,1,0.00013825305,3,Usługi
will it rain today in French Southern Territories of Highland Beach,2,4,1,0.00021880369,3,Usługi
I need a forecast for Zachary,2,3,1,0.012179425,3,Usługi
what is the weather not far from current position,2,4,1,0.00019319377,3,Usługi
I want a table for 2 at a restaurant late at night .,1,4,1,0.00018705576,3,Usługi
Book me a table at a Tartinery Restaurant not far from my home in Elk Rapids .,1,4,1,0.0013682686,3,Usługi
I need a reservation for Harveys this Winter in neighboring Wisconsin for terri and I,1,4,1,0.00032763215,3,Usługi
"Please book a coffeehouse restaurant type room to accommodate gretchen, trisha and amber which serves pastelaria dish",1,4,1,0.04478299,3,Usługi
Is it chillier in Hong Kong than it is here,2,4,1,0.0003499384,3,Usługi
play the Putrefactive Infestation trailer,5,3,0,0.00024060211,3,Usługi
"1 minute from now , I will need reservations at a restaurant in Vanlue .",1,4,1,0.00021999786,3,Usługi
"Will it be warm in Jenners , Panama on August the sixteenth ?",2,4,1,0.00023065155,3,Usługi
what is the NH forecast for Mexican Hat,2,4,1,0.002305226,3,Usługi
whats the weather in Irma,2,4,1,0.00015233048,3,Usługi
What is the forecast in Kearneysville,2,4,1,0.0002604918,3,Usługi
What's the weather forecast for my current location on jun. 2 ?,2,4,1,0.00020670854,3,Usługi
weather at Stanford at six am,2,4,1,0.00012945858,3,Usługi
I want to book a restaurant for six people in Wagstaff AK .,1,4,1,0.0041651535,3,Usługi
Give 99 Coffins 0 stars out of 6 .,4,2,0,0.0001863197,3,Usługi
"What will the humidity be like in VI on june the fourteenth, 2020 ?",2,4,1,0.00025417426,3,Usługi
book a table for seven people at six at the restaurant,1,4,1,0.00020210663,3,Usługi
book a brasserie with a pool within the same area as my neighborhood for 5 people at 1926,1,4,1,0.00062042964,3,Usługi
Rate this book five of 6 points,4,2,0,0.00020383198,3,Usługi
Add the tune to my House Afterwork playlist.,0,0,0,0.0001718917,3,Usługi
Tell me when it'll be cloudy in Woodport,2,4,1,0.00013636799,3,Usługi
book a spot for 7 at an outdoor food court in Denmark,1,4,1,0.00027107337,3,Usługi
Book a restaurant in one minute for five people in Canal Fulton .,1,4,1,0.0005842137,3,Usługi
book a restaurant for seven,1,3,1,0.00022418262,3,Usługi
I need to book a table for 7 in Estonia,1,4,1,0.0038366322,3,Usługi
is it chillier at Narew National Park,2,4,1,0.00028927642,3,Usługi
The book History by Contract is rated five stars in my opinion.,4,2,0,0.00017197918,3,Usługi
play the Ocelot record using Zvooq,3,1,0,0.00013741634,3,Usługi
I want to hear the sound track to Mary Macgregor new songs on Iheart,3,1,0,0.00014453124,3,Usługi
Need table for two in Pleasant City,1,4,1,0.0001288253,3,Usługi
Book a reservation for Louisiana Fried Chicken this winter in Taiwan,1,3,1,0.0004155708,3,Usługi
What's the weather forecast for here on Jul. 23 ?,2,4,1,0.00026095583,3,Usługi
book a cafeteria having pool for four in Algeria,1,4,1,0.02589924,3,Usługi
Can you pull up the American Music Awards of 1975,5,3,0,0.00015696386,3,Usługi
What movie theatre is palying The Hurricane five hours from now,6,4,0,0.00021163547,3,Usługi
Want to see the Dungeons & Dragons Chronicles of Mystara,5,3,0,0.00030371503,3,Usługi
is it going to be hot here in 8 years,2,4,1,0.00029917716,3,Usługi
"I would like to book a restaurant in the same area as Tremont Av for nadine, sherrie and I on 3/21/2018",1,4,1,0.002772028,3,Usługi
What will the humidity be in AR in 49 weeks and a half from now,2,4,1,0.00041826384,3,Usługi
Check the weather for Faroe Islands .,2,4,1,0.00022438368,3,Usługi
Book a table at any restaurant for eight people,1,4,1,0.00042989737,3,Usługi
book a southeastern restaurant in Heard Island and McDonald Islands,1,3,1,0.02833693,3,Usługi
what is the Tal Chhapar Sanctuary forecast for cold weather,2,4,1,0.0003896572,3,Usługi
Play music by Joy Nilo .,3,1,0,0.00013177279,3,Usługi
What's the weather going to be like here in one minute ?,2,4,1,0.00019356752,3,Usługi
What will the weather be in Albania at 1156 .,2,4,1,0.00013319636,3,Usługi
I give 0 points to the book The Eleventh Hour,4,2,0,0.0002025396,3,Usługi
What are the movie times for Malco Theatres,6,4,0,0.00017666348,3,Usługi
Rate this textbook four of 6 points,4,2,0,0.00020492953,3,Usługi
I need the wather for next week in the Philippines,2,4,1,0.00030054944,3,Usługi
I'd like to get a restaurant booked on mar. fourteenth in MD .,1,4,1,0.0002367687,3,Usługi
Is the TV show The Prodigal Wife on today?,5,3,0,0.00022016584,3,Usługi
I give The Blood Book five stars,4,2,0,0.00019270203,3,Usługi
Is it going to be chilly here,2,4,1,0.00041499364,3,Usługi
How temperate will it be in Blyde River Canyon Nature Reserve on jul. the 18th ?,2,4,1,0.0002109094,3,Usługi
What films are playing at Pacific Theatres,6,4,0,0.00023794209,3,Usługi
add this tune by Hal Patino to my Ambiente RnB playlist,0,0,0,0.00016725087,3,Usługi
Find the movie schedules for animated movies in the neighbourhood .,6,4,0,0.00025131452,3,Usługi
"bar restaurant for November the twelfth, 2030 that is popular and for a party of ten",1,4,1,0.0001527936,3,Usługi
book spot for 1 at Town of Ramsgate in Merit,1,2,1,0.000181918,3,Usługi
She me the movie times,6,4,0,0.00025526749,3,Usługi
book an oyster bar in AMerican Samoa for lunch,1,3,1,0.00085094915,3,Usługi
What is the weather forecast in nine months within walking distance of Ohio,2,4,1,0.0003630901,3,Usługi
show weather forecast for Dovre-Nationalpark,2,3,1,0.00030332507,3,Usługi
book a mediterranean restaurant for my sister and I,1,3,1,0.00023959769,3,Usługi
Put this track on Musica Española 2017,0,0,0,0.00017784821,3,Usługi
I need the weather in Muncie,2,4,1,0.00017374416,3,Usługi
I need a reservation for the best asian joint on Jan. 3 in Bradford Alabama for a party of 9,1,4,1,0.00026525426,3,Usługi
Find a restaurant in FM that servec quiche,1,4,1,0.00045268395,3,Usługi
How much sun will there be at 070343 PM. in Jones Chapel ?,2,4,1,0.000121755416,3,Usługi
What's the weather in Piperton Rwanda,2,4,1,0.0001430551,3,Usługi
I want to hear music on Itunes,3,1,0,0.0001298431,3,Usługi
"Find me a bar in Eagle Pass , Vermont that serves noodle dishes, that will take reservations for 2/21/2021 .",1,4,1,0.00075954036,3,Usługi
What's the forecast for right here,2,4,1,0.018791385,3,Usługi
what films are at Kerasotes Theatres,6,4,0,0.00022483911,3,Usługi
I'd like to eat with a party of nine in Snapfinger PA,1,4,1,0.00038280556,3,Usługi
forecase for Ohio in twenty one hours and one second,2,4,1,0.00021403437,3,Usługi
Find me a table for a cafe during my Guinea trip for one .,1,4,1,0.00018854155,3,Usługi
What's the weather on august seventh for Crystal Lawns Guam,2,4,1,0.00012832317,3,Usługi
I need to reserve a table for my baby and I at a tibetan tavern,1,4,1,0.0001981369,3,Usługi
What will the weather be in LA at 9 o'clock,2,4,1,0.00013437858,3,Usługi
Book a reservation for six people at a churrascaria restaurant in Cook Islands one minute from now,1,4,1,0.000282981,3,Usługi
Is it going to get hotter in my current position,2,4,1,0.0016056783,3,Usługi
I need a reservation for nine at 0344 am in WI,1,4,1,0.00016364576,3,Usługi
I need to book a table for claudia and imelda at a brasserie that is top-rated,1,4,1,0.00063952716,3,Usługi
Play the greatest melody from Paul Wright on Pandora,3,1,0,0.00013280576,3,Usługi
What's the weather forecast in Humphrey ?,2,4,1,0.00021911944,3,Usługi
I'd like to play the album Beloved Rogues,5,3,0,0.0002120112,3,Usługi
play 1988 chant music on Itunes,3,1,0,0.00013945556,3,Usługi
Is it forecast to be chilly in Iowa ?,2,4,1,0.00038301857,3,Usługi
I need a reservation for The Original House of Pies with three people in Plandome Manor PA,1,4,1,0.00039002448,3,Usługi
book in Southern Shores for 8 at Ariston Cafe,1,4,1,0.00020485783,3,Usługi
book an outdoor place for 11/1/2033 in town within walking distance of a brasserie for nine,1,4,1,0.0003912201,3,Usługi
How hot will be there in Kanwar Lake Bird Sanctuary tomorrow ?,2,4,1,0.00014063263,3,Usługi
rate the current essay three of 6 points,4,2,0,0.00020234514,3,Usługi
rate this textbook 2 out of 6,4,2,0,0.00020472967,3,Usługi
play the song S.F. sound furniture,5,3,0,0.0006580097,3,Usługi
"Rate The Astonishing Life of Octavian Nothing, Traitor to the Nation, Volume II The Kingdom on the Waves series 2 points",4,2,0,0.00025573818,3,Usługi
add track to my Las Canciones Más Lindas Del Mundo playlist,0,0,0,0.000166765,3,Usługi
book a restaurant faraway from Rwanda for two,1,3,1,0.00015168231,3,Usługi
Rate Sandworms of Dune three out of 6 stars,4,2,0,0.00018049887,3,Usługi
Give me a forecast for Carol City,2,5,1,0.803658,3,Usługi
What movie house is playing Something for the Birds,6,4,0,0.0001470326,3,Usługi
"I need a weather forecast for São Tomé and Príncipe on December 8th, 2026",2,4,1,0.007613195,3,Usługi
Add Manuelita la tortuga to my Nuestros 80 playlist,0,0,0,0.00015974883,3,Usługi
Can you give me weather details for my current spot,2,4,1,0.0012237213,3,Usługi
Book a popular brasserie in Roads End,1,4,1,0.0023302343,3,Usługi
I want to know the temperate from January the twentieth in Brazil,2,4,1,0.00047440102,3,Usługi
Book a reservation for me and my step sister in Nebraska in two seconds,1,4,1,0.0003318032,3,Usługi
Put the frl menke song in my comedy top tracks,0,0,0,0.00018422246,3,Usługi
What's the forecast for Jefferson National Expansion Memorial around eight am ?,2,4,1,0.00018271426,3,Usługi
Book a restaurant reservation in Hong Kong,1,3,1,0.014823076,3,Usługi
"Book a table for josie, carissa and lindsay at a brasserie which serves trentino .",1,4,1,0.00074659556,3,Usługi
"Please book a coffeehouse restaurant type room to accommodate gretchen, trisha and amber which serves pastelaria dish",1,4,1,0.04478299,3,Usługi
Please look up Show-Biz Blues photograph .,5,3,0,0.00020088813,3,Usługi
Make a reservation at a tavern which serves clam cake for a party of 8 in Western Sahara .,1,4,1,0.00022004462,3,Usługi
Book The Electric Banana in Ewen for crystal and brittney .,1,3,1,0.0003820141,3,Usługi
Play a song from 2013 .,3,1,0,0.00013293135,3,Usługi
On Itunes play the latest Anna Yesipova ep,3,1,0,0.00013808775,3,Usługi
Will it get chilly 1 minute from now in Carterville ?,2,4,1,0.00018488713,3,Usługi
Is it nice now in Madawaska,2,4,1,0.00027501665,3,Usługi
Will it be colder 1 minute from now in Jersey,2,4,1,0.00018377087,3,Usługi
Please book me a table for 1 person at a brasserie .,1,4,1,0.00053698063,3,Usługi
Is it going to be snowy in Ochopee Massachusetts ?,2,4,1,0.00024242418,3,Usługi
I need a table for 8 during midday in Montana,1,4,1,0.00014453846,3,Usługi
"What's the weather forecast for neighboring Delft National Park on aug. the 8th, 2028",2,4,1,0.0003492695,3,Usługi
What's the weather at eleven PM in Craig Mountain Wildlife Management Area,2,4,1,0.00018224686,3,Usługi
I want to watch the television show Naked II,5,3,0,0.00020166635,3,Usługi
"book Guenther House for 6 on Oct. 24, 2035 in Waddy",1,4,1,0.00047592085,3,Usługi
I want Sugarfoot,5,3,0,0.00019031549,3,Usługi
I need a reservation for eight at a diner that has desserts in Ashmore TN,1,4,1,0.00018256778,3,Usługi
I want to book a close restaurant in SC for seven,1,4,1,0.00034601518,3,Usługi
what is the Mississippi for the week,2,4,1,0.00037911278,3,Usługi
What is the weather supposed to be like in New Jersey three months from now,2,4,1,0.00023167224,3,Usługi
What's the weather going to be like around Lewis and Clark Trail sixteen hours from now ?,2,4,1,0.00018745536,3,Usługi
Find movie schedules for animated movies in the area,6,4,0,0.00021392305,3,Usługi
what is the forecast for the distant future in Sugar Bush,2,4,1,0.0115656415,3,Usługi
Find me a coffeehouse for nine in Indiana that has access to a pool,1,4,1,0.0004013696,3,Usługi
"I'd like to watch movies around here , can I see the movie schedules",6,4,0,0.00021267329,3,Usługi
Make me a reservation in Crugers at Marlton Circle for a party of eight,1,4,1,0.00023857364,3,Usługi
Book me a reservation for the best bistro,1,4,1,0.001177253,3,Usługi
What will the weather be in the current spot on 12/14/2023 .,2,4,1,0.00018655263,3,Usługi
Weather for East Peru Bolivia 3 years and a half from now,2,4,1,0.00017992212,3,Usługi
what is the forecast for Chandler,2,3,1,0.021080839,3,Usługi
what is the Johnson Creek forecast for chilly weather,2,4,1,0.00074389187,3,Usługi
Book a reservation for a pub with ma po tofu in Moldova,1,4,1,0.007030886,3,Usługi
I want to book a bougatsa restaurant in next year nearby Penn for three people.,1,4,1,0.0012257106,3,Usługi
Will it be hotter in Wyomissing Hills ?,2,4,1,0.00021003236,3,Usługi
need a table for nine in East Prairie LA,1,4,1,0.00018273706,3,Usługi
Add Metal Gear Solid 2 Sons of Liberty Soundtrack 2 The Other Side to edna st vincent millay,0,0,0,0.00032447928,3,Usługi
Add impossible is nothing to SPA Treatment,0,0,0,0.00020752921,3,Usługi
"How will the weather be in Bettles , Aruba on may the tenth, 2026 ?",2,4,1,0.00016682518,3,Usługi
book now in KY at Loveless Cafe,1,4,1,0.00021294352,3,Usługi
"I need seats for six at a pub on January 15th, 2030",1,4,1,0.00019003954,3,Usługi
I want to listen to the album going back to the blue ridge mountains on iheart,3,1,0,0.0005271142,3,Usługi
book City Tavern in Poland,1,3,1,0.00018364337,3,Usługi
how warm will it be in 10 minutes,2,4,1,0.00018655835,3,Usługi
what is the weather here,2,4,1,0.00016661742,3,Usługi
Book the Gus Stevens Seafood Restaurant & Buccaneer Lounge in Papua New Guinea for one person.,1,3,1,0.0005840382,3,Usługi
"Will it be hot on december 28 in Ayr , MI",2,4,1,0.00018661348,3,Usługi
"book a spot for krista, yolanda and I in New Mexico",1,3,1,0.000756448,3,Usługi
Play some Avantgarde music on Netflix .,3,1,0,0.00013715995,3,Usługi
Rate the current textbook four out of 6,4,2,0,0.00019679194,3,Usługi
what is the weather like now in AK,2,4,1,0.00015490875,3,Usługi
rate the book Whit a zero,4,2,0,0.00016226972,3,Usługi
book a spot at the food truck in MA,1,4,1,0.0004138814,3,Usługi
Add anti ep to esenciales,0,0,0,0.00017189031,3,Usługi
Weather in Walden Russia on 12/26/2018,2,4,1,0.00013322136,3,Usługi
Get me a table for one at a popular brasserie,1,4,1,0.00023161666,3,Usługi
"Book a reservation for 8 people in Wardville , Kansas",1,3,1,0.018620247,3,Usługi
Show me The Lord of the Isles,5,3,0,0.00018428807,3,Usługi
Will the weather be temperate 22 minutes from now in Alba,2,4,1,0.00016097985,3,Usługi
What are the movie schedules for the Dipson Theatres,6,4,0,0.00018732336,3,Usługi
Book a reservation for my babies and I,1,3,1,0.00014175379,3,Usługi
I want food in Zaleski,2,4,1,0.00019601578,3,Usługi
Book a reservation for 9 people at a roman pizzeria,1,4,1,0.00045017208,3,Usługi
I give Out of Sync zero out of 6 points .,4,2,0,0.00018934558,3,Usługi
I want to add Kiara to my Digster Future Hits playlist,0,0,0,0.0001602186,3,Usługi
Reserve in Bermuda a food court near jan and I,1,4,1,0.0003217721,3,Usługi
Find The International Journal of Robotics Research soundtrack,5,3,0,0.000916338,3,Usługi
rate The Confidence-Man 3 points,4,2,0,0.00021174116,3,Usługi
Find a table at a bar for milagros and I in Mount Pocono,1,4,1,0.0001445572,3,Usługi
book near Montana restaurant serving sri lankan food for 6 that is highly rated on tues.,1,2,1,0.00016031784,3,Usługi
add the artist Jamie T to hallie's winter music playlist,0,0,0,0.00018066638,3,Usługi
Need weather for Parc national Tolhuaca to see if it will be fog today,2,4,1,0.00015157876,3,Usługi
Recite the movie schedule .,6,4,0,0.00027547125,3,Usługi
Give me a link to the A Little Something for Us Tempunauts soundtrack .,5,3,0,0.0004182236,3,Usługi
what is the PW forecast for jul. 9 in Robert,2,4,1,0.00028387416,3,Usługi
I'd like to see the album Heroes of Might and Magic IV,5,3,0,0.00024708593,3,Usługi
Rate this series 0 of 6 stars,4,2,0,0.00019101755,3,Usługi
I want to book a restaurant for my father in law and I in Buckner a year from now .,1,4,1,0.0017873247,3,Usługi
Book a table for 5 at a pub during my Macedonia trip that serves czech food.,1,4,1,0.00046289462,3,Usługi
What's the forecast for tonight far from East Carpathian Biosphere Reserve ?,2,4,1,0.00071481266,3,Usługi
book a fried fish serving restaurant for one at 20 hours from now,1,4,1,0.00025895832,3,Usługi
what is the weather here,2,4,1,0.00016661742,3,Usługi
Give this textbook four stars .,4,2,0,0.00019852736,3,Usługi
book a table for 6 at a restaurant in Nebraska,1,4,1,0.00058498053,3,Usługi
book in Pine Bluffs for 5 people in the same area,1,4,1,0.009689217,3,Usługi
I'd like to take a party of five today to a place in Colorado,1,4,1,0.0007944159,3,Usługi
Play track music from Peter Finestone on Netflix sort by newest,3,1,0,0.00015329747,3,Usługi
add ian north to my Autumn Lounge playlist,0,0,0,0.00016290131,3,Usługi
rate Winnie-the-Pooh four out of 6,4,2,0,0.00021277854,3,Usługi
Lets go to the Rainforest Cafe that is in the same area as 135th St,1,4,1,0.001116337,3,Usługi
book a stuffed peppers serving bakery for 9 at Woodsfield VI,1,4,1,0.0018176492,3,Usługi
Need a table in Serbia and Montenegro on Apr. 16 for a party of seven,1,4,1,0.00039895347,3,Usługi
Is it going to be nice at 6 AM at Chippewa Lake,2,4,1,0.00018729486,3,Usługi
Make me a reservation for july the tenth at The Nosh Bar for a party of two,1,4,1,0.00020930807,3,Usługi
add Jalal Zolfonun to my Nature Noise,0,0,0,0.00015727204,3,Usługi
Book a highly rated restaurant with northeastern for 10 in Satanta,1,2,1,0.00015136987,3,Usługi
book a spot at a highly rated tea house in manadonese,1,2,1,0.0023948145,3,Usługi
"Book a restaurant with a pool with alta, deborah and bertha in IA .",1,3,1,0.32811314,3,Usługi
Weather for 9/3/2034 at Bridle Trails State Park,2,4,1,0.0002685243,3,Usługi
What's the weather forecast for 8 hours from now in Cape Verde ?,2,4,1,0.00020509567,3,Usługi
Add this song to my fairy tales,0,0,0,0.00019648735,3,Usługi
Add tune to cleaning the house,0,0,0,0.00017323249,3,Usługi
Find a reservation in Deweese for my sister and I,1,4,1,0.00012907325,3,Usługi
What is the temperate in Seattle Heights and Slovenia at seven pm .,2,4,1,0.00028725577,3,Usługi
What will the weather be like May the 10th in Rocky Boy WI,2,4,1,0.0001938665,3,Usługi
Put new page onto my latin jazz playlist.,0,0,0,0.0001917541,3,Usługi
I want to know the weather in ten weeks from now in John N and Melba S Anderson Memorial Conservation Area,2,4,1,0.00022770002,3,Usługi
Need a creative work called Hit by Love,5,3,0,0.00027831018,3,Usługi
book a restaurant 163 days from now,1,3,1,0.00034065123,3,Usługi
"Will it get chillier in Las Lomas , British Virgin Islands on Nov. the 21st ?",2,4,1,0.00037045075,3,Usługi
I need a reservation for The Berghoff in Jamaica in 18 seconds,1,4,1,0.00017318052,3,Usługi
Book a reservation for three at a top-rated sicilian restaurant in Portugal,1,4,1,0.00063669955,3,Usługi
"What's the forecast for Francisco , Netherlands Antilles around eleven pm ?",2,4,1,0.0001733454,3,Usługi
What theater is showing From Paris with Love and when?,6,4,0,0.00010064681,3,Usługi
Add knocked out loaded to the spring vibes playlist.,0,0,0,0.00016627839,3,Usługi
Is it supposed to rain nearby my current location at 0 o'clock ?,2,4,1,0.00012707301,3,Usługi
I want to book a restaurant close-by my teenager's airbnb at 0055 am,1,4,1,0.00018445794,3,Usługi
"book a masala bar on march 6, 2034",1,3,1,0.0012122336,3,Usługi
What is the movie schedule of animated movies nearby,6,4,0,0.00023655471,3,Usługi
book a table for 1 at a restaurant,1,4,1,0.0005186252,3,Usługi
Can you get me seating for a party of 4,1,4,1,0.00083280914,3,Usługi
Will it get chillier in Sinclair in 8 hours,2,4,1,0.00021217688,3,Usługi
What is the closest movie theatre that is playing Moment to Moment ?,6,4,0,0.00019064311,3,Usługi
Play In Every Dream Home A Heartache by vincent paul abbott,3,1,0,0.00015263072,3,Usługi
What will the weather be next apr . in MT ?,2,4,1,0.00015850448,3,Usługi
will it be stormy in Saint Pierre and Miquelon in the city of Wenham,2,4,1,0.00022076361,3,Usługi
At four pm . I need a table for 8 at a restaurant in Guernsey that serves salade .,1,4,1,0.00016982075,3,Usługi
I want to add a tune by Damon Johnson to my frescura indie playlist,0,0,0,0.00016163074,3,Usługi
I'd like to find the soundtrack Tianjin Today Evening News,5,3,0,0.00024682854,3,Usługi
Find me the movie schedules at Fox Theatres,6,4,0,0.00020412887,3,Usługi
book fast food that is highly rated,1,2,1,0.0010412658,3,Usługi
What is the weather going to be like in Reidland New Mexico next Jun. ?,2,4,1,0.00020989629,3,Usługi
Play me a song from the twenties by Randy Bachman,3,1,0,0.00015196943,3,Usługi
rate The Manxman 5 out of 6,4,2,0,0.0001836084,3,Usługi
Find a television show called Structured Fax File .,5,3,0,0.00040157104,3,Usługi
I want to book a churrascaria restaurant for ten people.,1,3,1,0.006187804,3,Usługi
book a table on 1/20/2023 for 5 people in MH,1,4,1,0.010453003,3,Usługi
Is it windy in Telogia,2,4,1,0.00020778645,3,Usługi
What films can I see at Malco Theatres ?,6,4,0,0.00022506404,3,Usługi
book a table for nine PM at a pub in MA,1,4,1,0.00016177275,3,Usługi
Book a reservation for a southern brazilian restaurant for 10 people within walking distance of Broadway-Lafayette St,1,4,1,0.001917845,3,Usługi
I want do you want to build a snowman in my Hip Hop 2017 New School playlist,0,0,0,0.00023490976,3,Usługi
book me a restaurant in the Northern Mariana Islands,1,3,1,0.00068768294,3,Usługi
"What's the weather like in Tyonek , New Jersey",2,4,1,0.00016138055,3,Usługi
rate The Sea of Trolls 1 stars out of 6,4,2,0,0.00018032314,3,Usługi
I'd like to watch A Storm in the Stars at North American Cinemas,6,4,0,0.00018224666,3,Usługi
What's the weather forecast for here ?,2,4,1,0.0006922465,3,Usługi
What's the forecast for Maltio Strict Nature Reserve ?,2,4,1,0.0039830664,3,Usługi
What is the weather like at Emma Wood State Beach,2,4,1,0.00017131495,3,Usługi
book a eggo serving brasserie for ten,1,4,1,0.005189374,3,Usługi
Play a chant from the fifties,3,1,0,0.0001206824,3,Usługi
Play top Martin Solveig on deezer,3,1,0,0.00013293905,3,Usługi
what time is Twin Peaks Fire Walk with Me showing,6,4,0,0.0001238774,3,Usługi
i give The Aquariums of Pyongyang 3 out of 6 stars,4,2,0,0.00017804724,3,Usługi
What is Marty Stuart discography,5,3,0,0.39448786,3,Usługi
Will it rain 17 weeks from now in Teide National Park ?,2,4,1,0.00026795885,3,Usługi
the previous book is five out of 6 stars,4,2,0,0.0002072425,3,Usługi
Is there snow in jan. in Castle Dale Mayotte,2,4,1,0.00018739206,3,Usługi
"book a eastern european cuisine restaurant in midday for four in Meers , MP",1,4,1,0.03541158,3,Usługi
Who published the novel JamesEdition ?,5,3,0,0.00024205046,3,Usługi
"Book a restaurant in Medford Lakes on Sep. 8, 2033 for essie, tonya and I",1,4,1,0.008476421,3,Usługi
"book a spot for marci, marylou and amelia far from North Korea",1,3,1,0.00015248421,3,Usługi
"Add another tune to my songs for you, not your parents playlist.",0,0,0,0.00019553523,3,Usługi
book a highly rated bar in Curacao for one,1,2,1,0.00015983394,3,Usługi
What will the weather be in the Flight Park State Recreation Area ?,2,4,1,0.0002432184,3,Usługi
book a restaurant in MS that can seat ten at 015147 pm,1,4,1,0.00025768788,3,Usługi
What is the weather forecast now in Texas ?,2,4,1,0.00030922983,3,Usługi
Will it be sunny in Corcovado Indonesia ?,2,4,1,0.00018170451,3,Usługi
I would like a cafeteria at 104151 am for seven,1,4,1,0.00017643657,3,Usługi
rate the previous textbook a 4 out of 6,4,2,0,0.00019421466,3,Usługi
In Wynnedale AK will it blizzard,2,4,1,0.0032301233,3,Usługi
I would like to book a restaurant in Tanzania that is within walking distance for my mom and I,1,4,1,0.0072538005,3,Usługi
Will there be fog not far from Mexico on Apr. 27,2,4,1,0.0003627293,3,Usługi
Show me the album Three Songs About Lenin,5,3,0,0.00026610855,3,Usługi
What is the weather in Pendleton Center,2,4,1,0.00013236607,3,Usługi
I want to hear some music from Spotify,3,1,0,0.00012560718,3,Usługi
Book a restaurant that serves bouchée for midnight .,1,3,1,0.0047573713,3,Usługi
Find time for the movie schedule at Cineplex Odeon Corporation,6,4,0,0.00019572984,3,Usługi
I want to book a restaurant in Bosnia and Herzegovina .,1,3,1,0.007096635,3,Usługi
What is the forecast for West Virginia will it be snowy,2,4,1,0.00043447255,3,Usługi
I want to be Main Deli Steak House near Hendley .,1,4,1,0.00029557713,3,Usługi
Rate The White Abacus zero out of 6 points,4,2,0,0.0001950708,3,Usługi
Add this tune to the Duetos playlist,0,0,0,0.00016274131,3,Usługi
Book a restaurant within the same area of Ely for 10 people.,1,4,1,0.008955097,3,Usługi
my Disco Forever playlist needs an album by sawai gandharva .,0,0,0,0.00044749948,3,Usługi
I want to take nine people to a diner close to the spa,1,4,1,0.0004777259,3,Usługi
"in eight seconds , I'd like reservations at a food court that serves sardinian food in Pidcoke .",1,4,1,0.00022937417,3,Usługi
I need a table for 4 in Florida,1,4,1,0.00037843,3,Usługi
"Tell me the humidity index for Elizabethville , Indiana",2,4,1,0.024310902,3,Usługi
Rate the current book 1 of 6 points,4,2,0,0.00019901393,3,Usługi
"Please make a restaurant reservation for somewhere in Mondovi , Connecticut .",1,4,1,0.00028848366,3,Usługi
What's the weather forecast for Seychelles ?,2,4,1,0.00075278664,3,Usługi
"Book a table for ida, monica and etta at Cold Spring Tavern in MD",1,4,1,0.0003920873,3,Usługi
what is the weather forecast for Minnesota,2,4,1,0.02263215,3,Usługi
Whats' the weather in Fernando New Jersey,2,4,1,0.00017186106,3,Usługi
reserve a smoking room at the restaurant,1,4,1,0.00037612658,3,Usługi
I want a table for 2 at a Portugal restaurant,1,4,1,0.00018905677,3,Usługi
Please find me the video game titled 20 Hours in America .,5,3,0,0.000356502,3,Usługi
add sweets edison to relaxing playlist,0,0,0,0.00016840074,3,Usługi
"book a restaurant in French Southern Territories on dec. the fifth, 2026 for two",1,4,1,0.00815583,3,Usługi
Tell me the weather forecast for my current spot,2,4,1,0.04656462,3,Usługi
Please locate Sad Love Story novel for me.,5,3,0,0.00023142538,3,Usługi
Is What a Wonderful Place showing at Cinemark Theatres,6,4,0,0.0002308476,3,Usługi
Is it freezing in Vega Alta,2,4,1,0.00017246205,3,Usługi
What will the weather be like in Killarney National Park on national pow/mia recognition day ?,2,4,1,0.00032881336,3,Usługi
Will it be rainy at 8 in Dans Mountain State Park,2,4,1,0.00017161995,3,Usługi
Get me a table for 2 people 1 second from now in Tunisia .,1,4,1,0.0005149128,3,Usługi
Will it be warmer at 2 pm at the Ak-Suu Complex Nature Reserve,2,4,1,0.00017521597,3,Usługi
I'd like to eat at a top-rated restaurant in Turks and Caicos Islands,1,4,1,0.00084252993,3,Usługi
book a spot for my kids and I at a restaurant with frybread,1,4,1,0.00044851433,3,Usługi
"What's the weather in GU on Jul. the 4th, 2024",2,4,1,0.00017887699,3,Usługi
what is the forecast starting on 5/17/2037 for Austria for warmer temps,2,4,1,0.0002577087,3,Usługi
What's the weather going to be like near Sawtooth National Recreation Area at 2 pm ?,2,4,1,0.00016130417,3,Usługi
"I'd like to go to a pub that has italian dressing for a party of 5 on February 11, 2033",1,4,1,0.00030264605,3,Usługi
play latest George Ducas music,3,1,0,0.00013138965,3,Usługi
find A Pet of the Cairo Zoo,5,3,0,0.00066002476,3,Usługi
I need a table for 8 people at a restaurant in District Of Columbia .,1,4,1,0.00046243303,3,Usługi
Find the Digital Champ Battle Boxing,5,3,0,0.00019737317,3,Usługi
Is it hot in Bolivia,2,4,1,0.00022232768,3,Usługi
I give a rating of 2 to the book Swine Not?,4,2,0,0.00017545524,3,Usługi
will there be a snowstorm in eight months at Chattahoochee River National Recreation Area,2,4,1,0.00024412008,3,Usługi
Look up the Hard to Handle TV show,5,3,0,0.00034839564,3,Usługi
Give the book Men and the City 3 out of 6 stars,4,2,0,0.00018943803,3,Usługi
Include When I Paint My Masterpiece in my Acoustic Spring playlist.,0,0,0,0.00020095028,3,Usługi
Will there be rain in 8 minutes in MD,2,4,1,0.00016252398,3,Usługi
"rate the book A Girl, a Man, and a River a five",4,2,0,0.00015635687,3,Usługi
find a movie house with Ulterior Motive that is closest,6,4,0,0.00024813693,3,Usługi
I'd like to get reservations at a top-rated restaurant in Arkansas .,1,4,1,0.00041301668,3,Usługi
Is there snowfall nearby AMerican Samoa,2,4,1,0.00082457974,3,Usługi
give 0 points to current series,4,2,0,0.00017332817,3,Usługi
Will it be colder in Colorado nine months from now ?,2,4,1,0.0003322482,3,Usługi
Find me an album called Rejoicing with the Light,5,3,0,0.00036983116,3,Usługi
Book a restaurant with parking for kirsten morris and I .,1,3,1,0.00117048,3,Usługi
What is the weather forecast nearby Nicodemus,2,4,1,0.000209344,3,Usługi
Book a table at an indoor restaurant now .,1,3,1,0.00045210466,3,Usługi
Pull up the book Live and Unreleased The Radio Show,5,3,0,0.00036758737,3,Usługi
Will the weather be temperate in Betances,2,4,1,0.00019811951,3,Usługi
Is it going to be hotter within walking distance of Ohio on 3/22/2038,2,4,1,0.00034933805,3,Usługi
Is it freezing far from here on 12/5/2032,2,4,1,0.00016153466,3,Usługi
Is I Was an American Spy playing at 11 a.m. at Southern Theatres,6,4,0,0.00027063163,3,Usługi
Will it be overcast in 1 minute within walking distance of OH,2,4,1,0.00018490056,3,Usługi
Weather here at two pm,2,4,1,0.00011133383,3,Usługi
Give me the weather forecast in Zimbabwe .,2,4,1,0.3686913,3,Usługi
Tell me the weather forecast for Niue,2,5,1,0.49550134,3,Usługi
Rate The Keys to the White House a zero,4,2,0,0.00016006116,3,Usługi
Will it be hot at 1319 in De Funiak Springs Serbia and Montenegro ?,2,4,1,0.00014455093,3,Usługi
Is there fog in New York,2,4,1,0.00043675804,3,Usługi
What is the weather not far from Upper Klamath National Wildlife Refuge ?,2,4,1,0.00019345825,3,Usługi
what is the Poland forecast for next January,2,4,1,0.0007366416,3,Usługi
book a table for 10 in CHAR No.4 in Colombia,1,4,1,0.04083676,3,Usługi
"Weather for september seventh, 2039 in Salinas River National Wildlife Refuge",2,4,1,0.00015846612,3,Usługi
Is it cloudy in Georgia,2,4,1,0.0003226322,3,Usługi
me and katharine would like to go eat at Jan. 22nd in IA,1,4,1,0.00022669086,3,Usługi
Is it cloudy in Vermont on 063026 pm,2,4,1,0.00022326848,3,Usługi
Book a table in eastern european restaurant in Macedonia .,1,3,1,0.0028355033,3,Usługi
Find a soundtrack called New Religion .,5,3,0,0.00027779303,3,Usługi
I need a table for nine in Atlas in 1 second,1,4,1,0.0003062401,3,Usługi
Book the best joint for 3 people.,1,2,1,0.0005125459,3,Usługi
forecast for Antelope Island and other spots within the same area,2,4,1,0.0061494275,3,Usługi
Will it be snowy in Parnell ?,2,4,1,0.00021342096,3,Usługi
"what is the forecast for the current place for sun on january sixth, 2028 within walking distance",2,4,1,0.00020833839,3,Usługi
Book a table for 10 at Top Pot Doughnuts,1,4,1,0.0007873791,3,Usługi
Give me the weather forecast for here,2,4,1,0.021551875,3,Usługi
I need to book a tropézienne restaurant six hours from now,1,4,1,0.00026884946,3,Usługi
book a diner for 1 in Green Isle,1,3,1,0.004532614,3,Usługi
What's the weather in Ecola State Park in three minutes,2,4,1,0.00022329699,3,Usługi
rate current textbook 0,4,2,0,0.0001592622,3,Usługi
"Reserve a table for nine people at a caribbean restaurant in White Creek , Utah .",1,4,1,0.0003342973,3,Usługi
book me a reservation at Rustic inn,1,4,1,0.00068128377,3,Usługi
add album to Feeling Blue,0,0,0,0.00018261331,3,Usługi
book a spot for 1 at a restaurant this Evening,1,4,1,0.00027257836,3,Usługi
I need a table at Eddie’s Attic in Nevada for one,1,4,1,0.00025309995,3,Usługi
Is there a storm here,2,4,1,0.0006727477,3,Usługi
What's the weather forecast in the same area as LA in 1 minute ?,2,4,1,0.00023630064,3,Usługi
What's the forecast for my current place at five pm ?,2,4,1,0.00019668406,3,Usługi
What will the weather be like nine years from now in Eastport El Salvador,2,4,1,0.00022569836,3,Usługi
book a table for five at a restaurant with the best rating,1,2,1,0.0003148749,3,Usługi
Is it forecast to be chillier around Texas ?,2,4,1,0.0007886223,3,Usługi
What is the weather going to be like in Virginia on st. patrick's day ?,2,4,1,0.00042745614,3,Usługi
Play me a song by Teitur Lassen on Groove Shark,3,1,0,0.00016495553,3,Usługi
Book a reservation for restaurant in Texas,1,4,1,0.003228455,3,Usługi
Will there be a snowstorm in NC 6 years from now,2,4,1,0.0002890968,3,Usługi
book a spot for 9 at The Counter,1,4,1,0.0003900625,3,Usługi
Get me a table at The Hand & Flowers for sixteen hours .,1,4,1,0.00021952843,3,Usługi
Book a table for 12 am . at our step mother's secondary residence within walking distance for one,1,4,1,0.00020289315,3,Usługi
Is it colder faraway from my current spot ?,2,4,1,0.0003276471,3,Usługi
Play Johnny Gimble,3,1,0,0.00017230325,3,Usługi
"book on feb. the twenty-sixth, 2026 in Tracyton for two at a cafe",1,4,1,0.00047285375,3,Usługi
What is the weather going to be like in Epleys in South Georgia and the South Sandwich Islands in 11 months,2,4,1,0.00018272366,3,Usługi
what is the forecast for next may in Zambia,2,4,1,0.000500353,3,Usługi
show me the schedule of movie The Great Gildersleeve near movie house,6,4,0,0.00020233863,3,Usługi
Is it windy in June Park ?,2,4,1,0.00022128366,3,Usługi
play a top-10 ballad from 1995,3,1,0,0.00013436789,3,Usługi
book for six for 1 hour and 1 minute from now,1,4,1,0.00041772492,3,Usługi
What films are playing now at the closest movie house ?,6,4,0,0.0002192083,3,Usługi
Please get me The Sacred and Profane Love Machine game .,5,3,0,0.00044753152,3,Usługi
when is sunrise in AMerican Samoa,2,4,1,0.0002520999,3,Usługi
What's the weather in RI ?,2,4,1,0.00017018565,3,Usługi
book a spot for 9 in New Mexico,1,2,1,0.0017462529,3,Usługi
What will the weather be doing at midnight in Brazil ?,2,4,1,0.0001507494,3,Usługi
Find a top fifty zahir howaida concerto from the seventies,3,1,0,0.00019170815,3,Usługi
Book a bar for 6 that has stuffed ham and isn't too faraway from Canarsie - Rockaway Parkway on bennington battle day .,1,4,1,0.007829959,3,Usługi
Can you reserve a table within the same area as the AMerican Samoa for me and my mom,1,4,1,0.00955828,3,Usługi
What animated movies are playing at the closest cinema,6,4,0,0.00024549203,3,Usługi
Will it be hotter in PR at 23 o'clock ?,2,4,1,0.00015801043,3,Usługi
Include dschiwan gasparjan in beth's rare groove playlist.,0,0,0,0.00018296413,3,Usługi
Where is Journal of Geriatric Psychiatry and Neurology,5,5,0,0.9130108,3,Usługi
book me a restaurant,1,3,1,0.0001659936,3,Usługi
Is there a snowstorm coming in Dana at 4 pm,2,4,1,0.00014818911,3,Usługi
play a top-twenty tune by Noor Jehan,3,1,0,0.00014888353,3,Usługi
This current album would get 6 stars or a rating value of 1,4,2,0,0.00018023324,3,Usługi
"What is the weather forecast for July 20, 2020 in Dachigam-Nationalpark",2,4,1,0.00024422468,3,Usługi
What will the temperature be at midnight in NE,2,4,1,0.00016257561,3,Usługi
Book me a reservation for an outdoor restaurant,1,4,1,0.0020683492,3,Usługi
I need a reservation for a brasserie place for a party of two,1,4,1,0.00042489893,3,Usługi
"Will it be warmer at 15 o'clock in Deepwater , Bonaire",2,4,1,0.00011843837,3,Usługi
Put gregory douglass in Halloween Teens please,0,0,0,0.0002517801,3,Usługi
I want to hear the soundtrack to The Platinum Rule,5,3,0,0.0001346581,3,Usługi
Is it going to be nice in Sandoval Belgium,2,4,1,0.00033678266,3,Usługi
rate the current chronicle five stars,4,2,0,0.00019101487,3,Usługi
Please get me Exploring the Reef TV show,5,3,0,0.00034503423,3,Usługi
I give the book The Silence of the Lambs a rating of zero of a possiable 6,4,2,0,0.00017813512,3,Usługi
book in Rocky Mound for four 1 hour from now,1,4,1,0.00016527557,3,Usługi
What's the weather in Stamps,2,4,1,0.00024389406,3,Usługi
book a restaurant close to Grant Av,1,3,1,0.00019495109,3,Usługi
book a spot far from Åland,1,3,1,0.00018181602,3,Usługi
Weather for Turtle River State Park,2,4,1,0.00024576156,3,Usługi
what is the weather forecast for Maryland,2,4,1,0.009948336,3,Usługi
book a table in Alberton for me and my mother in law at a restaurant,1,4,1,0.00064453966,3,Usługi
Play Out From Under from Hurricane Chris,3,1,0,0.00016461973,3,Usługi
I want to eat in 19 hours at NM,1,4,1,0.00019894142,3,Usługi
rate the current textbook 1 out of 6,4,2,0,0.00019526055,3,Usługi
Book a table at a diner which serves thousand island dressing in Ivory Coast .,1,5,1,0.51767844,3,Usługi
I need a table in West Virginia for me and my baby at Jacob Wirth Restaurant,1,4,1,0.00022978817,3,Usługi
Book me a table for five at the top-rated Morocco restaurant .,1,4,1,0.0006361134,3,Usługi
Is it going to be temperate in Farallon Islands now,2,4,1,0.00034957178,3,Usługi
"weather in Nationalpark Nevado Tres Cruces on mar. 4th, 2020",2,4,1,0.00016298325,3,Usługi
I want to go to 88th St-Boyd Av or close by and book seats for 10,1,4,1,0.00025590108,3,Usługi
Is it going to be hot in Lexington-Fayette,2,4,1,0.00018949971,3,Usługi
What is the weather in Port Vue,2,4,1,0.0001436546,3,Usługi
"Where is the closest movie theatre playing Yo, robot",6,4,0,0.00017856191,3,Usługi
add Curse song to my playlist Guest List Engadget,0,0,0,0.00015605049,3,Usługi
Show Force of Nature,5,3,0,0.00020226631,3,Usługi
"Is it supposed to be colder at lunch time in Schuyler , Venezuela ?",2,4,1,0.00014347037,3,Usługi
Add Hanging On to my just dance by aftercluv playlist.,0,0,0,0.00017717264,3,Usługi
search for the song Banquet for the Damned,5,3,0,0.0001854391,3,Usługi
where is Wild America showing at zero P.M.,6,4,0,0.00013317847,3,Usługi
book a spot for 10 at Shopsins in Denmark on St. Patrick's Day,1,4,1,0.00032506403,3,Usługi
I need a reservation for January 9 at a restaurant that serves souvlaki nearby Cypress Av for a party of 1,1,4,1,0.00027867148,3,Usługi
I need to book a highly rated restaurant in Coronado,1,2,1,0.0011196762,3,Usługi
Give the current album on my playlist a rating of three .,4,2,0,0.00014731367,3,Usługi
Is rainfall forecast for Flying Hills ?,2,4,1,0.00017715139,3,Usługi
make a reservation for 9 at a brasserie with parking,1,4,1,0.00018488876,3,Usługi
I want to book a bistro that serves pasta salad in Brazil .,1,3,1,0.15488735,3,Usługi
book a table at a top-rated brasserie in Pakistan,1,3,1,0.0019852195,3,Usługi
What's the weather in South Punta Gorda Heights,2,4,1,0.0001529067,3,Usługi
Please book me a table at a bistro which serves lorna doone .,1,4,1,0.0004802033,3,Usługi
"Play Fight On, State .",3,1,0,0.0005067155,3,Usługi
"Tell me the weather forecast 1 hour from now for Town West , Nevada",2,4,1,0.00027597044,3,Usługi
Can you add something by the artist Paul Cargnello to my Chill Tracks playlist,0,0,0,0.00017978348,3,Usługi
"Is it currently cold in Elsmore , Luxembourg ?",2,4,1,0.00018511438,3,Usługi
what is the weather forecast for Kinbrae,2,4,1,0.002378983,3,Usługi
I need a table at a highly rated diner,1,4,1,0.0004882086,3,Usługi
Where can I find On the Marble Cliffs,5,3,0,0.00035233342,3,Usługi
Is it windy in Nauru ?,2,4,1,0.00033683577,3,Usługi
give me the movie schedule for animated movies showing in the neighborhood,6,4,0,0.00021835562,3,Usługi
what is the forecast for Niger,2,4,1,0.043558005,3,Usługi
Is there a snowstorm in the forecast for El Cenizo,2,4,1,0.00021910605,3,Usługi
I give The Tin Can Tree a five of 6,4,2,0,0.00018396926,3,Usługi
book a spot that is faraway from the Municipal Borough of Farnworth in 16 minutes,1,4,1,0.00047102774,3,Usługi
Will it be freezing in seven minutes in Nora Fiji ?,2,4,1,0.0002046184,3,Usługi
in 257 days what will the weather be like in Cannon Ball,2,4,1,0.00021849514,3,Usługi
add the wee wee man to pamela's Stress Relief playlist,0,0,0,0.00018896781,3,Usługi
add sam sparro to my playlist called Beach Vibes,0,0,0,0.00017493755,3,Usługi
Tell me the movie schedules for Mann Theatres,6,4,0,0.00021184496,3,Usługi
Book reservations at a restaurant in Jersey for six people next October,1,4,1,0.0005065529,3,Usługi
Book a reservation for a top-rated lebanese fast food place,1,3,1,0.00031020553,3,Usługi
I'd like to eat at an outdoor restaurant,1,4,1,0.00023890445,3,Usługi
Will there be a blizzard in Egypt on Jul. 3 ?,2,4,1,0.0002708002,3,Usługi
I give Life During Wartime a one out of 6 .,4,2,0,0.00022255137,3,Usługi
book me a bar that has chicken fried bacon in Vermont,1,4,1,0.004870466,3,Usługi
Book a restaurant in Geddes on march the twenty-seventh for me and my husband,1,4,1,0.004254925,3,Usługi
I want to make a reservation for a group of 4 at a churrascaria type spa,1,4,1,0.0003115765,3,Usługi
need a table at Colony in Sri Lanka next year,1,4,1,0.0003182268,3,Usługi
add artist post metal to playlist,0,0,0,0.00017545087,3,Usługi
add go to The MetalSucks Playlist,0,0,0,0.00017752017,3,Usługi
Add Sci-Fi Crimes to the fresh folk playlist,0,0,0,0.0002005646,3,Usługi
"me, bobbie and colette want to go to The Peak Lookout in Felicity",1,4,1,0.0005891376,3,Usługi
Book a table for 8 people at Robinson House .,1,4,1,0.006005683,3,Usługi
I need a reservation that has spanish rice at a cafeteria with ten people today,1,4,1,0.0002760963,3,Usługi
put this album on my Wild Country playlist,0,0,0,0.00019081726,3,Usługi
book a irish serving brasserie in AZ,1,3,1,0.0046392553,3,Usługi
I want to find a restaurant that has a table for two at 5 AM,1,4,1,0.00016702744,3,Usługi
find a cinema closest with animated movies,6,4,0,0.0002836528,3,Usługi
Book a  table for 9 scheduled for april the 8th in NJ .,1,4,1,0.00020547437,3,Usługi
Make reservations for me at a taverna in Hong Kong,1,4,1,0.0002647287,3,Usługi
"I'd like a table for three at Black Rapids Roadhouse on February 24th, 2039",1,4,1,0.00019129804,3,Usługi
Let me get the forecast for tea time in El Salvador .,2,4,1,0.0013936326,3,Usługi
rate the current novel two points out of 6,4,2,0,0.00021215706,3,Usługi
Add The Stars and Stripes Forever to the soulful disco playlist.,0,0,0,0.00016840103,3,Usługi
restaurant in West Virginia for my son and I,1,4,1,0.0012961782,3,Usługi
"Is it going to be warmer in Cinnaminson , North Carolina at 0659 AM ?",2,4,1,0.00015319238,3,Usługi
Play How Does It Work by Helen Carter .,3,1,0,0.00015801776,3,Usługi
What is the temperature in Western Sahara or within the same area three seconds from now,2,4,1,0.00020530078,3,Usługi
Show the forecast nearby in twenty two minutes in French Polynesia,2,4,1,0.00041073482,3,Usługi
Please book me a table at a pizzeria with a parking facility in Ghana .,1,4,1,0.00035134924,3,Usługi
What's the weather in Mayotte,2,4,1,0.000172745,3,Usługi
I need a table for five at Childs Restaurants in Brunei .,1,4,1,0.0002404435,3,Usługi
I am rating this book called Nuclear War Survival Skills zero stars,4,2,0,0.00015928212,3,Usługi
What is the weather forecast in Country Club Heights,2,4,1,0.0001972219,3,Usługi
find me a game called Spaceball,5,3,0,0.000329247,3,Usługi
I give The Vinyl Cafe Notebooks a 0 of 6,4,2,0,0.00020057292,3,Usługi
I need a reservation for a restaurant now with a party of 9 in Hilt,1,4,1,0.00024522797,3,Usługi
Need a table at The Goof in Croatia for a party of three,1,4,1,0.00021829012,3,Usługi
Play Brotherhood by Ock Joo-hyun,3,1,0,0.0001737145,3,Usługi
Give The Decoration of Houses 1 of 6,4,2,0,0.0001916684,3,Usługi
what is the weather forecast this week close-by my current position,2,4,1,0.0006982772,3,Usługi
Forecast in Layhigh,2,4,1,0.00016207523,3,Usługi
They Knew Mr. Knight should get out of 6 a rating of two,4,2,0,0.00018226898,3,Usługi
Add album to Acoustic Spring,0,0,0,0.00016757807,3,Usługi
book a table for 3 in Macao,1,4,1,0.09594238,3,Usługi
What's the weather going to be like here at ten am,2,4,1,0.00013345742,3,Usługi
rate Personal Demons 0 out of 6 points,4,2,0,0.0001843293,3,Usługi
Will it be sunny in South Superior ?,2,4,1,0.00020868769,3,Usługi
I need to book a Theme restaurant this month in Chile,1,3,1,0.011439175,3,Usługi
Give me the weather forecast for the city of Archie,2,4,1,0.12551606,3,Usługi
Will it be snowy in Pillow Indiana ?,2,4,1,0.00025345036,3,Usługi
Book a reservation for 4 people at a restaurant within the same area as my step daughter's position,1,4,1,0.00056761026,3,Usługi
How is faraway cloudy at 0245 am in Brumley ?,2,4,1,0.0001842084,3,Usługi
Play a 2007 track from Adam Jones,3,1,0,0.00014234289,3,Usługi
Will there be a cloud in the sky in 175 days from now in Golconda in VT,2,4,1,0.00020767697,3,Usługi
book a gastropub serves waffle for 8,1,1,1,0.0074769817,3,Usługi
Book me a restaurant where I can get a burrito,1,3,1,0.0005176878,3,Usługi
Table for one somewhere in Palco,1,4,1,0.00029308238,3,Usługi
find a picture called How Much Wood Would a Woodchuck Chuck,5,3,0,0.0002952665,3,Usługi
Weather for July 1 in UT,2,4,1,0.00015238431,3,Usługi
Will it be hot near Calakmul Biosphere Reserve 3 seconds from now,2,4,1,0.0001537112,3,Usługi
Will it be colder 1 hour from now noew in East Dundee Zimbabwe,2,4,1,0.00014723929,3,Usługi
The Forest should be rated a four,4,2,0,0.00017164265,3,Usługi
Tell me the weather forecast close to Romania,2,4,1,0.0072541675,3,Usługi
what is the storm forecast for now in Jordan,2,4,1,0.00024784202,3,Usługi
Please give me the weather for Federated States Of Micronesia .,2,4,1,0.0004929184,3,Usługi
What's the weather looking like in Macy ?,2,4,1,0.00019617709,3,Usługi
Find a reservation in Hesston NC at a new restaurant,1,4,1,0.00014331841,3,Usługi
I need a table for four at a pub in Heard Island and McDonald Islands,1,4,1,0.00020501085,3,Usługi
"book a spot for ten , tomorrow at a popular vegan restaurant that is close to Alabama",1,4,1,0.0002971475,3,Usługi
Play the greatest music you can find by Ari Herstand on Zvooq,3,1,0,0.00013358996,3,Usługi
What is the weather forecast for Manassa ?,2,4,1,0.0010497302,3,Usługi
show movie schedules close by movies,6,4,0,0.0002610667,3,Usługi
Rate The Scoop 5 out of 6 points,4,2,0,0.00020323634,3,Usługi
Look up The Park album,5,3,0,0.0001625185,3,Usługi
show TV series schedule of Gears of War,5,3,0,0.0002899855,3,Usługi
Add Falcon to the Top Tracks in Metal playlist.,0,0,0,0.0001820831,3,Usługi
Is there a depression going on in Uganda,2,4,1,0.067746826,3,Usługi
add track to Punk Essentials,0,0,0,0.00017996105,3,Usługi
book a table in Glennie for 1 in the Northern Mariana Islands,1,4,1,0.002680921,3,Usługi
Is it going to rain in Tonopah ?,2,4,1,0.0002566707,3,Usługi
Book a reservation for an oyster bar,1,3,1,0.00020249964,3,Usługi
"is it going to be rainy in Kings Valley , Kosovo next mon.",2,4,1,0.00018830114,3,Usługi
I need a table for five in Viroqua,1,4,1,0.00024056868,3,Usługi
give The Rosales Saga 2 of 6,4,2,0,0.00022222617,3,Usługi
Find and book me a taverna restaurant in Gilluly that serves lobster newberg,1,4,1,0.0019932056,3,Usługi
"Check the weather forecast for Chisholm , Kentucky .",2,4,1,0.003166099,3,Usługi
"What will the weather be like here on dec. 8, 2019",2,4,1,0.00031539437,3,Usługi
What's the weather two months from now in Arletta Malawi,2,4,1,0.00016005777,3,Usługi
I give Christianity not Mysterious 1 out of 6 points .,4,2,0,0.00019459269,3,Usługi
I need reservations at a restaurant at 20 o'clock in FM,1,4,1,0.00013675958,3,Usługi
I need to book a table for five at the Crooked House of Windsor .,1,4,1,0.00021254063,3,Usługi
Look for a photograph of I Wanna Sex You Up,5,3,0,0.0002993433,3,Usługi
Play the most popular Puretone,3,1,0,0.00014013403,3,Usługi
Show me the book F-1 Grand Prix Part II,5,3,0,0.00033819553,3,Usługi
Add a rachael price album to TODO EDM,0,0,0,0.00016116031,3,Usługi
I need to book a top-rated steakhouse this Autumn for 1 around Azerbaijan,1,2,1,0.00027034982,3,Usługi
Want to eat at The Meatball Shop that's within walking distance of erica's campus,1,4,1,0.00026553703,3,Usługi
What will the weather be like tonight at Greenfoot Quarry,2,4,1,0.00017507478,3,Usługi
The book Organization of Behavior deserves two points .,4,2,0,0.00025254732,3,Usługi
will it be stormy in Wildorado,2,4,1,0.00017069826,3,Usługi
Give me a link to the saga called Copper – Justice is brutal,5,3,0,0.00027589727,3,Usługi
play 1981 tunes by Jiles Perry Richardson on Lastfm for theme music,3,1,0,0.00014081606,3,Usługi
rate Lost Empires of Faerûn five of 6 stars,4,2,0,0.00019459319,3,Usługi
When is Sea of Fear being shown at the closest movie theatre ?,6,4,0,0.00015544542,3,Usługi
"I need a bar for four that serves argentinian in D'Iberville , WY for twelve PM",1,4,1,0.00027950338,3,Usługi
In Bon Secour National Wildlife Refuge at twelve pm will it be chilly,2,4,1,0.00017606144,3,Usługi
play Morning Song,3,1,0,0.00023278706,3,Usługi
What's the weather in Koontz Lake,2,4,1,0.00013030601,3,Usługi
play the latest melody from Cliff Edwards on Deezer,3,1,0,0.00013332882,3,Usługi
what's the closest movie house showing The Legend of Ben Hall,6,4,0,0.00027760078,3,Usługi
"Is it going to be freezing at tea time in Michigantown , KS",2,4,1,0.00013841451,3,Usługi
Put hampartsoum limondjian in running to rock 170 to 190 bpm,0,0,0,0.00018098809,3,Usługi
add when ice met cream to This Is Alejandro Fernández playlist,0,0,0,0.00015438114,3,Usługi
"Will it be freezing one second from now in Aragon , Pakistan",2,4,1,0.00015965721,3,Usługi
I am giving this current book album 0 out of 6 stars,4,2,0,0.00018778155,3,Usługi
rate this book called The Last of the Wine two out of 6 points,4,2,0,0.0001828951,3,Usługi
"book tea at The Hamburger Wagon for 3 vickie reed, melody and I in Georgia",1,3,1,0.0015673285,3,Usługi
evangeline and petra cooper want to go to a restaurant in 9 years,1,4,1,0.00054959493,3,Usługi
I would like reservations for Cliff House in seven months for six people.,1,4,1,0.00034143592,3,Usługi
what is the forecast for colder temps beginning on Law Day here,2,4,1,0.00032306532,3,Usługi
Lets go to a bistro in SD,1,4,1,0.0012795009,3,Usługi
Book a restaurant with parking for three people.,1,4,1,0.008461076,3,Usługi
"The chronicle of The Emperor Wears No Clothes was too naive and simple, I'd give it 1 out of 6 stars .",4,2,0,0.0001851343,3,Usługi
Can you play top Zvooq by Fink ?,3,1,0,0.00014262539,3,Usługi
book a restaurant for four in Burundi,1,3,1,0.000654287,3,Usługi
add song to Women of SXSW,0,0,0,0.00016578729,3,Usługi
What's the weather in the current place ?,2,4,1,0.00018836757,3,Usługi
Will there be snowfall in KY ?,2,4,1,0.00046663894,3,Usługi
What movies are playing at AMC Theatres ?,6,4,0,0.00024004203,3,Usługi
Book reservations at a nearby restaurant in Montenegro for four people,1,4,1,0.00024344599,3,Usługi
add song to Trap Land,0,0,0,0.00016626432,3,Usługi
What movies are showing at the nearest movie theatre in 8 minutes ?,6,4,0,0.00023017498,3,Usługi
Will there be snowfall this month in UT,2,4,1,0.00029883737,3,Usługi
"I need a reservation, looking for a place with pool at Midnight in a pub .",1,4,1,0.00027500093,3,Usługi
book a table for 10 at a restaurant in Federated States Of Micronesia,1,4,1,0.0040145023,3,Usługi
Will there be sun around here ?,2,4,1,0.00025198018,3,Usługi
What is the weather here,2,4,1,0.00016661742,3,Usługi
What's the weather in Niagara,2,4,1,0.00017260345,3,Usługi
Put some Stu Phillips in the women of acoustic playlist.,0,0,0,0.00018136838,3,Usługi
What is the weather looking like in Prosser on feb. the 18th ?,2,4,1,0.00017660944,3,Usługi
What is the forecast for Dec. 15 in Lake Woodruff National Wildlife Refuge,2,4,1,0.00023301883,3,Usługi
Book me a table for a party of eight in Germany .,1,4,1,0.004634472,3,Usługi
Find the movie schedule for Dipson Theatres .,6,4,0,0.00019027002,3,Usługi
Find the movie schedule for Pacific Theatres .,6,4,0,0.00022114445,3,Usługi
book a spot for 8 in a cafeteria with german chocolate cake in Ecru New Mexico,1,4,1,0.0010768456,3,Usługi
what will the temperate be here on Shmini Atzeret,2,4,1,0.00044782044,3,Usługi
book a restaurant for 4 by shawn's work close by,1,1,1,0.0011970176,3,Usługi
book a spot in MI,1,3,1,0.00018974792,3,Usługi
Show me the movie schedule for Star Theatres,6,4,0,0.00021019657,3,Usługi
What will the weather be in Wakarusa,2,4,1,0.00012907032,3,Usługi
How will the weather be in Bhutto family mausoleum next autumn ?,2,4,1,0.00016783382,3,Usługi
I want to add Kool Keith to my chill out dinner playlist,0,0,0,0.00016433932,3,Usługi
Is it hotter here,2,4,1,0.00051159307,3,Usługi
Can you find the show The Dumping Ground Survival Files,5,3,0,0.00027322624,3,Usługi
Book a bar which serves chicken french at Robinson .,1,4,1,0.0007198174,3,Usługi
I'd like a table for 3 at a tavern in the Vatican,1,4,1,0.00020980099,3,Usługi
Will it be temperate next wed. in Athol in the Federated States Of Micronesia,2,4,1,0.00031810318,3,Usługi
"book a restaurant in Fort Gates , FL",1,3,1,0.0008478062,3,Usługi
Play the album Qr Iii by bobby bare,3,1,0,0.00014276012,3,Usługi
What is the forecasted humidity in Ghana for Epiphany,2,4,1,0.00048208897,3,Usługi
Tell me the weather forecast for here in seven years,2,4,1,0.001204005,3,Usługi
play some songs from the fourties by yoshiki fukuyama,3,1,0,0.00015496608,3,Usługi
Book me a reservation for a pub in Cormorant for a party of nine,1,4,1,0.0012849052,3,Usługi
I want a table for seven at twenty three o'clock in Angola .,1,4,1,0.00016557827,3,Usługi
need a table at a highly rated restaurant within walking distance from downtown for luisa and I,1,4,1,0.00025087775,3,Usługi
"What is the weather like for Fleischmanns , Lesotho 43 weeks from now",2,4,1,0.000166571,3,Usługi
What will the weather be like in 1 hour in Bethesda,2,4,1,0.00020854612,3,Usługi
Book a table at T-Rex distant from Halsey St .,1,4,1,0.0014598224,3,Usługi
Play album from Maureen Mcgovern,3,1,0,0.00015663789,3,Usługi
Book a reservation for a restaurant in Wadsworth with parking,1,4,1,0.0010121396,3,Usługi
"find Bells Break Their Towers , a video game",5,3,0,0.00024136383,3,Usługi
is it supposed to get colder here on 12/28/2019,2,4,1,0.00020030285,3,Usługi
read the book Journal of the Bombay Natural History Society,5,3,0,0.00040824336,3,Usługi
"What is the forecast for Dec. 1st, 2036 in Keeneland",2,4,1,0.0003224481,3,Usługi
What's the forecast for Belize around meal time?,2,4,1,0.00026301556,3,Usługi
add track Nature Noise to my playlist,0,0,0,0.00017256149,3,Usługi
book a table in Sterling Run for two with a pool and food court,1,4,1,0.0046223123,3,Usługi
play the video game The Sparrow,5,3,0,0.00021976732,3,Usługi
"Will it be warmer in the District Of Columbia on may 25, 2033 ?",2,4,1,0.00027382042,3,Usługi
what is the forecast for hot temps in Ocean Park,2,4,1,0.00026147554,3,Usługi
I need to reserve a seat for one in SD at a brasserie restaurant .,1,4,1,0.0003344439,3,Usługi
Rate the current textbook one stars,4,2,0,0.00019317225,3,Usługi
find seven AM movies at Dipson Theatres,6,4,0,0.00018423714,3,Usługi
"add Hello, My Lover, Goodbye to my Deathcore playlist",0,0,0,0.0001874967,3,Usługi
"Tell me the weather forecast for Ethridge , Maryland",2,4,1,0.40881515,3,Usługi
Is it going to be freezing in one hour in Puerto Rico,2,4,1,0.00021044492,3,Usługi
What is the weather forecast for New Mexico,2,4,1,0.016844321,3,Usługi
play chant on groove shark from 1996,3,1,0,0.00013489758,3,Usługi
"Book a table for 3 at one of the Restaurants in Washington, D.C. in Riverview",1,4,1,0.0003057171,3,Usługi
I need to book a restaurant at four o'clock for 4,1,4,1,0.00014656942,3,Usługi
Look for the Learning & Behavior picture,5,3,0,0.0009034863,3,Usługi
Find the saga A Very School Gyrls Holla-Day .,5,3,0,0.00020787242,3,Usługi
book a table for my step father and I,1,3,1,0.00019748202,3,Usługi
Show me Live at the Kings Center,5,3,0,0.00023115161,3,Usługi
Give me the movie times at Warren Theatres .,6,4,0,0.00022244167,3,Usługi
How far from Quebeck will it be hot,2,4,1,0.00017554048,3,Usługi
put this tune by ross the boss onto nação reggae,0,0,0,0.00016955067,3,Usługi
"book a restaurant in North Dakota for my child and I on november seventh, 2037",1,3,1,0.00048296538,3,Usługi
what is the forecast in Admire in TX starting at seventeen,2,4,1,0.00025977852,3,Usługi
I'd like to eat at ten PM. anywhere neighboring to our house,1,4,1,0.00019970867,3,Usługi
find Now and Forever,6,3,0,0.0005339784,3,Usługi
the following essay is a two,4,2,0,0.0001990814,3,Usługi
The Bone Season is worth at least three points,4,2,0,0.00017005153,3,Usługi
Book a table in OH the city of Bock for party of ten for tonight,1,4,1,0.0009408728,3,Usługi
What cinema has the closest movies,6,4,0,0.00023747208,3,Usługi
Book a tavern in Rhode Island that serves saucisse .,1,3,1,0.015769359,3,Usługi
Book a restaurant for 7 people.,1,3,1,0.00024178458,3,Usługi
book a pub for helen and miriam in nine years from now,1,4,1,0.0005026804,3,Usługi
"Need a table for rita, antoinette and I",1,4,1,0.00080282544,3,Usługi
Can you find the soundtrack for Fast Food Nation,5,3,0,0.00026431266,3,Usługi
book a table for 2 guests at a restaurant in Lazy Mountain NY,1,4,1,0.0010799572,3,Usługi
What time is My Son Shall Be Armenian playing at Plitt Theatres,6,4,0,0.00019629941,3,Usługi
I want to book a restaurant far from the Municipal Borough of Mitcham for 10 people.,1,4,1,0.0010588928,3,Usługi
What is the weather forecast 131 days from now in Atanassow-See,2,4,1,0.00028474868,3,Usługi
Where do get photograph of My Own Best Enemy,5,3,0,0.0003243555,3,Usługi
"Will be warm in Hallwood , Kosovo ?",2,4,1,0.00014671028,3,Usługi
forecast for Hardinsburg 20 seconds from now,2,4,1,0.0003633302,3,Usługi
book a highly rated place for 8 at a restaurant,1,2,1,0.00018597403,3,Usługi
Locate a cafeteria for two that serves deviled crab,1,4,1,0.00042625252,3,Usługi
What will it be like in the current place at midnight,2,4,1,0.0002924169,3,Usługi
Show the nearest movie house with The Expendables starting 1 minute from now,6,4,0,0.00022815981,3,Usługi
I want to book a restaurant in 40 weeks in Iowa .,2,4,1,0.0018294355,3,Usługi
Look for the NYPD - New York Police Department saga,5,3,0,0.00038188198,3,Usługi
Will it be raining one hundred thirty days from now ion Gobles Canada,2,4,1,0.00018568446,3,Usługi
What's the humidity here right now ?,2,4,1,0.00037059656,3,Usługi
What kind of weather is forecast around one pm near Vatican ?,2,4,1,0.00014424103,3,Usługi
Is it supposed to hail in Rosenberg in the French Polynesia,2,4,1,0.002683358,3,Usługi
Look for the album Slave to the Grind,5,3,0,0.0002117559,3,Usługi
this novel should get zero points for how intrepid it is.,4,2,0,0.00018395633,3,Usługi
play newest Robert Palmer sound track,3,1,0,0.00015988045,3,Usługi
Book reservations at a highly rated bar on 11/23/2031,1,2,1,0.00017155644,3,Usługi
I give the previous series four stars .,4,2,0,0.00019506688,3,Usługi
Will it be hot in Saint Jo Alaska,2,4,1,0.00013685854,3,Usługi
Is The Two Gladiators playing,6,4,0,0.00015985314,3,Usługi
How temperate will it be here this week ?,2,4,1,0.00045604803,3,Usługi
What films are playing at the nearest movie theatre,6,4,0,0.00023910531,3,Usługi
book a spot for two at a churrascaria that sells cupcake in Lumpkin Indiana now,1,4,1,0.00033789207,3,Usługi
rate Whole Earth Discipline 5 of 6 points,4,2,0,0.00019223365,3,Usługi
play a movement from top-20 1983 by Baruch Chait,3,1,0,0.0001484425,3,Usługi
Find a trailer called No Reservations .,5,3,0,0.00024684123,3,Usługi
"I want to take christy, louise and alexandra to eat at 173804 anywhere in NE",1,4,1,0.00031222572,3,Usługi
"Get me a table for sonya, rebekah and I at a restaurant in Latvia .",1,4,1,0.0006391917,3,Usługi
I want to book Oregon Electric Station in North City .,1,3,1,0.0015291766,3,Usługi
add this tune to my Dance playlist,0,0,0,0.00016274136,3,Usługi
Add Geschwisterliebe to my string theory playlist.,0,0,0,0.00017459417,3,Usługi
I would give The Northern Reaches a rating of one,4,2,0,0.00016370413,3,Usługi
What's the weather like in Calpella,2,4,1,0.00020085002,3,Usługi
How do I watch the TV show NBA Access with Ahmad Rashad,5,3,0,0.0002832292,3,Usługi
is it going to be warm here,2,4,1,0.00046785743,3,Usługi
Play any nineties music,3,1,0,0.00012151389,3,Usługi
book a best tavern for nine,1,3,1,0.00015903878,3,Usługi
"will there be hail in Dean Creek Wildlife Area on Feb. 25, 2031",2,4,1,0.0002705093,3,Usługi
Book a joint in sixteen minutes for 9 .,1,4,1,0.0003838188,3,Usługi
rate The Chymical Wedding 3 points,4,2,0,0.00021091386,3,Usługi
Play some Paulinho Da Viola from 1965 .,3,1,0,0.00015063993,3,Usługi
Find a reservation for a party of six in Tuvalu,1,4,1,0.00028792382,3,Usługi
book a spot for 1 at a bakery with crab cake not far from New Jersey,1,4,1,0.00028264374,3,Usługi
"Will it get rainy like last March in Hagerman , Saint Vincent and the Grenadines ?",2,4,1,0.00027942378,3,Usługi
Try to find the picture Advances in ecological research,5,3,0,0.0049943184,3,Usługi
Will it get cold in Nevada seven weeks and a half from now ?,2,4,1,0.0004418776,3,Usługi
I'm in Bowling Green . Please book a restaurant for 1 close by .,1,4,1,0.00078574196,3,Usługi
"Give The Crisis , one / 6 points",4,2,0,0.0002064356,3,Usługi
Is the expected weather temperate here in 1 month,2,4,1,0.00016902569,3,Usługi
Rate this novel 5 of 6,4,2,0,0.00020785132,3,Usługi
In NH will it be chillier in West York at noon,2,4,1,0.00014282706,3,Usługi
"Book a restaurant for marcella, erma and leanne rivera .",1,3,1,0.00037813006,3,Usługi
rate Six Months in Mexico 1 out of 6,4,2,0,0.00018704825,3,Usługi
What is the weather forecast for Tanque,2,4,1,0.0009242269,3,Usługi
I need seats for 10 at a highly rated restaurant,1,4,1,0.0004717501,3,Usługi
Book a restaurant for 1 in nine weeks,1,2,1,0.00032767584,3,Usługi
Play me a sound track by Bert Mccracken on zvooq,3,1,0,0.00013023562,3,Usługi
Will it storm in North Sioux City AL,2,4,1,0.0002546016,3,Usługi
"Can you find me, Hey Man ?",5,3,0,0.000120397184,3,Usługi
What time is Goodbye Mothers playing?,6,4,0,0.00010924745,3,Usługi
book a restaurant for cupcakes for ten,1,3,1,0.000271317,3,Usługi
humidity in Olvey New Hampshire,2,4,1,0.0001517331,3,Usługi
Let me know the movie times for films in the area .,6,4,0,0.00021707932,3,Usługi
Can you send me the weather forecast for Malcom,2,3,1,0.08103374,3,Usługi
What films are showing in the neighbourhood ?,6,4,0,0.00025180267,3,Usługi
Is the films 19 hours from now playing at Landmark Theatres,6,4,0,0.00021665421,3,Usługi
party of four somewhere in SD,1,4,1,0.0006516497,3,Usługi
I'd like to know how the weather will be at 8 pm in Tennessee .,2,4,1,0.00018386147,3,Usługi
I want to book a highly rated fast food restaurant now .,1,3,1,0.002304825,3,Usługi
show creativity of Home Brew,5,3,0,0.0002502467,3,Usługi
add a song by mark schultz to my ultimate indie playlist,0,0,0,0.00017769197,3,Usługi
"restaurant in Elberta for alma, deana and olga at 184920 that serves tsipouro",1,4,1,0.00017956147,3,Usługi
"Is it humid in Caddo Mills , KY ?",2,4,1,0.00020518634,3,Usługi
What is the weather like right now for Fort Adams ?,2,4,1,0.00014851955,3,Usługi
Book a table for 10 people at Dunbrody Country House Hotel in Strandburg .,1,4,1,0.0004309878,3,Usługi
add thomas anders to my crossroad blues,0,0,0,0.0001713872,3,Usługi
Please search for the Live in San Juan Capistrano picture .,5,3,0,0.0003379997,3,Usługi
Tell me the forecast for 6 am in Tatra-Nationalpark,2,4,1,0.00024211872,3,Usługi
"Is it going to be hot on Oct. the 8th, 2020 in the neighboring Greenland area",2,4,1,0.00019514779,3,Usługi
I want to book a top-rated brasserie for 7 people.,1,2,1,0.00031206777,3,Usługi
Find me Shack Out on 101,5,3,0,0.00020454946,3,Usługi
find a painting called Screen Souvenirs,5,3,0,0.0002437416,3,Usługi
Play the album Axum,3,1,0,0.0010910799,3,Usługi
Is there a storm in the weather forecast for Baraga Oregon,2,4,1,0.0002941521,3,Usługi
book a restaurant for six in MP,1,3,1,0.0043855887,3,Usługi
I need a diner,1,3,1,0.00019505573,3,Usługi
Find me a table for 8 people at a nearby AL restaurant one minute from now .,1,4,1,0.00022112581,3,Usługi
Play something off my New Boots playlist,3,1,0,0.00021763066,3,Usługi
Book a restaurant far from Kokomo this fall .,1,3,1,0.0002233899,3,Usługi
Will it be hot on orthodox good friday in Michigan and close-by,2,4,1,0.00019048454,3,Usługi
Can you get me seating for a party of 5,1,4,1,0.000796953,3,Usługi
find an album called From the Terrace,5,3,0,0.00020502487,3,Usługi
book a restaurant for 7 in MN,1,3,1,0.0007550222,3,Usługi
I need the weather in ND in three hundred fifty one days,2,4,1,0.00026513345,3,Usługi
I want to book a restaurant for eight in Harding .,1,4,1,0.00047979533,3,Usługi
Where can I find the game Skip to the End ?,5,3,0,0.00018926883,3,Usługi
give Mistborn The Well of Ascension four out of 6,4,2,0,0.00020866113,3,Usługi
find movie schedules in Warren Theatres,6,4,0,0.00018226991,3,Usługi
Make me a reservation in TN somewhere nearby for a party of 4,1,4,1,0.00040067645,3,Usługi
Book Coney Island neighboring VA for marina and I .,1,3,1,0.0011023922,3,Usługi
"Is it windy in Inlet , Lebanon ?",2,4,1,0.0002357333,3,Usługi
Rate the current album 2 stars,4,2,0,0.00017804783,3,Usługi
Lets go far to The Wolseley in Maine,1,4,1,0.003851036,3,Usługi
book a table in Fiji for zero a.m,1,4,1,0.0016982902,3,Usługi
Rate 12 Great Classics of Science Fiction zero out of 6 points,4,2,0,0.00018111551,3,Usługi
add tune to African Heat,0,0,0,0.00015574218,3,Usługi
Play some fast fusion on Spotify,3,1,0,0.00014041035,3,Usługi
What will the weather be in Montserrat ?,2,4,1,0.00015622281,3,Usługi
What times is the 7 Faces of Dr. Lao showing at United Paramount Theatres,6,4,0,0.00020977962,3,Usługi
Give The Toynbee Convector four of 6,4,2,0,0.00018842322,3,Usługi
Book a bar in Holtville ND for 7 people.,1,2,1,0.0005436893,3,Usługi
Book a reservation for a pub serving gateau in MS,1,4,1,0.010779514,3,Usługi
Find a book called Environment and Behavior .,5,3,0,0.0033685493,3,Usługi
What is the weather forecast for close-by Burkina,2,4,1,0.0012492967,3,Usługi
what is the forecast for temperate conditions in Thailand in Lopeno,2,4,1,0.001163189,3,Usługi
"Will it be freezing in Poland on July 5, 2032",2,4,1,0.00031563197,3,Usługi
Will it be hotter today in Holtwood,2,4,1,0.000230403,3,Usługi
Will it be chillier at 060548 in Wagener Réunion,2,4,1,0.00015404381,3,Usługi
Cock-A-Doodle-Doo! was awful. I'm giving it a 0 out of 6 .,4,2,0,0.00018387425,3,Usługi
Weather for Ringold,2,4,1,0.00021041438,3,Usługi
Book a restaurant for ten in Germfask .,1,3,1,0.040571973,3,Usługi
Is it going to be colder in Bonnie,2,4,1,0.0003041699,3,Usługi
Book a table at a bar in Argentina .,1,3,1,0.0006948142,3,Usługi
Is it going to be colder in Queen Anne on Mon .?,2,4,1,0.00020365081,3,Usługi
Book a table at South Street Diner close to your teenager's college .,1,4,1,0.0076946043,3,Usługi
Reserve a place to eat on march fifteenth in China within the same area .,1,4,1,0.0003422102,3,Usługi
I'd like to visit a pizzeria with a pool at fourteen o'clock .,1,4,1,0.00019509111,3,Usługi
"What is the weather supposed to be like on Sep. 20 in Maltby , Russia",2,4,1,0.00025078855,3,Usługi
What films and movie schedules are in the neighborhood,6,4,0,0.00022071009,3,Usługi
"What's the forecast for Harper , ME ?",2,3,1,0.001183121,3,Usługi
Can you get me seating for 5 at a highly rated restaurant in Wisconsin,1,4,1,0.00046811663,3,Usługi
add agua y sal in Classic Jazz Funk,0,0,0,0.00017357181,3,Usługi
Will it be warmer in North Korea at nineteen o'clock,2,4,1,0.00013718504,3,Usługi
How cold will it be in Palau around fourteen o'clock ?,2,4,1,0.00014411665,3,Usługi
play some papoose from 2003 on youtube,3,1,0,0.00013945736,3,Usługi
Give me the weather forecast for here .,2,4,1,0.07393704,3,Usługi
painting of Live from the El Rey Theatre,5,3,0,0.00015531827,3,Usługi
Find me a table at a european bar for six in the neighboring downtown area,1,4,1,0.00015724367,3,Usługi
Book a bakery with smoking room for nine in Niger .,1,4,1,0.05629125,3,Usługi
I would like to book a frozen yogurt restaurant for one,1,3,1,0.00903417,3,Usługi
book a spot for one at a food court in Riddlesburg,1,4,1,0.00029126307,3,Usługi
What's the weather in HI,2,4,1,0.00013823088,3,Usługi
me and robin need reservations for somewhere in Palau,1,4,1,0.0003349525,3,Usługi
What films are showing at National Amusements,6,4,0,0.00028643632,3,Usługi
I rate the book Creature in the Teacher 3 stars,4,2,0,0.00018396832,3,Usługi
Can you get me seating for 5 people 1 minute from now in Tuvalu,1,4,1,0.00029489337,3,Usługi
"On Dec. 13, 2018 I need a reservation for four in Arizona",1,4,1,0.00088909833,3,Usługi
I want watch The Sun And The Moon,5,4,0,0.00025482202,3,Usługi
Book a table for nine people in NJ .,1,3,1,0.006104692,3,Usługi
Where is the nearest cinema that is playing Pioneers of the West,6,4,0,0.00017088723,3,Usługi
Rate The Vanishing Thieves 4 out of 6,4,2,0,0.00020653597,3,Usługi
"Book a reservation for 5 people next week at The Pump Room, Chicago",1,4,1,0.00036574202,3,Usługi
will it be stormy in Charleston,2,4,1,0.00032159357,3,Usługi
Will it be rainy faraway in Charleston Lake Provincial Park in 13 hours ?,2,4,1,0.00020538506,3,Usługi
Where can I purchase a copy of the painting called Glimpses of World History ?,5,3,0,0.00043652777,3,Usługi
book a spot at an indoor gastropub in NY,1,4,1,0.0018207163,3,Usługi
Add the album to the top 100 country tracks on spotify playlist.,0,0,0,0.0001728957,3,Usługi
Please find the Packed to the Rafters work.,5,3,0,0.00025341182,3,Usługi
Find movie schedules at IMAX Corporation,6,4,0,0.00023174957,3,Usługi
Would you please play me a symphony from 1995,3,1,0,0.00017541631,3,Usługi
What's the weather in Blackman Jordan,2,4,1,0.0001464318,3,Usługi
Is it freezing in Colorado,2,4,1,0.00024179138,3,Usługi
add a mina caputo album to my after hours party,0,0,0,0.0001707186,3,Usługi
Get me a table for 5 at a restaurant which serves south tyrolean .,1,4,1,0.000246588,3,Usługi
Is Green Grass Widows playing at the cinema,6,4,0,0.00017562178,3,Usługi
Need to book a reservtion for a restaurant in Maryland for me and my half sister,1,3,1,0.0018163271,3,Usługi
Rate The Black Mask 1 of 6 stars,4,2,0,0.0001969832,3,Usługi
Give one out of 6 stars to The Shiva Option,4,2,0,0.00017039385,3,Usługi
Restaurant in Brokaw for a cuisine russian far restaurant,1,4,1,0.00062803144,3,Usługi
give the current book zero of 6,4,2,0,0.00019621491,3,Usługi
I would like to book a goan restaurant for 8,1,4,1,0.0039070603,3,Usługi
I would like an outdoor cafeteria for 3,1,4,1,0.0019188471,3,Usługi
Please play something good from U-roy .  Any song from 1975 on Zvooq will do.,3,1,0,0.00015480649,3,Usługi
What's the weather in twenty five days in Hagerman National Wildlife Refuge,2,4,1,0.00020014099,3,Usługi
Is it going to be hot in Chrisman,2,4,1,0.00017537078,3,Usługi
Book the Union Oyster House in Guanica Puerto Rico .,1,3,1,0.00056114537,3,Usługi
"What is the weather in Shenandoah Heights , Montenegro",2,4,1,0.00013007293,3,Usługi
I'd like to hear a track by Theo Keating .,3,1,0,0.00015181214,3,Usługi
what is the twenty one o'clock forecast for the current spot,2,4,1,0.0006184792,3,Usługi
Give a 4 star rating to Fear and Loathing on the Campaign Trail ’72,4,2,0,0.00018289202,3,Usługi
Play fourties soundtrack from Hamish Maccunn,3,1,0,0.00013319486,3,Usługi
rate this chronicle 3 stars,4,2,0,0.00018953036,3,Usługi
i want to watch Mr. and Mrs. Bridge at a nearest cinema,6,4,0,0.00022593369,3,Usługi
Find the schedule for The Tale of Sweeney Todd at seven o'clock .,6,4,0,0.00015664079,3,Usługi
"Please book me a table for 6 people at Top of the Mark in Raleigh Hills , Kentucky",1,4,1,0.00037813617,3,Usługi
"book a mexican brasserie close by Woodcliff Lake for a party of 7 on April 25, 2026",1,4,1,0.00042777738,3,Usługi
Book a table for 1 person at a popular brasserie in Jansen that serves english food,1,4,1,0.00043164857,3,Usługi
Will it be freezing close to my current location,2,4,1,0.00018455915,3,Usługi
What is the weather like in the city of Frewen in the country of Venezuela,2,4,1,0.00029760654,3,Usługi
book a delicatessen that is indoor for 3,1,3,1,0.00089200423,3,Usługi
Book the Dunbrody Country House Hotel in NE for 8 people.,1,3,1,0.0040708478,3,Usługi
I need a table for four at ten PM . in Dodge Park,1,4,1,0.00016982818,3,Usługi
What is the weather forecast for Maryland,2,4,1,0.009948336,3,Usługi
What will the weather be in Peru ?,2,4,1,0.00015307308,3,Usługi
Will there be rain next year in New Hampshire ?,2,4,1,0.00053179485,3,Usługi
Please play a song off the Curtis Lee album Rough Diamonds,3,1,0,0.0002329433,3,Usługi
book in OH in Gurabo for velma and gloria,1,1,1,0.0013499059,3,Usługi
book a bar table for Tonight for rajasthani food,1,4,1,0.0018972778,3,Usługi
Will it be warmer in Poplar Bluff,2,4,1,0.00017939588,3,Usługi
Tell me the weather forecast for Croatia now,2,4,1,0.12346463,3,Usługi
Give this book a rating of 3 out of 6 points .,4,2,0,0.00020264053,3,Usługi
Book a steakhouse with a spa for seven people.,1,3,1,0.0058175013,3,Usługi
whats the weather in GA,2,4,1,0.00012156029,3,Usługi
play some grunge,3,1,0,0.00016590716,3,Usługi
Book a table for 2 at the Seward Community Cafe within the same area in Shabbona,1,4,1,0.00026377014,3,Usługi
Book a restaurant for 9 people.,1,3,1,0.0002655484,3,Usługi
Book a food court in Raytown Arizona that serves green bean casserole on july 20th .,1,4,1,0.0068622646,3,Usługi
Will it snow this week in Parc national de Petrified Forest ?,2,4,1,0.00051938556,3,Usługi
Find me showtimes for A Christmas Story starting at eleven o'clock .,6,4,0,0.00014573752,3,Usługi
"What will the weather be within the same area in Minnesota on June 27th, 2023 ?",2,4,1,0.00023125415,3,Usługi
Is it going to get colder at my current location by 10 am,2,4,1,0.00019281612,3,Usługi
I need a table at The Ledbury at 18 o'clock,1,4,1,0.00015924494,3,Usługi
What is the weather in South Bradenton,2,4,1,0.00014116548,3,Usługi
Play a record from 2010 .,3,1,0,0.00012561546,3,Usługi
I need the weather at noon for E.A. Vaughn Wildlife Management Area,2,4,1,0.00014685656,3,Usługi
Need a booking for 6 in OK for the city of Boonton,1,4,1,0.00016785484,3,Usługi
Book a brasserie in Cuney for seven people.,1,3,1,0.0021501249,3,Usługi
movie schedule at Cinemark Theatres,6,4,0,0.00018459372,3,Usługi
Is it cold in Brian Head,2,4,1,0.00017177507,3,Usługi
Book a table for 2 people at a restaurant with parking,1,4,1,0.0005479172,3,Usługi
"Will there be a snowstorm this weekend in Bear River , Arizona",2,4,1,0.00046471567,3,Usługi
What's the weather forecast for here ?,2,4,1,0.0006922465,3,Usługi
find a book called Kiss Symphony - Alive IV,5,3,0,0.00025997203,3,Usługi
book for two in Jordan that is close,1,3,1,0.0015268923,3,Usługi
Show me the Lights Out saga,5,3,0,0.00022322158,3,Usługi
"Want a table at Monty’s Hotel, Secunderabad in the state of Vermont",1,4,1,0.00032541523,3,Usługi
I'm giving 0 points to A New Lease of Death .,4,2,0,0.00017874173,3,Usługi
Can you give me the forecast for Osgood,2,5,1,0.8416805,3,Usługi
Find Zorro the game,5,3,0,0.00020747137,3,Usługi
What's the weather in South Hill,2,4,1,0.00012966161,3,Usługi
Will it be hotter in Pecan Grove,2,4,1,0.00018698776,3,Usługi
find a book called The Mad Magician,5,3,0,0.00033262584,3,Usługi
When is We Stick Together Through Thick and Thin playing at ArcLight Hollywood ?,6,4,0,9.727536e-05,3,Usługi
what is the Bahamas forecast for stormy weather at 074321,2,4,1,0.00020976373,3,Usługi
give 1 points to current textbook,4,2,0,0.00017605828,3,Usługi
Play me a Patrick Cowley ballad,3,1,0,0.00019940671,3,Usługi
What's the temperature here,2,4,1,0.00014132936,3,Usługi
weather for MA in the morning,2,4,1,0.00013292726,3,Usługi
"Can you tell me what the weather is doing in North Epworth , Guam",2,4,1,0.0005968065,3,Usługi
add this artist to the This Is Dirty Projectors playlist,0,0,0,0.0001780396,3,Usługi
Book me a restaurant for nine in Statham,1,4,1,0.0004924499,3,Usługi
Give The Whisperer a rating of 0 .,4,2,0,0.00018796213,3,Usługi
I would like to find a cafe that serves grilled meat close by in Tunisia and need a table for 2 one second from now .,1,4,1,0.00034235456,3,Usługi
add abrar ul haq to Confidence Boost,0,0,0,0.0001938173,3,Usługi
Incorporate a russel walder track onto gay's Funk Rock playlist.,0,0,0,0.00016806253,3,Usługi
I'd like to reserve a spot at a bakery in Guyana in feb .,1,4,1,0.00055734796,3,Usługi
Play The Wizard And I on Zvooq,3,1,0,0.00012945176,3,Usługi
Show me the movie times,6,4,0,0.00020855441,3,Usługi
How is the weather in OH ?,2,4,1,0.00015763495,3,Usługi
Forecast for Switzer,2,3,1,0.00036058258,3,Usługi
in twenty three hours and 1 second my daughter and I want to eat at a restaurant,1,4,1,0.00021157577,3,Usługi
Add J J Cale to my heavy gamer playlist.,0,0,0,0.00016676357,3,Usługi
What time is Wild and Wooly playing,6,4,0,0.0001049266,3,Usługi
"What is the weather forecast for East Cleveland , Republic of the Congo",2,4,1,0.0009395986,3,Usługi
Will it get chillier in 12 years in Greenland ?,2,4,1,0.0006456255,3,Usługi
Give me the movie times at Goodrich Quality Theaters .,6,4,0,0.0002560213,3,Usługi
Reserve me a resturant for 5 at seventeen o'clock,1,4,1,0.00037885498,3,Usługi
Want to play Christina Schollin Lastfm,3,1,0,0.00015047782,3,Usługi
Can you get a table at The Triple Door in District Of Columbia for me and deborah vasquez,1,4,1,0.0006485276,3,Usługi
book a highly rated bar in Burkina for georgia and I,1,2,1,0.0027235646,3,Usługi
show the trailer of Deadly Skies,5,3,0,0.00029918624,3,Usługi
What time is Crush and Blush playing at Kerasotes Theatres,6,4,0,0.00015913164,3,Usługi
Add r u still in 2 it to the under the surface playlist,0,0,0,0.00015213185,3,Usługi
book north indian osteria at 12 am,1,4,1,0.00037492652,3,Usługi
rebekah taylor and marcie need reservations at The Clink in Senegal .,1,4,1,0.00029115364,3,Usługi
I'd like to watch Abbott and Costello Meet the Keystone Kops at Amco Entertainment at 040811 AM,6,4,0,0.0001543371,3,Usługi
zero points for Birds of South Asia. The Ripley Guide,4,2,0,0.00018471797,3,Usługi
Check movie schedules and find which animated movies are being aired in the neighborhood movie halls.,6,4,0,0.00021750215,3,Usługi
I would like to book at Clinton Street Baking Company & Restaurant in Brookneal .,1,4,1,0.0005774334,3,Usługi
book a spot for ten at a pizzeria that has tourte in Minnesota in 22 and a half weeks in Yamhill,1,4,1,0.00021045214,3,Usługi
I need to go to a restaurant a safe distant from the United States,1,4,1,0.0004905437,3,Usługi
I am rating this book under the series section a three out of 6 stars,4,2,0,0.00017874566,3,Usługi
Tell me the weather forecast for WY,2,4,1,0.16530277,3,Usługi
Play Lenny Kaye music.,3,1,0,0.00012672631,3,Usługi
Need weather forecast for Stacy in Vanuatu,2,4,1,0.005559435,3,Usługi
I need reservations in ND in the city of Briarwood for me and my colleagues .,1,4,1,0.0005640642,3,Usługi
add the track by Paul Gray to my 2010s smash hits playlist,0,0,0,0.00018013547,3,Usługi
Please book a restaurant room which serves hangtown fry dish in Jagual,1,4,1,0.003637045,3,Usługi
show creativity of The Force Behind the Power,5,3,0,0.0003316725,3,Usługi
Please add Ruud Jolie to my playlist Guest List Polygon,0,0,0,0.00015727329,3,Usługi
When can I see The Crew of the Dora,6,4,0,0.000111229,3,Usługi
Book a table for 1 somewhere in Andorra,1,4,1,0.00810994,3,Usługi
Add One Good Reason to the bachelor party playlist,0,0,0,0.00018914767,3,Usługi
rate this saga 1 points,4,2,0,0.00019083059,3,Usługi
What's the weather in Andorra,2,4,1,0.00017200374,3,Usługi
Will it get warmer by 5 am in Washington ?,2,4,1,0.00020892818,3,Usługi
book a spot in town in the same area as me,1,3,1,0.0008388245,3,Usługi
"Will it be warmer at lunch in Prentice , Armenia",2,4,1,0.00017813325,3,Usługi
"Will the sun be out in 1 minute in Searcy , Uganda",2,4,1,0.00014106525,3,Usługi
Take me to the top-rated taverna in Sealy for trattoria next week for 5,1,2,1,0.0009568117,3,Usługi
What animated movies are playing at IMAX Corporation ?,6,4,0,0.0002379423,3,Usługi
Will it be freezing in New Preston Venezuela ?,2,4,1,0.00019748039,3,Usługi
Book me seating at a popular joint for Sep. the 10th,1,4,1,0.00015092113,3,Usługi
Where to watch show Extremely Live,5,3,0,0.00024412124,3,Usługi
When is Just Before Nightfall playing?,6,4,0,0.000212938,3,Usługi
"Will there be a snowstorm in Slick , OR four hours from now ?",2,4,1,0.00027287082,3,Usługi
I'd like to watch Sherlock Holmes à New York at KB Theatres,6,4,0,0.00017441905,3,Usługi
give Rathinirvedam a rating of 3 out of 6,4,2,0,0.00017545538,3,Usługi
Is the weather going to be colder in GU in 11 years,2,4,1,0.00024304083,3,Usługi
I'd rate the current essay as a 2,4,2,0,0.0001822684,3,Usługi
Please book me a table for three at an american gastropub,1,4,1,0.00023138835,3,Usługi
I'd give A Man Called Ove a 1,4,2,0,0.00020144871,3,Usługi
"I need a reservation for me, edna and alyson at the steakhouse called smoking room",1,4,1,0.00035857485,3,Usługi
Book me a restaurant in Henlopen Acres for a party of two .,1,4,1,0.0029881976,3,Usługi
What is the weather like in Long Beach United Kingdom,2,4,1,0.0001399066,3,Usługi
What is the weather going to be like in Flint Hill in 9 years,2,4,1,0.00019079316,3,Usługi
What does it feel like in East Cove National Wildlife Refuge,2,4,1,0.0034899653,3,Usługi
What is the current weather forecast for Diamondville ?,2,4,1,0.0008083581,3,Usługi
What is the weather in Mascotte,2,4,1,0.000131637,3,Usługi
Book a pub with a pool in White Heath South Carolina .,1,3,1,0.0067307535,3,Usługi
can you find me a showing for Before the Music Dies in one second ?,6,4,0,0.00013420104,3,Usługi
Go to movie times at IMAX Corporation,6,4,0,0.00027251572,3,Usługi
"Please make me reservations somewhere for eight people in Foley , NV",1,4,1,0.00037283608,3,Usługi
find the game Endangered Species,5,3,0,0.00031741388,3,Usługi
What is the foreast for my current location,2,4,1,0.0022653232,3,Usługi
Find a soundtrack called Meet The Vogues .,5,3,0,0.000261706,3,Usługi
Will it feel nice here or within the same area,2,4,1,0.004038179,3,Usługi
Will it be windy in Tequesta ?,2,4,1,0.00023194794,3,Usługi
"I liked Ports of Call , I'd give it a 5 out of 6 .",4,2,0,0.00017683493,3,Usługi
was the weather colder last August at Stunt Ranch Santa Monica Mountains Reserve,2,4,1,0.00014653115,3,Usługi
I would like to hear a song by Tim Reynolds,3,1,0,0.00015210899,3,Usługi
"I need a table at Light Horse Tavern in City of the Dalles NH for kathleen, brianna and I",1,4,1,0.00019752352,3,Usługi
I need a weather forecast for Laos at one am,2,4,1,0.00025469644,3,Usługi
Add kaya newest track to my I Love My '00's R&B playlist,0,0,0,0.00016725283,3,Usługi
What will the weather be in Cummings Mississippi in eleven years,2,4,1,0.00019079846,3,Usługi
I want to book the best steakhouse with south american cuisines in Alaska,1,5,1,0.9695322,3,Usługi
Can you play me some Pop-folk music,3,1,0,0.00017018893,3,Usługi
book a stracciatella provider coffeehouse for 10,1,3,1,0.0004969742,3,Usługi
Rate A Battle of Nerves three stars out of 6,4,2,0,0.00018423922,3,Usługi
Can you play me the latest theme song by Warren Vache,3,1,0,0.00015632767,3,Usługi
Book me a table for 3 at TKK Fried Chicken in Sri Lanka,1,4,1,0.00017102041,3,Usługi
showings for animated movies in the area,6,4,0,0.00023039927,3,Usługi
Weather next year in Dominica,2,4,1,0.0001710126,3,Usługi
"Will it get colder in Camp San Saba , Latvia in one minute and eight seconds",2,4,1,0.00018646759,3,Usługi
book a table for ten people at a restaurant that serves noodle,1,4,1,0.0008398473,3,Usługi
"i want to see Love, Speed and Thrills at the nearest cinema",6,4,0,0.0001735821,3,Usługi
table for 1 please,1,4,1,0.0015379158,3,Usługi
What will it be like in six PM at the current place,2,4,1,0.0001680679,3,Usługi
rate this book chronicle 1 points,4,2,0,0.00018513971,3,Usługi
What's the weather forecast in Melcher-Dallas ?,2,4,1,0.00019206453,3,Usługi
What's the weather in Paris ?,2,4,1,0.00019220854,3,Usługi
Can I get a table at The Fort ?,1,4,1,0.0003521525,3,Usługi
What is the forecast for this afternoon for blizzard conditions in Dieterich Chad,2,4,1,0.00044209577,3,Usługi
Make me a reservation at a popular place that serves udupi at a restaurant,1,4,1,0.00018100775,3,Usługi
Make me a reservation somewhere outdoor in Port Wentworth for a party of five at a coffeehouse in ten months that is distant,1,4,1,0.00023021383,3,Usługi
Play a seventies Tom Thacker ballad,3,1,0,0.0001355543,3,Usługi
Play me some music youtube,3,1,0,0.000160471,3,Usługi
Will there be a storm nearby,2,4,1,0.00030710892,3,Usługi
play music by Odd Nosdam,3,1,0,0.00013516562,3,Usługi
What is the forecast for here,2,4,1,0.022860674,3,Usługi
I'd like to eat at a highly rated pub with 6 people,1,2,1,0.0005111164,3,Usługi
show the creativity of Ghost Dragon of Cold Mountain,5,3,0,0.0002817647,3,Usługi
I want to book a doughnut bar in AMerican Samoa,1,3,1,0.0014263516,3,Usługi
Will it be cloudy not far from Allenton,2,4,1,0.00026015795,3,Usługi
What is the weather looking like right now in WY ?,2,4,1,0.00016444555,3,Usługi
What's the weather forecast not far from here ?,2,4,1,0.00036778118,3,Usługi
open Deezer and search for Scott Miller and play some of his new songs,3,1,0,0.00026061578,3,Usługi
what films are playing at the closest movie house,6,4,0,0.00022092513,3,Usługi
Book a table at a brasserie far from my Livonia Av .,1,3,1,0.00039980444,3,Usługi
What will the weather be here at 070800 am,2,4,1,0.00012258766,3,Usługi
Give the current book 0 points .,4,2,0,0.00020125984,3,Usługi
Is there any snowfall in Shubuta,2,4,1,0.0003296174,3,Usługi
I want a table for 9 at the taverna pub,1,4,1,0.00014312031,3,Usługi
"What time is Careful, He Might Hear You playing at the cinema",6,4,0,0.00015408514,3,Usługi
what is the Lualualei forecast for one minute from now,2,4,1,0.00029420046,3,Usługi
How chilly will it get here ?,2,4,1,0.00024984224,3,Usługi
Is there supposed to be snowfall at zero o'clock at Parc national Alerce Andino or anywhere distant,2,4,1,0.0001531242,3,Usługi
Find me the soundtrack called Enter the Chicken,5,3,0,0.00032397293,3,Usługi
How will be the weather in Waltersville in one hour ?,2,4,1,0.00015771114,3,Usługi
I want to book a popular tyrolean steakhouse in Madison Park WA in 1 hour nine minutes and one second,1,4,1,0.00042439954,3,Usługi
Play me a song from 1972 by Sweet Emma Barrett,3,1,0,0.00012947772,3,Usługi
I need a table for 4 in Saint Helena at Settha Palace Hotel,1,4,1,0.00020527905,3,Usługi
What kind of weather will be in Ukraine one minute from now ?,2,4,1,0.00015361392,3,Usługi
I need a table at a cafe that serves baeckeoffe,1,4,1,0.00028785985,3,Usługi
book in Ukraine at a highly rated restaurant,1,3,1,0.007436076,3,Usługi
What will the weather be like in the Bahamas eleven years and a half from now,2,4,1,0.0004659165,3,Usługi
at thirteen o'clock book a table for margie and I in Vanuatu,1,4,1,0.00013740313,3,Usługi
I want ohear the 1996 soundtrack from deezer,3,1,0,0.0005105666,3,Usługi
I want to book a sundanese gastropub nearby in Texas for 3 people on 5/20/2025 .,1,4,1,0.0016162574,3,Usługi
Will there be a blizzard in Woodmere,2,4,1,0.00030902732,3,Usługi
What was the weather last February in William A. Switzer Provincial Park ?,2,4,1,0.00027323375,3,Usługi
Is The Little Irish Girl playing,6,4,0,0.00015729116,3,Usługi
Show the latest animated movies movie times for the nearest movie house,6,4,0,0.00022440354,3,Usługi
Book a table for mindy and angelita at a restaurant which serves café liégeois,1,4,1,0.00077513524,3,Usługi
I'm looking for the song called Standing for Something .,5,3,0,0.00031657575,3,Usługi
"Book a pub for two on jan. first, 2037 .",1,4,1,0.0032038027,3,Usługi
Book a restaurant in Darnell .,1,3,1,0.00036102787,3,Usługi
book a table at a churrascaria for august 5 that has parking,1,4,1,0.00038408645,3,Usługi
Add Fair Charlotte to the We Everywhere playlist.,0,0,0,0.00016116143,3,Usługi
"I'd like a table for ten in 2 minutes at French Horn, Sonning Eye",1,4,1,0.00020367341,3,Usługi
I need a table for 4 ; please confirm the reservation.,1,4,1,0.00084224314,3,Usługi
book Red Crown Tourist Court now for ten not far from Tin City,1,4,1,0.00056603993,3,Usługi
I want to book a restaurant in sixteen seconds for 5 people in Gold Point Montana .,1,4,1,0.0008103038,3,Usługi
Book a reservation for Gaslight Tavern on may the twenty-seventh,1,4,1,0.0005926085,3,Usługi
Is it humid in Charenton,2,4,1,0.00017463359,3,Usługi
book a table at a tea house in 21 hours in Northern Mariana Islands,1,4,1,0.00038177115,3,Usługi
When will the Santikos Theatres be showing animated movies,6,4,0,0.00018952819,3,Usługi
Rate the current textbook one of 6 stars,4,2,0,0.00019308086,3,Usługi
Is it supposed to be sunny here,2,4,1,0.00059006776,3,Usługi
How will the weather be this month in OR,2,4,1,0.00014931767,3,Usługi
Book me a table for 2 in 6 years at a restaurant that serves potée,1,4,1,0.00035210294,3,Usługi
What is the weather forecast for Garrison,2,4,1,0.0010354395,3,Usługi
what is the weather forecast here one minute from now,2,4,1,0.00027410287,3,Usługi
what is the forecast for cold temps in West Virginia next autumn,2,4,1,0.00039772844,3,Usługi
rate current book 0 stars,4,2,0,0.00018441802,3,Usługi
add tune to my this is john williams playlist,0,0,0,0.00014861341,3,Usługi
add Billy Martin album to my legendary guitar solos playlist,0,0,0,0.000165304,3,Usługi
"Is it going to be snowy in Concord , Utah ?",2,4,1,0.0002817466,3,Usługi
book a bar close by with a smoking room in MA,1,4,1,0.0013819202,3,Usługi
rate the current essay a three,4,2,0,0.0001759719,3,Usługi
The trapaholics needs another artist added.,0,0,0,0.00022274362,3,Usługi
add this artist to my Electronic Bliss playlist,0,0,0,0.00017926178,3,Usługi
Do you know if it will be chilly today in Puerto Rico,2,4,1,0.0004837681,3,Usługi
Book the CityZen for six people.,1,3,1,0.00018942558,3,Usługi
What time is The Christmas Toy playing at Loews Cineplex,6,4,0,0.00011573623,3,Usługi
Where can I find the TV show MetaboLights,5,3,0,0.00047473508,3,Usługi
Check films screened at the closest cinema,6,4,0,0.00023655212,3,Usługi
Is it chilly in FM,2,4,1,0.00018576966,3,Usługi
What is the current temperature here,2,4,1,0.00021788824,3,Usługi
Book me a pizzeria that serves oreo for eight,1,4,1,0.011584411,3,Usługi
Give me Slovakia 's weather forecast for eight am,2,4,1,0.00097357715,3,Usługi
What is the weather forecast in Canfield at 222322,2,4,1,0.00018314732,3,Usługi
rate this essay one out of 6 stars,4,2,0,0.00019969534,3,Usługi
Tell me the weather forecast for Northern Mariana Islands one second from now,2,4,1,0.00042716824,3,Usługi
Book osteria restaurant for 1 person in MI .,1,4,1,0.028028587,3,Usługi
Look for the trailer to Hickory Daily Record .,5,3,0,0.00023097263,3,Usługi
I feel that Sons and Lovers deserves a rating of 2 .,4,2,0,0.00016148022,3,Usługi
Add Milas Poli to my Indie Bluegrass,0,0,0,0.00015347927,3,Usługi
Is it humid in my current spot,2,4,1,0.00023487429,3,Usługi
Rate this chronicle 0 stars,4,2,0,0.00019073632,3,Usługi
Will it get windy close by here ?,2,4,1,0.0003863779,3,Usługi
Is it chillier here,2,4,1,0.00063720555,3,Usługi
I need to book a restaurant at supper time in IL,1,4,1,0.00020869741,3,Usługi
Will it be colder in San Pablo today ?,2,4,1,0.0003725368,3,Usługi
book at Beardslee Castle in Fairview Lanes for fifteen o'clock,1,4,1,0.00023878239,3,Usługi
book me a restaurant in Freshwater Bay for ava and I in Alaska,1,4,1,0.005762953,3,Usługi
Where can I view the trailer Jeeves and Wooster in Perfect Nonsense,5,3,0,0.00036472594,3,Usługi
What's the weather going to be like at my current spot at 7 am,2,4,1,0.00013412608,3,Usługi
What is the weather for Charlotte Hall Saint Kitts and Nevis,2,4,1,0.00012659944,3,Usługi
I'd like seats for one at a restaurant in 1 hour at a place in La Madera that has parking,1,4,1,0.00022743261,3,Usługi
what is the forecast for 6 am in Aruba,2,4,1,0.0003260488,3,Usługi
Tell me if it'll be freezing this year in ID,2,4,1,0.0014655561,3,Usługi
"Book a table for four in Orchard Grass Hills , NV",1,4,1,0.024739273,3,Usługi
book a restaurant for 2 that has internet,1,3,1,0.0004145771,3,Usługi
show freezing forcast now within the same area in North Dakota,2,3,1,0.00015946162,3,Usługi
Play track Ai Se Eu Te Pego on google music from artist Maestro,3,1,0,0.00014095992,3,Usługi
"Please reserve a table at the food truck in Wheeler for december 4th, 2019",1,4,1,0.00043502214,3,Usługi
find the novel Playlist The Very Best of Brad Paisley,5,3,0,0.0018896982,3,Usługi
I'd like to see Forgetting the Girl .,6,3,0,0.0002444499,3,Usługi
weather in Bashkirsky Nature Reserve 20 days from now,2,4,1,0.00014989704,3,Usługi
What is the temperature at Eifel National Park,2,4,1,0.00017921573,3,Usługi
forecast for Conrad,2,3,1,0.0002049526,3,Usługi
I would like a restaurant reservation for this year for 4 people.,1,4,1,0.0002945001,3,Usługi
What is the temperate in Beltsville,2,4,1,0.0005283321,3,Usługi
How will the weather be in six and a half months in CO ?,2,4,1,0.00019302886,3,Usługi
Play Donna Summer,3,1,0,0.0001602964,3,Usługi
Will it be sunny in Occoquan Bay National Wildlife Refuge by tea time?,2,4,1,0.0001458894,3,Usługi
What's the weather close to Cambodia at 054413,2,4,1,0.00016562469,3,Usługi
Play a song by Tim Finn on Last Fm,3,1,0,0.0001316479,3,Usługi
Book the Great House at Sonning distant from Gun Hill Rd .,1,3,1,0.019799087,3,Usługi
Find a table for madge and tami at a faraway joint on Sterling St that serves chicken divan,1,4,1,0.00015770573,3,Usługi
We want to eat at a brasserie with sicilian food in Nebraska,1,4,1,0.00018129309,3,Usługi
Show The Bridge of San Luis Rey picture,5,3,0,0.00021975342,3,Usługi
show weather forcast for February the 8th on current spot in neighboring,2,3,1,0.00031546957,3,Usługi
Will it be rainy at Sunrise in Ramey Saudi Arabia ?,2,4,1,0.00016445758,3,Usługi
Book a gastropub in Rose Creek for elevenses .,1,4,1,0.00337157,3,Usługi
I need a reservation for 4 in Illinois,1,4,1,0.00040934465,3,Usługi
Please find a restaurant in Sierraville Wyoming that has room for 6,1,4,1,0.00070069416,3,Usługi
add a tune in women of classical,0,0,0,0.00019137411,3,Usługi
put Before the Eulogy onto Acoustic Blues,0,0,0,0.00020956641,3,Usługi
book a brasserie for seven in West Yellowstone,1,3,1,0.0017104287,3,Usługi
find The Magical World of Roger Whittaker,5,3,0,0.00042903214,3,Usługi
Get me a table at a bar which has a spa .,1,4,1,0.00057331997,3,Usługi
Where can I purchase the TV series Liar Game - The Final Stage,5,3,0,0.0003233348,3,Usługi
Please find me Phineas Redux .,5,3,0,0.00016724938,3,Usługi
Is it going to rain in Kansas by march 4,2,4,1,0.00026853004,3,Usługi
Book a gastropub that has balinese food in twenty hours in Comunas for my nephew and I,1,4,1,0.0005120938,3,Usługi
Will it be freezing here at 063122 am,2,4,1,0.00016652927,3,Usługi
"book a restaurant for 2 in Cross Timbers , District Of Columbia",1,3,1,0.002733271,3,Usługi
Book a reservation for seven people at Fraser Mansion in IL,1,4,1,0.00032813137,3,Usługi
book a table for me and savannah in Lauderdale Lakes,1,3,1,0.002020506,3,Usługi
Will the weather in Falcon Heights call for rain ?,2,4,1,0.00023894108,3,Usługi
Find me a table for two at seven somewhere in Australia,1,4,1,0.00018507792,3,Usługi
What's the weather on Bird Island Burkina at shavuot,2,4,1,0.00013569626,3,Usługi
What is the forecasted weather for Ninaview ?,2,4,1,0.00042032567,3,Usługi
I need to book a restaurant in the same area as Thompsontown for emma and karen johnson,1,4,1,0.00556838,3,Usługi
book Tun Tavern for morning in Norfolk Island,1,3,1,0.00018936659,3,Usługi
reserve a spotat the food truck twelve weeks from now,1,4,1,0.00094605814,3,Usługi
Show the forecast for two years from now in Lake Telemark Sudan,2,4,1,0.0015680672,3,Usługi
Big Breasts and Wide Hips is terrible and 1 out of 6,4,2,0,0.00017596789,3,Usługi
I'd like to eat at the oyster bar for a party of one that has internet,1,4,1,0.00028326205,3,Usługi
How much wind will there be in NM on november 11th,2,4,1,0.00016915382,3,Usługi
Show me when and where I can see Song of Summer,6,4,0,0.00013000012,3,Usługi
What's the forecast for Pipe Spring National Monument ?,2,4,1,0.0035953482,3,Usługi
when is Good Will Evil playing at Loews Cineplex Entertainment,6,4,0,9.1630594e-05,3,Usługi
will there be hail in Kaffir,2,4,1,0.00021684397,3,Usługi
I need a reservation for ten in Wisconsin,1,4,1,0.00028641446,3,Usługi
What is the weather forecast for my current place ?,2,4,1,0.0009695405,3,Usługi
Is it humid in Kuwait,2,4,1,0.00024424025,3,Usługi
Find a table for one at a popular churrascaria for three weeks from now,1,4,1,0.00016129056,3,Usługi
Is it going to be stormy close to Australia,2,4,1,0.00028237826,3,Usługi
I want to take four friends to the pub for some tuna casserole,1,4,1,0.00088005554,3,Usługi
Please search for the Journal of Official Statistics show .,5,3,0,0.0004212422,3,Usługi
rating points for Castles of Steel out of 6 are 5,4,2,0,0.00019298588,3,Usługi
What's the weather like today in Plankinton ?,2,4,1,0.00019018665,3,Usługi
Rate the current novel 3 stars,4,2,0,0.00019497362,3,Usługi
find start time in 12 seconds for National Bomb,6,4,0,0.00012427817,3,Usługi
pizzeria restaurant in Kellnersville HI that is outdoor for ten,1,4,1,0.00015215007,3,Usługi
Book a reservation for four at the best brasserie in Venezuela,1,4,1,0.00023430254,3,Usługi
Will the sun be out close-by Admiralty Island National Monument ?,2,4,1,0.00031573136,3,Usługi
Book a restaurant in Mauritania for 1 person.,1,3,1,0.0047017164,3,Usługi
book trentino serving bar for 4,1,4,1,0.018378958,3,Usługi
I need info on the video game Iron Fist,5,3,0,0.0004241532,3,Usługi
Will it be chilly in two hundred thirteen days at Dochū-Kōtsu Prefectural Natural Park,2,4,1,0.00025142296,3,Usługi
add space cowboy to my the funny thing about football is playlist,0,0,0,0.00020114817,3,Usługi
Where can I buy the movie Totality,5,3,0,0.00028769326,3,Usługi
Will it be chilly in Liberty City Bhutan ?,2,4,1,0.00019796593,3,Usługi
What is the weather like in North Salt Lake and Afghanistan ?,2,4,1,0.00024265939,3,Usługi
I give the following textbook 3 points .,4,2,0,0.00021267473,3,Usługi
will there be s snowstorm at my current location this week,2,4,1,0.00012708265,3,Usługi
What is the weather nearby Bermuda a week from now,2,4,1,0.00021983511,3,Usługi
I want seats for four at a place in RI,1,4,1,0.00022469476,3,Usługi
I want to book a joint in a spa .,1,3,1,0.00083531777,3,Usługi
find a movie theatre with Rogues and Romance that is nearest,6,4,0,0.00019251197,3,Usługi
Tell me if it will it be windy in Grizzled Squirrel Wildlife Sanctuary,2,4,1,0.00029417934,3,Usługi
How much snow will we get this week in Massachusetts ?,2,4,1,0.0004665655,3,Usługi
is it overcast close-by in Illinois,2,4,1,0.00020578144,3,Usługi
book The Lake House for me and carmella,1,3,1,0.00015809319,3,Usługi
restaurant In Zimbabwe that is brasserie and has parking,1,4,1,0.000667017,3,Usługi
add track to dance playlist,0,0,0,0.00016450035,3,Usługi
I'd like to eat at a restaurant in MD with a party of 8,1,4,1,0.0002081798,3,Usługi
Anything close to Smith-9th St that can seat two people about one minute from now ?,1,4,1,0.00030409655,3,Usługi
Will it be warm 1 week from now in DC,2,4,1,0.00021468931,3,Usługi
play some popular bryan gregory songs,3,1,0,0.00012246432,3,Usługi
book a socca serving steakhouse for 2 in Saint James Alabama,1,4,1,0.34381622,3,Usługi
I want to book an ethiopian bar for this Afternoon .,1,3,1,0.001274547,3,Usługi
What kind of weather was forecast near Harmony Flats Nature Reserve last march ?,2,4,1,0.00021021228,3,Usługi
Add a derek watkins tune to This Is Johnny Cash,0,0,0,0.00015407859,3,Usługi
What is the weather forecast here ?,2,4,1,0.0021230076,3,Usługi
Book a restaurant that serves scampi for 10 people.,1,4,1,0.108100265,3,Usługi
Find The Coffin .,5,3,0,0.00019046437,3,Usługi
Play some eighties movement music,3,1,0,0.00013306874,3,Usługi
need a table now somewhere nearby Petit Manan National Wildlife Refuge,2,4,1,0.00047863912,3,Usługi
Is it going to be snowy here,2,4,1,0.0005814017,3,Usługi
is there expected of rainfall in Horton of Connecticut,2,4,1,0.00019872663,3,Usługi
my step aunt and I want to go cheese fries at the tavern,1,4,1,0.00021322335,3,Usługi
Will it be overcast during meal time in NH ?,2,4,1,0.00012211515,3,Usługi
The previous essay gets 0 out of 6 possible stars,4,2,0,0.00019920882,3,Usługi
"I'm looking to book a table at a place in Newton Falls , prefereably within the same area that has space for 6",1,4,1,0.00094454736,3,Usługi
Book a table at a restaurant in the Cayman Islands two hundred ninety six days from now,1,4,1,0.00029225805,3,Usługi
What will the weather be in Monument of Lihula on december the 5th ?,2,4,1,0.00014224782,3,Usługi
book a Ukraine pub serves mineiro,1,4,1,0.0020244645,3,Usługi
Find a soundtrack called The Dragon .,5,3,0,0.0003349127,3,Usługi
book a table in Fairview neighboring the area,1,4,1,0.0047977166,3,Usługi
"Coon Chicken Inn restaurant for 1 am for me, clarice and debbie",1,4,1,0.00016285913,3,Usługi
I want 4813 added to my Rhythm and Blues playlist,0,0,0,0.0001654582,3,Usługi
"What will the weather be in Dane on sep. the fifth, 2030 ?",2,4,1,0.00017922423,3,Usługi
What is the weather forecast two hours and seventeen seconds from now in Elgin Schoolhouse State Historic Site,2,4,1,0.00029649265,3,Usługi
What's the weather for McCracken in Niger,2,4,1,0.00012015683,3,Usługi
"Need a table  for party of five for December 26, 2040 in the state of MT",1,4,1,0.00037589652,3,Usługi
book a spot for six on October fifth in Mineola,1,2,1,0.00015917656,3,Usługi
Find me a table for four somewhere,1,4,1,0.00032451656,3,Usługi
Book a table for three at a restarunt in Federal Hill,1,4,1,0.000393563,3,Usługi
Play some art punk .,3,1,0,0.00019933896,3,Usługi
I'd like to put Ryō Yamazaki onto my sylvia plath playlist.,0,0,0,0.00018225148,3,Usługi
will it be freezing in New Ringgold Nebraska,2,4,1,0.00016967679,3,Usługi
"I'd like a table for natasha, bettye and kimberley at a coffeehouse with a smoking room",1,4,1,0.00025261386,3,Usługi
add Animal Stories to maryanne's by Per Yngve Ohlin,0,0,0,0.00021951029,3,Usługi
Book a reservation for four in Cajah's Mountain in 1 year,1,4,1,0.0006470798,3,Usługi
add this artist to cynthia's fresh finds,0,0,0,0.0001688923,3,Usługi
what is the forecast starting at 8 pm for Alaska,2,4,1,0.0002677412,3,Usługi
Will it be warm in Zambia at 9 PM,2,4,1,0.00015082923,3,Usługi
Can I hear a movement by rookantha gunathilake on the Vimeo service?,3,1,0,0.00015876911,3,Usługi
Add to playlist Confidence Boost Here Comes Santa Claus,0,0,0,0.00018970195,3,Usługi
I need a reservation for Little Grill Collective for supper with eight people,1,4,1,0.00025830333,3,Usługi
Check the forecast for Natchaug State Forest,2,4,1,0.0015225189,3,Usługi
Play Classical X,3,1,0,0.00017317051,3,Usługi
I'm looking to reserve a table at a pasta restaurant in Serbia .,1,4,1,0.0011401459,3,Usługi
Is it foggy in Shelter Island,2,4,1,0.00018366273,3,Usługi
add this album to tgif,0,0,0,0.00015558845,3,Usługi
I'd like to book the best restaurant in AS .,1,4,1,0.0030600356,3,Usługi
Need a table within the same area as Beach 105th St for a party of 6,1,4,1,0.0005733566,3,Usługi
book a spot for eight at a pub in New Mexico,1,4,1,0.00025472487,3,Usługi
Weather within the same area as Qatar at four,2,4,1,0.00014754383,3,Usługi
What is the weather forecast for Nicaragua,2,4,1,0.008839154,3,Usługi
What's the weather in 10 months in Nam Kading National Protected Area,2,4,1,0.0001887485,3,Usługi
Book me an indoor pub in Jersey,1,3,1,0.0009419062,3,Usługi
Please tell me the forecast for here,2,3,1,0.22186814,3,Usługi
Please get me the British Journal of Dermatology game .,5,3,0,0.00059598003,3,Usługi
In Portales Gambia what is the humidity this morning,2,4,1,0.00026998477,3,Usługi
"What is the weather going to be like in twenty three minutes in Parksdale , IN",2,4,1,0.00021390773,3,Usługi
is it going to be chilly on 12/13/2025 in Haugan Pakistan,2,4,1,0.00016214224,3,Usługi
What is the weather forecast one minute from now in Macao,2,4,1,0.0001957206,3,Usługi
How will the weather be at 9 am in Anguilla ?,2,4,1,0.00012846597,3,Usługi
"I'm looking to bring shawn, marguerite and della to a place to eat at near Rwanda .",1,4,1,0.002209023,3,Usługi
What's the weather in Waretown Lebanon,2,4,1,0.00014453297,3,Usługi
"Book a table for 10 people at Harry’s Bar , Benin .",1,4,1,0.004204824,3,Usługi
Is it going to be warm in Cottageville,2,4,1,0.0002223646,3,Usługi
what is the forecast in North Carolina for Edgemoor,2,4,1,0.00027190364,3,Usługi
Weather at breakfast in Montana,2,4,1,0.00013427265,3,Usługi
I want to see Breathless,5,3,0,0.0009087682,3,Usługi
What is the weather forecast in Saint Vincent and the Grenadines ?,2,4,1,0.00043412935,3,Usługi
What will the eather be here next year,2,4,1,0.00039010204,3,Usługi
add lunacy to my chill out playlist,0,0,0,0.00018190754,3,Usługi
What will the weather be in Romania at 4 ?,2,4,1,0.0001212789,3,Usługi
what is the weather in Steward,2,4,1,0.00013214149,3,Usługi
"what is the forecast for Bonner starting oct. 24th, 2025 for Argentina",2,4,1,0.00032071976,3,Usługi
Book a reservation for a bistro,1,3,1,0.00024852433,3,Usługi
have Zvooq play songs from the fifties,3,1,0,0.00012746698,3,Usługi
I need a schedule for the cinema that is showing The Shiralee,6,4,0,0.00017511417,3,Usługi
"casey chavez, lucinda and karina want to eat at a diner on december the 7th",1,4,1,0.0003592767,3,Usługi
I want reservations at a restaurant in Robert Lee for 210517 .,1,4,1,0.0003346366,3,Usługi
Will it be hot in Dongola Cameroon,2,4,1,0.00016104736,3,Usługi
Is it cloudy in the same area of Lynn Shore Reservation,2,4,1,0.00022402433,3,Usługi
"Tell me the weather forecast for Lecanto , Georgia",2,4,1,0.1947782,3,Usługi
play Sivamani,3,1,0,0.00017023007,3,Usługi
there is fog weather in Grand Lake Nebraska,2,4,1,0.0003008726,3,Usługi
book a table at SkyCity in Salado for me and hannah,1,3,1,0.0062813326,3,Usługi
Book COVA in Frisco City for me and therese at eight pm,1,4,1,0.00051856984,3,Usługi
Play Hættuleg Hljómsveit & Glæpakvendið Stella by Kaori Iida,3,1,0,0.00012434334,3,Usługi
The current essay is worthy only of a 0 out 6 score.,4,2,0,0.00021174195,3,Usługi
"I want to book the distant downtown Tribeca Grill for august the twenty-third, 2025 for wilda and jacklyn",1,3,1,0.00061438093,3,Usługi
I'm looking to get a seat at a brasserie in Togo .,1,4,1,0.0003182904,3,Usługi
Book a bistro in New Zealand in 119 and a half days .,1,4,1,0.0007940053,3,Usługi
Add tune to infinite indie folk,0,0,0,0.00017239316,3,Usługi
please book highly rated restaurant with food truck tuscan for me and adela in Hallam Indiana,1,2,1,0.003740718,3,Usługi
I want to book a restaurant for supper in Kellerton for 2,1,4,1,0.0045238403,3,Usługi
I'd like to book 4 seats at a restaurant .,1,4,1,0.00522107,3,Usługi
I need a table at a steakhouse in Encino that serves meatcake,1,4,1,0.00029651294,3,Usługi
What's it like in Bahrain right now ?,2,4,1,0.0045167827,3,Usługi
"What will the weather be at ten am in Fourche , NV",2,4,1,0.00014715918,3,Usługi
I need to reserve a table for me and my mom at the nearest restaurant in the state of MH .,1,4,1,0.00023489863,3,Usługi
Add this track to the playlist kickass metal,0,0,0,0.00016258289,3,Usługi
"Book reservations at a restaurant with vickie and caitlin on February the second, 2018",1,4,1,0.0012306652,3,Usługi
What will the weather be in Palm Bay PA ?,2,4,1,0.00012977487,3,Usługi
fimd Glory,5,3,0,0.00069733267,3,Usługi
Book a table for 6 in New Hampshire for next week .,1,4,1,0.00085357664,3,Usługi
book a pub for pepperoni near their house and not far,1,4,1,0.0004789992,3,Usługi
"What will the weather be like 56 weeks from now , will there be sun in Tabor ?",2,4,1,0.00018582353,3,Usługi
need a table at a restaurant serving foie gras on halloween for two at Northern Mariana Islands,1,4,1,0.00015404956,3,Usługi
I'd like a restaurant on 6/1/2027 for 5 people in Iowa City,1,4,1,0.00044012995,3,Usługi
add the artist joseph meyer to my mad cool festival 2017 playlist,0,0,0,0.00019138178,3,Usługi
I want to watch TV series The Practical Pig,5,3,0,0.00018632915,3,Usługi
Add this song to Blues Roots,0,0,0,0.00015758157,3,Usługi
I want to take my mom and I to the tea house,1,4,1,0.00074757735,3,Usługi
What will the weather be here on dec. 7th ?,2,4,1,0.00017501859,3,Usługi
"Book a table at Central Grocery on Mar. 22nd, 2020",1,4,1,0.00096100155,3,Usługi
What weather is predicted for Loyalhanna ?,2,4,1,0.00017917636,3,Usługi
I would like to book a brasserie for nine in AR,1,4,1,0.0004517471,3,Usługi
give 0 out of 6 points to current book,4,2,0,0.00018943836,3,Usługi
book Itsu for Tonight,1,3,1,0.0002029268,3,Usługi
I am giving this current textbook 4 stars,4,2,0,0.00018586419,3,Usługi
Give the current book 4 stars,4,2,0,0.0001880553,3,Usługi
what is the forecast for the current position,2,4,1,0.0139561575,3,Usługi
I'd like to book a reservation for next Spring for nine people at Shore Club .,1,4,1,0.00024816382,3,Usługi
What's the weather forecast for Coats ?,2,4,1,0.0026035141,3,Usługi
Book a spot for me and kathrine at Smithville,1,4,1,0.0013390552,3,Usługi
"Book a table for nine people at a brasserie on Jan. 16, 2034",1,4,1,0.0003726866,3,Usługi
Will it snow in AMy,2,4,1,0.00034754936,3,Usługi
"at two am , I need reservations for my friends and I at Irma Hotel .",1,4,1,0.00017885187,3,Usługi
find a television show called I Got a Bag of My Own,5,3,0,0.00031783443,3,Usługi
Play Geddy Lee music on Spotify sort by top,3,1,0,0.00013268097,3,Usługi
Weather in Kaneville Maryland,2,4,1,0.00012933736,3,Usługi
book cornelia and bettie a table at a brasserie restaurant in Colombia,1,3,1,0.00781474,3,Usługi
SHOW movie schedule,6,4,0,0.00019654517,3,Usługi
What will the weather be in Nationalpark Rila on Nov. 25 ?,2,4,1,0.00015164106,3,Usługi
I would like to book a donut serving delicatessen in Cuba for 5 on april eleventh,1,4,1,0.0007822399,3,Usługi
Book a restaurant in FL in the city of Lochearn for my step son and I,1,3,1,0.0040332666,3,Usługi
I want to go to the Freight House in Gabon,1,4,1,0.0005853068,3,Usługi
What's the weather forecast for Baker City ?,2,4,1,0.002202843,3,Usługi
How much humidity is there in UT ?,2,4,1,0.00039132894,3,Usługi
book a table in Greece for 4,1,2,1,0.0012124721,3,Usługi
Is there a lot of sun in Qatar ?,2,4,1,0.00034183808,3,Usługi
Book a restaurant in the Marshall Islands for two people.,1,3,1,0.0008172933,3,Usługi
I would like to book a restaurant in Poncha Springs for 8 at 0032 am,1,4,1,0.00019818668,3,Usługi
put Edwyn Collins onto my Trabajo Relax playlist,0,0,0,0.00017054657,3,Usługi
What will the weather be in Virginia ?,2,4,1,0.00017042582,3,Usługi
I would like you to add now the hits of winter 2008 onto my ntc studio sounds playlist.,0,0,0,0.00018404723,3,Usługi
"I want to bring antoinette, christine and caitlin to get bread at a restaurant in faraway Connecticut",1,4,1,0.00070483424,3,Usługi
I need a top-rated pub in Friona,1,2,1,0.0042145276,3,Usługi
Make me a reservation at taverna in a smoking room,1,4,1,0.00016045132,3,Usługi
Show the movie schedule,6,4,0,0.00026284944,3,Usługi
book a restaurant table at the food court in the spa sixteen hours from now,1,4,1,0.0001818861,3,Usługi
Rate The Documents in the Case series two of 6,4,2,0,0.00022298851,3,Usługi
book four people at a Madagascar bar,1,3,1,0.0013248862,3,Usługi
Book a table at the Montreal Pool Room in North Carolina for 7 AM,1,4,1,0.00026752453,3,Usługi
I give The Penalty three stars,4,2,0,0.00017537085,3,Usługi
Add millie corretjer to the rhythm playlist,0,0,0,0.00016337799,3,Usługi
Give 2 stars to The Doom Brigade,4,2,0,0.00017290682,3,Usługi
rate the current essay three of 6 points,4,2,0,0.00020234514,3,Usługi
Play a song off Ian Stuart Donaldson 's Nature Nurture album on Itunes,3,1,0,0.00021762986,3,Usługi
Play something from the jonathon lee movement,3,1,0,0.00018275951,3,Usługi
book a restaurant for my baby and I in Delaware,1,3,1,0.00036361613,3,Usługi
I want a table at James D. Conrey House in Urbank California,1,4,1,0.00030760086,3,Usługi
"find Back for Good , a novel I want to read",5,3,0,0.00019430349,3,Usługi
"book a restaurant in Clawson , MS for one",1,3,1,0.0009928079,3,Usługi
forecast for Willits Christmas Island twenty three minutes from now,2,4,1,0.00021072973,3,Usługi
Book me a table at The Restaurant at Meadowood within the same area in Kentucky,1,4,1,0.00040585265,3,Usługi
me and deanna want to book a restaurant in Malawi,1,3,1,0.0018598448,3,Usługi
What's the weather like in the Dana Biosphere Reserve six years from now,2,4,1,0.00030114647,3,Usługi
Add this artist to my feel good dinner playlist,0,0,0,0.00019100698,3,Usługi
what is the Afternoon forecast for Shannon and Pitcairn Islands,2,4,1,0.0014872757,3,Usługi
What will the weather be in Meeres-Nationalpark Insel Bastimentos at twelve PM ?,2,4,1,0.00014303644,3,Usługi
I'm looking for a local cafeteria that has wifi accesss for a party of 4,1,4,1,0.0020135657,3,Usługi
Please search for the Puppet on a String video game .,5,3,0,0.00036141404,3,Usługi
"I want to go to the pub with angelita, susan reed and ashlee watson after us parking",1,4,1,0.00030565273,3,Usługi
"Make me a reservation at Illinois Central Railroad Freight Depot in Singapore with vickie rodriguez, lila reyes and ruby",1,4,1,0.0002586154,3,Usługi
Find the Collision in Black painting,5,3,0,0.00025225486,3,Usługi
book San Francisco Brewing Company for two located at AL,1,4,1,0.0030489115,3,Usługi
What's the weather here on 2/7/2021,2,4,1,0.00018080772,3,Usługi
Is it hot in the current location ?,2,4,1,0.00013031127,3,Usługi
Book a spot for one at a fish restaurant,1,4,1,0.0002962684,3,Usługi
Find a reservation for eight at Rhodes Twenty Four in GU,1,4,1,0.00012680354,3,Usługi
Will there be sun in the Manassas National Battlefield Park ?,2,4,1,0.00025802426,3,Usługi
Find Beavis and Butt-head,5,3,0,0.00025583172,3,Usługi
What movies will be showing around here ?,6,4,0,0.00020896606,3,Usługi
Book me a table at the highly rated cafeteria in Federated States Of Micronesia,1,3,1,0.005100388,3,Usługi
book a table for six in Beech Creek,1,4,1,0.0041717733,3,Usługi
I want to eat at a indoor bar for two,1,4,1,0.0002857085,3,Usługi
Play me a song from Luxury Liner,3,1,0,0.0003211666,3,Usługi
what is the forecast for LA for freezing,2,4,1,0.0018276806,3,Usługi
What's the weather look like for MH,2,4,1,0.0005223366,3,Usługi
I need a table for 4 at a place not far from Palau .,1,4,1,0.0004522503,3,Usługi
Play the album 21st Century Live by Chet Lam on Itunes .,3,1,0,0.00017993043,3,Usługi
I need a table in your position at churrascaria for a hot dog in the same area,1,4,1,0.00036137056,3,Usługi
What is the forecast for march the twelfth faraway from Pine Mountain State Resort Park,2,4,1,0.000226281,3,Usługi
find the television show Riding with the King,5,3,0,0.0002650909,3,Usługi
"What kind of weather will be in Windy Hills , Bermuda in ten weeks ?",2,4,1,0.00015829504,3,Usługi
What movies are playing at the closest cinema,6,4,0,0.00023356559,3,Usługi
I want to book a restaurant in the same area where I live in MA for ebony and yolanda .,1,4,1,0.01426176,3,Usługi
I want to book a taverna in Archer City for this spring for nine people.,1,4,1,0.0004762235,3,Usługi
Book a distant restaurant that serves blini on 103rd St for 6 people.,1,4,1,0.0019349667,3,Usługi
book a best steakhouse for 2 in Montserrat on 79 days and a half from now,1,4,1,0.0009922541,3,Usługi
Book a restaurant in Botswana for seven people.,1,3,1,0.0008468217,3,Usługi
what is the forecast for 1504 in Georgia for overcast conditions in Valley View,2,4,1,0.0003841042,3,Usługi
book a food court for 5 serving african food,1,3,1,0.00032900987,3,Usługi
I want to eat at a highly rated food court,1,2,1,0.001351803,3,Usługi
rate the current novel 5 of 6 stars,4,2,0,0.00020067286,3,Usługi
add 157 Riverside Avenue to leticia's animal humor playlist,0,0,0,0.0001705515,3,Usługi
how's the weather in Mowrystown,2,4,1,0.00012375561,3,Usługi
What is the humidity in Serbia,2,4,1,0.0003000862,3,Usługi
what is the forecast for Swain,2,4,1,0.013106052,3,Usługi
Is it hot in Wind Ridge Guam,2,4,1,0.0001650132,3,Usługi
Add this track to my Tropical Morning playlist,0,0,0,0.00016889577,3,Usługi
Rate An Act of Terror 2 stars .,4,2,0,0.0001954488,3,Usługi
I would like to book a food truck with mughlai cuisine in Somalia,1,5,1,0.64947075,3,Usługi
Book at table at a brasserie which serves padangnese food.,1,4,1,0.00044708175,3,Usługi
"Will it be sunny on june 1, 2021 in Bathgate",2,4,1,0.00017078726,3,Usługi
Can you get me a table at a chicken and waffles joint in New Mexico,1,4,1,0.0003462804,3,Usługi
I would rate this current essay a 0,4,2,0,0.00017614334,3,Usługi
"What will the weather be in KY on Oct. 16, 2036 ?",2,4,1,0.00019359463,3,Usługi
Will there be sun at four PM at Runkaus Strict Nature Reserve,2,4,1,0.0001398539,3,Usługi
I have a party of four in Japan and need a reservation at Rimsky-Korsakoffee House on Aug. the 3rd .,1,4,1,0.00020142354,3,Usługi
I'd like to watch Nathan the Wise at the closest movie house,6,4,0,0.00014934517,3,Usługi
Showtimes for the films at Santikos Theatres,6,4,0,0.0002244033,3,Usługi
Play Kk on Zvooq .,3,1,0,0.00011041585,3,Usługi
I need a reservation for a joint in AZ for 3,1,4,1,0.00052018935,3,Usługi
Rate the current textbook a 0 out of 6 .,4,2,0,0.00019949977,3,Usługi
I need a dinner reservation in three months for a restaurant in Hills and Dales .,1,4,1,0.00024279914,3,Usługi
add paulinho da viola to my Radio Rock song list,0,0,0,0.00015528919,3,Usługi
Find out what films are playing at North American Cinemas,6,4,0,0.00027172428,3,Usługi
what is the New Caledonia forecast for Bagnell on sep. the 5th,2,4,1,0.00032686023,3,Usługi
Add the current artist to my sxsw latin,0,0,0,0.00016337947,3,Usługi
What is the weather in Lloyd Equatorial Guinea,2,4,1,0.00015995443,3,Usługi
give 5 out of 6 points to Myths of the Hindus & Buddhists,4,2,0,0.00018741349,3,Usługi
book a tea house on 5/20/2028 in Pataskala that serves crepe in NC for five,1,4,1,0.00074622134,3,Usługi
find a saga called Shame on You,5,3,0,0.00031817183,3,Usługi
"Will it be hot in AMenia , WI ?",2,4,1,0.00026099096,3,Usługi
Rate this saga two with a bet rating of 6,4,2,0,0.00017857025,3,Usługi
Play some thirties music on Netflix .,3,1,0,0.00012648122,3,Usługi
what time is Achilles and the Tortoise showing,6,4,0,0.0001254556,3,Usługi
is Saint Robert hotter than Turkmenistan,2,4,1,0.0007123823,3,Usługi
What is the weather like now in Washington,2,4,1,0.00017827835,3,Usługi
"warmer condition in Haiti , South Otselic",2,4,1,0.00028231269,3,Usługi
what is the weather forecast for Tennessee for warm temps,2,4,1,0.00064103724,3,Usługi
How will be the weather in Cotopaxi National Park at breakfast time?,2,4,1,0.00015922842,3,Usługi
Is it going to storm in NE,2,4,1,0.00020628545,3,Usługi
Can you find Fire Escape in the Sky The Godlike Genius of Scott Walker,5,3,0,0.00017808127,3,Usługi
Open Vimeo and play music.,3,1,0,0.00014415267,3,Usługi
Is it warm in Vallecito,2,4,1,0.00017293297,3,Usługi
play music on netflix,3,1,0,0.00012896872,3,Usługi
Please get seating for me and my children,1,4,1,0.0007076069,3,Usługi
Give this saga a 5 out of 6 rating.,4,2,0,0.00019862462,3,Usługi
What will the weather be like on september 26th in Eastlake,2,4,1,0.00021872352,3,Usługi
"Will it be snowy in Crouch , French Polynesia ?",2,4,1,0.0002482685,3,Usługi
I need a reservation for 8 at a top-rated restaurant in Hagaman,1,4,1,0.00021272956,3,Usługi
I'd like to eat at a neighboring downtown restaurant with a party of 2,1,4,1,0.00027346707,3,Usługi
Play Pirates of the Caribbean Online,5,3,0,0.00015050708,3,Usługi
A novel of this quality deserves your rating of four points,4,2,0,0.00018076284,3,Usługi
Add Yuna Ito to the hot rods & horror shows playlist.,0,0,0,0.00018049136,3,Usługi
"what is the weather forecast for Nassau Bay , Uzbekistan",2,4,1,0.0016995439,3,Usługi
Play Shinya Yamada music from 1962 on Groove Shark,3,1,0,0.0001297297,3,Usługi
Find me the novel of A Dictionary of Slang and Unconventional English,5,3,0,0.001531336,3,Usługi
find Boyish Story,5,3,0,0.00024583726,3,Usługi
Make me reservations for a highly rated restaurant .,1,2,1,0.01381032,3,Usługi
what will the weather be like in New Glarus,2,4,1,0.00030330438,3,Usługi
The current essay only deserves one out of 6 points,4,2,0,0.0001994027,3,Usługi
Book me a bar that's highly rated for georgia and I in Burkina,1,2,1,0.0006482092,3,Usługi
rate The Road to Reality A Complete Guide to the Laws of the Universe two points,4,2,0,0.00024476816,3,Usługi
Ethiopia Ellenton has snow weather at eight PM,2,4,1,0.00017238226,3,Usługi
Can you find the painting Shake! Otis at Monterey,5,3,0,0.00020869487,3,Usługi
I want to book the Black Cat Bar in AR,1,3,1,0.0005222632,3,Usługi
book a Steinway St place for 8 that is close,1,2,1,0.00033399003,3,Usługi
Find a pub for me in FM,1,4,1,0.0002611078,3,Usługi
book a spot in the same area as Yankee Doodle Coffee Shop in Madagascar,1,3,1,0.0010214029,3,Usługi
I want to book a pizza restaurant close to Astor Place for nine at 3 am,1,4,1,0.00018737148,3,Usługi
I need a table at a tavern that has bougatsa,1,4,1,0.00023331454,3,Usługi
Give the current novel 4 of 6 stars,4,2,0,0.00020155625,3,Usługi
I want to book a food truck for seven people in the Republic of the Congo .,1,3,1,0.0073884805,3,Usługi
make a reservation at a bakery that has acquacotta in Central African Republic for five,1,4,1,0.00043163367,3,Usługi
"On june 27, 2026 I'd like to go to a Delaware gastropub",1,4,1,0.00062167575,3,Usługi
How will snowfall be here in 2/21/2022 ?,2,4,1,0.00019790394,3,Usługi
add the album by Cham to my Cloud Rap playlist,0,0,0,0.00017821496,3,Usługi
Book a restaurant in Palestine for 8 people at 9 AM,1,4,1,0.00041800333,3,Usługi
book a spot for 4 at a restaurant in Shambaugh MD,1,4,1,0.00024962614,3,Usługi
What are the weather conditions in Noel ?,2,4,1,0.00016622769,3,Usługi
I need to get seats for me and my ex wife to eat in Egypt .,1,4,1,0.00042360194,3,Usługi
I'd give The Cricket in Times Square 3 stars,4,2,0,0.00016132307,3,Usługi
Book a restaurant for 9 people.,1,3,1,0.0002655484,3,Usługi
Can you play the greatest songs by Mauro Picotto,3,1,0,0.0001915302,3,Usługi
restaurant that is brasserie for 8 and has wifi,1,4,1,0.0013386579,3,Usługi
"What is the weather looking like for December the eleventh, 2034 in MD",2,4,1,0.00018383429,3,Usługi
Book a restaurant within the same area of Earls Court for lucille and marina .,1,4,1,0.10349459,3,Usługi
what is the six o'clock forecast for West Selmont in Montserrat,2,4,1,0.00018756391,3,Usługi
What is the weather in Hadar,2,4,1,0.0001370615,3,Usługi
Play new Teo Macero,3,1,0,0.00017249881,3,Usługi
what is a weather of Martinique a month from now,2,4,1,0.0002959309,3,Usługi
Book a reservation for seven people at a steakhouse in Kenya,1,4,1,0.000682074,3,Usługi
Play the last 1954 ep by Povel Ramel .,3,1,0,0.00014110153,3,Usługi
how's the weather going to be at fourteen o'clock in Falkland Islands,2,4,1,0.00012365938,3,Usługi
Play an album from 1987 .,3,1,0,0.0001322865,3,Usługi
Let me know what animated movies are playing around here .,6,4,0,0.00027912125,3,Usługi
I rate three points for the book The Early Coorgs,4,2,0,0.00019726802,3,Usługi
I need to find a restaurant for ten people at twelve am in Liechtenstein .,1,4,1,0.0001766377,3,Usługi
"Book a table for 5 people in Goodland , AK .",1,5,1,0.52538705,3,Usługi
What's the weather forrecast here in five seconds ?,2,4,1,0.00017098684,3,Usługi
Where is Mother and Child plkaying,6,4,0,0.0005622824,3,Usługi
Rate the current novel 1 of 6,4,2,0,0.00020028117,3,Usługi
play Andy White,3,1,0,0.00015829726,3,Usługi
Will there be a blizzard in Chapel Point State Park or in the same area,2,4,1,0.00034266588,3,Usługi
Will it be warm in Chicamocha National Park ?,2,4,1,0.00026557903,3,Usługi
book a restaurant for me and my mother in law in Montserrat,1,3,1,0.0010402314,3,Usługi
"What will the weather be like on january the twenty-third, 2034 in GA",2,4,1,0.00025692777,3,Usługi
Book a table for 10 at the Dunbrody Country House Hotel in Serbia,1,4,1,0.0003206318,3,Usługi
I'd like to get 4 seats at a restaurant .,1,4,1,0.00029058097,3,Usługi
In Morgan Mill will it be sunny,2,4,1,0.000227875,3,Usługi
I need a pub with a smoking room in Ucolo reserved.,1,4,1,0.00064574816,3,Usługi
Weather for Knierim Kansas in twelve weeks and a half from now,2,4,1,0.00013502741,3,Usługi
book The Middle East restaurant in IN for noon,1,3,1,0.00027104933,3,Usługi
show movie times at Cinemark Theatres,6,4,0,0.00022287444,3,Usługi
Please tell me the movie schedules ?,6,4,0,0.00022287604,3,Usługi
Will it be hotter close by here at 13 o'clock ?,2,4,1,0.00017886315,3,Usługi
"What will the weather be at my current location on december the 2nd, 2029",2,4,1,0.00015927629,3,Usługi
Is it forecast to be warm in Bosnia and Herzegovina ?,2,4,1,0.00026661248,3,Usługi
Tell me the forecast in the same area here on Robert E Lee's Birthday,2,4,1,0.0012067547,3,Usługi
And a body to remember with gets a full 5 stars .,4,2,0,0.00017666204,3,Usługi
"restaurant in Kuwait for seven , Mar. eighteenth, 2030",1,4,1,0.00020026646,3,Usługi
Book a restaurant close by downtown for nine in seven months,1,4,1,0.00028206472,3,Usługi
"Will it be stormy on 4/3/2027 in New Rochelle , WY",2,4,1,0.0001760118,3,Usługi
Tell me if it'll be humid at eighteen o'clock in my current spot,2,4,1,0.00019859588,3,Usługi
Please get me the Critical Condition show .,5,3,0,0.00034601672,3,Usługi
Will it be cold at 1 am in Boon ?,2,4,1,0.00015294926,3,Usługi
I want to hear some twenties music from Billy Sheehan,3,1,0,0.00013701938,3,Usługi
Add Joey Fatone to my Spotlight on Country 2016 playlist,0,0,0,0.00017786682,3,Usługi
what time can i see The Half Naked Truth,6,4,0,0.00012706856,3,Usługi
I'd like a table at a restaurant in KS in 5 hours from now,1,4,1,0.00024352889,3,Usługi
this novel deserves 4 to 6 stars for its writing.,4,2,0,0.0001920446,3,Usługi
What is the weather forecast in Spaulding Morocco,2,4,1,0.00032385858,3,Usługi
play Itunes songs by Gerard Way,3,1,0,0.00015316185,3,Usługi
what is the current position forecast for starting on July 22,2,4,1,0.00033187558,3,Usługi
How cold is it in my current position ?,2,4,1,0.00030116865,3,Usługi
Book a table at The Vortex Bar & Grill on Alaska Day in the state of Rhode Island,1,3,1,0.01118357,3,Usługi
Will it be overcast in South Dakota,2,4,1,0.0005777857,3,Usługi
I need a table for a party of 2 at Co-operative Block Building in Old Glory,1,4,1,0.00019777076,3,Usługi
What is the weather forecast for Monument of Lihula,2,4,1,0.0003337038,3,Usługi
Will it be warmer in Saint Louis Park,2,4,1,0.00016743282,3,Usługi
I'd like to get reservations for four at a restaurant that serves apple sauce .,1,4,1,0.00031100478,3,Usługi
I need seats for 6 at a place in AK,1,4,1,0.00017713626,3,Usługi
Is it temperate in the current location now,2,4,1,0.0002835641,3,Usługi
Let me get reservations at a place neighboring Indonesia on August the nineteenth .,1,4,1,0.00026640348,3,Usługi
add maggie mcgill to my night vibes,0,0,0,0.00017121597,3,Usługi
"I need to know the weather for Hamorton , TN",2,4,1,0.00017759435,3,Usługi
i want to watch Ghosts of the Abyss at Kerasotes Theatres,6,4,0,0.00024308359,3,Usługi
Will there be fog in my current position,2,4,1,0.00026648975,3,Usługi
I want to book a restaurant not far from our college .,1,3,1,0.0029674373,3,Usługi
restaurant in South Sudan for 6,1,4,1,0.00033061352,3,Usługi
Can you add some Tommie Sunshine to my chill out playlist,0,0,0,0.00016807295,3,Usługi
book me a reservation at an oyster bar that serves crab cake for two people,1,4,1,0.0003598313,3,Usługi
Tell me if it'll be chillier in 3 minutes here,2,4,1,0.000409536,3,Usługi
Will there be a storm in Aspinwall ?,2,4,1,0.00050335156,3,Usługi
Is the sun coming out today in Lacassine National Wildlife Refuge,2,4,1,0.0001644247,3,Usługi
Find a popular diner that serves brazilian close by Oklahoma for nine people.,1,4,1,0.00024035272,3,Usługi
What is the weather like in Detroit Lakes,2,4,1,0.0001837592,3,Usługi
Play a Wendy Carlos song from 2002,3,1,0,0.00011482033,3,Usługi
What is the nearest movie theatre playing Stray Cat Rock Wild Jumbo in 7 seconds,6,4,0,0.00014746444,3,Usługi
"Tell me the weather forecast for Inniswold , Réunion",2,4,1,0.06182187,3,Usługi
For the book Tale of the Toa I give five points,4,2,0,0.00020673494,3,Usługi
Will it be cold in Chatmoss Albania 8 years and a half from now,2,4,1,0.00026315486,3,Usługi
Please play me some Satire music,3,1,0,0.000150337,3,Usługi
Book a hawaiian diner in South Carolina not far away in 1 second from now .,1,4,1,0.00095580233,3,Usługi
add album to my classical essentials playlist,0,0,0,0.00018351241,3,Usługi
Find a show called American Journal of Play .,5,3,0,0.00030681636,3,Usługi
"I need a reservation for apr. the sixteenth, 2027 in Cazenovia , CA",1,4,1,0.0003776675,3,Usługi
"Is it forecast to be rainy in Winchell , Mississippi ?",2,4,1,0.00022869468,3,Usługi
Play music from 2000 on spotify,3,1,0,0.00011962837,3,Usługi
show fog conditions at 7 am in NH,2,4,1,0.00021428206,3,Usługi
show creative work or Miami Vice Theme,5,3,0,0.00017919896,3,Usługi
add farruko presenta los menores to my amor amor playlist,0,0,0,0.00015850665,3,Usługi
is Maalaea has chillier weather,2,4,1,0.00013639088,3,Usługi
food truck in Panama for five,1,4,1,0.00023813675,3,Usługi
weather for Frankfort,2,4,1,0.00016373307,3,Usługi
Please book a restaurant for nine members on august 25 in DC,1,4,1,0.0004430436,3,Usługi
What will be the humidity 5 years from now in Bradbury Mountain State Park ?,2,4,1,0.00027010188,3,Usługi
"I need a reservation for a restaurant in Bangladesh on feb. the 11th, 2032",1,4,1,0.0003112232,3,Usługi
What is the weather forecast for Friona ?,2,4,1,0.0015285742,3,Usługi
book a meal for four in DC,1,3,1,0.00051156076,3,Usługi
book a restaurant for tortelloni for eight,1,4,1,0.0022951004,3,Usługi
Book a reservation for seven people at a bar in Kentucky,1,4,1,0.0009975735,3,Usługi
I need to get a restaurant reserved in SD .,1,4,1,0.0003578262,3,Usługi
Add the 40 cal tune to the laundry playlist.,0,0,0,0.0001627432,3,Usługi
"Will it be cold close-by Iowa on september twenty-first, 2025",2,4,1,0.00019035093,3,Usługi
Book a table at T-Rex in one minute in Osierfield,1,4,1,0.00021431014,3,Usługi
I need a reservation for Chapter One in West Odessa for a party of one,1,4,1,0.00029196125,3,Usługi
I need to book a restaurant in Sunnybrook for 7,1,4,1,0.00039787,3,Usługi
what is the weather of East Portal KS,2,4,1,0.00021049425,3,Usługi
What will the weather be in the current position on Dec. 23 ?,2,4,1,0.00016397255,3,Usługi
What is the weather for my current place,2,4,1,0.00013331017,3,Usługi
What will the weather be ten minutes from now in Canada ?,2,4,1,0.00015943279,3,Usługi
"Will it be hotter in San Valley Landscape Park on June 24, 2024",2,4,1,0.0002416204,3,Usługi
Weather for Beauregard IL,2,4,1,0.00015815407,3,Usługi
Find the show The Sword of the Lictor,5,3,0,0.0003191126,3,Usługi
Play the newest twenties melody .,3,1,0,0.00013515892,3,Usługi
I need the weather at eleven AM in Argentina,2,4,1,0.0001238998,3,Usługi
I need a reservation at The One Eighty for elsa and wendy in Muscle Shoals .,1,4,1,0.00014599286,3,Usługi
"find Welcome to the El-Palacio , a movie",5,3,0,0.0001303181,3,Usługi
Fine movie times for animated movies in the neighborhood .,6,4,0,0.00026311568,3,Usługi
What will the weather be in 1 day in Kuwait ?,2,4,1,0.00014771843,3,Usługi
"book a spot for robyn martinez, maude and I at a steakhouse not far from their place",1,4,1,0.00081908837,3,Usługi
Will it rain in Barberville,2,4,1,0.00024622446,3,Usługi
I want to eat at the Trout Creek restaurant for 9 people for bougatsa that is the best,1,4,1,0.00016544826,3,Usługi
What will it feel like in the current place in July,2,4,1,0.00048704958,3,Usługi
Will there be a snowstorm at my current place ?,2,4,1,0.0002507637,3,Usługi
I would give this book a value of 2 and a best rating of 6,4,2,0,0.00020927521,3,Usługi
"Locate a bakery in Rockport , Federated States Of Micronesia that serves olives",1,4,1,0.0031673007,3,Usługi
I need to book a table at brasserie for 10 that is highly rated in Kentucky,1,2,1,0.00014359519,3,Usługi
Book a spot for seven at a japanese joint in Grandview Heights,1,4,1,0.0002452964,3,Usługi
"What is the weather like in Roeland Park , Guadeloupe ?",2,4,1,0.00018364607,3,Usługi
Put li yuchun 's album onto the kickass metal playlist.,0,0,0,0.00019306451,3,Usługi
what's the weather going to be like in Angola twenty minutes from now,2,4,1,0.00016740586,3,Usługi
I want to book Coney I-Lander for 10 people.,1,3,1,0.0002749439,3,Usługi
I'd like johnny nash to be put into my playlist Always Pop Punk,0,0,0,0.0001569509,3,Usługi
Can you rate this novel as a four ?,4,2,0,0.00017717926,3,Usługi
Rate this saga two out of 6 .,4,2,0,0.00021040371,3,Usługi
I need information on movie schedules,6,4,0,0.00018459703,3,Usługi
What will the weather be in NM in 1 minute,2,4,1,0.00020252929,3,Usługi
Is it forecast to be hot in Greenland this winter ?,2,4,1,0.00036120275,3,Usługi
Include Hermann Baumann in my Texas Red Dirt list,0,0,0,0.00017255258,3,Usługi
"Make a reservation at a diner which serves chowder in MT for august the 17th, 2024 .",1,4,1,0.00025562255,3,Usługi
whats the weather forecast in Nicaragua,2,4,1,0.0005151627,3,Usługi
Add sara hickman to my Targeted list,0,0,0,0.00016337504,3,Usługi
rate the current book a four,4,2,0,0.00016931522,3,Usługi
Incorporate time warp into my fairy tales playlist.,0,0,0,0.00025915258,3,Usługi
Book a reservation for a brasserie serving soupe in Tokelau,1,4,1,0.006909289,3,Usługi
Book a table for 0445 pm at a restaurant in Washington .,1,4,1,0.000323546,3,Usługi
Show the times for Cheers for Miss Bishop at Dipson Theatres .,6,4,0,0.00021122192,3,Usługi
Will it be chilly at 11 am in Loup City,2,4,1,0.00012520494,3,Usługi
I want to book Albany Pump Station in Buckholts Washington now for a party of 9 .,1,4,1,0.0036148175,3,Usługi
at ten am what will the weather be like nearby in Cyprus,2,4,1,0.00011672928,3,Usługi
Play music from 1959 by Lenny Leblanc on Pandora .,3,1,0,0.0001270951,3,Usługi
Will it be colder in Winnebago,2,4,1,0.00021522745,3,Usługi
"Check the forecast for Hulmeville , WV .",2,4,1,0.006859792,3,Usługi
find Warren Theatres films,6,4,0,0.00019707039,3,Usługi
What is the weather close-by my current spot,2,4,1,0.00016240832,3,Usługi
How's the weather going to be on Jul. 2 in Whiteside,2,4,1,0.00013982611,3,Usługi
"what will the weather be in Lago Vista on October fourteenth, 2022",2,4,1,0.0001685126,3,Usługi
Asiate restaurant in Sturgeon for 7,1,4,1,0.00020968518,3,Usługi
What's the weather in Lime Ridge DC,2,4,1,0.0001481225,3,Usługi
show Get It Together on TV show,5,3,0,0.00024039827,3,Usługi
Play Divine from Vinnie Roslin,3,1,0,0.00017002448,3,Usługi
Book a restaurant in Three Points,1,2,1,0.00016354187,3,Usługi
I need some ambient music.,3,1,0,0.00025666124,3,Usługi
"Is it going to be chilly today in Abo , WI",2,4,1,0.00032195516,3,Usługi
"Will it be colder this autumn in Wren , Saint Martin",2,4,1,0.00024395685,3,Usługi
I want to give Nautch Girls of India four out of 6 points,4,2,0,0.00016865443,3,Usługi
Show me the closest 12 A.M. showing at a movie house of an animated movie,6,4,0,0.0002226582,3,Usługi
Give me weather information for Porcupine Mountains,2,4,1,0.42848113,3,Usługi
Book a table at Crown Candy Kitchen for lacy and I,1,3,1,0.00045679836,3,Usługi
I want this album on my Indie Alternativa playlist,0,0,0,0.00019323874,3,Usługi
"Is it going to be freezing in Mahwah Missouri on december the fifth, 2025",2,4,1,0.00022626693,3,Usługi
what is the Niceville forecast in FM,2,4,1,0.0014040607,3,Usługi
Book a restaurant this year in Pagosa Junction for a romanian stle cusine for a party of two,1,4,1,0.000982257,3,Usługi
How much fog is there in Hahnville ?,2,4,1,0.00044837632,3,Usługi
Is it hotter now in Hicks,2,4,1,0.00019559631,3,Usługi
what is the weather forecast for close-by GU 3 years from now,2,4,1,0.00031057748,3,Usługi
is the weather freezing in AK,2,4,1,0.00015290437,3,Usługi
Add the current tune to my Evening Groove list,0,0,0,0.00016147597,3,Usługi
"Book a diner place or me and my best friend on Holy Saturday , capital of United Arab Emirates , where they serve pepperoni dishes",1,3,1,0.001131466,3,Usługi
"me, maggie and ellen want to eat at Lentil as Anything",1,4,1,0.003146255,3,Usługi
"Can you give me the weather forecast for Nov. 9th for Lakeview Heights , LA",2,4,1,0.001361002,3,Usługi
I give the last textbook one out of 6 points .,4,2,0,0.00020333398,3,Usługi
What is the forecast for 1 PM in Minnesota ?,2,4,1,0.00022539102,3,Usługi
How will the weather be five weeks from now in Moneta ?,2,4,1,0.00019248245,3,Usługi
what is the weather forecast for Wolin National Park three seconds from now,2,4,1,0.00018727605,3,Usługi
Give A Kentucky Cardinal four points,4,2,0,0.00019468273,3,Usługi
I need a restaurant for a party of three,1,4,1,0.0009476791,3,Usługi
Add teriazume to the nação reggae playlist,0,0,0,0.0001625826,3,Usługi
add tune to Electro Workout,0,0,0,0.00017717072,3,Usługi
I'd like to add this album to my Siesta playlist,0,0,0,0.0001661112,3,Usługi
"Will the weather be temperate on jan. the thirteenth, 2028 at Christmas Island ?",2,4,1,0.00018075998,3,Usługi
show me a textbook with a rating of 2 and a maximum rating of 6 that is current,4,2,0,0.00018613413,3,Usługi
"Will it be hot in New York on october the 1st, 2026 ?",2,4,1,0.0002207422,3,Usługi
Will it rain here at 132209 ?,2,4,1,0.0001457083,3,Usługi
Can you find me the Stand Proud book ?,5,3,0,0.0002283109,3,Usługi
"book a table 1 year from now for corinne, tisha and I at a restaurant in Guernsey that is top-rated",1,4,1,0.013914219,3,Usługi
Where can I find the soundtrack for Steamboat Bill ?,5,3,0,0.00027615478,3,Usługi
Will it be sunny one hundred thirty five days from now in Monterey Bay National Marine Sanctuary,2,4,1,0.00024941633,3,Usługi
I need a party of two reservation faraway from Atlantic Av-Barclays Ctr at a spa for fast food,1,4,1,0.00035797406,3,Usługi
Tell me the weather forecast for France,2,4,1,0.39841405,3,Usługi
in 17 minutes will it be foggy in Songimvelo Game Reserve,2,4,1,0.00016111313,3,Usługi
I need a reservation for four at a restaurant,1,4,1,0.00019371873,3,Usługi
Will it rain here ?,2,3,1,0.00044822038,3,Usługi
What is the weather forecast in Pinson South Dakota,2,4,1,0.00027700138,3,Usługi
"Tell me if it will be hotter in seven hours in Doyle , United States",2,4,1,0.00025892715,3,Usługi
my great grandfather and I would like to get together at a taverna .,1,4,1,0.00068357465,3,Usługi
Add Tony McGuinness to my playlist I Love My 90s Hip Hop,0,0,0,0.00015243294,3,Usługi
Book the best close-by bar in Union City .,1,3,1,0.003178844,3,Usługi
"What's the weather forecast for Central , North Dakota ?",2,4,1,0.0020810985,3,Usługi
"What is the weather supposed to be like at Sunset in Cosby , Kansas",2,4,1,0.00018966639,3,Usługi
Will it be freezing within walking distance of Alaska ?,2,4,1,0.0003008621,3,Usługi
I want to watch Supernatural The Unseen Powers of Animals,5,3,0,0.0002644908,3,Usługi
What's the snowfall at noon in IN,2,4,1,0.0002736979,3,Usługi
Is it going to be humid faraway from here around dinner time,2,4,1,0.00013404347,3,Usługi
Can you let me know the films that are on the movie schedules in the area at noon ?,6,4,0,0.00022309706,3,Usługi
me and aisha and craving cordon bleu and need to book a table at a brasserie .,1,4,1,0.00053219375,3,Usługi
this next essay is worth five,4,2,0,0.00018949623,3,Usługi
What will the weather be in Stelvio National Park 1 hour and 1 minute from now ?,2,4,1,0.00017542494,3,Usługi
Can you get seating for 1 person at a cafeteria in Pauls Crossroads,1,4,1,0.00026823604,3,Usługi
Book an indonesian brasserie for seven people the day after tomorrow in Hawaii .,1,3,1,0.00026204984,3,Usługi
Add the entire album into indie español,0,0,0,0.00017340142,3,Usługi
Weather for Douthat State Park on Mar. 10,2,4,1,0.00014005686,3,Usługi
play good Classified songs on Vimeo,3,1,0,0.0001326744,3,Usługi
book me a restaurant in Ware Shoals that serves russian tea cake,1,3,1,0.015990233,3,Usługi
Book a restaurant for eight people in six years .,1,3,1,0.00038162185,3,Usługi
I need to find a restaurant in PW .,1,4,1,0.00065423606,3,Usługi
Play Expresión from Mickey Finn,3,1,0,0.0001659193,3,Usługi
Please book a room in The River Café restaurant to accommodate eight members in Andorra,1,4,1,0.0012433329,3,Usługi
On 2/25/2025 will it be hot in Holstein,2,4,1,0.00016992669,3,Usługi
Will it be colder in Ohio,2,4,1,0.00027247207,3,Usługi
"I need to book a restaurant in Fork Mountain , SC for valarie, mari and I",1,4,1,0.00093526626,3,Usługi
Rate this book a 0,4,2,0,0.00017503097,3,Usługi
I require a reservation for one at the most highly rated restaurant in Uzbekistan .,1,4,1,0.00038178172,3,Usługi
put donnie g don gorilla on my classical romance playlist,0,0,0,0.00016465195,3,Usługi
How is the weather in Birta ?,2,4,1,0.0001549886,3,Usługi
Book me a table for 5 this year at Cherwell Boathouse,1,4,1,0.00023027418,3,Usługi
what is the forecast for foggy conditions here in twenty one minutes,2,4,1,0.00026283925,3,Usługi
book a spot for 9 at Dinner in the Sky in SC,1,4,1,0.00025863753,3,Usługi
"book a food court in supper time distant from Northern Mariana Islands for me, winnie and courtney",1,3,1,0.0014664097,3,Usługi
Will it be temperate near Neylandville,2,4,1,0.00049888744,3,Usługi
"Is there an expected blizzard in Brook , Tennessee today ?",2,4,1,0.0003067071,3,Usługi
What's the weather like in Groesbeck,2,4,1,0.00016785417,3,Usługi
Can i add the a rating of two out of 6 stars to the book The Pocket Book of Boners,4,2,0,0.00018723063,3,Usługi
what do the cloud indicate in East Aurora,2,4,1,0.001038101,3,Usługi
Will it colder here on 11/18/2018,2,4,1,0.00016012455,3,Usługi
book a taverna for a party of 10,1,2,1,0.0002462911,3,Usługi
play Tonight Only! by Nastya Kamenskih,3,1,0,0.00016349525,3,Usługi
What's the weather forecast for Sidnaw at 20 o'clock ?,2,4,1,0.00015284504,3,Usługi
In UT at 7 pm will it be snowy,2,4,1,0.000111067144,3,Usługi
Please find me Glass Cloud – Single .,5,3,0,0.00010790943,3,Usługi
Give The Abstinence Teacher 4 out of 6,4,2,0,0.00019564094,3,Usługi
Will it get warmer in Czechia,2,4,1,0.0003821987,3,Usługi
use Vimeo to play De Camino a Clase playlist,3,1,0,0.0006300085,3,Usługi
Where is the nearest cinema playing Rainbow Eyes that starts in one minute ?,6,4,0,0.00020632974,3,Usługi
Give me movie times,6,4,0,0.00022461888,3,Usługi
Will be it cloudy close by Azerbaijan in 55 weeks ?,2,4,1,0.00027048762,3,Usługi
List movies by movie times in the neighbourhood,6,4,0,0.00023609308,3,Usługi
Book a reservation at a restaraunt in CT,1,4,1,0.0008539912,3,Usługi
Can i get the showtimes for films close by ?,6,4,0,0.00020713713,3,Usługi
"Play Chantal Kreviazuk , Sister Ray",3,1,0,0.00018076538,3,Usługi
What is the movie times for General Cinema Corporation,6,4,0,0.0001978481,3,Usługi
Tell me the current forecast for Switzerland,2,5,1,0.8081198,3,Usługi
Add Buddy DeSylva to my this is j balvin playlist,0,0,0,0.00015544018,3,Usługi
What's the weather like in Topock,2,4,1,0.00016267737,3,Usługi
Can you get me a reservation at WWE The World around Av U,1,4,1,0.00024926956,3,Usługi
Give me the weather forecast for the city of Woburn,2,4,1,0.13635902,3,Usługi
Is it going to be warm today at Saint Martin in Port Orford ?,2,4,1,0.00017210776,3,Usługi
What's the forecast for Walker Bay Nature Reserve for next year ?,2,4,1,0.0013012644,3,Usługi
"Will there be a lot of cloud activity next summer in Nellieburg , Arkansas",2,4,1,0.0006904396,3,Usługi
me and edith want to eat in Coventry Lake,1,4,1,0.00054642727,3,Usługi
"I need to know what the weather will be like in Gradyville at breakfast , in the state of Colorado .",2,4,1,0.0008680288,3,Usługi
Book a table at Laurie Beechman Theatre for a party of 4 in Utah,1,4,1,0.0003513705,3,Usługi
add this song by Chieko Ochi to the drum & breaks playlist,0,0,0,0.00016659913,3,Usługi
What will the weather be in Umatilla Malta ?,2,4,1,0.00014419101,3,Usługi
book a restaurant that serves trottole in Tillicum,1,4,1,0.013940605,3,Usługi
what is the weather forecast close to Puerto Rico,2,4,1,0.0005112872,3,Usługi
Book an outdoor restaurant in MD at 11 pm for 8 .,1,4,1,0.0003193316,3,Usługi
rate The Little Book four stars,4,2,0,0.0002166565,3,Usługi
I would like to book a restaurant neighboring Lincoln Beach,1,4,1,0.005325487,3,Usługi
"book table to a tavern for a scrapple for harriett, deanne and I",1,3,1,0.0003257195,3,Usługi
add this tune by Nokio the N Tity to my this is bb king playlist,0,0,0,0.00015604992,3,Usługi
Add silver apples to teh sin estrés playlist.,0,0,0,0.00017306954,3,Usługi
search for the painting Hess A Biography,5,3,0,0.0002614941,3,Usługi
What will the weather be like on November the twelfth in Appleby ?,2,4,1,0.00022650001,3,Usługi
Play Pura Vida .,3,1,0,0.00014299745,3,Usługi
Where is Feast II No Limit playing,6,4,0,0.00017693032,3,Usługi
"play Bill Evans album The Best Of The 12"" Mixes",3,1,0,0.00025555032,3,Usługi
Will it get cloudy in Cliffwood Beach ?,2,4,1,0.00025055904,3,Usługi
Add the album to the hot 50 playlist.,0,0,0,0.00017071824,3,Usługi
Play the latest ep from Lobby Loyde on Netflix,3,1,0,0.00012809696,3,Usługi
Please book me seating at the food court in Hazel Green for nine,1,4,1,0.00019282717,3,Usługi
Book me a table for two in Oakes .,1,4,1,0.0011067978,3,Usługi
I need to know the weather at the Queen Elizabeth National Park,2,4,1,0.00024187319,3,Usługi
book a spot for one,1,3,1,0.00046596216,3,Usługi
Play an ep from Mike Harding .,3,1,0,0.00014262185,3,Usługi
Lets hear some 2009 music,3,1,0,0.00012746338,3,Usługi
"I want to eat Louisiana Fried Chicken in McColl , IA",1,4,1,0.00037465524,3,Usługi
get me a reservation at a brasserie that serves jain in Pinto,1,4,1,0.00018853502,3,Usługi
Is it due to rain in MH ?,2,4,1,0.0002868826,3,Usługi
Find a TV show called The God Boy .,5,3,0,0.00037032078,3,Usługi
What's the weather like in Big Delta,2,4,1,0.00018471734,3,Usługi
Find the movie times for animated movies around here .,6,4,0,0.00024597417,3,Usługi
Book the Bobcat Bite in the Isle of Man for 6 people.,1,3,1,0.002727239,3,Usługi
book a table for 2 at a highly rated restaurant within walking distance of taverna OK,1,4,1,0.0006733651,3,Usługi
I have a party of 7 in East Timor,1,2,1,0.0029076103,3,Usługi
Look for the TV series The Stars at Saint Andrea,5,3,0,0.0002539428,3,Usługi
What's the weather in my current spot the day after tomorrow,2,4,1,0.00017629444,3,Usługi
How much fog is there in Tarpon Springs ?,2,4,1,0.00044398912,3,Usługi
Give me the showtime for Bobby Yeah playing at the cinema,6,4,0,0.00014861969,3,Usługi
Tell me the weather forecast here,2,4,1,0.42966235,3,Usługi
Play The Eternal by Juju Mob on Vimeo .,3,1,0,0.00013516472,3,Usługi
What's the weather like in North Brunswick Township Virginia,2,4,1,0.00018204209,3,Usługi
Reserve a table for 1 person in WI .,1,4,1,0.0067298682,3,Usługi
I'd like a bar with hawaiian food in ND,1,4,1,0.0009814475,3,Usługi
What will the weather be here 14 minutes from now within walking distance ?,2,4,1,0.00024958918,3,Usługi
Will there be a blizzard in Saudi Arabia around 2 o'clock,2,4,1,0.000155344,3,Usługi
Book Laurelhurst Theater for 8 people.,1,3,1,0.0002279587,3,Usługi
rate the current book 0 of 6,4,2,0,0.0001944042,3,Usługi
Find me a table for me and my grandkid in Union Square Cafe,1,4,1,0.0002385152,3,Usługi
is Tarzan of the Apes playing at Cobb Theatres,6,4,0,0.0002112153,3,Usługi
book a restaurant close by my daughters's work location with burrito three years from now,1,4,1,0.000504035,3,Usługi
I'd like a reservation for Thornbury Castle three hours from now in NM .,1,4,1,0.00020970426,3,Usługi
Is there a storm in Maliau-Basin-Conservation-Area now ?,2,4,1,0.00094812555,3,Usługi
book a table for now for 4 for an oyster bar,1,4,1,0.0011423106,3,Usługi
what is the Random Lake forecast for hot temps,2,4,1,0.013109381,3,Usługi
restaurant in Niger for my mom and I,1,3,1,0.0014213572,3,Usługi
forecast for VI,2,3,1,0.00052227,3,Usługi
Include Sean Yseult in kaitlin's metal overload playlist.,0,0,0,0.00017802897,3,Usługi
Will it be colder four months from now in Suwanee AK,2,4,1,0.0001793282,3,Usługi
I want to book a popular fast food food place in MN for my friend and I,1,3,1,0.00044272727,3,Usługi
Is it going to be windy here on Nov. 17,2,4,1,0.00019898379,3,Usługi
Book a reservation for nine at an outdoor restaurant,1,4,1,0.00023024778,3,Usługi
Add Kirk Hammett to Calm Down,0,0,0,0.0001616294,3,Usługi
Play the TV series Effortless Regurgitation of Bright Red Blood,5,3,0,0.00024325417,3,Usługi
I want to eat for two at a brasserie in Gwynedd Valley TN with pickled cucumber in one second,1,4,1,0.00023919312,3,Usługi
Is it freezing near Medley ?,2,4,1,0.00024403466,3,Usługi
What is the weather in the Falkland Islands,2,4,1,0.00021620865,3,Usługi
find a saga with 0 rating called Poems for Midnight,4,2,0,0.00019417824,3,Usługi
I would like to book a highly rated restaurant for a party of ten .,1,2,1,0.00017151625,3,Usługi
What's the weather in Macclenny,2,4,1,0.00014486928,3,Usługi
Add the big mama thornton song to cassie's Punk Rock Workout playlist,0,0,0,0.00017425766,3,Usługi
What's the weather next week in Standard City,2,4,1,0.00016367,3,Usługi
What time is Children of Divorce playing,6,4,0,0.00011322584,3,Usługi
"Will there be a blizzard here on dec. 26, 2027 ?",2,4,1,0.00043649806,3,Usługi
"Will it snow on Apr. eighteenth, 2029 in Myanmar ?",2,4,1,0.00059540704,3,Usługi
Will it be freezing in 5 weeks from now in NH,2,4,1,0.00025519734,3,Usługi
I'd like to eat at a highly rated swiss restaurant in Irma at two pm,1,4,1,0.00017176798,3,Usługi
I need to book a table at a nearby restaurant,1,4,1,0.00021362334,3,Usługi
Is the forecast chillier in 1 hour in Mali,2,4,1,0.00015406049,3,Usługi
courtney and ruby want to eat at a restaurant three years from now,1,4,1,0.0003725564,3,Usługi
book a spot for one at The Wolseley at elevenses,1,4,1,0.00022459107,3,Usługi
I need a table for six near the Russia bistro that has wifi,1,4,1,0.00034465277,3,Usługi
Will it hail in Rush Valley Denmark on 6/21/2035,2,4,1,0.00017802956,3,Usługi
Will it be warm neighboring here in Whitehouse ?,2,4,1,0.00025942104,3,Usługi
Book reservations at a restaurant for eight people in New Jersey,1,4,1,0.0007121281,3,Usługi
Is it chillier in Mint Hill FM,2,4,1,0.00019794182,3,Usługi
"What is the weather forecast going to be on august 15, 2038 for Hoffman Hills State Recreation Area ?",2,4,1,0.0004348038,3,Usługi
Please add carmel to my lunchtime playlist.,0,0,0,0.00016546642,3,Usługi
Is it going to be chilly in Belarus,2,4,1,0.00029070547,3,Usługi
Rate Gota’s War a one,4,2,0,0.00014388033,3,Usługi
Reserve me a table a bar that serves african food for thirteen o'clock for 1 in Moravian Falls .,1,4,1,0.00028340146,3,Usługi
book a table in the United States for 10 at The Berghoff,1,4,1,0.00028609764,3,Usługi
book a table for 7 at a churrascaria that is highly rated,1,2,1,0.00016951383,3,Usługi
Get me a table for 3 within walking distance from my hotel in Tajikistan .,1,4,1,0.00034534797,3,Usługi
I'm looking for Paris Match,5,3,0,0.00013376171,3,Usługi
I want to book a tea house for 4 that serves madeleine,1,3,1,0.0005021205,3,Usługi
I want to book a meal at a restaurant that searves kouglof .,1,4,1,0.0019092087,3,Usługi
I am giving this current novel 4 out of 6 stars,4,2,0,0.00019459472,3,Usługi
Give the current novel four points .,4,2,0,0.00020744592,3,Usługi
need a table somewhere in McLaurin Connecticut,1,4,1,0.00028466183,3,Usługi
Give Miso Soup a rating of one points .,4,2,0,0.00019326598,3,Usługi
Give the current essay 5 out of 6 points .,4,2,0,0.00021164029,3,Usługi
book a spot for six at a restaurant that serves fish and chips,1,4,1,0.00026834427,3,Usługi
will it be cold in Carnot OR,2,4,1,0.00017358943,3,Usługi
Give four points to Leven Thumps and the Gateway to Foo,4,2,0,0.00015110149,3,Usługi
What animated movies are on the movie schedule close by ?,6,4,0,0.0002120521,3,Usługi
Add an andy hurley album to my transatlantic lullaby list,0,0,0,0.00017579475,3,Usługi
Book seating at a restaurant in Topton,1,4,1,0.0008747791,3,Usługi
Award Blood tables 2 points,4,2,0,0.00020027929,3,Usługi
Tell me the weather forecast here,2,4,1,0.42966235,3,Usługi
what is the meal time forecast for Cayman Islands,2,4,1,0.00062128546,3,Usługi
I want to book a restaurant for nine with wifi,1,4,1,0.01550354,3,Usługi
Will there be hail around Khao Phanom Bencha National Park ?,2,4,1,0.0005053431,3,Usługi
I want to book a cafeteria in El Reno that serves javanese,1,4,1,0.07698318,3,Usługi
Find a song called In Your Eyes .,5,3,0,0.00016475412,3,Usługi
Book a restaurant in CA for my parents and I on oct. the seventeenth,1,4,1,0.010236659,3,Usługi
Weather for Notasulga at elevenses,2,4,1,9.621385e-05,3,Usługi
book a sushis serving restaurant in Uzbekistan,1,3,1,0.16138111,3,Usługi
What's the weather forecast for Haigler ?,2,4,1,0.0021102354,3,Usługi
I need a reservation for three people at a spa restaurant in two hundred thirty seven days,1,4,1,0.00022986351,3,Usługi
What's the weather in Swift River Reservation,2,4,1,0.00014356381,3,Usługi
Play The Cross And The Crucible by Angela Au Man Sze on Google Music,3,1,0,0.00016543809,3,Usługi
"I'm craving mac and cheese . Book a table at a Portland Mills , KS restaurant . I need it for one second from now",1,4,1,0.00035620193,3,Usługi
Show the forecast for Moonlight Beach at 10/4/2021,2,4,1,0.00078836275,3,Usługi
Will it be hot in my current location this week ?,2,4,1,0.0002003007,3,Usługi
What's the weather forecast for Niue at two am ?,2,4,1,0.0001611225,3,Usługi
I want to go to an outdoor cafe in Pioneer Day,1,4,1,0.0004425667,3,Usługi
Please reserve a spot at Ballachulish House .,1,4,1,0.00039262808,3,Usługi
What's the weather forecast in the same area of ME on Apr. 20 ?,2,4,1,0.00050842,3,Usługi
"whats the forecast for January 21, 2035 in Dubach",2,4,1,0.00029034138,3,Usługi
I give The English Spy a rating of 1 and a best rating of 6,4,2,0,0.00018786966,3,Usługi
Book a fast food restaurant .,1,3,1,0.00027719117,3,Usługi
I'd like to eat at a tea house with 3 people,1,4,1,0.00019691397,3,Usługi
What's the weather in Organ Pipe Cactus National Monument,2,4,1,0.00017095238,3,Usługi
Where is the TV show Am Universum,5,3,0,0.00036486922,3,Usługi
put Anna Grigorjewna Semenowitsch in all out 00s list,0,0,0,0.00030977477,3,Usługi
my brother in law and I would like to go to Guinea-Bissau for food,1,4,1,0.0014158947,3,Usługi
I give this essay 0 of 6 stars,4,2,0,0.0002088683,3,Usługi
What's the forecast for KS for Jan. first ?,2,4,1,0.016839204,3,Usługi
find films in the neighborhood,6,4,0,0.00021877485,3,Usługi
"Book a restaurant with a pool far from robbie's hostel for me, chandra and noelle at nine PM .",1,4,1,0.00020406558,3,Usługi
book a restaurant for 4 of us,1,2,1,0.0017475102,3,Usługi
What's the weather forecast for Delaware right now,2,4,1,0.00076100026,3,Usługi
Show the Put Yourself in His Place game,5,3,0,0.00019661857,3,Usługi
where is Beyblade Fierce Battle playing,6,4,0,0.00030293025,3,Usługi
book a restaurant within the same area as Saratoga Av,1,3,1,0.014369236,3,Usługi
Find the Sarah the Teen Princess game,5,3,0,0.0002267482,3,Usługi
book a brasserie with internet fascility for 5 in a year in Oklahoma,1,4,1,0.012506138,3,Usługi
book a spot for seven at a brasserie with ginestrata,1,4,1,0.0002001052,3,Usługi
i want to eat a highly rated breakfast restaurant,1,2,1,0.0011961797,3,Usługi
Will it be cloudy by five PM in Gobler Jersey,2,4,1,0.00021381515,3,Usługi
I want to book an osteria for 9 in Gabon that serves donuts,1,4,1,0.01825553,3,Usługi
Will there be a storm faraway from Chapman Ranch ?,2,4,1,0.00056391885,3,Usługi
Will it be chilly around Kingsley Common on jan. 9 ?,2,4,1,0.00018960374,3,Usługi
Is it cold in the current location more than it was in 3 years,2,4,1,0.00016931817,3,Usługi
please add this artist to my Zen Focus playlist,0,0,0,0.00018261903,3,Usługi
What will the weather be like in three weeks in Gates Michigan,2,4,1,0.00018782725,3,Usługi
"Book the best cafe on Jan. 18th, 2035 .",1,3,1,0.0006810956,3,Usługi
I want to go to a highly rated fast food restaurant around Togo with two people total.,1,4,1,0.0014211984,3,Usługi
book a table for one in a bar serving saucisse for meal in Calistoga CO,1,4,1,0.00043176007,3,Usługi
What will the weather be in Mattawan Saint Barthélemy ?,2,4,1,0.00014337889,3,Usługi
"Book a table for iris, ina and heidi around 9 pm .",1,4,1,0.00017832777,3,Usługi
Make a booking for the highly rated food court in Montenegro .,1,4,1,0.00032410014,3,Usługi
What is the forecast in the same area as Fiji,2,4,1,0.0040875073,3,Usługi
book a molecular gastronomy serving restaurant on march the 20th,1,4,1,0.1546021,3,Usługi
"Will there be cloud action in Saint Bernard , Virgin Islands",2,4,1,0.00031827952,3,Usługi
Book a table for seven people at a restaurant which has internet .,1,4,1,0.008045762,3,Usługi
What is the forecast for the Wildreservaat Ithala in the distant future will it be colder,2,4,1,0.00038797205,3,Usługi
Book me a lunch at Boreas for a party of 8,1,4,1,0.00033710123,3,Usługi
"What is the forecast for mar. 8th in Friesland , Tennessee",2,4,1,0.00026062442,3,Usługi
I want a table for eight in Yakima Rhode Island,1,4,1,0.00021211365,3,Usługi
I need seats for five at a place five and a half months from now,1,4,1,0.00023786756,3,Usługi
Tell me the weather forecast one second from now in Barnum Island,2,4,1,0.00024119747,3,Usługi
Book a brasserie type restaurant that serves pizzas in AMerican Samoa,1,5,1,0.49401313,3,Usługi
Please fine me Worms Clan Wars .,5,3,0,0.00021506214,3,Usługi
at 11 am will there be a snowstorm in Fort Pulaski National Monument,2,4,1,0.00016988032,3,Usługi
Book a restaurant in town not far from here for me and my mother in law .,1,3,1,0.0037642203,3,Usługi
Please book reservations for 3 people at a restaurant in Alderwood Manor,1,4,1,0.00030802656,3,Usługi
List movie times at General Cinema Corporation,6,4,0,0.0002151771,3,Usługi
What times will animated movies be showing nearby ?,6,4,0,0.00021985198,3,Usługi
Will it blizzard today in Sint Maarten,2,4,1,0.0003048406,3,Usługi
What is the weather forecast for four pm close to Stretch Point State Park,2,4,1,0.0001708407,3,Usługi
what is the Bolsa Chica State Beach forecast for foggy conditions,2,4,1,0.003762453,3,Usługi
book a spot for one at a bar in Seabrook,1,4,1,0.00025954455,3,Usługi
Is it going to be rainy here one second from now,2,4,1,0.00022742603,3,Usługi
Tell me the weather forecast for Missouri,2,4,1,0.3416536,3,Usługi
"hannah lewis and chelsea want to go to a cafe in Botswana on Apr. the seventeenth, 2024",1,4,1,0.00069697737,3,Usługi
Play Masashi Hamauzu 's newest symphony on Itunes .,3,1,0,0.00018672958,3,Usługi
I want the weather for Saint Martin next year,2,4,1,0.00017559156,3,Usługi
What's the forecast for Little Silver,2,4,1,0.0014212098,3,Usługi
"book a spot for five at a brasserie on jan. 7, 2023",1,4,1,0.00019506605,3,Usługi
Show me animated movies that are playig at Great Escape Theatres,6,4,0,0.00021496872,3,Usługi
what will the weather be in East New Market Antarctica,2,4,1,0.00014321975,3,Usługi
Is Tomorrow at Seven being played at Douglas Theatre Company ?,6,4,0,0.00015787917,3,Usługi
Please find the show Kim Hyun-joong discography,5,3,0,0.00024251493,3,Usługi
add song to Rocksteady playlist,0,0,0,0.00016147738,3,Usługi
Play track Cabbage by Keiji Haino,3,1,0,0.00017835842,3,Usługi
whats the closest movie house showing Home Room,6,4,0,0.00022949898,3,Usługi
book a spot for nine in Lavalette Guam,1,4,1,0.0009947334,3,Usługi
Rate the Egg Collecting and Bird Life of Australia saga a one,4,2,0,0.00020631838,3,Usługi
Add When You Come Back to the jazz for loving couples playlist.,0,0,0,0.00018549075,3,Usługi
"Can you book me a table at Windows on the World in Cokeville , MI ?",1,4,1,0.0006263758,3,Usługi
Congress has warmer weather,2,4,1,0.0028912553,3,Usługi
"book a spot for 8 at The Kitchin on october the 13th, 2039",1,4,1,0.00024212546,3,Usługi
I'm looking for Right on Track .,5,3,0,0.0001368245,3,Usługi
play the movie Post Inferno Soundtrack,5,3,0,0.00013210648,3,Usługi
show weather forecast in West Wildwood South Carolina,2,3,1,0.00020223256,3,Usługi
I want to book a restaurant for five people in Sri Lanka .,1,5,1,0.6246208,3,Usługi
I need to book a popular pastelaria restaurant in Svalbard and Jan Mayen for a party of eight,1,4,1,0.0026219368,3,Usługi
I need to know the weather for Jan. the 3rd in Mexico when I go to Port Vue,2,4,1,0.00011106924,3,Usługi
give four out of 6 star to this novel,4,2,0,0.00019279796,3,Usługi
What will be the night temperate in Indiana ?,2,4,1,0.00026440903,3,Usługi
Can you give me the forecast for Keytesville for 12 minutes from now,2,4,1,0.00055732223,3,Usługi
Weather for apr. the thirteenth in Djibouti,2,4,1,0.00021577919,3,Usługi
Please search the Irv Gotti Presents The Murderers picture .,5,3,0,0.00020827308,3,Usługi
give five stars to The Songlines,4,2,0,0.00015393559,3,Usługi
what is the forecast for temperate weather in Bellechester,2,4,1,0.00052442815,3,Usługi
what is the forecast for Papua New Guinea for lunch for rainfall,2,4,1,0.0006688017,3,Usługi
forecast for Samoa next sat.,2,4,1,0.1357063,3,Usługi
I want some fusil contra fusil added to my dance hits playlist.,0,0,0,0.0001771669,3,Usługi
I want to book a restaurant next year in Glazier for 6 people.,1,4,1,0.0016150754,3,Usługi
"Will it be cloudy in Lenzburg , Papua New Guinea",2,4,1,0.0005243294,3,Usługi
I would like reservations for Giodi's in Piper AZ .,1,4,1,0.00038672652,3,Usługi
I want a table for five at a place in Russia on 4/4/2036,1,4,1,0.00029049377,3,Usługi
book for five in Georgia at The Coffee Bean & Tea Leaf,1,4,1,0.00020296544,3,Usługi
Hows the weather supposed to be on April eleventh close by Lyons Ferry Park,2,4,1,0.0001394489,3,Usługi
book a brasserie,1,3,1,0.00023289722,3,Usługi
"Check the weather for Eagle Harbor , Tanzania",2,4,1,0.00014240465,3,Usługi
will it be warm within walking distance of Saint Pierre and Miquelon,2,4,1,0.00024694932,3,Usługi
I'd like to have this track onto my Classical Relaxations playlist.,0,0,0,0.00020450314,3,Usługi
I would like to rate The Hundred-Year Christmas four stars .,4,2,0,0.00017298986,3,Usługi
I need to book a restaurant for seven people at elevenses Seafood restaurant,1,4,1,0.00018187067,3,Usługi
Play the song vodka by Kunal Ganjawala on Itunes,3,1,0,0.00014989948,3,Usługi
Book me a restaurant that serves festoni for eight in New Hampshire,1,4,1,0.011986052,3,Usługi
"I would like to book a fry sauce bar for jul. 3, 2019",1,3,1,0.01352738,3,Usługi
What is the weather in Åland 4 seconds from now,2,4,1,0.00020310277,3,Usługi
Play music from the year 1964,3,1,0,0.00011788177,3,Usługi
I'd like to see The New Jackals,5,3,0,0.00017036354,3,Usługi
reserve a table at Bear Hotel around Finsbury Park,1,4,1,0.0002659797,3,Usługi
Can I get the weather forecast for Benin in 32 days ?,2,4,1,0.00052685,3,Usługi
Will it be chillier at my current location in one minute ?,2,4,1,0.00022284892,3,Usługi
Play chant from Freddy Fender on iheart,3,1,0,0.00015724404,3,Usługi
Where and when is Unleashed – Entfesselt playing,6,4,0,0.0003077627,3,Usługi
Book a table for ten for breakfast in Minnesota .,1,3,1,0.001103178,3,Usługi
Will it be warmer in AMnicon Falls State Park ?,2,4,1,0.00026222976,3,Usługi
book a brasserie for connie scott and madeline in Northern Mariana Islands in eleven hours,1,4,1,0.0012526728,3,Usługi
"Book a restaurant in Indiana for me, violet and dianne .",1,3,1,0.001971202,3,Usługi
On April 2nd what will the weather be here,2,4,1,0.00017057672,3,Usługi
Is the forecast colder in Idaho 1 second from now,2,4,1,0.00018507834,3,Usługi
check the weather for around nine in South Georgia and the South Sandwich Islands,2,4,1,0.00012567699,3,Usługi
"Book a restaurant in Northern Mariana Islands with kristine, alisha and florine .",1,3,1,0.043467585,3,Usługi
Is there a storm in New Mexico in Fort Sumner,2,4,1,0.0001908084,3,Usługi
Show me the soundtrack The Phoenix,5,3,0,0.00029169832,3,Usługi
At 8 AM I want to eat at The Rosebud in the Federated States Of Micronesia,1,4,1,0.00014540441,3,Usługi
How is the humidity near my current place,2,4,1,0.00022197785,3,Usługi
Play a sound track by Pee Wee Russell on Zvooq .,3,1,0,0.0001355585,3,Usługi
Add Tunnel of Love to ethel's metal crash course palylist,0,0,0,0.00017717002,3,Usługi
book a spot for seven in 8 seconds from now,1,4,1,0.00064267893,3,Usługi
"Will it be warm in Gilmer , Keeling Islands ?",2,4,1,0.00022823011,3,Usługi
Please give me the forecast for Branton,2,5,1,0.5092718,3,Usługi
What's the forecast for Georgia ?,2,4,1,0.004128642,3,Usługi
I need a reservation for 0253 at Hotel Arctic in State Road,1,4,1,0.00021827417,3,Usługi
add picasso baby to Digster Reggae playlist,0,0,0,0.00018351336,3,Usługi
What's the weather in Taiwan,2,4,1,0.00021636285,3,Usługi
the stars for this are 4 for a textbook,4,2,0,0.00017856894,3,Usługi
Book a reservation for 8 at a restaurant that serves chicken fried bacon in Aruba,1,4,1,0.00031688577,3,Usługi
Find Four Songs,5,3,0,0.0017273977,3,Usługi
I need a table at the close restaurant for my niece and I at the Brooklyn Bridge-City Hall .,1,4,1,0.00028292256,3,Usługi
Show me the video game When In Rome 2007,5,3,0,0.00029715872,3,Usługi
Book a reservation for 2 at Fashion Cafe in Diwali,1,4,1,0.00019226325,3,Usługi
what is the forecast for Waurika in Samoa,2,4,1,0.0039706235,3,Usługi
Will it be warm in the current place next spring,2,4,1,0.00029416912,3,Usługi
Find a reservation within walking distance of pauline's place for a party of 10 at fourteen o'clock at a restaurant that serves aioli,1,4,1,0.00014946547,3,Usługi
book a taverna for 10 for NY,1,2,1,0.0006610992,3,Usługi
Play got to be free by Madeleine Peyroux,3,1,0,0.00018527223,3,Usługi
How is the weather going to be on child health day in Trinidad and Tobago ?,2,4,1,0.00025883445,3,Usługi
What time is Kickboxer showing at Cobb Theatres,6,4,0,0.00015273792,3,Usługi
Book a restaurant in Satanta that has highly rated northeastern for 10,1,2,1,0.00015574208,3,Usługi
play the best Elizaveta Khripounova,3,1,0,0.00016492486,3,Usługi
book a spot at a restaurant faraway from 138th St,1,4,1,0.0003697086,3,Usługi
Is Liberator playing at the IMAX Corporation at 11 ?,6,4,0,0.00013464443,3,Usługi
Book a table for 2 at a nearby restaurant .,1,4,1,0.0003120698,3,Usługi
"book a table for Sep. the second, 2020 at a highly rated place for me and my baby at a joint serving cambodian",1,4,1,0.00052026886,3,Usługi
what is the forecast for Lansford for temperate weather,2,4,1,0.0011032484,3,Usługi
book a spot for two at Sale Creek at eight AM,1,4,1,0.00015709996,3,Usługi
Look up the game called The Long Morrow,5,3,0,0.00033934644,3,Usługi
Book a popular joint in Ocean Gate for seven people at elevenses .,1,4,1,0.00023015044,3,Usługi
Play pop,3,1,0,0.00016158624,3,Usługi
this tune should go on my coffee table jazz playlist,0,0,0,0.00016209064,3,Usługi
will the weather be cloudy at 0 PM at my current position,2,4,1,0.00015048862,3,Usługi
Add Roots of the Outsiders to Blues Roots,0,0,0,0.00018119514,3,Usługi
I need a table for 5 at a highly rated gastropub in Concord MN,1,4,1,0.001897258,3,Usługi
show creativity of Official History of Australia in the War of 1914–1918,5,3,0,0.0006475211,3,Usługi
When will the weather be temperate like it is now in Stansbury Park in Tuvalu,2,4,1,0.000118378506,3,Usługi
Add album to my Country Hits,0,0,0,0.00018014002,3,Usługi
book a table in Cottondale not far for in two hundred sixty nine days,1,4,1,0.00044885886,3,Usługi
I want to book a table in a restaurant in Bouvet Island .,1,4,1,0.0014531915,3,Usługi
add Georgetown University Alma Mater to my evening acoustic playlist,0,0,0,0.00017425609,3,Usługi
What's the weather forecast for Saint Pierre and Miquelon ?,2,4,1,0.0009979341,3,Usługi
I need a reservation for a churrascaria in Oneonta Wyoming for a party of 4,1,4,1,0.0012050566,3,Usługi
what is the forecast for starting at three a.m in Two Buttes for warm weather,2,4,1,0.00018440446,3,Usługi
play music by Don Reno,3,1,0,0.0001279713,3,Usługi
book a spot at a Crown Burgers that is close by West Compton,1,4,1,0.00027858786,3,Usługi
book a spot at a pub with tatar in Cambodia,1,4,1,0.0003916918,3,Usługi
put this track on operación bikini,0,0,0,0.00018987736,3,Usługi
show creativity of Sacred Fire Live in South America,5,3,0,0.0002383263,3,Usługi
I want to eat at a scandinavian restaurant that is highly rated in Bonita Texas,1,4,1,0.000767458,3,Usługi
I need the weather in Wakarusa,2,4,1,0.00014462591,3,Usługi
what is the nine AM weather forecast for Nationalpark Midongy du Sud,2,4,1,0.0005180344,3,Usługi
Need to see if there will be fog,2,4,1,0.0016344308,3,Usługi
rate this book 0 out of 6,4,2,0,0.00021143333,3,Usługi
Book a reservation for six for a tyrolean oyster bar,1,4,1,0.0025213112,3,Usługi
I want to eat a delicatessen in thirteen hours that serves eastern european food,1,4,1,0.00022520337,3,Usługi
will it be a snowy day in Dalcour,2,4,1,0.00026539515,3,Usługi
play the Home Is Where the Music Is TV series,5,3,0,0.00017622368,3,Usługi
"What will the weather be in Berville AK on Feb. 6, 2017 ?",2,4,1,0.00016187485,3,Usługi
add this tune by hart wand on this is wagner,0,0,0,0.00017492776,3,Usługi
Need to book a restaurant in PA in the city of Old Orchard Beach,1,4,1,0.0016389044,3,Usługi
Book a restaurant with internet in NY for four people.,1,3,1,0.2110236,3,Usługi
Need to book a restaurnt for a party of nine on Thomas Jefferson's Birthday,1,3,1,0.0019562521,3,Usługi
I need to hear the new Kevin Fowler album,3,1,0,0.00016302674,3,Usługi
Book a food truck in MP for me and my ex husband .,1,3,1,0.0015839179,3,Usługi
Give this textbook one stars out of 6,4,2,0,0.00019988992,3,Usługi
I want to play the video game The Coyote Kings of the Space-Age Bachelor Pad,5,3,0,0.0002346306,3,Usługi
Book a table for nine at Canteen Lunch in the Alley at Midnight,1,4,1,0.00017473516,3,Usługi
What's the weather going to be in Yemen in one minute ?,2,4,1,0.0001541856,3,Usługi
show the movie schedule,6,4,0,0.00026284944,3,Usługi
How's the weather at Petit Manan National Wildlife Refuge and nearby right now,2,4,1,0.00021474026,3,Usługi
I need to book a table at The Star Inn that's within walking distance from my place in Ashland,1,4,1,0.00021874612,3,Usługi
How cold is it in Martinique,2,4,1,0.00016775675,3,Usługi
Is it hot in FL,2,4,1,0.00016806963,3,Usługi
"Book a reservation for velma, ana and rebecca for an american pizzeria at 5 Am in MA",1,4,1,0.00027914756,3,Usługi
add album to my Deathcore playlist,0,0,0,0.00017838829,3,Usługi
Weather for Faroe Islands,2,4,1,0.00017194594,3,Usługi
"Tell me when it'll be sunny in Ralls , Marshall Islands",2,4,1,0.00012288263,3,Usługi
The chronicle Charlie Peace earns 4 stars from me,4,2,0,0.00016725925,3,Usługi
What will the humidity be in Beroun on aug. 26,2,4,1,0.00018153255,3,Usługi
Let me know the weather forecast around ten Pm faraway from here in Park Narodowy Brimstone Hill Fortress .,2,4,1,0.00023241741,3,Usługi
add Bedroom Jams to album,0,0,0,0.00019175468,3,Usługi
"What is the weather like in Montchanin , NV",2,4,1,0.00018811542,3,Usługi
there is warmer at Serenada,2,4,1,0.00020068645,3,Usługi
Which movie theatre with Clean and Sober is closest to me?,6,4,0,0.00019194977,3,Usługi
What's the weather forecast in Nationalpark Banc d’Arguin ?,2,4,1,0.00021174373,3,Usługi
Is it going to be chillier in New Mexico this spring ?,2,4,1,0.00054581894,3,Usługi
Add artist to playlist Epic Gaming,0,0,0,0.00017256294,3,Usługi
"book a restaurant for me, valarie and caroline in 56 weeks in Soldier Pond",1,3,1,0.0014258041,3,Usługi
Book me a tibetan restaurant for my boss and I .,1,3,1,0.0001767647,3,Usługi
"I need a table at a restaurant serving carne pizzaiola for tamra davis, viola and dorothea",1,4,1,0.00024995895,3,Usługi
Book a restaurant around Thompson,1,3,1,0.00032282042,3,Usługi
What is the weather forecast for Sunset in Bouvet Island ?,2,4,1,0.00019110425,3,Usługi
Is it chilly in Curacao,2,4,1,0.00020993642,3,Usługi
"book a table for 10 at The Dome, Edinburgh",1,4,1,0.0018150326,3,Usługi
"Please find me a table at a place that serves glace , has room for six and a pub atmosphere",1,4,1,0.00018628445,3,Usługi
Show me Cut the Rope video game,5,3,0,0.00025745196,3,Usługi
will there be rain today in Greece,2,4,1,0.00059133983,3,Usługi
Book a reservation for a party of four within the same area of Districts of Sweden,1,4,1,0.017685141,3,Usługi
"book me a restaurant that serves hot chicken in Dutch Mills , North Dakota for 10 people for 3 am",1,4,1,0.002453128,3,Usługi
I'd like to see the saga 12 Soulful Nights of Christmas,5,3,0,0.00027590164,3,Usługi
I'd like a table for eight at a close-by place in Carpenterville,1,4,1,0.00024894008,3,Usługi
this month will the sun be scorching in LA,2,4,1,0.0002211494,3,Usługi
Add this tune to retrowave outrun,0,0,0,0.00016774515,3,Usługi
What will the weather be in Lamar ?,2,4,1,0.00016329596,3,Usługi
Find the App Store,5,3,0,0.00023232918,3,Usługi
What will the weather be in Uzbekistan at 4 am ?,2,4,1,0.00013702654,3,Usługi
I need a weather update now for Manhattan Project National Historical Park,2,4,1,0.022858165,3,Usługi
What's the weather in Oregon,2,4,1,0.00018099524,3,Usługi
the points given are five for Dust and Shadow,4,2,0,0.00020835266,3,Usługi
book any popular puglia serving oyster bar for 10 in Jemez Springs,1,4,1,0.0004118955,3,Usługi
in Taiwan will there be rainfall in Willimantic,2,4,1,0.00022124084,3,Usługi
Show The Swan Princess,5,3,0,0.00018543833,3,Usługi
Find a reservation for a restaurant in Hong Kong for seven people,1,4,1,0.00024918065,3,Usługi
I would rate this book a value of 3 and a best rating of 6,4,2,0,0.00020482835,3,Usługi
Book a restaurant in seven in Fort McKinley,1,3,1,0.0031050388,3,Usługi
Can you help me find the We No Who U R game ?,5,3,0,0.00020867828,3,Usługi
What's the weather for this year in Oregon,2,4,1,0.00015707602,3,Usługi
Tell me if there's a snowstorm in the forecast twenty seconds from now in Holtville,2,4,1,0.00023804995,3,Usługi
I want to book a restaurant for 6 on january third within walking distance of Northvale,1,4,1,0.0003464349,3,Usługi
"what will the weather be in Mascoutah , Tanzania at 090438 am",2,4,1,0.00013753882,3,Usługi
Please book a table for four at a restaurant in TN,1,4,1,0.0002581499,3,Usługi
"what's the weather going to be like in MI on august twenty-eighth, 2033",2,4,1,0.00024255777,3,Usługi
show movie times,6,4,0,0.00026463188,3,Usługi
"What's the weather forecast for East Berlin , AL ?",2,4,1,0.0026261287,3,Usługi
I want to eat breakfast at the Green Restaurant Certification,1,4,1,0.00028947004,3,Usługi
What will the weather be in North Carolina ?,2,4,1,0.00017393465,3,Usługi
listen to Pmd symphony,3,1,0,0.00014751682,3,Usługi
Book a restaurant at sixteen o'clock in SC,1,4,1,0.0008610906,3,Usługi
add back on the dancefloor to my bajo las estrellas playlist,0,0,0,0.00017088518,3,Usługi
Can you get the weather forecast for New Baden,2,4,1,0.014008807,3,Usługi
book a table for ten people,1,3,1,0.00015053249,3,Usługi
what is the weather in Forêt nationale Davy Crockett today,2,4,1,0.0001368607,3,Usługi
Will there be rainfall four weeks from now in Tehama Bahamas,2,4,1,0.00028404564,3,Usługi
Please put an album by Joseph Meyer on my POP GOES THE 80s playlist,0,0,0,0.000203514,3,Usługi
Will it snowstorm neighboring the Rio Grande Wild and Scenic River on feb. the second ?,2,4,1,0.00022488316,3,Usługi
how's the weather here at two Am,2,4,1,0.00012909391,3,Usługi
Book a table at a pub in China .,1,3,1,0.00026086482,3,Usługi
Is it windy in Custar,2,4,1,0.00024450177,3,Usługi
I give the saga to The Woven Path 1 stars and a best rating of 6,4,2,0,0.00020106237,3,Usługi
book a table in Arizona serving italian-american cuisine in a tavern for 2,1,3,1,0.0489467,3,Usługi
Play a 2009 concerto on Deezer .,3,1,0,0.0001619274,3,Usługi
Find the Return to Grace saga,5,3,0,0.00018694151,3,Usługi
show creative song called Holidays on the River Yarra,5,3,0,0.00022476344,3,Usługi
book a food court indoor at Penermon for my step father and I,1,3,1,0.0046712775,3,Usługi
book a gluten free restaurant in Arp,1,3,1,0.01089777,3,Usługi
I'd like to watch films at the closest movie theatre,6,4,0,0.00021920643,3,Usługi
what is the 0000 pm forecast for blizzard conditions in Cameroon,2,4,1,0.00062263774,3,Usługi
Add parempi mies to the Café con Leche playlist.,0,0,0,0.00016306,3,Usługi
I want to give Panther in the Basement four points,4,2,0,0.00018823688,3,Usługi
I need to book a restaurant that has wifi far from TX for me and my parents,1,3,1,0.0020947878,3,Usługi
I want to give the current essay a five,4,2,0,0.00020243828,3,Usługi
add artist to lo mejor de los 00's,0,0,0,0.00016084772,3,Usługi
Book a table for eight people please,1,3,1,0.0001597504,3,Usługi
Book the Boon Brick Store for nine people.,1,3,1,0.00013373225,3,Usługi
Will there be a depression in Wheatley,2,4,1,0.0011878008,3,Usługi
I'm looking for the last track by Fei Yu Ching from the fourties,3,1,0,0.00024368787,3,Usługi
Book me a popular restaurant reservation at a brazilian delicatessen,1,4,1,0.00022480865,3,Usługi
Give this chronicle a 4 out of 6,4,2,0,0.00021081364,3,Usługi
I want to take my bf and I to get some pain perdu from a food truck,1,3,1,0.00040538565,3,Usługi
Please get me The Very Best of Chicago Only the Beginning .,5,3,0,0.00021231607,3,Usługi
give 4 out of 6 stars to this textbook,4,2,0,0.00018209321,3,Usługi
I want to book a seafood bakery in Le Roy,1,4,1,0.023017015,3,Usługi
Book a pub with fisn'n chips in Timberville .,1,4,1,0.24929954,3,Usługi
"What will the temperature be like at Fort Point, San Francisco the day after tomorrow",2,4,1,0.00022082403,3,Usługi
find TV series titled A Life in the Death of Joe Meek,5,3,0,0.00024637103,3,Usługi
Will there be a blizzard at a 4 AM in Sky Valley,2,4,1,0.00013870545,3,Usługi
Is it freezing at Jasmund National Park,2,4,1,0.00019273056,3,Usługi
Make me a reservation for a party of eight in Ledoux,1,4,1,0.00065630843,3,Usługi
Play my Piano Ballads playlist.,3,1,0,0.00072613027,3,Usługi
book a spot for six at a restaurant that serves fish and chips,1,4,1,0.00026834427,3,Usługi
Will it be rainy in Malta,2,4,1,0.0002580855,3,Usługi
Is the weather hotter in Old Furnace State Park,2,4,1,0.00018340413,3,Usługi
Open Groove Shark and play native us,3,1,0,0.00018307072,3,Usługi
will there be a cloud next year in Kewanee,2,4,1,0.00025731386,3,Usługi
book John Pearson Soda Works restaurant on 7/27/2036,1,4,1,0.0019981198,3,Usługi
Give this album 0 stars,4,2,0,0.00018226916,3,Usługi
What will be the wind speed at the current place ?,2,4,1,0.00024787948,3,Usługi
will it be warm at Mountainair,2,4,1,0.00021735422,3,Usługi
I need the forecast for hot in Barbados May City in 1 year,2,4,1,0.00043972192,3,Usługi
Book a table at a bar in Cambodia that serves cheese fries .,1,4,1,0.15780868,3,Usługi
I need to book a restaurant that serves sundanese in Bonaire for 7,1,4,1,0.0018723451,3,Usługi
Play chant music by Ira Losco on Iheart .,3,1,0,0.00013864049,3,Usługi
I'd like the weather forecast in Gang Mills four years from now .,2,4,1,0.00041848884,3,Usługi
How will the weather be in 11 years from now in the same area of Florida ?,2,4,1,0.00025825188,3,Usługi
What's the weather going to be like in PR at nineteen o'clock,2,4,1,0.0001493315,3,Usługi
"Book a table for lois, effie price and I for next Summer in Italy .",1,3,1,0.00058989786,3,Usługi
What is the movie schedule for movies close by,6,4,0,0.00020999095,3,Usługi
When is sunrise for AR,2,4,1,0.00016792693,3,Usługi
Take me a top-rated restaurant for nine close to Westfield Delaware,1,2,1,0.0043378295,3,Usługi
book in Falkland Islands at Atomic Cafe,1,4,1,0.00077596906,3,Usługi
this track should go into my playlist called This Is Beethoven,0,0,0,0.00017784881,3,Usługi
I would like to book a restaurant in Lebanon,1,3,1,0.0114753265,3,Usługi
"Book me a reservation for an osteria campanian on Jun. the 7th, 2022",1,4,1,0.0027701056,3,Usługi
Find THUNDER IN THE EAST .,5,4,0,0.00054094696,3,Usługi
What will it feel like on patriot's day on South Georgia and the South Sandwich Islands,2,4,1,0.004458697,3,Usługi
What will the weather be like at me current position in seventeen seconds ?,2,4,1,0.00019400341,3,Usługi
find the television show called Tactics,5,3,0,0.00035666735,3,Usługi
Will there be a snowstorm around eight pm in Reed Island State Park ?,2,4,1,0.00026659906,3,Usługi
I want a table for 4 at any kind of goiano bar,1,4,1,0.00019689892,3,Usługi
Book a churrascaria restaurant that serves spring rolls for one person.,1,3,1,0.093445584,3,Usługi
Will it be chillier in La Mesa ?,2,4,1,0.00022284426,3,Usługi
Will it be hotter in Pruntytown Rhode Island,2,4,1,0.00018760619,3,Usługi
book a spot for 1 at a pub with internet,1,4,1,0.000328906,3,Usługi
book a spot for 6 in Pilot Mound Palau on feb. the twenty-fourth,1,2,1,0.00026572548,3,Usługi
I would give this current novel one stars,4,2,0,0.00017822214,3,Usługi
Add this track to my lo que suena new york playlist,0,0,0,0.00015881864,3,Usługi
Is there going to be any cloud cover today at McCracken in AZ ?,2,4,1,0.0002330468,3,Usługi
Is it colder today in College Park then in Serbia and Montenegro,2,4,1,0.00025076175,3,Usługi
"I need a table for me, violet and maude at a restaurant in NE",1,4,1,0.000369395,3,Usługi
"Will there be hail in 8 minutes in Iroquois , MA ?",2,4,1,0.00017081836,3,Usługi
"Tell me the weather forecast for april 15, 2019 here",2,4,1,0.30061525,3,Usługi
"What will the weather be like on aug. the 8th, 2032 here",2,4,1,0.00027007543,3,Usługi
What is the weather like in IA in april,2,4,1,0.0002036633,3,Usługi
Is The Wash playing at the cinema in one minute,6,4,0,0.00020612894,3,Usługi
this saga is definitely worth 4 stars .,4,2,0,0.00017332775,3,Usługi
book me a table at a bistro that serves maple syrup for a party of 10,1,4,1,0.00060940534,3,Usługi
Weather for Swaziland,2,4,1,0.0001496175,3,Usługi
Can I get a table for 3 in GU at a restaurant in the neighboring area that serves chicken french ?,1,4,1,0.00020108257,3,Usługi
"What is the weather forecast for june the third in Rileyville , CO",2,4,1,0.00022808793,3,Usługi
Rate She A History of Adventure a one of 6,4,2,0,0.00018622796,3,Usługi
Will there be a depression here on october 26,2,4,1,0.0021264853,3,Usługi
Will there be fog in Nebraska ?,2,4,1,0.0005417392,3,Usługi
book a table for 0 pm in Fayette for rachael morris and shannon near there,1,4,1,0.00036619237,3,Usługi
"I'd like to book at a place in AR , looking for an oyster bar that is indoor and can accommodate a party of eight that is also within walking distance .",1,4,1,0.00045967277,3,Usługi
Tell me the weather forecast for Casa Grande Ruins National Monument,2,4,1,0.007984446,3,Usługi
What films are playing at 1 PM at Showcase Cinemas,6,4,0,0.0002160205,3,Usługi
Play the top-20 music by merz,3,1,0,0.00013023717,3,Usługi
put United Abominations onto my rare groove playlist,0,0,0,0.00017205311,3,Usługi
"Is it chilly in Charenton , NY ?",2,4,1,0.00022707025,3,Usługi
"Tell me if it will be snowy 8 hours from now in Mount Airy , VI",2,4,1,0.00021056145,3,Usługi
What is the weather forecast for Burundi,2,4,1,0.0022236535,3,Usługi
"Book reservations at a restaurant in NE for 4 people on apr. 2, 2021",1,4,1,0.00050134,3,Usługi
What's the weather in Stone Mountain Kentucky,2,4,1,0.00014521158,3,Usługi
Will there be a lot of wind in West Fargo GU,2,4,1,0.00039351947,3,Usługi
Is it going to get hotter at the Halfbreed Lake National Wildlife Refuge,2,4,1,0.00027163044,3,Usługi
Book me a reservation for Ad Hoc in Brazil for a party of 7,1,4,1,0.0011453979,3,Usługi
Please book a table for 10 at a faraway top-rated brasserie in Malaysia on Oct. the thirteenth .,1,4,1,0.00059126347,3,Usługi
Need the closest movie house playing The Flamingo Rising,6,4,0,0.00016676968,3,Usługi
book close-by for 1 in South Dakota,1,2,1,0.0013872761,3,Usługi
book a spot at The Red Onion in San Marino for next week,1,4,1,0.00035815107,3,Usługi
"I want to eat a a brasserie that serves muffuletta , where can I get a reservation?",1,4,1,0.0005286962,3,Usługi
I would like to book a restaurant in Niagara Falls for 8 on June nineteenth,1,4,1,0.00037839977,3,Usługi
book a taverna that serves vichyssoise within walking distance in OH,1,4,1,0.00057554286,3,Usługi
add fabrice morvan to Folk for Kids,0,0,0,0.00020491396,3,Usługi
Will it be overcast at lunch time in Saint Vincent and the Grenadines,2,4,1,0.00014069385,3,Usługi
read the novel Friend The Great Legacy,5,3,0,0.00017418612,3,Usługi
What will the weather be in Croatia ?,2,4,1,0.00016097633,3,Usługi
I need a cambodian brasserie restaurant that is top-rated,1,2,1,0.0030240621,3,Usługi
Play some latin music.,3,1,0,0.00013113084,3,Usługi
Play me Sun Ra songs from the fifties,3,1,0,0.00013010448,3,Usługi
Please book me a restaurant,1,3,1,0.00015109622,3,Usługi
"What's the weather going to be in Parkers Prairie , VA at 070802 am ?",2,4,1,0.00013716302,3,Usługi
Will it be chillier on october 17 nearby East Glacier Park,2,4,1,0.0002014976,3,Usługi
Looking for a creative work called Plant Ecology,5,3,0,0.0006986841,3,Usługi
Find a table at a restaurant that serves corn relish in Venezuela,1,4,1,0.00022583891,3,Usługi
add darkest angels to my SOS 48 2016,0,0,0,0.00018858485,3,Usługi
add this song to my Love Hurts playlist,0,0,0,0.00017172177,3,Usługi
Book a reservation for a bar with a spa nearby ID,1,4,1,0.0008916785,3,Usługi
Is it freezing in Kelso,2,4,1,0.00015305686,3,Usługi
play the top twenty movement songs from Roberto Valverde,3,1,0,0.00015108018,3,Usługi
Is it snowy in Ocean Shores,2,4,1,0.00020249856,3,Usługi
Put this tune on dancePOP,0,0,0,0.00021369505,3,Usługi
How is the forecast for OK ?,2,4,1,0.011182522,3,Usługi
Add Mel Draisey tomy 80s Classic Hits playlist.,0,0,0,0.0001826041,3,Usługi
add post mortem to my timeless love songs playlist,0,0,0,0.00018102159,3,Usługi
I need a restaurant that can seat 3 in Cochran that has wifi .,1,4,1,0.00127046,3,Usługi
I need a reservation at sunrise for melva and heidi at a local restaurant .,1,4,1,0.00016112805,3,Usługi
will there be snowfall in Pacific Beach Suriname,2,4,1,0.00026213162,3,Usługi
Will it still be warm nineteen hours from now in PA,2,4,1,0.00015661874,3,Usługi
add satisfied to my Rockin' Vibes playlist,0,0,0,0.00016514504,3,Usługi
book for one in Indiana at a restaurant,1,4,1,0.0054167598,3,Usługi
I need a table at Eddie's Attic in Nevada for one,1,4,1,0.00027287533,3,Usługi
I need a reservation for The French Laundry in OH for six,1,4,1,0.00021566561,3,Usługi
show me the picture Sex and Drugs and Jesus Christ,5,3,0,0.00064149103,3,Usługi
I want to book a restaurant,1,3,1,0.00026989376,3,Usługi
Book a restaurant that serves pasta for 5 people.,1,3,1,0.016282907,3,Usługi
"Book a spot for ten in Morris Ranch SD on nov. the twenty-second, 2023",1,4,1,0.00040987,3,Usługi
what is the forecast for cloudy weather here,2,4,1,0.012626482,3,Usługi
I want seating for five near the pool at the pub,1,4,1,0.00023898485,3,Usługi
What is the weather like within walking distance of the Bothwell Lodge State Historic Site,2,4,1,0.00033043313,3,Usługi
Book a reservation for nine people at a bakery in Nunez,1,4,1,0.00044536294,3,Usługi
Rate Wielding a Red Sword 0 stars,4,2,0,0.00020047385,3,Usługi
Book a brasserie for me and my team at four am,1,4,1,0.00028185936,3,Usługi
John Ross House restaurant in town and close-by,1,4,1,0.00022016317,3,Usługi
gwen carter and I want a reservation in the Dominican Republic,1,4,1,0.0035850708,3,Usługi
book a spot at Savoy Hotel and Grill that is neighboring Wisconsin,1,4,1,0.00050189404,3,Usługi
Is the weather temperate in Millinocket ?,2,4,1,0.00017087639,3,Usługi
What's the weather here,2,4,1,0.00018990121,3,Usługi
Check the weather forecast for Biscay,2,4,1,0.0021968784,3,Usługi
Play Murder The Mountains by Mana on Netflix,3,1,0,0.00011116673,3,Usługi
United States has warm weather on next Wed.,2,4,1,0.00037681378,3,Usługi
Tell me what the weather will look like here at 0150,2,4,1,0.00022394654,3,Usługi
Where is the nearest cinema that is playing The Kid Brother,6,4,0,0.00018786461,3,Usługi
Locate the best pub in Apache Junction,1,4,1,0.00023463677,3,Usługi
Play the most popular ep by marcel khalife on Netflix,3,1,0,0.00013138959,3,Usługi
what is the weather at my current location,2,4,1,0.00014347053,3,Usługi
"On oct. 26 , I will need to make reservations to eat in Halibut Point State Park .",2,4,1,0.00047930717,3,Usługi
"I need a reservation for claudine, kelsey and shelley at a restaurant in Palestine .",1,4,1,0.0003538896,3,Usługi
Where does The Return of the Whistler play at the Bow Tie Cinemas at 030148 A.M.,6,4,0,0.00015605275,3,Usługi
Book a spot at a taverna for my cousin and I in Burundi,1,4,1,0.00029824427,3,Usługi
play pandora tracks by Akhtar Sadmani,3,1,0,0.00016640994,3,Usługi
What will the weather be like in 16 weeks at the Ivory Coast,2,4,1,0.00018492331,3,Usługi
"Play Paul Landers , O Rio, A Cidade, A Árvore on slacker",3,1,0,0.00015723323,3,Usługi
play songs by Sammy Fain,3,1,0,0.00013688707,3,Usługi
Will it get foggy in Spring Hill ?,2,4,1,0.00025127872,3,Usługi
What is the weather now in James City ?,2,4,1,0.00014746348,3,Usługi
"What will the weather be like here on September 17, 2040",2,4,1,0.0004302112,3,Usługi
please add Secrets of the Alibi to the playlist called keep calm,0,0,0,0.00020036586,3,Usługi
Play me a top-ten song by Phil Ochs on Groove Shark,3,1,0,0.00014975588,3,Usługi
Add Unconscious State to my 90s Smash Hits,0,0,0,0.00018531237,3,Usługi
play a tune from 1962,3,1,0,0.00011719719,3,Usługi
Add the artist tony thompson to my canta en la ducha playlist,0,0,0,0.00017374594,3,Usługi
Book a restaurant on san jacinto day in Anderson for me and my colleagues .,1,3,1,0.0030599243,3,Usługi
will it be sunny in my current place at 6 am,2,4,1,0.00017592243,3,Usługi
my colleagues and I would like a restaurant in Snow Lake,1,4,1,0.002920762,3,Usługi
at 7 pm what will the weather be in Iceland,2,4,1,0.00012201651,3,Usługi
Play the latest music by Martin Luther Mccoy,3,1,0,0.00014027506,3,Usługi
What is the TV show This Is Halloween ?,5,3,0,0.0004019274,3,Usługi
"Tell me the weather forecast for Molino , Washington",2,4,1,0.19253354,3,Usługi
Play music on Netflix .,3,1,0,0.00013023894,3,Usługi
weather for five am in Osyka Bhutan,2,4,1,0.00011734196,3,Usługi
Is it snowy in Audra State Park or within the same area,2,4,1,0.00046647413,3,Usługi
Find movie schedule for animated movies in the area,6,4,0,0.00020155412,3,Usługi
Book a restaurant for one in AL .,1,3,1,0.00047183022,3,Usługi
Will it be freezing in the city of Sardis,2,4,1,0.0003332449,3,Usługi
Reserve a table for ten people in Brenham in 5 years .,1,4,1,0.0002885649,3,Usługi
book a table for 3 far from Tullytown at a coffeehouse with a smoking room,1,4,1,0.00040906054,3,Usługi
Find me the album The Weed Tree .,5,3,0,0.0002913932,3,Usługi
party for ten at National Coney Island in DE,1,4,1,0.00011988442,3,Usługi
Is it freezing close to DC ?,2,4,1,0.00023284754,3,Usługi
Where can I get Intel Array Building Blocks,5,3,0,0.2861246,3,Usługi
Give me the movie listings at the closest cinema please.,6,4,0,0.00029294234,3,Usługi
I need a reservation for a gastropub that serves a maple bacon donut,1,4,1,0.0030623912,3,Usługi
add the album to the Six string peacefulness playlist,0,0,0,0.00018970754,3,Usługi
Is it foggy in Phinizy Swamp Nature Park ?,2,4,1,0.00023668933,3,Usługi
She me that movie schedule,6,4,0,0.00021856379,3,Usługi
Book a reservation not far from 8th St,1,3,1,0.0008456528,3,Usługi
The Rats of Hamelin deserves zero points,4,2,0,0.00017562241,3,Usługi
Forecast for Econfina,2,3,1,0.0025487277,3,Usługi
The book the Geoff Ryman bibliography should have a rating of three to 6 points .,4,2,0,0.00018851405,3,Usługi
book a spot in Malin KY,1,3,1,0.00017924889,3,Usługi
Get me reservations for seven at a restaurant in PW that serves tourte .,1,4,1,0.0002519589,3,Usługi
Find a movie called No. 1 In Heaven .,5,3,0,0.00013432336,3,Usługi
add sonntag to my Assassin's Creed,0,0,0,0.00017171656,3,Usługi
Add an album by Liza Oumarova to the Steampunk playlist.,0,0,0,0.00020046314,3,Usługi
I'd like to book a place to eat in NY .,1,3,1,0.0004687693,3,Usługi
"what's the closest cinema playing Six Days Three Activists, Three Wars, One Dream at sunrise",6,4,0,0.00018531173,3,Usługi
Make a reservation for 7 people at a gastropub on Isle of Man .,1,4,1,0.0002129152,3,Usługi
Will it get cold in Nationalpark Mu Ko Phetra ?,2,4,1,0.00019230317,3,Usługi
I need a reservation for the smoking room at a fast food place for 8 people,1,4,1,0.00014614043,3,Usługi
what is the forecast for Ōtone Prefectural Natural Park in 1 hour and within the same area,2,4,1,0.00042815926,3,Usługi
Add this track to the Sin Ti playlist,0,0,0,0.0001629002,3,Usługi
Need book a restaurant for this Autumn in Illinois,1,3,1,0.00025298237,3,Usługi
Book a cafeteria that serves bagels for six people.,1,3,1,0.097096935,3,Usługi
Book a restaurant in Everson Nevada that serves conchiglie for two people.,1,4,1,0.23130143,3,Usługi
What is the closest cinema today playing animated movies ?,6,4,0,0.00026961297,3,Usługi
Is The Mystery of Betty Bonn playing at twelve A.M. at the nearest movie house ?,6,4,0,0.0002137101,3,Usługi
Play a popular song by Willie Dixon on Groove Shark,3,1,0,0.00013293792,3,Usługi
"What will the weather be like on feb. sixth, 2024 at Blanco State Park",2,4,1,0.00022218794,3,Usługi
"book a spot for me, reyna and maxine at a taverna on monday",1,4,1,0.0003667669,3,Usługi
I would like to eat fast food and have a party of two in Kentucky .,1,4,1,0.00045397927,3,Usługi
I rate this essay 5 of 6 points,4,2,0,0.00021570832,3,Usługi
five points for this novel,4,2,0,0.00017839379,3,Usługi
find a trailer called Way Down Yonder in New Orleans,5,3,0,0.0002599251,3,Usługi
Where is Chips in Crouch,1,4,1,0.00015808785,3,Usługi
Add from the ashes to my rock gaming playlist,0,0,0,0.0001712178,3,Usługi
Book a restaurant for 2 at a cafe that I can get a croissant at,1,4,1,0.00033932057,3,Usługi
What time is A Ball at the Anjo House playing,6,4,0,0.00011173436,3,Usługi
She me the movie schedule for animated movies at the place nearby,6,4,0,0.00019998543,3,Usługi
"Book the Chapter One in Bosnia and Herzegovina for patti, hester richardson and camille",1,3,1,0.00051800616,3,Usługi
What will the weather be like on September the eighteenth in Puerto Rico,2,4,1,0.00038695824,3,Usługi
what is the forecast for Sea Isle City in Louisiana for warmer weather,2,4,1,0.0007396525,3,Usługi
Book a restaurant for four on october 9 in Maine,1,4,1,0.0010552669,3,Usługi
What's the weather forecast for Connecticut,2,4,1,0.003363476,3,Usługi
I want to hear something by Joe Dolce on Google Music,3,1,0,0.00014500496,3,Usługi
show weather forecast in East Tawakoni Italy at four PM,2,3,1,0.00097456406,3,Usługi
Is it going to be warmer in 2 years and a half in Deweese ?,2,4,1,0.0003557399,3,Usługi
I'd like to go to a cuban restaurant in Horatio and get a table for 1,1,4,1,0.00024565123,3,Usługi
what is the weather forecast for Red Rock Lakes National Wildlife Refuge,2,4,1,0.0012499867,3,Usługi
Book reservation at a restaurant in Rocky Fork for 2 people,1,4,1,0.00029020454,3,Usługi
What movie house is playing the animated movies nearest ?,6,4,0,0.00022660731,3,Usługi
What film is playing at Landmark Theatres,6,4,0,0.00020978549,3,Usługi
give two points out of 6 to this essay,4,2,0,0.00020175299,3,Usługi
I'd like to eat at a bar that serves corn relish with a party of five,1,4,1,0.0003945425,3,Usługi
"Book a restaurant for monique stewart, arlene and jami .",1,3,1,0.000403527,3,Usługi
I need a table for 5 at the restaurant I ate at last Oct.,1,4,1,0.00016755809,3,Usługi
"Is it supposed to be windy in ME on june the 14th, 2024 ?",2,4,1,0.00021055016,3,Usługi
Will the weather be okay in Northern Luzon Heroes Hill National Park 4 and a half months from now ?,2,4,1,0.00017656469,3,Usługi
what is the blizzard forecast for 1206 in MS,2,4,1,0.0005301826,3,Usługi
add this gisela song to my dancehall official,0,0,0,0.00016037498,3,Usługi
forecast for Serbia,2,3,1,0.00041326685,3,Usługi
book me a reservation at a bar around Juliff for three people that serves bucatini for now,1,4,1,0.000225837,3,Usługi
I want to book the Clarke Cooke House in Uzbekistan,1,3,1,0.0003122643,3,Usługi
What is the weather forecast for North Carolina,2,4,1,0.0042930716,3,Usługi
will the weather be warm in August at the faraway in Micronesia,2,4,1,0.00011856601,3,Usługi
what weather is in Saint Vincent and the Grenadines on Thursday,2,4,1,0.00014647032,3,Usługi
add this track to Alternative Route,0,0,0,0.00015757918,3,Usługi
