text,true_label_original,pred_label_mapped,is_ood_true,ood_score,fold,scenario
Live In L.a Joseph Meyer please,3,3,1,0.00014030802,2,Muzyka
when is Our Story showing next at North American Cinemas,6,4,0,0.00015933986,2,Muzyka
Play the top ten theme music from 1975 by Tom Baxter,3,3,1,0.00014060548,2,Muzyka
Add a kiley dean tune to my jazz for loving couples playlist,0,3,1,0.0001756806,2,Muzyka
Can you provide me with movie schedules for Century Theatres ?,6,4,0,0.00012636412,2,Muzyka
What time are animated movies playing in the area,6,4,0,0.00011777477,2,Muzyka
Play anything from the top-50 Jeff Irwin record off of itunes,3,3,1,0.00013384999,2,Muzyka
what's the closest movie house showing The Legend of Ben Hall,6,4,0,0.00014455963,2,Muzyka
play eighties track,3,3,1,0.00011999328,2,Muzyka
my Disco Forever playlist needs an album by sawai gandharva .,0,3,1,0.00015569315,2,Muzyka
Play music by Country Dick Montana .,3,3,1,0.00012633413,2,Muzyka
Play a song by Rahsaan Patterson .,3,3,1,0.00014673543,2,Muzyka
Can you play The Change Is Made on Netflix,3,3,1,0.00048524252,2,Muzyka
Play music from the punk genre on Last Fm .,3,3,1,0.0004857803,2,Muzyka
I would give this book a value of 2 and a best rating of 6,4,2,0,0.00014031967,2,Muzyka
play music by Amii Stewart with Itunes,3,3,1,0.00021266539,2,Muzyka
Add a track to my playlist Classic Acoustic,0,3,1,0.00014961901,2,Muzyka
add dark days in paradise to my gym playlist,0,3,1,0.00033064128,2,Muzyka
Add tune to my playist the piano bar,0,3,1,0.000115368224,2,Muzyka
read the book Journal of the Bombay Natural History Society,5,3,0,0.0001768084,2,Muzyka
Is it warm in Sierra Blanca now,2,1,0,0.00015930063,2,Muzyka
put this whole album on the playlist called old school metal,0,3,1,0.00016688507,2,Muzyka
Add artist to TODO EDM,0,3,1,0.00016141387,2,Muzyka
add the essential jacksons to my Perfect Concentration,0,3,1,0.00014881851,2,Muzyka
book a spot for tommie and vera rogers in Irvine at 7 AM,1,0,0,0.00020374588,2,Muzyka
play the newest ep from the sixties,3,3,1,0.000232362,2,Muzyka
Play Ik Hou Van Jou by Elena Temnikova,3,3,1,0.00011420046,2,Muzyka
Play a cohesive playlist for me,3,3,1,0.00026407666,2,Muzyka
I need a table for a party of 2 at Co-operative Block Building in Old Glory,1,0,0,0.00017500385,2,Muzyka
read the novel On-Line Encyclopedia of Integer Sequences,5,3,0,0.00063354603,2,Muzyka
Find the game BlogBridge,5,3,0,0.0001722064,2,Muzyka
Play Barbra Streisand music from 1997 .,3,3,1,0.00016106137,2,Muzyka
Add ricky nelson to my Classical X playist,0,3,1,0.00013590913,2,Muzyka
Open my acoustic concentration playlist and play an entire album,0,3,1,0.00014947499,2,Muzyka
Add Ashley Cafagna Tesoro to my reggae en español list,0,3,1,0.00042331623,2,Muzyka
Put this tune on dancePOP,0,3,1,0.00014041821,2,Muzyka
Book a brasserie in the Falkland Islands for this week .,1,0,0,0.00023149597,2,Muzyka
I need seating for ten people at a bar that serves czech cuisine,1,0,0,0.00017808404,2,Muzyka
the stars for this are 4 for a textbook,4,2,0,0.00014294298,2,Muzyka
play the last song from the thirties by Airto Moreira,3,3,1,0.000108503984,2,Muzyka
Add sp balasubrahmanyam to my rockabilly mania playlist.,0,3,1,0.0013810552,2,Muzyka
Find me the Extreme Ghostbusters game .,5,3,0,0.00018277591,2,Muzyka
I want lay down your arms in the indie español playlist.,0,3,1,0.00024431746,2,Muzyka
Play music from 1964 .,3,3,1,0.0001723105,2,Muzyka
put Ron Grainer on my disco fever playlist,0,3,1,0.0002706504,2,Muzyka
Add Ashley McIsaac to my r&b party classics playlist,0,3,1,0.0002865818,2,Muzyka
play the Música Da Série De Filmes O Hobbit album by Alex Otaola,3,3,1,0.00012534755,2,Muzyka
I want Harris to be added to my latin dance cardio playlist,0,3,1,0.0001575754,2,Muzyka
add paul wickens to Lo mejor del Rock de España,0,3,1,0.00087424193,2,Muzyka
Play some good music from 2012 .,3,3,1,0.0001413393,2,Muzyka
Book a reservation for a restaurant not far from MA,1,0,0,0.00020836096,2,Muzyka
Play teri meri by Josh White,3,3,1,0.00010220698,2,Muzyka
Play Clásicos del Hip Hop Español,3,3,1,0.00012806422,2,Muzyka
play The Case of the Whitechapel Vampire TV series,5,3,0,0.00017558494,2,Muzyka
Play some music by Mutlu,3,3,1,0.000139351,2,Muzyka
find a book called The Mad Magician,5,3,0,0.00012836163,2,Muzyka
Can I hear the latest music from Bahar Kizil ?,3,3,1,0.00022678052,2,Muzyka
Show me The Courts of Chaos,5,3,0,0.00019546364,2,Muzyka
Add the current tune to my Evening Groove list,0,3,1,0.00016012516,2,Muzyka
Play music from the sixties,3,3,1,0.00013777576,2,Muzyka
Is it getting colder in Leonard Harrison State Park,2,1,0,0.00016613146,2,Muzyka
Play the last theme by Behzad Mirkhani .,3,3,1,0.00016234489,2,Muzyka
play Piano 100,3,3,1,0.00010701452,2,Muzyka
Play The Eternal by Juju Mob on Vimeo .,3,3,1,0.0004040023,2,Muzyka
Add Blue Feather to the Nature Noise playlist,0,3,1,0.00017479097,2,Muzyka
Put this tune on my get your mind right playlist,0,3,1,0.0001397107,2,Muzyka
"The book Choper, Coffee, Gilson should get a zero",4,2,0,0.00012725302,2,Muzyka
Play my Frescura Indie playlist,3,3,1,0.00015715427,2,Muzyka
Play me the dinner playlist,3,3,1,0.00022860902,2,Muzyka
Please add checkmate to my irish folk – jigs & reels playlist,0,3,1,0.00014733947,2,Muzyka
add a song in my All Out 60s,0,3,1,0.00013024425,2,Muzyka
I'd like to hear a track by Theo Keating .,3,3,1,0.00018082376,2,Muzyka
Add album to my fairy tales,0,3,1,0.00017819513,2,Muzyka
Need a table at The Goof in Croatia for a party of three,1,0,0,0.00016945465,2,Muzyka
play music from 2014,3,3,1,0.00015122157,2,Muzyka
Make me a reservation in Hardesty at a joint the is indoor,1,0,0,0.00016139886,2,Muzyka
Will there be a blizzard in Saudi Arabia around 2 o'clock,2,1,0,0.00016196555,2,Muzyka
add album to my piano ballads,0,3,1,0.00017440031,2,Muzyka
What will the the weather be like close to Bailey's Crossroads at 050034 am ?,2,1,0,0.00015455103,2,Muzyka
What's the weather far from Jarbidge,2,1,0,0.00014848511,2,Muzyka
Congress has warmer weather,2,1,0,0.00016212241,2,Muzyka
give this textbook a 4,4,2,0,0.00015365849,2,Muzyka
Search for The World Is a Game,5,3,0,0.00021727347,2,Muzyka
Please help me find I Want to Take You Higher the game,5,3,0,0.00012937094,2,Muzyka
what is the movie schedule of animated movies in the area,6,4,0,0.00011893559,2,Muzyka
add john brown to my Dinnertime Acoustics,0,3,1,0.00040084234,2,Muzyka
put this track on the playlist with the name roadrunner rec new releases,0,3,1,0.00015047043,2,Muzyka
Put The Orange and the Green on Los 40 Radio Éxitos,0,3,1,0.00017720931,2,Muzyka
Can I listen to Dj Vibe 's top 10 ?,3,3,1,0.0001582831,2,Muzyka
the stars total 6 but Journey Under the Midnight Sun gets a four,4,2,0,0.00012951883,2,Muzyka
What are the movie times for Megaplex Theatres,6,4,0,0.00012722808,2,Muzyka
add Wing track to All A Cappella,0,3,1,0.00018509246,2,Muzyka
Search for The Sound of One Hand Clapping,5,3,0,0.00012896277,2,Muzyka
Use Groove Shark to play the Today And Tomorrow album,3,3,1,0.00014303798,2,Muzyka
Can you put this song on the metal xplorer playlist,0,3,1,0.0001389053,2,Muzyka
Can you play me a track from the nineties ?,3,3,1,0.00019704283,2,Muzyka
add d-day dodgers to my running power playlist,0,3,1,0.00022076347,2,Muzyka
I want global top 50 to have marit bergman added to it.,0,3,1,0.00022998585,2,Muzyka
add Deus Deceptor to Dance Workout,0,3,1,0.00031959056,2,Muzyka
Where can I get Intel Array Building Blocks,5,3,0,0.0007798354,2,Muzyka
I give The English Spy a rating of 1 and a best rating of 6,4,2,0,0.00013800907,2,Muzyka
Play some Mike Burney on Google Music .,3,3,1,0.0005633868,2,Muzyka
Play some music from the twenties .,3,3,1,0.00018999122,2,Muzyka
Add Take Me Back to Dear Old Blighty to my dinner playlist,0,3,1,0.0005087113,2,Muzyka
book a restaurant in Lake Fenton for four,1,0,0,0.00022496359,2,Muzyka
rate the book saga A Coin in Nine Hands 0 points,4,2,0,0.00014225056,2,Muzyka
add the album by Cham to my Cloud Rap playlist,0,3,1,0.00013810207,2,Muzyka
Can you put some monifah on my disco fever playlist,0,3,1,0.00018022038,2,Muzyka
add Eric Bibb to Country Coffeehouse,0,0,1,0.0014460352,2,Muzyka
I'd like to add this whole album to the selektor,0,3,1,0.00019954368,2,Muzyka
Give this series 4 stars,4,2,0,0.0001378076,2,Muzyka
Play Deezer,3,3,1,0.00014067418,2,Muzyka
Add jack white to my playlist This Is Shakira,0,3,1,0.0002618807,2,Muzyka
put Do You Love Me on my acoustic soul playlist,0,3,1,0.00018357264,2,Muzyka
Give one of 6 points to Who Will Cry When You Die,4,2,0,0.00015524308,2,Muzyka
play some gotye,3,3,1,0.00011951175,2,Muzyka
"Book a reservation for 6 in Belle Plaine , NE",1,0,0,0.00019480406,2,Muzyka
What will the weather be at nine am in HI ?,2,1,0,0.00014335715,2,Muzyka
show me the schedule for The Oblong Box,6,4,0,0.00013435031,2,Muzyka
Add Elkie Brooks to Happy Birthday playlist,0,3,1,0.00025830246,2,Muzyka
Play the top-ten soundtrack from Kiara .,3,3,1,0.00013242825,2,Muzyka
add francesco de gregori to gayle's Women who Dj playlist,0,3,1,0.00027555943,2,Muzyka
add artist to my Trance Life group,0,3,1,0.00017271917,2,Muzyka
find films at Showcase Cinemas,6,4,0,0.00013662149,2,Muzyka
Play the song Long Live Love,3,3,1,0.0001133823,2,Muzyka
ad artist to sxsw latin my playlist,0,3,1,0.00019716946,2,Muzyka
Play Magic Sam from the thirties,3,3,1,0.00011060157,2,Muzyka
Play symphony music from 1991 by Irvin Mayfield,3,3,1,0.0001226937,2,Muzyka
Play the playlist Feel Good Dinner .,3,3,1,0.00012365411,2,Muzyka
Play some 1987 Edie Brickell .,3,3,1,0.00012633622,2,Muzyka
Play a 1991 song by Anila Mirza,3,3,1,0.00012673407,2,Muzyka
add Animal Stories to maryanne's by Per Yngve Ohlin,0,3,1,0.00028799212,2,Muzyka
Add this song to year in metal 2016,0,3,1,0.00024181242,2,Muzyka
Add a song from Randy Rhoads to my 50 Clásicos playlist,0,3,1,0.00015580865,2,Muzyka
add this track to my Gold School playlist,0,3,1,0.00014193097,2,Muzyka
Try to find the picture Advances in ecological research,5,3,0,0.0002610287,2,Muzyka
Rate Three Men Out a three,4,2,0,0.00013117488,2,Muzyka
Play me the new King Curtis music on Google Music .,3,3,1,0.0007931977,2,Muzyka
Put this tune on All A Cappella,0,3,1,0.00013959385,2,Muzyka
Where can I read the book The Omega Stone ?,5,3,0,0.00014933018,2,Muzyka
Open Vimeo and paly every song released in 1986,3,3,1,0.00013914428,2,Muzyka
add If You Were Mine to Classic Punk playlist,0,3,1,0.00038281764,2,Muzyka
I want to hear the Jody Williams sound track,3,3,1,0.0001391901,2,Muzyka
add the current artist to my top 100 pop tracks on spotify playlist,0,3,1,0.00022357905,2,Muzyka
add this track to my flamenco pa ti,0,3,1,0.00012343316,2,Muzyka
I want to play music off Deezer,3,3,1,0.0001433144,2,Muzyka
What films are being shown at the National Amusements,6,4,0,0.00012524602,2,Muzyka
Play the top 10 by Sankha Chatterjee .,3,3,1,0.00013667103,2,Muzyka
At AMC Theaters what is the movie schedule ?,6,4,0,0.00012331046,2,Muzyka
When is Bless the Child playing at the movie theatre,6,4,0,0.00014245659,2,Muzyka
Add a song to this is racionais mc's,0,3,1,0.00013464114,2,Muzyka
Add Bien Acompañado to All Out 60s,0,3,1,0.00034359307,2,Muzyka
add flying to my Women of Rock playlist,0,3,1,0.0002470674,2,Muzyka
Play some Oleg Anofriyev from 1960 .,3,3,1,0.00021712366,2,Muzyka
play Isham Jones,3,3,1,0.00011260428,2,Muzyka
Play me a Mario Vazquez movement,3,3,1,0.00019739303,2,Muzyka
Play Richard Fortus ' Live Collection .,3,3,1,0.00014903402,2,Muzyka
please add this song to Madden NFL 16,0,3,1,0.0001708705,2,Muzyka
find A Pet of the Cairo Zoo,5,3,0,0.00085919333,2,Muzyka
add this artist to my 80'S PARTY,0,3,1,0.00014078668,2,Muzyka
Tell me the forecast for breakfast at Miller's Cove,2,1,0,0.00013652456,2,Muzyka
Book a restaurant in El Salvador for 10 people.,1,0,0,0.00025523923,2,Muzyka
find Thyme Travel,5,3,0,0.0001924659,2,Muzyka
"book a table for one at Monty’s Hotel, Secunderabad",1,0,0,0.00020839536,2,Muzyka
Add Kd lang to my Deep Focus playlist,0,3,1,0.00022287981,2,Muzyka
this book gets out of a total of 6 stars only 1,4,2,0,0.00013507492,2,Muzyka
Where is the nearest cinema playing Rainbow Eyes that starts in one minute ?,6,4,0,0.00013381937,2,Muzyka
Play In Every Dream Home A Heartache by vincent paul abbott,3,3,1,0.00012530811,2,Muzyka
Play a chant by Mj Cole,3,3,1,0.00013151256,2,Muzyka
Play me a song by Kevin Cadogan,3,3,1,0.00016020532,2,Muzyka
Add future to This Is Al Green,0,3,1,0.00018020751,2,Muzyka
add this album to the playlist called dishwashing,0,3,1,0.00015988643,2,Muzyka
I need to add to my Infinite Indie Folk list the works of Rahim Shah,0,3,1,0.00026938415,2,Muzyka
Play some blues britânico .,3,3,1,0.00017593244,2,Muzyka
How will the weather be in six minutes close to Moosic,2,1,0,0.00014321714,2,Muzyka
Show Force of Nature,5,3,0,0.00015909622,2,Muzyka
Need the creative work called The Logic of Scientific Discovery,5,3,0,0.00015544474,2,Muzyka
I want to hear any top five music from Gene Autry,3,3,1,0.00013533868,2,Muzyka
Add this album to my US Latin Top 50 palylist,0,3,1,0.00013293885,2,Muzyka
rate tune to my natalie macmaster viajes,0,2,1,0.0007350496,2,Muzyka
book a spot for 6 in Pilot Mound Palau on feb. the twenty-fourth,1,0,0,0.00021075824,2,Muzyka
Please find me the movies playing nearby,6,4,0,0.00013822199,2,Muzyka
Add the artist LeAnn Rimes to the Women of Indie playlist.,0,3,1,0.00020563087,2,Muzyka
Add the lady bunny album to décadas,0,3,1,0.0001244145,2,Muzyka
Play me a tune by john clayton,3,3,1,0.00015033406,2,Muzyka
play music by Helen Ward,3,3,1,0.00011554261,2,Muzyka
I'd like to hear one of Eric Clapton 's most popular melody on Pandora .,3,3,1,0.00018408908,2,Muzyka
Play a Scott Lafaro soundtrack,3,3,1,0.00012562543,2,Muzyka
Can Super Turnt Up get added to my emotron playlist?,0,3,1,0.00022963066,2,Muzyka
I need a reservation for an indoor restaurant in China,1,0,0,0.00021316524,2,Muzyka
add the artist w g snuffy walden to my Billboard Latin Music Awards Finalists playlist,0,3,1,0.00011616454,2,Muzyka
add album to this is trey songz playlist,0,3,1,0.0001484369,2,Muzyka
i want to watch Mr. and Mrs. Bridge at a nearest cinema,6,4,0,0.0001526982,2,Muzyka
add tune to atmospheric black metal playlist,0,3,1,0.00016261915,2,Muzyka
add Tracy Chapman to Late Night Jazz,0,3,1,0.00013979684,2,Muzyka
show movie times at Cinemark Theatres,6,4,0,0.00012660706,2,Muzyka
"Add another tune to my songs for you, not your parents playlist.",0,3,1,0.000246963,2,Muzyka
"What will be wind speed in Tiplersville , South Sudan ?",2,1,0,0.00016259933,2,Muzyka
Add lari white song to my Soulful Disco playlist,0,3,1,0.00015481659,2,Muzyka
play the newest Martin Solveig sound track,3,3,1,0.00019840486,2,Muzyka
Can you play the newest record from 1966 by Tony Lee,3,3,1,0.00024960563,2,Muzyka
Play top-five concerto music from 1992,3,3,1,0.0013450036,2,Muzyka
play a song by Fats Waller,3,3,1,0.0001277297,2,Muzyka
Play music from Gavin Koppell movement,3,3,1,0.00013330633,2,Muzyka
Add track to Urban Poet,0,3,1,0.00017202084,2,Muzyka
Is Proudly She Marches playing anywhere?,6,4,0,0.00038564642,2,Muzyka
give zero rating to The Deed of Paksenarrion,4,2,0,0.00013298074,2,Muzyka
play 1962 music on Netflix,3,3,1,0.00015308309,2,Muzyka
play Femme Fatale by Bonobo,3,3,1,0.00012986572,2,Muzyka
Can you get me seating for a party of 4,1,0,0,0.00019561576,2,Muzyka
Is it going to be windy five minutes from now in NJ,2,1,0,0.00015215529,2,Muzyka
play some Gary Lee Conner,3,3,1,0.00013317833,2,Muzyka
I want to hear the sound track to Mary Macgregor new songs on Iheart,3,3,1,0.00014991188,2,Muzyka
Add dear hearts and gentle people to he Tokyo Rising playlist.,0,3,1,0.00072538696,2,Muzyka
Please play music off the soundtrack by Beau Jocque,3,3,1,0.0001369058,2,Muzyka
I want to find a restaurant to eat at in Westernport .,1,0,0,0.00020483261,2,Muzyka
What will the weather be in Tajikistan on Dec. twentieth ?,2,1,0,0.00015867964,2,Muzyka
add Armen Movsessian to this is skepta playlist,0,3,1,0.0004517666,2,Muzyka
Can you play A.j. Pero on Groove Shark ?,3,3,1,0.000376831,2,Muzyka
play 1977 good track tunes,3,3,1,0.00015758905,2,Muzyka
Play some Maynard James Keenan songs from Scenes From The Big Chair,3,3,1,0.00014428992,2,Muzyka
"please book a room in Spaghetti Warehouse for catalina, delores and brandie mendoza at 12 AM",1,0,0,0.00021291063,2,Muzyka
Will it be humid in Beedeville on november 20,2,1,0,0.00016564503,2,Muzyka
play Iheart,3,3,1,0.0001337305,2,Muzyka
use Iheart to listen to retro,3,3,1,0.00022186857,2,Muzyka
add this track by clem burke to my atmospheric black metal playlist,0,3,1,0.00015119153,2,Muzyka
Play The Soft Parade .,3,3,1,0.00015268715,2,Muzyka
show freezing forcast now within the same area in North Dakota,2,1,0,0.00016990124,2,Muzyka
Want to see the Dungeons & Dragons Chronicles of Mystara,5,3,0,0.00018182266,2,Muzyka
Will it be overcast at lunch time in Saint Vincent and the Grenadines,2,1,0,0.0001658066,2,Muzyka
I want to hear a good album from Toni Cottura .,3,3,1,0.00012342486,2,Muzyka
Play that new song from 1970,3,3,1,0.00012476296,2,Muzyka
Add Por una Cabeza to my playlist called this is new edition,0,3,1,0.00014465193,2,Muzyka
add this album to tgif,0,3,1,0.0001483157,2,Muzyka
find Hear Me Good,6,3,0,0.00011037251,2,Muzyka
add hold tight to my throwback party,0,3,1,0.00015807885,2,Muzyka
I'd like to see Sex Tape - Finiti in rete,5,4,0,0.00051862426,2,Muzyka
Play Mea Culpa by Rahim Shah,3,3,1,0.00010147,2,Muzyka
Add camille to the This Is Lady Antebellum playlist,0,3,1,0.00018767235,2,Muzyka
What's the weather forecast for Croatia on jul. 25th,2,1,0,0.00016133617,2,Muzyka
Play theme music from 2011 .,3,3,1,0.0001362295,2,Muzyka
Give The Pirates of Manhattan a 1,4,2,0,0.00014676542,2,Muzyka
add Give Us Rest to my Very Nearly Nashville playlist,0,3,1,0.0002415296,2,Muzyka
Add to my playlist all funked up this track,0,3,1,0.00017134532,2,Muzyka
"find The Girlfriend Experience , a television show",5,3,0,0.00013051515,2,Muzyka
Can you find the soundtrack for Fast Food Nation,5,3,0,0.00012562597,2,Muzyka
What will the weather be in Hialeah Gardens on October the 24th ?,2,1,0,0.00016023654,2,Muzyka
painting of Live from the El Rey Theatre,5,3,0,0.00016621976,2,Muzyka
Give The Diamond Chariot a 0 out of 6 .,4,2,0,0.00013977167,2,Muzyka
"Tell me the weather forecast one year from now in Kulpsville , Togo",2,1,0,0.00014031072,2,Muzyka
give 0 out of 6 points to current book,4,2,0,0.0001409382,2,Muzyka
play robin hood and the bishop of hereford by Jon Mayer,3,3,1,0.00013457105,2,Muzyka
add this song to brooklyn beat,0,3,1,0.00015957742,2,Muzyka
"give me the forecast for here on February the sixteenth, 2022",2,1,0,0.00017805638,2,Muzyka
Add gregory douglass to my WHM list,0,3,1,0.00033728025,2,Muzyka
add List of Rush instrumentals to This Is Lady Antebellum,0,3,1,0.0003455441,2,Muzyka
I'd like to hear Ami Suzuki 's latest record,3,3,1,0.00014636194,2,Muzyka
Add another tune to kristine's laundry playlist.,0,3,1,0.00021361395,2,Muzyka
rate the current novel two points out of 6,4,2,0,0.00014315727,2,Muzyka
add mike mogis onto my crate diggers anonymous playlist,0,3,1,0.0002064339,2,Muzyka
Rate The Lie Tree five,4,2,0,0.0001392272,2,Muzyka
add this tune to my playlist titled uncharted 4 nathan drake,0,3,1,0.00013333565,2,Muzyka
add Totally Stress Free by bobby lord to my playlist,0,3,1,0.00018512791,2,Muzyka
I want to add an album to noreen's endorphin rush playlist.,0,3,1,0.00019799496,2,Muzyka
I want to listen to some music from 2003 on Pandora from them,3,3,1,0.0001434407,2,Muzyka
add the song by brian larsen to the Cardio playlist,0,3,1,0.00015708133,2,Muzyka
I'd like to find the soundtrack Tianjin Today Evening News,5,3,0,0.00016399527,2,Muzyka
Play some Techno,3,3,1,0.00017044327,2,Muzyka
Play fourties soundtrack from Hamish Maccunn,3,3,1,0.0001088298,2,Muzyka
Show me the book The Republican Brain,5,3,0,0.0001657806,2,Muzyka
Play Elysium from Ryan Cayabyab,3,3,1,0.0001354232,2,Muzyka
play latest Shaggy music,3,3,1,0.00016049642,2,Muzyka
Please play a song for me from 1959,3,3,1,0.00014815535,2,Muzyka
I want Tanya Stephens in my 35 Soul Classics 1970 to 1975 playlist.,0,3,1,0.0006677225,2,Muzyka
movie schedule at Speakeasy Theaters,6,4,0,0.00012128232,2,Muzyka
I need a reservation at sunrise for melva and heidi at a local restaurant .,1,0,0,0.00018547844,2,Muzyka
Play music from 2007 .,3,3,1,0.00018617514,2,Muzyka
Add Without Your Love to my showstopper being mary jane list,0,3,1,0.00012445822,2,Muzyka
put Limey onto my this is astor piazzolla list,0,3,1,0.0002853189,2,Muzyka
What is the weather like in the city of Frewen in the country of Venezuela,2,1,0,0.00015976762,2,Muzyka
I want novena on a nocturn added to the playlist called Gold Edition,0,3,1,0.00011833644,2,Muzyka
Will it be colder at five o'clock at the Apolobamba Integrated Management Natural Area,2,1,0,0.00017632594,2,Muzyka
look for the saga called Death in Paradise,5,3,0,0.00011814111,2,Muzyka
Is I Was an American Spy playing at 11 a.m. at Southern Theatres,6,4,0,0.00014286752,2,Muzyka
Play the greatest soundtrack by Jesse Harms .,3,3,1,0.00014304847,2,Muzyka
show creativity of Sacred Fire Live in South America,5,3,0,0.00014206737,2,Muzyka
Add Banana Republic to my this is puccini playlist,0,3,1,0.0003437277,2,Muzyka
Include the past behind in my Top 100 Rock Tracks on Spotify playlist.,0,3,1,0.00038850727,2,Muzyka
I want to move this album to the selektor playlist,0,3,1,0.00014946375,2,Muzyka
"Play some 2011 chant music, new first, by Shaggy .",3,3,1,0.00016365247,2,Muzyka
Please search the An Introduction to Karl Marx painting .,5,3,0,0.00019174037,2,Muzyka
What animated movies are showing in the area ?,6,4,0,0.00012222468,2,Muzyka
play pandora tracks by Akhtar Sadmani,3,3,1,0.00014311286,2,Muzyka
Play Soldier Boy from Melody Gardot,3,3,1,0.0001175209,2,Muzyka
Play music by Young Steff,3,3,1,0.00011368393,2,Muzyka
add Toi to my timeless love songs playlist,0,3,1,0.00017540318,2,Muzyka
Play the latest ep by Joel Hastings on Itunes .,3,3,1,0.00038187366,2,Muzyka
Play some 1993 concerto off of Slacker,3,3,1,0.00016378997,2,Muzyka
Find trailer of Jazz Impressions of the U.S.A.,5,3,0,0.00014657032,2,Muzyka
I need to add baro ferret to the Urban Hits under my name,0,3,1,0.00016669884,2,Muzyka
Please put another tune into the laundry playlist.,0,3,1,0.00017726861,2,Muzyka
Find the schedule for The Cup Winner at the closest movie house .,6,4,0,0.00012307172,2,Muzyka
Start up my nostalgic playlist.,3,3,1,0.0006087464,2,Muzyka
I need a reservation for four at a restaurant in 1 hour and 1 second,1,0,0,0.00017527967,2,Muzyka
play Zvooq Night Rider list,3,3,1,0.000119266486,2,Muzyka
Can you play a top song from a chyi chin concerto,3,3,1,0.00013477716,2,Muzyka
Can you add Larry Heard to my laundry playlist?,0,3,1,0.00030705574,2,Muzyka
Can you add some disco to my playlist called Genuine R&B,0,3,1,0.00016810621,2,Muzyka
Can I hear a symphony from the seventies on Youtube ?,3,3,1,0.0004884577,2,Muzyka
book spot for 7 at an indoor restaurant in MP now,1,0,0,0.00021076958,2,Muzyka
Reserve a table for ten people in Brenham in 5 years .,1,0,0,0.00019767237,2,Muzyka
rate The Princess Mouse A Tale of Finland one of 6,4,2,0,0.00014121293,2,Muzyka
this artist should go onto my playlist called the piano bar,0,3,1,0.00013087792,2,Muzyka
Add George Thorogood to el mejor rock en español,0,3,1,0.0005498166,2,Muzyka
Want to hear a chant by Nellie Mckay from the year 2008,3,3,1,0.0002305719,2,Muzyka
add A Very Cellular Song to masters of metal playlist,0,3,1,0.00014869806,2,Muzyka
add apathy to my electro sur playlist,0,3,1,0.00023023842,2,Muzyka
"I want to add george formby, jr to the family favorites playlist",0,3,1,0.00019268805,2,Muzyka
Book a nearby northeast indian restaurant in North Carolina for ten people at six am .,1,0,0,0.00020596963,2,Muzyka
Play Kisaki on Pandora,3,3,1,0.000192047,2,Muzyka
play good Classified songs on Vimeo,3,3,1,0.00017624568,2,Muzyka
Search for To Heart 2,5,3,0,0.00010526889,2,Muzyka
Book a restaurant not far in Milladore for 6 people.,1,0,0,0.00021343782,2,Muzyka
I am rating Book of Challenges four stars,4,2,0,0.00013220408,2,Muzyka
give the current chronicle five of 6 points,4,2,0,0.00013834654,2,Muzyka
Play a tune by Mc Hawking,3,3,1,0.00010232272,2,Muzyka
Book a highly rated restaurant with northeastern for 10 in Satanta,1,0,0,0.00021866163,2,Muzyka
Play Masashi Hamauzu 's newest symphony on Itunes .,3,3,1,0.0007211411,2,Muzyka
I give the last textbook one out of 6 points .,4,2,0,0.00014079995,2,Muzyka
Show me It Might as Well Rain Until September,5,1,0,0.00029143968,2,Muzyka
Rate Dead Boys a 0,4,2,0,0.00013733622,2,Muzyka
play southern rock tunes,3,3,1,0.000112186244,2,Muzyka
weather forcast for current location now,2,1,0,0.0001707332,2,Muzyka
play the It Could Only Happen With You album by Lawrence,3,3,1,0.00012936741,2,Muzyka
Add an album to my list clásicos de fogata,0,3,1,0.00017764051,2,Muzyka
Will you pull up my Jueves de Antaño playlist,3,3,1,0.0002264829,2,Muzyka
play Wait Until Tomorrow,3,3,1,0.00012709561,2,Muzyka
Give The Whisperer a rating of 0 .,4,2,0,0.00014183384,2,Muzyka
Play music by Raheem Devaughn .,3,3,1,0.0002576772,2,Muzyka
Add knocked out loaded to the spring vibes playlist.,0,3,1,0.00028805752,2,Muzyka
Play music on my Itunes,3,3,1,0.0001894203,2,Muzyka
Play Murder The Mountains by Mana on Netflix,3,3,1,0.00016089705,2,Muzyka
Play a new song form the eighties,3,3,1,0.00012810613,2,Muzyka
book a restaurant for my baby and I in Delaware,1,0,0,0.00020402121,2,Muzyka
Rate I Capture the Castle 0 points,4,2,0,0.00013929562,2,Muzyka
I need a table booking for a highly rated sardinian pub .,1,0,0,0.00017409908,2,Muzyka
Play new Teo Macero,3,3,1,0.00012535363,2,Muzyka
Please play good music by Will Oldham .,3,3,1,0.00013219705,2,Muzyka
Find Pat Garrett y Billy the Kid .,5,3,0,0.00017567076,2,Muzyka
I'd rate the current essay 1 stars,4,2,0,0.00013686923,2,Muzyka
Play some salsa music.,3,3,1,0.00026385457,2,Muzyka
add jim martin to Deathcore,0,3,1,0.00016777609,2,Muzyka
"Play me Gil Parris 's A Cup Of Coffee, A Sandwich And You",3,3,1,0.0018704423,2,Muzyka
add this tune to my Sleepify playlist,0,3,1,0.0001477274,2,Muzyka
What kind of weather is forecast around one pm near Vatican ?,2,1,0,0.00014575681,2,Muzyka
Play the music Hands Up,3,3,1,0.00011652261,2,Muzyka
Include in my dreams in the this is new edition playlist.,0,3,1,0.00032023672,2,Muzyka
"Please look up the novel , Heroes of Annihilated Empires",5,3,0,0.00013531721,2,Muzyka
Find the schedule for close by movies .,6,4,0,0.00012464239,2,Muzyka
Add the artist tony thompson to my canta en la ducha playlist,0,3,1,0.00016518927,2,Muzyka
Add Steve Jones to my chill list,0,3,1,0.00030344972,2,Muzyka
"I'd like a table for three at Black Rapids Roadhouse on February 24th, 2039",1,0,0,0.00018139444,2,Muzyka
Book a restaurant at sixteen o'clock in SC,1,0,0,0.00025828544,2,Muzyka
Add Sci-Fi Crimes to the fresh folk playlist,0,3,1,0.0002698259,2,Muzyka
Add this jimmy london tune to The New Waltz playlist,0,3,1,0.00013529901,2,Muzyka
rate the book Dreams of the Raven 5 stars,4,2,0,0.00015039471,2,Muzyka
Find the schedule for The Pearl of Cleopatra .,6,4,0,0.00013408762,2,Muzyka
input this album onto my All Things Post list,0,3,1,0.00022348377,2,Muzyka
add this artist named Cleopatra Stratan to my playlist named 30 Before 20 Masterworks by Teenagers,0,3,1,0.00018209011,2,Muzyka
Put another tune into my dancehall official playlist.,0,3,1,0.00021999486,2,Muzyka
Book an osteria that serves blini for 9 people.,1,0,0,0.00019445035,2,Muzyka
Rate A Battle of Nerves three stars out of 6,4,2,0,0.00014791812,2,Muzyka
Add tune to cleaning the house,0,3,1,0.00013587865,2,Muzyka
I want to add another album to the wine & dine playlist.,0,3,1,0.0001430271,2,Muzyka
Is The Little Irish Girl playing,6,4,0,0.00015918381,2,Muzyka
Add the 3rd world to my focus now,0,3,1,0.0008047278,2,Muzyka
Add robert nighthawk to Novedades Pop,0,3,1,0.00014776512,2,Muzyka
Is it going to get hotter at the Halfbreed Lake National Wildlife Refuge,2,1,0,0.00015992264,2,Muzyka
Sort to the last song on playlist from 1983 a chant by Mark Oliver Everett,3,3,1,0.00012025642,2,Muzyka
add Ian Stuart Donaldson to canadian country,0,3,1,0.00016570634,2,Muzyka
Add the big mama thornton song to cassie's Punk Rock Workout playlist,0,3,1,0.00013606659,2,Muzyka
give 4 star for this album,4,2,0,0.00014086915,2,Muzyka
I want to listen to nineties chant songs,3,3,1,0.00017488639,2,Muzyka
Add silver apples to teh sin estrés playlist.,0,3,1,0.00041089,2,Muzyka
Play me the greatest track of 1966,3,3,1,0.00016510791,2,Muzyka
Play the new music from Wilko Johnson,3,3,1,0.00013075142,2,Muzyka
On lea's saturday night playlist add the name D Generation,0,3,1,0.0001392801,2,Muzyka
add album to my Deathcore playlist,0,3,1,0.00018310778,2,Muzyka
play Going Down To The River on Pandora,3,3,1,0.00017146177,2,Muzyka
Open deezer and play Curtain Call The Hits by Junichi Okada .,3,3,1,0.0001563967,2,Muzyka
what is the forecast in North Carolina,2,1,0,0.00016117781,2,Muzyka
add The Green Book in my playlist Mellowed Out Gaming,0,3,1,0.00031965395,2,Muzyka
search for Space on My Hands,5,3,0,0.00020911655,2,Muzyka
What is the movie schedule for the B&B Theatres,6,4,0,0.00012223553,2,Muzyka
Rate this essay four out of 6,4,2,0,0.00014183555,2,Muzyka
I want to hear music from the Lotus Flower album by Andy Mccoy,3,3,1,0.00013229497,2,Muzyka
Add Ace Hood to the this is aretha franklin playlist.,0,3,1,0.0003260098,2,Muzyka
Find a soundtrack called The Dragon .,5,3,0,0.00015154584,2,Muzyka
Play the top-20 best Chicane songs on Deezer,3,3,1,0.0002074264,2,Muzyka
Play chant 's from 1973 .,3,3,1,0.0001401469,2,Muzyka
add the song don't drink the water to my playlist,0,3,1,0.00015771599,2,Muzyka
Play an album from the fourties,3,3,1,0.00014859658,2,Muzyka
Book an outdoor restaurant in MD at 11 pm for 8 .,1,0,0,0.0002445388,2,Muzyka
Play me a 1957 ep,3,3,1,0.0001627237,2,Muzyka
I'd like to hear Cry Baby Cry by Ally Kerr .,3,3,1,0.00023795322,2,Muzyka
Add morten harket to this is puccini,0,3,1,0.00048561196,2,Muzyka
Add this artist to the playlist called Evening Groove .,0,3,1,0.00017508787,2,Muzyka
put jtr on the Top Classical playlist,0,3,1,0.0002936949,2,Muzyka
Locate the best pub in Apache Junction,1,0,0,0.00019489614,2,Muzyka
what is the weather forecast for Maryland,2,1,0,0.00016564576,2,Muzyka
Play the song Le Renouveau,3,3,1,0.00013127214,2,Muzyka
Play some twenties chant music on Slacker,3,3,1,0.00012127733,2,Muzyka
play 1960 chant music by Hermann Baumann,3,3,1,0.00013925268,2,Muzyka
Play the greatest ballad from the seventies,3,3,1,0.00011449804,2,Muzyka
When is The Life and Death of King Richard II playing at Mann Theatres ?,6,4,0,0.00015702486,2,Muzyka
Add this tune to Morning Commute,0,3,1,0.00015239864,2,Muzyka
I want toi hear some Pop Punk Perfection off of Deezer,3,3,1,0.00012066139,2,Muzyka
Play Randy Castillo 's music from 1952 .,3,3,1,0.0001504202,2,Muzyka
add zion golan to my signed xoxo playlist,0,3,1,0.00019252523,2,Muzyka
Put gregory douglass in Halloween Teens please,0,3,1,0.00032978682,2,Muzyka
"find Bells Break Their Towers , a video game",5,3,0,0.00013770792,2,Muzyka
add this track to anne's playlist named Just Smile,0,3,1,0.00017749482,2,Muzyka
Play sixties theme music,3,3,1,0.000115317496,2,Muzyka
Add another artist to the Spotlight on Country 2016 playlist.,0,3,1,0.00021816968,2,Muzyka
Add garry shider album to my classical essentials,0,3,1,0.00016443891,2,Muzyka
I'd like to listen to Tom Cochrane 's 1990 ep on Zvooq .,3,3,1,0.00023484985,2,Muzyka
Find Live at the Brixton Academy .,5,3,0,0.00022749009,2,Muzyka
I want a table for 4 at any kind of goiano bar,1,0,0,0.00017246595,2,Muzyka
What's the weather in Dazey,2,1,0,0.00014589918,2,Muzyka
I'd like to add the artist Jesper Kyd onto my fresh electronic playlist.,0,3,1,0.00032553994,2,Muzyka
add LISA to my playlist Street Dance,0,3,1,0.00017266342,2,Muzyka
rate Personal Demons 0 out of 6 points,4,2,0,0.00014148976,2,Muzyka
I am giving this current textbook 4 stars,4,2,0,0.00013454858,2,Muzyka
What is the current selling price of the novel The Sims 3 Island Paradise ?,5,3,0,0.00020602357,2,Muzyka
Play Supernaut by Armand Van Helden,3,3,1,0.00010786594,2,Muzyka
Tell me the weather forecast one second from now in Barnum Island,2,1,0,0.00014935892,2,Muzyka
Play something on Zvooq,3,3,1,0.00013319471,2,Muzyka
show movie times at sunrise,6,4,0,0.00014191994,2,Muzyka
play caitlin cary from the fourties,3,3,1,0.00011698177,2,Muzyka
Can you play some Synthpop music on Youtube,3,3,1,0.00030757696,2,Muzyka
Find the closest cinema playing The St. Francisville Experiment .,6,4,0,0.00013098688,2,Muzyka
Find movie schedules for nearby films .,6,4,0,0.00012948176,2,Muzyka
Please put this song onto my Urban Hits playlist.,0,3,1,0.00015004174,2,Muzyka
book a carolina style restaurant in North Korea for my grandkid and I,1,0,0,0.00023119523,2,Muzyka
Add this track to downtempo beats,0,3,1,0.00018819446,2,Muzyka
add this track to Punk Rock Workout,0,3,1,0.00016320478,2,Muzyka
play laura love songs from 1959,3,3,1,0.00012315997,2,Muzyka
what is the 7 day for Cheat Canyon Wildlife Management Area,2,1,0,0.00017710838,2,Muzyka
Play a song from 1990 on Netflix,3,3,1,0.00013438397,2,Muzyka
Rate the current novel 1 of 6,4,2,0,0.00014777362,2,Muzyka
Play me some Goa,3,3,1,0.00016212945,2,Muzyka
play the album a kiss before you go by Bt,3,3,1,0.00011506537,2,Muzyka
Play the song domino by Luca Turilli,3,3,1,0.00011883232,2,Muzyka
put artist paulinho da costa on my Very Nearly Nashville playlist,0,3,1,0.0002561537,2,Muzyka
Add jack scott to my fantasía playlist,0,3,1,0.00029896782,2,Muzyka
Add song to instrumental study,0,3,1,0.00015849515,2,Muzyka
Can I hear Jeremy Taggart 's newest chant on Deezer ?,3,3,1,0.00029656713,2,Muzyka
I'm looking for Right on Track .,5,3,0,0.00013449113,2,Muzyka
book me a taverna restaurant,1,0,0,0.00020377379,2,Muzyka
play a ballad by Giorgio Moroder,3,3,1,0.00010724755,2,Muzyka
Play Tujiko Noriko 's Ten Years And Running .,3,3,1,0.00020034939,2,Muzyka
Can you look up the Galsoft Linux TV series ?,5,3,0,0.00018494793,2,Muzyka
Play me a tune by Mick Brown,3,3,1,0.00013743402,2,Muzyka
Play Dansevise by Ebi on Groove Shark .,3,3,1,0.00021632729,2,Muzyka
Add pittsburgh slim to my indie mim playlist.,0,3,1,0.00039118432,2,Muzyka
Will it rain 17 weeks from now in Teide National Park ?,2,1,0,0.00015455027,2,Muzyka
Add My Belgian Rose to my evening list,0,3,1,0.00056723424,2,Muzyka
add to my mac 'n cheese playlist with Tsūzetsu,0,3,1,0.00040112884,2,Muzyka
Weather for Burr,2,1,0,0.00015991887,2,Muzyka
book a spot in Netherlands Antilles,1,0,0,0.00023554244,2,Muzyka
What's the weather like in North Brunswick Township Virginia,2,1,0,0.00015394928,2,Muzyka
Look for the trailer to Hickory Daily Record .,5,3,0,0.00017322964,2,Muzyka
add tune to Soft Rock playlist,0,3,1,0.00015279149,2,Muzyka
Add Jarvis Cocker to my Chillin' on a Dirt Road playlist,0,3,1,0.00030768054,2,Muzyka
play drive playlist,3,3,1,0.00015399174,2,Muzyka
What is the movie schedule for films nearby,6,4,0,0.0001266043,2,Muzyka
Play some music on groove shark .,3,3,1,0.00021580984,2,Muzyka
Put Strange Days onto the Fusion Fest playlist.,0,3,1,0.00042456834,2,Muzyka
"Need to book a table at a fast food restaurant for a party of nine on November seventeenth, 2019",1,0,0,0.0001942345,2,Muzyka
Play some Game music.,3,3,1,0.0005654311,2,Muzyka
What is the forecasted weather for Ninaview ?,2,1,0,0.0001682533,2,Muzyka
Play some music from 1995,3,3,1,0.0001376325,2,Muzyka
"i want to see Love, Speed and Thrills at the nearest cinema",6,4,0,0.00015136317,2,Muzyka
Is The Love Guru playing,6,4,0,0.00016786753,2,Muzyka
"What's the weather forecast for TN on december seventh, 2026 ?",2,1,0,0.00016597049,2,Muzyka
"Is there a freezing forecast for Minto , Nicaragua ?",2,1,0,0.00017736146,2,Muzyka
show movies in United Paramount Theatres,6,4,0,0.00012709654,2,Muzyka
Play some movement from 1959 on deezer .,3,3,1,0.0002112841,2,Muzyka
What kind of weather will be in VA 12 years from now ?,2,1,0,0.00014113513,2,Muzyka
How to buy picture of Agent Hamilton But Not If It Concerns Your Daughter,5,3,0,0.0007402094,2,Muzyka
Play me a song by Saki Nakajima,3,3,1,0.00017204127,2,Muzyka
How chilly is it close to Hollidaysburg ?,2,1,0,0.0001497951,2,Muzyka
play a chant by Sonsee,3,3,1,0.00011282773,2,Muzyka
what's the nearest movie house showing films,6,4,0,0.00013010702,2,Muzyka
Reserve a table at a top-rated restaurant for dinner in twelve hours .,1,0,0,0.00019008457,2,Muzyka
Can you play some music by andrew diamond,3,3,1,0.0001314858,2,Muzyka
add this artist to the playlist cool jazz,0,3,1,0.0001398639,2,Muzyka
play classic rock on Slacker,3,3,1,0.00017311994,2,Muzyka
play Heavy Machinery by Phil Spector on Zvooq,3,3,1,0.00014208451,2,Muzyka
Is cloudy in Lyncourt ?,2,1,0,0.00014210146,2,Muzyka
Tell me if it'll be chilly here at 0 pm,2,1,0,0.00015652236,2,Muzyka
Find the Return to Grace saga,5,3,0,0.00012307569,2,Muzyka
book a table at the Irma Hotel in Mount Repose,1,0,0,0.00021471773,2,Muzyka
Can you play a song from the newest movement by prince on Lastfm,3,3,1,0.00022520463,2,Muzyka
add picasso baby to Digster Reggae playlist,0,3,1,0.00025069722,2,Muzyka
add Intelligence and Sacrifice to Skatepark Punks,0,3,1,0.00027293555,2,Muzyka
Use Netflix to play music,3,3,1,0.00029670517,2,Muzyka
add what if punk never happened to autumn,0,3,1,0.0012277553,2,Muzyka
Play music from 2000 on spotify,3,3,1,0.00018652237,2,Muzyka
Open Youtube and play Nanana from Massimo Altomare,3,3,1,0.00022326104,2,Muzyka
Add a song by Takahito Eguchi to my guest list polygon playlist.,0,3,1,0.0005160254,2,Muzyka
Please play a song off the Curtis Lee album Rough Diamonds,3,3,1,0.00012563514,2,Muzyka
Find The Coffin .,5,3,0,0.00024276729,2,Muzyka
play By The Sleepy Lagoon by Greg Kurstin,3,3,1,0.00017038033,2,Muzyka
Add the song to the martin garrix show playlist,0,3,1,0.00015878685,2,Muzyka
Give 4 points / 6 to Last Day in Limbo,4,2,0,0.00014280753,2,Muzyka
add one and only to my once upon a time playlist,0,3,1,0.00019607114,2,Muzyka
Add my favorite artist to the focus now playlist,0,3,1,0.00015369176,2,Muzyka
Play Vic Ruggiero music from 2007,3,3,1,0.00013578829,2,Muzyka
add joshua radin to my playlist called Futuros Hits,0,3,1,0.00022443748,2,Muzyka
Play Inside The Eye by twinkie clark,3,3,1,0.00011310388,2,Muzyka
play Netflix ballad by Mike Shinoda that is popular,3,3,1,0.00013502319,2,Muzyka
Add i dreamt of a dragon to my Futuros Hits playlist.,0,3,1,0.00047188546,2,Muzyka
Plays some akb48 on Youtube,3,3,1,0.0006240553,2,Muzyka
this series gets 2 out of 6 stars,4,2,0,0.00013606925,2,Muzyka
play falco on Zvooq for Good Hit,3,3,1,0.0002720134,2,Muzyka
Add to my Rumba y más playlist the song by haley scarnato,0,3,1,0.00011558291,2,Muzyka
Play some chant music by Kevin Jonas on deezer .,3,3,1,0.00020766619,2,Muzyka
Play some gangsta music,3,3,1,0.00013581775,2,Muzyka
add Jovanotti to punk español,0,3,1,0.0004015204,2,Muzyka
Rate the previous essay 5 out of 6,4,2,0,0.00014225142,2,Muzyka
add this gisela song to my dancehall official,0,3,1,0.0001426347,2,Muzyka
Play fourties record,3,3,1,0.000103833736,2,Muzyka
Add song to orgánica,0,3,1,0.00014919028,2,Muzyka
play a 1983 concerto by Ayaka on Itunes,3,3,1,0.00022962231,2,Muzyka
Can i add the a rating of two out of 6 stars to the book The Pocket Book of Boners,4,2,0,0.00013794255,2,Muzyka
Can this song get added to lunchtime ?,0,3,1,0.00014092232,2,Muzyka
Tell me if it'll be colder in Steptoe Battlefield State Park in one minute,2,1,0,0.00016023568,2,Muzyka
Play ballad music from 1958,3,3,1,0.00012741552,2,Muzyka
Rate Rajinikanth The Definitive Biography one out of 6 stars,4,2,0,0.00014505601,2,Muzyka
book a spot for one at four AM,1,0,0,0.00017758115,2,Muzyka
Play some Sonu Niigaam from the fifties,3,3,1,0.00021772471,2,Muzyka
Add angela au to the playlist radar latino,0,3,1,0.00014134478,2,Muzyka
Play some symphony music from David Lindley .,3,3,1,0.00027039924,2,Muzyka
play melody and sort the newest in Dj Format,3,3,1,0.00023735846,2,Muzyka
add Dean Martin track to metal xplorer playlist,0,3,1,0.00013763463,2,Muzyka
Play a top-five song by Pete Candoli .,3,3,1,0.000255159,2,Muzyka
I give the previous novel one out of 6 stars .,4,2,0,0.00013990946,2,Muzyka
"Play Fight On, State .",3,3,1,0.0001433186,2,Muzyka
I want to hear some twenties music off of Deezer,3,3,1,0.0001326047,2,Muzyka
add tune to my playlist ironing,0,3,1,0.00012327376,2,Muzyka
Add the entity Por una cabeza to my playlist Forever Alone,0,3,1,0.00018295957,2,Muzyka
Find Returned to Your Mind .,5,3,0,0.0001990608,2,Muzyka
Find the schedule for The Tale of Sweeney Todd at seven o'clock .,6,4,0,0.00013930033,2,Muzyka
play Groove Shark,3,3,1,0.00012233754,2,Muzyka
play 1988 chant music on Itunes,3,3,1,0.00015505754,2,Muzyka
add Curious corn to Wild & Free Workout,0,3,1,0.00016387903,2,Muzyka
Open Youtube and play Iron Mountain Depot from John Lomax,3,3,1,0.00026333076,2,Muzyka
Find the Collision in Black painting,5,3,0,0.0001404033,2,Muzyka
Play the last Jonny Wickersham song,3,3,1,0.00012798753,2,Muzyka
Can you help me find the We No Who U R game ?,5,3,0,0.00011065238,2,Muzyka
I want to put look to you on the playlist named 80s Classic Hits,0,3,1,0.00015613865,2,Muzyka
Show the movie schedules in the neighborhood,6,4,0,0.00012235195,2,Muzyka
Can you find the painting Shake! Otis at Monterey,5,3,0,0.00013172963,2,Muzyka
add this tune to my Dance playlist,0,3,1,0.00015587093,2,Muzyka
The Voyage of the Dawn Treader deserves 5 points .,4,2,0,0.00014364619,2,Muzyka
Play Remains of the Day,5,3,0,0.00013889447,2,Muzyka
Add an artist to my Hype list,0,3,1,0.00019719536,2,Muzyka
i want to watch Mister Cool,6,4,0,0.00077066,2,Muzyka
Play me some music youtube,3,3,1,0.0001462535,2,Muzyka
I'd like to hear Helen Baylor,3,3,1,0.0005321875,2,Muzyka
add house afterwork to my the cave canem demos,0,3,1,0.00014175648,2,Muzyka
Add song to my Pop Brasil,0,3,1,0.00012974475,2,Muzyka
Look up The Park album,5,3,0,0.00012035242,2,Muzyka
Add died to the todo latino playlist,0,3,1,0.00017873086,2,Muzyka
put the mike oldfield album onto my La Mejor Música para tus Fiestas playlist,0,3,1,0.00015829406,2,Muzyka
Get me a table at a bar which has a spa .,1,0,0,0.00019830265,2,Muzyka
Add the boy george track to the Emo Forever playlist.,0,3,1,0.00021759393,2,Muzyka
play music by Cass Elliot,3,3,1,0.00011225267,2,Muzyka
Play some Retro music.,3,3,1,0.0002652322,2,Muzyka
Add track to Hit Remix,0,3,1,0.00013061828,2,Muzyka
Add Andy Hunter to my Evening Commute playlist.,0,3,1,0.0002482568,2,Muzyka
I want to hear theme songs from zeebra from the sixties on Slacker,3,3,1,0.00017076179,2,Muzyka
I want to add a tune by Damon Johnson to my frescura indie playlist,0,3,1,0.00015475425,2,Muzyka
play some fifties tunes by Mike Mccready,3,3,1,0.00018467089,2,Muzyka
Can i get the showtimes for films close by ?,6,4,0,0.00012574131,2,Muzyka
The dubstep dangles dirty playlist needs Digital at Montreux in it,0,3,1,0.00072438375,2,Muzyka
show creative trailer of The Sword of the Lord,5,3,0,0.00019742869,2,Muzyka
Find me a table for 8 somewhee in Hollenberg in nine weeks,1,0,0,0.00019186796,2,Muzyka
"Can you play something from the fourties , preferably a symphony ?",3,3,1,0.000281365,2,Muzyka
When will it be hot in Millvale,2,1,0,0.00014834056,2,Muzyka
Play some music by Daniel Carter,3,3,1,0.00011166474,2,Muzyka
Add a randy travis song to Deep Dark Indie Folk,0,3,1,0.00012563016,2,Muzyka
"What is the forecast for Petersville , OH",2,1,0,0.00015622062,2,Muzyka
"I would like reservations made for Masonville , Vermont nov. 7",1,0,0,0.00025555835,2,Muzyka
Add Claudine Longet to my Ultimate 00s palylist,0,3,1,0.0001311342,2,Muzyka
Play the top song by Jack Grisham,3,3,1,0.00010650342,2,Muzyka
Can you add something by the artist Paul Cargnello to my Chill Tracks playlist,0,3,1,0.00019486604,2,Muzyka
"add Tinker, Tailor to my playlist titled this is trey songz",0,3,1,0.00017050399,2,Muzyka
Find a picture called Nuclear Blast All Stars Out of the Dark .,5,3,0,0.00011540581,2,Muzyka
Add this tune by Shagrath to black sabbath the ozzy years,0,3,1,0.00012446914,2,Muzyka
I'd like to watch Army at Wanda Group,6,4,0,0.00018736042,2,Muzyka
play the top twenty movement songs from Roberto Valverde,3,3,1,0.00013783059,2,Muzyka
play some Nastya Kamenskih on Zvooq,3,3,1,0.00018970364,2,Muzyka
Put Ron Wood in the Digster Reggae playlist.,0,3,1,0.00035889944,2,Muzyka
play Yo Ho from the new york pops on Youtube,3,3,1,0.00014409272,2,Muzyka
Play some Antony Harding songs from the eighties,3,3,1,0.00015104165,2,Muzyka
Add So Far to my Retrovisor playlist.,0,3,1,0.00033576824,2,Muzyka
Add bryan gregory to the playlist Emily Dickinson,0,3,1,0.00013537248,2,Muzyka
play Wanted by Erykah Badu,3,3,1,0.000104863495,2,Muzyka
I want to hear some acid punk music,3,3,1,0.00014943398,2,Muzyka
Will there be fog in Tahquamenon Falls State Park ?,2,1,0,0.00017207483,2,Muzyka
add The Darkest Red to this is jennifer lopez,0,3,1,0.00010372429,2,Muzyka
Play some music on Lastfm .,3,3,1,0.00037234317,2,Muzyka
Can you play Crossover ?,3,3,1,0.0002579108,2,Muzyka
add Chris Walla to Trabajo Relax,0,3,1,0.00022495328,2,Muzyka
add track to todo latino,0,3,1,0.0001700127,2,Muzyka
play a concerto from sam sparro,3,3,1,0.00022448154,2,Muzyka
Add a derek watkins tune to This Is Johnny Cash,0,3,1,0.00010341341,2,Muzyka
Can you add this tune to the night out playlist?,0,3,1,0.00015969654,2,Muzyka
play songs on Itunes,3,3,1,0.00017437372,2,Muzyka
What is the nearest movie theatre playing Kate y Leopold ?,6,4,0,0.0001416314,2,Muzyka
Open Lastfm and start playing whatever,3,4,1,0.0009112394,2,Muzyka
Include the album by Arthur Rhames in Urban Poet,0,3,1,0.00014055507,2,Muzyka
Will it be windy at two PM in France ?,2,1,0,0.0001637127,2,Muzyka
I give 3 of 6 stars for the current textbook,4,2,0,0.00013997768,2,Muzyka
add omnipresent to verano,0,3,1,0.0003522978,2,Muzyka
show me the schedule of movie The Duchess of Langeais in cinema,6,4,0,0.00013410806,2,Muzyka
book a restaurant for 4 by shawn's work close by,1,0,0,0.00018605051,2,Muzyka
play some Deezer oldies music,3,3,1,0.00012945088,2,Muzyka
add M-CABI to the playlist named Pre-Party R&B Jams,0,3,1,0.00015915523,2,Muzyka
I'd like a new england added to Classical Moments in Movies .,0,4,1,0.0002358394,2,Muzyka
Could you play the album B Men Gahō by Nathaniel Shilkret,3,3,1,0.000117902775,2,Muzyka
Play me a top-ten song by Phil Ochs on Groove Shark,3,3,1,0.00015205995,2,Muzyka
Play concerto from 1951,3,3,1,0.00014978358,2,Muzyka
Play track music from Peter Finestone on Netflix sort by newest,3,3,1,0.0001422991,2,Muzyka
Add janie jones to my Indie Pop,0,3,1,0.00012670938,2,Muzyka
What's the weather in Organ Pipe Cactus National Monument,2,1,0,0.00014718575,2,Muzyka
play chant on groove shark from 1996,3,3,1,0.00014598807,2,Muzyka
I'd like to move the artist named Matt Walker to the playlist grandes unplugged,0,3,1,0.0001363205,2,Muzyka
play track Her Majesty,3,3,1,0.00016739826,2,Muzyka
What time is Mon Amour Shesher Kobita Revisited playing,6,4,0,0.00013892162,2,Muzyka
Please help me search the Hell Money saga .,5,3,0,0.00017088032,2,Muzyka
What will the weather be like in Killarney National Park on national pow/mia recognition day ?,2,1,0,0.00016149382,2,Muzyka
What are the movie schedules,6,4,0,0.00012759693,2,Muzyka
The chronicle Charlie Peace earns 4 stars from me,4,2,0,0.00014427745,2,Muzyka
I'd like to listen to iheart radio's chill out playlist please.,3,3,1,0.00019143094,2,Muzyka
rate Whole Earth Discipline 5 of 6 points,4,2,0,0.00014204295,2,Muzyka
"book a food court in supper time distant from Northern Mariana Islands for me, winnie and courtney",1,0,0,0.00022462299,2,Muzyka
Add gregg bissonette to my US Latin Top 50 playlist,0,3,1,0.00021016528,2,Muzyka
add this song to my us latin top 50 playlist,0,3,1,0.00017954558,2,Muzyka
add this Eric Weissberg song to my Dance Workout,0,3,1,0.00014873396,2,Muzyka
Want to play Christina Schollin Lastfm,3,3,1,0.00016677607,2,Muzyka
Add Warm and Beautiful to the ironing playlist.,0,3,1,0.00026461834,2,Muzyka
Play Music From Van-pires by Dmitry Malikov .,3,3,1,0.00019601449,2,Muzyka
play Dj Ozma top songs,3,3,1,0.00013124965,2,Muzyka
I want to see the TV series A State of Mind,5,3,0,0.00014460213,2,Muzyka
Reservea  table for five people on september second in Gabon .,1,0,0,0.00025816177,2,Muzyka
add to my playlist Lazy Chill Afternoon Nothing Can Stop Us,0,3,1,0.00021378473,2,Muzyka
Play the top 20 ep from the fifties by John Bundrick .,3,3,1,0.00014686174,2,Muzyka
please add george nooks to my electronow playlist,0,3,1,0.0002705171,2,Muzyka
Play Humour,3,3,1,0.0001106936,2,Muzyka
add rise of the infidels to my bring back the 90s playlist,0,3,1,0.00017406879,2,Muzyka
Play music from 2016 .,3,3,1,0.00018563468,2,Muzyka
Reserve a table for 7 at a cafeteria in Lafe city .,1,0,0,0.00019783858,2,Muzyka
What time is Hitman City playing,6,4,0,0.00016920504,2,Muzyka
I'm giving 0 points to A New Lease of Death .,4,2,0,0.00014357535,2,Muzyka
Give me a top-rated restaurant that's eastern european,1,0,0,0.0001945852,2,Muzyka
Play the best music from Klaus Badelt .,3,3,1,0.00017691268,2,Muzyka
Will there be a blizzard at a 4 AM in Sky Valley,2,1,0,0.00015576089,2,Muzyka
Play my Fusion Fest playlist on Youtube,3,3,1,0.0002609946,2,Muzyka
play a chant by Mike Jones,3,3,1,0.00011249841,2,Muzyka
Add a KJ 52 track to the te quiero playlist.,0,3,1,0.00027190338,2,Muzyka
Play twenties symphony from Robert Walter,3,3,1,0.00011139911,2,Muzyka
play a song by Busta Rhymes,3,3,1,0.0001527188,2,Muzyka
"put Claude VonStroke onto my This Is Earth, Wind & Fire",0,3,1,0.00018359226,2,Muzyka
Play fourties music on Pandora .,3,3,1,0.0002887028,2,Muzyka
"Book sot for 7 at a restaurant that serves european in Stringtown on Feb. the 28th, 2034",1,0,0,0.0002070851,2,Muzyka
Add Buddy Tate to just dance by aftercluv list,0,3,1,0.0009056681,2,Muzyka
find Sweet Sensation,5,3,0,0.0007723748,2,Muzyka
Add another song to the Cita Romántica playlist.,0,3,1,0.00023616821,2,Muzyka
"Will it be chilly in Penuelas Indonesia on Nov. 26th, 2030",2,1,0,0.00016355493,2,Muzyka
When will The Flower and the Angry Waves be showing?,6,4,0,0.00023909424,2,Muzyka
have Zvooq play songs from the fifties,3,3,1,0.00030233615,2,Muzyka
Lets go to the Rainforest Cafe that is in the same area as 135th St,1,0,0,0.0002127158,2,Muzyka
I want to hear a Sandra ep,3,3,1,0.00011551128,2,Muzyka
Play That Would Be Something by Eden Ahbez,3,3,1,9.565948e-05,2,Muzyka
Play eighties,3,3,1,0.00011437489,2,Muzyka
Add the album to my Wild Country playlist.,0,3,1,0.00016128972,2,Muzyka
play top-twenty song from 2015,3,3,1,0.00015436251,2,Muzyka
Add the singer ivan roudyk to my fairy tales playlists,0,3,1,0.00020794202,2,Muzyka
Rate the current novel one points,4,2,0,0.00014266874,2,Muzyka
play Innovations by Kokia,3,3,1,0.00012884151,2,Muzyka
Can you help me find a picture called Olympia 1974 ?,5,3,0,0.00013243617,2,Muzyka
Play some Laurie Anderson .,3,3,1,0.00015970605,2,Muzyka
Play Oliver on pandora .,3,3,1,0.00020147284,2,Muzyka
find a movie called Emerald City,5,3,0,0.0001138356,2,Muzyka
show me the movie schedules,6,4,0,0.00013100817,2,Muzyka
What's it like in Bahrain right now ?,2,1,0,0.00019364616,2,Muzyka
play Techno music,3,3,1,0.00014872145,2,Muzyka
Add this album to Trotamundos,0,3,1,0.00015034844,2,Muzyka
play something from the twenties on Lastfm,3,3,1,0.00016194249,2,Muzyka
play the album Winner Takes All by Takuro with Last Fm,3,3,1,0.00011194909,2,Muzyka
play a john maher track,3,3,1,0.00011732861,2,Muzyka
"book a restaurant in McMurray on august seventeenth for marjorie vasquez, edith and martina",1,0,0,0.00026608407,2,Muzyka
Add this artist to my feel good dinner playlist,0,3,1,0.00016654059,2,Muzyka
Play some Joeri Basjmet .,3,3,1,0.00025556446,2,Muzyka
play Steven Reineke greatest soundtrack on Youtube,3,3,1,0.00015268059,2,Muzyka
add The Little House We Built onto mucho rap,0,3,1,0.00016597222,2,Muzyka
Will it storm in Kinder Russia,2,1,0,0.00015038066,2,Muzyka
Add Bashful Brother Oswald to Love Moments,0,3,1,0.0002786285,2,Muzyka
Rate this book a 0,4,2,0,0.00014135013,2,Muzyka
"I would like to add to my plalist, Visjoner onto the old school metal one",0,3,1,0.00017776224,2,Muzyka
I'd like to hear the song Daimidaler Prince vs Penguin Empire,5,3,0,0.00011583998,2,Muzyka
add Paul Franklin to my The Bachelor Party,0,3,1,0.00013748974,2,Muzyka
Rate the current chronicle a one,4,2,0,0.00013441664,2,Muzyka
What is the forecast for this Fall in Lesotho,2,1,0,0.00015713813,2,Muzyka
Add El Noi de la Mare to The New Waltz playlist,0,3,1,0.00021082025,2,Muzyka
I would like to book a restaurant in Tanzania that is within walking distance for my mom and I,1,0,0,0.00020990754,2,Muzyka
add clem burke in my playlist Pre-Party R&B Jams,0,3,1,0.0004121629,2,Muzyka
fimd Glory,5,3,0,0.0001453931,2,Muzyka
Play music from 1999,3,3,1,0.00013422836,2,Muzyka
i wanna listen to a the top-twenty track of Denniz Pop in Pandora,3,3,1,0.00015225763,2,Muzyka
Add venedig im regen to this is Maxwell,0,3,1,0.00029530286,2,Muzyka
Add the artist to my Metal playlist.,0,3,1,0.00025191286,2,Muzyka
Show me a copy of the picture Double Deal .,5,3,0,0.00020956488,2,Muzyka
What's the weather like today in Plankinton ?,2,1,0,0.0001520073,2,Muzyka
Play Apbl98 by Alden Penner .,3,3,1,0.00015605046,2,Muzyka
Will it be overcast in Luxembourg in fourteen seconds,2,1,0,0.00015821542,2,Muzyka
Add there is nothing like a dame to my playlist Guest List TaKe,0,3,1,0.00020689366,2,Muzyka
add Vicky Leandros to my piano ballads playlist,0,3,1,0.00022012094,2,Muzyka
Find Zorro the game,5,3,0,0.00013063502,2,Muzyka
Play Sense Tu from Ebi Hamedi,3,3,1,0.00012892616,2,Muzyka
Add this Alan Wilson track to my This Is Luis Fonsi playlist,0,3,1,0.000175895,2,Muzyka
play 1970 trunes,3,3,1,0.00013458868,2,Muzyka
Add this track to my Tropical Morning playlist,0,3,1,0.00016495751,2,Muzyka
Add this song to this is no te va gustar playlist,0,3,1,0.00016992445,2,Muzyka
play the Home Is Where the Music Is TV series,5,3,0,0.00012153038,2,Muzyka
Add twin peaks fire walk with me to the night out playlist,0,3,1,0.00017035607,2,Muzyka
play In The Arms Of God on Zvooq by Nimal Mendis,3,3,1,0.00030536903,2,Muzyka
find a game called So Long Self,5,3,0,0.00014194756,2,Muzyka
Play me a song by Linn Berggren from Spotify,3,3,1,0.00023057118,2,Muzyka
What are the selections of films that are being shown at Cinemark Theatres ?,6,4,0,0.00014416073,2,Muzyka
put Ramy Ayach on Latin Pop Rising,0,3,1,0.00013998194,2,Muzyka
Play mere lapsed by Marilyn Moore .,3,3,1,0.000125612,2,Muzyka
add steve winwood to my playlist old school metal,0,3,1,0.00014418778,2,Muzyka
Can you play some fifties music by lavern baker,3,3,1,0.00040694658,2,Muzyka
Can you add something by Gregori Chad Petree to the playlist digster soul classics,0,3,1,0.00018844986,2,Muzyka
What is the weather in Pendleton Center,2,1,0,0.00014618433,2,Muzyka
Play some nineties Eliza Carthy,3,3,1,0.00012655041,2,Muzyka
Play Funky Heavy Bluesy,3,3,1,0.000109398985,2,Muzyka
Add A Bum Note and a Bead of Sweat to my Stress Relief playlist,0,3,1,0.00014171832,2,Muzyka
Can you add Honey Hush to hits of the 60s,0,3,1,0.00019622364,2,Muzyka
Add this artist to lo más dance playlist.,0,3,1,0.00030382842,2,Muzyka
Play Pledge by Markus Grosskopf,3,3,1,0.00013216218,2,Muzyka
is Unbeatable Harold at Century Theatres,6,4,0,0.00013528425,2,Muzyka
I want to add Club Mix to the playlist with the title 50 Clásicos,0,3,1,0.00014624216,2,Muzyka
Play a seventies Tom Thacker ballad,3,3,1,0.00012998193,2,Muzyka
add boyce and hart to Urban Hits playlist,0,3,1,0.00032064304,2,Muzyka
add Días Felices to my todo reggaeton playlist,0,3,1,0.00028584118,2,Muzyka
Play some Dj Qbert .,3,3,1,0.00018754098,2,Muzyka
Play some music on spotify,3,3,1,0.00017691252,2,Muzyka
Play the best sort by Jan Robbe on pandora,3,3,1,9.809706e-05,2,Muzyka
Add the album to the The Sweet Suite playlist.,0,3,1,0.00020689612,2,Muzyka
Find movie schedules at IMAX Corporation,6,4,0,0.00013503227,2,Muzyka
Play a Martyn Bennett from 1957 on Pandora,3,3,1,0.00028337806,2,Muzyka
For the book The Flash Stop Motion I give a rating of 5 points,4,2,0,0.00014100624,2,Muzyka
Give the current novel two stars .,4,2,0,0.00014907825,2,Muzyka
Play a song from 1973 .,3,3,1,0.00019684144,2,Muzyka
Play me some grunge music,3,3,1,0.00016623606,2,Muzyka
put this track by Tony Bevilacqua into joan's playlist with the title women of folk & americana,0,3,1,0.00017572177,2,Muzyka
this book gets points for being current and a three,4,2,0,0.00014980567,2,Muzyka
Add r u still in 2 it to the under the surface playlist,0,3,1,0.00016348642,2,Muzyka
What's the weather looking like in Macy ?,2,1,0,0.0001651607,2,Muzyka
I'd like to eat at a restaurant around China with a party of 7 anywhere that serves ouzeri,1,0,0,0.00018017337,2,Muzyka
please add Secrets of the Alibi to the playlist called keep calm,0,3,1,0.00016835536,2,Muzyka
I want to listen to Born On The Bayou on Iheart,3,3,1,0.00014527705,2,Muzyka
Please get me the British Journal of Dermatology game .,5,3,0,0.00021812081,2,Muzyka
Add something by Arnett Cobb to my La Mejor Música para tus Fiestas playlist,0,3,1,0.00020041826,2,Muzyka
add the name covenant to the playlist Fusion Fest,0,3,1,0.00016142643,2,Muzyka
I give this textbook a four,4,2,0,0.00014491202,2,Muzyka
Play an ep by Uncle Jimmy Thompson,3,3,1,0.00013203998,2,Muzyka
Add Every Song Is a Cry for Love to my playlist Soul 'n' The City,0,3,1,0.00015539932,2,Muzyka
add this tune to Escapada,0,3,1,0.00013529972,2,Muzyka
Play the top fifty record from Alan Jardine,3,3,1,9.8014985e-05,2,Muzyka
What's the forecast for East Sonora Qatar,2,1,0,0.00016133515,2,Muzyka
is it going to be windy faraway from the Valley of Fire,2,1,0,0.00016891102,2,Muzyka
Find the Digital Champ Battle Boxing,5,3,0,0.00010064176,2,Muzyka
I would like this song added to my princesas indie playlist.,0,3,1,0.00016268823,2,Muzyka
Plya a tune by Kancherla Gopanna from 1951 on Zvooq,3,3,1,0.0005708751,2,Muzyka
"What's the weather forecast for Aug. 8, 2020 at my current location ?",2,1,0,0.00017308473,2,Muzyka
I want to hear something off Fist For Fight by Rushton Moreve on Youtube,3,3,1,0.00015958725,2,Muzyka
Where can I find the game Skip to the End ?,5,3,0,0.000118254575,2,Muzyka
play Iheart tunes by Neil Finn,3,3,1,0.00011936819,2,Muzyka
find the TV show When I Was a Boy,5,3,0,0.00011573956,2,Muzyka
Add an album to the Días de Frío playlist.,0,3,1,0.00020568301,2,Muzyka
Play Pride Of The Prairie from Johnny Burke,3,3,1,0.0001102096,2,Muzyka
Play Suus to my the funny thing about football is playlist,0,3,1,0.00021172837,2,Muzyka
use Spotify to play greatest songs from Kailash Kher,3,3,1,0.00022288537,2,Muzyka
I want to hear some theme music by Edsel Dope,3,3,1,0.00021751825,2,Muzyka
Can you find a picture of The Rambler,5,3,0,0.00019378877,2,Muzyka
Add bright and breezy to my This Is Gucci Mane playlist,0,3,1,0.00029594442,2,Muzyka
add peter banks to verano forever list,0,3,1,0.0011228162,2,Muzyka
play Glenn Yarbrough tunes,3,3,1,0.0001407192,2,Muzyka
add Split the Difference to my Women's Lit playlist,0,3,1,0.00017039564,2,Muzyka
Play the top-ten chant Doda songs from the twenties .,3,3,1,0.000118701646,2,Muzyka
What time does The Maze start at Cineplex Odeon Corporation,6,4,0,0.00015106505,2,Muzyka
what is the weather forecast for Shasha Forest Reserve in 43 weeks,2,1,0,0.00016355682,2,Muzyka
put perfecting loneliness onto primavera sound 2016 barcelona,0,3,1,0.00035618639,2,Muzyka
"Is it chilly in Henrieville , Oman",2,1,0,0.0001669426,2,Muzyka
I want to book a restaurant in 40 weeks in Iowa .,2,0,0,0.00026255468,2,Muzyka
Add Transmission to my found them first,0,3,1,0.00018649684,2,Muzyka
Add the artist Gwenno Pipette to the sexy as folk playlist.,0,3,1,0.0002623794,2,Muzyka
book a spot at The Red Onion in San Marino for next week,1,0,0,0.00019405478,2,Muzyka
Play top-50 eighties theme from Alain Caron,3,3,1,9.6595264e-05,2,Muzyka
Add autry inman to my Hanging Out and Relaxing playlist.,0,3,1,0.0003233866,2,Muzyka
Can you find me the Stand Proud book ?,5,3,0,0.00011383155,2,Muzyka
What films are at the nearest movie theatre,6,4,0,0.00013075226,2,Muzyka
add tune by Leonard Cohen to road trip,0,3,1,0.000103511644,2,Muzyka
play the album How Insensitive,3,3,1,0.00014544823,2,Muzyka
For the book Icon of Evil I rate a 2,4,2,0,0.00013633493,2,Muzyka
I need to have pat alger 's album placed onto the spotlight spain 2016 playlist.,0,3,1,0.00018742667,2,Muzyka
Add circus to my Post Garage Wave Revival list,0,3,1,0.00032419845,2,Muzyka
Can you add don moye to my Pop playlist?,0,3,1,0.00028775062,2,Muzyka
Put this artist onto the Chillin' on a Dirt Road playlist.,0,3,1,0.00024315275,2,Muzyka
What is the expected weather forecast for Beckley ?,2,1,0,0.00016516172,2,Muzyka
Open google music and play Women of Jazz playlist,3,3,1,0.00017240437,2,Muzyka
what movie theatre is showing Manorama Six Feet Under,6,4,0,0.00013727049,2,Muzyka
Give 99 Coffins 0 stars out of 6 .,4,2,0,0.00014073099,2,Muzyka
Add My Very Best to my road trip playlist.,0,3,1,0.00032500294,2,Muzyka
Play the best song by Henry Rollins .,3,3,1,0.00018401333,2,Muzyka
Use Spotify to play Who Was In My Room Last Night ?,3,3,1,0.00016442228,2,Muzyka
Find animated movies at Landmark Theatres at dinner time.,6,4,0,0.00012822838,2,Muzyka
add tune to my playlist picnic in the park,0,3,1,0.00015156226,2,Muzyka
show me the schedule of movie The Great Gildersleeve near movie house,6,4,0,0.00012223006,2,Muzyka
"Play Alone, Again from Mike Viola",3,3,1,0.00016316948,2,Muzyka
Play some movement music by Perez Prado on Iheart,3,3,1,0.00014607771,2,Muzyka
Add Ernie Hawkins to the Dubstep playlist.,0,3,1,0.00031881587,2,Muzyka
Add this tune by rod argent to propuesta alternativa playlist,0,3,1,0.0001763496,2,Muzyka
Find a reservation at Boone Tavern for 4 people in 1024,1,0,0,0.00016500847,2,Muzyka
Add the pop tarts to my this is astor piazzolla playlist,0,3,1,0.00014619828,2,Muzyka
show me the television show Operation Thunderbolt,5,3,0,0.0001375817,2,Muzyka
Play a soundtrack by musical artist Jimmy James,3,3,1,0.00014756655,2,Muzyka
Where can I purchase the TV series The Royal Sessions,5,3,0,0.00012949806,2,Muzyka
Add to isabella's Club Hits this song,0,3,1,0.00014473464,2,Muzyka
Please add a track by david freiberg to my workout playlist.,0,3,1,0.00020504455,2,Muzyka
play Signe Anderson chant music that is newest,3,3,1,0.00012330999,2,Muzyka
What is the weather forecast here ?,2,1,0,0.00015683232,2,Muzyka
Let's listen to the most popular Marty Friedman songs on Zvooq .,3,3,1,0.00091433985,2,Muzyka
I want these are the days added to my spotlight spain 2016 playlist.,0,3,1,0.00027851,2,Muzyka
What are the movie times for animated movies nearby ?,6,4,0,0.00012428127,2,Muzyka
Book a brasserie that serves mezzes in Iowa .,1,0,0,0.00019559253,2,Muzyka
I'd like to eat with a party of 8 in Hitchita OR,1,0,0,0.0001847951,2,Muzyka
What's the weather forecast for Sidnaw at 20 o'clock ?,2,1,0,0.0001499431,2,Muzyka
Where is the TV show Am Universum,5,3,0,0.0001126039,2,Muzyka
rate the current essay three of 6 points,4,2,0,0.00013909227,2,Muzyka
play a Karin Dreijer Andersson soundtrack on Groove Shark,3,3,1,0.00014096683,2,Muzyka
Add John Tesh to my salsa classics playlist,0,3,1,0.00037184765,2,Muzyka
add enduser song in grime instrumentals,0,3,1,0.00016619852,2,Muzyka
movie schedules for Neighborhood Cinema Group,6,4,0,0.00013242256,2,Muzyka
I want to add another album to the Scratchy Back Porch Blues playlist.,0,3,1,0.00016172908,2,Muzyka
Find saga Hamilton C shell,5,3,0,9.6184296e-05,2,Muzyka
put deep purple on this is jennifer lopez,0,3,1,0.00010742105,2,Muzyka
put K Maro track on my soul lounge list,0,3,1,0.00011804985,2,Muzyka
Book a joint restaurant for four with an outdoor area within the same area as Borough de Denali,1,0,0,0.00021475842,2,Muzyka
Give Anatomy of a Typeface a 1 rating.,4,2,0,0.00016166359,2,Muzyka
Play paul ortiz music from 1990,3,3,1,0.00013022742,2,Muzyka
Can you add john scofield newest tune the selektor to the playlist,0,3,1,0.00018876945,2,Muzyka
play some rap on Pandora,3,3,1,0.00013474855,2,Muzyka
play My Back Pages by Paul Young on vimeo,3,3,1,0.00019829266,2,Muzyka
Add this song to my roadrunner rec new releases list.,0,3,1,0.00031108988,2,Muzyka
Add The Famous Flower of Serving-Men to my evening acoustic playlist.,0,3,1,0.0002818227,2,Muzyka
how warm will it be in 10 minutes,2,1,0,0.00014603893,2,Muzyka
rate The Pure Weight of the Heart series 5 points,4,2,0,0.00013984137,2,Muzyka
add this artist named Prince to the playlist all new all now,0,3,1,0.00015314062,2,Muzyka
Add As I Was Going to St Ives to the fantasía playlist.,0,3,1,0.0010281015,2,Muzyka
add Glory in the Highest A Christmas Record in my playlist cleaning,0,3,1,0.00011961828,2,Muzyka
Play Fais Les Backs by Sarah Geronimo on Youtube,3,3,1,0.00017178673,2,Muzyka
I want to hear Gloryhole from Mani off of Lastfm,3,3,1,0.00014948788,2,Muzyka
Add another tune to my Soft Rock playlist.,0,3,1,0.00022277173,2,Muzyka
add this is Andrés Calamaro by Milk,0,3,1,0.00016473727,2,Muzyka
Play music from 1964,3,3,1,0.0001380372,2,Muzyka
add little walter to Women of Comedy playlist,0,3,1,0.00059863593,2,Muzyka
Add Cary Brothers to rock the 2000's playlist,0,3,1,0.00017254919,2,Muzyka
Book a restaurant for ten in Germfask .,1,0,0,0.00031155828,2,Muzyka
Rate The Keys to the White House a zero,4,2,0,0.00012964594,2,Muzyka
"Play a 1969 ballad by beth nielsen chapman , new first.",3,3,1,0.00016753413,2,Muzyka
Add this tune to the Leche con Chocolate playlist,0,3,1,0.00013996735,2,Muzyka
Play 2003 Ben Burnley on Spotify,3,3,1,0.00014274885,2,Muzyka
Where is Mother and Child plkaying,6,4,0,0.00054781843,2,Muzyka
play Té Para Tres,3,3,1,0.00012124978,2,Muzyka
I want If I Could Be with You added to mellow dinner,0,0,1,0.0003982661,2,Muzyka
add artist to my endorphin rush playlist,0,3,1,0.0001892674,2,Muzyka
Find a show called In fondo al buio .,5,3,0,0.00014164418,2,Muzyka
Need a table for a party of eight one hour from now in Exira SD in a pub that serves oysters rockefeller,1,0,0,0.00016696006,2,Muzyka
I'd like to add this tune to my spotify orchestra cello playlist,0,3,1,0.0001735498,2,Muzyka
rate this textbook a one,4,2,0,0.0001382113,2,Muzyka
"What will the weather be like here on dec. 8, 2019",2,1,0,0.0001761548,2,Muzyka
Add artist Leonard Cohen to my indie brazuca,0,3,1,0.00019837277,2,Muzyka
What is Marty Stuart discography,5,3,0,0.0007269535,2,Muzyka
Need to book a restaurant in PA in the city of Old Orchard Beach,1,0,0,0.0003108261,2,Muzyka
play a music ballad from the sixties,3,3,1,0.00012296067,2,Muzyka
add country favorites willie nelson style to my playlist titled Spinnin' Records Top 100,0,3,1,0.00020345458,2,Muzyka
I need a fast food restaurant that will seat two in a smoking room .,1,0,0,0.00018239168,2,Muzyka
is hail in the weather forecast for Monterey Bay National Marine Sanctuary,2,1,0,0.00017444338,2,Muzyka
Will it be warm in Powersville Guam 23 hours from now,2,1,0,0.00015097093,2,Muzyka
Add tune to downtempo beats,0,3,1,0.00014233778,2,Muzyka
add track to Punk Essentials,0,3,1,0.0001683747,2,Muzyka
Play album from Maureen Mcgovern,3,3,1,0.00010424172,2,Muzyka
add abrar ul haq to Confidence Boost,0,3,1,0.4079722,2,Muzyka
play Joshua Homme Belle And Sebastian Write About Love,3,3,1,0.00013063136,2,Muzyka
What's the weather forecast for Austin Liechtenstein,2,1,0,0.00016008003,2,Muzyka
Play some music using slacker,3,3,1,0.00035782845,2,Muzyka
Play music from the seventies for me.,3,3,1,0.00045181255,2,Muzyka
Open Groove Shark and play native us,3,3,1,9.415199e-05,2,Muzyka
Play movement by Duane Allman .,3,3,1,0.00016013521,2,Muzyka
Play something by Brian Chase .,3,3,1,0.00013151548,2,Muzyka
Book a restaurant around Thompson,1,0,0,0.00022695705,2,Muzyka
give Heartland chronicle four points,4,2,0,0.00013666795,2,Muzyka
Add song to Siesta,0,3,1,0.0001287301,2,Muzyka
book a table at a churrascaria for august 5 that has parking,1,0,0,0.00018921033,2,Muzyka
rate the current essay 5 points,4,2,0,0.00013922862,2,Muzyka
play some eighties by Amirbai Karnataki,3,3,1,0.00010365958,2,Muzyka
Play some Drum & Bass,3,3,1,0.00020894427,2,Muzyka
Play the last sound track by Soko from around 1975,3,3,1,0.00014854166,2,Muzyka
Find a video game called Family Dog .,5,3,0,0.0001597506,2,Muzyka
Add harlow wilcox to hip hop club bangers,0,3,1,0.00029634012,2,Muzyka
Play the artist Joe,3,3,1,0.000107344,2,Muzyka
add ivan mane jarnowick to Fusion Fest,0,3,1,0.0013743857,2,Muzyka
Play some Glenn Miller .,3,3,1,0.00025665842,2,Muzyka
What will it feel like in the current place in July,2,1,0,0.00017580834,2,Muzyka
I want to hear a Silvia Night ep from the sixties,3,3,1,0.00015035237,2,Muzyka
play 90s Love Songs on Youtube,3,3,1,0.00017082386,2,Muzyka
Will it get colder in Cape Fair,2,1,0,0.0001537975,2,Muzyka
add this artist to my 59th grammy awards,0,3,1,0.00016312218,2,Muzyka
Play music by blowfly from the seventies,3,3,1,0.00012632631,2,Muzyka
I'd like to add this album to my Siesta playlist,0,3,1,0.00016607858,2,Muzyka
"Is it going to be warm on march the 12th in Pendleton , Delaware ?",2,1,0,0.00017274749,2,Muzyka
give five star to The Second Angel series,4,2,0,0.00014266896,2,Muzyka
Put Kurt Cobain onto korean osts .,0,3,1,0.00020842989,2,Muzyka
Play Moondog 's Chupacabra .,3,3,1,0.00014649345,2,Muzyka
Play some nineties music on Zvooq,3,3,1,0.0003501624,2,Muzyka
add this artist to spring music,0,3,1,0.00013890969,2,Muzyka
Play my funtime playlist on lastfm .,3,3,1,0.0004897876,2,Muzyka
Is it hot in Zephyrhills ?,2,1,0,0.00017962529,2,Muzyka
I want a movie schedule .,6,4,0,0.00013423909,2,Muzyka
Play shining down by Tsukiko Amano on pandora .,3,3,1,0.00024350212,2,Muzyka
Rate this textbook a 2 .,4,2,0,0.0001437169,2,Muzyka
Give The Snows of Kilimanjaro 3 stars .,4,2,0,0.00013639753,2,Muzyka
add my old kentucky home to Fresh Finds Fire Emoji,0,3,1,0.00014800066,2,Muzyka
"Tell me the weather forecast for Alexander , SD",2,1,0,0.00015215651,2,Muzyka
"book a table not far in WY at a gastropub with internet for me, jenny and antoinette in one week",1,0,0,0.00018556147,2,Muzyka
Add O B McClinton to my playlist called Women of Electronic,0,3,1,0.00014486052,2,Muzyka
Add the track to the Metal Talks Metallica playlist.,0,3,1,0.00021658425,2,Muzyka
Please play Got The Time,3,3,1,0.00010070564,2,Muzyka
play a sound track by Vegard Sverre Tveitan,3,3,1,0.00014165713,2,Muzyka
Play music from 1958,3,3,1,0.00014429724,2,Muzyka
"at two am , I need reservations for my friends and I at Irma Hotel .",1,0,0,0.0001865648,2,Muzyka
The Forest should be rated a four,4,2,0,0.00013626461,2,Muzyka
insert Rock Me UP song to my list,0,3,1,0.00012474555,2,Muzyka
give four out of 6 star to this novel,4,2,0,0.00013963663,2,Muzyka
Add tune to my Is It New Wave,0,3,1,0.00014253442,2,Muzyka
Add the artist to the political punks playlist.,0,3,1,0.00028149536,2,Muzyka
add Annette Artani to the playlist titled all out 90s,0,3,1,0.00014785281,2,Muzyka
Play Goa music on Google Music .,3,3,1,0.00058603776,2,Muzyka
rate The Chymical Wedding 3 points,4,2,0,0.00013895566,2,Muzyka
add this album to my playlist titled underground hits,0,3,1,0.00013307972,2,Muzyka
Play Kool Keith Presents Thee Undatakerz by John Mccrea .,3,3,1,0.00016302128,2,Muzyka
Is it humid in my current spot,2,1,0,0.0001764967,2,Muzyka
Play music by Susumu Hirasawa .,3,3,1,0.00017789342,2,Muzyka
put this frederick knight track on my the midnight hour playlist,0,3,1,0.00013884918,2,Muzyka
Rate this chronicle one of 6 points,4,2,0,0.00013990943,2,Muzyka
Find me The Rise and Fall of the Great Lakes saga .,5,3,0,0.00015634953,2,Muzyka
add this track to my playlist named Trabajo Relax,0,3,1,0.00014918167,2,Muzyka
Add the name x forza e x amore to the playlist Musica Española 2017,0,3,1,0.00018503905,2,Muzyka
I want to see the MAXIMUM TRANCE picture,5,3,0,0.00014429598,2,Muzyka
Put The Broken Wave on lo más dance,0,3,1,0.00019424087,2,Muzyka
Play the newest melody on Last Fm by Eddie Vinson .,3,3,1,0.00016601972,2,Muzyka
What will it be like feb. the twentieth in Colorado,2,1,0,0.0001566755,2,Muzyka
add jeff burrows album to my Country Hits playlist,0,3,1,0.00014295439,2,Muzyka
add back porch spirituals to my Hit Remix playlist,0,3,1,0.00020242564,2,Muzyka
Play Gary Chapman music from the fifties,3,3,1,0.00012776106,2,Muzyka
Play a popular melody by Lindsay Lohan on Youtube .,3,3,1,0.00030435267,2,Muzyka
find the game Endangered Species,5,3,0,9.888932e-05,2,Muzyka
can you add the current tune to my Calm before the storm playlist,0,3,1,0.00016458862,2,Muzyka
Play the last 1954 ep by Povel Ramel .,3,3,1,0.00018491312,2,Muzyka
"Book a table for 3 at one of the Restaurants in Washington, D.C. in Riverview",1,0,0,0.00018878593,2,Muzyka
Play Verjamem track by Hong Junyang .,3,3,1,0.00018894931,2,Muzyka
show the creativity of Ghost Dragon of Cold Mountain,5,3,0,0.00013412416,2,Muzyka
Please start playing some thirties theme music.,3,3,1,0.0011380229,2,Muzyka
Will you play me the most popular sound track from 2006,3,3,1,0.00024269661,2,Muzyka
Play my Pandora app,3,3,1,0.00019457129,2,Muzyka
use Iheart radio to play eighties music from Hugh Masekela .,3,3,1,0.00085316115,2,Muzyka
Play The Way It Has To Be by Tom G Warrior on Zvooq,3,3,1,0.0001402831,2,Muzyka
Play a soundtrack by Mike Hindert on Spotify .,3,3,1,0.00020526329,2,Muzyka
Rate this essay four out of 6,4,2,0,0.00014183555,2,Muzyka
five points for this novel,4,2,0,0.00014676563,2,Muzyka
I'd like to hear Don Airey 's Gonna Raise Hell,3,3,1,0.00037363137,2,Muzyka
I'd like to watch Apocalypse 2024,6,4,0,0.0004526832,2,Muzyka
Add la jaula de oro to my Evening Commute playlist,0,3,1,0.00022208403,2,Muzyka
Play Thelma Aoyama 's latest concerto,3,3,1,0.00013137168,2,Muzyka
Add the artist to my dishwashing playlist.,0,3,1,0.00027159246,2,Muzyka
ad Sabah to my Evening Groove playlist,0,3,1,0.00021304381,2,Muzyka
Find a novel called Under Blackpool Lights .,5,3,0,0.00013584393,2,Muzyka
Rate An Act of Terror 2 stars .,4,2,0,0.0001526129,2,Muzyka
I want to hear some Bill Black chant music,3,3,1,0.00018709776,2,Muzyka
Rate this novel 1 of 6,4,2,0,0.00014712558,2,Muzyka
go ahead and add blowfly to my This Is Schubert list,0,3,1,0.0011471485,2,Muzyka
Lets hear some booty bass,3,3,1,0.000345505,2,Muzyka
Is the films 19 hours from now playing at Landmark Theatres,6,4,0,0.000119044606,2,Muzyka
add nour mhanna to workday lounge,0,3,1,0.00032869115,2,Muzyka
Play me a song by Steve Hackett from Manuel,3,3,1,0.00023235659,2,Muzyka
find a movie schedule for United Paramount Theatres,6,4,0,0.00011835501,2,Muzyka
Play Eternally by Marko Desantis on zvooq .,3,3,1,0.00033636624,2,Muzyka
need a table at a highly rated restaurant within walking distance from downtown for luisa and I,1,0,0,0.00018051628,2,Muzyka
add I’m Only a Man to my flow español,0,3,1,0.00022222994,2,Muzyka
play Wow by Jon Theodore,3,3,1,0.00011527662,2,Muzyka
rate The Citadel 1 out of 6 points,4,2,0,0.00013936394,2,Muzyka
Will it be nice here and in the same area,2,1,0,0.00017701108,2,Muzyka
add this album by richard hell to arlene's playlist named miami 2017 guest list,0,3,1,0.00013343577,2,Muzyka
Add Igor Talkow to my Women of K-Pop list,0,3,1,0.00030452159,2,Muzyka
Can I see the movie schedules ?,6,4,0,0.00013608635,2,Muzyka
Play classic rock on Groove Shark,3,3,1,0.00016045167,2,Muzyka
What is the weather like in Cameroon,2,1,0,0.00015455141,2,Muzyka
I want to add Kiara to my Digster Future Hits playlist,0,3,1,0.00022067918,2,Muzyka
add song to my El Mejor Pop en Español,0,3,1,0.00014068444,2,Muzyka
where is Beyblade Fierce Battle playing,6,4,0,0.00031756295,2,Muzyka
Play a Paul Davis melody,3,3,1,0.00015046156,2,Muzyka
Put Pedro Navaja onto my flamenco pa ti playlist.,0,3,1,0.0005009164,2,Muzyka
Play a tune from Space Mandino .,3,3,1,0.00024302723,2,Muzyka
add to laundry playlist with this song,0,3,1,0.00015116895,2,Muzyka
Play Punk Essentials on google music,3,3,1,0.00017142203,2,Muzyka
Book a table for 10 people on bunker hill day at a food court which serves spätzle in Monaco,1,0,0,0.00018935675,2,Muzyka
what is the forecast for here fir storm conditions next week,2,1,0,0.00015038264,2,Muzyka
Play the top movement music from 1997 .,3,3,1,0.00011436657,2,Muzyka
What are the movie schedules for Santikos Theatres ?,6,4,0,0.00012464516,2,Muzyka
Open Vimeo and play Lee Mellor good songs,3,3,1,0.00017844522,2,Muzyka
Play a symphony from Bob Hardy please,3,3,1,0.00012586106,2,Muzyka
Play Someday Soon by fiona,3,3,1,0.00013513514,2,Muzyka
Show me the movie schedule for Star Theatres,6,4,0,0.00012476738,2,Muzyka
play the last Rocko music with deezer,3,3,1,0.00012280104,2,Muzyka
I would like this artist on drum & breaks .,0,3,1,0.0001372159,2,Muzyka
Play some seventies songs from Luke Haines off of youtube,3,3,1,0.00019720438,2,Muzyka
Play songs by Naomi Schemer,3,3,1,0.00014714975,2,Muzyka
"Book a spot for ten in Morris Ranch SD on nov. the twenty-second, 2023",1,0,0,0.00021305068,2,Muzyka
Book me a tibetan restaurant for my boss and I .,1,0,0,0.000198388,2,Muzyka
this novel should get zero points for how intrepid it is.,4,2,0,0.00015253195,2,Muzyka
Play me a Chris Needham song on Vimeo,3,3,1,0.00014843959,2,Muzyka
Go to cali fire and add refrain to my playlist,0,3,1,0.00026156372,2,Muzyka
Add this song onto my playlist entitled chill out .,0,3,1,0.000211188,2,Muzyka
What movies are playing at the closest cinema,6,4,0,0.00013011174,2,Muzyka
Add this tune by Frankie Laine to my playlist kitchen swagger,0,3,1,0.0001322413,2,Muzyka
Can I reserve the Khedive Palace restaurant for aug. fifth in Christina ?,1,0,0,0.00021963587,2,Muzyka
Find a soundtrack called New Religion .,5,3,0,0.00013812019,2,Muzyka
add this track to my playlist it's ok to like jazz,0,3,1,0.00026070763,2,Muzyka
Give The Abstinence Teacher 4 out of 6,4,2,0,0.00014066209,2,Muzyka
"Book a reservation for me, marva and barbara at a restaurant with parking",1,0,0,0.00017876462,2,Muzyka
"Book a brasserie restaurant in Enfield , North Dakota for rosie and I that has tarte tatin",1,0,0,0.00020062199,2,Muzyka
Add Jamaica Say You Will to my metal,0,3,1,0.00010696439,2,Muzyka
play a track from the thirties,3,3,1,0.00014028889,2,Muzyka
Add this song to my Indie Acoustic playlist,0,3,1,0.00016319708,2,Muzyka
Play the playlist Grime Shutdown,3,3,1,0.00012784809,2,Muzyka
Play bebob on Iheart,3,3,1,0.0001449069,2,Muzyka
Play The Tyranny Of Distance by Willy Mason .,3,3,1,0.00011628448,2,Muzyka
What's the weather like in Schenectady MA ?,2,1,0,0.000156985,2,Muzyka
Rate my current novel one out of 6 points,4,2,0,0.00014456255,2,Muzyka
add global underground 006 sydney to my Best Metal of the New Millennium,0,3,1,0.00012717626,2,Muzyka
I wish to listen to some fifties music.,3,3,1,0.00051113014,2,Muzyka
Play some twenties theme music on Google Music .,3,3,1,0.00039298067,2,Muzyka
play chant by Prurient,3,3,1,9.986334e-05,2,Muzyka
Add album to all out 00s,0,3,1,0.00014712561,2,Muzyka
Find the movie schedule for National Amusements .,6,4,0,0.000119514254,2,Muzyka
add a track in Nike Running Tempo Mix,0,3,1,0.00015321572,2,Muzyka
Can you play an ep by Tatjana Iwanowna Bulanowa,3,3,1,0.00016399965,2,Muzyka
Play music from E-type .,3,3,1,0.00024575595,2,Muzyka
Add the time warp to Wild & Free Workout,0,3,1,0.0002406185,2,Muzyka
play Itunes songs by Gerard Way,3,3,1,0.00015211964,2,Muzyka
What films are showing at National Amusements,6,4,0,0.00012561215,2,Muzyka
Find the movie schedule for Great Escape Theatres .,6,4,0,0.00011998502,2,Muzyka
Add od mene se odvikavaj to my laundry,0,3,1,0.0012662786,2,Muzyka
what films are at Kerasotes Theatres,6,4,0,0.0001291022,2,Muzyka
Rate this novel 5 of 6,4,2,0,0.00014484517,2,Muzyka
Rate Renewable Electricity and the Grid one stars out of 6,4,2,0,0.00014406626,2,Muzyka
Add a song by Claude VonStroke to the under the surface playlist.,0,3,1,0.00020562287,2,Muzyka
Play music using Last Fm,3,3,1,0.00047160944,2,Muzyka
add villotta to The MetalSucks Playlist playlist,0,3,1,0.00018911377,2,Muzyka
play Morning Song,3,3,1,0.00014780456,2,Muzyka
add tune to my playlist eletro br,0,3,1,0.00015263581,2,Muzyka
Play The View From The Afternoon by Malese Jow on Last Fm,3,3,1,0.00044901107,2,Muzyka
Please find the schedule for Jappeloup at Bow Tie Cinemas .,6,4,0,0.0001228312,2,Muzyka
Play some music by Jody Williams from 2001,3,3,1,0.00012288128,2,Muzyka
rate the current novel zero out of 6,4,2,0,0.00014583733,2,Muzyka
play Christina Milian latest music,3,3,1,0.000119516444,2,Muzyka
Book a table for ten people in Eucalyptus Hills .,1,0,0,0.0002150143,2,Muzyka
Find the movie schedules at Magic Johnson Theatres,6,4,0,0.00011859099,2,Muzyka
Include When I Paint My Masterpiece in my Acoustic Spring playlist.,0,3,1,0.0017458753,2,Muzyka
Add wastedagain to the wild & free workout playlist,0,3,1,0.00022262942,2,Muzyka
play playlist The Realest Down South,3,3,1,0.00015104336,2,Muzyka
Add riddim driven engine 54 & humanity letha's All Things Post,0,3,1,0.0001572345,2,Muzyka
Play Water Under The Bridge by Hariprasad Chaurasia .,3,3,1,0.00016669545,2,Muzyka
Book The Oriel in Allison for a party of four .,1,0,0,0.00018340643,2,Muzyka
Add impossible is nothing to SPA Treatment,0,3,1,0.00062046386,2,Muzyka
Play the top Maynard James Keenan .,3,3,1,0.0001709448,2,Muzyka
add this artist to my this is miguel bosé playlist,0,3,1,0.00022425306,2,Muzyka
"Play the album , Dance Hall At Louse Point .",3,3,1,0.0001314005,2,Muzyka
Play the greatest from Win Stracke on Groove Shark .,3,3,1,0.0001698185,2,Muzyka
add come on a cone to Power Walk playlist,0,3,1,0.00025180995,2,Muzyka
I want to add this song to my Infantil playlist,0,3,1,0.00015526221,2,Muzyka
Add this track by Brian Welch to the spring music playlist,0,3,1,0.00015845982,2,Muzyka
Play tribal,3,3,1,0.000105259984,2,Muzyka
play good music by General Woo on Deezer,3,3,1,0.00012529068,2,Muzyka
Add unreachable to my wine & dine playlist.,0,3,1,0.0005020106,2,Muzyka
Play some Mf Doom from the sixties on pandora .,3,3,1,0.00031443624,2,Muzyka
Rate this essay 4 of 6 stars,4,2,0,0.00014253003,2,Muzyka
"Please look up the song , Twist of shadows .",5,3,0,0.00012308797,2,Muzyka
Find a show called Last Night On Earth .,5,3,0,0.00016177804,2,Muzyka
turn on Last Fm,3,3,1,0.00019625865,2,Muzyka
Play the greatest music from Bryan Maclean .,3,3,1,0.00016901376,2,Muzyka
Add a song by Jil Y Creek to my spring music,0,3,1,0.00014275966,2,Muzyka
Play music from 2015,3,3,1,0.00014514389,2,Muzyka
play Barry Manilow from the twenties,3,3,1,0.00010690212,2,Muzyka
Add Driven to Tears to the viral semanal playlist.,0,3,1,0.0003773262,2,Muzyka
Play some seventies track from top Rie Tomosaka,3,3,1,0.00011961488,2,Muzyka
Please search for Sealed with a Kiss movie .,5,3,0,0.00013931804,2,Muzyka
Add the name Not Fade Away to the playlist the midnight hour,0,3,1,0.00015323529,2,Muzyka
Play something by Chris Knight,3,3,1,0.00010083845,2,Muzyka
Cock-A-Doodle-Doo! was awful. I'm giving it a 0 out of 6 .,4,2,0,0.00013680034,2,Muzyka
add maschi e altri to my this is john williams,0,3,1,0.0005305643,2,Muzyka
Add mc ren to my It's a Southern Thing playlist,0,3,1,0.0003226523,2,Muzyka
add hopeful to my this is enrique iglesias,0,3,1,0.00028092606,2,Muzyka
Add a song to Indie Hipster,0,3,1,0.00014069582,2,Muzyka
Play Magic Time by Phoebus,3,3,1,9.685316e-05,2,Muzyka
Play Jono El Grande from the thirties,3,3,1,0.00010319791,2,Muzyka
find seven AM movies at Dipson Theatres,6,4,0,0.00012034053,2,Muzyka
Add the artist to my Duetos .,0,3,1,0.0002680894,2,Muzyka
Play the playlist Tropical Morning on Pandora,3,3,1,0.00016622944,2,Muzyka
I'm looking to get a seat at a brasserie in Togo .,1,0,0,0.00022394836,2,Muzyka
play some Classical music on Spotify,3,3,1,0.00029518106,2,Muzyka
Add a jacob miller album to my Hardcore Punk playlist.,0,3,1,0.00020484359,2,Muzyka
Add The Stars and Stripes Forever to the soulful disco playlist.,0,3,1,0.00026847704,2,Muzyka
Find me the soundtrack called Enter the Chicken,5,3,0,0.000127491,2,Muzyka
Add Buddy DeSylva to my this is j balvin playlist,0,3,1,0.0003833741,2,Muzyka
I need a table at a cafe that serves baeckeoffe,1,0,0,0.00016714106,2,Muzyka
I'd like to hear songs from Iheart,3,3,1,0.0001769106,2,Muzyka
Play a 2011 ballad by Evil Jared Hasselhoff on Lastfm .,3,3,1,0.0001644669,2,Muzyka
Give The Plague a 0,4,2,0,0.0001455523,2,Muzyka
add this tune by harry connick jr to my jazz brasileiro playlist,0,3,1,0.00016914867,2,Muzyka
Book a restaurant for a party of 7 in Paraguay on Saturday,1,0,0,0.00022547398,2,Muzyka
I need seats for five at a place five and a half months from now,1,0,0,0.00016471905,2,Muzyka
Add this artist to queen playlist,0,3,1,0.00017725045,2,Muzyka
Big Breasts and Wide Hips is terrible and 1 out of 6,4,2,0,0.00014371412,2,Muzyka
Freud A Life for Our Time deserves a solid 4,4,2,0,0.0001480268,2,Muzyka
Add Nicole Mitchell to my Soul Revived list,0,3,1,0.00045255627,2,Muzyka
Find a book called Environment and Behavior .,5,3,0,0.00031471558,2,Muzyka
Open The Second Adventure album by Hans Nilsson,3,3,1,0.00017103483,2,Muzyka
Add this track by horace andy to acoustic soul,0,3,1,0.00012834062,2,Muzyka
play some sixties music,3,3,1,0.00012605658,2,Muzyka
move this tune by Hironobu Kageyama to my Baila Reggaeton playlist,0,3,1,0.00014557413,2,Muzyka
What will the weather be like in the Bahamas eleven years and a half from now,2,1,0,0.00014805181,2,Muzyka
Will it be warmer in Minidoka OK on good friday ?,2,1,0,0.00014892152,2,Muzyka
Can you play some eighties music,3,3,1,0.00014035328,2,Muzyka
add this artist to primavera sound 2016 barcelona,0,3,1,0.00018526339,2,Muzyka
I'd like for you to add Owen Biddle to my Old School Death Metal playlist.,0,3,1,0.00033038485,2,Muzyka
add this tune by Nokio the N Tity to my this is bb king playlist,0,3,1,0.00019621299,2,Muzyka
Include hohenfriedberger marsch to my Novedades Pop list.,0,3,1,0.0003630189,2,Muzyka
Add Cake to Bake to lo que suena new york,0,0,1,0.00046198504,2,Muzyka
Where can I find the TV show MetaboLights,5,3,0,0.00013064177,2,Muzyka
Add Ted Heath to the road trip playlist.,0,3,1,0.00031568902,2,Muzyka
Play music by Don Cherry .,3,3,1,0.0001505804,2,Muzyka
What's the forecast for Wendell ?,2,1,0,0.00015961209,2,Muzyka
Play Foundling by Jean Grae on Vimeo .,3,3,1,0.00062318344,2,Muzyka
Play music from 1958 .,3,3,1,0.00017793712,2,Muzyka
Rate the current textbook a 0 out of 6 .,4,2,0,0.0001430173,2,Muzyka
add Get Happy to cherry's Las Canciones Más Lindas Del Mundo,0,3,1,0.00022463135,2,Muzyka
Play some Hong Junyang .,3,3,1,0.0002168165,2,Muzyka
need to book a table in Ludden,1,0,0,0.00020119536,2,Muzyka
Play Classical X,3,3,1,0.000111835136,2,Muzyka
What films are playing at the closest cinema,6,4,0,0.00013164264,2,Muzyka
I want this album on my Indie Alternativa playlist,0,3,1,0.00016128246,2,Muzyka
Play a concerto top ten sort by Lloyd .,3,3,1,0.00015909578,2,Muzyka
add Fred Knoblock to my lo-fi love playlist,0,3,1,0.00022628446,2,Muzyka
"add reggaeton classics in playlist jennie, jennie",0,3,1,0.00071751676,2,Muzyka
Please play a sound track from the fifties that's on Iheart,3,3,1,0.0001237968,2,Muzyka
What is the weather forecast two hours and seventeen seconds from now in Elgin Schoolhouse State Historic Site,2,1,0,0.00017207373,2,Muzyka
add Highway Patrolman in my playlist this is al green,0,3,1,0.000432186,2,Muzyka
add tune to my this is john williams playlist,0,3,1,0.00023032114,2,Muzyka
Weather for James M. Robb – Colorado River State Park,2,1,0,0.00020193052,2,Muzyka
I'd like to eat in Iran with a party of 9 on sep. the 12th,1,0,0,0.00020325753,2,Muzyka
List movie schedule .,6,4,0,0.00016093567,2,Muzyka
add this song to the Top 100 Indie Tracks on Spotify playlist,0,3,1,0.00025912235,2,Muzyka
add this track to my epic wall of sound playlist,0,3,1,0.00018818726,2,Muzyka
play a track by Alpha Blondy with Deezer,3,3,1,0.000116757576,2,Muzyka
I want to add lady maisry to my playlist lo que suena new york,0,3,1,0.00021343873,2,Muzyka
Show Transformers The Game,5,3,0,0.00019957275,2,Muzyka
I need a restaurant that has internet access for a party of six,1,0,0,0.0001837068,2,Muzyka
Play some art punk .,3,3,1,0.00019460426,2,Muzyka
book me a restaurant for 4 members at Beaman Federated States Of Micronesia in one minute,1,0,0,0.00023999848,2,Muzyka
book a spot in MI,1,0,0,0.00021516657,2,Muzyka
Rate this album zero of 6,4,2,0,0.00013827716,2,Muzyka
Play some acapella music,3,3,1,0.00012706085,2,Muzyka
four out of 6 stars for the previous essay,4,2,0,0.00013821182,2,Muzyka
What painting is on The Cure discography ?,5,3,0,0.00015330258,2,Muzyka
add Mayya to the de manhattan con amor playlist,0,3,1,0.00017697694,2,Muzyka
I'm wondering what movies will be laying around here .,6,4,0,0.00018779277,2,Muzyka
Rate The Vanishing Thieves 4 out of 6,4,2,0,0.00014025117,2,Muzyka
play The Edge by Deezer on Vans Warped Tour Compilation 2003,3,3,1,0.000114335686,2,Muzyka
add billy strayhorn to my highway 61 playlist,0,3,1,0.000570011,2,Muzyka
Add artist to laundry,0,3,1,0.0001372919,2,Muzyka
Tell me if the forecast will be temperate around Nationalpark Doi Suthep-Pui on 4/15/2034,2,1,0,0.0001822772,2,Muzyka
What is the weather like in North Salt Lake and Afghanistan ?,2,1,0,0.00015930027,2,Muzyka
movie schedule at Cinemark Theatres,6,4,0,0.00012223342,2,Muzyka
add Curse song to my playlist Guest List Engadget,0,3,1,0.00014854086,2,Muzyka
Play an ep by Zak Starkey .,3,3,1,0.00018857357,2,Muzyka
Is it hot in Round Hill HI,2,1,0,0.0001545496,2,Muzyka
Give 2 stars to The Doom Brigade,4,2,0,0.0001450565,2,Muzyka
What time is Balkan Rhapsodies 78 Measures of War playing at Malco Theatres ?,6,4,0,0.00013833042,2,Muzyka
Put this song on my indiespensables playlist,0,3,1,0.00016015845,2,Muzyka
add 9AM in Dallas to my classical music for smart kids,0,4,1,0.006783767,2,Muzyka
Find me the album The Weed Tree .,5,3,0,0.00014084451,2,Muzyka
Play Dance With The Devil by Mr. Lordi,3,3,1,0.00011180382,2,Muzyka
Rate this series one out of 6 .,4,2,0,0.0001391598,2,Muzyka
Please add the song by raphael rabello to the playlist fantastic workout,0,3,1,0.00015800669,2,Muzyka
Add millie corretjer to the rhythm playlist,0,3,1,0.00020004874,2,Muzyka
Add Unconscious State to my 90s Smash Hits,0,3,1,0.00012986186,2,Muzyka
add the album to my sleep playlist,0,3,1,0.00015302378,2,Muzyka
Play music on Groove Shark .,3,3,1,0.0001992942,2,Muzyka
Incorporate Ayumi Hamasaki Arena Tour 2009 A Next Level into my Música Libre playlist.,0,3,1,0.00039293346,2,Muzyka
I want to hear the top Tim Madison,3,3,1,0.00013598455,2,Muzyka
give The Rosales Saga 2 of 6,4,2,0,0.00014770137,2,Muzyka
Play Intense Studying playlist on Itunes .,3,3,1,0.00015340744,2,Muzyka
play the newest by Exuma,3,3,1,0.00013489381,2,Muzyka
Play music on Netflix by Don Kikas,3,3,1,0.0002715052,2,Muzyka
What time is Sontha Ooru playing,6,4,0,0.00017356039,2,Muzyka
"what's the closest cinema playing Six Days Three Activists, Three Wars, One Dream at sunrise",6,4,0,0.0001423263,2,Muzyka
Play me a popular Ronnie Wood soundtrack,3,3,1,0.00013371815,2,Muzyka
Add an album by Liza Oumarova to the Steampunk playlist.,0,3,1,0.00022044408,2,Muzyka
book a restaurant in MS that can seat ten at 015147 pm,1,0,0,0.00023860525,2,Muzyka
Add this ruth crawford seeger song to my playlist called The Soundtrack 007,0,3,1,0.00012935903,2,Muzyka
show creative photograph of Icewind Dale Heart of Winter,5,3,0,0.00017957299,2,Muzyka
add joan wasser to running playlist,0,3,1,0.00065059756,2,Muzyka
"add Xenomania to operación bikini , please",0,3,1,0.00037213397,2,Muzyka
Tell me if it'll be temperate in 8 seconds in Guatemala,2,1,0,0.00016957137,2,Muzyka
Add this artist to Reggae Classics playlist,0,3,1,0.000199656,2,Muzyka
How cold will it be in Palau around fourteen o'clock ?,2,1,0,0.00014964839,2,Muzyka
Can you rate this novel as a four ?,4,2,0,0.00013507575,2,Muzyka
Book the Bobcat Bite in the Isle of Man for 6 people.,1,0,0,0.00020956654,2,Muzyka
add song by ian mcdonald to an instrumental sunday,0,3,1,0.00014585703,2,Muzyka
rating points for Castles of Steel out of 6 are 5,4,2,0,0.00014052451,2,Muzyka
In my playlist Rock Gaming add Mariem Hassan con Leyoad,0,3,1,0.0003317685,2,Muzyka
Play Trace Adkins ' music from the thirties .,3,3,1,0.00016351485,2,Muzyka
Add song to my underground hits,0,3,1,0.0001317879,2,Muzyka
Play the song American Patrol by lauryn hill,3,3,1,0.00011941345,2,Muzyka
Play a popular Gurdas Maan track,3,3,1,0.00012081513,2,Muzyka
Play chant music by Big Dee Irwin .,3,3,1,0.00012756472,2,Muzyka
Can you play a sonata,3,3,1,0.00019112944,2,Muzyka
Play some Paul Stookey from the sixties,3,3,1,0.00012795138,2,Muzyka
play some tango on iheart,3,3,1,0.0001369292,2,Muzyka
Play Noctámbulo playlist,3,3,1,0.00018326666,2,Muzyka
weather in Bashkirsky Nature Reserve 20 days from now,2,1,0,0.00014279613,2,Muzyka
Play Shaina Magdayao 's music on Iheart,3,3,1,0.00016392175,2,Muzyka
book australian food in Armour for 7 pm for four at a pub best rated in UT,1,0,0,0.00016952485,2,Muzyka
Play the most popular song from Chae Yeon off of Spotify,3,3,1,0.00016287893,2,Muzyka
in the neighbourhood find movies with movie times,6,4,0,0.00012923036,2,Muzyka
I want to hear music on Itunes,3,3,1,0.00018922509,2,Muzyka
play songs by Sarah Harding,3,3,1,0.00012648305,2,Muzyka
add a song by mark schultz to my ultimate indie playlist,0,3,1,0.00013450538,2,Muzyka
Can you pull up The Sanford Herald,5,3,0,0.00010941646,2,Muzyka
I want new steps to go on the leche con chocolate list,0,3,1,0.00019336194,2,Muzyka
Look up the Fair Warning saga,5,3,0,0.00011528639,2,Muzyka
Add Jerry Dixon to my chill out list,0,3,1,0.00038020962,2,Muzyka
Add anson hu to my conexiones list,0,3,1,0.0005067016,2,Muzyka
Use Youtube to play music from Dorothy Ashby from the year 2002,3,3,1,0.00039000562,2,Muzyka
add Salil Chowdhury to my 35 Soul Classics 1970 to 1975 playlsit,0,3,1,0.00020656077,2,Muzyka
I want to give Science Fiction Adventures in Mutation 0 stars,4,2,0,0.00014004529,2,Muzyka
Open youtube,3,3,1,0.00015353633,2,Muzyka
Play the top melody from artist Maakii,3,3,1,0.00012599604,2,Muzyka
Tell me the weather forecast for my current spot 1 minute from now,2,1,0,0.00015759902,2,Muzyka
Play some James Cleveland .,3,3,1,0.00016219635,2,Muzyka
play some 2002 music,3,3,1,0.00012935641,2,Muzyka
Add Recalled to Life to This Is Alejandro Fernández,0,3,1,0.0002648837,2,Muzyka
I want to add a song by jazz brasileiro,0,3,1,0.00014151388,2,Muzyka
play Hardcore music,3,3,1,0.00012796691,2,Muzyka
When will the weather be temperate like it is now in Stansbury Park in Tuvalu,2,1,0,0.00015334871,2,Muzyka
play music from the sixties,3,3,1,0.00013777576,2,Muzyka
add kjetil vidar haraldstad to listas de éxitos,0,3,1,0.0050118924,2,Muzyka
Play Dj Subroc on Itunes,3,3,1,0.00023732588,2,Muzyka
add 9th Inning to my bossa nova dinner playlist,0,3,1,0.00028466372,2,Muzyka
Can you put this track onto the playlist the selektor ?,0,3,1,0.0001804705,2,Muzyka
Play Julie Driscoll,3,3,1,0.00013998621,2,Muzyka
Reserve a table for 8 in neighboring Hitchland .,1,0,0,0.00019386307,2,Muzyka
Play Ciribiribin by Sandeep Khare,3,3,1,0.00012968044,2,Muzyka
What is the temperature at Eifel National Park,2,1,0,0.00018191664,2,Muzyka
play the Gary Chaw album,3,3,1,0.00011174087,2,Muzyka
What's the weather forecast for Wisconsin ?,2,1,0,0.00017040316,2,Muzyka
add willie nelson live to my Acoustic Blues playlsit,0,3,1,0.00018733345,2,Muzyka
play Hora Din Moldova by Yamazaki Maso,3,3,1,0.00012612442,2,Muzyka
show the creativity of The Attic,5,3,0,0.00015772632,2,Muzyka
Play me a twenties tune on Deezer,3,3,1,0.0001237813,2,Muzyka
Play Andy Williams Sings Rodgers And Hammerstein by elica todorova,3,3,1,0.00018038119,2,Muzyka
I want to put this artist in Mellowed Out Gaming,0,3,1,0.00018644315,2,Muzyka
Add this tune to my playlist named Women of Fresh Finds,0,3,1,0.000117663774,2,Muzyka
add tune to my The Southern Highway Chronicles playlist,0,3,1,0.00013592199,2,Muzyka
add the track by apostolos nikolaidis to the This Is Luis Fonsi playlist,0,3,1,0.00013410718,2,Muzyka
Please add some Pete Townshend to my playlist Fiesta Hits con Lali,0,3,1,0.00020147301,2,Muzyka
Play Llegando a Casa playlist,3,3,1,0.00042853612,2,Muzyka
Put new page onto my latin jazz playlist.,0,3,1,0.0002784804,2,Muzyka
Put this Jerry Dixon song onto my Tokyo Rising playlist.,0,3,1,0.00026182272,2,Muzyka
add shahrum kashani to my Country Hits,0,3,1,0.00014225916,2,Muzyka
"Will it get chillier in Arkinda , Myanmar ?",2,1,0,0.00017393011,2,Muzyka
Where can I find the soundtrack for Steamboat Bill ?,5,3,0,0.0001311473,2,Muzyka
play Isaac Yamma Slut,3,3,1,0.000110246714,2,Muzyka
add repent replenish repeat to Classical Moments in Movies,0,4,1,0.00028721345,2,Muzyka
I want to book a reservation within the same area of AMelia Court House for 4 .,1,0,0,0.00017875845,2,Muzyka
Play some The Lady Is A Tramp from Timour Moutsouraev,3,3,1,0.00011703513,2,Muzyka
Want to add pacific ocean blues to the playlist named lunch,0,3,1,0.00013010077,2,Muzyka
Add this track to my Rock Hard playlist,0,3,1,0.00016050052,2,Muzyka
Please play some music from 1996,3,3,1,0.00011150369,2,Muzyka
find movie schedules in Warren Theatres,6,4,0,0.00011686548,2,Muzyka
Look for a photograph of I Wanna Sex You Up,5,3,0,0.00017612828,2,Muzyka
put Hugh Masekela onto my Music On Ibiza Guest List playlist,0,3,1,0.00022257931,2,Muzyka
I'd like to have southeastern brazilian at the pub in Dominica,1,0,0,0.00016205896,2,Muzyka
Add this song to my the perfect italian dinner playlist,0,3,1,0.00013831325,2,Muzyka
give five stars to The Songlines,4,2,0,0.00014128182,2,Muzyka
add the song to the Dub On The Beach playlist,0,3,1,0.00016606593,2,Muzyka
Can you play the greatest songs by Mauro Picotto,3,3,1,0.0001607931,2,Muzyka
I want to hear a soundtrack by dj ozma from the sixties .,3,3,1,0.00013596979,2,Muzyka
me and my father in law want go eat gratin at a restaurant,1,0,0,0.00016990623,2,Muzyka
i give the following textbook three points,4,2,0,0.00014842203,2,Muzyka
play All Of Your Toys by Chris Ledoux,3,3,1,0.00018324488,2,Muzyka
put this Kan Mikami tune on fresh finds cyclone,0,3,1,0.00011700205,2,Muzyka
Find the Burn the Sky Down album,5,3,0,0.00010735308,2,Muzyka
Give the current album 1 star,4,2,0,0.00014988057,2,Muzyka
Play chant music by pappu venugopala rao on Slacker .,3,3,1,0.00023826794,2,Muzyka
add this artist to sunshine reggae,0,3,1,0.00012318298,2,Muzyka
Use Google Music to play some songs by Dr John,3,3,1,0.00024614675,2,Muzyka
Looking for novel Build Engine,5,3,0,0.00019007653,2,Muzyka
"I liked Ports of Call , I'd give it a 5 out of 6 .",4,2,0,0.00013402516,2,Muzyka
show movie times,6,4,0,0.0001614174,2,Muzyka
play Roy Orbison tunes now,3,3,1,0.0001664598,2,Muzyka
Play my New Indie Mix on Google Music .,3,3,1,0.00043305577,2,Muzyka
Play Making Out by Alexander Rosenbaum off Google Music .,3,3,1,0.00029997106,2,Muzyka
I'd like to hear Nas 's greatest ballad,3,3,1,0.00014109298,2,Muzyka
find a movie theatre with Beware of Bachelors,6,4,0,0.00012708746,2,Muzyka
I'd like a table for 3 at a brasserie in Hillview NE that has mineiro,1,0,0,0.00016618447,2,Muzyka
Play a song from 1994 .,3,3,1,0.00021556295,2,Muzyka
Play my Futuros Hits playlist on Spotify .,3,3,1,0.00037086286,2,Muzyka
add Put Your Hand Inside the Puppet Head to the playlist named Lazy Chill Afternoon,0,3,1,0.0001786907,2,Muzyka
find Death Is Called Engelchen at Neighborhood Cinema Group,6,4,0,0.00016586174,2,Muzyka
what is the forecast for 6 am in Aruba,2,1,0,0.00016907546,2,Muzyka
Play something by grandmaster flash & the furious five on youtube,3,3,1,0.00016592682,2,Muzyka
Add this album the the playlist canciones que lo van a petar,0,3,1,0.00013127693,2,Muzyka
Play a Ladyhawke record,3,3,1,0.0001143763,2,Muzyka
add artist brenda k starr to frescura indie,0,3,1,0.00013149413,2,Muzyka
play me a Mel Draisey tune from the fourties with vimeo,3,3,1,0.00020192191,2,Muzyka
add j p pickens to chill out playlist,0,3,1,0.00022649673,2,Muzyka
Play the newest melody by Cisco Adler on pandora,3,3,1,0.00014524099,2,Muzyka
play a tune by Margaret Kelly on Iheart,3,3,1,0.00012138169,2,Muzyka
Tell me the films playing at the closest movie house to me,6,4,0,0.000120103665,2,Muzyka
Tell me the weather forecast for Cape Verde,2,1,0,0.00017308575,2,Muzyka
give 4 out of 6 stars to this textbook,4,2,0,0.0001401829,2,Muzyka
add pangaea to my Gold Edition playlist,0,3,1,0.00019747617,2,Muzyka
Can I get the movie times,6,4,0,0.0001386332,2,Muzyka
Add Venetian Snares onto the atmospheric calm playlist,0,3,1,0.00018016482,2,Muzyka
Will it be nice in Reager MP,2,1,0,0.00015774813,2,Muzyka
On Itunes play the latest Anna Yesipova ep,3,3,1,0.0001713555,2,Muzyka
Use Netflix to play In The Arms Of A Woman playlist,3,3,1,0.00069035933,2,Muzyka
add munia the tale to my playlist called Adrenaline Workout,0,3,1,0.00013797045,2,Muzyka
add this artist named trevor mcnevan to the playlist top gaming tracks,0,3,1,0.00016787682,2,Muzyka
"book in West Palm Beach for glenda, lois and tamra at a nearby restaurant serving puglia",1,0,0,0.0001955384,2,Muzyka
Play Night Electric Night on Iheart,3,3,1,0.00012732799,2,Muzyka
play some twenties movement tunes from the last Olga Souza,3,3,1,0.0001408914,2,Muzyka
Find a soundtrack called Tied to a Star .,5,3,0,0.00012662241,2,Muzyka
can you put on Like A Hurricane by Paul Landers,3,3,1,0.00020497486,2,Muzyka
play Seven Steps To Heaven by Wikluh Sky,3,3,1,0.00011650194,2,Muzyka
Add brian larsen to my digster sleep,0,3,1,0.00013223628,2,Muzyka
Add this track to my Dance Workout playlist,0,3,1,0.00018401729,2,Muzyka
Add shot forth self living to my Folk Metal Warriors playlist.,0,3,1,0.00031167374,2,Muzyka
add this artist to my Jazz playlist,0,3,1,0.0003093527,2,Muzyka
Play Yuauea by Rick Ross,3,3,1,0.00010289349,2,Muzyka
I need to book a table for 4,1,0,0,0.00018214947,2,Muzyka
rate Peveril of the Peak a five,4,2,0,0.0001328511,2,Muzyka
add monsters this is prince playlist,0,3,1,0.000219212,2,Muzyka
rate tune to 90's Baby Makers,0,2,1,0.00030468646,2,Muzyka
Play Red Barchetta by Blind Lemon Jefferson .,3,3,1,0.00013534396,2,Muzyka
rate current book 0 stars,4,2,0,0.00014128245,2,Muzyka
At 8 AM I want to eat at The Rosebud in the Federated States Of Micronesia,1,0,0,0.0003278559,2,Muzyka
What's the weather in Paris ?,2,1,0,0.00014935891,2,Muzyka
add the song to my We Everywhere playlist,0,3,1,0.0001715127,2,Muzyka
Play genre opera,3,3,1,0.000158797,2,Muzyka
Let me hear the good songs from James Iha,3,3,1,0.00013125305,2,Muzyka
I want to listen to a popular melody by David Bazan,3,3,1,0.00016077953,2,Muzyka
add album to my I Love My 90's R&B,0,3,1,0.00013636836,2,Muzyka
Please play Different Slanguages by Fred Labour .,3,3,1,0.00030664526,2,Muzyka
Put say it ain’t so into my Trap Land playlist.,0,3,1,0.00019273143,2,Muzyka
play the top five songs by Gad Elbaz,3,3,1,0.00018056581,2,Muzyka
I would like to rate The Hundred-Year Christmas four stars .,4,2,0,0.00013297981,2,Muzyka
What is the weather forecast in the country of Chile fifteen hours from now,2,1,0,0.00015230449,2,Muzyka
add this song by torch to my Sing Along playlist,0,3,1,0.00016817468,2,Muzyka
Play Party Through The Decades on Deezer,3,3,1,0.000139413,2,Muzyka
Play Giovanni Battista Guadagnini 's 1982 tracks .,3,3,1,0.00023035478,2,Muzyka
I want to eat a delicatessen in thirteen hours that serves eastern european food,1,0,0,0.00019430232,2,Muzyka
Add thomas a dorsey to my Big Band,0,3,1,0.0004616399,2,Muzyka
Play me a twenties song,3,3,1,0.0001246524,2,Muzyka
"I want to add Aprite le finestre to my playlist entitled This Is Earth, Wind & Fire",0,3,1,0.00019188461,2,Muzyka
Can you add Esquivando charcos to my playlist entitled the piano bar,0,3,1,0.00015978233,2,Muzyka
Play me a song from Voices & Images,3,3,1,0.00015742252,2,Muzyka
Play some music from Victor Kunonga .,3,3,1,0.00021799876,2,Muzyka
Add Dickey Betts to my throwback thursday playlist.,0,3,1,0.00029562745,2,Muzyka
When can I watch Prince Daewon at movie house ?,6,4,0,0.00016188291,2,Muzyka
Add jonny buckland to my playlist weekly buzz,0,3,1,0.000225501,2,Muzyka
I want to hear a nineties track by stat quo on Deezer,3,3,1,0.00011360207,2,Muzyka
Play music on youtube,3,3,1,0.00015846937,2,Muzyka
Is it freezing in Kelso,2,1,0,0.00015591297,2,Muzyka
add tierney sutton to my Novedades Viernes Sudamérica playlist,0,3,1,0.00039056438,2,Muzyka
Use Itunes to play artist Ringo Shiina track In Heaven,3,3,1,0.00023984694,2,Muzyka
Play something on Last Fm,3,3,1,0.00013378632,2,Muzyka
Book a restaurant far from Kokomo this fall .,1,0,0,0.0003105517,2,Muzyka
i want to watch Ghosts of the Abyss at Kerasotes Theatres,6,4,0,0.00016868525,2,Muzyka
book a restautant in North Dakota at a bistro that is indoor,1,0,0,0.00020214012,2,Muzyka
Play a top twenty symphony by Bumble Bee Slim,3,3,1,0.00011868431,2,Muzyka
Rate this saga two with a bet rating of 6,4,2,0,0.00014427977,2,Muzyka
Can I see movie schedules for movies this evening in the neighbourhood ?,6,4,0,0.00012367572,2,Muzyka
I want to hear Box Of Rain by Skeets Mcdonald,3,3,1,0.00010165468,2,Muzyka
where is Wild America showing at zero P.M.,6,4,0,0.00015126266,2,Muzyka
find a nearby movie schedule for movies,6,4,0,0.00012797164,2,Muzyka
Add another track to my Women of Latin Music playlist,0,3,1,0.00017334802,2,Muzyka
mark this album a score of 5,4,2,0,0.0001479175,2,Muzyka
show movie schedules,6,4,0,0.00016605001,2,Muzyka
For my playlist Wild Country add a great day for freedom,0,3,1,0.00017376686,2,Muzyka
Add david henry hwang to the This Is Nicky Jam playlist.,0,3,1,0.0003655589,2,Muzyka
what animated movies are showing nearby,6,4,0,0.00012985729,2,Muzyka
Add natasha to my All Things Post playlist,0,3,1,0.00029046647,2,Muzyka
Play a 1950 album on Iheart,3,3,1,0.00013279203,2,Muzyka
Where can I watch the TV series Breed the Pain ?,5,3,0,0.00013568305,2,Muzyka
Play some 1970 Antero Manninen on zvooq .,3,3,1,0.00021588815,2,Muzyka
Add roel van velzen to the night playlist.,0,3,1,0.00031158404,2,Muzyka
Find a television show called Structured Fax File .,5,3,0,0.00016449517,2,Muzyka
When will WI be temperate ?,2,1,0,0.00014461174,2,Muzyka
play the top five songs by Isaac Hayes,3,3,1,0.00016477144,2,Muzyka
please add moon river to my metalcore playlist,0,3,1,0.0002159849,2,Muzyka
Add an album to Women of Hip Hop,0,3,1,0.0001675701,2,Muzyka
Show me the book Pokémon The Johto Journeys,5,3,0,0.00019703877,2,Muzyka
Book a reservation for a taverna at Sunrise in Kaanapali,1,0,0,0.0001985869,2,Muzyka
add jeanette to extreme metal workout,0,3,1,0.00015701502,2,Muzyka
add Bossa Nova Soul Samba to my jukebox boogie rhythm & blues playlist,0,3,1,0.00029890548,2,Muzyka
Add album to my Massive Soca Hits,0,3,1,0.00014263442,2,Muzyka
Book a restaurant in one minute for five people in Canal Fulton .,1,0,0,0.00020926647,2,Muzyka
Please let me know the weather forecast in Louisiana state,2,1,0,0.00017090155,2,Muzyka
Add Hatfield and the North to my Hot House playlist.,0,3,1,0.0003657803,2,Muzyka
Open Itunes and play Heath music from 1981,3,3,1,0.00030746713,2,Muzyka
I have a party of 8 and we want to go to a restaurant that serves croquembouche,1,0,0,0.00017618717,2,Muzyka
Play a chant from the fifties,3,3,1,0.00011963514,2,Muzyka
Add bill evans to the Motivation Mix playlist.,0,3,1,0.00034280724,2,Muzyka
Add Maria Magdalena to my poetry in their own voices playlist,0,3,1,0.0003275454,2,Muzyka
Play a song from the seventies by Pepe Aguilar,3,3,1,0.00012587536,2,Muzyka
book in Pine Bluffs for 5 people in the same area,1,0,0,0.00020160896,2,Muzyka
I give the following textbook 3 points .,4,2,0,0.00015313306,2,Muzyka
Play some latin music.,3,3,1,0.00021823045,2,Muzyka
Add some Beatmaster V to the This Is Nicky Jam playlist.,0,3,1,0.0002879888,2,Muzyka
Add Marianne Faithfull to june's Hillary Clinton's Women's History Month Playlist .,0,3,1,0.00048415287,2,Muzyka
Play good Pure Soul on netflix,3,3,1,0.0001354141,2,Muzyka
Add the album to the top 100 country tracks on spotify playlist.,0,3,1,0.00042102177,2,Muzyka
I would like to add something by Kuk Harrell to my Hip Hop 2017 New School playlist,0,3,1,0.00015716157,2,Muzyka
Add Cream to the funk playlist.,0,3,1,0.00027790718,2,Muzyka
Play 30 Greatest Hits,5,3,0,0.0001442411,2,Muzyka
give the current chronicle three points,4,2,0,0.00013586921,2,Muzyka
Add this track to the classical music for smart kids playlist,0,3,1,0.00019373743,2,Muzyka
Play Elliot Easton 's album Beautiful,3,3,1,0.00012949917,2,Muzyka
Book a Theme restaurant in Cameroon for 6 people.,1,0,0,0.00023105199,2,Muzyka
add the artist a j pero to my Country Gold playlist,0,3,1,0.00025651182,2,Muzyka
Play music from 1989 by Maya .,3,3,1,0.00019058603,2,Muzyka
find Warren Theatres films,6,4,0,0.00013647931,2,Muzyka
Play music by Nick La Rocca,3,3,1,0.0001398546,2,Muzyka
I'd like to see the trailer Tony Parker,5,3,0,0.00012811032,2,Muzyka
Play a concerto from the nineties,3,3,1,0.00013541573,2,Muzyka
add bonobo to queen playlis,0,3,1,0.00015767883,2,Muzyka
Find the Sarah the Teen Princess game,5,3,0,0.00014486811,2,Muzyka
Add a tune to my Sleep Sounds list,0,3,1,0.0001537529,2,Muzyka
play a sound track by Tom Thacker,3,3,1,0.00011427132,2,Muzyka
Play the playlist spring,3,3,1,0.00012760652,2,Muzyka
Book a table at Laurie Beechman Theatre for a party of 4 in Utah,1,0,0,0.00020142274,2,Muzyka
put this dave abbruzzese tune on Family Road Trip,0,3,1,0.000121964484,2,Muzyka
play some nineties music,3,3,1,0.00012182929,2,Muzyka
Rate this essay four,4,2,0,0.00013753763,2,Muzyka
show me the picture Sex and Drugs and Jesus Christ,5,3,0,0.00017960145,2,Muzyka
Please add this song to my llegando a casa palylist,0,3,1,0.00011527472,2,Muzyka
Rate this chronicle 0 stars,4,2,0,0.0001432968,2,Muzyka
Please play playlist TODO REGGAETON,3,3,1,0.00017308885,2,Muzyka
play the last Chris Douglas on Slacker,3,3,1,0.00012054618,2,Muzyka
Play a native us song on Last Fm,3,3,1,0.0001385029,2,Muzyka
"Will it get rainy like last March in Hagerman , Saint Vincent and the Grenadines ?",2,1,0,0.00016212484,2,Muzyka
add the album to my Latin Pop Rising playlist,0,3,1,0.00014347161,2,Muzyka
add this track to New Hip Hop,0,3,1,0.00016953557,2,Muzyka
Use service Vimeo to play music from the artist Mick track Now We Are 5,3,3,1,0.00024245302,2,Muzyka
add tune to sxsw fresh playlist,0,3,1,0.00018104346,2,Muzyka
add Philip Labonte to Women of R&B playlist,0,3,1,0.00037692435,2,Muzyka
Add Visible Wings to my playlist entre los andes,0,3,1,0.00024436478,2,Muzyka
Book a reservation for a pub serving gateau in MS,1,0,0,0.00018135527,2,Muzyka
Add don sebesky song to The Refugee Playlist,0,3,1,0.00016317888,2,Muzyka
"add kenneth c ""jethro"" burns songs in my playlist soundscapes for gaming",0,3,1,0.0008860067,2,Muzyka
I need to hear a thirties soundtrack,3,3,1,0.00011383234,2,Muzyka
Add Raisins secs et amandes to this is new edition,0,3,1,0.0007148518,2,Muzyka
List movies by movie times in the neighbourhood,6,4,0,0.00012661023,2,Muzyka
Please play Bitch Please Ii,3,3,1,0.00013276163,2,Muzyka
Add Sheila to enamorándose,0,3,1,0.0002294547,2,Muzyka
Add rev-raptor to 90s Indie,0,3,1,0.0001965946,2,Muzyka
Play Lorenzo Palacios Quispe,3,3,1,0.000114067596,2,Muzyka
Can you add confessions to my playlist called Clásica,0,3,1,0.0002648408,2,Muzyka
Play some Gospel music.,3,3,1,0.0002104988,2,Muzyka
casey and I will be in Kentucky for food,1,0,0,0.00058084074,2,Muzyka
add the album the martin garrix show to my playlist,0,3,1,0.0001690412,2,Muzyka
Play pop,3,3,1,0.00010901424,2,Muzyka
play Slacker tunes,3,3,1,0.00012917856,2,Muzyka
rate the current chronicle five stars,4,2,0,0.00013560435,2,Muzyka
I wish to enjoy some fifties music by Johnny Paycheck .,3,3,1,0.0007942575,2,Muzyka
Rate Equal Affections one points,4,2,0,0.00013760502,2,Muzyka
What time is The Taking of Pelham 1 2 3 playing at the movie theatre,6,4,0,0.00011986312,2,Muzyka
Play a song off the Nicht Sprechen album,3,3,1,0.00015035635,2,Muzyka
Play twenties chant from Lagaylia Frazier on Itunes,3,3,1,0.00018301484,2,Muzyka
Will there be sun in the Manassas National Battlefield Park ?,2,1,0,0.00019554357,2,Muzyka
Play Wynton Kelly music on Netflix sort by popular,3,3,1,0.0002147557,2,Muzyka
Add Fabri Fibra to evening acoustic,0,3,1,0.00021477064,2,Muzyka
A novel of this quality deserves your rating of four points,4,2,0,0.00013626736,2,Muzyka
Play me a song from Luxury Liner,3,3,1,0.00015513106,2,Muzyka
Add sara hickman to my Targeted list,0,3,1,0.0009115377,2,Muzyka
Give The Decoration of Houses 1 of 6,4,2,0,0.00015179269,2,Muzyka
Play chant from Freddy Fender on iheart,3,3,1,0.00017728755,2,Muzyka
play Fill Yourself With Music by Ray Manzarek,3,3,1,0.00014625785,2,Muzyka
Place this tune in workout remix,0,3,1,0.00013138034,2,Muzyka
my té para tres needs Brave and Crazy added on.,0,3,1,0.00030678042,2,Muzyka
Play the song gangsta ? by Siavash Ghomayshi,3,3,1,0.00013321161,2,Muzyka
Rate The Doors of Perception 3 stars,4,2,0,0.00014813482,2,Muzyka
Play Hættuleg Hljómsveit & Glæpakvendið Stella by Kaori Iida,3,3,1,0.0001056004,2,Muzyka
play a tune from 1962,3,3,1,0.00014686366,2,Muzyka
play some sad songs from the fifties,3,3,1,0.000147883,2,Muzyka
play the track The Wizard And I,3,3,1,0.0001334806,2,Muzyka
add this matt bachand tune to pure rock & roll,0,3,1,0.000133977,2,Muzyka
Add Sam Moran music to my tgif playlist,0,3,1,0.00031712317,2,Muzyka
Add Troy van Leeuwen to my nu metal list,0,3,1,0.0003121902,2,Muzyka
Weather for Carlisle Gardens AS,2,1,0,0.000152149,2,Muzyka
find the closest films at a movie house,6,4,0,0.00012685645,2,Muzyka
Please get me Exploring the Reef TV show,5,3,0,0.00012912,2,Muzyka
play music on netflix,3,3,1,0.00015296832,2,Muzyka
Put transatlantic lullaby on sharlene's napoleon xiv playlist,0,3,1,0.00020022794,2,Muzyka
what is the weather of East Portal KS,2,1,0,0.00016403491,2,Muzyka
Find a trailer called Hellboy The Troll Witch and Others .,5,3,0,0.00014616478,2,Muzyka
"Add Perfect Sense, Part I to my women of classical list",0,3,1,0.00074925745,2,Muzyka
rate The Eighth Day three stars out of 6,4,2,0,0.00013895628,2,Muzyka
What movies are playing at Mann Theatres,6,4,0,0.00012366894,2,Muzyka
"Please book me a table for 6 people at Top of the Mark in Raleigh Hills , Kentucky",1,0,0,0.00018162563,2,Muzyka
Please play a song by Everlast,3,3,1,0.00012674212,2,Muzyka
I want to give The Cat Who Walks Through Walls a 1,4,2,0,0.00014357478,2,Muzyka
add richard sohl to dinner for 2,0,0,1,0.00018280685,2,Muzyka
Please tell me the movie schedules ?,6,4,0,0.0001338505,2,Muzyka
Play a sound track by Pee Wee Russell on Zvooq .,3,3,1,0.0002538206,2,Muzyka
Open pandora and play udhreko choli from Chowdiah,3,3,1,0.00043313007,2,Muzyka
Play Dj Drama from the 1976,3,3,1,0.0001788846,2,Muzyka
Give the current book a one out of 6 .,4,2,0,0.00014038767,2,Muzyka
Rate the current saga a five,4,2,0,0.00013587023,2,Muzyka
Give me the weather forecast for Wisconsin Dells in Saint Kitts and Nevis on the day after tomorrow,2,1,0,0.0001582162,2,Muzyka
Show me a photograph called The Daily Slovak News,5,3,0,0.0001371748,2,Muzyka
Add this tune to This Is Nicky Jam,0,3,1,0.0001138096,2,Muzyka
"add Please, Please, Please, Let Me Get What I Want to my crate diggers anonymous",0,3,1,0.00013226563,2,Muzyka
"What will the weather be at my current location on december the 2nd, 2029",2,1,0,0.00016841768,2,Muzyka
Add Geschwisterliebe to my string theory playlist.,0,3,1,0.0009029466,2,Muzyka
play fourties tunes,3,3,1,0.00011857414,2,Muzyka
play anything from the twenties,3,3,1,0.00011336394,2,Muzyka
Play some jpop on Google Music .,3,3,1,0.0010217271,2,Muzyka
put dj green lantern on my Targeted playlist,0,3,1,0.00029543162,2,Muzyka
use Vimeo to play De Camino a Clase playlist,3,3,1,0.0009189742,2,Muzyka
Add Om to my Classic Punk,0,3,1,0.0001937143,2,Muzyka
play the top song by Amon Amarth on Groove Shark,3,3,1,0.0001650599,2,Muzyka
play Robert Stoddard from 1988,3,3,1,0.00017657148,2,Muzyka
What films are showing in the neighbourhood ?,6,4,0,0.00012895413,2,Muzyka
Add anti ep to esenciales,0,3,1,0.00019285211,2,Muzyka
Play music from 2002,3,3,1,0.00013835366,2,Muzyka
Add my track to old school metal playlist,0,3,1,0.00015237798,2,Muzyka
Play a top 5 song from Wally Bastian on Google Music,3,3,1,0.000184535,2,Muzyka
Add this album to my Adrenaline Workout .,0,3,1,0.00018509882,2,Muzyka
Play blues on Vimeo,3,3,1,0.00025684107,2,Muzyka
I want to listen to a concerto from Timour Moutsouraev .,3,3,1,0.0005388806,2,Muzyka
play The Catholic Sun album,5,3,0,0.000119414304,2,Muzyka
Play Rock This playlist with Badonviller Marsch,0,3,1,0.00014020683,2,Muzyka
What is the movie schedule for films that are playing nearby in 15 minutes,6,4,0,0.00012574367,2,Muzyka
Will I Think I Do be playing at 7 PM ?,6,4,0,0.00018588806,2,Muzyka
Add the r l burnside album to my Nothing But A Party R&B playlist,0,3,1,0.00011789504,2,Muzyka
Rate the current book 1 of 6 points,4,2,0,0.00014135143,2,Muzyka
Play me a Felix Kubin from No Light on Spotify,3,3,1,0.00016429224,2,Muzyka
I'd rate this novel a five,4,2,0,0.00013169,2,Muzyka
Rate my current album 3 stars,4,2,0,0.0001401151,2,Muzyka
Play some music by Karl Blau .,3,3,1,0.00026188188,2,Muzyka
Open Last Fm and play the top song from Daniel Lee Chee Hun,3,3,1,0.00011842866,2,Muzyka
Put li yuchun 's album onto the kickass metal playlist.,0,3,1,0.00030078006,2,Muzyka
add this song to my this is kevin johansen,0,3,1,0.00017287726,2,Muzyka
Play me a song by Teitur Lassen on Groove Shark,3,3,1,0.0001614457,2,Muzyka
add we have a theme song to my House Afterwork playlist,0,3,1,0.00015373045,2,Muzyka
I want to add michelle heaton to this is chopin,0,3,1,0.0002133331,2,Muzyka
Add track by Fleetwood Mac to lakeisha's playlist TODO NOVEDADES,0,3,1,0.00021153313,2,Muzyka
I want to add Black Ribbons to the i love my neo soul playlist,0,3,1,0.0001890034,2,Muzyka
Will it get hotter in the city of Ashford ?,2,1,0,0.00018478456,2,Muzyka
put this album on my Wild Country playlist,0,3,1,0.00012257455,2,Muzyka
Play the sound track by Ferry Corsten,3,3,1,0.00012599883,2,Muzyka
add tune to NUSIC,0,3,1,0.000118332915,2,Muzyka
add song to punk playlist,0,3,1,0.00014314913,2,Muzyka
find a picture called Cahoots,5,3,0,0.00010589982,2,Muzyka
I would like to put taylor dayne on the pop 4 kids list,0,3,1,0.00024541005,2,Muzyka
Play my Still Got the Blues playlist.,3,3,1,0.0002178623,2,Muzyka
Rate Hate That Cat 1 out of 6 stars .,4,2,0,0.00014100656,2,Muzyka
me and my mummy want to go to an indian bar next winter within the same area of Cortelyou Rd,1,0,0,0.00021736871,2,Muzyka
Put a track into my Classic Country playlist.,0,3,1,0.00019452044,2,Muzyka
Play tuomas holopainen 's The 21 Project .,3,3,1,0.00019077175,2,Muzyka
Can you add last of the ghetto astronauts to the playlist called black sabbath the dio years ?,0,3,1,0.00014269822,2,Muzyka
Add tune to Blues,0,3,1,0.00012446567,2,Muzyka
add this song to my Love Hurts playlist,0,3,1,0.00015831692,2,Muzyka
Find a television show called Merced Sun-Star .,5,3,0,0.00013076296,2,Muzyka
"I want to see the novel , The Green",5,3,0,0.0001311488,2,Muzyka
Would you put hammer onto the lunch playlist?,0,3,1,0.00021762635,2,Muzyka
Play some music from 1993 on Itunes .,3,3,1,0.00040964762,2,Muzyka
Add Tobias Sammet to my bring back the 90s list,0,3,1,0.0002833728,2,Muzyka
play a 2006 chant,3,3,1,0.00013346001,2,Muzyka
can you play some weird music from the noise genre,3,3,1,0.00027409196,2,Muzyka
"I want to book a restaurant in Wallsburg , Missouri for michele, diann and pam",1,0,0,0.00022857015,2,Muzyka
Add Priscilla to my playlist Classical Dance Music Ballet & Beyond,0,3,1,0.00019617275,2,Muzyka
Play some music from the sixties,3,3,1,0.00013786781,2,Muzyka
Please add this track by Paul McGuigan to the Deep House playlist.,0,3,1,0.00022895308,2,Muzyka
Add to ila's playlist A Mi Manera Recopilatorio the name my heart stood still,0,3,1,0.00014439007,2,Muzyka
Play the best songs by Jes Brieden,3,3,1,0.00016445511,2,Muzyka
What is the weather forecast for Sunset in Bouvet Island ?,2,1,0,0.00016212538,2,Muzyka
Play some fourties music on Zvooq,3,3,1,0.0003807632,2,Muzyka
Play the greatest Ricky Bell music,3,3,1,0.00011985153,2,Muzyka
"What will the weather be like in Port Clinton , Nebraska around midnight ?",2,1,0,0.00014819697,2,Muzyka
Please play a song from the thirties by Peter Murphy on Last Fm,3,3,1,0.00016779506,2,Muzyka
Add Jon McLaughlin to my forever country playlist.,0,3,1,0.00029820195,2,Muzyka
listen to Pmd symphony,3,3,1,0.00012573486,2,Muzyka
Find the schedule for Grand Canyon Trail .,6,4,0,0.00013846249,2,Muzyka
Please find the show Kim Hyun-joong discography,5,3,0,0.0001470028,2,Muzyka
I want to hear music by Madeleine Peyroux from 1991 on Youtube .,3,3,1,0.0005444203,2,Muzyka
I wish to put tom baxter onto my coffee table jazz playlist,0,3,1,0.000515789,2,Muzyka
add Rupee to my Ultra Metal playlist,0,3,1,0.00026566203,2,Muzyka
"The Naked and the Dead was pretty good, I'd give it four stars .",4,2,0,0.00012664145,2,Muzyka
Please play some music for me on Netflix,3,3,1,0.00026859256,2,Muzyka
Play some music from 2011 on lastfm,3,3,1,0.00022919447,2,Muzyka
Add Tsubasa Imai to my Another Glass playlist,0,3,1,0.0002272846,2,Muzyka
play some music from the thirties,3,3,1,0.00013405186,2,Muzyka
play Women of Jazz,3,3,1,9.742353e-05,2,Muzyka
add this artist to Dubstep,0,3,1,0.00015241948,2,Muzyka
How will the weather be on May 9 in Wyoming ?,2,1,0,0.00017805395,2,Muzyka
Table for one somewhere in Palco,1,0,0,0.00020257915,2,Muzyka
What's the forecast for Belize around meal time?,2,1,0,0.00015606715,2,Muzyka
reserve a spotat the food truck twelve weeks from now,1,0,0,0.00017827163,2,Muzyka
add track to my spring playlist,0,3,1,0.00018818231,2,Muzyka
Add a track to the Another Glass playlist.,0,3,1,0.00021807512,2,Muzyka
Please rate The Lightning of August five points .,4,2,0,0.0001390894,2,Muzyka
I wish to listen to good symphony music by mi lu bing .,3,3,1,0.0006294876,2,Muzyka
"How cold is it in Cargray , Argentina ?",2,1,0,0.00017223996,2,Muzyka
Can you add some Tommie Sunshine to my chill out playlist,0,3,1,0.00021707137,2,Muzyka
Let me get the forecast for tea time in El Salvador .,2,1,0,0.00016532083,2,Muzyka
Will it be cold in Boyertown New Zealand in eighteen hours,2,1,0,0.00016403294,2,Muzyka
Give 0 rating to In the Heart of the Country,4,2,0,0.00013040802,2,Muzyka
Where can I find the painting for A Christmas Story - Una storia di Natale ?,5,3,0,0.0001527184,2,Muzyka
When is The Blood of Others playing?,6,4,0,0.0009066351,2,Muzyka
Add the patty patty sound to my metal talks kreator playlist,0,3,1,0.00021783155,2,Muzyka
tell me how Bellwood weather is,2,1,0,0.00013065443,2,Muzyka
I need a table for 2 on feb. 18 at Main Deli Steak House,1,0,0,0.00018260503,2,Muzyka
Add in the heart of the world to the Epic Gaming playlist,0,3,1,0.0011758171,2,Muzyka
Open Lastfm and play Hot Lips Page from the sixties,3,3,1,0.00017409929,2,Muzyka
add album to Feeling Blue,0,3,1,0.00013477678,2,Muzyka
Play While We Were Waiting by Sippie Wallace on Vimeo,3,3,1,0.00027307885,2,Muzyka
Play the greatest 1966 album out there,3,3,1,0.00012343544,2,Muzyka
book a restaurant not far from Municipal Borough of Ealing for today,1,0,0,0.000302101,2,Muzyka
Is it forecast to be chillier in Latvia ?,2,1,0,0.00016339721,2,Muzyka
How do I rate this book 4 stars?,4,2,0,0.0001318181,2,Muzyka
add Of Rivers and Religion to my sexy as folk playlist,0,3,1,0.00033805068,2,Muzyka
add Volver to my pop gaming playlist,0,3,1,0.00034195062,2,Muzyka
Play me a song by Hank Thompson from Moa Anbessa,3,3,1,0.00023436458,2,Muzyka
make a table reservation at the top-rated brasserie in Cotton Center,1,0,0,0.00016072905,2,Muzyka
add dwele to marguerite's eurovision 2016 playlist,0,3,1,0.00014445258,2,Muzyka
I want to hear a top five ballad from 2002,3,3,1,0.00022932308,2,Muzyka
I want to hear the soundtrack to The Platinum Rule,5,3,0,0.0001229654,2,Muzyka
Check the weather forecast for Biscay,2,1,0,0.0001812101,2,Muzyka
add spanish castle magic to Daily Lift,0,3,1,0.00019389162,2,Muzyka
Open Youtube and play Renaldo Lapuz record from the eighties,3,3,1,0.0001901727,2,Muzyka
Is Race Gurram playing,6,4,0,0.00019338289,2,Muzyka
Add Pimp C to my workout remix .,0,3,1,0.00039050926,2,Muzyka
I want to rate the saga The Italian two to 6 points .,4,2,0,0.00013092034,2,Muzyka
rate current album five,4,2,0,0.00014100406,2,Muzyka
I want maximilian mutzke added to Acoustic Concentration,0,3,1,0.00031535706,2,Muzyka
Play a song from 1950,3,3,1,0.00016836096,2,Muzyka
Open my music playlist on Youtube,3,3,1,0.00016043939,2,Muzyka
Add Welcome to the Cruel World to my Reggae Classics,0,3,1,0.00019621506,2,Muzyka
book spot for 1 at Town of Ramsgate in Merit,1,0,0,0.00021105516,2,Muzyka
"What's the weather forecast for Walsenburg , Vermont for July 13th ?",2,1,0,0.00015883584,2,Muzyka
Add artist to Latin Pop Hits,0,3,1,0.000117414165,2,Muzyka
Find the schedule for Chronicle of My Mother at the nearest cinema in 1 minute and 8 seconds .,6,4,0,0.00012809715,2,Muzyka
Play got to be free by Madeleine Peyroux,3,3,1,0.000119613,2,Muzyka
Add Welcome to the Cruel World to my Reggae Classics,0,3,1,0.00019621506,2,Muzyka
add this Ricardo Villalobos track to under the surface,0,3,1,0.00018488131,2,Muzyka
Is there a snowstorm in the forecast for El Cenizo,2,1,0,0.00017241124,2,Muzyka
"book a latin cuisine pub for 2 on September the 13th, 2037 in Kazakhstan",1,0,0,0.00022317209,2,Muzyka
add Funtwo to disco fever track,0,3,1,0.00019624099,2,Muzyka
play the video game The Sparrow,5,3,0,0.00014544929,2,Muzyka
Play Dj Scratch 's eighties music on Iheart .,3,3,1,0.00030465625,2,Muzyka
Play a 1983 ballad on Groove Shark .,3,3,1,0.0001419377,2,Muzyka
put Anna Grigorjewna Semenowitsch in all out 00s list,0,4,1,0.0021235785,2,Muzyka
add Koichi Sugiyama to WHM,0,3,1,0.0011674898,2,Muzyka
add track to my playslist this is Los Fabulosos Cadillacs,0,3,1,0.00020727467,2,Muzyka
Play the top five songs from Robert Lockwood Junior .,3,3,1,0.00020306604,2,Muzyka
"Tell me the weather forecast for eight AM in Reminderville , FL",2,1,0,0.00016275968,2,Muzyka
play Robin Trower Unravel,3,3,1,0.00011629818,2,Muzyka
Add this album to my pop playlist,0,3,1,0.00015527576,2,Muzyka
Add artist chris squire to my The Birth of Cool playlist,0,3,1,0.00018325352,2,Muzyka
"I want to book the distant downtown Tribeca Grill for august the twenty-third, 2025 for wilda and jacklyn",1,0,0,0.00019233397,2,Muzyka
add this track to llegando a casa,0,3,1,0.00016128416,2,Muzyka
What is the foreast for my current location,2,1,0,0.00018386338,2,Muzyka
I want to go see The Trouble with Girls,6,4,0,0.0008027005,2,Muzyka
Can you play a song from the fourties by George Martin,3,3,1,0.00015911275,2,Muzyka
Play the good sort of 1992 theme music by Layzie Bone,3,3,1,0.00011480464,2,Muzyka
"I want to send music to ann's lists from SIR John Winston Ono Lennon , put it on her Infinite Indie Folk list",0,3,1,0.00020966968,2,Muzyka
I want do you want to build a snowman in my Hip Hop 2017 New School playlist,0,3,1,0.00020597153,2,Muzyka
Play thirties on Lastfm,3,3,1,0.00018648611,2,Muzyka
The Young Lion saga gets a solid 4 points out of 6 .,4,2,0,0.00014162707,2,Muzyka
add robin trower to feminist friday playlist,0,3,1,0.00033642183,2,Muzyka
Is there a depression in Delta Junction,2,1,0,0.00018244928,2,Muzyka
"Is it hot in Gold Beach , Bahrain ?",2,1,0,0.0001710668,2,Muzyka
Play the top 1991 sound track,3,3,1,0.00012538882,2,Muzyka
use Deezer to play top five Moya Brennan,3,3,1,0.00016289472,2,Muzyka
Add this tune to my Bedroom Jams playlist,0,3,1,0.00012353006,2,Muzyka
I'd like to watch A Storm in the Stars at North American Cinemas,6,4,0,0.00016770503,2,Muzyka
I rate the book Time and Stars two points,4,2,0,0.0001391602,2,Muzyka
I want you to add the currently playing This Generation into my playlist called funtime activity,0,3,1,0.00029336673,2,Muzyka
play Itunes album mondovisione,3,3,1,0.00017731945,2,Muzyka
Play Les Pauvres Riches by Pan Mei Chen .,3,3,1,0.00015418611,2,Muzyka
Add Justin McRoberts to this is chopin,0,3,1,0.00041823866,2,Muzyka
Recite the movie schedule .,6,4,0,0.00014331075,2,Muzyka
I rate American History A Survey a 5,4,2,0,0.00013760563,2,Muzyka
Play the song Waar Is De Zon on Slacker,3,3,1,0.00014416083,2,Muzyka
Play new Ian Mclagan,3,3,1,0.0001292232,2,Muzyka
Add Bonga to the Black Sabbath The Dio Years playlist,0,3,1,0.00017010087,2,Muzyka
add farruko presenta los menores to my amor amor playlist,0,3,1,0.0003346656,2,Muzyka
add the artist Todd Snider to my Electro Latino playlist,0,3,1,0.0001535971,2,Muzyka
give me the movie times for Fox Theatres,6,4,0,0.0001283533,2,Muzyka
Book a reservation for one at a highly rated restaurant in Datil,1,0,0,0.00018668483,2,Muzyka
Play some contemporary christian on Groove Shark .,3,3,1,0.00024675735,2,Muzyka
add this artist to my Sinfonía Hipster,0,3,1,0.00012611144,2,Muzyka
listen to acapella,3,3,1,0.00014615133,2,Muzyka
Where can I buy a Barometer Clock,5,3,0,0.0002275015,2,Muzyka
Play a track from 1959 .,3,3,1,0.00016513171,2,Muzyka
book a spot at Rimsky-Korsakoffee House in Mackville,1,0,0,0.0002077559,2,Muzyka
Rate The Further Adventures of The Joker four stars,4,2,0,0.00014385789,2,Muzyka
add Karin Dreijer Andersson in Escapada album,0,3,1,0.00016620758,2,Muzyka
Add Eef Barzelay to the Trad Folk playlist.,0,3,1,0.0005069785,2,Muzyka
I want to add un jour dans notre vie to my list running to rock 170 to 190 bpm,0,4,1,0.00017308859,2,Muzyka
add Chris de Burgh in my playlist melancholia,0,3,1,0.00030659445,2,Muzyka
Add another song to my 88 keys playlist.,0,3,1,0.0002249684,2,Muzyka
Add nyoil to my this is prince playlist,0,3,1,0.00021616273,2,Muzyka
play Phil Spalding soundtrack from the seventies,3,3,1,0.00012563224,2,Muzyka
add i pledge allegiance to the grind to my Sinfonía Hipster playlist,0,3,1,0.00017231295,2,Muzyka
Put ares in my canadian country playlist,0,3,1,0.00025659177,2,Muzyka
Can you find the TV show So What,5,3,0,0.00012058429,2,Muzyka
Add wes scantlin song to my autumn,0,3,1,0.00014713196,2,Muzyka
play The Happiest Days Of Our Lives by Tommy Emmanuel,3,3,1,0.00013370744,2,Muzyka
Play music from Art Porter Junior movie sound track using Vimeo,3,3,1,0.0012863621,2,Muzyka
add rob tyner to betsy's We Everywhere,0,3,1,0.00016468005,2,Muzyka
Play sweet shanghai devil by Teddy Diaz .,3,3,1,0.00013711845,2,Muzyka
put Edwyn Collins onto my Trabajo Relax playlist,0,3,1,0.00018659813,2,Muzyka
The book the Gardens of the Moon deserves only 1 stars .,4,2,0,0.00013787346,2,Muzyka
add track to my life's short; play fast playlist,0,3,1,0.00013164015,2,Muzyka
Add Written in Red to my cleaning the house playlist.,0,3,1,0.00025205582,2,Muzyka
Where can I find a copy of I Bury the Living ?,5,3,0,0.00012957996,2,Muzyka
Play the thirties soundtrack by ghader abdollahzadeh on Youtube,3,3,1,0.00015661045,2,Muzyka
add my album to This Is Al Green,0,3,1,0.00013126468,2,Muzyka
Play the best Sebastian Karlsson melody on Youtube,3,3,1,0.00015034073,2,Muzyka
add tune to my Hype playlist,0,3,1,0.00014957607,2,Muzyka
Use Deezer to play music by Kimberley Walsh,3,3,1,0.0003300654,2,Muzyka
find TV series titled A Life in the Death of Joe Meek,5,3,0,0.00012129365,2,Muzyka
add this album by don reno to my playlist named indiespain,0,3,1,0.0001344884,2,Muzyka
What's the weather in Mountain Center,2,1,0,0.00014848576,2,Muzyka
Add artist to playlist Epic Gaming,0,3,1,0.00018308898,2,Muzyka
I'd like to put Ryō Yamazaki onto my sylvia plath playlist.,0,3,1,0.00032773847,2,Muzyka
add The Greyest of Blue Skies in Indie Español my playlist,0,3,1,0.00038402696,2,Muzyka
put live and rare into dancehall official,0,3,1,0.00012521635,2,Muzyka
Book a popular restaurant in New Jersey .,1,0,0,0.00024114618,2,Muzyka
Play Goldie Hill 's record on Google Music .,3,3,1,0.0003498565,2,Muzyka
Search for Live Forever The Rise and Fall of Brit Pop TV show,5,3,0,0.00012058823,2,Muzyka
What films are playing at the nearest movie theatre,6,4,0,0.0001285952,2,Muzyka
Add the artist verano to my michael mantler playlist.,0,3,1,0.00027580324,2,Muzyka
Need a booking for a party of five at a restaurant in French Polynesia,1,0,0,0.00020257839,2,Muzyka
Play some Jungle music on iheart,3,3,1,0.00017806726,2,Muzyka
Add live around the world to crossroad blues,0,3,1,0.0002412144,2,Muzyka
Play the song Drifting On A Reed by Bobby G,3,3,1,0.000107877466,2,Muzyka
I want to hear some psychedelic rock,3,3,1,0.00019401133,2,Muzyka
Need a table for a party of 3 in Laos at a Theme restaurant,1,0,0,0.00018141065,2,Muzyka
Can you make reservations for two people somewhere distant from Sutphin Blvd,1,0,0,0.00019857522,2,Muzyka
I want to listen to Speed Metal Symphony,3,3,1,0.0001299417,2,Muzyka
I would give The Northern Reaches a rating of one,4,2,0,0.0001292666,2,Muzyka
play Lastfm pop tunes,3,3,1,0.00012895219,2,Muzyka
Play Taiwan Is Good by Kotoko .,3,3,1,0.00021544621,2,Muzyka
Rate the current textbook one of 6 stars,4,2,0,0.0001461237,2,Muzyka
Where is the nearest cinema that is playing Pioneers of the West,6,4,0,0.00015072868,2,Muzyka
Play a nineties tune by Sugar Minott on Netflix,3,3,1,0.00014707509,2,Muzyka
"restaurant in Kuwait for seven , Mar. eighteenth, 2030",1,0,0,0.0003033656,2,Muzyka
Play industrial music.,3,3,1,0.0004444269,2,Muzyka
Play The New Retro playlist on Netflix .,3,3,1,0.0002576355,2,Muzyka
Play me Sun Ra songs from the fifties,3,3,1,0.00021315376,2,Muzyka
Play The Cherry-tree Carol by Edwin Mccain,3,3,1,0.00012317057,2,Muzyka
I want to add this tune by wheesung to my queen list,0,3,1,0.00017028442,2,Muzyka
Will there be a storm on Christmas Day in my current place ?,2,1,0,0.00020294194,2,Muzyka
Play Crazy=genius by The Alchemist,3,3,1,0.00012607392,2,Muzyka
Play something off my New Boots playlist,3,3,1,0.00015965586,2,Muzyka
Add the track to the Best Metal of the New Millennium playlist.,0,3,1,0.00030107447,2,Muzyka
Play Disco Tango to Power Walk,0,3,1,0.000118527736,2,Muzyka
Give me the weather forecast in Zimbabwe .,2,1,0,0.00017325529,2,Muzyka
Show me a forecast for Malaysia,2,1,0,0.0001886111,2,Muzyka
Play Who Knows Where The Time Goes ? by Grigory Leps,3,3,1,0.00014680404,2,Muzyka
Play The Birds And The Bees by Ceca .,3,3,1,0.00013581707,2,Muzyka
Is Millions in the Air playing at the cinema,6,4,0,0.00013567017,2,Muzyka
Book a brasserie in Samoa for four people.,1,0,0,0.00021333944,2,Muzyka
play the most popular Miles Jones track,3,3,1,0.00014124422,2,Muzyka
play a ballad by Bob Johnston,3,3,1,0.0001402614,2,Muzyka
Wish to hear music from the year 1996,3,3,1,0.00016057926,2,Muzyka
book a table this evening in Saint Vincent and the Grenadines at a gastropub,1,0,0,0.0002265966,2,Muzyka
show me Chasing a Feeling painting,5,3,0,0.00014644588,2,Muzyka
Lets hear some 2009 music,3,3,1,0.00014471795,2,Muzyka
Play the latest ep from Lobby Loyde on Netflix,3,3,1,0.00019448083,2,Muzyka
Play me a 1958 adam yauch concerto on Groove Shark,3,3,1,0.0002541487,2,Muzyka
Place Raise Your Fist onto year in metal 2016 .,0,3,1,0.0033483696,2,Muzyka
add this album to my party with friends,0,3,1,0.00016019544,2,Muzyka
Play the soundtrack that Tom Bellamy contributed to,3,3,1,0.00013037962,2,Muzyka
Rate the current novel four out of 6 points,4,2,0,0.00014322733,2,Muzyka
Play the song vodka by Kunal Ganjawala on Itunes,3,3,1,0.00015451308,2,Muzyka
I give The Penalty three stars,4,2,0,0.00012738643,2,Muzyka
Add maki ohguro to the rock hard playlist,0,3,1,0.00019200362,2,Muzyka
For my Crossfit playlist add The Soul Sessions Volume 2,0,3,1,0.00016008381,2,Muzyka
Play the greatest melody from Paul Wright on Pandora,3,3,1,0.00015345377,2,Muzyka
"I want to hear Aki Nawaz , play the song fair annie .",3,3,1,0.00014829276,2,Muzyka
I need to reserve a seat for one in SD at a brasserie restaurant .,1,0,0,0.00018104426,2,Muzyka
Play 25 To Life by Paul Riley on Deezer .,3,3,1,0.00019888324,2,Muzyka
add this artist to FIFA 17 Soundtrack,0,3,1,0.00017785397,2,Muzyka
Add the name Shall We Dance to playlist Rock,0,3,1,0.00013455657,2,Muzyka
rate the next book 0 of 6,4,2,0,0.00014100561,2,Muzyka
Can you play something off my Kids Workout playlist on Groove Shark,3,3,1,0.00017637062,2,Muzyka
"I'd like a reservation at a place in Iran for neva, alice and maggie parker .",1,0,0,0.0001737694,2,Muzyka
Rate this textbook 2 stars out of 6,4,2,0,0.00013861715,2,Muzyka
Find me a table at a delicatessen in Urbanette that serves rabbit pie,1,0,0,0.00017895352,2,Muzyka
Add Hallucinations of Despair to my this is trey songz playlist.,0,3,1,0.00047081342,2,Muzyka
Play Dancing Through Life by Ronald Isley on spotify,3,3,1,0.00018702852,2,Muzyka
Add a tune to my this is marc anthony playlist,0,3,1,0.00014538747,2,Muzyka
put this track on my infinite indie folk playlist,0,3,1,0.00016332872,2,Muzyka
add artist to my playlist primavera sound 2016 barcelona,0,3,1,0.00018798737,2,Muzyka
what is the forecast for here at tea time,2,1,0,0.00014547142,2,Muzyka
I want to add a song to the sunshine reggae playlist.,0,3,1,0.00018436479,2,Muzyka
Get me a table for 5 at a restaurant which serves south tyrolean .,1,0,0,0.00018017634,2,Muzyka
I need a schedule for the cinema that is showing The Shiralee,6,4,0,0.00013661715,2,Muzyka
Play new music from Liang Wern Fook,3,3,1,0.0001537012,2,Muzyka
Play some 1999 symphony from Minami Takahashi,3,3,1,0.00013228167,2,Muzyka
Play the album Have Another Ball,3,3,1,0.00012723928,2,Muzyka
please add this Rex Griffin tune to the Steampunk playlist,0,3,1,0.00017184223,2,Muzyka
find Boyish Story,5,3,0,0.0003794931,2,Muzyka
Play any chant from 1973,3,3,1,0.00015927979,2,Muzyka
Add como un tatuaje to my hits of the 70s playlist,0,3,1,0.0002456751,2,Muzyka
Add another MC chris track to my Blues Roots playlist.,0,3,1,0.00027528414,2,Muzyka
I want to take my mom and I to the tea house,1,0,0,0.00034398455,2,Muzyka
What is the weather in Sint Maarten,2,1,0,0.0001565247,2,Muzyka
Play the top twenty Hisham Abbas on Youtube,3,3,1,0.00014909603,2,Muzyka
Can you add a eviatar banai album to my tgif playlist,0,3,1,0.00016527265,2,Muzyka
Open Netflix and play Kan Man Gifta Sig I Jeans ?,3,3,1,0.0005372377,2,Muzyka
add olympia 1959 to from the delta to chicago,0,3,1,0.004307015,2,Muzyka
Book the Fashion Café for elevenses .,1,0,0,0.00020202513,2,Muzyka
Play Always Pop Punk .,3,3,1,0.000120795674,2,Muzyka
find films scheudle in the neighborhood at 2,6,4,0,0.0001308745,2,Muzyka
Play me some Badass Women on Groove Shark,3,3,1,0.00013484407,2,Muzyka
play Shake Your Head,3,3,1,0.00013062869,2,Muzyka
Add album to my French N' Heavy list,0,3,1,0.00019327566,2,Muzyka
Add Falcon to the Top Tracks in Metal playlist.,0,3,1,0.0006629261,2,Muzyka
Add the album to rosanna's ejercicio playlist.,0,3,1,0.0002614886,2,Muzyka
add keltech to my 70s road trip playlist,0,3,1,0.0002464182,2,Muzyka
Add Cleo Laine to psychedelic rock,0,3,1,0.00016417725,2,Muzyka
Play the most popular Coti songs on Pandora,3,3,1,0.00015600289,2,Muzyka
Is it going to rain here ?,2,1,0,0.0001669405,2,Muzyka
Play the last ep from 1999,3,3,1,0.00018929697,2,Muzyka
play the newest sound track from the thirties,3,3,1,0.00020506622,2,Muzyka
add Yoshiki to the 35 Soul Classics 1970 to 1975 playlist,0,3,1,0.00033199176,2,Muzyka
"Play me track September, Gouden Roos by artist daedelus",3,3,1,0.00018710426,2,Muzyka
play ambient music,3,3,1,0.00021938227,2,Muzyka
Put a Bunky Green tune into the Phunkadelic playlist.,0,3,1,0.0002524373,2,Muzyka
play music by Charlie Adams from 1954,3,3,1,0.00013654988,2,Muzyka
add Billy Martin album to my legendary guitar solos playlist,0,3,1,0.00016120361,2,Muzyka
Can you add something by Vikki Thorn to my lo mejor de los 80's playlist,0,3,1,0.00027839097,2,Muzyka
find the show Go with the Flow,5,3,0,0.00012022489,2,Muzyka
What aree the weather conditions not far from Poneto,2,1,0,0.00016008058,2,Muzyka
Will there be a blizzard in Chapel Point State Park or in the same area,2,1,0,0.0001664559,2,Muzyka
play Chance Of A Lifetime on Zvooq,3,3,1,0.000120547316,2,Muzyka
book a spot at Colony,1,0,0,0.00018864809,2,Muzyka
Let's hear stuff from Andrew Hewitt .,3,3,1,0.00030333636,2,Muzyka
Play some John Oates on Youtube .,3,3,1,0.0005555271,2,Muzyka
Play me the show House of Stairs,5,3,0,0.00012637652,2,Muzyka
Add this album to holly's bandas sonoras playlist,0,3,1,0.00017893716,2,Muzyka
Play a song from my workout playlist on Groove Shark,3,3,1,0.0001603351,2,Muzyka
add this tune to my fresh finds hiptronix playlist,0,3,1,0.00013917159,2,Muzyka
Make a reservation far away at The Spotted Pig in SD .,1,0,0,0.00017743408,2,Muzyka
Book me a table at a romanian brasserie in Rixford,1,0,0,0.00018628042,2,Muzyka
Book a reservation for bettye and lakeisha jimenez at a bar,1,0,0,0.00018829173,2,Muzyka
Play anything from Hiromitsu Agatsuma off iHeart .,3,3,1,0.00016674004,2,Muzyka
Give the current album 0 out of 6 stars,4,2,0,0.00014484434,2,Muzyka
Play Party Anthems,3,3,1,0.00014988825,2,Muzyka
what is the nearby forecast for here at 152611,2,1,0,0.00016101959,2,Muzyka
"What will the weather be in KY on Oct. 16, 2036 ?",2,1,0,0.00016858282,2,Muzyka
What is the weather forecast for my current place ?,2,1,0,0.00016149398,2,Muzyka
I'd like to eat at The Firehouse Restaurant,1,0,0,0.00017606608,2,Muzyka
add zamiast burzy to Phunkadelic,0,3,1,0.00033250553,2,Muzyka
Add this tune to the Heavy Gamer playlist.,0,3,1,0.00018080563,2,Muzyka
what films are showing at Century Theatres,6,4,0,0.00012598651,2,Muzyka
give three points to current book,4,2,0,0.00013950073,2,Muzyka
add vl mike to my Dcode2016 playlist,0,3,1,0.00026804124,2,Muzyka
Play the music of Tupac Shakur,3,3,1,0.00013809693,2,Muzyka
Play some sixties on netflix,3,3,1,0.0001674083,2,Muzyka
I want to add Indestructible to my playlist a mis niños de 30,0,3,1,0.00029872413,2,Muzyka
play an Masaki Aiba tune,3,3,1,0.00013203555,2,Muzyka
give 2 stars to Mulligan Stew series,4,2,0,0.00014011361,2,Muzyka
Show me the album Andrews University Seminary Studies,5,3,0,0.00012320693,2,Muzyka
Play slow rock music on Vimeo,3,3,1,0.00026996658,2,Muzyka
Add louis nelson delisle to the pulse of americana,0,3,1,0.00016504062,2,Muzyka
I am looking for a work called Carry You Home,5,3,0,0.00013179463,2,Muzyka
add this album to my just dance by aftercluv playlist,0,3,1,0.00015313896,2,Muzyka
Which animated movies are playing in the neighbourhood ?,6,4,0,0.00012091687,2,Muzyka
my feelin' good playlist needs some Mai Selim in it.,0,3,1,0.00048672865,2,Muzyka
Can you add a song by Bill Frisell to my Top Latin Alternative playlist,0,3,1,0.00013421,2,Muzyka
Play Before I Grew Up To Love You by Wafah Dufour,3,3,1,0.00013342343,2,Muzyka
book a table for one in a bar serving saucisse for meal in Calistoga CO,1,0,0,0.00018731381,2,Muzyka
what are the movietimes for films in the neighbourhood,6,4,0,0.00012128146,2,Muzyka
Play me something from the thirties by Candi Staton on Vimeo,3,3,1,0.00022591247,2,Muzyka
play Zvooq,3,3,1,0.00011760356,2,Muzyka
Will it hail in Villa,2,1,0,0.00014675425,2,Muzyka
Add this tune to my Rockabilly Mania,0,3,1,0.00013398514,2,Muzyka
play pandora,3,3,1,0.00011986883,2,Muzyka
add Daedelus to my Lazy Chill Afternoon,0,3,1,0.00016552993,2,Muzyka
I want to hear the new Vasilis Tsitsanis ep,3,3,1,0.000118474134,2,Muzyka
Play some Erin Harkes from the fifties on Lastfm .,3,3,1,0.0004257082,2,Muzyka
Play me a 1990 sound track,3,3,1,0.0001557434,2,Muzyka
What are the movie times at Caribbean Cinemas,6,4,0,0.0001288565,2,Muzyka
Play the best 1981 sound track from Ric Fierabracci,3,3,1,0.00015631565,2,Muzyka
play some Bertine Zetlitz record,3,3,1,0.000117018964,2,Muzyka
Add Tarja Turunen to my Lo mejor de Radio 3 playlist,0,3,1,0.00024710776,2,Muzyka
What are the movie schedules for the Dipson Theatres,6,4,0,0.00012295539,2,Muzyka
play Peja tunes,3,3,1,0.00013813395,2,Muzyka
Play top Rosanne Cash,3,3,1,9.944165e-05,2,Muzyka
book a spot at a pub that has trottole for their meal,1,0,0,0.00018319076,2,Muzyka
Is there supposed to be snowfall at zero o'clock at Parc national Alerce Andino or anywhere distant,2,1,0,0.00015485224,2,Muzyka
Add ilse delange to my journey playlist,0,3,1,0.00023197872,2,Muzyka
Add what if we were real to my Ultimate 80s playlist,0,3,1,0.00037644242,2,Muzyka
Play Divine from Vinnie Roslin,3,3,1,0.00013398379,2,Muzyka
PLay a track by deeyah khan .,3,3,1,0.00013386615,2,Muzyka
Play the album Shooting Silvio by Dave Sabo,3,3,1,0.00010936424,2,Muzyka
Is there rain in Nauru at 6 am,2,1,0,0.00014979494,2,Muzyka
add track to dance playlist,0,3,1,0.0001523904,2,Muzyka
rate this novel a two,4,2,0,0.00013660081,2,Muzyka
add jason webley to Classical Intimate Dinner playlist,0,3,1,0.00022211854,2,Muzyka
play Courting The Squall on Slacker,3,3,1,0.000116613635,2,Muzyka
Play music on Last Fm,3,3,1,0.00017896963,2,Muzyka
Add brad kane to the Pumping Iron soundtrack.,0,3,1,0.00019415989,2,Muzyka
"I'd like to watch movies around here , can I see the movie schedules",6,4,0,0.00012809774,2,Muzyka
I want to add this bon scott song to my Post-grunge list,0,3,1,0.00026386508,2,Muzyka
add tune to women of pop playlist,0,3,1,0.00015949066,2,Muzyka
Add album to virales de siempre,0,3,1,0.00016805613,2,Muzyka
Play a record from the year 1979,3,3,1,0.00013889658,2,Muzyka
Play Talking To The Universe on Itunes,3,3,1,0.00020326031,2,Muzyka
What is the movie schedule for Train,6,4,0,0.00014640916,2,Muzyka
Put a molly mcguire album in my metal talks kreator playlist.,0,3,1,0.00016263123,2,Muzyka
What films are playing at 1 PM at Showcase Cinemas,6,4,0,0.00012821896,2,Muzyka
Please play a movement from george formby jr .,3,3,1,0.00018078423,2,Muzyka
Is it cloudy in Vermont on 063026 pm,2,1,0,0.00016532282,2,Muzyka
I want a Mi Lu Bing song in my Pop Dance playlist.,0,3,1,0.00019920568,2,Muzyka
What time is The Night Before the Premiere playing at the movie house,6,4,0,0.00012438976,2,Muzyka
Play some Robbie Merrill .,3,3,1,0.00016461867,2,Muzyka
Play some Matthew Sweet music from around 1996 on Spotify,3,3,1,0.00022587068,2,Muzyka
Put jiro in my clásicos del hip hop español playlist.,0,3,1,0.00046404498,2,Muzyka
add the track by Paul Gray to my 2010s smash hits playlist,0,3,1,0.00015017958,2,Muzyka
Please play a 1997 record .,3,3,1,0.00014488054,2,Muzyka
add this album to rock en español,0,3,1,0.00019039105,2,Muzyka
Play a 2013 song on Groove Shark,3,3,1,0.00015741994,2,Muzyka
Look up Applied Linguistics,5,3,0,0.00014180134,2,Muzyka
Play the seventies album on last fm,3,3,1,0.000105786916,2,Muzyka
rate the current novel a 2,4,2,0,0.00014619414,2,Muzyka
Book a restaurant with parking for three people.,1,0,0,0.00019493054,2,Muzyka
Add an artist to Jukebox Boogie Rhythm & Blues,0,3,1,0.00011105409,2,Muzyka
what time is Twin Peaks Fire Walk with Me showing,6,4,0,0.00020023987,2,Muzyka
play the greatest Vimeo tunes by angelo amorevoli on soundtrack,3,3,1,0.00014386361,2,Muzyka
add steve albini album to my psychedelic rock playlist,0,3,1,0.00019269846,2,Muzyka
Add the name The 3rd World to the playlist Rock Me UP,0,3,1,0.00015018135,2,Muzyka
I'd like to eat at the best southeastern brazilian restaurant with five people,1,0,0,0.00017960827,2,Muzyka
find animated movies around here,6,4,0,0.00013319477,2,Muzyka
What time is The Bride Wore Boots playing,6,4,0,0.00015980647,2,Muzyka
Add Julia Fordham to the Massive Soca Hits playlist.,0,3,1,0.00029212295,2,Muzyka
Please rate the current textbook 2 stars,4,2,0,0.00013902475,2,Muzyka
CAn I get the the showtimes for The Jade Faced Assassin cinema ?,6,4,0,0.00012354151,2,Muzyka
Fine movie times for animated movies in the neighborhood .,6,4,0,0.0001195226,2,Muzyka
Play me a symphony by Ricky Bell,3,3,1,0.00013568999,2,Muzyka
put artist Harry Burleigh on classical new releases spotify picks,0,3,1,0.0002400516,2,Muzyka
Rate Wielding a Red Sword 0 stars,4,2,0,0.00014128153,2,Muzyka
Play a popular chant by Brian Epstein,3,3,1,0.00013890765,2,Muzyka
Please play music from Itunes,3,3,1,0.00014755085,2,Muzyka
add A-Hunting We Will Go to the Emily Dickinson playlist,0,3,1,0.000163369,2,Muzyka
add this track to my Dinnertime Acoustics playist,0,3,1,0.00015770986,2,Muzyka
Add this song to my fairy tales,0,3,1,0.00016225106,2,Muzyka
Find an album called Preminchi Choodu .,5,3,0,0.0001419344,2,Muzyka
Book a reservation for a trentino restaurant in Kansas,1,0,0,0.0001992701,2,Muzyka
Rate the current textbook four out of 6,4,2,0,0.00014155854,2,Muzyka
Add Exit to i love my 80's rollerdisco list,0,3,1,0.00020828508,2,Muzyka
Give me a link to the saga called Copper – Justice is brutal,5,3,0,0.0001354227,2,Muzyka
play the top jazz record from 1951,3,3,1,0.00023137039,2,Muzyka
What time will the Amco Entertainment be plying The Teeth of the Tiger,6,4,0,0.00016652564,2,Muzyka
Find the movie schedule for Pacific Theatres .,6,4,0,0.00012415767,2,Muzyka
"Play the playlist, Hardstyle, Baby .",3,3,1,0.00018075298,2,Muzyka
Play music from Clark Kent in the year 1987,3,3,1,0.00017087109,2,Muzyka
Play some Avantgarde music on Netflix .,3,3,1,0.0009269171,2,Muzyka
Play some Mark Tremonti from the thirties .,3,3,1,0.0001611752,2,Muzyka
Play sixties on Spotify,3,3,1,0.00016455751,2,Muzyka
Add the current artist to my sxsw latin,0,3,1,0.00017012889,2,Muzyka
Play soundtrack by Armand Van Helden,3,3,1,0.000108399436,2,Muzyka
Find A World Apart .,5,3,0,0.00022782126,2,Muzyka
Go to Itunes and play Dr. Lecter by David Hodges,3,3,1,0.00030096027,2,Muzyka
find Now and Forever,6,3,0,0.0002045288,2,Muzyka
add the tune to the Indie Workout playlist,0,3,1,0.00013822691,2,Muzyka
Will it snowstorm in Lampi Island Marine National Park ?,2,1,0,0.00017123738,2,Muzyka
whats the nearest movie house showing animated movies,6,4,0,0.00012672496,2,Muzyka
Play me the most popular Lillian Hardin song on Itunes,3,3,1,0.00015769269,2,Muzyka
Use the service Itunes to play melody from 1998,3,3,1,0.00026493048,2,Muzyka
What will the temperature be at midnight in NE,2,1,0,0.00014099629,2,Muzyka
Add Magnifico to michele's playlist called 88 keys .,0,3,1,0.00024461575,2,Muzyka
Rate the current novel 5 of 6,4,2,0,0.00014640903,2,Muzyka
add song in my playlist Dance Workout,0,3,1,0.0001703499,2,Muzyka
add song to my eletro br playlist,0,3,1,0.00017434923,2,Muzyka
Play a 1978 track on Slacker,3,3,1,0.00013268177,2,Muzyka
play something from 1981,3,3,1,0.0001197276,2,Muzyka
Add an album to my Sylvia Plath playlist.,0,3,1,0.00020567264,2,Muzyka
add this song to Country Coffeehouse,0,3,1,0.00012660799,2,Muzyka
Play Rap Album One by Gene Vincent .,3,3,1,0.0001816669,2,Muzyka
Add the album to my Club Hits playlist.,0,3,1,0.00018727352,2,Muzyka
Add javine hylton to my evening playlist,0,3,1,0.00020442174,2,Muzyka
rate current album 0 stars,4,2,0,0.00014252927,2,Muzyka
Play 2gether by Jade Puget,3,3,1,0.00013500419,2,Muzyka
add abacab to beryl's party on fridays playlist,0,3,1,0.0007710202,2,Muzyka
forecast for Samoa next sat.,2,1,0,0.00015289857,2,Muzyka
add the artist Choclair to La mejor música de BSO,0,3,1,0.00012525286,2,Muzyka
I want this tune on my Most Necessary playlist,0,3,1,0.00014441612,2,Muzyka
Find the App Store,5,3,0,0.00018710525,2,Muzyka
weather in Tioga Colorado,2,1,0,0.00017089865,2,Muzyka
I want to listen to my Spain Top 50 playlist on groove shark,3,3,1,0.00020421689,2,Muzyka
Play a song off Ian Stuart Donaldson 's Nature Nurture album on Itunes,3,3,1,0.00015741376,2,Muzyka
Where can I locate the game Legion of Mary The Jerry Garcia Collection,5,3,0,0.0001267253,2,Muzyka
add this annabella lwin track to Indie Alternativa,0,3,1,0.00015331767,2,Muzyka
Add LaGaylia Frazier to my emotron,0,3,1,0.00027341387,2,Muzyka
Add a tune by Louis Wolfe Gilbert to my cleaning playlist,0,3,1,0.000188978,2,Muzyka
show He Who Fears the Wolf creative photograph,5,3,0,0.00016083095,2,Muzyka
add Gary Lachman track to jazz for loving couples playlist,0,3,1,0.00022612193,2,Muzyka
What will the weather be doing at midnight in Brazil ?,2,1,0,0.00016008018,2,Muzyka
Play A Sudden Rainstorm playlist.,3,3,1,0.00018395302,2,Muzyka
Play Lukasz Gottwald album on Zvooq,3,3,1,0.000111934896,2,Muzyka
play melody music from the thirties,3,3,1,0.00013792186,2,Muzyka
add a shot at glory to calm before the storm,0,4,1,0.0010631256,2,Muzyka
Please help me search The Banker television show .,5,3,0,0.00016611046,2,Muzyka
add alexandra govere to my anochecer urbano playlist,0,3,1,0.00021416508,2,Muzyka
add Runaljod gap var Ginnunga to ashlee's playlist titled forever country,0,3,1,0.00017618913,2,Muzyka
play deezer top 20 by Natasja,3,3,1,0.00012942613,2,Muzyka
Find a saga called Story of My Life .,5,3,0,0.00014602016,2,Muzyka
i want to see I Dream of Jeanie in a movie theatre,6,4,0,0.0001659037,2,Muzyka
play twenties tunes,3,3,1,0.00012550973,2,Muzyka
Can you give me the forecast for Osgood,2,1,0,0.00016291886,2,Muzyka
Incorporate a russel walder track onto gay's Funk Rock playlist.,0,3,1,0.0002187002,2,Muzyka
Check the forecast for Orson for around 9 PM,2,1,0,0.00016499763,2,Muzyka
can you add xanadu to Latin Alternative Music,0,3,1,0.00027781405,2,Muzyka
I need a table for 8 during midday in Montana,1,0,0,0.00030097735,2,Muzyka
Can you please assign two points to the White Niggers of America chronicle ?,4,2,0,0.00015134606,2,Muzyka
rate Of Old Hearts and Swords a 0,4,2,0,0.0001362664,2,Muzyka
put coming back to life onto winter music,0,3,1,0.00016982466,2,Muzyka
Add this lbc crew tune to my Rock Argentino Vol I playlist,0,3,1,0.0001264172,2,Muzyka
Please play something good from U-roy .  Any song from 1975 on Zvooq will do.,3,3,1,0.00015715927,2,Muzyka
Add d roc the executioner to my This Is Zezé Di Camargo & Luciano playlist.,0,3,1,0.0002737849,2,Muzyka
Can you get me seating for a party of 5,1,0,0,0.0001929593,2,Muzyka
Add no prejudice to 90s Indie,0,3,1,0.00018120742,2,Muzyka
Book a table for two for this autumn,1,0,0,0.00018737391,2,Muzyka
give 3 points to current textbook,4,2,0,0.00014266903,2,Muzyka
Check the forecast for Natchaug State Forest,2,1,0,0.0001817431,2,Muzyka
Add a yesudas song in my piano chill playlist.,0,3,1,0.0003332643,2,Muzyka
Add The Rebirth of Kirk Franklin to the Fiesta playlist.,0,3,1,0.00043511932,2,Muzyka
play The Trail Of The Lonesome Pine on Netflix,3,3,1,0.00015028685,2,Muzyka
book spot for two at City Tavern,1,0,0,0.0001971382,2,Muzyka
Is The Man Who Won playing at 6 P.M. ?,6,4,0,0.00014816693,2,Muzyka
add track to my playlist a sudden rainstorm,0,3,1,0.00017065318,2,Muzyka
Play Tooh by Eric Bazilian on Google Music .,3,3,1,0.000353946,2,Muzyka
Can ten green bottles be added to brooklyn beat ?,0,0,1,0.004475904,2,Muzyka
FInd trailer for Iraq for Sale The War Profiteers,5,3,0,0.0001260933,2,Muzyka
add song to Sleepytime,0,3,1,0.00012760141,2,Muzyka
Put this agent m tune onto de cantautor español .,0,3,1,0.00018689489,2,Muzyka
play To Be Still,3,3,1,0.0001080417,2,Muzyka
play a 1999 track by Pete Seeger on Youtube,3,3,1,0.00015301783,2,Muzyka
Where to get painting of Channel 4 News,5,3,0,0.00026372742,2,Muzyka
Play the greatest soundtrack by Nhat Son on Last Fm .,3,3,1,0.00014884821,2,Muzyka
Play the TV series Effortless Regurgitation of Bright Red Blood,5,3,0,0.00014221737,2,Muzyka
play Latina,3,3,1,0.00011191596,2,Muzyka
give 3 out of 6 points to current novel,4,2,0,0.00014232138,2,Muzyka
play Ebony Bones on Itunes,3,3,1,0.00018940536,2,Muzyka
Play Tad Kinchla soundtrack,3,3,1,0.000111949186,2,Muzyka
Play a melody by avery storm .,3,3,1,0.00015802193,2,Muzyka
Is it humid in Charenton,2,1,0,0.00016678052,2,Muzyka
Where to buy book Charlie Countryman deve morire,5,3,0,0.0004914324,2,Muzyka
I want to hear Techno-industrial music.,3,3,1,0.0004283298,2,Muzyka
Where can I see the show Kind of Glue ?,5,3,0,0.00019409042,2,Muzyka
book a table for me and belinda serving minestra in a bar,1,0,0,0.00018374235,2,Muzyka
Find movie schedules for ArcLight Hollywood .,6,4,0,0.00012734528,2,Muzyka
Play Stereo by Jonathan Davis on Deezer .,3,3,1,0.00025792522,2,Muzyka
find The Watcher at United Paramount Theatres,6,4,0,0.00012033193,2,Muzyka
Give me the showtime for Bobby Yeah playing at the cinema,6,4,0,0.00012921875,2,Muzyka
"What will the temperature be like at Fort Point, San Francisco the day after tomorrow",2,1,0,0.00015729126,2,Muzyka
Add the artist to the nuclear blast novelties playlist.,0,3,1,0.00027876205,2,Muzyka
"Add a tune to patrica's playlist, The Rhythm",0,3,1,0.00019301538,2,Muzyka
add the album to the metalcore playlist,0,3,1,0.00021322367,2,Muzyka
add tune to Morning Rhythm playlist,0,3,1,0.00018370894,2,Muzyka
Open the playlist from Sergei Chatschatrjan,3,3,1,0.00016619988,2,Muzyka
play There Must Be More To Life Than This,3,3,1,0.00014556079,2,Muzyka
Book a table for six around yolanda's apartment .,1,0,0,0.0001978831,2,Muzyka
The workout playlist needs more chris cross,0,3,1,0.00012474276,2,Muzyka
Play the Instrumental Study on Vimeo .,3,3,1,0.00018258294,2,Muzyka
Play music from 2010 by Jason Donovan,3,3,1,0.0001281018,2,Muzyka
book a table for chasity and I in Vanuatu,1,0,0,0.0002520662,2,Muzyka
Please add a tune by kaori utatsuki to my Korean OSTs playlist,0,3,1,0.00017570425,2,Muzyka
Play Justin Broadrick 's music on Slacker .,3,3,1,0.000262947,2,Muzyka
Add Paul Young to my Retrovisor,0,3,1,0.0002944268,2,Muzyka
add this wayne raney tune to my this is kudai,0,3,1,0.000120522025,2,Muzyka
Add Mel Draisey tomy 80s Classic Hits playlist.,0,3,1,0.00033741587,2,Muzyka
book a table with wifi in Delaware at a restaurant in one minute,1,0,0,0.00022203007,2,Muzyka
Play music from Carina Round,3,3,1,0.0001342896,2,Muzyka
add Teddy Boy to my Irish Folk – Jigs & Reels playlist,0,3,1,0.00020838443,2,Muzyka
play some Kansas Joe Mccoy,3,3,1,0.00012351054,2,Muzyka
Please play Casino Boogie,3,3,1,0.00018795593,2,Muzyka
Play a Loretta Lynn tune on Groove Shark,3,3,1,0.000121463265,2,Muzyka
What are the movie times for films playing nearby,6,4,0,0.00012623525,2,Muzyka
I need to book a table at a food court in NH that serves smelt,1,0,0,0.00017887556,2,Muzyka
put the artist michael todd in my Afternoon Train Ride list,0,3,1,0.00018720732,2,Muzyka
This current book deserves 1 points,4,2,0,0.00014301695,2,Muzyka
Can you play a sound track from 1963 ?,3,3,1,0.00017385664,2,Muzyka
I wanna hear something on Spotify by Eddie Vinson,3,3,1,0.000109870365,2,Muzyka
Play the energic Itunes,3,3,1,0.00014586849,2,Muzyka
what time is The Bodyguard at Malco Theatres playing,6,4,0,0.00013356109,2,Muzyka
add artist to my friendesemana playlist,0,3,1,0.00019441337,2,Muzyka
put this song by rayvon on my all out 80s playlist,0,3,1,0.0001608592,2,Muzyka
Add to my verano list a song by andy lee,0,3,1,0.00014272938,2,Muzyka
Add All Bad to the summer of love playlist.,0,3,1,0.00025945232,2,Muzyka
Look for the Editor & Publisher TV series,5,3,0,0.00013865335,2,Muzyka
Add feel the passion to my this is kudai playlist.,0,3,1,0.00045342755,2,Muzyka
rate First Man The Life of Neil A. Armstrong three of 6,4,2,0,0.00014864051,2,Muzyka
Play some music by Mark Heard .,3,3,1,0.0001581055,2,Muzyka
search for a photograph of Road Hogs,5,3,0,0.00014389916,2,Muzyka
Play instrumental pop,3,3,1,0.0001082896,2,Muzyka
What movie schedules start at sunset ?,6,4,0,0.00013011167,2,Muzyka
Play the most popular Puretone,3,3,1,0.0001102133,2,Muzyka
Is Convoy Busters playing,6,4,0,0.00018666853,2,Muzyka
Add Happy Holidays to my playlist called it's ok to like jazz,0,3,1,0.00023643975,2,Muzyka
add this album to my Throwback Thursday playlist,0,3,1,0.00013891423,2,Muzyka
"I want to send music to ann's lists from SIR John Winston Ono Lennon , put it on her Infinite Indie Folk list",0,3,1,0.00020966968,2,Muzyka
What is the weather like in Detroit,2,1,0,0.00015260253,2,Muzyka
Add entity eternally to playlist Lazy Chill Afternoon,0,3,1,0.00017637035,2,Muzyka
add tune to my metal crash course playlist,0,3,1,0.00014134738,2,Muzyka
Find me the soundtrack Live at the Greek Theatre,5,3,0,0.00013010751,2,Muzyka
What time is Beat the Devil coming on at Mann Theatres,6,4,0,0.00012871598,2,Muzyka
Please add Ruud Jolie to my playlist Guest List Polygon,0,3,1,0.00015571839,2,Muzyka
play Jeff Pilson on Youtube,3,3,1,0.00017048248,2,Muzyka
Book a table for one at the Bear Hotel in Peru,1,0,0,0.00019692417,2,Muzyka
add Unite and Win to my night out,0,3,1,0.00026707584,2,Muzyka
Add raz b to drive playlist,0,3,1,0.00032843865,2,Muzyka
Give a 4 star rating to Fear and Loathing on the Campaign Trail ’72,4,2,0,0.00013747138,2,Muzyka
Use Deezer to play the last song from Lee Dorrian,3,3,1,0.00014384196,2,Muzyka
Book a table for 8 people at Robinson House .,1,0,0,0.00020580286,2,Muzyka
Play any chanson,3,3,1,9.733452e-05,2,Muzyka
Can I hear tod ashley music from 1953 ?,3,4,1,0.00077011524,2,Muzyka
"Play music from jeremy taylor on the album Dormi Amore, La Situazione Non È Buona on Groove Shark",3,3,1,0.00013359587,2,Muzyka
Estelle should be on my spring playlist,0,3,1,0.00023495128,2,Muzyka
What's the weather in Swift River Reservation,2,1,0,0.00014533002,2,Muzyka
Can you play me the latest theme song by Warren Vache,3,3,1,0.00021961128,2,Muzyka
Show me the album Three Songs About Lenin,5,3,0,0.00015603905,2,Muzyka
Play track Cabbage by Keiji Haino,3,3,1,0.00017438836,2,Muzyka
Play a melody from Elmer Bernstein,3,3,1,0.0001750295,2,Muzyka
Play some indie music on spotify .,3,3,1,0.00033448735,2,Muzyka
Play a new symphony by Perfecto De Castro on Lastfm,3,3,1,0.00030454202,2,Muzyka
Add When You Come Back to the jazz for loving couples playlist.,0,3,1,0.0011211107,2,Muzyka
add this is status quo to teddy riley,0,3,1,0.00018643103,2,Muzyka
Let me listen to Rouhollah Khaleghi on deezer .,3,3,1,0.00043591377,2,Muzyka
Book a reservation for seven people at a highly rated restaurant that serves moroccan food in East Greenville,1,0,0,0.00018327814,2,Muzyka
Play music from 2005 by Justin Broadrick,3,3,1,0.00013164875,2,Muzyka
I want to hear Song For Adam,3,3,1,0.0001237673,2,Muzyka
Give this saga a 5 out of 6 rating.,4,2,0,0.00013895614,2,Muzyka
Play the greatest music you can find by Ari Herstand on Zvooq,3,3,1,0.00016785662,2,Muzyka
Play playlist riveting,3,3,1,0.00014066175,2,Muzyka
rate this book chronicle 1 points,4,2,0,0.0001465521,2,Muzyka
Show me the schedule for ArcLight Hollywood for only animated movies,6,4,0,0.000120928795,2,Muzyka
Is the weather colder in Costa Rica,2,1,0,0.00017944981,2,Muzyka
Please add carmel to my lunchtime playlist.,0,3,1,0.00029353605,2,Muzyka
Add Frank Beard to my latin pop classics playlist.,0,3,1,0.0004574452,2,Muzyka
Play The Happy Blues by Ronnie Wood .,3,3,1,0.00010709746,2,Muzyka
What will the weather be in Monument of Lihula on december the 5th ?,2,1,0,0.00015038272,2,Muzyka
Add Heart Like a Hurricane to digster soul classics,0,3,1,0.00021137709,2,Muzyka
Find me the movie schedules at Fox Theatres,6,4,0,0.00012355612,2,Muzyka
Play Ramakadha by Karl Davydov please,3,3,1,0.000111718626,2,Muzyka
Play my Under The Surface playlist.,3,3,1,0.00018906158,2,Muzyka
Play The Lamentation Of Cloris,3,3,1,0.000105365485,2,Muzyka
Add suffer little children to this is racionais mc's playlist,0,3,1,0.0003964793,2,Muzyka
Please play some music from the seventies movement,3,3,1,0.00013590636,2,Muzyka
Play opera music on google music,3,3,1,0.0002792706,2,Muzyka
put this tune onto my party through the decades playlist,0,3,1,0.00012087925,2,Muzyka
I want to hear Major Harris 's songs from the fifties,3,3,1,0.00018736365,2,Muzyka
What is the closest movie theatre that is playing Moment to Moment ?,6,4,0,0.00013113057,2,Muzyka
add dave carpenter to my Acoustic Blues playlist,0,3,1,0.0002761783,2,Muzyka
I need another artist in the New Indie Mix playlist.,0,3,1,0.0001715658,2,Muzyka
Play some music on Itunes,3,3,1,0.00018502034,2,Muzyka
what is the weather like in Texas,2,1,0,0.00015067738,2,Muzyka
"book a table for Sep. the second, 2020 at a highly rated place for me and my baby at a joint serving cambodian",1,0,0,0.00018339184,2,Muzyka
Book a table for 5 at a pub during my Macedonia trip that serves czech food.,1,0,0,0.00018177458,2,Muzyka
add the track to my playlist with the title showstopper being mary jane,0,3,1,0.0001335774,2,Muzyka
Play some chant from 1974,3,3,1,0.00016164234,2,Muzyka
Add this artist to this is Rosana,0,3,1,0.0001262296,2,Muzyka
Play a song by Tim Finn on Last Fm,3,3,1,0.00012501184,2,Muzyka
I want to book a food truck for seven people in the Republic of the Congo .,1,0,0,0.00023913196,2,Muzyka
Add big generator to my Country Icon playlist,0,3,1,0.00023135346,2,Muzyka
Add a song to the para dormir playlist.,0,3,1,0.00025392507,2,Muzyka
Can I put this tune onto my sin estrés playlist?,0,3,1,0.00017693301,2,Muzyka
What time will the movie house be showing On the Beat,6,4,0,0.00012634326,2,Muzyka
Play some Iris Dement 's theme based 2015 music on lastfm,3,3,1,0.00014945463,2,Muzyka
Add afdlin shauki to La Mejor Música Dance 2017,0,3,1,0.00037972027,2,Muzyka
Book a reservation for seven people at a steakhouse in Kenya,1,0,0,0.0001893091,2,Muzyka
Play me the trailer for Gainesville Daily Register .,5,3,0,0.0001867542,2,Muzyka
add this track to the playlist hits of the 70s,0,3,1,0.00014813738,2,Muzyka
find Invisible Child at Southern Theatres,6,4,0,0.00013125819,2,Muzyka
Can I put Indocumentado onto my Folk Music At The Gaslight Café playlist?,0,4,1,0.00078017503,2,Muzyka
Add Us Placers to my new boots,0,0,1,0.00021017011,2,Muzyka
add ireland in the junior eurovision song contest 2015 to my Jazzy Dinner playlist,0,3,1,0.00017319672,2,Muzyka
add MG The Visionary to my Dubstep playlist,0,3,1,0.00019776142,2,Muzyka
put this song on the Chips and Salsa playlist,0,3,1,0.00012067458,2,Muzyka
add this tune to the Deep Dark Indie Folk playlist,0,3,1,0.00015585287,2,Muzyka
Play Alles Heeft Ritme by Liu Tianhua .,3,3,1,0.00019304665,2,Muzyka
find a movie house nearest for films,6,4,0,0.00012985883,2,Muzyka
Play music from 1976 on Deezer,3,3,1,0.00014132672,2,Muzyka
play the last chant from the fourties,3,3,1,0.00011206064,2,Muzyka
Give four points to Leven Thumps and the Gateway to Foo,4,2,0,0.00014648051,2,Muzyka
add song to my Wild Country playlist,0,3,1,0.00011936937,2,Muzyka
Play Hughie Graham by Vidyadhar Vyas,3,3,1,0.00013090349,2,Muzyka
put frank farian on lydia's playlist called The Black Power Mixtape 1967 to 1975,0,3,1,0.00016144001,2,Muzyka
What's the weather here ?,2,1,0,0.00015230456,2,Muzyka
I'd like to eat at a restaurant with wifi,1,0,0,0.00018517257,2,Muzyka
Showtimes for the films at Santikos Theatres,6,4,0,0.00012797705,2,Muzyka
What is the local movie schedule,6,4,0,0.00012306374,2,Muzyka
will it be stormy in Wildorado,2,1,0,0.0001466111,2,Muzyka
Show me the photograph Rock You Baby,5,3,0,0.00013204402,2,Muzyka
What is the movie schedule for movies close by,6,4,0,0.00012391484,2,Muzyka
Add a billy strayhorn song to my the selektor playlist,0,3,1,0.00013159522,2,Muzyka
Show The Information A History picture,5,3,0,0.00016272304,2,Muzyka
Play Eve,3,3,1,0.00012475734,2,Muzyka
Need a jewish in Maine to book a restaurant,1,0,0,0.00019542346,2,Muzyka
What is the movie schedules for the movies nearby playing 23 seconds from now,6,4,0,0.00011778227,2,Muzyka
Book a churrascaria restaurant that serves spring rolls for one person.,1,0,0,0.00019604262,2,Muzyka
Play some amber kuo from the eighties on Spotify .,3,3,1,0.00029963048,2,Muzyka
I want to hear a 1957 theme song,3,3,1,0.00015107832,2,Muzyka
Play One Good Reason by Tommy Flanagan on Itunes,3,3,1,0.00018639253,2,Muzyka
Will you play a ballad from Mahalaxmi Iyer,3,3,1,0.00013687392,2,Muzyka
give 5 out of 6 to this album,4,2,0,0.00014093766,2,Muzyka
Please search for the TV series titled I Need Romance .,5,3,0,0.00013269788,2,Muzyka
Rate this book four stars out of 6,4,2,0,0.00013861759,2,Muzyka
Let me hear the Rave Tapes album from Yuki Koyanagi .,3,3,1,0.0001343871,2,Muzyka
add 3 Natsu Natsu Mini Berryz to my rock classics playlist,0,3,1,0.00025452574,2,Muzyka
add the album to my Top 100 Indie Tracks on Spotify playlist,0,3,1,0.00023875137,2,Muzyka
Look for Little Computer People,5,3,0,0.00015074464,2,Muzyka
add the artist P D Q Bach to the te quiero playlist,0,3,1,0.00016950999,2,Muzyka
Can you play some music on Youtube,3,3,1,0.00018504017,2,Muzyka
What is the television show Phil Ochs There but for Fortune playing,5,3,0,0.00012182956,2,Muzyka
Will there be alot of wind on March 13th in Lost Creek Bahrain,2,1,0,0.00016661729,2,Muzyka
Play the top 5 by Akira The Don .,3,3,1,0.00017470062,2,Muzyka
add song to Rocksteady playlist,0,3,1,0.00013578756,2,Muzyka
add Anthony Hamilton to my list Women of Hip Hop,0,3,1,0.0004642883,2,Muzyka
Where can I find Police Story 3 Supercop,5,3,0,0.00011281907,2,Muzyka
Will it be warmer 1 minute from now at Farmington Canal State Park Trail,2,1,0,0.0001600786,2,Muzyka
Play best fourties from david izquierdo on album,3,3,1,0.00017523514,2,Muzyka
forecast for Serbia,2,1,0,0.00017927127,2,Muzyka
Add a tune to Skylar Diggins' Training Mix,0,3,1,0.00013810451,2,Muzyka
Add another tune to my verano playlist.,0,3,1,0.00024390046,2,Muzyka
play Luis Alfonzo Larrain from 1995,3,3,1,0.0001497342,2,Muzyka
Play me a nineties sound track,3,3,1,0.0001503661,2,Muzyka
"Can you play a song off the album , jungle",3,3,1,0.00017357146,2,Muzyka
When is The Bleeding House playing at Amco Entertainment ?,6,4,0,0.00018540384,2,Muzyka
I need another tune in my legendary guitar solos playlist.,0,3,1,0.00016618414,2,Muzyka
Play a Herbie Fields record from the sixties,3,3,1,0.00012881523,2,Muzyka
add artist post metal to playlist,0,3,1,0.00022011224,2,Muzyka
Play the most popular twenties record from Leland Sklar,3,3,1,0.00013005747,2,Muzyka
Book a reservation for two at Mickies Dairy Bar in Weedsport,1,0,0,0.0001741396,2,Muzyka
Book a brasserie type restaurant that serves pizzas in AMerican Samoa,1,0,0,0.00023735398,2,Muzyka
rate the current essay one out of 6,4,2,0,0.00014211296,2,Muzyka
Add 2120 south michigan avenue to my laundry playlist,0,3,1,0.00022220441,2,Muzyka
I'm trying to find the game called Give Me My Remote .,5,3,0,0.00014195053,2,Muzyka
Add lisa dalbello to my 2015 CMA Awards Nominees list,0,3,1,0.0021167786,2,Muzyka
play Wolves by Larry Gatlin,3,3,1,0.00012078055,2,Muzyka
Book a table for three at a restaurant in Louisiana,1,0,0,0.00018407314,2,Muzyka
Play some 1959 songs on Iheart,3,3,1,0.00016230975,2,Muzyka
Find a reservation for three at a top-rated restaurant,1,0,0,0.00017039377,2,Muzyka
Add nitti to my family favorites playlist,0,3,1,0.00031157254,2,Muzyka
Play the music of melody of 1997 in Itunes,3,3,1,0.0003282817,2,Muzyka
Add Kirk Hammett to Calm Down,0,3,1,0.00070723624,2,Muzyka
open Fadl Shaker on Spotify and play a melody starting with the newest,3,3,1,0.0002448252,2,Muzyka
"I want to hear Jimmy James from the thirties , play a song on Groove Shark .",3,3,1,0.00013061131,2,Muzyka
Add artist to playlist Classic Punk,0,3,1,0.00020154916,2,Muzyka
Play symphony by Josh Gracin on Slacker .,3,3,1,0.00024555283,2,Muzyka
add chas chandler to my Aux Cord Privileges,0,3,1,0.0056176228,2,Muzyka
When was the TV show CrazySexyCool taken off air?,5,3,0,0.00013556675,2,Muzyka
What animated movies are playing in the neighbourhood and when?,6,4,0,0.00012234235,2,Muzyka
play 2007 tunes by Bunny Berigan,3,3,1,0.00014889991,2,Muzyka
add El valle del Jarama to my working day playlist,0,3,1,0.00030692923,2,Muzyka
Put No Mystery into my Punk Essentials playlist.,0,3,1,0.00032762284,2,Muzyka
Find the book Cold Comfort,5,3,0,0.00011439039,2,Muzyka
What's the weather forecast for Pointe-Heath Ecological Reserve at midnight ?,2,1,0,0.00016661946,2,Muzyka
Add this tune to dorthy's 80's party playlist,0,3,1,0.00014119649,2,Muzyka
What films are playing now at the closest movie house ?,6,4,0,0.00012198664,2,Muzyka
play the latest melody from Cliff Edwards on Deezer,3,3,1,0.00014454528,2,Muzyka
Add another song to the country playlist.,0,3,1,0.00018785647,2,Muzyka
find the photograph Underneath the Tree,5,3,0,0.00011461124,2,Muzyka
Add East Grand Blues to the This Is Nicky Jam playlist.,0,3,1,0.00049061124,2,Muzyka
Give me the schedule for Getting There Sweet 16 and Licensed to Drive,6,4,0,0.00014957733,2,Muzyka
I want to add the war is not over to geraldine's pop punk powerhouses playlist,0,3,1,0.0002936688,2,Muzyka
Play Lil Hardin Armstrong from Itunes .,3,3,1,0.00030444606,2,Muzyka
add doing all right to string theory,0,3,1,0.0009323032,2,Muzyka
Play my playlist springtime,3,3,1,0.00017659989,2,Muzyka
add How to sos 48 2016 playlist,0,3,1,0.00033040936,2,Muzyka
play steve harris False Gestures For A Devious Public album,3,3,1,0.0001398715,2,Muzyka
Put this tune onto the signed xoxo playlist.,0,3,1,0.0001850761,2,Muzyka
Play Modern Psychedelia .,3,3,1,0.0001675533,2,Muzyka
add this artist to my the road to punk rock playlist,0,3,1,0.00016815033,2,Muzyka
in the neighbourhood find movies starting in thirteen hours,6,4,0,0.00011800651,2,Muzyka
Play music on Spotify .,3,3,1,0.0002919487,2,Muzyka
Play sugar baby by frank beard,3,3,1,0.00011114605,2,Muzyka
Add an album by twink to my Classic Country playlist,0,3,1,0.00014280768,2,Muzyka
add Heat of the Night to my Novedades Viernes Sudamérica playlist,0,3,1,0.0003458278,2,Muzyka
I want to watch Wide-Eyed and Ignorant,5,4,0,0.0007371692,2,Muzyka
Play something from 1985 by Billy Werner,3,3,1,0.00010331121,2,Muzyka
Put this artist on instrumental study playlist,0,3,1,0.00014974714,2,Muzyka
Play music from 2012 on google music,3,3,1,0.00021551787,2,Muzyka
use Deezer to play music by Junior Brown,3,3,1,0.00038561295,2,Muzyka
Add josephine wiggs to my kickass metal playlist.,0,3,1,0.00034877157,2,Muzyka
Play the top-five ballad sort from 2004,3,3,1,0.0002006312,2,Muzyka
add let the season in to my lo-fi love,0,3,1,0.00016227487,2,Muzyka
play a movement from top-20 1983 by Baruch Chait,3,3,1,0.00023435877,2,Muzyka
find The Magical World of Roger Whittaker,5,3,0,0.00016562294,2,Muzyka
Give me a list of movie times for films in the area .,6,4,0,0.00013490679,2,Muzyka
play Matt Walker tunes,3,3,1,0.00012695174,2,Muzyka
rate Winnie-the-Pooh four out of 6,4,2,0,0.00014755614,2,Muzyka
Play Brotherhood by Ock Joo-hyun,3,3,1,0.0001304832,2,Muzyka
Play Tomorrow,3,3,1,0.00011924751,2,Muzyka
Add The Maid of Amsterdam to my 80s smash hits,0,3,1,0.00012622887,2,Muzyka
add song to This Is Philip Glass,0,3,1,0.00013529614,2,Muzyka
Play some gothic rock .,3,3,1,0.00019065017,2,Muzyka
Add the tune to Your Favorite Slaughterhouse playlist.,0,3,1,0.00016325394,2,Muzyka
The ultimate 90s needs avant que l’ombre à bercy in it.,0,3,1,0.00015753445,2,Muzyka
want to see the trailer for The Prefect,5,3,0,0.00016351313,2,Muzyka
Add nina hagen to essential folk,0,3,1,0.00019116858,2,Muzyka
I want to book a cafeteria for 4 that has meze,1,0,0,0.00018805264,2,Muzyka
play Tom Baxter tracks,3,3,1,0.00015791913,2,Muzyka
play melody music from 1988,3,3,1,0.00011535116,2,Muzyka
play the latest Thelma Aoyama,3,3,1,0.00011595841,2,Muzyka
find the novel Make Peace Not War,5,3,0,0.00010968569,2,Muzyka
put glenn stetson to my your daily routine playlis,0,3,1,0.0001339119,2,Muzyka
Play my Mellow Beats playlist please,3,3,1,0.000160683,2,Muzyka
Play Pease Porridge Hot by Johnny Vicious on Zvooq,3,3,1,0.00042198552,2,Muzyka
book a table for 3 far from Tullytown at a coffeehouse with a smoking room,1,0,0,0.00018447371,2,Muzyka
add children of telepathic experiences to the playlist named baladas románticas,0,3,1,0.00026526165,2,Muzyka
Play the artist Tei last concert on Netflix,3,3,1,0.00012746641,2,Muzyka
Please play Short And Sweet by Teyana Taylor from my itunes .,3,3,1,0.0002442673,2,Muzyka
give 5 out of 6 points to Myths of the Hindus & Buddhists,4,2,0,0.00014583784,2,Muzyka
Play me a fifties song by Chingy,3,3,1,0.00013228288,2,Muzyka
Add etta james to my anochecer urbano playlist.,0,3,1,0.00043823983,2,Muzyka
Play some music on Vimeo,3,3,1,0.00020913873,2,Muzyka
Add sarah slean to my playlist Mellowed Out Gaming,0,3,1,0.00042037544,2,Muzyka
add this artist to Blues Roots list,0,3,1,0.00021682814,2,Muzyka
put the artist onto Top Latin Alternative .,0,3,1,0.00016570644,2,Muzyka
Find a TV show called The God Boy .,5,3,0,0.00015213244,2,Muzyka
Can 50 minute technicolor dream be added to meredith's Cierra La Puerta playlist?,0,4,1,0.00083425385,2,Muzyka
Add beijing huanying ni to my workday lounge playlist,0,3,1,0.00024216805,2,Muzyka
Can you play something off Johan Larsson 's Travelers And Thieves,3,3,1,0.00021180585,2,Muzyka
book a spot for 2 at a restaurant in PW,1,0,0,0.00019685204,2,Muzyka
put kan on my Indie Rock Road Trip,0,3,1,0.0001228027,2,Muzyka
I want to see Breathless,5,4,0,0.0004193255,2,Muzyka
I want to add Up to the Mountain to my playlist with the title Women of Indie,0,3,1,0.00017790627,2,Muzyka
Please open pandora for me,3,3,1,0.00015691937,2,Muzyka
What movies are playing at Dipson Theatres,6,4,0,0.00011986645,2,Muzyka
Rate The Abyss of Wonders 4 out of 6 .,4,2,0,0.00014245977,2,Muzyka
Play fifties from Sirusho Harutyunyan,3,3,1,0.0001234912,2,Muzyka
play some Sia Furler on Last Fm,3,3,1,0.00027591432,2,Muzyka
Play something from 2004 by Imogen Heap on spotify,3,3,1,0.0001821474,2,Muzyka
I want to give the current essay a five,4,2,0,0.00014038749,2,Muzyka
rate Alfred Kropp The Thirteenth Skull 3 out of 6,4,2,0,0.00014576648,2,Muzyka
add this peter iwers album to my ntc gym strong,0,3,1,0.00013011371,2,Muzyka
Please add this track to my weekend list,0,3,1,0.00015285869,2,Muzyka
show creative work or Miami Vice Theme,5,3,0,0.0001259993,2,Muzyka
I'd like to see The New Jackals,5,3,0,0.00021425477,2,Muzyka
Play me a ballad by Dres on groove shark,3,3,1,0.00012550283,2,Muzyka
Play Adrian Borland 's music on Zvooq .,3,3,1,0.00039914064,2,Muzyka
Put Beside You in my spotify orchestra cello playlist.,0,3,1,0.00023782243,2,Muzyka
move El Viaje de Copperpot into my Emily Dickinson playlist,0,3,1,0.00021895119,2,Muzyka
Play the most popular sound track from the 2006,3,3,1,0.00020073197,2,Muzyka
Play the best Bruce Ruffin music on Youtube .,3,3,1,0.00027007065,2,Muzyka
Book the Great House at Sonning distant from Gun Hill Rd .,1,0,0,0.00020877013,2,Muzyka
Book a highly rated restaurant .,1,0,0,0.00020357507,2,Muzyka
add NIB to fay's brooklyn beat playlist,0,3,1,0.000221859,2,Muzyka
Play fifties music on Slacker .,3,3,1,0.0002138804,2,Muzyka
Play the symphony by Tetsuya Ogawa from 1953,3,3,1,0.00016591712,2,Muzyka
add tolmatschowa schwestern to my Street Dance playlist,0,3,1,0.00028427306,2,Muzyka
add the artist gougoush to the Soul Revived playlist,0,3,1,0.00016279971,2,Muzyka
add vera to my 80's Jam Session playlist,0,3,1,0.00030297582,2,Muzyka
Play all music Alan released in 1997,3,3,1,0.00013944559,2,Muzyka
I want to hear Papa Mali 's songs from the fifties,3,3,1,0.00019688004,2,Muzyka
Play music by Otis Redding .,3,3,1,0.00016017882,2,Muzyka
Use Groove Shark to play music,3,3,1,0.00019528378,2,Muzyka
add Revolution Revolución to my political punks,0,3,1,0.00015871532,2,Muzyka
add nuba to my Metal Party playlist,0,3,1,0.0001892045,2,Muzyka
I need to hear some r&b music off of iheart,3,3,1,0.00014104933,2,Muzyka
Play Revival music.,3,3,1,0.00018380975,2,Muzyka
Play the top of emil de cou,3,3,1,0.000112164205,2,Muzyka
Add the Matt Murphy tune to the Flow Español playlist.,0,3,1,0.00023144591,2,Muzyka
Find a novel called Nature Reviews Genetics .,5,3,0,0.00018767435,2,Muzyka
Tell me if it'll be freezing next month in Rhode Island,2,1,0,0.00015744499,2,Muzyka
Add the frank beard song to the Soft Pop Hits playlist,0,3,1,0.00013421904,2,Muzyka
Play Bob Hilliard top-twenty music,3,3,1,0.00010544517,2,Muzyka
Find time for the movie schedule at Cineplex Odeon Corporation,6,4,0,0.00011550187,2,Muzyka
"What is the weather forecast for Sep. the 14th, 2038 in North Dakota",2,1,0,0.00016613171,2,Muzyka
Play Hasan Saltik from 2004,3,3,1,0.00014388049,2,Muzyka
Plkay some sixties movement songs from Itunes,3,3,1,0.00018625987,2,Muzyka
show creativity of Home Brew,5,3,0,0.00015927567,2,Muzyka
play latest George Ducas music,3,3,1,0.00013175944,2,Muzyka
Give this chronicle a 2 rating.,4,2,0,0.00013814306,2,Muzyka
for my té para tres list add cut the world,0,3,1,0.00017803922,2,Muzyka
Add a track by flesh n bone to my totally alternative playlist.,0,3,1,0.00023961863,2,Muzyka
add Paloma negra to my Funky Jams list,0,3,1,0.00036700707,2,Muzyka
What time can I watch Son of Rambow Tonight at Fox Theatres,6,4,0,0.00015225301,2,Muzyka
book a spot for nine in Lavalette Guam,1,0,0,0.0001891372,2,Muzyka
add Tim Ryan to my Grime Shutdown playlist,0,3,1,0.00020339704,2,Muzyka
Give Directive 51 three out of 6 .,4,2,0,0.00014155722,2,Muzyka
Play the best Vanessa Peters songs,3,3,1,0.00014946442,2,Muzyka
Please give me the forecast for Branton,2,1,0,0.00015440008,2,Muzyka
I want to hear some Boris Grebenchtchikov on Zvooq,3,3,1,0.00021184936,2,Muzyka
Play me a track by Steve Souza,3,3,1,0.00018349731,2,Muzyka
Give me the movie listings at the closest cinema please.,6,4,0,0.00012973914,2,Muzyka
Add Beverley Knight to my mellow beats playlist,0,3,1,0.0002472549,2,Muzyka
Add dahmer to hiphop hot 50,0,3,1,0.00026640427,2,Muzyka
Play music by Antonella Barba from the album Bath,3,3,1,0.00012661859,2,Muzyka
I want to hear a track from the fourties .,3,3,1,0.00015556654,2,Muzyka
add banking violence and the inner life today to my retro gaming playlist,0,3,1,0.00061814603,2,Muzyka
add this album to the playlist Guest List Engadget,0,3,1,0.00014166204,2,Muzyka
Play Miami 2017 by Rodney Whitaker,3,3,1,0.000111152025,2,Muzyka
Add track to my Digster Future Hits,0,3,1,0.00012176137,2,Muzyka
Add this artist to Showstopper Being Mary Jane,0,3,1,0.00011951732,2,Muzyka
book in Falkland Islands at Atomic Cafe,1,0,0,0.00021287965,2,Muzyka
add antisleep volume 04 in All Out 70s playlist,0,3,1,0.0001952452,2,Muzyka
I want to hear a top-20 chant from the twenties,3,3,1,0.000100038844,2,Muzyka
Play Expresión from Mickey Finn,3,3,1,0.00012128368,2,Muzyka
Whats the temperature not far from Valley of Fire,2,1,0,0.0001536425,2,Muzyka
I want to watch TV series The Practical Pig,5,3,0,0.00014056505,2,Muzyka
Can you find me the Free for All show ?,5,3,0,0.000121886565,2,Muzyka
play valerij kipelov on Vimeo,3,3,1,0.0002752468,2,Muzyka
Play Kim Wilde by Mike Scott on Slacker,3,3,1,0.00012427327,2,Muzyka
Play some David Mallett on last fm,3,3,1,0.00021795319,2,Muzyka
I want to see Far Cry Vengeance,5,3,0,0.0006049442,2,Muzyka
Please add the singer Valery Kipelov to the Perfect Concentration list,0,3,1,0.00028611562,2,Muzyka
Play music by Sha Money Xl sort by good .,3,3,1,0.00012400399,2,Muzyka
Add Nothing Can Stop Us to my Lazy Chill Afternoon playlist.,0,3,1,0.00029259568,2,Muzyka
Put another artist in my Opera 100 Spotify Picks playlist.,0,3,1,0.00022168881,2,Muzyka
Book a brazilian diner for 9 that's highly rated within the same area as Comoros,1,0,0,0.00018595575,2,Muzyka
Add giancarlo erra to my Guitar Hero Live Playlist,0,3,1,0.00024402137,2,Muzyka
This current album deserve 0 points and a best rating of 6,4,2,0,0.00014018327,2,Muzyka
Add the singer Barbara to my COUNTRY RADIO playlists,0,3,1,0.00015419556,2,Muzyka
What is the weather now in James City ?,2,1,0,0.00015275138,2,Muzyka
Play me a song from the fourties movement,3,3,1,0.00016464938,2,Muzyka
weather 1 minute from now in Camden Point Zambia,2,1,0,0.00014732925,2,Muzyka
Find me a table for four somewhere,1,0,0,0.00015886537,2,Muzyka
play a ballad by Chick Corea,3,3,1,0.00012199643,2,Muzyka
open Spotify and play a couple of celtic songs,3,3,1,0.00019283932,2,Muzyka
What films and movie schedules are in the neighborhood,6,4,0,0.00012367571,2,Muzyka
I want hear some Junior Murvin off of Youtube,3,3,1,0.00014255884,2,Muzyka
Play Grabsteinland I by Doctor Fink on slacker radio,3,3,1,0.00019390993,2,Muzyka
Open Spotify and play a song from the twenties by Richard Harvey,3,3,1,0.00013609543,2,Muzyka
Find a show called American Journal of Play .,5,3,0,0.00015198594,2,Muzyka
add harry chapin in stress relief playlist,0,3,1,0.00091700954,2,Muzyka
play the top twenty tracks of Ron Jarzombek,3,3,1,0.00017354585,2,Muzyka
I want another song in the Women of Latin Music playlist.,0,3,1,0.00013619667,2,Muzyka
Add Welcome to the Cruel World to my Reggae Classics playlist,0,3,1,0.0002644753,2,Muzyka
book a spot for vicki and I at a restaurant in Puerto Rico,1,0,0,0.0002174546,2,Muzyka
Add this tune to my list jazz vibes,0,3,1,0.00018685451,2,Muzyka
I want some fusil contra fusil added to my dance hits playlist.,0,3,1,0.00021872253,2,Muzyka
find the painting ICAC Investigators 2014,5,3,0,0.00014673678,2,Muzyka
book a table near Bienville for Pioneer Day,1,0,0,0.00023309042,2,Muzyka
Open iheart and play Té Para Tres,3,3,1,0.00018107373,2,Muzyka
Play something by Louis Nelson Delisle .,3,3,1,0.00013380648,2,Muzyka
add this song to my metal playlist,0,3,1,0.0001683695,2,Muzyka
Add mike mantler to playlist girls' night,0,3,1,0.00025405665,2,Muzyka
What are the movie schedules for films in the area ?,6,4,0,0.00011847368,2,Muzyka
Include dschiwan gasparjan in beth's rare groove playlist.,0,3,1,0.00095887884,2,Muzyka
add album to bajo las estrellas,0,3,1,0.00013411544,2,Muzyka
When is Purple Heart scheduled at the nearest movie house ?,6,4,0,0.00013099005,2,Muzyka
Play music by Joy Nilo .,3,3,1,0.00014692452,2,Muzyka
please add John Deacon to the funtime activity playlist,0,3,1,0.00018446105,2,Muzyka
Add the name kids in the street to the plylist New Indie Mix,0,3,1,0.00013623391,2,Muzyka
Use Google Music to play a song,3,3,1,0.00018438666,2,Muzyka
Add track to this is puccini,0,3,1,0.00014075419,2,Muzyka
Play a top song by Carson Parks on Groove Shark,3,3,1,0.00011043005,2,Muzyka
Please add something by steve freund to my This Is Luis Fonsi playlist,0,3,1,0.00016817919,2,Muzyka
Give me the movie times at Goodrich Quality Theaters .,6,4,0,0.00012416232,2,Muzyka
put track on my synth pop list,0,3,1,0.00022127498,2,Muzyka
Add Leah Kauffman to my uncharted 4 nathan drake playlist,0,3,1,0.00023948395,2,Muzyka
find the picture Ultima VI The False Prophet,5,3,0,0.00012380363,2,Muzyka
add this tune by mopreme shakur to the Party ¡Fiesta playlist,0,3,1,0.00015439383,2,Muzyka
please put Linzi Stoppard into my sxsw fresh playlist,0,3,1,0.00018171742,2,Muzyka
ad i should have known better to this is bb king,0,3,1,0.00035367103,2,Muzyka
Play some melody from the eighties on Spotify,3,3,1,0.0001802146,2,Muzyka
Play music on Iheart,3,3,1,0.00015074313,2,Muzyka
add Kisaki to Family Road Trip playlist,0,3,1,0.00040547136,2,Muzyka
show creativity of The Force Behind the Power,5,3,0,0.00015050767,2,Muzyka
add this artist to Pop 2017 Picks,0,3,1,0.00035153166,2,Muzyka
play the greatest Adrian Kowanek music,3,3,1,0.00012536407,2,Muzyka
I want to hear Ding Dong Bell on groove shark,3,3,1,0.0003454526,2,Muzyka
What local movie house is playing Beat the Drum,6,4,0,0.00012894113,2,Muzyka
this track should get added to Spain Top 50,0,3,1,0.00014032256,2,Muzyka
Please search The Young Warriors game .,5,3,0,0.00015757275,2,Muzyka
What is the closest movie house playing House of the Dead 2,6,4,0,0.00013712909,2,Muzyka
I rate the book Creature in the Teacher 3 stars,4,2,0,0.00013970508,2,Muzyka
"Tell me if it'll be freezing 333 days from now in Caplinger Mills , Florida",2,1,0,0.00015304815,2,Muzyka
whats the movie schedules for animated movies close by,6,4,0,0.00012488828,2,Muzyka
Play some Christian Rock,3,3,1,0.00011018679,2,Muzyka
Book a restaurant for eight people in six years .,1,0,0,0.00019639198,2,Muzyka
Find movie schedule for animated movies in the area,6,4,0,0.0001215179,2,Muzyka
What's the weather forecast for Anniston ?,2,1,0,0.0001732544,2,Muzyka
add my favorite track to Baroque 50 Spotify Picks,0,3,1,0.00021695711,2,Muzyka
I rated The Island of Adventure saga a 2 of 6,4,2,0,0.00014059425,2,Muzyka
"Add Nazad, nazad, Kalino mome to Escapada",0,3,1,0.000220624,2,Muzyka
Play music off Youtube .,3,3,1,0.0002225983,2,Muzyka
Play top music from Charles L. Johnson on vimeo,3,3,1,0.00043015135,2,Muzyka
Play Rain by Subliminal on Groove Shark,3,3,1,0.00012133919,2,Muzyka
Add a song to my playlist madden nfl 16,0,3,1,0.00014672348,2,Muzyka
Play my playlist TGIF on itunes,3,3,1,0.00022779444,2,Muzyka
Which animated movies are playing at the nearest movie house ?,6,4,0,0.00012342693,2,Muzyka
Add Slimm Cutta Calhoun to my this is prince playlist.,0,3,1,0.00039783012,2,Muzyka
my jazz for loving couples needs more push the button,0,3,1,0.00017371464,2,Muzyka
Add the album to the fantasía playlist,0,3,1,0.00016224515,2,Muzyka
Will it be freezing in New Preston Venezuela ?,2,1,0,0.00017342057,2,Muzyka
book a bistro for 4 at sunset,1,0,0,0.00018607997,2,Muzyka
Play the album 21st Century Live by Chet Lam on Itunes .,3,3,1,0.00014587368,2,Muzyka
What time is Wild and Wooly playing,6,4,0,0.00018523572,2,Muzyka
put this tune on my playlist technical&brutal death metal,0,3,1,0.00012858573,2,Muzyka
play robert fripp sound track on Pandora,3,3,1,0.00015064045,2,Muzyka
add Troy Andrews to my pop punk powerhouses,0,3,1,0.0002594967,2,Muzyka
I want a table for 5 next fall om Curacao,1,0,0,0.00019315552,2,Muzyka
Let's hear some tunes from the thirties .,3,3,1,0.0003016189,2,Muzyka
what time is Bhoot Returns showing at Douglas Theatre Company,6,4,0,0.00014809002,2,Muzyka
Book a table for 7 at a popular bistro distant from Kremmling,1,0,0,0.0001881037,2,Muzyka
I want Cocco added to my post metal playlist.,0,3,1,0.00035240734,2,Muzyka
Tell me the movie schedules for Mann Theatres,6,4,0,0.00012525782,2,Muzyka
will it be warm within walking distance of Saint Pierre and Miquelon,2,1,0,0.00015591447,2,Muzyka
Play Rocket Queen on Itunes,3,3,1,0.0001918442,2,Muzyka
I want to book a joint close by the naomi's hostel for a meal for 8 people.,1,0,0,0.00018140204,2,Muzyka
Show me animated movies that are playig at Great Escape Theatres,6,4,0,0.00012355526,2,Muzyka
Play the most popular ep by marcel khalife on Netflix,3,3,1,0.00017454907,2,Muzyka
I want a matt garrison tune in my Fresh Finds Fire Emoji playlist.,0,3,1,0.00017369223,2,Muzyka
put this song in the playlist Trap Land,0,3,1,0.00014714131,2,Muzyka
Play music on the playlist Electronic Gaming,3,3,1,0.0001887358,2,Muzyka
Add Born Free to Fresh R&B,0,3,1,0.00017485244,2,Muzyka
Add this artist to my Post-grunge playlist,0,3,1,0.00019992205,2,Muzyka
Add parempi mies to the Café con Leche playlist.,0,3,1,0.0005293914,2,Muzyka
add this song to my Canción del Día playlist,0,3,1,0.00016540993,2,Muzyka
Add the album to the Might and Myth Power Metal playlist.,0,3,1,0.00025394157,2,Muzyka
PLpay the top ten track from Asia Nitollano on spotify .,3,3,1,0.0002543802,2,Muzyka
Play artist Vlada Divljan from something he did that is good,3,3,1,0.000112166934,2,Muzyka
Play Junun by Noam Kaniel .,3,3,1,0.00018395256,2,Muzyka
Add rmx works from cyber trance presents ayu trance 3 to judy's Sophisticated Dinner playlist,0,3,1,0.00029935042,2,Muzyka
Give me showtimes for The Tenth Woman at the movie house .,6,4,0,0.0001235564,2,Muzyka
add 21 AT 33 to the playlist called wake up everybody,0,3,1,0.00024744988,2,Muzyka
I want to add something by the artist Nadine to my Workday – Pop playlist,0,3,1,0.00014314525,2,Muzyka
rate the chronicle Ten from Tomorrow a 2,4,2,0,0.00013233324,2,Muzyka
Play me a top 20 chant by Ruwanga Samath on Lastfm,3,3,1,0.00011646615,2,Muzyka
Book a restaurant in Palau for two people.,1,0,0,0.00026441293,2,Muzyka
Use Spotify to play music,3,3,1,0.00021304983,2,Muzyka
Play Portsmouth by Paul Smith on Google Music .,3,3,1,0.0002864065,2,Muzyka
I'd like to eat surf and turf in one minute at a bar,1,0,0,0.00017856894,2,Muzyka
play a top twenty symphony of 2010,3,3,1,0.00029472177,2,Muzyka
I want a table for 2 at a Portugal restaurant,1,0,0,0.00017601546,2,Muzyka
play my tribute by Billy Cox,3,3,1,0.00010721239,2,Muzyka
I want to add Sin rencor to my playlist entitled te quiero,0,3,1,0.0001995342,2,Muzyka
Play some Carmen Mcrae from Ed Robertson off of Itunes,3,3,1,0.00019407856,2,Muzyka
I'd like to watch Abbott and Costello Meet the Keystone Kops at Amco Entertainment at 040811 AM,6,4,0,0.0001694973,2,Muzyka
Play the album Cara De Dios .,3,3,1,0.00015467124,2,Muzyka
I give The Tin Can Tree a five of 6,4,2,0,0.0001340241,2,Muzyka
Play the top twenty chant by Wise .,3,3,1,0.00013060507,2,Muzyka
add zombieland to Noctámbulo playlist,0,3,1,0.0003290752,2,Muzyka
Add this tune to my Indie Reflection Playlist,0,3,1,0.00013281089,2,Muzyka
The Songs to Sing in the Car playlist needs k j yesudas discography in it.,0,3,1,0.00073400536,2,Muzyka
what is the forecast starting at 8 pm for Alaska,2,1,0,0.00015067642,2,Muzyka
Give two stars out of 6 to 36 Children,4,2,0,0.00014018269,2,Muzyka
add this tune by Jim White to my playlist Rumba y más,0,3,1,0.0001361449,2,Muzyka
Put an inyección musical track in the nanette's playlist.,0,3,1,0.00019204969,2,Muzyka
Open pandora and play the top five melody by Hanna Sjedokowa,3,3,1,0.00013220227,2,Muzyka
Play music from the artist Taktloss from the record in the thirties,3,3,1,0.00012535817,2,Muzyka
I gave Perchance to Dream 4 of 6 points,4,2,0,0.00013560403,2,Muzyka
find Fox Theatres with The Caretaker,6,4,0,0.000111387235,2,Muzyka
Play track Ai Se Eu Te Pego on google music from artist Maestro,3,3,1,0.00017816843,2,Muzyka
I want to make a reservation for one at a sushi restaurant in Brucetown,1,0,0,0.00018151589,2,Muzyka
please put this artist on my indie mim playlist,0,3,1,0.00014218681,2,Muzyka
will it be temperate here on 11/27/2023,2,1,0,0.00018916473,2,Muzyka
Play music by Keren Woodward,3,3,1,0.00013046329,2,Muzyka
add this song to the Pre-Party playlist,0,3,1,0.0001815001,2,Muzyka
Play music year 2016 by artist Michiru Yamane,3,3,1,0.00013861674,2,Muzyka
What films are playing at Pacific Theatres,6,4,0,0.00012282818,2,Muzyka
Play Spotify,3,3,1,0.00014486474,2,Muzyka
show creative picture of The Secret Doctrine,5,3,0,0.00023908073,2,Muzyka
Play the playlist funtime activity,3,3,1,0.0001416679,2,Muzyka
Add women of metal to Odetta Holmes,0,3,1,0.0001739075,2,Muzyka
put Kan Mikami on Pre-Party R&B Jams,0,3,1,0.00027325517,2,Muzyka
Can jovino santos neto 's album get added to my Confidence Boost playlist?,0,3,1,0.00017018501,2,Muzyka
play the movie Post Inferno Soundtrack,5,3,0,0.00012513879,2,Muzyka
Play dhafer youssef top-twenty on netflix,3,3,1,0.00015773773,2,Muzyka
add gina schock to workout twerkout,0,3,1,0.00023671638,2,Muzyka
Is The Mystery of Betty Bonn playing at twelve A.M. at the nearest movie house ?,6,4,0,0.00013331152,2,Muzyka
Please play something on Iheart from artist Ari Gold last album,3,3,1,0.00013025633,2,Muzyka
Add arthur russell to my Women of Disco playlist.,0,3,1,0.00069784565,2,Muzyka
I need a table at T-Rex for nine in Brunei,1,0,0,0.00016805711,2,Muzyka
Is it chilly in Nightmute,2,1,0,0.00015111711,2,Muzyka
What is the weather going to be like in Virginia on st. patrick's day ?,2,1,0,0.0001629202,2,Muzyka
Please add Iris DeMent to my playlist this is selena,0,3,1,0.00019966248,2,Muzyka
Put something by Noah Wuv Bernardo on my Humor playlist,0,3,1,0.00020242349,2,Muzyka
I want to hear Dido from 1966 on Youtube,3,3,1,0.00046325102,2,Muzyka
Add The Private Collection onto my Cena Elegante playlist please.,0,3,1,0.00017333968,2,Muzyka
Play the track titled Faget,3,3,1,0.00013478575,2,Muzyka
I want to hear a seventies sound track .,3,3,1,0.00017126044,2,Muzyka
Play a top fifty track from the twenties,3,3,1,0.00012176335,2,Muzyka
"find The Prince of Temple Street , a picture",5,3,0,0.00016511844,2,Muzyka
Let me hear Chris Knight music,3,3,1,0.00021539877,2,Muzyka
Play some fast fusion on Spotify,3,3,1,0.0001773486,2,Muzyka
restaurant in South Sudan for 6,1,0,0,0.00028425147,2,Muzyka
Play eighties music by Kaira Kwong on Google Music,3,3,1,0.00031050367,2,Muzyka
"Will be warm in Hallwood , Kosovo ?",2,1,0,0.00016726792,2,Muzyka
add fabrice morvan to Folk for Kids,0,3,1,0.0014830055,2,Muzyka
I need movie times in the area for any type of movies,6,4,0,0.00011584444,2,Muzyka
Search for Man in a Garage,5,3,0,0.00011617006,2,Muzyka
add i roy to my this is Rosana playlist,0,3,1,0.00027650018,2,Muzyka
add Ik Tara to laundry playlst,0,3,1,0.00041350204,2,Muzyka
Add Roel van Velzen to my party of the century playlist.,0,3,1,0.00060675637,2,Muzyka
add this artist to cynthia's fresh finds,0,3,1,0.00015330681,2,Muzyka
play music by Odd Nosdam,3,3,1,0.00010657237,2,Muzyka
Add Warning Device to my mac 'n cheese playlist.,0,3,1,0.00035805965,2,Muzyka
"add already over, pt 2 to Hip Hop 2017 New School",0,3,1,0.00018704025,2,Muzyka
What cinema is showing Ice Station Zebra at 0725 P.M. ?,6,4,0,0.00014483984,2,Muzyka
Book a table somewhere in Dominica for 2 minutes from now,1,0,0,0.00022042729,2,Muzyka
add this artist to my Pop Punk's Not Dead,0,3,1,0.00014543968,2,Muzyka
Play a movement fromthe eighties by Nobuo Uematsu .,3,3,1,0.00023993956,2,Muzyka
add the current tune to my Rock Gaming playlist,0,3,1,0.0001586246,2,Muzyka
play a Samira Said ballad from the nineties,3,3,1,0.0001994001,2,Muzyka
Can you put the album onto Cierra La Puerta ?,0,3,1,0.00015588773,2,Muzyka
What movie house is playing the animated movies nearest ?,6,4,0,0.00012402506,2,Muzyka
Play All The Way My Savior Leads Me on Spotify,3,3,1,0.00020244674,2,Muzyka
where can i watch Willy Wonka & the Chocolate Factory,6,4,0,0.00034460385,2,Muzyka
play music by Billy Powell,3,3,1,0.00013146129,2,Muzyka
add the Chamillionaire track to lina's wedding classics playlist,0,3,1,0.0001444301,2,Muzyka
Will it be warmer at fourteen o'clock in Atlas Mongolia,2,1,0,0.00016792276,2,Muzyka
I rate Naked in Death a 5,4,2,0,0.00012651933,2,Muzyka
Play movement music from Sheryfa Luna,3,3,1,0.000110526846,2,Muzyka
Add to my playlist heavy gamer the name blaydon races,0,3,1,0.00014700183,2,Muzyka
Play 1966 theme music on Slacker .,3,3,1,0.00015178276,2,Muzyka
this album is five stars .,4,2,0,0.00013389393,2,Muzyka
add this artist to my Electronic Bliss playlist,0,3,1,0.00017592913,2,Muzyka
How do I watch the TV show NBA Access with Ahmad Rashad,5,3,0,0.00013502612,2,Muzyka
is it going to be cold in Readstown at 4 AM,2,1,0,0.00015883264,2,Muzyka
I need a reservation for Little Grill Collective for supper with eight people,1,0,0,0.00018209673,2,Muzyka
add this track to my Comedy New Releases,0,3,1,0.00015182675,2,Muzyka
Play Seaside by Don Cherry .,3,3,1,0.00012180462,2,Muzyka
She me the movie times,6,4,0,0.00014331467,2,Muzyka
play songs from Youtube,3,3,1,0.00014585926,2,Muzyka
Add Tranquility to the Latin Pop Rising playlist.,0,3,1,0.00033772914,2,Muzyka
I need to know what theatre is playing A Happy Coersion,6,4,0,0.00014826769,2,Muzyka
Rate Encyclopaedia of the Social Sciences zero out of 6,4,2,0,0.00015915585,2,Muzyka
Play music from Lynn & Wade Llp .,3,3,1,0.00017736806,2,Muzyka
Play some fun-punk,3,3,1,0.000117763666,2,Muzyka
I want jimmie noone on the playlist titled lo mejor de los 00's,0,3,1,0.00016407961,2,Muzyka
Use Pandora to play Korean OSTs,3,3,1,0.00024484113,2,Muzyka
find a movie house showing Cage Without a Key,6,4,0,0.00013460487,2,Muzyka
I give this book a 5 .,4,2,0,0.00014455871,2,Muzyka
I'd like for you to put this artist to my Evening Commute playlist.,0,3,1,0.00024284679,2,Muzyka
stick Fonseca in the Songs to Sing in the Car playlist,0,3,1,0.0001540487,2,Muzyka
I need a restaurant that can accommodate a party of ten in Avant .,1,0,0,0.0001870639,2,Muzyka
add an album in Guitar Hero Live Playlist,0,3,1,0.00014192323,2,Muzyka
Play some seventies music on Netflix .,3,3,1,0.0006036471,2,Muzyka
Rate the current novel a 0 out of 6 points,4,2,0,0.00014329722,2,Muzyka
Please get me a reservation at a restaurant with a pool for manuela and yvonne,1,0,0,0.00017429335,2,Muzyka
Rate this novel three out of 6 stars,4,2,0,0.00014100703,2,Muzyka
play Lastfm tunes from 1997,3,3,1,0.0001264332,2,Muzyka
play the Putrefactive Infestation trailer,5,3,0,0.00013373053,2,Muzyka
Book a table for my granddaughter and I at the restaurant .,1,0,0,0.00020063743,2,Muzyka
Get me a Johnny Cool photograph,5,3,0,0.00014859352,2,Muzyka
Add the artist to the Latin Jazz playlist.,0,3,1,0.00029738471,2,Muzyka
I want to hear popular music from Martin Lopez,3,3,1,0.00014724689,2,Muzyka
i want to see JLA Adventures Trapped In Time,6,3,0,0.0009036093,2,Muzyka
book a spot for me and my sister at a restaurant that has clafoutis,1,0,0,0.00017947289,2,Muzyka
I want more francis healy in the Rockin' Vibes playlist.,0,3,1,0.00026173072,2,Muzyka
Play me a Jill Scott sound track on deezer,3,3,1,0.00016658995,2,Muzyka
Add Baby Lemonade to poetry in their own voices,0,3,1,0.0005776759,2,Muzyka
"What will the weather be like on january 2nd, 2025 in GA",2,1,0,0.00016371644,2,Muzyka
Play some theme songs from 1974,3,3,1,0.00017624661,2,Muzyka
Add Tony McGuinness to my playlist I Love My 90s Hip Hop,0,3,1,0.00020126035,2,Muzyka
add this artist to disco fever playlist,0,3,1,0.00016911294,2,Muzyka
Can you play Deezer from 2007 ?,3,3,1,0.00024770258,2,Muzyka
Play a 2009 concerto on Deezer .,3,3,1,0.00020227091,2,Muzyka
When is Sea of Fear being shown at the closest movie theatre ?,6,4,0,0.0001378134,2,Muzyka
add track to my Las Canciones Más Lindas Del Mundo playlist,0,3,1,0.00015149171,2,Muzyka
Add I Hate Myself and I Want to Die to my Six string peacefulness,0,3,1,0.00023882692,2,Muzyka
Play me some music on Deezer,3,3,1,0.00015162285,2,Muzyka
add young maylay to Club Hits,0,3,1,0.00015424889,2,Muzyka
Find Beavis and Butt-head,5,3,0,0.00016802702,2,Muzyka
Can you play me something from the eighties on Youtube,3,3,1,0.00026080525,2,Muzyka
Play music by Brian Chase .,3,3,1,0.00015450647,2,Muzyka
Please add Emanuel Kiriakou to my playlist llegando a casa,0,3,1,0.00022431965,2,Muzyka
I want another album in my disco fever playlist.,0,3,1,0.00012633693,2,Muzyka
Add a tune to clásicos del hip hop español,0,3,1,0.00013945042,2,Muzyka
Play the top track by Claudja Barry on Last Fm,3,3,1,0.00016518432,2,Muzyka
play some grunge,3,3,1,0.000105679406,2,Muzyka
Open Pandora and play music from the fifties .,3,3,1,0.00040805253,2,Muzyka
play a 1988 soundtrack,3,3,1,0.0001493253,2,Muzyka
will there be a cloud next year in Kewanee,2,1,0,0.00015470106,2,Muzyka
What movies are at Malco Theatres,6,4,0,0.000117897354,2,Muzyka
was the weather colder last August at Stunt Ranch Santa Monica Mountains Reserve,2,1,0,0.00014790625,2,Muzyka
add this tune to my road trip playlist,0,3,1,0.00013189818,2,Muzyka
add this album to Digster Future Hits,0,3,1,0.00013769555,2,Muzyka
Play some chanson music,3,3,1,0.00013173248,2,Muzyka
What will the weather be this month in Wesley Hills ?,2,1,0,0.00014834211,2,Muzyka
add Fish Leong to my I Love My '00's R&B playlist,0,3,1,0.00020348282,2,Muzyka
Play Progressive Metal .,3,3,1,0.00019584007,2,Muzyka
play fifties track music,3,3,1,0.00011842456,2,Muzyka
show The Taste,5,3,0,0.00011800708,2,Muzyka
Add inconfundible to Stomp & Holler,0,3,1,0.00043617008,2,Muzyka
add this artist to the playlist called Fusion Fest,0,3,1,0.00016609165,2,Muzyka
Play Lenny Kaye music.,3,3,1,0.00017227101,2,Muzyka
Play Halid 08 by video game pianist on Pandora,3,3,1,0.000119972174,2,Muzyka
play some Mike Porcaro,3,3,1,0.00017462183,2,Muzyka
add Nana Kitade to my modern psychedelia playlist,0,3,1,0.00028545441,2,Muzyka
Let me know what animated movies are playing around here .,6,4,0,0.00014585604,2,Muzyka
put a xiang xiang track onto women of the blues,0,3,1,0.00012660045,2,Muzyka
Add seek & destroy to Sin Ti playlist,0,3,1,0.0003190173,2,Muzyka
Add Brazilian Flag Anthem to Top 100 Alternative Tracks on Spotify,0,3,1,0.00020839808,2,Muzyka
What movie theatre is palying The Hurricane five hours from now,6,4,0,0.00013293617,2,Muzyka
What is the weather forecast in Saint Vincent and the Grenadines ?,2,1,0,0.00016039361,2,Muzyka
Play Tomtegubben Som Hade Snuva,3,3,1,0.00017623015,2,Muzyka
Put this artist on my Folk for Kids playlist,0,3,1,0.0001765501,2,Muzyka
I'm looking for Sherlock Holmes contre Arsène Lupin .,5,3,0,0.00015801091,2,Muzyka
Add Step to Me to the 50 Clásicos playlist.,0,3,1,0.00029785148,2,Muzyka
open the Canciones del Recuerdo playlist and play songs,3,3,1,0.0001900137,2,Muzyka
Where can I find a photograph of The Lieutenant of Inishmore ?,5,3,0,0.0001899914,2,Muzyka
Please add a track from jeff mills to my hiphop hot 50 playlist,0,3,1,0.00017991128,2,Muzyka
Play me Leonid Soybelman on Vimeo .,3,3,1,0.00075561396,2,Muzyka
Let me listen to The Music Of Nature album by Paul Draper .,3,3,1,0.00018350202,2,Muzyka
Please play songs by Lil Jon,3,3,1,0.0001488614,2,Muzyka
What's the weather forecast for Crystal Lake Park ?,2,1,0,0.00016727076,2,Muzyka
put Ik Tara onto pure seduction playlist,0,3,1,0.00021663455,2,Muzyka
Add Ajoy Chakrabarty to women of country playlist,0,3,1,0.00037378672,2,Muzyka
Add chen jiafeng to Ultimate 00s,0,3,1,0.00025645658,2,Muzyka
Add lapponia to my flamenco pa ti playlist.,0,3,1,0.0007828677,2,Muzyka
find animated movies in the neighborhood,6,4,0,0.00012537438,2,Muzyka
this track should go into my playlist called This Is Beethoven,0,3,1,0.0001549575,2,Muzyka
Play a top symphony sort form 1959 by Stuart Garrard .,3,3,1,0.00038963798,2,Muzyka
Book a reservation for Thomas Hynes House on jan. the third in Netherlands,1,0,0,0.00019532058,2,Muzyka
play Darude,3,3,1,9.6683565e-05,2,Muzyka
Play the greatest music by Phoebe Snow,3,3,1,0.00010692458,2,Muzyka
Play Clay Aiken 's The Bonny Hind on Groove Shark .,3,3,1,0.00026396324,2,Muzyka
What animated movies are on the movie schedule close by ?,6,4,0,0.00012784444,2,Muzyka
Add Sam Moore to lo mejor de los 00's,0,3,1,0.00031422667,2,Muzyka
Will there be a storm faraway from Chapman Ranch ?,2,1,0,0.00016759575,2,Muzyka
give two points out of 6 to this essay,4,2,0,0.00013915988,2,Muzyka
Can i use Lastfm to listen to Twilight Time by Dj Khalil ?,3,3,1,0.00049497536,2,Muzyka
I'd like to add jordan rudess onto the Divertido para niños playlist.,0,3,1,0.00026704787,2,Muzyka
Play Another Passenger from Louis Nelson Delisle .,3,3,1,0.0001546127,2,Muzyka
play a top-twenty tune by Noor Jehan,3,3,1,0.000112720714,2,Muzyka
nineties songs on Zvooq,3,3,1,0.00015271551,2,Muzyka
add No Secrets to power gaming playlist,0,3,1,0.00031332354,2,Muzyka
add little pattie track in Nu Metal,0,3,1,0.00016629514,2,Muzyka
When is The Jailbird showing at United Paramount Theatres,6,4,0,0.000121382174,2,Muzyka
Play the track That Would Be Something from Eden Ahbez,3,3,1,0.00012057912,2,Muzyka
I want a table to seat 10 at a close-by to Ottumwa that serves osteria and ranch dressing .,1,0,0,0.00018298769,2,Muzyka
play the track Asleep In The Deep,3,3,1,0.00013570696,2,Muzyka
what is the Orlovista forecast for midday within walking distance,2,1,0,0.00016532105,2,Muzyka
find the novel Playlist The Very Best of Brad Paisley,5,3,0,0.00012176571,2,Muzyka
Find a movie called Dorothy and the Witches of Oz .,5,3,0,0.00012736057,2,Muzyka
the last essay is a 2 out of 6,4,2,0,0.00013700199,2,Muzyka
find Mash Confusion,5,3,0,0.00013751545,2,Muzyka
Out of 6 stars the last novel gets only four,4,2,0,0.000132205,2,Muzyka
Show me the picture Nothin,5,3,0,0.000121168254,2,Muzyka
Will it be cold in Wheatley Provincial Park ?,2,1,0,0.00016419543,2,Muzyka
List movie schedules,6,4,0,0.00013999431,2,Muzyka
put this artist into my found them first playlist please,0,3,1,0.00013890577,2,Muzyka
give 4 points to Fight Club,4,2,0,0.0001484966,2,Muzyka
Add even serpents shine to dorothea's indie hipster playlist,0,3,1,0.00020198605,2,Muzyka
Add this track to the playlist Korean OSTs,0,3,1,0.00013217336,2,Muzyka
Can you play fifties theme music by Mohsen Chavoshi,3,3,1,0.00034491735,2,Muzyka
Play some chanson style music.,3,3,1,0.00025162852,2,Muzyka
play Yusef Lateef songs from the fifties,3,3,1,0.00012606144,2,Muzyka
find Lost in Space,6,4,0,0.00065875216,2,Muzyka
"Add crying, waiting, hoping to my weekly buzz playlist.",0,3,1,0.0003374989,2,Muzyka
Use Groove Shark to play music from the nineties,3,3,1,0.0005693805,2,Muzyka
add this song by George Melly to my 90's Baby Makers playlist,0,3,1,0.00013144528,2,Muzyka
Is A Short Film About Killing at North American Cinemas,6,4,0,0.00019007365,2,Muzyka
Please add to my playlist Hype the name introducing a r rahman,0,3,1,0.00014218428,2,Muzyka
add Joe Hickerson to my Jazz – Classical Crossings,0,3,1,0.00039958576,2,Muzyka
Play Eddie Meduza from the thirties,3,3,1,0.00012823826,2,Muzyka
Can you use Pandora to play a soundtrack from 1999 by David Sitek ?,3,3,1,0.0001831451,2,Muzyka
Play the album Remember Shakti – The Believer .,3,3,1,0.00013703936,2,Muzyka
Play Dawn Richard song White Summer,3,3,1,0.00010893524,2,Muzyka
Add Michael Balzary to mujeres y hombres y fiesta,0,3,1,0.0007516707,2,Muzyka
Add the tune to my Women of Latin Music playlist.,0,3,1,0.00015284009,2,Muzyka
Give me movie times,6,4,0,0.00014529165,2,Muzyka
What movies are playing at AMC Theatres ?,6,4,0,0.00012746647,2,Muzyka
Will there be fog in Fairwood ?,2,1,0,0.00017106855,2,Muzyka
Put the Love Hurts track onto carmen's playlist.,0,3,1,0.00023666653,2,Muzyka
Can you put a song by jessica mauboy on my playlist entitled a sudden rainstorm,0,3,1,0.00015541923,2,Muzyka
Play  music from the thirties .,3,3,1,0.00023425839,2,Muzyka
What movies are showing at the nearest movie theatre in 8 minutes ?,6,4,0,0.00012562147,2,Muzyka
Put robbie robertson into my chill out playlist.,0,3,1,0.00038802173,2,Muzyka
Play 2006 chant music.,3,3,1,0.00014557276,2,Muzyka
Add a rachael price album to TODO EDM,0,3,1,0.00013490971,2,Muzyka
Can you add Blood On The Face to the playlist called Heartland Country,0,3,1,0.00013793424,2,Muzyka
Add Ray Noble to my Chill Vibes playlist.,0,3,1,0.00036179542,2,Muzyka
Play a 2007 track from Adam Jones,3,3,1,0.00021938242,2,Muzyka
Add Zos Kia Cultus to the This Is Philip Glass playlist.,0,3,1,0.00044378248,2,Muzyka
Add a song to my playlist a peaceful rush hour,0,3,1,0.00012620658,2,Muzyka
I want to add the Classical Moments in Movies track to my playlist,0,3,1,0.0011028124,2,Muzyka
Play music from 2012 by Yossif Kobzon on last fm .,3,3,1,0.00045072698,2,Muzyka
Where will The Blonde from Peking be playing,6,4,0,0.00018886685,2,Muzyka
Add the tune to my House Afterwork playlist.,0,3,1,0.00016524307,2,Muzyka
Add the da brat track to the Soak Up The Sun playlist.,0,3,1,0.0002123845,2,Muzyka
Can you put Musiri Subramania Iyer 's song onto the lo-fi love soundtrack?,0,3,1,0.00013412241,2,Muzyka
add sam sparro to my playlist called Beach Vibes,0,3,1,0.00015970146,2,Muzyka
Give A Kentucky Cardinal four points,4,2,0,0.00014224956,2,Muzyka
add gn to night vibes,0,3,1,0.00014508732,2,Muzyka
play a Morton Downey record with Slacker,3,3,1,0.00010493312,2,Muzyka
add this Jane Olivor track to my The Sleep Machine Waterscapes,0,3,1,0.00012961331,2,Muzyka
show weather forcast here at 19,2,1,0,0.00015545907,2,Muzyka
play a ballad from 2000,3,3,1,0.00013650292,2,Muzyka
Play a fifties theme on lastfm,3,3,1,0.00013339866,2,Muzyka
Rate Unlimited Power 4 of 6 points,4,2,0,0.0001418357,2,Muzyka
the stars for Behind the Beat should number four for this chronicle,4,2,0,0.00013625895,2,Muzyka
Please add a track to my playlist called this is Coti,0,3,1,0.00015467145,2,Muzyka
Play some music by beverley martyn,3,3,1,0.00012321898,2,Muzyka
"To the travelling playlist, please add this David Gahan song .",0,3,1,0.00017777561,2,Muzyka
What are the movie times for Malco Theatres,6,4,0,0.00012247569,2,Muzyka
Add the artist tom cochrane to new york groove,0,3,1,0.00010609232,2,Muzyka
Play a track by Yui on Vimeo,3,3,1,0.00015848428,2,Muzyka
I want to add Broken Hearted Melody to the playlist Post Garage Wave Revival,0,3,1,0.0001580897,2,Muzyka
movie schedule for Harkins Theatres,6,4,0,0.0001333307,2,Muzyka
add tapper zukie to the all out 00s playlist,0,3,1,0.00021952079,2,Muzyka
play journey list,3,3,1,0.00013133408,2,Muzyka
Add Fear and Bullets to my Chill Tracks playlist.,0,3,1,0.00043137817,2,Muzyka
add Desert Sessions to my i love my 80's rollerdisco playlist,0,3,1,0.0002667433,2,Muzyka
Play Subconscious Lobotomy from Jennifer Paull .,3,3,1,0.00017714627,2,Muzyka
Play some fifties music by Origa .,3,3,1,0.00019385575,2,Muzyka
I this this current essay should be rated a three,4,2,0,0.0001275092,2,Muzyka
add track Nature Noise to my playlist,0,3,1,0.0002260962,2,Muzyka
Play me some folklore music,3,3,1,0.00021319427,2,Muzyka
Look for the TV series The Stars at Saint Andrea,5,3,0,0.000105275205,2,Muzyka
"Play Paul Landers , O Rio, A Cidade, A Árvore on slacker",3,3,1,0.00012265878,2,Muzyka
Please anything good by Chieko Ochi,3,3,1,8.486535e-05,2,Muzyka
Play music by Damien Rice,3,3,1,0.00013450414,2,Muzyka
Play a Paolo Gregoletto song,3,3,1,0.00012599143,2,Muzyka
I'd like to listen to Diana Vickers best tune from the twenties,3,3,1,0.00013719345,2,Muzyka
Add a track from The Edge to my funk soul disco playlist,0,3,1,0.00013344703,2,Muzyka
I'd rate this book 1 of 6 stars,4,2,0,0.00013861708,2,Muzyka
Add a track to Fusion Fest,0,3,1,0.00014516369,2,Muzyka
"Please look up the painting , Modern times .",5,3,0,0.00015559532,2,Muzyka
rate the book A Brief History of Chinese Fiction 0 out of 6 points,4,2,0,0.00014266922,2,Muzyka
play Deezer tunes Are & Be,3,3,1,0.000118256976,2,Muzyka
play chant music by David Cook,3,3,1,0.00011095855,2,Muzyka
Open groove shark and play Jason Mizell,3,3,1,0.000113487695,2,Muzyka
Wish to hear a concerto by Diplo from 1952,3,3,1,0.00067870464,2,Muzyka
Play some Sabah from the eighties,3,3,1,0.00012448008,2,Muzyka
add Tatico Henriquez in my playlist called bleeps & bloops,0,3,1,0.00018835196,2,Muzyka
Play the album Qr Iii by bobby bare,3,3,1,0.00011239032,2,Muzyka
Play me a popular song by Koichi Domoto,3,3,1,0.000153912,2,Muzyka
book a table at 043628 at the northeast indian restaurant,1,0,0,0.00019006144,2,Muzyka
Play a ballad form 2014 by Double on Google Music,3,3,1,0.00017973779,2,Muzyka
Add this tune to my rage radio playlist,0,3,1,0.00014177716,2,Muzyka
I need to know is it freezing in MN at 0127 pm,2,1,0,0.00014210188,2,Muzyka
Give me an album from 1972 to listen to.,3,3,1,0.00020789042,2,Muzyka
Book a spot for seven at a japanese joint in Grandview Heights,1,0,0,0.00018463928,2,Muzyka
Add emilie autumn to my Nação Reggae playlist.,0,3,1,0.00047336894,2,Muzyka
will the weather be warm in August at the faraway in Micronesia,2,1,0,0.00015606669,2,Muzyka
I want to hear something from the top-fifty by Jose Pasillas,3,3,1,9.542899e-05,2,Muzyka
Play Kk on Zvooq .,3,3,1,0.00023707142,2,Muzyka
Please add faccetta nera to my this is handel playlist,0,3,1,0.0002744951,2,Muzyka
add Paper Doll to the Power Walk playlist,0,3,1,0.00015340744,2,Muzyka
I want to hear Sarban 's greatest hits,3,3,1,0.00010791772,2,Muzyka
What is the forecast for my current place at 23 o'clock,2,1,0,0.00015200624,2,Muzyka
Show me the The Defenestration of Ermintrude Inch TV series,5,3,0,0.0001480391,2,Muzyka
play fifties movement songs by Fabio on Last Fm,3,3,1,0.0001828318,2,Muzyka
Play Greg Raposo songs from the thirties,3,3,1,0.00012464871,2,Muzyka
Play the top-twenty from Alexander Braginsky .,3,3,1,0.00012520005,2,Muzyka
add sweets edison to relaxing playlist,0,3,1,0.00029415116,2,Muzyka
"Please find me the saga , The Deep Six .",5,3,0,0.00013205277,2,Muzyka
Play Donna Summer,3,3,1,0.00011583808,2,Muzyka
book a spot for nine at a top-rated brasserie that has swiss within the same area of New York,1,0,0,0.00017127192,2,Muzyka
What will the weather be like on september 26th in Eastlake,2,1,0,0.00015561165,2,Muzyka
Show me the movie Sonic Triple Trouble,5,3,0,0.00014458977,2,Muzyka
Include Sean Yseult in kaitlin's metal overload playlist.,0,3,1,0.0006683701,2,Muzyka
Play shadowplay by Dana on Deezer .,3,3,1,0.00021508193,2,Muzyka
play a song by Ramesh Narayan from 1960,3,3,1,0.0001372879,2,Muzyka
add the track by josh kear to myra's playlist with the name highway 61,0,3,1,0.00016831816,2,Muzyka
Play some soul music,3,3,1,0.00012560333,2,Muzyka
I want to know the animated movies playing at Malco Theatres,6,4,0,0.00012697837,2,Muzyka
I need information on movie schedules,6,4,0,0.00013319943,2,Muzyka
add Caleigh Peters to my women of country list,0,3,1,0.00085710234,2,Muzyka
Play new melody by Kenji Ito on Itunes .,3,3,1,0.00025609753,2,Muzyka
What animated movies are playing at the closest cinema,6,4,0,0.00013190506,2,Muzyka
The Rats of Hamelin deserves zero points,4,2,0,0.000131555,2,Muzyka
"book a spot for krista, yolanda and I in New Mexico",1,0,0,0.00026566407,2,Muzyka
"book a masala bar on march 6, 2034",1,0,0,0.0002217378,2,Muzyka
Add jenifer to Rock the 2000's,0,3,1,0.00015694572,2,Muzyka
put this artist on Domingo Indie,0,3,1,0.000121285,2,Muzyka
put artist Emre Aydin on Happy Birthday playlist,0,3,1,0.00021957797,2,Muzyka
Play some thrash metal .,3,3,1,0.00023356121,2,Muzyka
Show me the forecast for the distant area of ME at three pm,2,1,0,0.00014618272,2,Muzyka
Add to the Rock Games,0,3,1,0.00020807216,2,Muzyka
Add album to Acoustic Spring,0,3,1,0.00013609964,2,Muzyka
rate the current album a zero,4,2,0,0.00013481078,2,Muzyka
"Tell me if it will be hot on Jun. the 10th in San de Fuca , Sweden",2,1,0,0.00016419475,2,Muzyka
What is the closest cinema today playing animated movies ?,6,4,0,0.00012809176,2,Muzyka
Play i believe from Chico Buarque off of iheart,3,3,1,0.00014401728,2,Muzyka
What time is A Battle of Wits starting?,6,4,0,0.00023097935,2,Muzyka
find The Good Wife,5,4,0,0.00064440875,2,Muzyka
Add this tune to my Dinnertime Acoustics list,0,3,1,0.00021671384,2,Muzyka
I want to listen to some Aaliyah,3,3,1,0.00015198949,2,Muzyka
Add this John Tesh tune to the friendesemana playlist,0,3,1,0.00012495849,2,Muzyka
Tell me the weather forecast for Mokena,2,1,0,0.00015622066,2,Muzyka
look for the book The Girl Who Was Plugged In,5,3,0,0.00014194744,2,Muzyka
Please put maimi yajima 's song onto Operación Bikini .,0,3,1,0.00016479292,2,Muzyka
add Hemanta Kumar Mukhopadhyay album in Funky Jams,0,3,1,0.0001417957,2,Muzyka
book a table in Arizona serving italian-american cuisine in a tavern for 2,1,0,0,0.00019214513,2,Muzyka
Play the newest stuff by blowfly,3,3,1,0.00012611932,2,Muzyka
Use Vimeo to play a Mark King record from 1993,3,3,1,0.00024465084,2,Muzyka
Add Sweet Black Angel to my Diarios de Bicicleta playlist,0,3,1,0.00033310978,2,Muzyka
Can you please put this track onto my TODO NOVEDADES playlist?,0,3,1,0.00016852743,2,Muzyka
I want to find The Very Best of Chicago Only the Beginning,5,3,0,0.00010376821,2,Muzyka
play songs by Gamble Rogers,3,3,1,0.00012857749,2,Muzyka
add blood guts & glory to my this is chopin,0,3,1,0.00017705205,2,Muzyka
play the album Wayning Moments by Rabbit Brown,3,3,1,0.00011883157,2,Muzyka
add current album to my pop gaming playlist,0,3,1,0.00019837896,2,Muzyka
Play the song I Get Ideas as performed by Richard Kruspe,3,3,1,0.00014588003,2,Muzyka
Add this track to epic wall of sound,0,3,1,0.00016756372,2,Muzyka
something on Spotify please,3,3,1,0.0001079718,2,Muzyka
"add this song to my playlist named Britpop, etc",0,3,1,0.00016642228,2,Muzyka
Add Opus de Funk to my list Acoustic Blues,0,3,1,0.0005054265,2,Muzyka
Will it get chillier in Sinclair in 8 hours,2,1,0,0.0001591443,2,Muzyka
Play me a song by Michael Diamond,3,3,1,0.00016272842,2,Muzyka
Put this Yury Chernavsky tune on my Alternative Route playlist,0,3,1,0.00014156061,2,Muzyka
I want to book a churrascaria in Romeoville at ten a.m for four people.,1,0,0,0.00019498938,2,Muzyka
What time is Stranger in Town playing at the nearest cinema ?,6,4,0,0.0001270843,2,Muzyka
I'm looking for the album called Disorderly Conduct Video on Patrol,5,3,0,0.00011768149,2,Muzyka
Play the Late Night Jazz soundtrack on Zvooq .,3,3,1,0.00016723668,2,Muzyka
Play a ballad by Heath,3,3,1,0.0001410944,2,Muzyka
Play some Eddie Vinson on Deezer,3,3,1,0.00015311386,2,Muzyka
Add hello i must be going to the power ballads playlist,0,3,1,0.00015792894,2,Muzyka
Book a table at a restaurant in the Cayman Islands two hundred ninety six days from now,1,0,0,0.00023850457,2,Muzyka
Add the name cry like a baby to my a mis niños de 30 playlist,0,3,1,0.00015564507,2,Muzyka
edit Aux Cord Privileges playlist by putting this tune on it,0,3,1,0.0009444597,2,Muzyka
Book a table at a brasserie type restaurant that serves jain for a party of 8,1,0,0,0.00018286263,2,Muzyka
play something from 1971 by John Bonham,3,3,1,0.00010322485,2,Muzyka
Play music from the artist sean yseult and sort it through top-50,3,3,1,0.00015970731,2,Muzyka
Show me the nearest movie house showing He Won a Ranch,6,4,0,0.0001361998,2,Muzyka
find films in the neighborhood,6,4,0,0.00012896066,2,Muzyka
I want to put Land of the Dead into my Big Daddy's Booze & Blues playlist.,0,3,1,0.00029697703,2,Muzyka
Show me Happiness Was Free .,5,3,0,0.00030832744,2,Muzyka
Play music from 1968 on Vimeo .,3,3,1,0.00046510264,2,Muzyka
Add another song to the acoustic soul playlist.,0,3,1,0.00018687504,2,Muzyka
add tune to my country playlist,0,3,1,0.00014581348,2,Muzyka
Add Scarred to my This Is Zezé Di Camargo & Luciano,0,3,1,0.00017971876,2,Muzyka
at my current spot is it going to be hotter on Nov. the eighth,2,1,0,0.00017910109,2,Muzyka
Play music on pandora,3,3,1,0.00014441712,2,Muzyka
Add 100% te ljubam to the Hit Remix playlist,0,3,1,0.00018574263,2,Muzyka
play songs by Queen,3,3,1,0.00013293905,2,Muzyka
What movies are playing at Regal Entertainment Group,6,4,0,0.00012922211,2,Muzyka
Add Showcase in a Suitcase to the chill out playlist.,0,3,1,0.00038455482,2,Muzyka
Put Jean Philippe Goncalves onto my running to rock 170 to 190 bpm .,0,4,1,0.0019429885,2,Muzyka
book in OH in Gurabo for velma and gloria,1,0,0,0.0002469626,2,Muzyka
"I need a table in Ottoville on Feb. 15th, 2029 at Gus Stevens Seafood Restaurant & Buccaneer Lounge",1,0,0,0.00021973586,2,Muzyka
Play an Andy Silvester sound track from the thirties on Spotify,3,3,1,0.00018223531,2,Muzyka
Tell me if snow is in the forecast for Teterville,2,1,0,0.00016102123,2,Muzyka
add Devil Pray to my party list,0,3,1,0.0006184509,2,Muzyka
Play Bitch Please Ii from Julee Cruise on Iheart,3,3,1,0.00014562462,2,Muzyka
Play Contigo En La Distancia,3,3,1,0.00013736609,2,Muzyka
Please use pandora to play a record from 1993,3,3,1,0.00015756422,2,Muzyka
Play some dance music,3,3,1,0.00014541119,2,Muzyka
Add Theater to my New Metal Tracks playlist,0,3,1,0.00032415742,2,Muzyka
Play 1952 Yusef Lateef on Netflix,3,3,1,0.00022472984,2,Muzyka
Play a sound track by Mac Dre .,3,3,1,0.00014630167,2,Muzyka
Use Deezer to play music,3,3,1,0.00024767875,2,Muzyka
add the artist Ruby to my digging now list,0,3,1,0.00017383248,2,Muzyka
Play music from the seventies,3,3,1,0.00013871778,2,Muzyka
Play Songs Of Heaven by ami koshimizu,3,3,1,0.00012161516,2,Muzyka
Play any album from the twenties,3,3,1,0.0001234277,2,Muzyka
Can you get me the Rakuen Tsuihou Expelled from Paradise television show ?,5,3,0,0.00014919795,2,Muzyka
what is the movie schedules for movies in the area,6,4,0,0.000116410476,2,Muzyka
Get me the Trick or Treats soundtrack .,5,3,0,0.00012773903,2,Muzyka
Add Strong to the Metal Monday playlist,0,3,1,0.00015853795,2,Muzyka
Rate Nuclear Terrorism The Ultimate Preventable Catastrophe 5 stars,4,2,0,0.00016165865,2,Muzyka
add song to Zen Focus playlist,0,3,1,0.00014189442,2,Muzyka
Can you play that last ep from the twenties,3,3,1,0.0001809852,2,Muzyka
What time is Children of Divorce playing,6,4,0,0.00018572819,2,Muzyka
add track to All Out 70s,0,3,1,0.00015480645,2,Muzyka
I want to hear the latest twenties album from Kyle Riabko,3,3,1,0.00015152151,2,Muzyka
"Will it be freezing in Poland on July 5, 2032",2,1,0,0.00018586809,2,Muzyka
Play my entertaining playlist,3,3,1,0.00016104714,2,Muzyka
Add Andreas Johnson to my Rock Save The Queen playlist,0,3,1,0.00013589775,2,Muzyka
Book the tea house on North River,1,0,0,0.00020716636,2,Muzyka
Play me the track Mama Liked The Roses,3,3,1,0.00011450482,2,Muzyka
Add house of pain to my 90s Indie playlist,0,3,1,0.00019823252,2,Muzyka
Open up Lastfm and play some songs.,3,3,1,0.0003531158,2,Muzyka
Rate this album a 4,4,2,0,0.00014141982,2,Muzyka
"I want to listen to Lastfm , play A Drop Of The Hard Stuff by Joi Chua .",3,3,1,0.00015707382,2,Muzyka
What is the weather forecast nearby Nicodemus,2,1,0,0.00015156245,2,Muzyka
A Shawnna to the Warm Hearts Feel Good playlist.,0,3,1,0.00015355115,2,Muzyka
I want to hear a track by Ryohei Yamamoto on Vimeo,3,3,1,0.00014584472,2,Muzyka
Can you play an ep from the year 1958 ?,3,3,1,0.0002125917,2,Muzyka
What's the weather for McCracken in Niger,2,1,0,0.00015097138,2,Muzyka
add 157 Riverside Avenue to leticia's animal humor playlist,0,3,1,0.00040890742,2,Muzyka
Please get me the Critical Condition show .,5,3,0,0.00013013018,2,Muzyka
use Spotify to play Nina Persson from 1962,3,3,1,0.0002839189,2,Muzyka
play Make The Cowboy Robots Cry by Sabin Rai on Vimeo,3,3,1,0.00016548143,2,Muzyka
marcia carolus rex should get added to my Women of SXSW playlist,0,3,1,0.00021595965,2,Muzyka
I want to dine in Luray,1,0,0,0.0002334243,2,Muzyka
Play some eighties music.,3,3,1,0.00017102009,2,Muzyka
What time is Crush and Blush playing at Kerasotes Theatres,6,4,0,0.00015087977,2,Muzyka
use Lastfm to play Attack Of The Planet Smashers,3,3,1,0.00043745292,2,Muzyka
Play El Cant Dels Ocells by vini lopez .,3,3,1,0.00011924222,2,Muzyka
add tune to Electro Workout,0,3,1,0.00015464738,2,Muzyka
Add this album ny bill callahan to my Mi Casa Es La Tuya Playlist Oficial list.,0,3,1,0.00021232918,2,Muzyka
Book a table at a bar in Argentina .,1,0,0,0.00019803269,2,Muzyka
Please find me a novel called The Caledonian-Record .,5,3,0,0.00013597876,2,Muzyka
What's the weather forecast for 3 hours from now at Christmas Island ?,2,1,0,0.00015667864,2,Muzyka
award this current novel 0 points,4,2,0,0.00014980741,2,Muzyka
Play the track Pocahontas John Farnham,3,3,1,0.0001071456,2,Muzyka
Where to watch show Extremely Live,5,3,0,0.0002546319,2,Muzyka
Please add Liberty Forever to the road trip playlist.,0,3,1,0.00020023633,2,Muzyka
Find a television show called Swing High .,5,3,0,0.00014817601,2,Muzyka
What is the weather in neighboring OH,2,1,0,0.00014747467,2,Muzyka
Put Lullaby of Birdland onto fusion fest .,0,3,1,0.00065502676,2,Muzyka
I want to add this So Chan whee tune to Latin Alternative Music,0,3,1,0.00015463181,2,Muzyka
Play some sixties songs on Google Music,3,3,1,0.00028964895,2,Muzyka
Will it be warmer in Saint Louis Park,2,1,0,0.00017240943,2,Muzyka
Find me showtimes for A Christmas Story starting at eleven o'clock .,6,4,0,0.00013292122,2,Muzyka
find films closest to a cinema,6,4,0,0.00014095828,2,Muzyka
Play me a song from the twenties by Randy Bachman,3,3,1,0.000156185,2,Muzyka
Play some music on Last Fm,3,3,1,0.00019965481,2,Muzyka
Add radhae unakku kobam aagathadi to my Women of Metal playlist,0,3,1,0.00032021184,2,Muzyka
Add decade in the sun best of stereophonics to laundry .,0,3,1,0.0005225056,2,Muzyka
Add Sarah Vaughan to the spa treatment playlist.,0,3,1,0.00028774646,2,Muzyka
add Marching Band to miami 2017 guest list,0,3,1,0.00041505645,2,Muzyka
add Run Rudolph Run to my rockin' playlist,0,3,1,0.00018352404,2,Muzyka
Play a Wendy Carlos song from 2002,3,3,1,0.00012797964,2,Muzyka
add heresy and the hotel choir to the evening acoustic playlist,0,3,1,0.00019060817,2,Muzyka
What time is The Man Who Dared playing at the movie theatre ?,6,4,0,0.00013099125,2,Muzyka
What's the weather going to be like around Lewis and Clark Trail sixteen hours from now ?,2,1,0,0.00015713845,2,Muzyka
Play some sister rosetta tharpe songs from the eighties,3,3,1,0.00013998189,2,Muzyka
Add this track to Duetos,0,3,1,0.00016805425,2,Muzyka
I want 4813 added to my Rhythm and Blues playlist,0,3,1,0.0003390245,2,Muzyka
I want another song in my rock español playlist.,0,3,1,0.00014383029,2,Muzyka
Add this tune to hipster soul,0,3,1,0.00013796252,2,Muzyka
can i have the local movie times,6,4,0,0.00012623111,2,Muzyka
Will it get warmer in the same area as Sandy Point National Wildlife Refuge,2,1,0,0.00016339499,2,Muzyka
For the playlist this is mozart add Nana Mizuki Live Fighter -Blue x Red Side-,0,3,1,0.00021445595,2,Muzyka
add this elbridge bryant song to my inyección musical playlist,0,3,1,0.00015239125,2,Muzyka
Will there be rain next year in New Hampshire ?,2,1,0,0.00015744487,2,Muzyka
Please play some Black Metal music,3,3,1,0.00013100254,2,Muzyka
Find the movie schedule for B&B Theatres .,6,4,0,0.0001245218,2,Muzyka
Add song to my Club Hits,0,3,1,0.00013810121,2,Muzyka
play zvooq Southern Gothic,3,3,1,0.00011009174,2,Muzyka
Give The Resistance 2 out of 6 stars .,4,2,0,0.00013882,2,Muzyka
Play the best music by Arthur Johnston .,3,3,1,0.00017713929,2,Muzyka
Play a twenties soundtrack on Youtube,3,3,1,0.00013371735,2,Muzyka
Can you put the artist Giovanni Giacomo Gastoldi onto the Chill Out Music playlist?,0,3,1,0.00015429565,2,Muzyka
What's the weather like in Mountainair,2,1,0,0.00015637318,2,Muzyka
play symphony music from the fourties with google music,3,3,1,0.00024290812,2,Muzyka
Play something off Rage Radio,3,3,1,0.00014584948,2,Muzyka
Is it windy in June Park ?,2,1,0,0.00015945632,2,Muzyka
What will the weather be in NM in 1 minute,2,1,0,0.00014490518,2,Muzyka
Add the track to the work playlist.,0,3,1,0.0002404618,2,Muzyka
play soem nineties Charles Thompson,3,3,1,0.00013106802,2,Muzyka
Tell me if it'll be chillier now in Engadine,2,1,0,0.000173423,2,Muzyka
I want another artist on my atmospheric black metal playlist,0,3,1,0.0001507621,2,Muzyka
play some Industrial music on Lastfm,3,3,1,0.00031359002,2,Muzyka
Play some ivy anderson from around 1967,3,3,1,0.0001418638,2,Muzyka
I want to hear Nokko 's songs from the twenties,3,3,1,0.0001722477,2,Muzyka
Play me the most popular Arthur Johnston song,3,3,1,0.00014772972,2,Muzyka
play the album Everybody Happy by Lee Aaron,3,3,1,0.00011174324,2,Muzyka
"What is the weather like in Roeland Park , Guadeloupe ?",2,1,0,0.00015775341,2,Muzyka
Add elastic love to This Is Stormzy,0,3,1,0.00012396957,2,Muzyka
Play Slacker radio.,3,3,1,0.00020843491,2,Muzyka
book a spot at a coffeehouse in New York with wifi at 8 pm,1,0,0,0.000219016,2,Muzyka
I would give Sixty Lights chronicle a rating of five and a best rating of 6,4,2,0,0.00013640129,2,Muzyka
Play a new song from 1976 .,3,3,1,0.00014845075,2,Muzyka
Find a song called In Your Eyes .,5,3,0,0.0001468743,2,Muzyka
Add a track to the emo forever playlist.,0,3,1,0.00021470641,2,Muzyka
play Neutrons by Seun Kuti,3,3,1,0.000114459646,2,Muzyka
Play Chris Goss on Netflix,3,3,1,0.00017647294,2,Muzyka
I want to book Oregon Electric Station in North City .,1,0,0,0.00024288692,2,Muzyka
play the top-twenty tune by Masaharu Fukuyama on Slacker,3,3,1,0.000120922334,2,Muzyka
Play the most popular Grace Slick song that has a symphony sound,3,3,1,0.0002256933,2,Muzyka
Add this tune to the Spinnin' Records Top 100 list,0,3,1,0.0004067567,2,Muzyka
I would like to hear music from 1993,3,3,1,0.00015914612,2,Muzyka
add Madchild to Electro Latino,0,3,1,0.00021134446,2,Muzyka
Play Oliver Cheatham 's symphony from the thirties .,3,3,1,0.00017118428,2,Muzyka
I need a reservation for around London Borough,1,0,0,0.00019358745,2,Muzyka
Book a restaurant in the Maldives in one second .,1,0,0,0.00036161116,2,Muzyka
What movie schedules are at National Amusements,6,4,0,0.00011618041,2,Muzyka
Play me a 1986 Jim Root,3,3,1,0.0001404694,2,Muzyka
Put this album on totally alternative,0,3,1,0.00012011385,2,Muzyka
play some seventies Dj Colette,3,3,1,0.00012159317,2,Muzyka
add this Rob Campanella tune to psychedelic rock,0,3,1,0.00013822665,2,Muzyka
Put abe laboriel onto the Escapada playlist.,0,3,1,0.00033498317,2,Muzyka
Play the theme tune that Christian Fennesz wrote,3,3,1,0.00014745006,2,Muzyka
"Add sugarolly days to my list, your favorite slaughterhouse",0,3,1,0.0013173332,2,Muzyka
play a new soundtrack by Benjamin Darvill on Groove Shark,3,3,1,0.00013087681,2,Muzyka
Add See Me Now to my enamorándose playlist,0,3,1,0.00033871757,2,Muzyka
Open Netflix and find a movie with the song heartful,3,3,1,0.00010924814,2,Muzyka
Play ballad from Mandy Moore,3,3,1,0.00013012673,2,Muzyka
Play That Stubborn Kinda Fellow by Michael Amott,3,3,1,0.00013185272,2,Muzyka
Will it be hotter in Pruntytown Rhode Island,2,1,0,0.00018605155,2,Muzyka
When is We Stick Together Through Thick and Thin playing at ArcLight Hollywood ?,6,4,0,0.00017629776,2,Muzyka
Play Short Walk On A Long Pier on Slacker,3,3,1,0.00013604773,2,Muzyka
Add alexia to women of classical,0,3,1,0.00017223594,2,Muzyka
Can you find me reservations for this morning at a restaurant that serves stracciatella ?,1,0,0,0.00017950595,2,Muzyka
play the most popular album on Google Music by sasu ripatti,3,3,1,0.00016318526,2,Muzyka
Play a sound track from 1952 .,3,3,1,0.00014887641,2,Muzyka
Book a restaurant in Delhi Arkansas for three people.,1,0,0,0.00022602016,2,Muzyka
rate The Bunce 1 stars,4,2,0,0.00013949935,2,Muzyka
Play Regulate…g Funk Era by artist Iouri Bachmet on groove shark,3,3,1,0.000109545384,2,Muzyka
Play me songs from 1955,3,3,1,0.00015855691,2,Muzyka
Add ana carolina to chill,0,3,1,0.00034688978,2,Muzyka
I want a table at James D. Conrey House in Urbank California,1,0,0,0.00019003447,2,Muzyka
Add J J Cale to my heavy gamer playlist.,0,3,1,0.00056402566,2,Muzyka
I give 0 points to the book The Eleventh Hour,4,2,0,0.0001525372,2,Muzyka
add a song by Masayoshi Yamazaki to my this is Los Fabulosos Cadillacs playlist,0,3,1,0.00014404098,2,Muzyka
add Francesco De Gregori to my classical new releases spotify picks playlist,0,3,1,0.00031747366,2,Muzyka
Play Shinji Miyazaki 's music on netflix,3,3,1,0.00022503092,2,Muzyka
Please find a restaurant in Sierraville Wyoming that has room for 6,1,0,0,0.00021501617,2,Muzyka
add artist to Novedades Pop,0,3,1,0.00011915327,2,Muzyka
Play the most popular stuff by Tina Dico,3,3,1,0.00010712031,2,Muzyka
Play a rock track from 1984,3,3,1,0.00013556953,2,Muzyka
Can you play any chant from the fourties ?,3,3,1,0.00023486017,2,Muzyka
Play ecstatic,3,3,1,0.000113709546,2,Muzyka
add artist to lo mejor de los 00's,0,3,1,0.00016900466,2,Muzyka
Add the name the Song about the Towel to playlist piano in the background,0,3,1,0.00013807106,2,Muzyka
find a highly rated brasserie restaurant in Liberia and book a table for 5,1,0,0,0.00019414542,2,Muzyka
I want to hear some freestyle music.,3,3,1,0.0002851245,2,Muzyka
I want to give the current textbook 2 out of 6,4,2,0,0.00014169599,2,Muzyka
play Tom Jones album from the twenties,3,3,1,0.00012199292,2,Muzyka
book a brasserie with a pool within the same area as my neighborhood for 5 people at 1926,1,0,0,0.00018056076,2,Muzyka
Play a top track by Janamanchi Seshadri Sarma,3,3,1,0.00010630561,2,Muzyka
I need films in the neighborhood,6,4,0,0.00016636594,2,Muzyka
Play my Éxitos España playlist,3,3,1,0.0001635983,2,Muzyka
add this tune to my guest list gamesradar playlist,0,3,1,0.00018646233,2,Muzyka
Give this chronicle a 4 out of 6,4,2,0,0.00013997695,2,Muzyka
this novel deserves 4 to 6 stars for its writing.,4,2,0,0.00013943075,2,Muzyka
Play the top five Cemil Bey songs,3,3,1,0.00014175141,2,Muzyka
rate the current book a four,4,2,0,0.00013428679,2,Muzyka
Play some techno on Lastfm,3,3,1,0.0002754478,2,Muzyka
add Ghost on the Dance Floor to my Autumn Lounge playlist,0,3,1,0.00028134728,2,Muzyka
Please add this song to indiespain list,0,3,1,0.00020706104,2,Muzyka
give this textbook zero out of 6 points,4,2,0,0.00014427947,2,Muzyka
play the greatest james yorkston song,3,3,1,0.00011836994,2,Muzyka
play In Your Eyes by gareth gates on Netflix,3,3,1,0.00014074799,2,Muzyka
add this album to my de camino a clase playlist,0,3,1,0.00015615951,2,Muzyka
Add from the ashes to my rock gaming playlist,0,3,1,0.0007483686,2,Muzyka
I would give this current textbook five points or a rating of 6,4,2,0,0.0001340246,2,Muzyka
add this clint mansell song to latin pop classics,0,3,1,0.00014600133,2,Muzyka
Add Progress to my clásica para todos playlist.,0,3,1,0.0007465464,2,Muzyka
show me the painting Live – Very Live in Concert,5,3,0,0.0001411092,2,Muzyka
Can you add something by Wynter Gordon to my soul lounge playlist,0,3,1,0.0002191201,2,Muzyka
I am rating this book called Nuclear War Survival Skills zero stars,4,2,0,0.0001426652,2,Muzyka
I give this book a 3 out of 6 .,4,2,0,0.00013514108,2,Muzyka
book a table for 6 at a restaurant in Nebraska,1,0,0,0.00019480076,2,Muzyka
what is the forecast for close to Texas,2,1,0,0.00016467707,2,Muzyka
Add a song to my playlist Black History Salute,0,3,1,0.00012948847,2,Muzyka
use Slacker to listen to seventies music,3,3,1,0.00024787622,2,Muzyka
play Tales from the Organ Trade,5,3,0,0.000138923,2,Muzyka
Play some fourties music on Spotify .,3,3,1,0.00037997644,2,Muzyka
Play me the song Just to See You Smile .,5,3,0,0.00014701695,2,Muzyka
Play the best ballad by The Rascals .,3,3,1,0.000115510826,2,Muzyka
Can you play me songs from the Estado de ánimo playlist?,3,3,1,0.00026401892,2,Muzyka
play Spotify,3,3,1,0.00014486474,2,Muzyka
Add tunnel rats to my Rhythm and Blues playlist,0,3,1,0.00021184442,2,Muzyka
give 1 points to current textbook,4,2,0,0.0001414896,2,Muzyka
Can you put tire me onto my new music friday latin playlist?,0,3,1,0.0002153413,2,Muzyka
Can you find Fire Escape in the Sky The Godlike Genius of Scott Walker,5,3,0,0.00011059805,2,Muzyka
Add martin barre to my punk unplugged playlist.,0,3,1,0.00042678046,2,Muzyka
what is the weather forecast for Israel,2,1,0,0.00016212488,2,Muzyka
play Solange 2016 album,3,3,1,0.00014977457,2,Muzyka
play Netflix tunes from 2003 on an album,3,3,1,0.0001569625,2,Muzyka
Rate this essay 3 of 6 points,4,2,0,0.00014378817,2,Muzyka
Can you put this track onto classic jazz funk ?,0,3,1,0.00015693992,2,Muzyka
Play Skin & Bone by Jess Stacy on Deezer,3,3,1,0.00014020782,2,Muzyka
I want to the latest ballad from Ira Losco,3,3,1,0.00012884343,2,Muzyka
Play a twenties track by the aj carothers on Zvooq .,3,3,1,0.0001540428,2,Muzyka
Search for the Un provinciale a New York TV show,5,3,0,0.000116308234,2,Muzyka
Add another tune to my Pumping Iron playlist.,0,3,1,0.00022469286,2,Muzyka
Let's hear good Mohammad Mamle on Vimeo .,3,3,1,0.0012484018,2,Muzyka
Play me a Xuefei Yang symphony on Groove Shark,3,3,1,0.00020971039,2,Muzyka
find Saison 7 de Sons of Anarchy,5,3,0,0.0021536208,2,Muzyka
add this tune to my Rock This,0,3,1,0.00011238299,2,Muzyka
Add Bronislau Kaper to the drive playlist.,0,3,1,0.00043936292,2,Muzyka
Add patti page album to i love my neo soul,0,3,1,0.000121885554,2,Muzyka
Play POP GOES THE 80s .,3,3,1,0.00013740412,2,Muzyka
Make a reservation at a tavern which serves clam cake for a party of 8 in Western Sahara .,1,0,0,0.0001826449,2,Muzyka
Find Z Cars .,5,3,0,0.00024944276,2,Muzyka
Put some frank ferrer into my edna st vincent millay playlist.,0,3,1,0.0012602953,2,Muzyka
Add the Keep Your Receipt EP to my Digster Reggae playlist.,0,3,1,0.00018114188,2,Muzyka
Play some acapella music on Iheart,3,3,1,0.00018851814,2,Muzyka
Add De Principii Evangelikum to my Domingo Indie palylist,0,3,1,0.00014794759,2,Muzyka
Please add the song by Sunil Santha to my Pre-Party R&B Jams list,0,3,1,0.00016523768,2,Muzyka
"Play Oj, Jelena, Jelena, Jabuka Zelena by Ler Lalonde .",3,3,1,0.00018755555,2,Muzyka
play Top 100 Indie Tracks on Spotify on Lastfm,3,3,1,0.00025205745,2,Muzyka
Add nana tanimura to a sudden rainstorm,0,3,1,0.0022203142,2,Muzyka
play Vivian Stanshall from 1962,3,3,1,0.0001726022,2,Muzyka
add my hands to travelling playlist,0,3,1,0.00022266706,2,Muzyka
Please play something from Dihan Slabbert that's on the top fifty,3,3,1,0.00011623275,2,Muzyka
Is it cloudy in Cuba ?,2,1,0,0.0001679253,2,Muzyka
Add a track to my girls' night playlist.,0,3,1,0.0002030838,2,Muzyka
Play the top-10 chant by Caetano Veloso on Pandora,3,3,1,0.00014680048,2,Muzyka
play Are & Be,3,3,1,0.00011447901,2,Muzyka
Play music off the track Child Maurice,3,3,1,0.00013013104,2,Muzyka
I need a table for five in Viroqua,1,0,0,0.00018355773,2,Muzyka
add the wee wee man to pamela's Stress Relief playlist,0,3,1,0.0001694145,2,Muzyka
Play a song from 2013 .,3,3,1,0.00023036258,2,Muzyka
Add Spanish Harlem Incident to cleaning the house,0,3,1,0.0009719516,2,Muzyka
Play White Noise .,3,3,1,0.00017730633,2,Muzyka
play an eighties track,3,3,1,0.00012811301,2,Muzyka
I need a table for 3 in AK .,1,0,0,0.00017703815,2,Muzyka
Please look up the Around the World in Eighty Days movie .,5,3,0,0.00013899416,2,Muzyka
Add Yma Sumac to this is animal collective,0,3,1,0.00016897553,2,Muzyka
Play Odessa by Maartin Allcock .,3,3,1,0.00012539346,2,Muzyka
Add the song virales de siempre by the cary brothers to my gym playlist.,0,3,1,0.000254398,2,Muzyka
Book a reservation for my mommy and I at a restaurant in Central African Republic,1,0,0,0.00022431964,2,Muzyka
add back on the dancefloor to my bajo las estrellas playlist,0,3,1,0.00026870487,2,Muzyka
add manuelita to my indiespensables playlist,0,3,1,0.0002936655,2,Muzyka
Play me a song from the fourties,3,3,1,0.000168876,2,Muzyka
Play me something on Last Fm,3,3,1,0.00017044741,2,Muzyka
I want to hear the Fear The Boom And Bust song from haruka shimotsuki off of Spotify,3,3,1,0.00013811157,2,Muzyka
play songs by Wise,3,3,1,0.00014500863,2,Muzyka
What is the forecast this month in Kosovo,2,1,0,0.00015883567,2,Muzyka
Play me some seventies music with a good melody,3,3,1,0.00017276773,2,Muzyka
"Play my Hardstyle, Baby playlist on Netflix",3,3,1,0.00030911408,2,Muzyka
Play music on Netflix .,3,3,1,0.0003224197,2,Muzyka
Tell me what movies are showing at seven am at the closest movie house .,6,4,0,0.00012537767,2,Muzyka
I need a reservation for 3 hours from now with a party of nine in neighboring Sweden,1,0,0,0.00017734927,2,Muzyka
Will there be a storm nearby,2,1,0,0.00016148928,2,Muzyka
Include love love love in the Dinner Music playlist.,0,3,1,0.00033892886,2,Muzyka
Add Art Garfunkel to the Chill Tracks playlist.,0,3,1,0.0003450376,2,Muzyka
add the artist to the 90's Baby Makers playlist,0,3,1,0.00014118523,2,Muzyka
Add this artist to sleep tight,0,3,1,0.0001257515,2,Muzyka
Rate the Egg Collecting and Bird Life of Australia saga a one,4,2,0,0.0001400452,2,Muzyka
I want to hear some sixties melody from Mark Mcentee off of Google Music,3,3,1,0.00014621743,2,Muzyka
add licorice mckechnie to just dance by aftercluv,0,4,1,0.00093686994,2,Muzyka
Add to playlist i love my neo soul the name national treasure book of secrets,0,3,1,0.00013120935,2,Muzyka
put this album on my road trip playlist,0,3,1,0.00015255298,2,Muzyka
play The Song Remains The Same with Pandora,3,3,1,0.00013138239,2,Muzyka
Is it going to be warm here for brunch,2,1,0,0.00018695275,2,Muzyka
this is rated 5 out of 6 for an essay,4,2,0,0.00014066255,2,Muzyka
"Rate this part of the series , The Harrowing of Gwynedd , zero out of 6 .",4,2,0,0.00014266814,2,Muzyka
Play some theme songs from the fourties,3,3,1,0.0001482947,2,Muzyka
Play music from Lastfm,3,3,1,0.00016231314,2,Muzyka
What time is Goodbye Mothers playing?,6,4,0,0.00025933902,2,Muzyka
Add manos hatzidakis to lo mejor de los 00's,0,3,1,0.00027738579,2,Muzyka
play Kings Of The Wild Frontier by Andrea Bocelli,3,3,1,0.000114483446,2,Muzyka
Where can I find On the Marble Cliffs,5,3,0,0.00011936433,2,Muzyka
Is this film going to be at Malco Theatres ?,6,4,0,0.00012821112,2,Muzyka
Do you have something like Impossible Is Nothing by Abderrahmane Abdelli ?,3,3,1,0.00011969481,2,Muzyka
Please look up for Disney Universe .,5,3,0,0.0002078757,2,Muzyka
Play the Charlie Hunter theme off of Last Fm,3,3,1,0.00010766537,2,Muzyka
Start playing something from Iheart,3,4,1,0.00046212503,2,Muzyka
Find a photograph of Adventure Time The Secret of the Nameless Kingdom,5,3,0,0.000130497,2,Muzyka
Play some music from Miss Platnum,3,3,1,0.00013772312,2,Muzyka
Play the newest ballad from Chad Urmston,3,3,1,0.000168551,2,Muzyka
Add Richard McNamara newest song to the Just Smile playlist,0,3,1,0.00018024028,2,Muzyka
play Monie Love tunes on Google Music from 1984 from her song list,3,3,1,0.0002286902,2,Muzyka
Add rosemary clooney to Pura Vida playlist,0,3,1,0.0007387642,2,Muzyka
Add this song to my cleaning the house playlist,0,3,1,0.00014081721,2,Muzyka
on Deezer play fourties tunes by Jona Bechtolt and a ballad,3,3,1,0.00011996433,2,Muzyka
I want to book a table at a nearby restaurant in Andorra for me and my kids .,1,0,0,0.00020851313,2,Muzyka
Add Rattus at the Roundhouse to my funk playlist.,0,4,1,0.0010407137,2,Muzyka
Can you add something by Snow onto my Zen Focus playlist,0,3,1,0.00021454108,2,Muzyka
Play Larry Graham sound track,3,3,1,0.00013530068,2,Muzyka
Add inconfundible to the piano in the background playlist.,0,3,1,0.00070996094,2,Muzyka
Add this tune to my 70s road trip list,0,3,1,0.00013060252,2,Muzyka
rate this book a 4 out of 6,4,2,0,0.0001393639,2,Muzyka
zero points for Birds of South Asia. The Ripley Guide,4,2,0,0.00014307594,2,Muzyka
please add this track to my de camino playlist,0,3,1,0.00016527153,2,Muzyka
can i get the movie schedule for Goodrich Quality Theaters,6,4,0,0.000117896285,2,Muzyka
Add Stephanie Biddle to my Digster Reggae playlist,0,3,1,0.00021605854,2,Muzyka
Play me a song from 1976 by Bennie Moten,3,3,1,0.0002285282,2,Muzyka
Put Molly and Tenbrooks in the French N' Heavy playlist.,0,3,1,0.00065927603,2,Muzyka
Add artist to my working day,0,3,1,0.00013917427,2,Muzyka
Add the 40 cal tune to the laundry playlist.,0,3,1,0.00024634568,2,Muzyka
Add Waltz for Debby to my Soft Pop Hits playlist.,0,3,1,0.0003643061,2,Muzyka
Give me the Spirit the Earth Aflame TV show .,5,3,0,0.00016053098,2,Muzyka
I would rate Eater of Wasps a value of zero and a best rating of 6,4,2,0,0.00014114339,2,Muzyka
Is the forecast chillier in 1 hour in Mali,2,1,0,0.0001661309,2,Muzyka
add the artist cho kyu hyun to Funky Jams,0,3,1,0.00011870069,2,Muzyka
"What will the weather be not far from here on October the nineteenth, 2026 ?",2,1,0,0.00015821592,2,Muzyka
Add Sifow to my Skatepark Punks playlist,0,3,1,0.00032130207,2,Muzyka
I want to add the Tim Smith album to my best of 2010's playlist,0,3,1,0.00016512508,2,Muzyka
How is weather here ?,2,1,0,0.00014877616,2,Muzyka
Add some martine mccutcheon to my original columbia jazzmasters list,0,3,1,0.0013742897,2,Muzyka
Play the Mister Music Man by Gene De Paul .,3,3,1,0.00012556174,2,Muzyka
play some Kyle Ward from the seventies,3,3,1,0.00012173318,2,Muzyka
Play any music on Spotify,3,3,1,0.0001676453,2,Muzyka
Add Hotter Than Hell to my Fiesta playlist,0,3,1,0.0002689135,2,Muzyka
Show the movie schedule at Regal Entertainment Group,6,4,0,0.00012294803,2,Muzyka
Is it forecast to be stormy close to Nimule-Nationalpark 1 hour from now ?,2,1,0,0.00015171118,2,Muzyka
Add the artist Borys Ljatoschynskyj to my under the surface playlist,0,3,1,0.00015616116,2,Muzyka
For The Curious Incident of the Dog in the Nightdress I rate it 2 of 6 points,4,2,0,0.00014176633,2,Muzyka
show the schedule of movie Unborn but Forgotten,6,4,0,0.00016390021,2,Muzyka
find the photograph Among the Living,5,3,0,0.000114149116,2,Muzyka
Add another album to my friendesemana playlist.,0,3,1,0.00016948902,2,Muzyka
add xsuie in Your Favorite Coffeehouse,0,0,1,0.000417849,2,Muzyka
Will be it cloudy close by Azerbaijan in 55 weeks ?,2,1,0,0.00015683228,2,Muzyka
The Sleep Machine Waterscapes playlist needs some kris chetan ramlu in it.,0,3,1,0.00023941748,2,Muzyka
What is the movie schedule like,6,4,0,0.00012985016,2,Muzyka
Add the track BG Knocc Out to the rapcaviar playlist,0,3,1,0.0001651221,2,Muzyka
add little musgrave and the lady barnard to ora's Punk Rock Workout playlist,0,3,1,0.00022490743,2,Muzyka
What does it feel like in Connecticut,2,1,0,0.0001986205,2,Muzyka
add Bedroom Jams to album,0,3,1,0.00015772876,2,Muzyka
play my De Camino playlist,3,3,1,0.00023111593,2,Muzyka
Play my Women of Rock playlist.,3,3,1,0.00020429137,2,Muzyka
I want to hear opera on Netflix,3,3,1,0.0004689173,2,Muzyka
Play 1958 music on Iheart,3,3,1,0.00012631173,2,Muzyka
I would rate this current essay a 0,4,2,0,0.00013481149,2,Muzyka
I'd like a table for six at the bakery in AS,1,0,0,0.00016262312,2,Muzyka
add take it back to my Metal Party playlist,0,3,1,0.00017873653,2,Muzyka
add eric moo to women of jazz,0,3,1,0.0003009105,2,Muzyka
Will it be colder in Litchfield,2,1,0,0.00016323599,2,Muzyka
add The Field album to my romantic evening album,0,3,1,0.00014277922,2,Muzyka
play the Hell of a Life movie,5,3,0,0.0001045522,2,Muzyka
add the album to the Six string peacefulness playlist,0,3,1,0.0001793988,2,Muzyka
find a novel called Best Hits Live Save the Children Speed Live 2003,5,3,0,0.00011710889,2,Muzyka
Play Dave Joyal,3,3,1,0.00011204931,2,Muzyka
Add tune to this is trey songz,0,3,1,0.00013943748,2,Muzyka
Play The Fool On The Hill by Khwaja Ghulam Farid,3,3,1,0.000110229135,2,Muzyka
rate this saga 0 out of 6,4,2,0,0.00014427997,2,Muzyka
Is the film Goodrich Quality Theaters playing at 1226 AM ?,6,4,0,0.00012535787,2,Muzyka
Book a restaurant distant from downtown .,1,0,0,0.00024012584,2,Muzyka
Play rie fu music sorted by the best .,3,3,1,0.00064708915,2,Muzyka
find the album The Peace-Maker,5,3,0,0.00011664915,2,Muzyka
Rate The Simplest Words a four out of 6 .,4,2,0,0.00013970403,2,Muzyka
add the current track to my This Is Tchaikovsky playlist,0,3,1,0.00018202826,2,Muzyka
Please add The image of you to my playlist Crate Diggers Anonymous,0,3,1,0.00020711117,2,Muzyka
Add this tune by Rafet el Roman to my Latin Pop Rising playlist.,0,3,1,0.00019237897,2,Muzyka
Add Ava Leigh to my Grime Instrumentals playlist,0,3,1,0.00022490838,2,Muzyka
Will the weather be cloudy seven weeks from now in Hinckley,2,1,0,0.00013827046,2,Muzyka
I want to add No Mystery to alejandra's Acoustic Love playlist,0,3,1,0.00018647828,2,Muzyka
Play me the best Charles Neidich song,3,3,1,0.00014671593,2,Muzyka
Rate this textbook 2 of 6 stars,4,2,0,0.00014245977,2,Muzyka
Add The “Chirping” Crickets to my Mellowed Out Gaming playlist,0,3,1,0.00023367822,2,Muzyka
play The New Timer by Augustus Pablo with Itunes,3,3,1,0.00020371543,2,Muzyka
add Defined by Struggle to Chillin' on a Dirt Road to my playlist,0,3,1,0.0003013356,2,Muzyka
Add BSlade to women of k-pop playlist,0,3,1,0.0003438519,2,Muzyka
Play a song by Juanes on Last Fm,3,3,1,0.00013100493,2,Muzyka
Sort eighties ep from the last,3,3,1,0.00014039723,2,Muzyka
"Can I book a restaurant that serves pastelaria in Takilma , Virgin Islands ?",1,0,0,0.00030848602,2,Muzyka
add ali lohan songs in Club Hits,0,3,1,0.0002841798,2,Muzyka
Find a TV show called Frontiers in Ecology and the Environment .,5,3,0,0.0002022311,2,Muzyka
Play Listen To The Mocking Bird by Billy Martin on Youtube,3,3,1,0.00014216399,2,Muzyka
"Play an album from the fourties , new first.",3,3,1,0.00019398202,2,Muzyka
Show me when Scandalous John is playing.,6,4,0,0.00017702456,2,Muzyka
Find and play a concerto on Zvooq from 1978 by Ginger Pooley,3,3,1,0.00032742968,2,Muzyka
Add el choclo to my women of classical list,0,3,1,0.0011463632,2,Muzyka
play the top-twenty songs by The Kleptones on Spotify,3,3,1,0.00017367465,2,Muzyka
Play Geddy Lee music on Spotify sort by top,3,3,1,0.00021581189,2,Muzyka
Add an album by cowboy troy to my piano in the background playlist.,0,3,1,0.00040090186,2,Muzyka
I want to hear Vegetables by pharrell williams,3,3,1,0.00011578558,2,Muzyka
add hold my liquor to electroNOW,0,3,1,0.00018931851,2,Muzyka
Give this book a rating of four out of 6 .,4,2,0,0.00013626862,2,Muzyka
rate this novel four points,4,2,0,0.00013950067,2,Muzyka
Where can I see The Somme starting at 160104 ?,6,4,0,0.00016094046,2,Muzyka
Play Miyavi 's music from seventies on Google Music .,3,3,1,0.0013104483,2,Muzyka
one stars out of 6 is my rating for The Giaour .,4,2,0,0.00013130344,2,Muzyka
I need the weather in ND in three hundred fifty one days,2,1,0,0.00014377663,2,Muzyka
What is the weather like at Emma Wood State Beach,2,1,0,0.0001582155,2,Muzyka
Play Tenerife Sea by Daniel Salomon on Lastfm,3,3,1,0.00021746635,2,Muzyka
Show me the movie times,6,4,0,0.00014234202,2,Muzyka
What is the movie schedule for General Cinema Corporation ?,6,4,0,0.00012318476,2,Muzyka
I want to book a restaurant for eight in Harding .,1,0,0,0.00019978316,2,Muzyka
"put this song in my funk playlist, please",0,3,1,0.00014107737,2,Muzyka
Find a book called The CIA World Factbook .,5,3,0,0.00014789045,2,Muzyka
Play track Real Talk,3,3,1,0.00014630365,2,Muzyka
Please play me some Satire music,3,3,1,0.00017302111,2,Muzyka
Add this tune to my playlist Guest List Mashable,0,3,1,0.0001316171,2,Muzyka
Add the album to my Flow Español playlist.,0,3,1,0.00018729367,2,Muzyka
Add Don and Sherri to my Meditate to Sounds of Nature playlist,0,3,1,0.00037790983,2,Muzyka
Find a soundtrack called Meet The Vogues .,5,3,0,0.0001345255,2,Muzyka
play Richard Thompson from the thirties song book,3,3,1,0.00011894544,2,Muzyka
I want to hear the new Latin Pop Rising list,3,3,1,0.00013367675,2,Muzyka
Play play Lodge by Alkabli on lastfm .,3,3,1,0.00020917096,2,Muzyka
I want to put another album into the a peaceful rush hour playlist.,0,3,1,0.00015253197,2,Muzyka
Find the TV show titled Timerider The Adventure of Lyle Swann,5,3,0,0.00011699161,2,Muzyka
"Is it going to be warmer in Cinnaminson , North Carolina at 0659 AM ?",2,1,0,0.00016023676,2,Muzyka
Play some tune from 2011 on Youtube,3,3,1,0.0001412137,2,Muzyka
Will it be foggy on the town meeting day vermont in Angola,2,1,0,0.00016244088,2,Muzyka
Rate A Faint Cold Fear 0 points,4,2,0,0.00013706925,2,Muzyka
I want to put Paul Young onto all new all now .,0,3,1,0.00026180648,2,Muzyka
Play fifties music by Ahmed Abdul Malik,3,3,1,0.0001405866,2,Muzyka
Play christian gangsta rap,3,3,1,0.00011698271,2,Muzyka
Add this tune to cristina's endorphin rush playlist,0,3,1,0.0001665377,2,Muzyka
play Asia Nitollano using itunes,3,3,1,0.0002216121,2,Muzyka
The Comics We Loved gets 1 out of 6 points,4,2,0,0.0001462664,2,Muzyka
Add robin trower to the medieval 50 spotify picks playlist.,0,3,1,0.00033373642,2,Muzyka
Is the weather overcast here and now ?,2,1,0,0.00015945651,2,Muzyka
play Realization by Randy Jackson,3,3,1,0.00010745373,2,Muzyka
Add geminism to power workout list,0,3,1,0.00037232327,2,Muzyka
To johnnie's funtime activity playlist add the name The Best of Guitar Shorty,0,3,1,0.00012847332,2,Muzyka
add track to my Gold Edition playlist,0,3,1,0.00015970705,2,Muzyka
Add a tune to the Calm Vibes playlist.,0,3,1,0.00021531539,2,Muzyka
Add night and day to my Lazy Chill Afternoon playlist,0,3,1,0.00021896964,2,Muzyka
Please play Kabhi Jo Baadal Barse by Ruth Lorenzo,3,3,1,0.00015365535,2,Muzyka
play music from 1950,3,3,1,0.00014308539,2,Muzyka
Play Shinehead 's music from the twenties on Slacker .,3,3,1,0.0002763183,2,Muzyka
add dan the automator to forever country,0,3,1,0.00016424916,2,Muzyka
Play some music on Vimeo .,3,3,1,0.00037322074,2,Muzyka
Add a song by Szahram Nazeri to my playlist called this is jennifer lopez,0,3,1,0.00016985372,2,Muzyka
Play some eighties movement music,3,3,1,0.00012365005,2,Muzyka
book a restaurant for november 19,1,0,0,0.00022554358,2,Muzyka
Please make reservations for a bar close-by in Lake Alfred .,1,0,0,0.00018598157,2,Muzyka
"Book a diner place or me and my best friend on Holy Saturday , capital of United Arab Emirates , where they serve pepperoni dishes",1,0,0,0.0002355706,2,Muzyka
What will the weather be like in three weeks in Gates Michigan,2,1,0,0.00014589916,2,Muzyka
open Itunes and play Kenny Cox most popular concerto,3,3,1,0.00022353212,2,Muzyka
play music using Groove Shark,3,3,1,0.00041515726,2,Muzyka
I'd like to play the top ten Mickdeth on Google Music,3,3,1,0.00030289002,2,Muzyka
Open Deezer and play Inyección Musical,3,3,1,0.00013764162,2,Muzyka
I want to hear them from the artist Murcof,3,3,1,0.00013945553,2,Muzyka
what's the closest movie theatre that is playing films,6,4,0,0.00013049567,2,Muzyka
"Play the track Fight On, State by Yuvan Shankar Raja",3,3,1,0.000106410356,2,Muzyka
Add a tune to the this is animal collective playlist.,0,3,1,0.00020348451,2,Muzyka
Can you play a song by Ken,3,3,1,0.00013851693,2,Muzyka
Put 4 points to The Last Island book,4,2,0,0.00014329524,2,Muzyka
Put a track by lil mama into my guest list sneaky zebra playlist.,0,3,1,0.00024433708,2,Muzyka
play the album Sauna on Zvooq,3,3,1,0.00012761052,2,Muzyka
Play Praise The Lord And Pass The Ammunition .,3,3,1,0.00013728454,2,Muzyka
add this Candi Staton artist to my Dancefloor Hits,0,3,1,0.00013688694,2,Muzyka
Add out of the air to my a mis niños de 30 playlist,0,3,1,0.00025015042,2,Muzyka
play the top song from Damon Albarn using Slacker,3,3,1,0.00017543744,2,Muzyka
Play a tune by Houston on Spotify,3,3,1,0.0001459991,2,Muzyka
"Locate a bakery in Rockport , Federated States Of Micronesia that serves olives",1,0,0,0.00048329236,2,Muzyka
Put more Unbelievable in my grandes unplugged playlist.,0,3,1,0.00025504347,2,Muzyka
I'd like to hear some trip-hop,3,3,1,0.00017785876,2,Muzyka
Create a theme station with Jim Creeggan records and collabs,3,3,1,0.00017452367,2,Muzyka
Book a highly rated restaurant for one person in Rainbow Lakes .,1,0,0,0.0002128133,2,Muzyka
Add Appreciation Day to My Folksy Love,0,3,1,0.00027452194,2,Muzyka
Play some Rockwell from around 1996,3,3,1,0.0001381404,2,Muzyka
play a seventies ballad by Annunzio Paolo Mantovani on Groove Shark,3,3,1,0.0001035379,2,Muzyka
play the last 1957 movement,3,3,1,0.00019356512,2,Muzyka
Play nineties,3,3,1,0.00010463131,2,Muzyka
Book a reservation for three at Clinton Street Baking Company & Restaurant,1,0,0,0.00017258647,2,Muzyka
Where can I buy a copy of the picture called Turn Against This Land ?,5,3,0,0.00013906352,2,Muzyka
add track to This Is Zezé Di Camargo & Luciano,0,3,1,0.00013342,2,Muzyka
will you put this song onto Women of Electronic,0,3,1,0.00014361097,2,Muzyka
Add Bone Crusher to the chill out playlist,0,3,1,0.00017101537,2,Muzyka
Play me a Patrick Cowley ballad,3,3,1,0.00013437467,2,Muzyka
what is the forecast for here,2,1,0,0.0001553079,2,Muzyka
play dj kentaro from the year 1994,3,3,1,0.00018792292,2,Muzyka
find Live at Memory Lane,5,3,0,0.000307085,2,Muzyka
Play thirties music by Flex on Google Music,3,3,1,0.0001955845,2,Muzyka
give 2 out of 6 to Smoke in the Forest,4,2,0,0.0001442084,2,Muzyka
Find time for All About Hash,6,4,0,0.0002736572,2,Muzyka
where can i see A Slice of Life,6,4,0,0.00037258197,2,Muzyka
What is the weather forecast in Country Club Heights,2,1,0,0.00014819605,2,Muzyka
add agua y sal in Classic Jazz Funk,0,3,1,0.0006809597,2,Muzyka
Add this track to clásicos del hip hop español,0,3,1,0.00016673912,2,Muzyka
Book a restaurant this year in Pagosa Junction for a romanian stle cusine for a party of two,1,0,0,0.00020589595,2,Muzyka
Is it freezing in Colorado,2,1,0,0.0001630764,2,Muzyka
play Soheila Zaland,3,3,1,0.0001218171,2,Muzyka
add this tune by Hal Patino to my Ambiente RnB playlist,0,3,1,0.00015735629,2,Muzyka
find War & Peace Vol. 1,5,3,0,0.00013314128,2,Muzyka
"The chronicle of The Emperor Wears No Clothes was too naive and simple, I'd give it 1 out of 6 stars .",4,2,0,0.00014197397,2,Muzyka
Please play the newest music by Evil Jared Hasselhoff,3,3,1,0.00012985805,2,Muzyka
Listen to Power Gaming playlist,3,3,1,0.0002542453,2,Muzyka
play music form the fourties with Slacker,3,3,1,0.00013048416,2,Muzyka
Open Groove Shark and play sound track from Dj Cameo,3,3,1,0.00012397417,2,Muzyka
Will the wind die down at my current location by supper time?,2,1,0,0.0001633886,2,Muzyka
Play Keep Your Right Up song,5,3,0,0.00012961544,2,Muzyka
Which movie theatre with Clean and Sober is closest to me?,6,4,0,0.00014219942,2,Muzyka
add something so right to lora's 80s Classic Hits playlist,0,3,1,0.00015012332,2,Muzyka
play a top Ryuichi Kawamura chant on Groove Shark,3,3,1,0.00017367088,2,Muzyka
rate Six Months in Mexico 1 out of 6,4,2,0,0.00013895342,2,Muzyka
I want ohear the 1996 soundtrack from deezer,3,3,1,0.00012490127,2,Muzyka
Can you play some music from my road trip album,3,3,1,0.00018727577,2,Muzyka
Play me a song from Movies For The Blind on Pandora,3,3,1,0.00013845197,2,Muzyka
Add changes & things to hot 50 playlist,0,3,1,0.0003636315,2,Muzyka
add party with friends by Constructs of the State to juliana's playlist,0,3,1,0.0002748669,2,Muzyka
Play Dj Cameo on itunes .,3,3,1,0.00025561752,2,Muzyka
put this album on r&b movement,0,3,1,0.00012587312,2,Muzyka
Play music from the year 1964,3,3,1,0.0001443828,2,Muzyka
add the tune to my jazz vibes playlist,0,3,1,0.00015386983,2,Muzyka
Will there be rainfall faraway from Uganda,2,1,0,0.0001692387,2,Muzyka
add Dr Know to the playlist named I Love My 90's R&B,0,3,1,0.0001480722,2,Muzyka
Put this song on legendary guitar solos,0,3,1,0.000121980025,2,Muzyka
Go to my all out 00s and add brian wilson,0,3,1,0.00031182158,2,Muzyka
show creative Last Light,5,3,0,0.00015573326,2,Muzyka
Play me a Cinder Block movement,3,3,1,0.0001622293,2,Muzyka
Give one start to the current book,4,2,0,0.00022593772,2,Muzyka
put this tune by ross the boss onto nação reggae,0,3,1,0.00012488214,2,Muzyka
I want to hear any tune from the twenties,3,3,1,0.00012234844,2,Muzyka
Make me a reservation that serves kebab at a delicatessen in AMbler,1,0,0,0.00017039731,2,Muzyka
play Long Way To Go by Keita Tachibana,3,3,1,0.00011974204,2,Muzyka
Play the red room sessions from chris cunningham,3,3,1,0.00017521725,2,Muzyka
Play some music from Roberto Carlos,3,3,1,0.000121667676,2,Muzyka
Add Tarkan to my madrugando playlist,0,3,1,0.00029666812,2,Muzyka
Play me the greatest Howard Levy song,3,3,1,0.0001419414,2,Muzyka
Add album to Pop Rising,0,3,1,0.00014961828,2,Muzyka
Use Spotify to play me music,3,3,1,0.00019060612,2,Muzyka
add sheila e to my i love my neo soul playlist,0,3,1,0.00018945511,2,Muzyka
I want to hear Rock Bottom by Playa Fly on Slacker,3,3,1,0.00023420526,2,Muzyka
"I need a reservation for Arcadian Court on June the fifth, 2035",1,0,0,0.00020363936,2,Muzyka
I'd like to watch Nathan the Wise at the closest movie house,6,4,0,0.00014599459,2,Muzyka
Play me a nineties song by Joseph Genaro,3,3,1,0.0001664256,2,Muzyka
Book a reservation for 9 people at a roman pizzeria,1,0,0,0.00017967793,2,Muzyka
Please play some Bill Evans music.,3,3,1,0.00020364072,2,Muzyka
book a spot at a restaurant with wifi that is neighboring Suriname,1,0,0,0.00022257221,2,Muzyka
find the television show Riding with the King,5,3,0,0.000117104624,2,Muzyka
Can you put falling upstairs on my playlist entitled This Is Thomas Rhett,0,3,1,0.00015434061,2,Muzyka
Add a track by BT to my independent music monday playlist.,0,3,1,0.00018757257,2,Muzyka
What are the movie times at Landmark Theatres,6,4,0,0.00011987279,2,Muzyka
Add an artist to the décadas playlist.,0,3,1,0.00026724619,2,Muzyka
What times will animated movies be showing nearby ?,6,4,0,0.00013267524,2,Muzyka
"Add this track by Del tha Funkee Homosapien to the playlist songs for you, not your parents",0,3,1,0.00014928769,2,Muzyka
Will it be overcast in South Dakota,2,1,0,0.00016841719,2,Muzyka
Is it freezing on Jun. the 21st in Apshawa South Africa,2,1,0,0.0001638735,2,Muzyka
find start time in 12 seconds for National Bomb,6,4,0,0.00013995654,2,Muzyka
For my fantastic workout can you add sara bareilles ?,0,3,1,0.0023795066,2,Muzyka
Can you add something from Method Man to my this is mozart playlist,0,3,1,0.00057666487,2,Muzyka
Play theme music from the twenties by Tata Young,3,3,1,0.00012616917,2,Muzyka
add track in my playlist called Hands Up,0,3,1,0.0001768085,2,Muzyka
play the music track of 1998,3,3,1,0.00014376086,2,Muzyka
Play sound track music from the twenties,3,3,1,0.00011801162,2,Muzyka
I want Sugarfoot,5,3,0,0.000110168294,2,Muzyka
I'd like to put duett onto my hot country playlist.,0,3,1,0.00030351605,2,Muzyka
I'd like to see the picture TeleForm,5,3,0,0.00015109804,2,Muzyka
add Black Ribbons to the autumn playlis,0,3,1,0.00013580635,2,Muzyka
I'd like to hear Infinite Indie Folk on Slacker .,3,3,1,0.00035541665,2,Muzyka
Add htoo ein thin to my brooklyn beat playlist.,0,3,1,0.00047087774,2,Muzyka
play music by Christian Bautista,3,3,1,0.00011215652,2,Muzyka
In UT at 7 pm will it be snowy,2,1,0,0.00014994232,2,Muzyka
Play music from the track My Friend on Google Music by Steve Sholes,3,3,1,0.00019685148,2,Muzyka
Add this tune to my wine & dine playlist,0,3,1,0.00012729455,2,Muzyka
Find a show called Star Trek Starfleet Academy Starship Bridge Simulator .,5,3,0,0.0001478905,2,Muzyka
find a movie house with Ulterior Motive that is closest,6,4,0,0.00013318825,2,Muzyka
me and katharine would like to go eat at Jan. 22nd in IA,1,0,0,0.00019554544,2,Muzyka
Add the track to the drum & breaks playlist.,0,3,1,0.00026121901,2,Muzyka
What's the weather like in Big Delta,2,1,0,0.00015082456,2,Muzyka
play paul riley on Youtube,3,3,1,0.00015567841,2,Muzyka
Play a theme from Walerij Leontjew,3,3,1,0.00016609472,2,Muzyka
add bob klose to la mejor música para tus fiestas,0,3,1,0.00095926056,2,Muzyka
find a soundtrack called Fast as You,5,3,0,0.00014745352,2,Muzyka
I want to hear music on my Slacker app,3,3,1,0.0002607355,2,Muzyka
"What is the weather looking like for December the eleventh, 2034 in MD",2,1,0,0.00015713858,2,Muzyka
What film is playing at Landmark Theatres,6,4,0,0.00012032695,2,Muzyka
Give A Human Being Died That Night 3 stars,4,2,0,0.00014259803,2,Muzyka
Play Cherry Pink by Trapp Mendoza on Iheart,3,3,1,0.00011028137,2,Muzyka
Where can I see The Prime Ministers The Pioneers,6,4,0,0.0019101119,2,Muzyka
add Coordinates of Confusion to bass face playlist,0,3,1,0.00090003596,2,Muzyka
play a good John Maher record with Netflix,3,3,1,0.00012837777,2,Muzyka
Rate The Black Mask 1 of 6 stars,4,2,0,0.00013882053,2,Muzyka
Play me a song by Carol Arnauld from 2003,3,3,1,0.00020230128,2,Muzyka
play a good 1952 symphony,3,3,1,0.00016569495,2,Muzyka
add a tune in women of classical,0,3,1,0.00016897796,2,Muzyka
Play easy listening,3,3,1,0.00014883294,2,Muzyka
Add track to fresh finds,0,3,1,0.00012784502,2,Muzyka
I want to hear some music from Groove Shark,3,3,1,0.0001401962,2,Muzyka
"Is it warmer in Monson , U.S. Minor Outlying Islands",2,1,0,0.00016086298,2,Muzyka
Look for the album Wolves Within,5,3,0,0.00012811522,2,Muzyka
Play any song from Rebecca Hewitt,3,3,1,0.00012489743,2,Muzyka
I want to listen to something on Youtube,3,3,1,0.00014858667,2,Muzyka
rate The Brothers Karamazov a four,4,2,0,0.00013773887,2,Muzyka
add this artist to my Guilty Pleasures playlist,0,3,1,0.00016479408,2,Muzyka
What is the nearest movie house playing George Washington Slept Here,6,4,0,0.00013969812,2,Muzyka
Rate The Warrior Prophet 3 of 6 stars,4,2,0,0.00014107542,2,Muzyka
the series City on Fire is a four,4,2,0,0.00014761672,2,Muzyka
Find the schedule for films at the closest movie house .,6,4,0,0.00012379592,2,Muzyka
What will the weather be in Bernie ID ?,2,1,0,0.00014834166,2,Muzyka
What is the weather in twenty three minutes in NV,2,1,0,0.00013732821,2,Muzyka
I want to hear the album Suites & Sweets,3,3,1,0.00010947421,2,Muzyka
Play drum & bass music,3,3,1,0.00014273233,2,Muzyka
Add the song to my R&B Movement playlist.,0,3,1,0.00022564046,2,Muzyka
Use the service Lastfm to play artist keren peles from the most popular symphony,3,3,1,0.00024552082,2,Muzyka
add git to Domingo Indie,0,3,1,0.0001395697,2,Muzyka
matt monro newest album add to my chill out music,0,3,1,0.00014801425,2,Muzyka
book a table for ten people,1,0,0,0.00019655566,2,Muzyka
Put Conway Twitty in the This Is Tchaikovsky playlist.,0,3,1,0.0013983956,2,Muzyka
add track to my Cloud Rap,0,3,1,0.00014816984,2,Muzyka
Play me the soundtrack Ready,5,3,0,0.00011999647,2,Muzyka
Play the music from the playlist Get Lit,3,3,1,0.00013917731,2,Muzyka
Play an album from Nithyasree Mahadevan .,3,3,1,0.00021513528,2,Muzyka
Add name house of gold to the de manhattan con amor playlist,0,3,1,0.00015764587,2,Muzyka
add this karina album to my Folk Pop playlist,0,3,1,0.00016771213,2,Muzyka
Open Pandora and play Reggaeton 2017 y Baila !,3,3,1,0.0001940788,2,Muzyka
Add an abrar ul haq track to my playlist Soul Lounge,0,3,1,0.00014681238,2,Muzyka
Show me the movie schedule,6,4,0,0.00013782179,2,Muzyka
Play a soundtrack from 1954 .,3,3,1,0.00015665038,2,Muzyka
Play music on Deezer .,3,3,1,0.00022402895,2,Muzyka
Add karusellen to jazz brasileiro,0,3,1,0.00065332704,2,Muzyka
play Abhijeet Bhattacharya from 1986,3,3,1,0.00018147432,2,Muzyka
Play the music genre Synthpop,3,3,1,0.00018170627,2,Muzyka
Play top Martin Solveig on deezer,3,3,1,0.00012399984,2,Muzyka
add this song to my crossroad blues playlist,0,3,1,0.00014943216,2,Muzyka
Play a song by David Silveria from 2002 on Zvooq .,3,3,1,0.0002159631,2,Muzyka
Add a gackt camui track to the White Noise playlist.,0,3,1,0.00025288636,2,Muzyka
Can you play the latest faust soundtrack from 1967 ?,3,3,1,0.00021807854,2,Muzyka
antoinette and I want to eat at an oyster bar that serves pizzette in South Duxbury ME,1,0,0,0.00017702572,2,Muzyka
Book a churrascaria restaurant for 2 which serves mezes,1,0,0,0.00019509126,2,Muzyka
What is the weather forecast for Garrison,2,1,0,0.0001603938,2,Muzyka
Play me the greatest Doctor Fink song on zvooq,3,3,1,0.00014402131,2,Muzyka
add Jacob Hoggard to my get going playlist,0,3,1,0.00022902324,2,Muzyka
put frank farian on my Deep Dark Indie Folk playlist,0,3,1,0.00018814468,2,Muzyka
Add cordell mosson to my i love my neo soul list,0,3,1,0.00025977514,2,Muzyka
play Mikazuki Sunset,3,3,1,0.00010966882,2,Muzyka
Play Tina Cousins from 1956,3,3,1,0.00014433317,2,Muzyka
Find a video game called New York 911 .,5,3,0,0.00014194816,2,Muzyka
Add lofty fake anagram to the la mejor música de bso playlist.,0,3,1,0.00025490025,2,Muzyka
Give me a link to the A Little Something for Us Tempunauts soundtrack .,5,3,0,0.00017924693,2,Muzyka
Play some music on Slacker,3,3,1,0.0001583443,2,Muzyka
Play music from artist Ashley,3,3,1,0.00013425238,2,Muzyka
Give the current book 0 points .,4,2,0,0.00015105568,2,Muzyka
Look up the Hard to Handle TV show,5,3,0,0.00013798318,2,Muzyka
Add Family Tree to conexiones,0,3,1,0.0003085997,2,Muzyka
Tell me the weather forecast for Missouri,2,1,0,0.0001588356,2,Muzyka
turn on Last Fm to listen to Chara ballad from 1988,3,3,1,0.00021690098,2,Muzyka
listen to Vertexguy track,3,3,1,0.00014890272,2,Muzyka
table for 5 A.m . at Baker's Keyboard Lounge,1,0,0,0.00018302829,2,Muzyka
Add Guy Warren to my bossa nova dinner playlist.,0,3,1,0.0005621588,2,Muzyka
find a cinema closest with animated movies,6,4,0,0.00013595863,2,Muzyka
Find a movie called No. 1 In Heaven .,5,3,0,0.00011744556,2,Muzyka
I want to put roberto valverde into my Ultra Metal list,0,3,1,0.00028919574,2,Muzyka
I need a reservation for eight at a diner that has desserts in Ashmore TN,1,0,0,0.0001667778,2,Muzyka
Play music from the seventies,3,3,1,0.00013871778,2,Muzyka
Book a table at a bar in Cambodia that serves cheese fries .,1,0,0,0.00019386082,2,Muzyka
add tune to African Heat,0,3,1,0.0001289107,2,Muzyka
add bad news to highway 61 playlist,0,3,1,0.00023980974,2,Muzyka
Open Zvooq and play the best songs from Device,3,3,1,0.00016510986,2,Muzyka
Play the newest Phil Stacey .,3,3,1,0.00016687751,2,Muzyka
add pete shelley to Is It New Wave,0,3,1,0.00032513854,2,Muzyka
"Will there be a snowstorm in Slick , OR four hours from now ?",2,1,0,0.00015289913,2,Muzyka
Book a table for 8 at a pub in North Carolina,1,0,0,0.00019635641,2,Muzyka
add tommy johnson to The MetalSucks Playlist,0,3,1,0.00018969126,2,Muzyka
I want to add Digital Line to my playlist called Infantil,0,3,1,0.00018930386,2,Muzyka
Play some new age music,3,3,1,0.00013261475,2,Muzyka
I want to hear music from Allen Toussaint from the fifties,3,3,1,0.00023250622,2,Muzyka
Find a reservation at the Roseland Theater at 10 pm,1,0,0,0.00023922285,2,Muzyka
For the playlist Wild & Free Workout add tsidii le loka,0,3,1,0.00014024526,2,Muzyka
add this track to my party playlist,0,3,1,0.00016886966,2,Muzyka
I want to hear a 1976 symphony by Jam Master Jay,3,3,1,0.0001802762,2,Muzyka
Play a melody from Leigh Nash using Lastfm,3,3,1,0.0003744632,2,Muzyka
add this track by flesh n bone to cherry's SPA Treatment playlist,0,3,1,0.00016932785,2,Muzyka
Give The Toynbee Convector four of 6,4,2,0,0.00014066258,2,Muzyka
find animated movies movie schedule in the neighborhood,6,4,0,0.0001272248,2,Muzyka
Add this track to my Zen Focus playlist,0,3,1,0.00017542222,2,Muzyka
add this tune to my primavera sound 2016 barcelona,0,3,1,0.0001487272,2,Muzyka
add track to kickass metal,0,3,1,0.00014208056,2,Muzyka
play some dream music,3,3,1,0.00012734163,2,Muzyka
I'm looking for the trailer to Evil or Divine - Live in New York City .,5,3,0,0.00017407296,2,Muzyka
Play top 20 from frank farian,3,3,1,0.00010891239,2,Muzyka
play Punk Essentials on Zvooq,3,3,1,0.00019206147,2,Muzyka
I want to listen to some Saori Atsumi from the twenties on Deezer,3,3,1,0.00015075116,2,Muzyka
add alain caron to my travelling playlist,0,3,1,0.00022787761,2,Muzyka
Add a tune to this is wagner,0,3,1,0.00013239484,2,Muzyka
I'd like to put qriii onto songs to sing in the car .,0,3,1,0.0010817719,2,Muzyka
I give Christianity not Mysterious 1 out of 6 points .,4,2,0,0.00013415338,2,Muzyka
Play my springtime playlist.,3,3,1,0.00019983207,2,Muzyka
Play me the newest fourties symphony,3,3,1,0.0001350295,2,Muzyka
I would give Bones of the Earth 2 points,4,2,0,0.00013600187,2,Muzyka
Add dave bickler to my all out 90s playlist,0,3,1,0.00024832445,2,Muzyka
How hot is it in Pesotum,2,1,0,0.00015682925,2,Muzyka
I'd like to see Spyforce,5,3,0,0.00025136012,2,Muzyka
add the artist to my southern gothic playlist,0,3,1,0.00014872444,2,Muzyka
Play me a sound track by Bert Mccracken on zvooq,3,3,1,0.0001652795,2,Muzyka
Play music from 1996 .,3,3,1,0.00017712775,2,Muzyka
I wish to add this album to the dinner playlist,0,3,1,0.00014640533,2,Muzyka
I want this song on the playlist called chill vibes,0,3,1,0.00014601025,2,Muzyka
put this album on my conexiones list,0,3,1,0.00019052479,2,Muzyka
rate this book 0 out of 6,4,2,0,0.00014498603,2,Muzyka
Add Jermaine Fagan to spring music,0,3,1,0.00020184286,2,Muzyka
What's the forecast for KS for Jan. first ?,2,1,0,0.00014604094,2,Muzyka
Start up my Independent Music Monday playlist.,3,3,1,0.00025765787,2,Muzyka
Put hampartsoum limondjian in running to rock 170 to 190 bpm,0,4,1,0.0010504451,2,Muzyka
Play a new tune by louis silvers .,3,3,1,0.00013435737,2,Muzyka
add album to my classical essentials playlist,0,3,1,0.00019585642,2,Muzyka
Add splendido hotel to my verano forever,0,0,1,0.00032974075,2,Muzyka
Book a popular brasserie in Roads End,1,0,0,0.00018445593,2,Muzyka
I'd like to reserve a table in Northcote .,1,0,0,0.0002079507,2,Muzyka
Add this tune to The Refugee Playlist,0,3,1,0.00013875341,2,Muzyka
I would like a cafeteria at 104151 am for seven,1,0,0,0.00019147279,2,Muzyka
me and aisha and craving cordon bleu and need to book a table at a brasserie .,1,0,0,0.00019163011,2,Muzyka
Give me the movie schedule nearby,6,4,0,0.00012771989,2,Muzyka
Play me some music by Prince Alla from the twenties,3,3,1,0.00013622997,2,Muzyka
play scott la rock from Stella on Slacker,3,3,1,0.00015032991,2,Muzyka
add the artist Beardyman to my classical x playlist,0,3,1,0.0001538703,2,Muzyka
Is Fighting With Buffalo Bill playing at the closest movie house,6,4,0,0.00013686749,2,Muzyka
play the 2014 album from la lupe,3,3,1,0.00016225211,2,Muzyka
put Sarah Blasko onto my The MetalSucks Playlist,0,3,1,0.00016372047,2,Muzyka
add Irish Heartbeat to my Trapeo playlist,0,3,1,0.0002621515,2,Muzyka
show song schedule of Shoot for the Moon,5,3,0,0.00017363018,2,Muzyka
give 1 out of 6 to West of January,4,2,0,0.00014755655,2,Muzyka
Book a reservation for a popular bakery in Patetown,1,0,0,0.0001964389,2,Muzyka
what's the nearest movie house showing Women Who Fall by the Wayside,6,4,0,0.00013956417,2,Muzyka
Play sound track music from the twenties,3,3,1,0.00011801162,2,Muzyka
Can you add an album to my Are & Be playlist,0,3,1,0.00015006047,2,Muzyka
listen to ballad songs from 1999,3,3,1,0.00015227895,2,Muzyka
what is the weather forecast for Latvia Strasburg,2,1,0,0.00015899033,2,Muzyka
Add an album to my playlist bachata lovers,0,3,1,0.00012760531,2,Muzyka
List movie times at B&B Theatres,6,4,0,0.0001283528,2,Muzyka
Is there a snowstorm in Russia,2,1,0,0.00015883365,2,Muzyka
Can you put this tune onto erin's house afterwork playlist?,0,3,1,0.00015505383,2,Muzyka
add A Compilation of Warped Music II to workout twerkout playlist,0,3,1,0.0002457929,2,Muzyka
play chant from the nineties with Last Fm,3,3,1,0.00016753234,2,Muzyka
add Joplin in Concert to my feel good dinner,0,3,1,0.0011502535,2,Muzyka
Add name Me & the Rhythm to my chill out music,0,3,1,0.00015300834,2,Muzyka
Will it be colder in Ohio,2,1,0,0.00016371436,2,Muzyka
"Tell me the weather forecast for my current spot on dec. fourth, 2021",2,1,0,0.0001705701,2,Muzyka
Play the next ep by Video Game Pianist on netflix,3,3,1,0.00015271515,2,Muzyka
"What are the weather conditions in Patagonia , South Africa ?",2,1,0,0.00016891092,2,Muzyka
play Vanlose Stairway by Janove Ottesen,3,3,1,0.000106800064,2,Muzyka
Add CJ Snare to my indie mim playlist,0,3,1,0.00024126137,2,Muzyka
I want to hear a full album on youtube by Jem Godfrey,3,3,1,0.00015465687,2,Muzyka
add song to evening playlist,0,3,1,0.00013551372,2,Muzyka
rate The Manxman 5 out of 6,4,2,0,0.00014232098,2,Muzyka
"I want to hear Leroi Moore on vimeo , play the song Chance Of A Lifetime .",3,3,1,0.00015405807,2,Muzyka
Add bret mckenzie to my Pop Commute playlist,0,3,1,0.00015515836,2,Muzyka
Put frank portman in my playlist GOOD Music,0,3,1,0.00018799666,2,Muzyka
Add Live from Aragon Ballroom to Trapeo,0,3,1,0.00030699596,2,Muzyka
play Only Hope by Graham Bonnet,3,3,1,0.00010102709,2,Muzyka
Play a twenties tune by Jodie Aysha .,3,3,1,0.0001417787,2,Muzyka
I want to hear music from the sixties .,3,3,1,0.00029203403,2,Muzyka
play music by Francis Healy,3,3,1,0.00011269756,2,Muzyka
Add the singer Maxine Nightingale to the Spanish Beat playlist.,0,3,1,0.0002509323,2,Muzyka
Add the Nastya Kamenskih song to my The Martin Garrix Show playlist.,0,3,1,0.00020268596,2,Muzyka
Add Amir Khan to my playlist Acoustic Blues,0,3,1,0.00022960117,2,Muzyka
The feel good indie rock playlist needs another song,0,3,1,0.000111730165,2,Muzyka
Play Within You Without You by Distance on zvooq .,3,3,1,0.00024918668,2,Muzyka
In eight years and a half from now I'd like a reservation at a top-rated bar,1,0,0,0.00015774935,2,Muzyka
Add moby grape live to enamorándose,0,3,1,0.00015093504,2,Muzyka
play some Origa on Google Music,3,3,1,0.00022543318,2,Muzyka
Play some Rui Da Silva .,3,3,1,0.00033482883,2,Muzyka
Play Inventions For The New Season,3,3,1,0.00025003348,2,Muzyka
play the top nineties melody by Gus G,3,3,1,0.000100432815,2,Muzyka
play some dance on Groove Shark,3,3,1,0.00015320095,2,Muzyka
Play the top-20 music by merz,3,3,1,0.00010795652,2,Muzyka
Add Toyan to my Epic Gaming playlist.,0,3,1,0.0024997445,2,Muzyka
how's the weather here at two Am,2,1,0,0.00014979577,2,Muzyka
Play Nick Hexum latest album,3,3,1,0.00014164892,2,Muzyka
add this david cole track to my Totally Stress Free,0,3,1,0.00015137739,2,Muzyka
Add another artist to my soul bpm playlist,0,3,1,0.00021452113,2,Muzyka
I want to go to a highly rated fast food restaurant around Togo with two people total.,1,0,0,0.00020111717,2,Muzyka
Find movie times .,6,4,0,0.00013836351,2,Muzyka
play Fereydoun Farrokhzad best track,3,3,1,0.0001519533,2,Muzyka
Add d flame to the Dcode2016 playlist.,0,3,1,0.00048870046,2,Muzyka
Add Joe McPhee to my picnic in the park play list,0,3,1,0.00075165543,2,Muzyka
add Rakim y Ken Y to my Gold Edition playlist,0,3,1,0.00024758818,2,Muzyka
add the artist to my Spooning playlist,0,3,1,0.00015571363,2,Muzyka
Can I hear a tune from Vladimir Vysotski ?,3,3,1,0.00017060748,2,Muzyka
"Can you find me the work, Frisbee The Life and Death of a Hippie Preacher ?",5,3,0,0.00011676257,2,Muzyka
I need a movie schedule for any films playing close by,6,4,0,0.00012355184,2,Muzyka
Get soundtrack of Comprehensive Knowledge Archive Network,5,3,0,0.00017474643,2,Muzyka
add this artist to Spain Top 50,0,3,1,0.00014041127,2,Muzyka
add paula abdul to Classic Acoustic playlist,0,3,1,0.000290879,2,Muzyka
Play the song Two Suns In The Sunset by Airi Suzuki,3,3,1,0.00012283961,2,Muzyka
put this album in my Fiesta section,0,3,1,0.00023218902,2,Muzyka
For the book Tale of the Toa I give five points,4,2,0,0.00014755638,2,Muzyka
I want to watch the television show Naked II,5,3,0,0.00013386551,2,Muzyka
What's the weather in Timbo ?,2,1,0,0.00014994331,2,Muzyka
play Party Ben on Slacker,3,3,1,0.00015447452,2,Muzyka
Add a tune by alex gaudino to my The New Waltz playlist.,0,3,1,0.00027568496,2,Muzyka
Play a good ep from the eighties by Peter Murphy .,3,3,1,0.00017439364,2,Muzyka
play The Insoc Ep,3,3,1,0.0001347884,2,Muzyka
Add a track to my list Made in Puerto Rico,0,3,1,0.00013926005,2,Muzyka
I need to add a song to my lo que suena new york playlist.,0,3,1,0.00020243986,2,Muzyka
I'd like for Kasey Chambers 's tune to be an addition to my Chips and Salsa playlist.,0,3,1,0.00017987745,2,Muzyka
SHOW movie schedule,6,4,0,0.00024320534,2,Muzyka
play David Banner on Netflix,3,3,1,0.00021970528,2,Muzyka
Play Donald Rubinstein on Pandora,3,3,1,0.00012719179,2,Muzyka
rate The Road to Reality A Complete Guide to the Laws of the Universe two points,4,2,0,0.00017125014,2,Muzyka
I need times for A Yiddish World Remembered at Dipson Theatres,6,4,0,0.00013556358,2,Muzyka
"Will it be foggy in the same area of Parc provincial Kettle Lakes on february the thirteenth, 2018 ?",2,1,0,0.00015744547,2,Muzyka
I wish to listen to eighties music by Mike Dean .,3,3,1,0.00025360586,2,Muzyka
put this tune on my your favorite coffeehouse playlist,0,3,1,0.00012267687,2,Muzyka
"Book a restaurant with a pool far from robbie's hostel for me, chandra and noelle at nine PM .",1,0,0,0.00020975615,2,Muzyka
Find me animated movies at Amco Entertainment tomorrow,6,4,0,0.00013837079,2,Muzyka
Play any track by Flame,3,3,1,0.00012188223,2,Muzyka
Play Punk Rock music,3,3,1,0.00013074388,2,Muzyka
I want to give Three Days Before the Shooting... one out of 6 stars,4,2,0,0.00013827784,2,Muzyka
book a restaurant for five in karnataka,1,0,0,0.00022300966,2,Muzyka
Give Joe Magarac and His USA Citizen Papers 5 points,4,2,0,0.00015373489,2,Muzyka
add a new entry for mon beau sapin in lela's música libre playlist,0,3,1,0.00019492551,2,Muzyka
Play One Way Ticket by Ray Kennedy .,3,3,1,0.00032143065,2,Muzyka
I would give French Poets and Novelists a best rating of 6 and a value of three,4,2,0,0.00013720254,2,Muzyka
add Novedades Pop to my all out of luck list,0,3,1,0.00027468553,2,Muzyka
Play the top symphony music from Ejigayehu Shibabaw,3,3,1,0.0001316356,2,Muzyka
Play me Hier Encore by greydon square,3,3,1,0.0003384979,2,Muzyka
Add the second three years to my workout twerkout playlist,0,3,1,0.00024586913,2,Muzyka
book the best table in Tanzania for 5 people at a diner,1,0,0,0.00019457989,2,Muzyka
play Sunshine Reggae on youtube,3,3,1,0.00016849447,2,Muzyka
Put nothing remains the same on my summer music playlist,0,3,1,0.00017739017,2,Muzyka
add tune to Composer Weekly Pauline Oliveros playlist,0,3,1,0.00019370836,2,Muzyka
Play Kaori Mochida 's most popular music on Google Music .,3,3,1,0.0007254519,2,Muzyka
"Play the playlist, A Mis Niños de 30 .",3,3,1,0.00014412172,2,Muzyka
give me the movie schedule for films in the area,6,4,0,0.000120692646,2,Muzyka
Play the playlist Gypsy Swing,3,3,1,0.000119846634,2,Muzyka
When is Just Before Nightfall playing?,6,4,0,0.00028772056,2,Muzyka
Add this artist to gretchen's Soul Revived playlist,0,3,1,0.00016992142,2,Muzyka
Play some Last Fm music like the 1992 ep from Peaches,3,3,1,0.00013769747,2,Muzyka
Add a bill deasy track to the conexiones playlist.,0,3,1,0.0001865479,2,Muzyka
"play Isaac Hayes on Pandora from love, sweat and beer ep",3,3,1,0.00016478887,2,Muzyka
Add daniel zueras to lush vibes,0,3,1,0.00024314837,2,Muzyka
Play them the greatest music by Chris Frantz .,3,3,1,0.00018346273,2,Muzyka
add Halfway Between Here and There to my canadian country playlist,0,3,1,0.00024813626,2,Muzyka
Play music from 1954,3,3,1,0.00013592442,2,Muzyka
Put Lindsey Cardinale into my hillary clinton's women's history month playlist .,0,3,1,0.00049524265,2,Muzyka
add the man who never lied to my current comedy top tracks,0,3,1,0.00014204207,2,Muzyka
find the television show called Tactics,5,3,0,0.00013704361,2,Muzyka
play Tonight Only! by Nastya Kamenskih,3,3,1,9.570476e-05,2,Muzyka
What's the weather on Groundhog Day in Slovenia,2,1,0,0.00015485375,2,Muzyka
Book a table for 1 at Thomas Hynes House .,1,0,0,0.00020520548,2,Muzyka
play music from Itunes for Ric Grech,3,3,1,0.00030747923,2,Muzyka
Put Slimm Cutta Calhoun on my Songs to Sing in the Car playlist,0,3,1,0.0002230953,2,Muzyka
Can you add danny carey to my masters of metal playlist,0,3,1,0.00027803608,2,Muzyka
Can you add a tune by natalie macmaster to my viajes playlist,0,3,1,0.00023298114,2,Muzyka
play some Alte Kameraden music,3,3,1,0.00018435472,2,Muzyka
Find a saga called The Devil Went Down to Georgia .,5,3,0,0.0001277374,2,Muzyka
What is the movie schedule of animated movies nearby,6,4,0,0.00012822071,2,Muzyka
Play some Sam Moore .,3,3,1,0.00020771936,2,Muzyka
Book a spot at a taverna for my cousin and I in Burundi,1,0,0,0.00019577298,2,Muzyka
What cinema is playing The Edge,6,4,0,0.00014551265,2,Muzyka
Add song to Kids Workout,0,3,1,0.00014458987,2,Muzyka
At thirteen hundred hours what will the weather be on Ghana ?,2,1,0,0.00016307538,2,Muzyka
Play me an eighties song by Wes Dakus,3,3,1,0.00013892014,2,Muzyka
What will the weather be in Stelvio National Park 1 hour and 1 minute from now ?,2,1,0,0.00014863179,2,Muzyka
Play the music of Aphex Twin 's good Album,3,3,1,0.00016546389,2,Muzyka
Show the Phish Live in Vegas TV series,5,3,0,0.00013946892,2,Muzyka
Can I hear a Da Brat ep ?,3,3,1,0.00013062362,2,Muzyka
add The Game to 80'S PARTY,0,3,1,0.00024067888,2,Muzyka
Add david axelrod to my Futuros Hits list,0,3,1,0.0002413979,2,Muzyka
Add to playlist Confidence Boost Here Comes Santa Claus,0,3,1,0.00017916724,2,Muzyka
Tell me what animated movies are being played at the closest movie house at 011900 AM,6,4,0,0.00012574572,2,Muzyka
Please play Jim Martin on Vimeo .,3,3,1,0.0009395064,2,Muzyka
Add this album to my hot house playlist,0,3,1,0.00015587377,2,Muzyka
add Bring Back My Daddy to Me to my playlist named Might and Myth Power Metal,0,3,1,0.00015090509,2,Muzyka
add when ice met cream to This Is Alejandro Fernández playlist,0,3,1,0.00033014262,2,Muzyka
show creative video game In My Own Backyard,5,3,0,0.00014602095,2,Muzyka
I want to put a copy of this tune into Skatepark Punks,0,3,1,0.00015495565,2,Muzyka
Put this shelter from the storm on r&b party classics,0,3,1,0.00027277155,2,Muzyka
find the video game Tenacious D in The Pick of Destiny,5,3,0,0.00012319771,2,Muzyka
Rate Nothing Lasts Forever a value of 3,4,2,0,0.0001389548,2,Muzyka
I want to hear a fourties ballad by Luciano,3,3,1,0.000114386,2,Muzyka
Play The Garden Of Allah from Wade Mainer,3,3,1,0.00012525826,2,Muzyka
Play me a song from 2008,3,3,1,0.00022789801,2,Muzyka
put Unbound into found them first for me,0,3,1,0.00016098432,2,Muzyka
I want to hear something eclectic,3,3,1,0.00012498256,2,Muzyka
please add this album to the playlist titled Hip Hop 2017 New School,0,3,1,0.00013140393,2,Muzyka
Play Sound Of Love from Papa Mali,3,3,1,0.00011926422,2,Muzyka
I want to hear the new movement from Richard Harvey,3,3,1,0.00014872242,2,Muzyka
Book me a pizzeria that serves oreo for eight,1,0,0,0.00018268508,2,Muzyka
Incorporate a roberto parra sandoval track into the Cena Elegante playlist.,0,3,1,0.00021763994,2,Muzyka
I would like to see a schedule for movies at the nearest movie house .,6,4,0,0.00012599125,2,Muzyka
Add tune to Bedroom Jams,0,3,1,0.00010933331,2,Muzyka
Add artist to my 80'S PARTY,0,3,1,0.00013780981,2,Muzyka
Play Pura Vida .,3,3,1,0.00016472109,2,Muzyka
play Doctor Fink if i could choose,3,3,1,0.00012592373,2,Muzyka
Play music from negerpunk,3,3,1,0.00014230925,2,Muzyka
I need a reservation for four minutes from now for 3 people in the Falkland Islands,1,0,0,0.00019128429,2,Muzyka
Play some theme based music from the thirties .,3,3,1,0.00023205829,2,Muzyka
Add Turk to the deep house playlist,0,3,1,0.00017922765,2,Muzyka
What movie house is playing Something for the Birds,6,4,0,0.00012731842,2,Muzyka
Add artist to ina's 2010s smash hits,0,3,1,0.000148166,2,Muzyka
Play a tune by Layne Staley,3,3,1,0.00010913923,2,Muzyka
Play the best songs of 2016,3,3,1,0.00016067439,2,Muzyka
Play Out From Under from Hurricane Chris,3,3,1,0.000116140596,2,Muzyka
Play some chanson music.,3,3,1,0.00032265877,2,Muzyka
Add the song to the pure seduction playlists,0,3,1,0.00016559474,2,Muzyka
Play Henrie Mutuku album from 1957,3,3,1,0.00016499667,2,Muzyka
I want to hear that tune from 2010,3,3,1,0.00013268318,2,Muzyka
Add I Almost Lost My Mind to my bossa nova dinner playlist.,0,3,1,0.00076202484,2,Muzyka
"What is the weather forecast for East Cleveland , Republic of the Congo",2,1,0,0.00017980298,2,Muzyka
find close by films with a movie schedule,6,4,0,0.00012922744,2,Muzyka
play top tunes by Joseph Utsler,3,3,1,0.00015911616,2,Muzyka
add Petar Georgiev Kalica song to my Push Button Funk playlist,0,3,1,0.00016157268,2,Muzyka
Add Come on Feel the Lemonheads to my salsa classics playlist.,0,3,1,0.000346665,2,Muzyka
Is the TV show The Prodigal Wife on today?,5,3,0,0.00013035967,2,Muzyka
add this song to tania's new boots,0,3,1,0.00016145558,2,Muzyka
Play music from Lastfm and Deezer .,3,3,1,0.00025251906,2,Muzyka
Add a tune to my playlist Guest List Polygon,0,3,1,0.000123664,2,Muzyka
Where can I purchase a copy of the painting called Glimpses of World History ?,5,3,0,0.00016855472,2,Muzyka
I want to hear jon sholle 's stuff from 2009 on Groove Shark,3,3,1,0.00014807814,2,Muzyka
add the tune to my viajes playlist,0,3,1,0.00014288086,2,Muzyka
In Hawaii will it be warmer at 3 am,2,1,0,0.00015111863,2,Muzyka
Play me the trailer for Chasing After Shadows... Living with the Ghosts .,5,3,0,0.0002005507,2,Muzyka
Play music which has humour on Youtube .,3,3,1,0.00027132657,2,Muzyka
Rate this book five of 6 points,4,2,0,0.00013970461,2,Muzyka
Add the tune to my chill hits playlist.,0,3,1,0.00015750997,2,Muzyka
Book a table for seven in a pub in Iraq which offers gluten free food about 141 days from now .,1,0,0,0.00020190435,2,Muzyka
Play music by artist mark ashley,3,3,1,0.0001330797,2,Muzyka
Add Trina to latoya's Hillary Clinton's Women's History Month Playlist .,0,3,1,0.00038474964,2,Muzyka
add Jonathan Sprout album to my this is miranda lambert playlist,0,3,1,0.00018651708,2,Muzyka
Is it forecast to be chillier around Texas ?,2,1,0,0.00017023664,2,Muzyka
Play the music of Filipp Bedrossowitsch Kirkorow 's theme,3,3,1,0.00017904399,2,Muzyka
Go to movie times at IMAX Corporation,6,4,0,0.00013463605,2,Muzyka
I'd like to have this track onto my Classical Relaxations playlist.,0,3,1,0.00017468122,2,Muzyka
Play a Jack Lawrence concerto,3,3,1,0.00016687189,2,Muzyka
play ep by Arjen Anthony Lucassen,3,3,1,0.00018080215,2,Muzyka
"I need a highly rated oyster bar in AR in a month for jeanne collins, amy and I",1,0,0,0.00017855578,2,Muzyka
Give the current chronicle 2 stars .,4,2,0,0.00013868402,2,Muzyka
Add Foreign Affair to the disney playlist.,0,3,1,0.0007017407,2,Muzyka
Find the movie times for animated movies around here .,6,4,0,0.00012935924,2,Muzyka
Find the creative work Face Down,5,3,0,0.00011262126,2,Muzyka
Add kylie minogue to my novedades viernes sudamérica playlist.,0,3,1,0.0003672229,2,Muzyka
Add your loving flame to my palylist Rock,0,3,1,0.00012832123,2,Muzyka
I want an indoor restaurant for a party of five in Columbus Junction,1,0,0,0.00019314658,2,Muzyka
Plpay my Disco Fever playlist.,3,3,1,0.00020095948,2,Muzyka
Will it be colder four months from now in Suwanee AK,2,1,0,0.00013572762,2,Muzyka
Add the unraveling to marina's playlist It's a Southern Thing,0,3,1,0.00017930927,2,Muzyka
Play some tango .,3,3,1,0.00026053804,2,Muzyka
Find a television show called Twisted .,5,3,0,0.00015109857,2,Muzyka
Show me Cut the Rope video game,5,3,0,0.00013452455,2,Muzyka
Add a track to playlist Cena con Amigos,0,3,1,0.00014400348,2,Muzyka
my timeless love songs playlist should include viderunt omnes,0,3,1,0.00021495896,2,Muzyka
Play music by Daddy Yankee,3,3,1,0.000117086194,2,Muzyka
add billy eckstine to my emotron,0,3,1,0.00024438923,2,Muzyka
Play This Is Miles Davis on Lastfm .,3,3,1,0.0002677133,2,Muzyka
Will it be snowy at the current position by March 3 ?,2,1,0,0.00016467663,2,Muzyka
Incorporate Nao Kawakita into the epic classical playlist.,0,3,1,0.0013470611,2,Muzyka
Can you put consequences on my SOS 48 2016 playlist,0,3,1,0.00020065212,2,Muzyka
Add the trey gunn tune to my French N' Heavy playlist.,0,3,1,0.00016766207,2,Muzyka
find The Terror Within,6,3,0,0.00049756625,2,Muzyka
I'd like to see Apartment Hunting .,5,4,0,0.00047794663,2,Muzyka
Please find the Packed to the Rafters work.,5,3,0,0.00013350071,2,Muzyka
I want to add a tune to my spanish metalblood playlist,0,3,1,0.00015045951,2,Muzyka
add song by charlie hunter to Rumba y más,0,3,1,0.00012871838,2,Muzyka
put Bring Me Down onto my tokyo rising playlist,0,3,1,0.00023375942,2,Muzyka
Play the track R U Professional by Roberto Carlos Braga,3,3,1,0.00010652111,2,Muzyka
For the playlist running power add the name The Best Is Yet to Come,0,3,1,0.00015165875,2,Muzyka
Make me a reservation for a party of six at The K Club on feb. 7th,1,0,0,0.00017638176,2,Muzyka
Add Shooter Jennings to the All Out 70s playlist.,0,3,1,0.00030856617,2,Muzyka
add track to orgullo gay,0,3,1,0.00014231825,2,Muzyka
I want to add something by Jarvis Cocker to my rock español playlist,0,3,1,0.00024286984,2,Muzyka
I want to hear the newest music from The Railway Children,3,3,1,0.000121354744,2,Muzyka
Play Entre Raices Y Antenas by Lynn & Wade Llp .,3,3,1,0.00020065227,2,Muzyka
Where can I buy the movie Totality,5,3,0,0.00013088506,2,Muzyka
give me the movie schedule at Santikos Theatres,6,4,0,0.000122236,2,Muzyka
add tune to my instrumental funk playlist,0,3,1,0.00015475594,2,Muzyka
play This Is Colour by Panda Bear,3,3,1,9.479389e-05,2,Muzyka
Find a top fifty zahir howaida concerto from the seventies,3,3,1,0.0009041651,2,Muzyka
Will there be a cloud in Kiribati,2,1,0,0.00016133346,2,Muzyka
Play the album Will Rap Over Hard Rock For Food,3,3,1,0.00011517565,2,Muzyka
Shw the picture Twin Husbands,5,3,0,0.000106416715,2,Muzyka
add go to The MetalSucks Playlist,0,3,1,0.00015294252,2,Muzyka
Play some sixties music by gaudi on last fm,3,3,1,0.0010320717,2,Muzyka
Add judge jules to instrumental study,0,3,1,0.000150689,2,Muzyka
Add Testifying to donna's tokyo rising palylist,0,3,1,0.00021400252,2,Muzyka
play an album on Netflix by chris castle from 2011,3,3,1,0.00016003483,2,Muzyka
Rate this essay 2 out of 6 stars,4,2,0,0.00014162794,2,Muzyka
What is the weather in Richardson Tanzania,2,1,0,0.00015097122,2,Muzyka
Play some seventies music by Janne Puurtinen on Youtube .,3,3,1,0.0004254393,2,Muzyka
add ian north to my Autumn Lounge playlist,0,3,1,0.00018640587,2,Muzyka
Add david cole to an instrumental sunday,0,3,1,0.00018636872,2,Muzyka
find movie schedules with animated movies close by,6,4,0,0.00013385381,2,Muzyka
Can my electro sur have this song added to it?,0,3,1,0.00012452355,2,Muzyka
Add Atticus Ross to the electrosafari playlist,0,3,1,0.00017410447,2,Muzyka
play anything from 1970,3,3,1,0.00012423117,2,Muzyka
Can you find me the My Father My King game ?,5,3,0,0.00012477508,2,Muzyka
Can you pull up Channel M News,5,3,0,0.000118719945,2,Muzyka
Play On My Own,3,3,1,0.0001120462,2,Muzyka
Play music off Youtube .,3,3,1,0.0002225983,2,Muzyka
add ths album to my Pachangueo Total,0,3,1,0.00019795651,2,Muzyka
What time is Murph the Surf playing,6,4,0,0.00018047466,2,Muzyka
Give zero out of 6 to the current album,4,2,0,0.00014025073,2,Muzyka
book a brasserie for connie scott and madeline in Northern Mariana Islands in eleven hours,1,0,0,0.00022992874,2,Muzyka
I want to add Anna Semenovich to the dinner with friends playlist,0,3,1,0.00018961538,2,Muzyka
play a tune by Syreeta Wright from twenties from the top,3,3,1,0.000117518444,2,Muzyka
give the current essay a 1,4,2,0,0.00014726854,2,Muzyka
Weather within the same area as Qatar at four,2,1,0,0.00016661249,2,Muzyka
Please locate Sad Love Story novel for me.,5,3,0,0.0002009128,2,Muzyka
Put sleeping with ghosts into my 90s Indie playlist.,0,3,1,0.00036729014,2,Muzyka
Add Michael Wittig music to Country Icon playlist,0,3,1,0.00033975535,2,Muzyka
Play some music from 1958 on Deezer .,3,3,1,0.0002538904,2,Muzyka
"find American Psychologist , a game",5,3,0,0.0001801281,2,Muzyka
add paulinho da viola to my Radio Rock song list,0,3,1,0.00019505291,2,Muzyka
add grim skunk to Duetos,0,3,1,0.0002176754,2,Muzyka
Is it hot in FL,2,1,0,0.00015637216,2,Muzyka
Add this song to Blues Roots,0,3,1,0.00014387307,2,Muzyka
Please tune into Chieko Ochi 's good music,3,3,1,0.00020048999,2,Muzyka
"Need a table  for party of five for December 26, 2040 in the state of MT",1,0,0,0.00020916281,2,Muzyka
Please search the Songs for the Deaf video game .,5,3,0,0.0001616342,2,Muzyka
Play a top symphony from the fourties,3,3,1,0.00010484746,2,Muzyka
Play fifties music on Deezer,3,3,1,0.00015237469,2,Muzyka
Play a Jim Mullen ep from the sixties,3,3,1,0.00015093808,2,Muzyka
add tune to my mellow bars playlist,0,3,1,0.00017020683,2,Muzyka
I'd like to listen to the soundtrack In the Air,5,3,0,0.00012612535,2,Muzyka
"book a pub in Santa Claus , New Jersey for the First Day Of Sukkot",1,0,0,0.00028445348,2,Muzyka
I want watch The Sun And The Moon,5,4,0,0.00044866174,2,Muzyka
What's the forecast in Stobo ?,2,1,0,0.00015111911,2,Muzyka
I am looking for Shoot Me Down,5,3,0,0.0001179953,2,Muzyka
Play the top caleigh peters .,3,3,1,0.00014313942,2,Muzyka
Make me a reservation at a bar for a party of 7 in indonesian,1,0,0,0.00017010486,2,Muzyka
Can you pull up a track on Zvooq by Graham Mcpherson,3,3,1,0.00014459164,2,Muzyka
Add fuzzy logic to latin dinner,0,3,1,0.0034693095,2,Muzyka
"Get me a table at Prospect of Whitby in Blaine Hill , ID",1,0,0,0.0002105972,2,Muzyka
add artist rob dougan to electroNOW,0,3,1,0.00021978914,2,Muzyka
Add Ihsahn to Hip Hop 2017 New School,0,3,1,0.00020041745,2,Muzyka
Find the schedule for movie times for movies around here .,6,4,0,0.00012872918,2,Muzyka
Include Badmeaningood Volume4 in jaime's Animal Stories playlist.,0,3,1,0.00048881967,2,Muzyka
Play Maggot Brain by Albano Carrisi,3,3,1,0.0001102881,2,Muzyka
"add kansas city, missouri to Stress Relief",0,3,1,0.00093121757,2,Muzyka
play Ngola Ritmos top-ten songs,3,3,1,0.00023599104,2,Muzyka
Play a fifties album on Itunes .,3,3,1,0.00017955633,2,Muzyka
I would like you to add now the hits of winter 2008 onto my ntc studio sounds playlist.,0,3,1,0.00033342818,2,Muzyka
I need a reservation for two at a diner in Venezuela,1,0,0,0.00017476012,2,Muzyka
Play a song on zvooq,3,3,1,0.0001521266,2,Muzyka
add digging now to my Young at Heart playlist,0,3,1,0.00019934116,2,Muzyka
play some Stephen Jones on Youtube,3,3,1,0.00018867505,2,Muzyka
What animated movies are playing nearby ?,6,4,0,0.00012884189,2,Muzyka
Play some fifties music by Chris Brown .,3,3,1,0.00014199551,2,Muzyka
I want to book an indonesian food truck .,1,0,0,0.00019452885,2,Muzyka
Add this song to my playlist named Wild Country,0,3,1,0.0001447318,2,Muzyka
give 1 stars to book Mr Ponsonby,4,2,0,0.00013467434,2,Muzyka
add the song to my the funny thing about football is playlist,0,3,1,0.00014290446,2,Muzyka
play the song Shine A Light,3,3,1,0.00013127894,2,Muzyka
Put another track in the keep calm playlist.,0,3,1,0.0002472471,2,Muzyka
"Is there a depression in Solromar on december 7, 2033",2,1,0,0.00018623105,2,Muzyka
"What time is Careful, He Might Hear You playing at the cinema",6,4,0,0.0001232946,2,Muzyka
Add Don and Sherri to the electrosafari playlist.,0,3,1,0.00045299128,2,Muzyka
what films are playing at the closest movie house,6,4,0,0.00012586245,2,Muzyka
add vertexguy to Beach Vibes,0,3,1,0.00022435148,2,Muzyka
add lene lovich to my track radar latino,0,3,1,0.00013973264,2,Muzyka
add this artist to my playlist named funtime,0,3,1,0.00014830782,2,Muzyka
I want to hear the top 5 Jamie Lidell songs,3,3,1,0.0002107162,2,Muzyka
find the Radical History Review saga,5,3,0,0.00011848104,2,Muzyka
Add ramble on to Halloween Teens,0,3,1,0.00016255197,2,Muzyka
Play something by Holly Cole on lastfm,3,3,1,0.00011574218,2,Muzyka
Add something by ritchie valens to my playlist virales de siempre,0,3,1,0.00020395493,2,Muzyka
Play some Krzysztof Penderecki on Last Fm,3,3,1,0.00058408134,2,Muzyka
play Pandora tunes from the fourties,3,3,1,0.00012557388,2,Muzyka
Play Shoo on iheart from greatest record,3,3,1,0.00014762655,2,Muzyka
For my playlist jazzy dinner add the name Kick Over the Traces,0,3,1,0.00013847285,2,Muzyka
Include stefanie in Pre-Party R&B Jams,0,3,1,0.0006203562,2,Muzyka
Add this artist to my grandes unplugged playlist,0,3,1,0.00015705767,2,Muzyka
Play the latest music by Martin Luther Mccoy,3,3,1,0.00014371925,2,Muzyka
"Can you book me a table at Windows on the World in Cokeville , MI ?",1,0,0,0.00018918965,2,Muzyka
Rate this textbook four of 6 points,4,2,0,0.00014329742,2,Muzyka
Put this track on Musica Española 2017,0,3,1,0.00014123178,2,Muzyka
Book a table for two at a restaurant faraway from office in California .,1,0,0,0.00018246335,2,Muzyka
Add the yumi matsuzawa album to my sexy as folk playlist,0,3,1,0.00012935253,2,Muzyka
I want to hear Steven Harwell from the thirties,3,3,1,0.00016933716,2,Muzyka
Play prints in the stone by Helen Baylor,3,3,1,0.0012415926,2,Muzyka
play Deezer form 2010 tune by Dave Grohl,3,3,1,0.00015314035,2,Muzyka
Does AMC Theatres have movie schedules out?,6,4,0,0.00012697434,2,Muzyka
Play Annet Artani soundtrack on Slacker,3,3,1,0.00012784368,2,Muzyka
Play 2012 symphony music by Nardwuar The Human Serviette on Netflix .,3,3,1,0.00022510577,2,Muzyka
Is it going to be hot in Lexington-Fayette,2,1,0,0.00016661857,2,Muzyka
Add Norma Jean to my pure rock & roll playlist.,0,3,1,0.00061287486,2,Muzyka
What's the weather like around Laos ?,2,1,0,0.00016196731,2,Muzyka
Use the service Zvooq to play merengue music,3,3,1,0.0006448271,2,Muzyka
Rate this book 0 of 6 points,4,2,0,0.00014107527,2,Muzyka
I want to hear Shooby Taylor 's Tearing Up The Album Charts .,3,3,1,0.0001642109,2,Muzyka
add track 70s smash hits to my,0,3,1,0.00017870744,2,Muzyka
add cross bones style to Guest List TaKe,0,3,1,0.00013624439,2,Muzyka
play Groove Shark folk-rock,3,3,1,0.00011718777,2,Muzyka
Play Harel Skaat,3,3,1,0.00012607616,2,Muzyka
play some 1991 Dave Barker,3,3,1,0.00010964173,2,Muzyka
Book a restaurant within the same area of Ely for 10 people.,1,0,0,0.00022286673,2,Muzyka
add dj clay to my canciones del recuerdo,0,3,1,0.00056851946,2,Muzyka
Please search for the Live in San Juan Capistrano picture .,5,3,0,0.00016147309,2,Muzyka
Let me know when The Maiden Danced to Death will be screened at a cinema .,6,4,0,0.00014358843,2,Muzyka
put Johnny Wakelin on my té para tres lis,0,3,1,0.000204901,2,Muzyka
add the artist to my emotron playlist,0,3,1,0.00017268446,2,Muzyka
Add histoire de melody nelson to my 90's Baby Makers playlist,0,3,1,0.0002155947,2,Muzyka
Play a 2004 song by eliel on Zvooq .,3,3,1,0.00020609362,2,Muzyka
Include Laarni Lozada on endorphin rush playlist,0,3,1,0.0003404392,2,Muzyka
Open Youtube and play Connie Francis Sings Spanish And Latin American Favorites from Yukiko Iwai,3,3,1,0.0001714287,2,Muzyka
play Khujo eighties track song,3,3,1,0.00012153064,2,Muzyka
My Life as a Fake is one out of 6,4,2,0,0.00014512696,2,Muzyka
book a table at a pool bar,1,0,0,0.00019106384,2,Muzyka
Play a song off Get Up Offa That Thing by Doseone on Last Fm,3,3,1,0.00016902943,2,Muzyka
Play the most popular chant song by Hossein Alizadeh from around 2009,3,3,1,0.00014643201,2,Muzyka
what is the Mississippi for the week,2,1,0,0.00012935893,2,Muzyka
add this album by Bruce Dickinson onto top entrevistas my playlist,0,3,1,0.00015982783,2,Muzyka
Play playlist Chilled R&B,3,3,1,0.00017908943,2,Muzyka
I want to add Robin Hood and Queen Katherine to my playlist entitled Genuine R&B,0,3,1,0.00017066182,2,Muzyka
Open up music on Last Fm .,3,3,1,0.00018493274,2,Muzyka
Play Shinya Yamada music from 1962 on Groove Shark,3,3,1,0.00015614062,2,Muzyka
Play some caribou from the sixties,3,3,1,0.000107623375,2,Muzyka
Play Used To Love Her by Dara .,3,3,1,0.00021309456,2,Muzyka
Play cheerful playlist,3,3,1,0.00011055147,2,Muzyka
The Get Going playlist needs another song .,0,3,1,0.00016485665,2,Muzyka
I wish to rate zero points out of 6 to The Crack in Space .,4,2,0,0.00014420676,2,Muzyka
Will it be chillier in Portugal in one hour ?,2,1,0,0.00016596651,2,Muzyka
ad this track by Isobel Campbell to my Folk for Kids list,0,3,1,0.00021507072,2,Muzyka
"will there be hail in Dean Creek Wildlife Area on Feb. 25, 2031",2,1,0,0.0001784054,2,Muzyka
Please get me The Very Best of Chicago Only the Beginning .,5,3,0,0.00013780716,2,Muzyka
play Hanging Out and Relaxing,3,3,1,0.0001509544,2,Muzyka
The current essay only deserves one out of 6 points,4,2,0,0.00013613545,2,Muzyka
Show the latest animated movies movie times for the nearest movie house,6,4,0,0.00012525302,2,Muzyka
Book a reservation for nine people at the best pub nearby Tangier in six months,1,0,0,0.00018970971,2,Muzyka
Play top-ten eighties song,3,3,1,0.00017655693,2,Muzyka
I'm looking for the game called Summer of Fear,5,3,0,0.00013192427,2,Muzyka
What are the animated movies in the neighbourhood for the recent movie times,6,4,0,0.00011505407,2,Muzyka
add Metal Church to my playlist named Stress Relief,0,3,1,0.00013917517,2,Muzyka
play music by Bryan Maclean,3,3,1,0.00011616723,2,Muzyka
"Book a table for 6 in The Cheese Course , Blocher on February the 10th .",1,0,0,0.00020276595,2,Muzyka
I would like to hear a song by Tim Reynolds,3,3,1,0.00014715632,2,Muzyka
What is the weather forecast for Papua New Guinea,2,1,0,0.00016891173,2,Muzyka
Add Barry McGuire to my playlist called have a laugh .,0,3,1,0.00014287632,2,Muzyka
play chant by Nigger Kojak on Itunes,3,3,1,0.00019144063,2,Muzyka
Can you add woman of the world to my playlist entitled Duetos,0,3,1,0.00019057028,2,Muzyka
She me that movie schedule,6,4,0,0.00014122782,2,Muzyka
Can I hear a song by David Hodges ?,3,3,1,0.000122929,2,Muzyka
Play Bald by Kaskade .,3,3,1,0.00010564136,2,Muzyka
Play music on itunes from artist Jessica Delfino,3,3,1,0.00017625811,2,Muzyka
What will the weather be like in 15 and a half weeks in China,2,1,0,0.00016645559,2,Muzyka
play a symphony that is good from 2000,3,3,1,0.00016748569,2,Muzyka
Play a fairouz tune on Deezer,3,3,1,0.00012585247,2,Muzyka
Play breed the killers on Itunes,3,3,1,0.00016097764,2,Muzyka
Play some Glenn Stetson music on Spotify,3,3,1,0.0002457472,2,Muzyka
"What's the weather forecast for Central , North Dakota ?",2,1,0,0.0001596127,2,Muzyka
Play some anneliese van der pol from the thirties on Groove Shark,3,3,1,0.00012503819,2,Muzyka
Play a symphony from the thirties .,3,3,1,0.0001983944,2,Muzyka
Use itunes to play dancing playlist,3,3,1,0.0001728227,2,Muzyka
Play Strength of Street Knowledge on Groove Shark,3,3,1,0.00012910778,2,Muzyka
For my playlist Post Garage Wave Revival add the name Eternal Prisoner,0,3,1,0.00015315127,2,Muzyka
"Play the track Goodbye Alexander, Goodbye Honey Boy from Ehsaan Noorani",3,3,1,0.00014014852,2,Muzyka
Play a sixties track by Noam Pikelny on iheart .,3,3,1,0.00016222759,2,Muzyka
add the artist Jamie T to hallie's winter music playlist,0,3,1,0.00012984732,2,Muzyka
Play funtime activity,3,3,1,0.00017103957,2,Muzyka
Add irving berlin to my dishwashing,0,0,1,0.0014409289,2,Muzyka
book a stuffed peppers serving bakery for 9 at Woodsfield VI,1,0,0,0.00019405893,2,Muzyka
Put an album by Mohammad Reza Shadjarian in my Chillin' on a Dirt Road playlist.,0,3,1,0.0002336248,2,Muzyka
Add this tune to my This Is Luis Fonsi playlist,0,3,1,0.0001412021,2,Muzyka
Play How Does It Work by Helen Carter .,3,3,1,0.00027807502,2,Muzyka
Play a 1974 sound track on Vimeo .,3,3,1,0.0001904106,2,Muzyka
Can you play me some eighties music by Adele,3,3,1,0.00013847546,2,Muzyka
add this song to wedding classics playlist,0,3,1,0.00012740778,2,Muzyka
Include Hermann Baumann in my Texas Red Dirt list,0,3,1,0.0015168667,2,Muzyka
Add Sabrina Salerno to the Grime Instrumentals playlist,0,3,1,0.00017789537,2,Muzyka
Add Manuelita la tortuga to my Nuestros 80 playlist,0,3,1,0.00036847612,2,Muzyka
Use Itunes to play music,3,3,1,0.00023488028,2,Muzyka
Play Pirates of the Caribbean Online,5,3,0,0.00016887025,2,Muzyka
put A L Lloyd on gaming anthems,0,3,1,0.00021438574,2,Muzyka
put artist hridaynath mangeshkar onto my night out playlist,0,3,1,0.00022000627,2,Muzyka
I'd like to see the show Migration,5,3,0,0.0001601952,2,Muzyka
add time flies 1994-2009 to the Jazzy Romance playlist,0,3,1,0.00068973436,2,Muzyka
Add ross the boss to laurie's listas de éxitos list,0,3,1,0.0003971315,2,Muzyka
Play Salmonella Dub Dvd by mario rubalcaba on Vimeo,3,3,1,0.00015927949,2,Muzyka
"Play something from my Songs For You, Not Your Parents playlist",3,3,1,0.00020879568,2,Muzyka
Play Moris Tepper,3,3,1,9.7518656e-05,2,Muzyka
Play me some Max Martin on Lastfm,3,3,1,0.00018061609,2,Muzyka
Add wiktor coj to the Sleep playlist.,0,3,1,0.00029523586,2,Muzyka
Play eighties music on Groove Shark .,3,3,1,0.00019845688,2,Muzyka
I want to listen to an ep from 1998 .,3,3,1,0.00026304106,2,Muzyka
Go to Your Heart Belongs to Me,5,3,0,0.00017268852,2,Muzyka
add j r rotem to Classic Jazz Singers playlist,0,3,1,0.00061214605,2,Muzyka
Play the heinz strobl ep from 2016 on Groove Shark,3,3,1,0.00014444704,2,Muzyka
add this artist to the This Is Dirty Projectors playlist,0,3,1,0.00016302458,2,Muzyka
Add vikku vinayakram to my This Is Nicky Jam,0,3,1,0.00021521588,2,Muzyka
Play some music from 1989 by Sanjeev Abhyankar .,3,3,1,0.00022801162,2,Muzyka
Play Midnight Special,3,3,1,0.00011749937,2,Muzyka
Book a table for 3 at a top-rated restaurant .,1,0,0,0.00018554169,2,Muzyka
Put this Lidell Townsell track on esenciales,0,3,1,0.00013889617,2,Muzyka
I want to hear symphony songs from Rebecca Cartwright on Last Fm,3,3,1,0.00037033332,2,Muzyka
add Top 100 Indie Tracks on Spotify to my track,0,3,1,0.00023968947,2,Muzyka
is Dishyum at the cinema,6,4,0,0.00015371865,2,Muzyka
I want to hear secrets on parade from Tommy Walter,3,3,1,0.00016572086,2,Muzyka
Is it better in Holi or here,2,1,0,0.00013466335,2,Muzyka
add tune Papa Bue to éxitos españa playlist,0,3,1,0.00018959679,2,Muzyka
"Book a table at Top Pot Doughnuts in Greensburg , AMerican Samoa",1,0,0,0.00022392177,2,Muzyka
I want to see the trailer for The Entity,5,3,0,0.00017941381,2,Muzyka
Play This Is Animal Collective please,3,3,1,0.0001240413,2,Muzyka
play a 1977 record by Bitty Mclean on Google Music,3,3,1,0.000183225,2,Muzyka
Add this album to my orgánica playlist.,0,3,1,0.00024877765,2,Muzyka
play an eighties song by Ler Lalonde,3,3,1,0.0001158492,2,Muzyka
rate current textbook 0,4,2,0,0.00013679931,2,Muzyka
add Blag Dahlia to Pura Vida,0,3,1,0.00024626448,2,Muzyka
Add a track to the El Mejor Pop en Español playlist.,0,3,1,0.00018436846,2,Muzyka
I need the forecast for hot in Barbados May City in 1 year,2,1,0,0.00016435463,2,Muzyka
Put What Color Is Your Sky by Alana Davis on the stereo.,3,3,1,0.0035016586,2,Muzyka
What time is the Wanda Group playing The Honor of an Outlaw,6,4,0,0.00015051781,2,Muzyka
book a highly rated place in IN in seven years at a pub,1,0,0,0.0001828167,2,Muzyka
add entre um coco e um adeus to taylor's this is john williams playlist,0,3,1,0.0004092834,2,Muzyka
Play Socialism Is Good by terje bakken on Spotify .,3,3,1,0.0002515612,2,Muzyka
Will it get hotter in Hext ?,2,1,0,0.00017461098,2,Muzyka
find the closest movie theatre with animated movies,6,4,0,0.00013543174,2,Muzyka
Play a music theme by Anna Nikolajewna Jessipowa,3,3,1,0.00016127215,2,Muzyka
play new music by Elmore James with google music,3,3,1,0.00018046479,2,Muzyka
add this tune to my It's a Southern Thing playlist,0,3,1,0.00013685676,2,Muzyka
Add bilal to winter,0,3,1,0.00019318536,2,Muzyka
Play me the most popular Peja song on Slacker,3,3,1,0.00018026428,2,Muzyka
Show the movie schedules at MJR Theatres,6,4,0,0.00012747715,2,Muzyka
Give this current book zero out of 6,4,2,0,0.00014315575,2,Muzyka
Play me a 1974 tune on Slacker,3,3,1,0.00016095626,2,Muzyka
Give me the movie times for Fox Theatres,6,4,0,0.0001283533,2,Muzyka
The Bone Season is worth at least three points,4,2,0,0.00014363609,2,Muzyka
The book Organization of Behavior deserves two points .,4,2,0,0.0001718321,2,Muzyka
add this album to my forever country playlist,0,3,1,0.00011810451,2,Muzyka
Play something by Daisy Voisin on google music,3,3,1,0.00016544986,2,Muzyka
Add this Nozomi Tsuji tune to my Hot House playlist,0,3,1,0.00015328752,2,Muzyka
put this tune on my Nothing But A Party R&B playlist,0,3,1,0.00012511411,2,Muzyka
I want to hear some songs from the twenties,3,3,1,0.00016430966,2,Muzyka
play some best selling rave songs,3,3,1,0.00017731974,2,Muzyka
add track to Indie Electronics playlist,0,3,1,0.00017067057,2,Muzyka
please give a 2 out of 6 to House of Many Ways,4,2,0,0.00014266804,2,Muzyka
add Georgetown University Alma Mater to my evening acoustic playlist,0,3,1,0.0003010879,2,Muzyka
find a picture called How Much Wood Would a Woodchuck Chuck,5,3,0,0.00010652026,2,Muzyka
put this album into becky's infinite indie folk playlist,0,3,1,0.00015329653,2,Muzyka
Play a song of I Myself And Me on Youtube,3,3,1,0.00017560359,2,Muzyka
add maggie mcgill to my night vibes,0,3,1,0.0001770762,2,Muzyka
Play Post Garage Wave Revival playlist.,3,3,1,0.00015704312,2,Muzyka
play some Annie Herring beat street on itunes,3,3,1,0.00016201606,2,Muzyka
Add tune to my Para comer,0,3,1,0.00011995475,2,Muzyka
Play Niko from the fourties,3,3,1,0.0001229952,2,Muzyka
Play some 1954 songs on my Itunes .,3,3,1,0.0005447613,2,Muzyka
Rate Myths of the Near Future three points,4,2,0,0.0001349407,2,Muzyka
Find the novel What We Did on Our Holiday,5,3,0,0.0001402917,2,Muzyka
In NH will it be chillier in West York at noon,2,1,0,0.00015698317,2,Muzyka
play wendy james from the fifties,3,3,1,0.00011591653,2,Muzyka
Find a TV show called Ace of Spades .,5,3,0,0.000141252,2,Muzyka
I rate Observations one points,4,2,0,0.00013693392,2,Muzyka
Book a reservation for nine at an outdoor restaurant,1,0,0,0.00018225184,2,Muzyka
Add this artist to Metal Party,0,3,1,0.00012586288,2,Muzyka
Put the frl menke song in my comedy top tracks,0,3,1,0.00011835009,2,Muzyka
put artist Serenata onto my Massive Soca Hits list,0,3,1,0.0001650665,2,Muzyka
Give five points to An Ice-Cream War,4,2,0,0.00014569501,2,Muzyka
Play Chad I Ginsburg,3,3,1,0.00016606548,2,Muzyka
add album radar latino,0,3,1,0.00013230336,2,Muzyka
Add a tune to rare groove,0,3,1,0.00010691768,2,Muzyka
Add a Jang Nara track to the hip hop gaming playlist.,0,3,1,0.00026145764,2,Muzyka
Play a tune by Andrew Findon,3,3,1,0.000115052,2,Muzyka
A Very Cellular Song needs to be added to my masters of metal playlist,0,3,1,0.00018213037,2,Muzyka
Find the movie schedule for Dipson Theatres .,6,4,0,0.00012163813,2,Muzyka
Play a top-50 tune from 1982 .,3,3,1,0.00011007817,2,Muzyka
Book a reservation for Clinton Street Baking Company & Restaurant distant from downtown,1,0,0,0.00018455806,2,Muzyka
Play music by Janet Paschal,3,3,1,0.00011424975,2,Muzyka
Use the last fm service to play A Mis Niños de 30,3,3,1,0.0007071045,2,Muzyka
put take up thy stethoscope and walk onto my verano playlist,0,3,1,0.00024169596,2,Muzyka
table for 6 at a bar,1,0,0,0.00017230086,2,Muzyka
Play a track from 1985 .,3,3,1,0.00016288835,2,Muzyka
book a highly rated bar in Burkina for georgia and I,1,0,0,0.00019975033,2,Muzyka
Use service Vimeo the genre slow rock,3,3,1,0.00017302297,2,Muzyka
play Pop 2017 Picks,3,3,1,0.00013768362,2,Muzyka
Where to get album Justified,5,3,0,0.0001542106,2,Muzyka
add this track to my global funk,0,3,1,0.00014444948,2,Muzyka
"play Lily, Rosemary And The Jack Of Hearts by Chris Goss",3,3,1,0.00011479517,2,Muzyka
play ray davies on Iheart by only Hit It Again,3,3,1,0.00014088179,2,Muzyka
Play Everybody Wins trailer,5,3,0,0.00012452196,2,Muzyka
show me movie schedules,6,4,0,0.00013424254,2,Muzyka
find a saga called Shame on You,5,3,0,0.00013906098,2,Muzyka
put any Andrew Hurley album onto timeless love songs,0,3,1,0.00013164597,2,Muzyka
add bert mccracken tune lo que suena new york playlist,0,3,1,0.00020095614,2,Muzyka
Add this song to my lo que suena new york playlist,0,3,1,0.00015029743,2,Muzyka
Play the most popular soundtrack by Elena Paparizou on youtube,3,3,1,0.00012684615,2,Muzyka
Show The Swan Princess,5,3,0,0.00013730198,2,Muzyka
add new metal tracks in my tune,0,3,1,0.00021444818,2,Muzyka
Add album to princesas indie,0,3,1,0.00013570293,2,Muzyka
I want to put this track on diann's Just Smile playlist,0,3,1,0.00017284986,2,Muzyka
Include Kunnon syy in my Trap Land playlist.,0,3,1,0.00073123025,2,Muzyka
Look up the game called The Long Morrow,5,3,0,0.00013557314,2,Muzyka
find me a game called Spaceball,5,3,0,0.00015498536,2,Muzyka
book a table for 1 at a restaurant,1,0,0,0.00019463652,2,Muzyka
add yang hyun seok to the playlist called night out,0,3,1,0.00018187337,2,Muzyka
Add this track to my lo que suena new york playlist,0,3,1,0.0001685034,2,Muzyka
add darkest angels to my SOS 48 2016,0,3,1,0.00049547135,2,Muzyka
What time is Holiday Heart showing at the movie house,6,4,0,0.00012782478,2,Muzyka
Add best of uetoaya to Wild Country,0,3,1,0.00024971704,2,Muzyka
put Sonntagskind onto the playlist called soulful disco,0,3,1,0.00015569573,2,Muzyka
I'd like to know what films are scheduled at Alamo Drafthouse Cinema .,6,4,0,0.00013822642,2,Muzyka
Add outside the dream syndicate to millicent's fresh electronic playlist,0,3,1,0.00015840342,2,Muzyka
add Joelia Savitsjeva in 88 keys,0,3,1,0.006919816,2,Muzyka
Can you put dj kay slay onto the 2010 Decade playlist?,0,3,1,0.00028114874,2,Muzyka
play Moustapha Amar Make It Rain,3,3,1,0.00017133704,2,Muzyka
Will it be windy at 4 PM in NY ?,2,1,0,0.00016451596,2,Muzyka
When is Dead Birds playing?,6,4,0,0.00058005785,2,Muzyka
The road trip playlist needs justin utley in it.,0,3,1,0.0002091719,2,Muzyka
Play music from the artist Joe Sample,3,3,1,0.00013491286,2,Muzyka
I think The Turbulent Term of Tyke Tiler is a rating of 3 .,4,2,0,0.00013323945,2,Muzyka
Play music by Sarah Connor,3,3,1,0.00010712749,2,Muzyka
Play music from 1960,3,3,1,0.00014263256,2,Muzyka
Play the latest 1973 album by Peter Derose .,3,3,1,0.00032868335,2,Muzyka
Play Brian Clifton off Groove Shark .,3,3,1,0.0001295956,2,Muzyka
Add a song to ultimate indie,0,3,1,0.00013690341,2,Muzyka
I am giving the current book two stars,4,2,0,0.00013441776,2,Muzyka
play Joey Fatone soundtrack tunes from Google Music from 1972,3,3,1,0.00015160617,2,Muzyka
I need work of Father Dearest,5,3,0,0.00025621668,2,Muzyka
0 stars for this textbook,4,2,0,0.00014463143,2,Muzyka
Ad Amal Hijazi tune to my Pura Vida,0,3,1,0.00014896027,2,Muzyka
play a tune from 1973,3,3,1,0.00011724749,2,Muzyka
"Book Childs Restaurants in Bruno for 1 person on October 6th, 2019 .",1,0,0,0.00020912664,2,Muzyka
What will the weather be like 20 minutes from now in Homestead Meadows in Martinique,2,1,0,0.00014994295,2,Muzyka
Play movement music from 1954,3,3,1,0.00015499927,2,Muzyka
Can you play music from 2003 on Netflix,3,3,1,0.000428541,2,Muzyka
I'd looking for the saga PlayCanvas .,5,3,0,0.00012539311,2,Muzyka
what time is The Challenge showing at the local movie house,6,4,0,0.000112706024,2,Muzyka
add this Michael V track to my Folk & Americana,0,3,1,0.00018470925,2,Muzyka
I Need rave Slacker to play,3,3,1,0.0007643876,2,Muzyka
Book a restaurant near the City of Wakefield for 5 people.,1,0,0,0.0002316984,2,Muzyka
Play some music on Lastfm,3,3,1,0.00024899116,2,Muzyka
Add another album to my this is pavarotti playlist.,0,3,1,0.00019831148,2,Muzyka
play a new song from the seventies,3,3,1,0.00013217023,2,Muzyka
play music by Bonobo,3,3,1,0.00014277147,2,Muzyka
Add a track to my hands up playlist.,0,3,1,0.00024589727,2,Muzyka
Play a top five Jonny Buckland symphony from around 1989,3,2,1,0.0009574275,2,Muzyka
I'd like to go to a pizzeria within walking distance of Hutchinson,1,0,0,0.00017875731,2,Muzyka
Use Deezer service to play Opera,3,3,1,0.0013229613,2,Muzyka
I want you to add must b 21 to acoustic covers the mash ups .,0,3,1,0.0002290616,2,Muzyka
put Tony Rombola on my novedades viernes sudamérica playlist,0,3,1,0.00031818132,2,Muzyka
Add this adam clayton tune to sxsw fresh playlist,0,3,1,0.00021507296,2,Muzyka
this album is rated at a 0 out of a possible 6 .,4,2,0,0.00013787438,2,Muzyka
Play the top ten by Andrea Del Rosario .,3,3,1,0.00013865423,2,Muzyka
Play some chant music from 2008 .,3,3,1,0.00017232652,2,Muzyka
Make and play a new playlis with the theme songs released in 1968,3,3,1,0.0001633219,2,Muzyka
"On june 27, 2026 I'd like to go to a Delaware gastropub",1,0,0,0.00019724036,2,Muzyka
Play the newest released song from 1951,3,3,1,0.00018238033,2,Muzyka
play newest Robert Palmer sound track,3,3,1,0.00017204475,2,Muzyka
Play the playlist introspective,3,3,1,0.00013784559,2,Muzyka
Play the latest ballad by September,3,3,1,0.0001263669,2,Muzyka
add armand van helden to my black sabbath the ozzy years playlist,0,3,1,0.00020470862,2,Muzyka
add Adam Yauch to my Spooning,0,0,1,0.0029471107,2,Muzyka
Add a guy is a guy to the infinite indie folk playlist.,0,3,1,0.00020721418,2,Muzyka
"this winter , meredith, betty and erika want to food at a gastropub that is in the same area as fran's location .",1,0,0,0.0002839961,2,Muzyka
Play me a song by Avispa Music from 1965,3,3,1,0.00019586865,2,Muzyka
"Can I get the showtimes for the closest cinema showing I’m a Cyborg, But That’s OK .",6,4,0,0.00012871753,2,Muzyka
this chronicle of The Origins and History of Consciousness is a three,4,2,0,0.00014406284,2,Muzyka
What's the weather forecast not far from here ?,2,1,0,0.00015156287,2,Muzyka
search for TV show Live at Apollo,5,3,0,0.00011217877,2,Muzyka
Where does The Return of the Whistler play at the Bow Tie Cinemas at 030148 A.M.,6,4,0,0.00015120766,2,Muzyka
Play Pacific Ocean Blues by John Doe on Lastfm,3,3,1,0.00018068874,2,Muzyka
book a spot for ten in Upper Marlboro PR,1,0,0,0.00019786428,2,Muzyka
"I need to add an artist to one of my playlists, Classical New Releases Spotify Picks .",0,3,1,0.00038910567,2,Muzyka
Play a melody from Elmer Bernstein,3,3,1,0.0001750295,2,Muzyka
add this song by Too Poetic to my Piano Ballads playlist,0,3,1,0.00014542339,2,Muzyka
Play 2004 Guy Sebastian on Itunes,3,3,1,0.0001823872,2,Muzyka
add a mina caputo album to my after hours party,0,3,1,0.00013490749,2,Muzyka
book a socca serving steakhouse for 2 in Saint James Alabama,1,0,0,0.00019794841,2,Muzyka
Add this artist to the laugh list,0,3,1,0.00016795014,2,Muzyka
Play the newest 2016 ep from Boaz Mauda .,3,3,1,0.00024209835,2,Muzyka
Play music from Paul Landers,3,3,1,0.0001321584,2,Muzyka
I want to listen to Roger Daltrey from the sixties on slacker,3,3,1,0.00015357323,2,Muzyka
Find me the novel of A Dictionary of Slang and Unconventional English,5,3,0,0.00024351128,2,Muzyka
add artist to my playlist i love my 80's rollerdisco,0,3,1,0.0001688778,2,Muzyka
please put live with me onto my playlist named CARÁCTER LATINO,0,3,1,0.00022653623,2,Muzyka
I need a painting called Brubeck Plays Brubeck,5,3,0,0.00012861533,2,Muzyka
Showtimes for animated movies fro Goodrich Quality Theaters .,6,4,0,0.00012295374,2,Muzyka
Book a reservation for City Tavern in Long Bridge,1,0,0,0.00017735193,2,Muzyka
find a United Paramount Theatres and movie times at 4 A.M.,6,4,0,0.00012611515,2,Muzyka
Put horace silver and the jazz messengers on my running to rock 170 to 190 bpm playlist,0,4,1,0.0005915683,2,Muzyka
put this song on my NTC High Intensity Training Tracks playlist,0,3,1,0.00013621552,2,Muzyka
play fourties tunes by Bryan Webb on Groove Shark,3,3,1,0.00013986559,2,Muzyka
Show movie schedule and movies in the area,6,4,0,0.00013502622,2,Muzyka
play Zvooq latest track by Peter Appleyard,3,3,1,0.00018023439,2,Muzyka
Find the News At Seven-Thirty photograph,5,4,0,0.001057128,2,Muzyka
What's the weather like today in Sierra Blanca,2,1,0,0.00015637313,2,Muzyka
I need to reserve a table for my baby and I at a tibetan tavern,1,0,0,0.00017757321,2,Muzyka
When is The Blue of Heaven playing?,6,4,0,0.00036966059,2,Muzyka
add madlib invazion to my prog rock monsters list,0,3,1,0.00027021035,2,Muzyka
Play my Hot 50 playlist.,3,3,1,0.00024195775,2,Muzyka
rate the previous textbook a 4 out of 6,4,2,0,0.0001416969,2,Muzyka
Play some Armik from the fourties,3,3,1,0.00010887776,2,Muzyka
Find the show The Sword of the Lictor,5,3,0,0.00011710261,2,Muzyka
What's the weather in Blackman Jordan,2,1,0,0.0001453303,2,Muzyka
Play the song Jingle Bells,3,3,1,0.000120939585,2,Muzyka
give the current book zero of 6,4,2,0,0.00014322464,2,Muzyka
Where can I find the show Game of Death II,5,3,0,0.00010936773,2,Muzyka
Can I listen to music from the Easy Listening genre?,3,3,1,0.00021581071,2,Muzyka
I want the show The Sense Apparatus,5,3,0,0.00013153898,2,Muzyka
Give zero out of 6 stars to this album,4,2,0,0.00013997778,2,Muzyka
Add kjetil vidar haraldstad to my para entrenar playlist.,0,3,1,0.0010060517,2,Muzyka
add songs in 90's hip hop of artist,0,3,1,0.00013074461,2,Muzyka
Add teriazume to the nação reggae playlist,0,3,1,0.00021695693,2,Muzyka
Play some movement from the fourties,3,3,1,0.000117088704,2,Muzyka
Please put David Van Tieghem onto my throwback party playlist.,0,3,1,0.00022566125,2,Muzyka
add la voce to my Dubstep Dangles Dirty playlist,0,3,1,0.00017637505,2,Muzyka
"Can you find me, Hey Man ?",5,3,0,0.00012544345,2,Muzyka
Fine the movie schedules for the Wanda Group .,6,4,0,0.00012897633,2,Muzyka
For my playlist fresh finds hiptronix add the name polka medley,0,3,1,0.00012220394,2,Muzyka
Will it get windy this week-end in Selva Jedediah Smith ?,2,1,0,0.00015530812,2,Muzyka
Play record from the seventies,3,3,1,0.00010764241,2,Muzyka
Play my Trapeo playlist.,3,3,1,0.0002631204,2,Muzyka
A rating of 5 of 6 points goes to Dickson McCunn trilogy,4,2,0,0.0001381439,2,Muzyka
Place this tune onto my dinner for 2 playlist.,0,3,1,0.00046614974,2,Muzyka
rate this book called The Last of the Wine two out of 6 points,4,2,0,0.00013956815,2,Muzyka
What will the weather be in Lamar ?,2,1,0,0.00015230456,2,Muzyka
play my Madrugando playlist on Groove Shark,3,3,1,0.00025061675,2,Muzyka
Add this artist to piano chill,0,3,1,0.00011868976,2,Muzyka
add this song by deron miller to my party on fridays playlist,0,3,1,0.00017061533,2,Muzyka
play chant music from 1993,3,3,1,0.00012163131,2,Muzyka
Play the greatest record by Leroi Moore,3,3,1,0.00010880906,2,Muzyka
Play the album Killer Instinkt,3,3,1,0.000138253,2,Muzyka
rate this novel 0 of 6 stars,4,2,0,0.0001432273,2,Muzyka
play Roland Alphonso tunes that are most popular,3,3,1,0.0006609845,2,Muzyka
listen to tei movement from most popular eighties music,3,3,1,0.00017662239,2,Muzyka
add this track to morning classical,0,3,1,0.00016788229,2,Muzyka
find the novel The Thunder Rolls,5,3,0,0.00011528598,2,Muzyka
"this album is hot trash, it's totally zero stars .",4,2,0,0.00012937518,2,Muzyka
Play the last soundtrack from the sixties,3,3,1,0.0001298765,2,Muzyka
I want to hear a Gucci Mane song from Last Fm from 2002,3,3,1,0.000114587354,2,Muzyka
Add this artist to my garage jams,0,3,1,0.00013036918,2,Muzyka
Add Chamberlain Waits to my picnic in the park,0,3,1,0.00094823464,2,Muzyka
rate this album one out of 6,4,2,0,0.00014498603,2,Muzyka
Play rhythmic,3,3,1,0.000112631205,2,Muzyka
Play music from the playlist Get Your Mind Right,3,3,1,0.00014345568,2,Muzyka
Rate The Philosophic Thought of Ayn Rand three of 6 stars,4,2,0,0.00015120368,2,Muzyka
Play celtic music,3,3,1,0.000110056644,2,Muzyka
I want to book a restaurant for 6 on january third within walking distance of Northvale,1,0,0,0.0002280298,2,Muzyka
add Matthew Helders artist in Showstopper Being Mary Jane,0,3,1,0.00018804903,2,Muzyka
add track to This Is Zezé Di Camargo & Luciano playlist,0,3,1,0.00016019092,2,Muzyka
Play music from Youtube .,3,3,1,0.0002451882,2,Muzyka
Add Luiza Possi to my bachelor party playlist.,0,3,1,0.00026325937,2,Muzyka
Tell me the weather forecast for France,2,1,0,0.00016339641,2,Muzyka
Play me a fifties song,3,3,1,0.00011505092,2,Muzyka
play Takes Place In Your Work Space by Eddie Kendricks,3,3,1,0.00018394744,2,Muzyka
I need a bakery that serves beef manhattan at midnight for nine,1,0,0,0.00019092375,2,Muzyka
Add this album to the Spanish Beat playlist,0,3,1,0.00016049926,2,Muzyka
Add a tune to my elrow Guest List,0,3,1,0.00012631337,2,Muzyka
Add Always to dena's Baroque 50 Spotify Picks playlist.,0,3,1,0.00029561177,2,Muzyka
I want to hear that track from 1991,3,3,1,0.00013076038,2,Muzyka
Play me a Frank Farian ep,3,3,1,0.00014015313,2,Muzyka
Add an album to corinne's Beast Mode playlist.,0,3,1,0.00024069888,2,Muzyka
When does Of Stars and Men play?,6,4,0,0.00042795742,2,Muzyka
Add Kevin Ridel to instrumental madness,0,3,1,0.00021558086,2,Muzyka
show Get It Together on TV show,5,3,0,0.00013757111,2,Muzyka
play a top-fifty 1965 album by Ski,3,3,1,0.00023833566,2,Muzyka
Rate DNA Repair and Mutagenesis four stars,4,2,0,0.00015350623,2,Muzyka
Can you play Maggie Mae on Netflix,3,3,1,0.0008752682,2,Muzyka
Play me a seventies ep,3,3,1,0.00012465475,2,Muzyka
TV series for The Thirty Nine Steps ?,5,3,0,0.00012537738,2,Muzyka
add Eef Barzelay to my Country Coffeehouse,0,0,1,0.00018492201,2,Muzyka
I need to book a restaurant at supper time in IL,1,0,0,0.00022268543,2,Muzyka
Play the top chant music from 2014 .,3,3,1,0.00012476202,2,Muzyka
Play music on Itunes,3,3,1,0.00017658202,2,Muzyka
Add this artist to my Throwback Dance Party playlist,0,3,1,0.00015555402,2,Muzyka
What films are playing at the nearest movie theatre,6,4,0,0.0001285952,2,Muzyka
what is the weather forecast for Kaaawa,2,1,0,0.00014906756,2,Muzyka
the next book is worth two,4,2,0,0.00017885133,2,Muzyka
I want to listen to seventies music.,3,3,1,0.0003210811,2,Muzyka
Play music from the playlist Late Night Jazz,3,3,1,0.00014684853,2,Muzyka
Can you play a melody from the fifties on Last Fm ?,3,3,1,0.00036584036,2,Muzyka
Where can I watch Gaddar The Traitor ?,6,4,0,0.00027879025,2,Muzyka
add the tune by misato watanabe to the Trapeo playlist,0,3,1,0.00014493866,2,Muzyka
add artist my laundry playlist,0,3,1,0.00015876509,2,Muzyka
Book a restaurant for 9 people.,1,0,0,0.00019621484,2,Muzyka
Find a table at a bar for milagros and I in Mount Pocono,1,0,0,0.00017599264,2,Muzyka
add lil armstrong to my Adrenaline Workout playlist,0,3,1,0.0001900905,2,Muzyka
book a spot at Savoy Hotel and Grill that is neighboring Wisconsin,1,0,0,0.00019027149,2,Muzyka
Will a blizzard hit Torrey Pines State Natural Reserve on jun. sixteenth ?,2,1,0,0.0002059356,2,Muzyka
Play a sixties song .,3,3,1,0.00014165566,2,Muzyka
show movie schedule at Cinemark Theatres,6,4,0,0.00012598488,2,Muzyka
Add an album to my week end playlist,0,3,1,0.0001453018,2,Muzyka
Can you play top Zvooq by Fink ?,3,3,1,0.00065721094,2,Muzyka
Add tara blaise to my power gaming playlist,0,3,1,0.00078355666,2,Muzyka
will there be snowfall in Pacific Beach Suriname,2,1,0,0.000162441,2,Muzyka
"Tell me the weather forecast for Lecanto , Georgia",2,1,0,0.00015899059,2,Muzyka
Want to eat at The Meatball Shop that's within walking distance of erica's campus,1,0,0,0.00024739178,2,Muzyka
add the piano bar to my Cindy Wilson,0,3,1,0.00019040128,2,Muzyka
What is the Michael Moore Is a Big Fat Stupid White Man video game ?,5,3,0,0.00014530082,2,Muzyka
Add el pavo dustin to viajes,0,3,1,0.0002885022,2,Muzyka
Add some jim diamond to peace,0,3,1,0.000137426,2,Muzyka
Add this album to jenifer's mellow dinner playlist,0,3,1,0.00015692959,2,Muzyka
Put some mac wiseman in my latino caliente playlist.,0,3,1,0.00026492565,2,Muzyka
rate The Confidence-Man 3 points,4,2,0,0.00014273882,2,Muzyka
add track by Monster Bobby to peace playlist,0,3,1,0.00018826398,2,Muzyka
Where can I purchase the TV series Liar Game - The Final Stage,5,3,0,0.00012490216,2,Muzyka
Edit Classic Road Trip Songs put on Sammy Cahn,0,3,1,0.00016073922,2,Muzyka
Play some showtunes music.,3,3,1,0.0001975577,2,Muzyka
What's the weather going to be in Yemen in one minute ?,2,1,0,0.00014504723,2,Muzyka
play Lighter by Pamela Jintana Racine,3,3,1,0.00010430323,2,Muzyka
Let me use netflix to listen to the last soundtrack from Out Of Eden .,3,3,1,0.00030026323,2,Muzyka
add ronnie james dio tune to Women of Electronic selection,0,3,1,0.00012230524,2,Muzyka
I need to add another track to my cleaning playlist.,0,3,1,0.00024246289,2,Muzyka
I'd like to hear the last song fro Willa Ford .,3,3,1,0.00015584753,2,Muzyka
We want to eat at a brasserie with sicilian food in Nebraska,1,0,0,0.00017488985,2,Muzyka
play music by Rodney Whitaker,3,3,1,0.00013078956,2,Muzyka
whats the closest movie house showing Home Room,6,4,0,0.00012597899,2,Muzyka
I need some Hardcore Hip Hop,3,3,1,0.000111770954,2,Muzyka
Play the top music from The Railway Children off Last Fm .,3,3,1,0.00022998257,2,Muzyka
Turn on Last Fm,3,3,1,0.00019625865,2,Muzyka
Would you please play me a symphony from 1995,3,3,1,0.00018708559,2,Muzyka
Show me Live at the Kings Center,5,3,0,0.00019892292,2,Muzyka
when is Good Will Evil playing at Loews Cineplex Entertainment,6,4,0,0.00015353214,2,Muzyka
Make a reservation for eunice thompson and elisa martin in the Virgin Islands in one minute .,1,0,0,0.00021998736,2,Muzyka
add david dallas to my latin dance cardio playlist,0,3,1,0.00015846691,2,Muzyka
rate the book Now and Forever 1 out of 6 points,4,2,0,0.0001363358,2,Muzyka
play Fernando Olvera,3,3,1,0.00010403233,2,Muzyka
"Is it cold in Breckenridge , Colorado ?",2,1,0,0.00016564343,2,Muzyka
Can you play something from 1966 by Mc Ren on Spotify,3,3,1,0.000385403,2,Muzyka
will it be chillier in Saxis North Dakota,2,1,0,0.00017224069,2,Muzyka
I wish to listen to some instrumental music.,3,3,1,0.00038037074,2,Muzyka
Give this textbook one stars out of 6,4,2,0,0.00014294761,2,Muzyka
Will it be hot here at 22 o'clock ?,2,1,0,0.00016435479,2,Muzyka
rate the current book series two out of 6 stars,4,2,0,0.0001438583,2,Muzyka
Add track to Afternoon Train Ride,0,3,1,0.00017323637,2,Muzyka
Add tune to Genuine R&B,0,3,1,0.00012182839,2,Muzyka
Add porter wagoner to the The Sleep Machine Waterscapes playlist.,0,3,1,0.00027049435,2,Muzyka
what time is Company Men showing,6,4,0,0.00018004145,2,Muzyka
I would like to rate the book The Three Impostors 2 to 6 stars .,4,2,0,0.00013494435,2,Muzyka
rate the current essay a three,4,2,0,0.00013389389,2,Muzyka
add this album to my Throwback Party playlist,0,3,1,0.00014787112,2,Muzyka
Need to book a table downtown within walking distance of me at J.G. Melon,1,0,0,0.00018124322,2,Muzyka
Play 2011 music,3,3,1,0.00012735798,2,Muzyka
I need to book a table at a fast food spot that serves slinger in PR,1,0,0,0.0001745916,2,Muzyka
Add an album by m g sreekumar to my laidback acoustic playlist.,0,3,1,0.00024349803,2,Muzyka
Play music from 1959 by Lenny Leblanc on Pandora .,3,3,1,0.0003187092,2,Muzyka
add this artist named Kirk Hammett to my playlist Los 40 Radio Éxitos,0,3,1,0.0001812441,2,Muzyka
Rate The Australian Ugliness 3 points,4,2,0,0.00013015409,2,Muzyka
movie times at Cooper Foundation for sunset,6,4,0,0.00013359419,2,Muzyka
Add a Kanon Wakeshima track to the Feeling Blue playlist.,0,3,1,0.000250235,2,Muzyka
Add Fra Mols til Skagen to my this is trey songz playlist,0,3,1,0.00026719295,2,Muzyka
"I want to listen to an album sorted by last , open Google Music and play Paulinho Da Viola .",3,3,1,0.00013477377,2,Muzyka
Is it freezing near Medley ?,2,1,0,0.00014168344,2,Muzyka
Play thirties concerto music on Google Music,3,3,1,0.00025054382,2,Muzyka
"add Hello, My Lover, Goodbye to my Deathcore playlist",0,3,1,0.0003449768,2,Muzyka
I would give The Call of the Toad a value of zero and a best rating of 6,4,2,0,0.00013936311,2,Muzyka
play Fey 's album Diamond Head on Zvooq,3,3,1,0.00011941014,2,Muzyka
Rate this current essay three out of 6 stars,4,2,0,0.00013963661,2,Muzyka
play music by Ryan Malcolm from Sympathy For The Devil on Pandora,3,3,1,0.00017094631,2,Muzyka
add this Infernus tune do marsha's de camino a clase,0,3,1,0.00013910278,2,Muzyka
find a book called Kiss Symphony - Alive IV,5,3,0,0.00014250215,2,Muzyka
Play Martha My Dear by shannon .,3,3,1,0.00018783697,2,Muzyka
Add Ultimatum to my crash course playlist,0,3,1,0.00027409,2,Muzyka
add September to winter music,0,3,1,0.00019680602,2,Muzyka
Weather for South Williamsport,2,1,0,0.00018298709,2,Muzyka
Play the last song by Goldie,3,3,1,0.000112166505,2,Muzyka
Play The Great Adventures of Slick Rick game,5,3,0,0.00016035397,2,Muzyka
rate the current book 0 of 6,4,2,0,0.0001423896,2,Muzyka
Add this song to my list called The Birth of Cool,0,3,1,0.00021549097,2,Muzyka
play I Could Write A Book,3,3,1,0.00012355336,2,Muzyka
Show me the Lights Out saga,5,3,0,0.00014403973,2,Muzyka
Play Gloria on last fm,3,3,1,0.00020773275,2,Muzyka
Please find me Glass Cloud – Single .,5,3,0,0.00012034521,2,Muzyka
Give me the weather forecast for the city of Woburn,2,1,0,0.00017359354,2,Muzyka
add Brian May to my Reggae Infusions list,0,3,1,0.00042346577,2,Muzyka
play a track by Mila Islam from Deezer,3,3,1,0.00013570489,2,Muzyka
add stephanie mcintosh to I Love My 90s Hip Hop my playlist,0,3,1,0.0002042106,2,Muzyka
Give the current textbook 2 of 6,4,2,0,0.00014878601,2,Muzyka
Book the Space Aliens Grill & Bar in Hord WY for Feb. the twenty-seventh .,1,0,0,0.00022811757,2,Muzyka
Add the song to the soundscapes for gaming playlist.,0,3,1,0.0003675117,2,Muzyka
Play music from the top-5 from artist Kenia Arias,3,3,1,0.00011107203,2,Muzyka
play Matt Uelmen songs from 1965 on Slacker,3,3,1,0.00015991111,2,Muzyka
Add the crabfish to my playlist called The Sleep Machine Rainforest,0,3,1,0.00014054243,2,Muzyka
show schedule for Loved by Thousands,5,3,0,0.00015285562,2,Muzyka
What's the weather going to be in jun . in Burkina,2,1,0,0.00016212571,2,Muzyka
Play an ep from Mike Harding .,3,3,1,0.00021852093,2,Muzyka
Play a song from 2003,3,3,1,0.0002204561,2,Muzyka
I'd like for you to add bobby brown to my enamorándose playlist.,0,3,1,0.0004849683,2,Muzyka
What is the weather like now in Washington,2,1,0,0.00015515709,2,Muzyka
show creative book named Pencil Thin Mustache,5,3,0,0.00014977143,2,Muzyka
Add a rating of zero points out of 6 to The Inheritance of Loss,4,2,0,0.0001457664,2,Muzyka
Play Dj Shadow 's A Love Hate Masquerade .,3,3,1,0.00015828757,2,Muzyka
Add I Messed Up to Hit Rewind,0,3,1,0.00020534321,2,Muzyka
Add Hound Dog Taylor to the miami 2017 guest list playlist.,0,3,1,0.00021879625,2,Muzyka
put Framed onto my ntc studio sounds playlist,0,3,1,0.00021151554,2,Muzyka
I give Out of Sync zero out of 6 points .,4,2,0,0.00014498619,2,Muzyka
Add viktor merjanov to california rock state,0,3,1,0.0048977234,2,Muzyka
play Pandora Christian Gangsta Rap,3,3,1,0.00012223358,2,Muzyka
add paul wright album to 90s Smash Hits playlist,0,3,1,0.00017262888,2,Muzyka
book a tea house for 6 members with soul food,1,0,0,0.00018884877,2,Muzyka
Add this tune to Rock Save The Queen,0,3,1,0.000114488525,2,Muzyka
Play me a nineties ep,3,3,1,0.00014875349,2,Muzyka
put the airi suzuki album into my Nuclear Blast Novelties playlist,0,3,1,0.00014000172,2,Muzyka
Is Liberator playing at the IMAX Corporation at 11 ?,6,4,0,0.00018818873,2,Muzyka
I want to rate the Children of This Earth chronicle a rating value of 1 and a best rating of 6,4,2,0,0.00014011424,2,Muzyka
Book me a reservation for 6 at a highly rated pub,1,0,0,0.0001800196,2,Muzyka
add album to mellow bars,0,3,1,0.00014206863,2,Muzyka
Add the artist Kamil Rustam to my relaxing playlist,0,3,1,0.00018956001,2,Muzyka
play some King Tubby from the eighties,3,3,1,0.00010750149,2,Muzyka
I want to book reservations for 8 at an indoor restaurant .,1,0,0,0.00018915156,2,Muzyka
I want to add a song by w c clark to my nerding around playlist,0,3,1,0.00016856367,2,Muzyka
"Onto jerry's Classical Moments in Movies , please add the album .",0,3,1,0.00019642092,2,Muzyka
give two points to Wild Blood,4,2,0,0.00014121269,2,Muzyka
Where and when can I see The Image Makers,6,4,0,0.00051438954,2,Muzyka
find the song Ticks,5,3,0,0.00011271751,2,Muzyka
Play andrew lloyd webber 's good tune on zvooq .,3,3,1,0.0003329368,2,Muzyka
Book a reservation for 1 on march 17,1,0,0,0.0002031805,2,Muzyka
What time is Kickboxer showing at Cobb Theatres,6,4,0,0.00013355419,2,Muzyka
add potje met vet to my electronic gaming playlis,0,3,1,0.00024064525,2,Muzyka
this tune should go on my coffee table jazz playlist,0,3,1,0.00015734864,2,Muzyka
Is The Country Doctor on the schedule at any theater near me?,6,4,0,0.00013202713,2,Muzyka
Play These Four Walls by Yummy Bingham .,3,3,1,0.00015827508,2,Muzyka
Play a Mike Osborne song,3,3,1,0.00013256105,2,Muzyka
play a soundtrack by Sarah Geronimo on google music,3,3,1,0.00018506614,2,Muzyka
"Play Liubi, Liubi, I Love You by Farah Asyikin Binti Zulkifli on Netflix",3,3,1,0.0002549763,2,Muzyka
Play my Electro Sur playlist.,3,3,1,0.00020075914,2,Muzyka
will there be rain today in Greece,2,1,0,0.00016419463,2,Muzyka
Play the 1951 ballad,3,3,1,0.0001363628,2,Muzyka
add back at the velvet lounge to my cleaning playlist,0,3,1,0.00025085037,2,Muzyka
Play melody music from the fourties .,3,3,1,0.00016124533,2,Muzyka
add track to rapcaviar,0,3,1,0.00013891743,2,Muzyka
Play Michael Angelo Batio,3,3,1,0.000105057334,2,Muzyka
add Tarte to bandas sonoras playlist,0,3,1,0.0005854044,2,Muzyka
Add album to my Country Hits,0,3,1,0.0001287274,2,Muzyka
Add this song to indie hipster,0,3,1,0.00016320078,2,Muzyka
Can you play Halloween by Ajinoam Nini,3,3,1,0.0008781302,2,Muzyka
Can you find me the SchoolTool picture ?,5,3,0,0.0001357139,2,Muzyka
Play Spotify,3,3,1,0.00014486474,2,Muzyka
Put Jazzy B on Lazy Chill Afternoon playlist,0,3,1,0.00027206604,2,Muzyka
book a brasserie for 3,1,0,0,0.00019967156,2,Muzyka
Play anything Jd Natasha did in the thirties,3,3,1,0.00014698668,2,Muzyka
Play the most popular music by Ronald Isley on Google Music,3,3,1,0.00026656865,2,Muzyka
Give the book Men and the City 3 out of 6 stars,4,2,0,0.00013936439,2,Muzyka
Play any song from the eighties,3,3,1,0.00013649053,2,Muzyka
my father in law and I would like to go to a highly rated bar,1,0,0,0.00016697485,2,Muzyka
add ojuelegba to trabajo ritmos dance,0,3,1,0.0002150385,2,Muzyka
Put a gary clark song into the soul bpm playlist.,0,3,1,0.0002151427,2,Muzyka
I need another artist in the romántica playlist.,0,3,1,0.00014907925,2,Muzyka
add undressed to my Country Icon playlist,0,3,1,0.00023840135,2,Muzyka
play some twenties music on Iheart,3,3,1,0.00014871248,2,Muzyka
Add Kloden drejer to my listas de éxitos playlist,0,3,1,0.00036846878,2,Muzyka
Tell me the weather forecast for Casa Grande Ruins National Monument,2,1,0,0.00016165203,2,Muzyka
"I want to book a bar in Bow Mar , New Mexico",1,0,0,0.00020313438,2,Muzyka
Add something by Paul Whiteman to my sweet soul chillout playlist please,0,3,1,0.00014685241,2,Muzyka
want to add this Nick Mason tune to the Sylvia Plath playlist,0,3,1,0.00012781525,2,Muzyka
will there be hail in Kaffir,2,1,0,0.00016259735,2,Muzyka
put Before the Eulogy onto Acoustic Blues,0,3,1,0.00016014326,2,Muzyka
Book a reservation for a popular restaurant in Federated States Of Micronesia,1,0,0,0.00027305,2,Muzyka
Is it supposed to be chilly in Boiling Spring Lakes ?,2,1,0,0.00015961166,2,Muzyka
Please add this this tune to the playlist this is selena,0,3,1,0.0001386384,2,Muzyka
Play breathtaking music,3,3,1,0.00011304352,2,Muzyka
Play some dance music.,3,3,1,0.0002633856,2,Muzyka
I need a weather forecast for Laos at one am,2,1,0,0.00016907555,2,Muzyka
Add dr know to my TODO ALTERNATIVO playlist.,0,3,1,0.0005112584,2,Muzyka
What is the weather forecast for Nicaragua,2,1,0,0.00016548437,2,Muzyka
What are the movie times at the Loews Cineplex,6,4,0,0.00012379537,2,Muzyka
give 4 out of 6 stars to The Nightmare Lands,4,2,0,0.00014183519,2,Muzyka
Book the Union Oyster House in Guanica Puerto Rico .,1,0,0,0.00021058848,2,Muzyka
Play 2004 on pandora,3,3,1,0.00013010339,2,Muzyka
play the greatest 1972 album by Wes Dakus,3,3,1,0.00013984407,2,Muzyka
Give the current saga three stars,4,2,0,0.00014239013,2,Muzyka
add Lee Seung gi to my Baila Reggaeton playlist,0,3,1,0.00025608798,2,Muzyka
Is it rainy at the Edward L. Ryerson Conservation Area ?,2,1,0,0.00015274635,2,Muzyka
Add the secret wars into the digging now playlist,0,3,1,0.0001584405,2,Muzyka
I want to rate this essay 0 of 6 stars,4,2,0,0.00013956835,2,Muzyka
I would rate the Executive Power a four and a best rating of 6,4,2,0,0.00013547244,2,Muzyka
Add a song to in residence metal hammer episode 6,0,3,1,0.00014801371,2,Muzyka
Find movie times .,6,4,0,0.00013836351,2,Muzyka
I want to add johnny burke to the Country Bound playlist,0,3,1,0.00019827612,2,Muzyka
Add this tetsuya komuro track to my soulful disco playlist,0,3,1,0.00015906997,2,Muzyka
Will it be colder here one minute from now,2,1,0,0.00014504546,2,Muzyka
"use netflix to play Bizzy Bone Kiss Me Goodnight, Sergeant Major",3,3,1,0.0004986044,2,Muzyka
play Groove Shark,3,3,1,0.00012233754,2,Muzyka
what films are showing nearby,6,4,0,0.0001347535,2,Muzyka
Play music from Tommy Ridgley .,3,3,1,0.00019506822,2,Muzyka
Is it forecast to be chilly here on july 14 ?,2,1,0,0.00017073561,2,Muzyka
Play me a song from the sixties,3,3,1,0.0001536133,2,Muzyka
Book a reservation for four at the best brasserie in Venezuela,1,0,0,0.00017345895,2,Muzyka
give the current book 0 out of 6 points,4,2,0,0.00014463258,2,Muzyka
restaurant in Zambia that is close for a party of 10,1,0,0,0.00020788863,2,Muzyka
I want reservations at a restaurant in Robert Lee for 210517 .,1,0,0,0.00019328897,2,Muzyka
what are the movies movie times nearby,6,4,0,0.00012672739,2,Muzyka
Add this raffaele riefoli tune to Deathcore,0,3,1,0.00016002095,2,Muzyka
add Chong Nee to my Spread The Gospel,0,3,1,0.00019446969,2,Muzyka
Add Munawar Ali Khan to my mujeres y hombres y fiesta,0,3,1,0.00021473765,2,Muzyka
Play ballad music by Jeff Lynne .,3,3,1,0.00013464878,2,Muzyka
Play some music from 1962 from Adeyto,3,3,1,0.00015153308,2,Muzyka
this track should go on my evening chill playlist,0,3,1,0.00015735668,2,Muzyka
"add this album to my playlist named Café, Libros",0,3,1,0.0001388993,2,Muzyka
Put the joy division the complete bbc recordings on 40 hits,0,3,1,0.00044211088,2,Muzyka
I want to hear eighties music by Noko on deezer .,3,3,1,0.0008809489,2,Muzyka
play the latest Thelma Aoyama,3,3,1,0.00011595841,2,Muzyka
I want to hear the album Insult To Injury by Narayana Tirtha .,3,3,1,0.00014042312,2,Muzyka
what films are playing at the closest movie house ar elevenses,6,4,0,0.00012175546,2,Muzyka
Incorporate time warp into my fairy tales playlist.,0,3,1,0.001423679,2,Muzyka
Add Sveta ljubav to my Metal Party playlist,0,3,1,0.00023361442,2,Muzyka
Play Techno on Lastfm,3,3,1,0.00025395455,2,Muzyka
Play 1958 music,3,3,1,0.00011335912,2,Muzyka
find a saga with 0 rating called Poems for Midnight,4,2,0,0.00014490873,2,Muzyka
Can you add something by Faultline to jannie's Strength of Street Knowledge playlist,0,3,1,0.00014105203,2,Muzyka
Can you play me some britpop music,3,3,1,0.0001759226,2,Muzyka
I want to book a tea house that serves salade far from here at Midnight in Panama for two people.,1,0,0,0.00018969986,2,Muzyka
add scott putesky to concentración indie rock playlist,0,3,1,0.00021295443,2,Muzyka
find lesley's epic classical playlist and add this tune,0,3,1,0.00014844051,2,Muzyka
add warpaint in my Pre-Party list,0,3,1,0.0023531509,2,Muzyka
Play some 50 Shades of Love,3,3,1,0.00011431399,2,Muzyka
I'd like to eat souvlaki fast food with a party of two,1,0,0,0.00018744623,2,Muzyka
Play music from my relentless playlist,3,3,1,0.0001793228,2,Muzyka
Can you play a 1967 soundtrack on Slacker,3,3,1,0.00020030668,2,Muzyka
Play Suite Sudarmoricaine by Afi on itunes,3,3,1,0.00016599945,2,Muzyka
I want to hear music from 1975,3,3,1,0.00016295681,2,Muzyka
I'd rate Glaring Through Oblivion a zero of 6,4,2,0,0.00013002544,2,Muzyka
play the last track by Shavo Odadjian,3,3,1,0.00011427421,2,Muzyka
put four in blue onto Ultimate 00s .,0,3,1,0.0021461325,2,Muzyka
please put this song by nas in my Hype playlist,0,3,1,0.00017503198,2,Muzyka
I want to see Outcast .,6,4,0,0.00041236513,2,Muzyka
Play some music on Pandora,3,3,1,0.00015446535,2,Muzyka
The Hot House playlist needs another album,0,3,1,0.00011799206,2,Muzyka
Ply best 1973 sound track,3,3,1,0.00019729581,2,Muzyka
Play the concert from Philip Oakey 1973 concert on Netflix,3,3,1,0.0001451154,2,Muzyka
Look for the NYPD - New York Police Department saga,5,3,0,0.00015257152,2,Muzyka
I want to add Kool Keith to my chill out dinner playlist,0,3,1,0.00022794204,2,Muzyka
Rate this album a one,4,2,0,0.00013533927,2,Muzyka
Add daigo to indietronic,0,3,1,0.00021633945,2,Muzyka
Show the movie schedules at KB Theatres,6,4,0,0.00012961017,2,Muzyka
Play a seventies soundtrack by steve walsh on Groove Shark,3,3,1,0.00012671026,2,Muzyka
For the saga Magic in Ithkar 2 I give two stars,4,2,0,0.00014093716,2,Muzyka
play James Moody ballad,3,3,1,0.00011194947,2,Muzyka
Play the latest Joan Baez .,3,3,1,0.00015863133,2,Muzyka
will it rain today in Circleville,2,1,0,0.00016259828,2,Muzyka
1 point for this next textbook,4,2,0,0.00017761627,2,Muzyka
Play The Cross And The Crucible by Angela Au Man Sze on Google Music,3,3,1,0.00031402733,2,Muzyka
I want to know if there are any movies playing in the area .,6,4,0,0.00014205024,2,Muzyka
find a television show called Sensation Comics,5,3,0,0.00013811604,2,Muzyka
Play on spotify Ms Scandalous,3,3,1,0.000116409945,2,Muzyka
Play thirties symphony music from Nigga on Iheart,3,3,1,0.00012088819,2,Muzyka
Does Netflix have music released in 1991 by You Yokoyama,3,3,1,0.00020868964,2,Muzyka
What films can I see at Malco Theatres ?,6,4,0,0.0001282218,2,Muzyka
put this album on my dubstep dangles dirty playlist,0,3,1,0.00015005739,2,Muzyka
Is the weather hot in Miller House NV,2,1,0,0.00015652493,2,Muzyka
add people take pictures of each other to Rhythm and Blues playlist,0,3,1,0.00070599257,2,Muzyka
I want to give Nautch Girls of India four out of 6 points,4,2,0,0.0001345497,2,Muzyka
When is Beneath the Harvest Sky playing?,6,4,0,0.00028377082,2,Muzyka
add Partners in Crime to joann's Lo Que Suena Los Angeles,0,3,1,0.00019645471,2,Muzyka
Can you pull up the American Music Awards of 1975,5,3,0,0.00016733617,2,Muzyka
book a table for 8 in China 16 hours ten minutes and one second from now,1,0,0,0.00021494938,2,Muzyka
Play playlist funtime,3,3,1,0.00016158444,2,Muzyka
Play always by walter parazaider .,3,3,1,0.00015455675,2,Muzyka
Add some fujimoto yae to my Women of Rock list,0,3,1,0.00020921834,2,Muzyka
Play me East Side Story,5,3,0,0.00018238479,2,Muzyka
What is the forecast for West Virginia will it be snowy,2,1,0,0.00014434126,2,Muzyka
Play greatest chant music from Beni Arashiro,3,3,1,0.00011061643,2,Muzyka
Play Still Life 1,3,3,1,0.00013946301,2,Muzyka
How will the weather be at 9 am in Anguilla ?,2,1,0,0.0001689109,2,Muzyka
add this song onto hip hop gaming playlist,0,3,1,0.00019684267,2,Muzyka
Please find me Phineas Redux .,5,3,0,0.00015315783,2,Muzyka
Can I put johnny burke onto my lo que suena los angeles playlist?,0,3,1,0.00034267493,2,Muzyka
Add Tunnel of Love to ethel's metal crash course palylist,0,3,1,0.00014200892,2,Muzyka
rate the current album 2 out of 6,4,2,0,0.00014378762,2,Muzyka
"Give The Crisis , one / 6 points",4,2,0,0.00014420919,2,Muzyka
Find me the When Harry Tries to Marry photograph,5,3,0,0.00013959825,2,Muzyka
add a tune in Chill Vibes,0,3,1,0.00012815322,2,Muzyka
add det kimer nu til julefest to my playlist technical&brutal death metal,0,3,1,0.00035726014,2,Muzyka
Show the movie schedule,6,4,0,0.00015507791,2,Muzyka
Where do get photograph of My Own Best Enemy,5,3,0,0.000233433,2,Muzyka
What movies will be showing around here ?,6,4,0,0.00013022778,2,Muzyka
add Steve Jordan to inez's tgif,0,3,1,0.00018519841,2,Muzyka
Add an andy hurley album to my transatlantic lullaby list,0,3,1,0.000219718,2,Muzyka
add this album to my Blues playlist,0,3,1,0.00017231463,2,Muzyka
book now at a bakery at a spa,1,0,0,0.00021563769,2,Muzyka
I want to hear some of David Gilmour 's music from 1973,3,3,1,0.00017626706,2,Muzyka
I need a reservation for Maid-Rite Sandwich Shop in Home Gardens,1,0,0,0.00018062333,2,Muzyka
Play a ballad from 1997 .,3,3,1,0.00014730966,2,Muzyka
put this track on operación bikini,0,3,1,0.00012834671,2,Muzyka
"Tell me the weather forecast for Roseburg , Iowa",2,1,0,0.00016924308,2,Muzyka
Add sammy hagar to Ultra Metal,0,3,1,0.0001421414,2,Muzyka
Will it be chillier seven weeks from now in Senegal,2,1,0,0.00016291757,2,Muzyka
I need a table for five at Childs Restaurants in Brunei .,1,0,0,0.00018083511,2,Muzyka
Book a reservation for five people for a tatar taverna in Sargents,1,0,0,0.00016730555,2,Muzyka
add Love Story wa Totsuzen ni to the martin garrix show playlist,0,3,1,0.00015974557,2,Muzyka
What animated movies are playing at IMAX Corporation ?,6,4,0,0.00013410236,2,Muzyka
gve 2 points to The Stinky Cheese Man and Other Fairly Stupid Tales,4,2,0,0.00014748017,2,Muzyka
Play the album Axum,3,3,1,0.00013115468,2,Muzyka
Play a 2014 theme from Greg Pattillo,3,3,1,0.00018909536,2,Muzyka
Add the name as with gladness men of old to my ultimate 90s playlist,0,3,1,0.00014879888,2,Muzyka
Play That Stubborn Kinda Fellow by Michael Amott,3,3,1,0.00013185272,2,Muzyka
play a sixties soundtrack,3,3,1,0.00013932282,2,Muzyka
"Add the Beatles tune Yesterday to my playlist, The Southern Highway Chronicles",0,3,1,0.00016621994,2,Muzyka
will it be hotter Netherlands Antilles Flats on april the 27th,2,1,0,0.0001764963,2,Muzyka
I want to hear Sebastian 's songs from the thirties on Youtube,3,3,1,0.00020495587,2,Muzyka
add how to my week end playlist,0,3,1,0.00021844603,2,Muzyka
"I rate the chronicle , Son of the Tree with four of 6 points .",4,2,0,0.00013640105,2,Muzyka
showings for animated movies in the area,6,4,0,0.0001223499,2,Muzyka
Play music from Lastfm .,3,3,1,0.00024080295,2,Muzyka
Find a song called Bronco Billy .,5,3,0,0.00012661832,2,Muzyka
Play me the saga The Party’s Over,5,3,0,0.00015345757,2,Muzyka
Play a song from Helena Iren Michaelsen on Spotify,3,3,1,0.00021449695,2,Muzyka
What is the forecast in Heber,2,1,0,0.00015409924,2,Muzyka
add Inca Roads to my weekend,0,3,1,0.00029720535,2,Muzyka
Find me a saga by Reproductions,5,3,0,0.00014137304,2,Muzyka
Please add a song to ines's playlist called Metal Party,0,3,1,0.0001632048,2,Muzyka
add song to thrash attack,0,3,1,0.00015451579,2,Muzyka
Play a popular ballad by Amanda,3,3,1,0.00014931678,2,Muzyka
play a tune from 2000 by Bronislau Kaper,3,3,1,0.00011389379,2,Muzyka
Use Pandora to play music from Maki Onaga from the album made in the nineties,3,3,1,0.00015301962,2,Muzyka
Play me a bluegrass song,3,3,1,0.00011811583,2,Muzyka
Can I listen to merengue style music?,3,3,1,0.0002502034,2,Muzyka
Add the avispa track to my Bass Gaming playlist.,0,3,1,0.00027217806,2,Muzyka
Show me the movie schedule for Neighborhood Cinema Group,6,4,0,0.00012859775,2,Muzyka
Book a reservation for six people at a churrascaria restaurant in Cook Islands one minute from now,1,0,0,0.00020376657,2,Muzyka
add this album to my All Out 70s playlist,0,3,1,0.00018599561,2,Muzyka
show me the schedule of films close by,6,4,0,0.000128096,2,Muzyka
Where is the closest movie house playing films now,6,4,0,0.0001308651,2,Muzyka
open Deezer and search for Scott Miller and play some of his new songs,3,3,1,0.00015033015,2,Muzyka
Play a song by Electric Tones from their Kurutta Taiyō album on Last Fm,3,3,1,0.000134116,2,Muzyka
what is the weather forecast for close-by GU 3 years from now,2,1,0,0.000141411,2,Muzyka
play them by Guy-manuel De Homem-christo,3,3,1,0.00015834102,2,Muzyka
give five points to The Tenor Wore Tapshoes,4,2,0,0.00013895422,2,Muzyka
Add artist danny carey to my Classic Jazz Singers playlist.,0,3,1,0.000403596,2,Muzyka
Play a top fifty ballad by Linda Strawberry on Google Music,3,3,1,0.00015178931,2,Muzyka
Give me the movie schedules at Showcase Cinemas .,6,4,0,0.00013075708,2,Muzyka
Can you play a sound track by Sissieretta Jones,3,3,1,0.00012587121,2,Muzyka
please put this track onto letha's signed xoxo playlist,0,3,1,0.00019226699,2,Muzyka
Find the movie schedule for the Cineplex Odeon Corporation .,6,4,0,0.00011572341,2,Muzyka
Add tune to my hot 50,0,3,1,0.00011948471,2,Muzyka
What is the weather in Deeth,2,1,0,0.00013867546,2,Muzyka
I need info on the video game Iron Fist,5,3,0,0.0001632154,2,Muzyka
put Sungmin into my summer playlist,0,3,1,0.00022564548,2,Muzyka
Weather for Douthat State Park on Mar. 10,2,1,0,0.00018550933,2,Muzyka
Play a symphony from 2013 .,3,3,1,0.00022109665,2,Muzyka
play a chant by Marina Verenikina,3,3,1,0.00012032617,2,Muzyka
Add the track to the comedy new releases playlist.,0,3,1,0.00019359092,2,Muzyka
Show the forecast for Tanintharyi Nature Reserve,2,1,0,0.0001705671,2,Muzyka
Can you put a song from tom jones on my electronica & dance playlist,0,3,1,0.00022320935,2,Muzyka
Play an Alla Pougatcheva ballad on Pandora,3,3,1,0.000121884135,2,Muzyka
Book a table for 10 people at Dunbrody Country House Hotel in Strandburg .,1,0,0,0.00019786894,2,Muzyka
Play my Acoustic Covers playlist on Spotify .,3,3,1,0.00023982821,2,Muzyka
Play me the greatest chant by Laurel Aitken on lastfm,3,3,1,0.00014035424,2,Muzyka
add this track to latin jazz,0,3,1,0.00016887246,2,Muzyka
play some new Les Vandyke on Slacker,3,3,1,0.00016605458,2,Muzyka
Add this song to my esenciales playlist,0,3,1,0.00016575353,2,Muzyka
add the artist joseph meyer to my mad cool festival 2017 playlist,0,3,1,0.00017171062,2,Muzyka
Give this novel a 1 .,4,2,0,0.00015031893,2,Muzyka
Give Miso Soup a rating of one points .,4,2,0,0.000137201,2,Muzyka
Play Change Has Come on Google Music .,3,3,1,0.00019186156,2,Muzyka
Whats the closest cinema that shows movies at 12 A.M.,6,4,0,0.00012672965,2,Muzyka
Play something off Google Music,3,3,1,0.00013490289,2,Muzyka
can you put The Little Grey Mother Who Waits All Alone into uncharted 4 nathan drake,0,3,1,0.00022950783,2,Muzyka
Is it chillier in Hong Kong than it is here,2,1,0,0.00018971921,2,Muzyka
For my playlist Latin Pop Rising add Aira Yuhki,0,3,1,0.00019714188,2,Muzyka
Play some Geir Jenssen .,3,3,1,0.00028582854,2,Muzyka
Play music off Itunes .,3,3,1,0.00023441785,2,Muzyka
Play any nineties music,3,3,1,0.00011388305,2,Muzyka
Book the Dunbrody Country House Hotel in NE for 8 people.,1,0,0,0.00019941818,2,Muzyka
Weather here at two pm,2,1,0,0.00013090935,2,Muzyka
Add The Blurred Crusade to crate diggers anonymous,0,3,1,0.00012316897,2,Muzyka
Play some happy gabber .,3,3,1,0.0001785711,2,Muzyka
Where can I view the trailer Jeeves and Wooster in Perfect Nonsense,5,3,0,0.00014615798,2,Muzyka
Play concerto from the eighties,3,3,1,0.000116049836,2,Muzyka
move Josiah Leming to te quiero list,0,3,1,0.0005360778,2,Muzyka
book for two in Jordan that is close,1,0,0,0.0002106504,2,Muzyka
Play most popular from Nil Burak on Slacker,3,3,1,0.00014981581,2,Muzyka
Play me some chant from the last half of the sixties,3,3,1,0.00019700134,2,Muzyka
Play my Femme Fatale playlist on Vimeo,3,3,1,0.00025873352,2,Muzyka
I give this series a one out of 6,4,2,0,0.00013481229,2,Muzyka
play a symphonic rock on Pandora,3,3,1,0.00015678063,2,Muzyka
Add to my playlist house afterwork this tune,0,3,1,0.00014541429,2,Muzyka
show weather forecast in West Crossett Luxembourg in fourteen minutes,2,1,0,0.0001477634,2,Muzyka
Add the album to my Perfect Concentration playlist.,0,3,1,0.0002187373,2,Muzyka
I want to play music from iheart,3,3,1,0.0001758645,2,Muzyka
Add Omoide wa Okkusenman to an instrumental sunday,0,3,1,0.00017488179,2,Muzyka
Put this album in shuffle syndrome,0,3,1,0.00013607816,2,Muzyka
Play Is This My World ? by Leo Arnaud,3,3,1,0.00018361822,2,Muzyka
put Michael Cretu onto my Beach Vibes playlist,0,3,1,0.00018745335,2,Muzyka
Give The Crystal Snare 5 stars,4,2,0,0.00014086755,2,Muzyka
add this artist to my spotlight on country 2016 playlist,0,3,1,0.0001571849,2,Muzyka
Please play Every Woman In Me,3,3,1,0.00012960691,2,Muzyka
play Dick Marx,3,3,1,0.00012849065,2,Muzyka
Make me a reservation in Cedarburg at 0 pm,1,0,0,0.0001968754,2,Muzyka
Is there a snowstorm in the forecast for Saint Helena ?,2,1,0,0.00017056949,2,Muzyka
Please place tim wright 's track onto the queen playlist.,0,3,1,0.0002298596,2,Muzyka
Will there be wind in AS,2,1,0,0.00014532794,2,Muzyka
Play Circus Farm by Deana Carter .,3,3,1,0.00013539885,2,Muzyka
Put Al Jarreau on the Concentración playlist,0,3,1,0.00023071842,2,Muzyka
Add a tune to my playlist Women of K-Pop,0,3,1,0.00013385467,2,Muzyka
Is it hotter here on Navy Birthday,2,1,0,0.00017718876,2,Muzyka
add Halley to This Is Tchaikovsky,0,3,1,0.00022867095,2,Muzyka
Add the artist mike to the Sexy as Folk playlist.,0,3,1,0.00022256041,2,Muzyka
Add the happy elf to my Fresh Finds Fire Emoji playlist,0,3,1,0.00015662087,2,Muzyka
add Farhad Darya songs in virales de siempre,0,3,1,0.0007236027,2,Muzyka
add album to Ultra Metal,0,3,1,0.00017320777,2,Muzyka
Play my Trabajo Relax playlist,3,3,1,0.00021979856,2,Muzyka
add share the well to my epic wall of sound,0,3,1,0.0001469795,2,Muzyka
The current book deserves a rating of only one .,4,2,0,0.00013272163,2,Muzyka
rate the current saga a 4,4,2,0,0.00014232122,2,Muzyka
Please play a movement by Rupam Islam,3,3,1,0.00015525153,2,Muzyka
Play a song by Nash The Slash,3,3,1,0.000118360105,2,Muzyka
Can you put live in detroit on the playlist Peaceful Piano,0,3,1,0.0002006156,2,Muzyka
open lastfm play top hits of Simon Webbe,3,3,1,0.00012444456,2,Muzyka
Play some 2011 music by Dan Healy .,3,3,1,0.00015722665,2,Muzyka
Can you play some music from 1999,3,3,1,0.00015040941,2,Muzyka
find a television show called I Got a Bag of My Own,5,3,0,0.00014730946,2,Muzyka
where can I see the trailer for Love on the Beat,5,3,0,0.00015480276,2,Muzyka
show Chocolate Rain creativity,5,3,0,0.00012404233,2,Muzyka
play some Prabha Atre,3,3,1,0.00016062893,2,Muzyka
add erik santos in my playlist Metal Xplorer,0,3,1,0.0002881613,2,Muzyka
What times is the 7 Faces of Dr. Lao showing at United Paramount Theatres,6,4,0,0.00013266361,2,Muzyka
I want a list of films that are going to be shown in the neighborhood .,6,4,0,0.00020364983,2,Muzyka
give two out of 6 stars to current book,4,2,0,0.00013977298,2,Muzyka
Play a track by Ishmon Bracey on Iheart .,3,3,1,0.00016208441,2,Muzyka
I want to hear something from Post-punk Revival,3,3,1,0.00012860794,2,Muzyka
Rate the current textbook a 4,4,2,0,0.00014392828,2,Muzyka
Is there hail forecast for Hale Center on 7/22/2030 ?,2,1,0,0.00016564647,2,Muzyka
Please book me a restaurant,1,0,0,0.00020757865,2,Muzyka
play playlist A Mis Niños de 30,3,3,1,0.00015960135,2,Muzyka
play the song Si No Te Hubiera Conocido by Haidar Salim,3,3,1,0.00013229756,2,Muzyka
Add this tune to the Duetos playlist,0,3,1,0.00014233786,2,Muzyka
Play some nineties chant music from Nicoleta Nicola,3,3,1,0.000100542784,2,Muzyka
play the top-20 Rita Macneil songs,3,3,1,0.00017783041,2,Muzyka
I give this book five stars out of 6,4,2,0,0.00013487804,2,Muzyka
Play Rei Momo newest album,3,3,1,0.00013864746,2,Muzyka
Include Jesper Kyd in the Grime Instrumentals playlist,0,3,1,0.00018117334,2,Muzyka
Will it hail in 1 second on Riceboro Delaware,2,1,0,0.00016149263,2,Muzyka
I want to book a table in a restaurant in Bouvet Island .,1,0,0,0.00024824287,2,Muzyka
find the album Biology Today An Issues Approach,5,3,0,0.00012417037,2,Muzyka
play songs by Sammy Fain,3,3,1,0.000121270015,2,Muzyka
list animated movies at the nearest cinema,6,4,0,0.00013556397,2,Muzyka
Play some House music,3,3,1,0.00014840822,2,Muzyka
PLay some fourties music from Erin Harkes,3,3,1,0.00012766587,2,Muzyka
add kurious jorge to my synth pop,0,3,1,0.0001434492,2,Muzyka
Play a melody from the nineties on Google Music,3,3,1,0.00024778652,2,Muzyka
Add this track to the playlist kickass metal,0,3,1,0.00014817074,2,Muzyka
Add this track to anochecer urbano,0,3,1,0.00016398932,2,Muzyka
search for trailer Jazz Impressions of the U.S.A.,5,3,0,0.00013025483,2,Muzyka
add this song to my southern gothic playlist,0,3,1,0.00017252105,2,Muzyka
Play a melody by Shada Hassoun,3,3,1,0.00012376878,2,Muzyka
Put sita on bettie's global funk playlist,0,3,1,0.0002492107,2,Muzyka
play music by Vybz Kartel,3,3,1,0.00011029732,2,Muzyka
Play an album from 1987 .,3,3,1,0.00025543326,2,Muzyka
put playa fly onto my 2010 Decade playlist,0,3,1,0.00019794179,2,Muzyka
"Add jennie, jennie to my metal playlist",0,3,1,0.00027394947,2,Muzyka
Play rich sex on Iheart,3,3,1,0.000114487404,2,Muzyka
Make a reservation for 8 at a diner that serves haystack,1,0,0,0.00016469341,2,Muzyka
put Kids of the Black Hole onto my 90s por siempre playlist,0,3,1,0.00027971438,2,Muzyka
What cinema has the closest movies,6,4,0,0.00013345809,2,Muzyka
What will the weather be 1 minute from now in Garrochales,2,1,0,0.00013414652,2,Muzyka
Play satire,3,3,1,0.00011859293,2,Muzyka
Play the theme music from 1963 by Yuki Koyanagi,3,3,1,0.00015015816,2,Muzyka
give me some Hank Shermann from 1975 on Lastfm,3,3,1,0.00017936311,2,Muzyka
Please add Jency Anthony to my playlist This Is Mozart,0,3,1,0.00034859567,2,Muzyka
Play a sixties song by Classified,3,3,1,0.000114833405,2,Muzyka
I want to hear a good song from 2016,3,3,1,0.00013152989,2,Muzyka
give 5 out of 6 points to Racing the Rain,4,2,0,0.00014322698,2,Muzyka
Play some music by Frayser Boy .,3,3,1,0.00016807966,2,Muzyka
play my melodious playlist,3,3,1,0.00019961825,2,Muzyka
Find a song called Magic in the Water .,5,3,0,0.00014111433,2,Muzyka
For my playlist chill add the name Cater Fe She,0,3,1,0.00020658504,2,Muzyka
Play the album Making Evening And Night by Cevin Key,3,3,1,0.000104358354,2,Muzyka
Can you put in person at carnegie hall on my winter playlist,0,3,1,0.0016570446,2,Muzyka
show me the schedule of movie Michel Strogoff,6,4,0,0.00013916206,2,Muzyka
Play some music from the last album of 1988 on Lastfm,3,3,1,0.00019111042,2,Muzyka
Play seventies music please.,3,3,1,0.00015602638,2,Muzyka
add vintage 74 to my mother's Primavera Sound 2016 Barcelona playlist,0,3,1,0.00027916316,2,Muzyka
Add TEENAGER to the queen playlist,0,3,1,0.00016851925,2,Muzyka
Add shame on you to my masters of metal playlist,0,3,1,0.00020663923,2,Muzyka
Will the weather close by be warmer in Kentucky,2,1,0,0.00015898913,2,Muzyka
read the novel Friend The Great Legacy,5,3,0,0.00013960568,2,Muzyka
add Michael Hayvoronsky to Lo Que Suena Los Angeles,0,3,1,0.0002455452,2,Muzyka
rate the following series five points,4,2,0,0.00013428622,2,Muzyka
Add singing in the trees to rena's Lo mejor de Radio 3 playlist.,0,3,1,0.00039276917,2,Muzyka
Find Captain Kronos - Vampire Hunter .,6,3,0,0.00017047906,2,Muzyka
Find The International Journal of Robotics Research soundtrack,5,3,0,0.00015665595,2,Muzyka
Play something on my Classic Jazz Funk playlist on Zvooq,3,3,1,0.00029905562,2,Muzyka
Add a song to playlist chill hits,0,3,1,0.00012016965,2,Muzyka
Play a record from 2005 by Ruslana Lyschytschko .,3,3,1,0.0002097354,2,Muzyka
add great grape to my playlist named Novedades Pop,0,3,1,0.00011399717,2,Muzyka
Add this song to noreen's fresh finds six strings,0,3,1,0.00014975537,2,Muzyka
add bulat schalwowitsch okudschawa to retro pop,0,3,1,0.00014212965,2,Muzyka
Play the most popular Johnny Clarke on Deezer .,3,3,1,0.0002869142,2,Muzyka
"Add Star Light, Star Bright to my jazz classics playlist.",0,3,1,0.0009860974,2,Muzyka
Play iheart,3,3,1,0.0001337305,2,Muzyka
Play Acid Punk music.,3,3,1,0.00023669172,2,Muzyka
Put Kim Kibum in my the martin garrix show playlist.,0,3,1,0.00020819975,2,Muzyka
add song by emmy rossum to Hit Rewind,0,3,1,0.00013915537,2,Muzyka
Add george baker to hiphop hot 50,0,3,1,0.00023507807,2,Muzyka
play a concerto that was most popular in 1958 by mickey hart,3,3,1,0.00036253585,2,Muzyka
Find a game called Dynamite Warrior .,5,3,0,0.00014963368,2,Muzyka
Add spirit touches ground to my leche con chocolate list,0,3,1,0.0005012327,2,Muzyka
I want to hear music off my Indie Festival playlist,3,3,1,0.00019682018,2,Muzyka
show me the movie schedule in the area near my home at seven AM for animated movies,6,4,0,0.00012045947,2,Muzyka
Please play some fourties music on Spotify,3,3,1,0.00023338142,2,Muzyka
Rate this series 0 of 6 stars,4,2,0,0.00013854881,2,Muzyka
I want to hear Richard Falomir 's best song on Pandora,3,3,1,0.00014797608,2,Muzyka
Can you add a track to my Spain Top 50 playlist,0,3,1,0.00015032572,2,Muzyka
Play Metal Crash Course playlist.,3,3,1,0.00017024885,2,Muzyka
"play Bill Evans album The Best Of The 12"" Mixes",3,3,1,0.00020328256,2,Muzyka
play used to love her to my this is animal collective playlist,0,3,1,0.00017773932,2,Muzyka
Play The God That Failed on Vimeo .,3,3,1,0.00035224576,2,Muzyka
add song in playlist Metal Monday,0,3,1,0.00016942139,2,Muzyka
Find a reservation for eight at Rhodes Twenty Four in GU,1,0,0,0.00015500952,2,Muzyka
Look for the Public Toilet painting,5,3,0,0.000137704,2,Muzyka
Play a track by Titiyo,3,3,1,0.00012404768,2,Muzyka
Can I get a table for 3 in GU at a restaurant in the neighboring area that serves chicken french ?,1,0,0,0.00017478585,2,Muzyka
"Will it be colder this autumn in Wren , Saint Martin",2,1,0,0.00015470221,2,Muzyka
add rock & roll to my playlist named night out,0,3,1,0.000178671,2,Muzyka
Add michael wittig to the party playlist.,0,3,1,0.00033724494,2,Muzyka
play music from 1981,3,3,1,0.00013791093,2,Muzyka
will you add Pat Kirtley to my covered in punk playlist,0,3,1,0.0004278369,2,Muzyka
add cliffs of dooneen in playlist Lo Que Suena Los Angeles,0,3,1,0.0005508011,2,Muzyka
humidity in Olvey New Hampshire,2,1,0,0.00020592177,2,Muzyka
play a top-10 ballad from 1995,3,3,1,0.00015116848,2,Muzyka
Show The Bridge of San Luis Rey picture,5,3,0,0.00013974197,2,Muzyka
What's the weather like in Topock,2,1,0,0.00014979746,2,Muzyka
Play Iheart,3,3,1,0.0001337305,2,Muzyka
I feel that Sons and Lovers deserves a rating of 2 .,4,2,0,0.00012801102,2,Muzyka
play Piano Ballads on Netflix,3,3,1,0.00012597574,2,Muzyka
I want to hear sia furler 's popular songs on Last Fm,3,3,1,0.00023665337,2,Muzyka
add this tune to my It's a Southern Thing playlist,0,3,1,0.00013685676,2,Muzyka
Add jo stafford music to the workout twerkout playlist,0,3,1,0.00017036604,2,Muzyka
What's the weather forecast for here on Jul. 23 ?,2,1,0,0.00016055074,2,Muzyka
Play Me Against The World from Glukoza,3,3,1,0.00012354495,2,Muzyka
Play a record by Black Wall Street Records,3,3,1,0.00011238492,2,Muzyka
Please play a song by Ahmad Jamal,3,3,1,0.00012661409,2,Muzyka
add The Go Find to Sólo para dos,0,3,1,0.00015459713,2,Muzyka
Put this artist in Pachangueo Total,0,3,1,0.00024132962,2,Muzyka
Play the song Aura II The Sacred Rings,5,3,0,0.00012188895,2,Muzyka
add GodMusic to my latin dance cardio playlist,0,3,1,0.00016508636,2,Muzyka
"add Hey, Johnnie Cope, Are Ye Waking Yet to year in metal 2016 playlist",0,3,1,0.000538917,2,Muzyka
I need to hear the new Kevin Fowler album,3,3,1,0.00013946262,2,Muzyka
Tell me if it'll be hotter a week from now in Waxhaw,2,1,0,0.00015097093,2,Muzyka
edit Top 100 Indie Tracks on Spotify playlist by adding Smokefree RockQuest 2005,0,3,1,0.00019047056,2,Muzyka
Add image to the Nuclear Blast Novelties playlist,0,3,1,0.0001869231,2,Muzyka
play the album by Paul Barker playing the greatest from 1978,3,3,1,0.00012726235,2,Muzyka
Show me the closest 12 A.M. showing at a movie house of an animated movie,6,4,0,0.00011975003,2,Muzyka
Play music by Deenanath Mangeshkar,3,3,1,0.0002109276,2,Muzyka
add nico to my rock to work,0,3,1,0.00017678388,2,Muzyka
I want to read the saga Michael Clayton,5,3,0,0.00014615299,2,Muzyka
party for 2 in Cleveland,1,0,0,0.0001955897,2,Muzyka
play Google Music tunes,3,3,1,0.00014443928,2,Muzyka
Play some sixties music on Slacker .,3,3,1,0.00020899135,2,Muzyka
Play Sergei Anatoljewitsch Kurjochin 's music on Groove Shark .,3,3,1,0.00021132184,2,Muzyka
add this MakSim tune to Trad Folk,0,3,1,0.00015031095,2,Muzyka
Play music by Paulinho Da Viola from 1965,3,3,1,0.00015089694,2,Muzyka
What is the weather forecast for Tanque,2,1,0,0.00015349814,2,Muzyka
add an album in Sweet Soul Chillout,0,3,1,0.00012403727,2,Muzyka
The Zen Focus playlist needs David Franj in it.,0,3,1,0.00028776072,2,Muzyka
Play some Google Music .,3,3,1,0.00028840508,2,Muzyka
Include Brandon Paris in The MetalSucks Playlist,0,3,1,0.00019722187,2,Muzyka
rate the current book 5 of 6 points,4,2,0,0.00014190475,2,Muzyka
add arthur lee to my jazz vibes playlist,0,3,1,0.00042238622,2,Muzyka
please add this artist to my Zen Focus playlist,0,3,1,0.00016902533,2,Muzyka
What time is Thick as Thieves playing at Santikos Theatres ?,6,4,0,0.00014299765,2,Muzyka
Play Trance Life on Zvooq .,3,3,1,0.00023453505,2,Muzyka
play Clifford Brown All Stars by Michael Balzary,3,3,1,0.0004180639,2,Muzyka
"Play Chantal Kreviazuk , Sister Ray",3,3,1,0.00010647503,2,Muzyka
add this song to Rock Party,0,3,1,0.00016004978,2,Muzyka
add tune to my relax & unwind playlist,0,3,1,0.00020531398,2,Muzyka
Put another track in my electronica & dance playlist.,0,3,1,0.0002745519,2,Muzyka
add the artist to my indietronic playlist,0,3,1,0.00017832729,2,Muzyka
rate the current album two out of 6,4,2,0,0.00014371733,2,Muzyka
what is the close by Greenland forecast,2,1,0,0.00014804995,2,Muzyka
Play music from 1969 on lastfm .,3,3,1,0.00033174682,2,Muzyka
Add big bill broonzy to my Impulso Creativo,0,3,1,0.0003724882,2,Muzyka
What will the weather be next apr . in MT ?,2,1,0,0.00015698481,2,Muzyka
put donnie g don gorilla on my classical romance playlist,0,3,1,0.00020240866,2,Muzyka
Is there weather going to get chilly when I get close to New York ?,2,1,0,0.00016483778,2,Muzyka
Open Itunes and play Bad Attitude,3,3,1,0.00018131637,2,Muzyka
play Jawad Ahmad,3,3,1,0.00010370075,2,Muzyka
Is Tomorrow at Seven being played at Douglas Theatre Company ?,6,4,0,0.00014135169,2,Muzyka
Find a popular diner that serves brazilian close by Oklahoma for nine people.,1,0,0,0.00016937537,2,Muzyka
Add child owlet to my Sleep Sounds playlist,0,3,1,0.0001574643,2,Muzyka
Play twenties from Ken Floyd,3,3,1,0.0001107215,2,Muzyka
what is the New Caledonia forecast for Bagnell on sep. the 5th,2,1,0,0.00015260166,2,Muzyka
add this track to Alternative Route,0,3,1,0.00015894428,2,Muzyka
play satire music,3,3,1,0.000104959334,2,Muzyka
"weather in Radnor Township , WV",2,1,0,0.00016435518,2,Muzyka
add artist steve cropper to Rhythm and Blues,0,3,1,0.00015445791,2,Muzyka
Add Roots of the Outsiders to Blues Roots,0,3,1,0.00017496315,2,Muzyka
The this is kevin johansen playlist needs The Lamb Lies Down on Broadway in it.,0,3,1,0.0014935208,2,Muzyka
Open Lastfm and play a voluntad del cielo from Wax,3,3,1,0.0004109834,2,Muzyka
Play the song Victim Of Changes from Hawkshaw Hawkins on Spotify,3,3,1,0.00014110423,2,Muzyka
play 1951 tunes,3,3,1,0.00015028771,2,Muzyka
add Stephen McNally to Confidence Boost,0,3,1,0.00036482138,2,Muzyka
Play some music from the thirties .,3,3,1,0.00021203273,2,Muzyka
Book a restaurant for ten in OK .,1,0,0,0.00020689712,2,Muzyka
Play the song Little Robin Redbreast,3,3,1,0.00011894914,2,Muzyka
play pop music with Groove Shark,3,3,1,0.00013137591,2,Muzyka
play a twenties song,3,3,1,0.00011871068,2,Muzyka
Play Yung Joc on slacker,3,3,1,0.00014476648,2,Muzyka
Please play me a top nineties theme song,3,3,1,0.00013334493,2,Muzyka
add this tune to my Party ¡Fiesta,0,3,1,0.00016442222,2,Muzyka
play the album Pressure Cracks with Netflix,3,3,1,0.00012637426,2,Muzyka
add this tune by Kurt James to the playlist latin pop classics,0,3,1,0.00012341375,2,Muzyka
Play some Rumba Africana .,3,3,1,0.00021695072,2,Muzyka
play the top-20 Nawang Khechog soundtrack,3,3,1,0.0001211742,2,Muzyka
Use Groove Shark to play music from the eighties,3,3,1,0.00066342804,2,Muzyka
Give me the local movie times .,6,4,0,0.00013190634,2,Muzyka
Play music from 2015,3,3,1,0.00014514389,2,Muzyka
Play my Top Gaming Tracks .,3,3,1,0.0006853226,2,Muzyka
Can i see the Encounters ?,5,3,0,0.0009075081,2,Muzyka
Add the album to the Hipster Soul playlist.,0,3,1,0.00021871063,2,Muzyka
Play music by Paul Mccartney,3,3,1,0.00013203941,2,Muzyka
Play some folk-rock music,3,3,1,0.00014811894,2,Muzyka
I'd like t add Day After Day to evangeline's Party of the Century playlist,0,3,1,0.00025845575,2,Muzyka
I need a reservation for a pizzeria nearby Vigus,1,0,0,0.00017888821,2,Muzyka
Book a reservation for eight people in North Dakota,1,0,0,0.00019821864,2,Muzyka
Add Famous to my playlist lo que suena new york,0,3,1,0.00017847295,2,Muzyka
Add Milas Poli to my Indie Bluegrass,0,3,1,0.0001994999,2,Muzyka
Play The Monkeys Have No Tails In Zamboanga on Google Music .,3,3,1,0.0019968878,2,Muzyka
I need to hear the song Aspro Mavro from Bill Szymczyk on Youtube,3,3,1,0.00015540868,2,Muzyka
Play a movement from the nineties,3,3,1,0.00015478655,2,Muzyka
I rate three points for the book The Early Coorgs,4,2,0,0.00014669521,2,Muzyka
Play an Asha Bhosle song from around 1964,3,3,1,0.00012234524,2,Muzyka
add a j mclean to rock to work,0,3,1,0.0012975704,2,Muzyka
put this Tripp Eisen song on canta en la ducha,0,3,1,0.00013707967,2,Muzyka
Can you give me the movie schedules for films close by ?,6,4,0,0.00012948312,2,Muzyka
To the Stars The Autobiography of George Takei gets four out of 6 stars,4,2,0,0.0001333714,2,Muzyka
Add the tune to my Epic Classical playlist.,0,3,1,0.00022452301,2,Muzyka
Love In Paris needs some frank farian in the playlist.,0,4,1,0.0006640702,2,Muzyka
For the Classic Road Trip Songs add the entity unwelcome,0,3,1,0.0001974279,2,Muzyka
book in Ukraine at a highly rated restaurant,1,0,0,0.00019849591,2,Muzyka
add eric johnson song to my The Refugee Playlist playlist,0,3,1,0.00017111361,2,Muzyka
Please include Emily Remler in Indie Bluegrass,0,3,1,0.00043128626,2,Muzyka
add tune to punk español,0,3,1,0.000117427066,2,Muzyka
I need to add a tune by Amanda Stern to the playlist cloud rap .,0,3,1,0.00015567841,2,Muzyka
Add Sorrow to my it's ok to like jazz,0,3,1,0.00029953965,2,Muzyka
add album to metal overload playlist,0,3,1,0.00015329552,2,Muzyka
"casey chavez, lucinda and karina want to eat at a diner on december the 7th",1,0,0,0.00023219244,2,Muzyka
Can you add psycho to Canciones que lo van a petar ?,0,3,1,0.0005237014,2,Muzyka
Play the album Resurrection In Blood from Sleepy Brown on Itunes .,3,3,1,0.00015927463,2,Muzyka
find a novel called Chemistry - An European Journal,5,3,0,0.0001632121,2,Muzyka
add josefina pla to isabelle's Guest List GamesRadar playlist,0,3,1,0.00070825266,2,Muzyka
"Put Corrina, Corrina onto my classical x list.",0,3,1,0.00092412246,2,Muzyka
play primus,3,3,1,0.00011560271,2,Muzyka
"add Hello Central, Give Me Heaven to Indie Pop",0,3,1,0.00016641221,2,Muzyka
Include golden boy in Pop Dance,0,3,1,0.0002299442,2,Muzyka
Fine a movie called Right Here Right Now .,5,3,0,0.00012969124,2,Muzyka
how's the weather in Mowrystown,2,1,0,0.00015591444,2,Muzyka
Please fine me Worms Clan Wars .,5,3,0,0.00015327829,2,Muzyka
Add the artist to my This Is Mozart playlist.,0,3,1,0.0003130783,2,Muzyka
Play S.t.r.e.e.t. D.a.d . from Hiromitsu Agatsuma through Pandora .,3,3,1,0.00027937064,2,Muzyka
put Joseph Utsler on All Out 70s,0,3,1,0.00016460278,2,Muzyka
Play Johnny Gimble,3,3,1,0.0001263153,2,Muzyka
add steel guitar rag in acoustic covers the mash ups,0,3,1,0.00018434315,2,Muzyka
4 stars for Three to Get Deadly,4,2,0,0.0001414866,2,Muzyka
Incorporate Moribund the Burgermeister into the 50 Shades of Love playlist.,0,3,1,0.00043218737,2,Muzyka
book a bar in San Marino for five,1,0,0,0.00019478131,2,Muzyka
What will the weather be in LA at 9 o'clock,2,1,0,0.0001469003,2,Muzyka
Play music from the artist Irma Pane,3,3,1,0.00013810887,2,Muzyka
Add Shangri-La to the African Heat playlist.,0,3,1,0.0003051036,2,Muzyka
Play the top five melody from 2000,3,3,1,0.00049483706,2,Muzyka
Can you put this song from Yutaka Ozaki onto my this is miles davis playlist?,0,3,1,0.00016753958,2,Muzyka
Add Yuna Ito to the hot rods & horror shows playlist.,0,3,1,0.00052303745,2,Muzyka
Play the Ricky Wilson album Spectral Dusk,3,3,1,0.000106207524,2,Muzyka
Add a track to my Alok House Party playlist,0,3,1,0.00014359593,2,Muzyka
Will it in hail in my current position on 12/10/2035 ?,2,1,0,0.00018227604,2,Muzyka
I need to book a restaurant for 6 people.,1,0,0,0.00018456891,2,Muzyka
Play Paul Mccartney,3,3,1,0.00013036796,2,Muzyka
For my playlist it's ok to like jazz add this tune,0,3,1,0.00018589493,2,Muzyka
Rate this novel four of 6,4,2,0,0.00014004642,2,Muzyka
Play me a song from 2016,3,3,1,0.00020832392,2,Muzyka
I want a song by john schlitt in the bajo las estrellas playlist.,0,3,1,0.00017033641,2,Muzyka
Add you put a move on my heart to the martin garrix show,0,3,1,0.00012513871,2,Muzyka
add gabrial mcnair to my Love In Paris list,0,3,1,0.00040863964,2,Muzyka
Play music on the playlist Urban Hits,3,3,1,0.00015342966,2,Muzyka
Open Vimeo and play music.,3,3,1,0.0004074011,2,Muzyka
Add the name the magnificent tree to playlist this is Rosana,0,3,1,0.0001578413,2,Muzyka
play music by Don Reno,3,3,1,0.00011918547,2,Muzyka
Please include danni bassan in my Perfect Concentration,0,3,1,0.00052728585,2,Muzyka
The spring classical playlist needs Partners in Crime added to it.,0,3,1,0.00044844687,2,Muzyka
"What will the weather be like here on September 17, 2040",2,1,0,0.0001720748,2,Muzyka
Use Itunes to play a soundtrack from the year 1954,3,3,1,0.00017889404,2,Muzyka
Wish to see the photograph with the name Live Right Here,5,3,0,0.000106412976,2,Muzyka
add this track to my road trip playlist,0,3,1,0.00016608644,2,Muzyka
add to anacreon in heaven into the playlist girls' night,0,3,1,0.0001647311,2,Muzyka
Add 12 Odd Future Songs to the Club Hits playlist.,0,3,1,0.00036413103,2,Muzyka
Please give me movie schedules,6,4,0,0.00013346063,2,Muzyka
Add this track to my Love Hurts playlist,0,3,1,0.00017034831,2,Muzyka
Show me when and where I can see Song of Summer,6,4,0,0.0004761974,2,Muzyka
put jim fairchild onto spotlight spain 2016,0,3,1,0.00033771814,2,Muzyka
"add artist Fabri Fibra to This Is Earth, Wind & Fire",0,3,1,0.00021277803,2,Muzyka
Has the TV series Puppet Master Axis of Evil been cancelled?,5,3,0,0.000110763336,2,Muzyka
When is Watchman Vadivel playing?,6,4,0,0.00039399377,2,Muzyka
What are the movie schedules for the Caribbean Cinemas,6,4,0,0.0001360971,2,Muzyka
Look for the Learning & Behavior picture,5,3,0,0.00018031095,2,Muzyka
Show me the picture Gas Wars,5,3,0,0.00014432182,2,Muzyka
is One Night Surprise at the cinema,6,4,0,0.00013578663,2,Muzyka
add gareth gates to my autumn playlist,0,3,1,0.00020632822,2,Muzyka
Add Annesley Malewana album to playlist indietronic,0,3,1,0.00017740649,2,Muzyka
Help me find the work titled SingStar Take That,5,3,0,0.00011361628,2,Muzyka
Put this album on my wine & dine playlist,0,3,1,0.0001272144,2,Muzyka
Play Igor Nikolayev music from the fourties,3,3,1,0.000114137474,2,Muzyka
add this artist to romántica,0,3,1,0.0001667412,2,Muzyka
Add concrete roots to punk español playlist,0,3,1,0.00039626402,2,Muzyka
I wish to hear the playlist Estado de ánimo on Last Fm .,3,3,1,0.00026052655,2,Muzyka
Give 2 out of 6 points to A Tale of Time City,4,2,0,0.00014619509,2,Muzyka
Play Seasons In The Sun by Rosco Gordon on iheart,3,3,1,0.00012435768,2,Muzyka
Play Dave Wyndorf album,3,3,1,0.00011894135,2,Muzyka
Put dschiwan gasparjan into the Cool Down playlist.,0,3,1,0.00047106863,2,Muzyka
find a movie house for 0752 showing Ganges River to Heaven,6,4,0,0.00014527276,2,Muzyka
add tune Digster Reggae,0,3,1,0.00012100839,2,Muzyka
Add Hanging On to my just dance by aftercluv playlist.,0,3,1,0.00029126977,2,Muzyka
book a table in Alberton for me and my mother in law at a restaurant,1,0,0,0.00018933452,2,Muzyka
I would like Ignacio Figueredo 's tune added to electroNOW .,0,3,1,0.00014087041,2,Muzyka
play theme by Yanni on Vimeo,3,3,1,0.00016154582,2,Muzyka
Play Robin Hood Rescuing Three Squires by Bhupinder Singh,3,3,1,0.00013367839,2,Muzyka
I want you to add a George Chisholm tune to my 40 hits playlist.,0,3,1,0.00018837795,2,Muzyka
add this track to the playlist named cali fire,0,3,1,0.00016870188,2,Muzyka
Play the album alas y raíces by Dave Pybus .,3,3,1,0.00012319534,2,Muzyka
I give One Clear Call zero out of 6 points,4,2,0,0.0001410059,2,Muzyka
Is temperature in Hanksville freezing ?,2,1,0,0.00014877344,2,Muzyka
add track by Klute to winifred's de camino a clase playlist,0,3,1,0.00018045405,2,Muzyka
add Sirusho to the 50 Clásicos playlist,0,3,1,0.00022780985,2,Muzyka
Add gene clark to diann's chill out list,0,3,1,0.00041228338,2,Muzyka
Play Nightbirds on Nantucket soundtrack,5,3,0,0.00012292412,2,Muzyka
play some seventies Filipp Kirkorow,3,3,1,0.00013144726,2,Muzyka
listen to ballad songs from the twenties,3,3,1,0.00014932617,2,Muzyka
Send the track from andrew hewitt to the piano ballads playlist,0,3,1,0.00016036039,2,Muzyka
Show me the soundtrack The Phoenix,5,3,0,0.00014249633,2,Muzyka
Add lisa m to my guitar hero live playlist,0,3,1,0.00016703726,2,Muzyka
Play music from 1977,3,3,1,0.00014046946,2,Muzyka
"find Welcome to the El-Palacio , a movie",5,3,0,0.00010740613,2,Muzyka
Play some songs from 1958,3,3,1,0.0001801732,2,Muzyka
Is there a blizzard in Stonewood ?,2,1,0,0.00016355513,2,Muzyka
add ian gillan to my Rock Party,0,3,1,0.00017534143,2,Muzyka
add this track to my Hands Up playlist,0,3,1,0.0001682074,2,Muzyka
I want this artist on the Cena Elegante playlist,0,3,1,0.00015784621,2,Muzyka
my indietronic playlist needs until the end of time added,0,3,1,0.00043913434,2,Muzyka
Put the bill berry track on elrow Guest List,0,3,1,0.000114919334,2,Muzyka
I want to hear Dave Seaman 's ep,3,3,1,0.00014473272,2,Muzyka
Add the artist Michael Schenker to ina's this is jennifer lopez playlist,0,3,1,0.00014858948,2,Muzyka
Add por tu maldito amor to my orgullo gay,0,3,1,0.00021404255,2,Muzyka
find Mann Theatres movie schedule,6,4,0,0.00013767969,2,Muzyka
book me a reservation at an oyster bar that serves crab cake for two people,1,0,0,0.0001750038,2,Muzyka
Find me music by Kaori Utatsuki off the album that has top-twenty hits,3,3,1,0.00011303818,2,Muzyka
Play some bass music.,3,3,1,0.0004057435,2,Muzyka
Put Vandemataram Srinivas 's track onto HipHop Hot 50 .,0,3,1,0.00029475664,2,Muzyka
Can you play a top 5 song by Manos Hadjidakis,3,3,1,0.00012126233,2,Muzyka
What is the weather for my current place,2,1,0,0.00015637168,2,Muzyka
I'm looking for the song called Standing for Something .,5,3,0,0.0001337369,2,Muzyka
add the artist to my 31 Minutos playlist,0,3,1,0.00019398076,2,Muzyka
add falling upstairs to the playlist named chill out,0,3,1,0.0001474361,2,Muzyka
Repeat the track of music,3,3,1,0.00012835955,2,Muzyka
add Keke Wyatt to my Evening Commute playlist,0,3,1,0.00016957865,2,Muzyka
I need a table for 4 in Pelland,1,0,0,0.00018033027,2,Muzyka
Let's play Jamie Robertson 's Handover on vimeo,3,3,1,0.0006767561,2,Muzyka
Can you play a chant by Butch Trucks on Spotify,3,3,1,0.00020146913,2,Muzyka
Add The Hellacopters singles to my teen party,0,3,1,0.0001258773,2,Muzyka
What animated movies are playing at the closest cinema ?,6,4,0,0.00012734614,2,Muzyka
Get me a table for one at a popular brasserie,1,0,0,0.00017725119,2,Muzyka
give me the movie schedule for animated movies showing in the neighborhood,6,4,0,0.000121401405,2,Muzyka
Can you put a song by Rick Astley on my hot 50 playlist,0,3,1,0.00014253153,2,Muzyka
Rate this album 2 stars,4,2,0,0.00014427959,2,Muzyka
Add what child is this to Dark Dance Floors,0,3,1,0.00062563014,2,Muzyka
I need a reservation for next week with a party of six,1,0,0,0.00017774435,2,Muzyka
Is there a storm in New Mexico in Fort Sumner,2,1,0,0.00017123486,2,Muzyka
play Escapada,3,3,1,0.00011532201,2,Muzyka
rate this novel a 1 of 6 for me,4,2,0,0.0001439277,2,Muzyka
I'd like to listen to opera on Youtube,3,3,1,0.0006087408,2,Muzyka
Give me the movie schedules for National Amusements .,6,4,0,0.00012501149,2,Muzyka
add Jalal Zolfonun to my Nature Noise,0,3,1,0.00029610738,2,Muzyka
What's the weather like in Groesbeck,2,1,0,0.00014790778,2,Muzyka
Play music by mina caputo on Lastfm,3,3,1,0.00023406054,2,Muzyka
book a delicatessen that is indoor for 3,1,0,0,0.0001912532,2,Muzyka
I need to book a table for three at a restaurant in South Sudan,1,0,0,0.00020120147,2,Muzyka
"Book a table for 5 people in Goodland , AK .",1,0,0,0.00022463502,2,Muzyka
turn on Google Music to play 1991,3,3,1,0.00023421775,2,Muzyka
Play me a song by Dj Paul Elstak in 1988 on Zvooq,3,3,1,0.00026275896,2,Muzyka
Can you play the greatest sarah brightman song,3,3,1,0.00014644032,2,Muzyka
play Sivamani,3,3,1,0.00012810857,2,Muzyka
play Addicted To You by Hank Ballard,3,3,1,0.00012960234,2,Muzyka
Play some nineties music on Pandora,3,3,1,0.00017617646,2,Muzyka
I'd like to see movie schedules for Kerasotes Theatres,6,4,0,0.00013320235,2,Muzyka
Will there be a depression here on october 26,2,1,0,0.00017997518,2,Muzyka
Play some 1962 theme music.,3,3,1,0.0002563006,2,Muzyka
Get me a table at Eighth Step Coffee House in Germania for 7,1,0,0,0.00017809981,2,Muzyka
Can you put this xandee song onto my chill playlist?,0,3,1,0.00017690928,2,Muzyka
I'd like to watch films at the closest movie theatre,6,4,0,0.00013529866,2,Muzyka
Play the newest music by Gladys Knight,3,3,1,0.00013088301,2,Muzyka
Use Last Fm to play artist Kawabata Makoto from their record,3,3,1,0.00017318287,2,Muzyka
add this album by Karl Davydov to reyna's This Is Luis Fonsi playlist,0,3,1,0.00014756329,2,Muzyka
Add shawn camp to my soulful disco playlist.,0,3,1,0.00026018295,2,Muzyka
What's the weather forecast at sixteen in Oklahoma ?,2,1,0,0.00015424937,2,Muzyka
Find a book called The Magic Christmas Tree .,5,3,0,0.00013452642,2,Muzyka
She me the movie schedule for animated movies at the place nearby,6,4,0,0.000114718794,2,Muzyka
Play Tanti Auguri A Te from Bruce Gilbert,3,3,1,0.00018512981,2,Muzyka
Show the nearest movie house with The Expendables starting 1 minute from now,6,4,0,0.00013176557,2,Muzyka
Search for The Nations,5,3,0,0.00010819193,2,Muzyka
Please search for the Puppet on a String video game .,5,3,0,0.00018154395,2,Muzyka
Add this artist to my Classic Punk playlist,0,3,1,0.00018790078,2,Muzyka
play a popular sort of fifties tune music,3,3,1,0.000118046955,2,Muzyka
Where is the nearest cinema that is playing The Kid Brother,6,4,0,0.0001532465,2,Muzyka
Add this album to my spotify orchestra cello playlist,0,3,1,0.00019399672,2,Muzyka
Tell me if there's a snowstorm in the forecast twenty seconds from now in Holtville,2,1,0,0.00015260188,2,Muzyka
Play songs by Cheryl Wheeler,3,3,1,0.00013450177,2,Muzyka
This current album would get 6 stars or a rating value of 1,4,2,0,0.00013841459,2,Muzyka
Add artist to showstopper being mary jane,0,3,1,0.00013593592,2,Muzyka
add this tune to my weekend playlist,0,3,1,0.00012547626,2,Muzyka
Add beijing huanying ni to my workday lounge playlist,0,3,1,0.00024216805,2,Muzyka
add robyn hitchcock to my romantic evening playlist,0,3,1,0.00017391823,2,Muzyka
napoleon xiv should be added to sharlene's playlist transatlantic lullaby,0,3,1,0.00025192148,2,Muzyka
put this album by Mike Tramp on Deathcore,0,3,1,0.0001169794,2,Muzyka
For the saga The End of a Family Story I give 0 stars,4,2,0,0.00014301713,2,Muzyka
Add a track to Jazzy Dinner,0,3,1,0.000119162425,2,Muzyka
Add another tune to my Trance Life playlist.,0,3,1,0.00022808877,2,Muzyka
Add this tune to retrowave outrun,0,3,1,0.00013796867,2,Muzyka
Play Russell Morris 's The Singer And The Song on Netflix .,3,3,1,0.00050874485,2,Muzyka
I rate this essay 5 of 6 points,4,2,0,0.00014038855,2,Muzyka
Add an espen lind song to my list lo que suena new york,0,3,1,0.0001330364,2,Muzyka
Add this track to the 70s smash hits playlist,0,3,1,0.00015829483,2,Muzyka
Please play anything by george formby jr,3,3,1,0.00011264875,2,Muzyka
Please put the album onto fresh folk .,0,3,1,0.00015080231,2,Muzyka
can we expect cold and freezing conditions in Glacier-Nationalpark,2,1,0,0.0001867765,2,Muzyka
Add the entire album into indie español,0,3,1,0.00016113317,2,Muzyka
Rate Sandworms of Dune three out of 6 stars,4,2,0,0.00014211144,2,Muzyka
add Viktor Tsoi to my sweet soul chillout playlist,0,3,1,0.00021614127,2,Muzyka
Play music by Fidel Nadal sorted by newest .,3,3,1,0.00013091881,2,Muzyka
I want lance king in my list called One Love,0,3,1,0.00013422652,2,Muzyka
Play A Chaos Of Desire from Dan Snaith,3,3,1,0.00018904287,2,Muzyka
Play slow rock music,3,3,1,0.00012743124,2,Muzyka
Is the start eim 23 hours twenty one minutes and one second from now for Morgan – A Suitable Case for Treatment at Santikos Theatres,6,4,0,0.00015767087,2,Muzyka
play Say A Word by La India,3,3,1,0.000108087894,2,Muzyka
Add this song to my list Trabajo Relax,0,3,1,0.00014642098,2,Muzyka
I would rate this book a value of 3 and a best rating of 6,4,2,0,0.00014080036,2,Muzyka
play No More Sorrow,3,3,1,0.00012671389,2,Muzyka
Book a restaurant that serves scampi for 10 people.,1,0,0,0.00019988709,2,Muzyka
I am giving this current book album 0 out of 6 stars,4,2,0,0.00013547252,2,Muzyka
How is the weather in Indian Creek Village ?,2,1,0,0.00015364743,2,Muzyka
Add Tony Kakko music to Street Dance playlist,0,3,1,0.00021576679,2,Muzyka
Add Fair Charlotte to the We Everywhere playlist.,0,3,1,0.00030249063,2,Muzyka
play shara worden,3,3,1,0.00013359854,2,Muzyka
rate the current textbook 4 of 6 points,4,2,0,0.00014590968,2,Muzyka
Find a table for madge and tami at a faraway joint on Sterling St that serves chicken divan,1,0,0,0.0001758429,2,Muzyka
I want to see DOA Dead or Alive at Loews Cineplex Entertainment .,6,4,0,0.00018614197,2,Muzyka
I want to hear De Eerste Keer from Paul Caiafa off of Google Music,3,3,1,0.00016268539,2,Muzyka
Play me music from the twenties on Itunes .,3,3,1,0.00035535463,2,Muzyka
Add an album to my list La Mejor Música Dance 2017,0,3,1,0.00015802043,2,Muzyka
Play some Paulinho Da Viola from 1965 .,3,3,1,0.0002332331,2,Muzyka
play a track from 2004,3,3,1,0.00018421489,2,Muzyka
add naomi schemer to my Hanging Out and Relaxing,0,3,1,0.00058098906,2,Muzyka
Play me a song by Stephen Jones,3,3,1,0.00019361,2,Muzyka
Add a Mary Fahl tune to the Pre-Party R&B Jams playlist.,0,3,1,0.00020772168,2,Muzyka
Play sixties music by giovanni battista guadagnini .,3,3,1,0.00013870506,2,Muzyka
Add Chér to the Still Got the Blues playlist,0,3,1,0.00018612089,2,Muzyka
What will the weather be like nine years from now in Eastport El Salvador,2,1,0,0.00014761905,2,Muzyka
give 0 points to current series,4,2,0,0.00014162746,2,Muzyka
Play some Ven A Mi,3,3,1,0.000119439406,2,Muzyka
Play Step Up Your Game by Marc Cohn .,3,3,1,0.00016304487,2,Muzyka
Play the track Siberian Khatru on zvooq,3,3,1,0.00017103081,2,Muzyka
I want to hear some music from Spotify,3,3,1,0.0001556927,2,Muzyka
rate Cousin Bette 5 points,4,2,0,0.00014238912,2,Muzyka
Add this marilyn manson tune to Latin Party Anthems,0,3,1,0.000145431,2,Muzyka
I need to add to the all things post starting with my favorites from the silence,0,3,1,0.00021724252,2,Muzyka
Play a record from the seventies,3,3,1,0.00012010159,2,Muzyka
play me music by Whip with Zvooq,3,3,1,0.0001888357,2,Muzyka
I need to find the saga Trail of the Yukon,5,3,0,0.0001236812,2,Muzyka
Play a melody by Adassa from the twenties,3,3,1,0.00012412443,2,Muzyka
What will the weather be at Noon in Durbin OH ?,2,1,0,0.00015591488,2,Muzyka
find a brunch time cinema nearest with The President Is Coming,6,4,0,0.00015146004,2,Muzyka
table at Nankin Cafe fr one,1,0,0,0.00017392053,2,Muzyka
please put this tune into the All A Cappella playlist,0,3,1,0.00014178957,2,Muzyka
Is it going to be chilly at nine am in Doolittle,2,1,0,0.00014099518,2,Muzyka
play 1990 tunes on Groove Shark,3,3,1,0.00013254501,2,Muzyka
Where can I see the show Latin for Lovers ?,5,3,0,0.0001823043,2,Muzyka
I want to hear a Joel Hastings melody .,3,3,1,0.00014989742,2,Muzyka
Play some Ray Williams music from the nineties on spotify,3,3,1,0.00026926462,2,Muzyka
Add LA Woman to my soul lounge playlist.,0,3,1,0.00032289745,2,Muzyka
play Latin Dinner,3,3,1,0.00010577235,2,Muzyka
Add connee boswell to the relaxing playlist.,0,3,1,0.00037184107,2,Muzyka
play something from the twenties,3,3,1,0.000117776,2,Muzyka
play some songs from the fourties by yoshiki fukuyama,3,3,1,0.00013725621,2,Muzyka
add Yameen to the uncharted 4 nathan drake playlist,0,3,1,0.00021228516,2,Muzyka
Add the album to my Heavy Gamer playlist.,0,3,1,0.00025051853,2,Muzyka
play a theme from 1985 by Patrick Cowley,3,3,1,0.00018667644,2,Muzyka
add saxophone supremacy to ofelia's calm before the storm playlist,0,3,1,0.00021054625,2,Muzyka
Find movie schedules for animated movies in the area,6,4,0,0.00012223494,2,Muzyka
Play me a 2015 soundtrack on Netflix,3,3,1,0.00017134302,2,Muzyka
will there be any snowfall in AMerican Samoa,2,1,0,0.00016596961,2,Muzyka
Play some steve boyett chant music,3,3,1,0.0001347719,2,Muzyka
add the song to my We Everywhere playlist,0,3,1,0.0001715127,2,Muzyka
add The Spine Surfs Alone to my playlist called The Funny Thing About Football Is,0,3,1,0.00025318676,2,Muzyka
I would rate the chronicle The Monks of Thelema a 2,4,2,0,0.00013389347,2,Muzyka
Add Los Hombres Calientes Volume 3 New Congo Square to my descanso infinito playlist.,0,3,1,0.00036911247,2,Muzyka
Play 1993 theme music,3,3,1,0.00011962048,2,Muzyka
play fourties chant music on Last Fm,3,3,1,0.00021512892,2,Muzyka
Please play the most popular ep from 1998 by Mc Frontalot,3,3,1,0.00018818384,2,Muzyka
add song to marta's endorphin rush playlist,0,3,1,0.00015192547,2,Muzyka
Play Anweshaa by the new first.,3,3,1,0.00012996276,2,Muzyka
"Book reservations at restaurant in Edgemoor NM on august 3, 2024",1,0,0,0.00024183645,2,Muzyka
"What is the weather in Shenandoah Heights , Montenegro",2,1,0,0.0001605497,2,Muzyka
Play tune from Sonny Stitt,3,3,1,0.00011667294,2,Muzyka
give this current novel a three,4,2,0,0.00014245945,2,Muzyka
Can you pull up and play something on Itunes,3,3,1,0.000159395,2,Muzyka
rate this novel 2 out of 6 points,4,2,0,0.000144633,2,Muzyka
Add a track to my dinner playlist,0,3,1,0.00014177854,2,Muzyka
Give the current book 5 out of 6 points .,4,2,0,0.00014343715,2,Muzyka
Find a picture called Battlefield Network .,5,3,0,0.00015066286,2,Muzyka
Add Hanging On to my just dance by aftercluv playlist.,0,3,1,0.00029126977,2,Muzyka
play newest soundtrack from 2008,3,3,1,0.00014977057,2,Muzyka
find movie schedules for me,6,4,0,0.00014276222,2,Muzyka
Can you play some Andrew Cash music on Slacker,3,3,1,0.00017722488,2,Muzyka
"The Night Lamp was ok at best, two stars out of 6 possible.",4,2,0,0.00013040667,2,Muzyka
Book a table for four around midnight in Saint Pierre and Miquelon .,1,0,0,0.00024234691,2,Muzyka
Play some rock & roll by Deezer .,3,3,1,0.0001379464,2,Muzyka
Add another song to the acoustic soul playlist,0,3,1,0.00013620478,2,Muzyka
Play fifties music,3,3,1,0.00010790078,2,Muzyka
put once bitten twice bitten into the pulse of americana,0,3,1,0.00018646676,2,Muzyka
Play me a song from 1968 on Spotify,3,3,1,0.00024422962,2,Muzyka
Add an album by Jenifer to my travelling playlist,0,3,1,0.00015737208,2,Muzyka
Please play something that's freak folk on Google Music,3,3,1,0.00026994082,2,Muzyka
add The Crowd to corinne's acoustic soul playlist,0,3,1,0.0001305304,2,Muzyka
Put another song in the Cloud Rap playlist.,0,3,1,0.00018960662,2,Muzyka
put Pause on my Días de Frío playlist,0,3,1,0.0002999074,2,Muzyka
Put King of America onto the playlist with the title a sudden rainstorm,0,3,1,0.0001947589,2,Muzyka
Rate this book 3 of 6 points,4,2,0,0.00014211293,2,Muzyka
Let me hear an ep from the thirties era of music.,3,3,1,0.00017118834,2,Muzyka
Add another song to my this is status quo playlist.,0,3,1,0.00022337219,2,Muzyka
I want the Turbonegro album to go on the playlist called Genuine R&B,0,3,1,0.0001359609,2,Muzyka
add this song to my Classical Dance Music Ballet & Beyond list,0,3,1,0.00019021546,2,Muzyka
Play some Dave Pearce .,3,3,1,0.00025090558,2,Muzyka
Play the greatest Nicholaus Arson concerto from around 2000,3,3,1,0.00018203464,2,Muzyka
Play the top-twenty from Tony Calder off Slacker .,3,3,1,0.00014076768,2,Muzyka
I want to listen to Swing music on Iheart,3,3,1,0.00020648529,2,Muzyka
play a sixties song by George Sanger,3,3,1,0.00012535471,2,Muzyka
play a 1994 tune by Lena Horne,3,3,1,0.00014854602,2,Muzyka
book a highly rated restaurant in Central African Republic for 5 people on sep. the second,1,0,0,0.0002612429,2,Muzyka
Tell me the weather forecast for Northern Mariana Islands one second from now,2,1,0,0.00015111982,2,Muzyka
Play the track Grow Old With Me by artist Chloe Rose Lattanzi,3,3,1,0.00012937153,2,Muzyka
"Put this song on my playlist, In The Name Of Blues .",0,3,1,0.00023966334,2,Muzyka
what will be the temperature 1 minute and 8 seconds from now in Green Bottom Wildlife Management Area,2,1,0,0.0001534964,2,Muzyka
"Please search for the work, Wholehearted .",5,3,0,0.00013296003,2,Muzyka
Play my inventive playlist,3,3,1,0.00015368235,2,Muzyka
Add tune to my Folk Music At The Gaslight Café,0,4,1,0.0025119423,2,Muzyka
play some latin on Zvooq,3,3,1,0.0002144405,2,Muzyka
add Joe Gibbs to my The Bachelor Party playlist,0,3,1,0.00014075814,2,Muzyka
I want to hear a symphony from Kano,3,3,1,0.0001896311,2,Muzyka
Play Dave Mason 's soundtrack on Last Fm .,3,3,1,0.00018330844,2,Muzyka
Book a reservation for my babies and I,1,0,0,0.0001927583,2,Muzyka
please put the artist Matt McKenna in my This Is Shakira playlist,0,3,1,0.0001609644,2,Muzyka
add Michael LePond to electronic bliss,0,3,1,0.00022651504,2,Muzyka
ADD Me Kommeni Tin Anasa to my propuesta alternativa playlist,0,3,1,0.0002866778,2,Muzyka
play something from the twenties,3,3,1,0.000117776,2,Muzyka
Rate this album 0 points,4,2,0,0.00014128217,2,Muzyka
Play 1958 by wayne petti,3,3,1,0.00015774103,2,Muzyka
Add the tune from Leena Peisa to my amor amor playlist.,0,3,1,0.00027826903,2,Muzyka
Find the schedule for movies at Southern Theatres .,6,4,0,0.00012081295,2,Muzyka
I need to get a restaurant reserved in SD .,1,0,0,0.00020628251,2,Muzyka
Remember the City nets five out of 6 .,4,2,0,0.00014907712,2,Muzyka
show movie times in North American Cinemas,6,4,0,0.00013864115,2,Muzyka
Play a record from 2010 .,3,3,1,0.0001497665,2,Muzyka
Play a 1958 soundtrack by Rudolf Schenker on Netflix .,3,3,1,0.00018850225,2,Muzyka
rate this chronicle 3 stars,4,2,0,0.0001373373,2,Muzyka
Add Gary Valenciano to the power gaming playlist.,0,3,1,0.0021499891,2,Muzyka
Play some space music on Google Music,3,3,1,0.00031653352,2,Muzyka
I have a party of 7 in East Timor,1,0,0,0.00021275057,2,Muzyka
What's the closest movie theatre that's showing Dough Nuts ?,6,4,0,0.00013502398,2,Muzyka
Dawn of the Emperors Thyatis and Alphatia deserves a rating value of 1,4,2,0,0.00013990683,2,Muzyka
Add Quicksand to my valentine's day love playlist,0,3,1,0.00018224466,2,Muzyka
add Classic Punk by Chab,0,3,1,0.00012004534,2,Muzyka
Check films screened at the closest cinema,6,4,0,0.00013702092,2,Muzyka
I want to hear Choice on Last Fm from the twenties .,3,3,1,0.00020808558,2,Muzyka
Add give us rest to my 70s Smash Hits playlist.,0,3,1,0.0003555947,2,Muzyka
Can you play a song off an album by Shirley Horn,3,3,1,0.00020994824,2,Muzyka
Rate 12 Great Classics of Science Fiction zero out of 6 points,4,2,0,0.00014259832,2,Muzyka
Play a melody by Colin Blunstone,3,3,1,0.0001130329,2,Muzyka
Play symphony music from Joe Dolce,3,3,1,0.00011267812,2,Muzyka
Book a reservation for seven people at a bar in Kentucky,1,0,0,0.00017913495,2,Muzyka
Play some Don Ho on Netflix,3,3,1,0.00018234368,2,Muzyka
play Slacker tunes by Smog from movement in 2015,3,3,1,0.00013833621,2,Muzyka
play 1981 music on Last Fm,3,3,1,0.00012227958,2,Muzyka
add the outlaw blues to the playlist with the title top 100 country tracks on spotify,0,3,1,0.00016613978,2,Muzyka
I want to hear anything from the Rock Symphonique genre please.,3,3,1,0.00012302388,2,Muzyka
there is warmer at Serenada,2,1,0,0.00013853272,2,Muzyka
Rate The Documents in the Case series two of 6,4,2,0,0.00015157257,2,Muzyka
Add another album to my keep calm playlist.,0,3,1,0.00021552648,2,Muzyka
Make me a reservation in Crugers at Marlton Circle for a party of eight,1,0,0,0.00016696764,2,Muzyka
Play artist stu davis from the album Dub Chamber 3 on Netflix,3,3,1,0.00013306992,2,Muzyka
Play Crucifixion on Deezer .,3,3,1,0.0002464367,2,Muzyka
book spot for my nieces and I at a tea house,1,0,0,0.00021737449,2,Muzyka
Find the schedule at Star Theatres .,6,4,0,0.000116866286,2,Muzyka
Play Adieu by Al Arsenault,3,3,1,9.67624e-05,2,Muzyka
Please add 80s Classic Hits Asking for It to my playlist,0,3,1,0.00017733713,2,Muzyka
Tell me what animated movies I can see at the closest movie theatre,6,4,0,0.00012961133,2,Muzyka
play Kurt Cobain ballad tunes,3,3,1,0.00013878281,2,Muzyka
Play music on Itunes .,3,3,1,0.00032109185,2,Muzyka
Play Slow Rock on Lastfm .,3,3,1,0.00024588592,2,Muzyka
Play my Sophisticated Dinner playlist on Slacker,3,3,1,0.00022513619,2,Muzyka
Play some symphonic rock .,3,3,1,0.00020875144,2,Muzyka
I want to hear the Live At Slane Castle album by Haifa Wehbe,3,3,1,0.00015070246,2,Muzyka
I want to hear Somi 's songs from the twenties,3,3,1,0.00015394085,2,Muzyka
find the soundtrack titled This Side of Paradise,5,3,0,0.00011339269,2,Muzyka
Add an artist to my playlist Domingo Indie,0,3,1,0.00014287441,2,Muzyka
Add Third Stone from the Sun to the Concentración playlist.,0,3,1,0.00034769668,2,Muzyka
Play music by Ian Haugland,3,3,1,0.0001312494,2,Muzyka
Will it be overcast in 1 minute within walking distance of OH,2,1,0,0.00015930046,2,Muzyka
"Play a tune or two from Kansas City, Missouri",3,3,1,0.00031962525,2,Muzyka
Start playing my Disney playlist.,3,3,1,0.0017297064,2,Muzyka
Play new track from the fifties,3,3,1,0.0001547897,2,Muzyka
Is it going to be warmer in Central Cebu Protected Landscape,2,1,0,0.00019459854,2,Muzyka
add Rak biszewilo to my playlist named Jazz,0,3,1,0.0002334943,2,Muzyka
I want to give this book zero,4,2,0,0.00014307821,2,Muzyka
book a bar table for Tonight for rajasthani food,1,0,0,0.0001855012,2,Muzyka
rate this textbook a four,4,2,0,0.00013586975,2,Muzyka
Play the latest songs by Larry Gatlin on Iheart,3,3,1,0.00021009104,2,Muzyka
May I have the movie schedules for Speakeasy Theaters,6,4,0,0.00012259325,2,Muzyka
play Lastfm by Steampunk,3,3,1,0.00011129582,2,Muzyka
Play the newest melody from Corey Clark on Lastfm,3,3,1,0.0002266234,2,Muzyka
Book a reservation for 8 at a restaurant that serves chicken fried bacon in Aruba,1,0,0,0.00020441654,2,Muzyka
Add this track to winnie's post metal playlist,0,3,1,0.00020188239,2,Muzyka
"What's the weather like in Boca Raton , IA",2,1,0,0.00016023687,2,Muzyka
Play me a song from 1972 by Sweet Emma Barrett,3,3,1,0.00017939499,2,Muzyka
I want to add a track to my Evening Groove playlist,0,3,1,0.00015925866,2,Muzyka
Play music on Spotify .,3,3,1,0.0002919487,2,Muzyka
Play a top-ten chant by Kelly Groucutt from 1964,3,3,1,0.00014873977,2,Muzyka
Add shake your rump to my concentración indie rock playlist,0,3,1,0.00017352737,2,Muzyka
Play The Galway Races on Netflix .,3,3,1,0.0005555426,2,Muzyka
play Miguelito top charting album,3,3,1,0.00011871167,2,Muzyka
Play gothic music,3,3,1,0.00011915194,2,Muzyka
add Nothing Fancy to Meditate to Sounds of Nature playlist,0,3,1,0.00027423853,2,Muzyka
Find a movie called Greatest Time of Year .,5,3,0,0.00011304989,2,Muzyka
Put a track by Ricky Martin into my 70s smash hits playlist.,0,3,1,0.00021100417,2,Muzyka
Play any song from 2006,3,3,1,0.0001267366,2,Muzyka
Play some music on Slacker,3,3,1,0.0001583443,2,Muzyka
Play some noise music on Netflix .,3,3,1,0.0005332047,2,Muzyka
what will the weather be at Mu Ko Phetra National Park on Administrative Professionals Day,2,1,0,0.00015929615,2,Muzyka
Play my Hype playlist on Youtube .,3,3,1,0.00030392053,2,Muzyka
play Mohammed Abdu from top 20,3,3,1,0.00013365265,2,Muzyka
"Will it be sunny in Eyota Hawaii on february seventh, 2025 ?",2,1,0,0.00014805222,2,Muzyka
Can you add Through the Darkness They March to my once upon a time playlist,0,3,1,0.00018441143,2,Muzyka
I'm looking for Paris Match,5,3,0,0.000118463555,2,Muzyka
Play a top twenty sort by Akinyele .,3,3,1,0.00015085343,2,Muzyka
add dimitri fampas 's song to my focus now,0,3,1,0.0002903895,2,Muzyka
add armistead burwell smith iv to Blues Masters,0,3,1,0.00023828183,2,Muzyka
I need a reservation for eight at The Original Soup Man in Northern Mariana Islands,1,0,0,0.00019056175,2,Muzyka
Play the last Wellman Braud album relaesd,3,3,1,0.00014290203,2,Muzyka
Will it rain here at 132209 ?,2,1,0,0.00016890792,2,Muzyka
add a track by Big Sha to my This Is Miranda Lambert playlist,0,3,1,0.00016942952,2,Muzyka
Add the fire and the wind to my Digster Future Hits playlist.,0,3,1,0.0002528741,2,Muzyka
I want my Reggae Infusions playlist to have Plaid Retina on it.,0,3,1,0.0003180868,2,Muzyka
What's the weather in Belize close to ten pm,2,1,0,0.00015111864,2,Muzyka
add Chrome Reflection to my throwback thursday playlist,0,3,1,0.00015383326,2,Muzyka
Play a movement from 1974 .,3,3,1,0.00023340946,2,Muzyka
Play me some music from 1999,3,3,1,0.00012821257,2,Muzyka
add als het om de liefde gaat to my this is handel playlist,0,3,1,0.0006202415,2,Muzyka
What's the weather in Andorra,2,1,0,0.00015606753,2,Muzyka
Add One Good Reason to the bachelor party playlist,0,3,1,0.000117973665,2,Muzyka
Are any films play at the Santikos Theatres,6,4,0,0.00013904177,2,Muzyka
Play a popular song by Willie Dixon on Groove Shark,3,3,1,0.00011238322,2,Muzyka
add the artist Pete Murray to my relaxing playlist,0,3,1,0.00019272334,2,Muzyka
Play the top fifty soundtrack from the twenties .,3,3,1,0.00012836489,2,Muzyka
add The Rough Guide to the Music of Eastern Europe to my This Is Philip Glass playlist,0,3,1,0.00027232646,2,Muzyka
add tune this is puccini to my playlist,0,3,1,0.0001880203,2,Muzyka
Play music from the album Evolution Of A Man by Joey Ramone,3,3,1,0.00015974982,2,Muzyka
Play the newest twenties melody .,3,3,1,0.00016885166,2,Muzyka
Play new movement from Mike Oldfield on Vimeo,3,3,1,0.00019733512,2,Muzyka
And a body to remember with gets a full 5 stars .,4,2,0,0.00014385616,2,Muzyka
Play Stevan Faddy on Google Music .,3,3,1,0.00039415126,2,Muzyka
Play Brenda Kahn 's Rushall Station .,3,3,1,0.00015066918,2,Muzyka
Add Kevin Cadogan to the 80s Classic Hits list,0,3,1,0.00020554068,2,Muzyka
Give the current essay 5 out of 6 points .,4,2,0,0.00014329705,2,Muzyka
Play some Rachel Stevens off of Itunes,3,3,1,0.00014096404,2,Muzyka
Play Furusato on Google Music .,3,3,1,0.00039257822,2,Muzyka
"Tell me when it will be chilly in Chicken , United Kingdom",2,1,0,0.00014126906,2,Muzyka
find the trailer for Live at Hull,5,3,0,0.0001467229,2,Muzyka
play Angela Winbush ep that is popular,3,3,1,0.00012998958,2,Muzyka
please book highly rated restaurant with food truck tuscan for me and adela in Hallam Indiana,1,0,0,0.00021990268,2,Muzyka
Is it going to be foggy at two am in Barberville,2,1,0,0.0001613339,2,Muzyka
find a trailer called Way Down Yonder in New Orleans,5,3,0,0.00013570691,2,Muzyka
Play a song from the thirties on Zvooq,3,3,1,0.00015151067,2,Muzyka
Is it going to be nicer next week in Hamel Belize,2,1,0,0.00017546694,2,Muzyka
I want you to put this track onto the playlist called throwback party .,0,3,1,0.00018747745,2,Muzyka
Reserve me seating midday at Bear Hotel,1,0,0,0.0001834309,2,Muzyka
What's the weather close to Cambodia at 054413,2,1,0,0.00015790656,2,Muzyka
when is The Fox and the Child playing in this cinema,6,4,0,0.00013161375,2,Muzyka
Play me something by Funtwo,3,3,1,0.0001338406,2,Muzyka
Book me a table at a top-rated tea house in Suriname,1,0,0,0.00020656938,2,Muzyka
Will you play my Nuestros 80 playlist,3,3,1,0.00034232557,2,Muzyka
Add tune to Classical Intimate Dinner,0,3,1,0.0001391694,2,Muzyka
Play Marche Lorraine by Rachael Lampa,3,3,1,0.00010697737,2,Muzyka
Play top-50 Peter Frampton songs,3,3,1,0.0001642062,2,Muzyka
Find Mahalakshmi Iyer music on Netflix,3,3,1,0.0009789993,2,Muzyka
Play some psychadelic music.,3,3,1,0.00030045345,2,Muzyka
add Fabri Fibra to The Birth of Cool,0,3,1,0.00019326388,2,Muzyka
Play the top-5 songs from Paddy Reilly on zvooq,3,3,1,0.00045086624,2,Muzyka
The trapaholics needs another artist added.,0,3,1,0.00017144693,2,Muzyka
show More Questions Than Answers trailer,5,3,0,0.00014444129,2,Muzyka
Play some sixties music.,3,3,1,0.00021447755,2,Muzyka
Add Jack Be Nimble to my reggae bombastic list,0,3,1,0.00033747446,2,Muzyka
Please play me something by New Wave Of American Heavy Metal,3,3,1,0.00011767037,2,Muzyka
add song to Trap Land,0,3,1,0.00012949116,2,Muzyka
"find Back for Good , a novel I want to read",5,3,0,0.00014758648,2,Muzyka
Add this track to my This Is Thomas Rhett playlist,0,3,1,0.00016329176,2,Muzyka
Add Stuck on Nothing to my Sax and the City playlist,0,3,1,0.00020288733,2,Muzyka
Find me an album called Rejoicing with the Light,5,3,0,0.00013505158,2,Muzyka
I give this textbook a 5,4,2,0,0.00014820466,2,Muzyka
What films are in the neighborhood,6,4,0,0.00012672385,2,Muzyka
list to the most popular Muireann Nic Amhlaoibh song,3,3,1,0.00026081508,2,Muzyka
I am rating this book under the series section a three out of 6 stars,4,2,0,0.00013428702,2,Muzyka
Can you tell me the weather forecast for three o'clock in DE,2,1,0,0.00014892229,2,Muzyka
"Out of a possiable 6 I give Jip, His Story a 0",4,2,0,0.00014073019,2,Muzyka
Add the artist Adam Deibert to my Perfect Concentration playlist.,0,3,1,0.00026451578,2,Muzyka
I need a table in East Timor for a party of nine at 5 North St,1,0,0,0.0001838711,2,Muzyka
Find a table close by in the downtown area for sherri and I,1,0,0,0.00017515064,2,Muzyka
Add to my list  the tune summer of love,0,3,1,0.0001627195,2,Muzyka
add space cowboy to my the funny thing about football is playlist,0,3,1,0.00021650798,2,Muzyka
play music by Shinji Miyazaki,3,3,1,0.00012829156,2,Muzyka
add Harry J to my dubstep dangles dirty,0,3,1,0.00016093986,2,Muzyka
"Will it be hotter in Conception Junction , Moldova ?",2,1,0,0.00017875149,2,Muzyka
Find the movie CURL,5,3,0,0.00010819208,2,Muzyka
Add New Wave Blues to my Push Button Funk playlist,0,3,1,0.00020256,2,Muzyka
add this song to clarice's latino caliente playlist,0,3,1,0.00017523117,2,Muzyka
Play the 1991 soundtrack from Ian Mcdonald,3,3,1,0.00013281377,2,Muzyka
find the trailer for On the Good Ship Lollipop,5,3,0,0.00014360652,2,Muzyka
Please play me Jerry Lee Lewis 's If You Say So track .,3,3,1,0.00017020706,2,Muzyka
I'm looking to reserve a table at a pasta restaurant in Serbia .,1,0,0,0.00021414898,2,Muzyka
Add Nightmares That Surface from Shallow Sleep to michael's Rock Solid playlist,0,3,1,0.000338295,2,Muzyka
Add a song to my playlist Independent Music Monday,0,3,1,0.00012209095,2,Muzyka
Add histoires sans paroles to my Women of K-Pop list,0,3,1,0.0006862613,2,Muzyka
The Latham Diaries deserves a rating value of 0 and a best rating of 6,4,2,0,0.0001436468,2,Muzyka
Play a 1964 track from Shahram Nazeri on Pandora .,3,3,1,0.00017577683,2,Muzyka
Let's play the album Handover on Deezer,3,3,1,0.00015331895,2,Muzyka
find the song Occasional Wife,5,3,0,0.00011789198,2,Muzyka
Proceed with Hitomi Nabatame music from 2003 .,3,3,1,0.00041278356,2,Muzyka
Where can I view the trailer Extreme – The Collection,5,3,0,0.00015362733,2,Muzyka
Play some Katiejane Garside on Vimeo .,3,3,1,0.0003396725,2,Muzyka
add Embryo to lessie's hands up,0,3,1,0.00021133719,2,Muzyka
Add a song to my playlist Impulso Creativo,0,3,1,0.00014013787,2,Muzyka
Play March Of The Soviet Tankmen from Gloria Gaither,3,3,1,0.00015923959,2,Muzyka
Play my Jazz Brasileiro playlist,3,3,1,0.00021526226,2,Muzyka
add lunacy to my chill out playlist,0,3,1,0.00024735907,2,Muzyka
What is the forecasted humidity in Ghana for Epiphany,2,1,0,0.0001878737,2,Muzyka
"add Aprite le finestre to my This Is Earth, Wind & Fire playlist",0,3,1,0.00034334353,2,Muzyka
Give this album 2 / 6 .,4,2,0,0.00014086746,2,Muzyka
Add artist Matt Noveskey to journey,0,3,1,0.00023420162,2,Muzyka
Can you add a track by David Wolfenberger to janell's all funked up playlist,0,3,1,0.00016623914,2,Muzyka
I'm looking for the last track by Fei Yu Ching from the fourties,3,3,1,0.00013796511,2,Muzyka
Add robin s to sxsw latin,0,3,1,0.00030054484,2,Muzyka
Play Alfredo Zitarrosa on spotify .,3,3,1,0.00029267423,2,Muzyka
please put this tune on the irish folk – jigs & reels playlist,0,3,1,0.0001135579,2,Muzyka
play Safe Rock And Roll Sucks on Lastfm,3,3,1,0.00017063612,2,Muzyka
What time is A Ball at the Anjo House playing,6,4,0,0.0001635917,2,Muzyka
Play a fifties album from Dj Yoda on Last Fm .,3,3,1,0.0001474219,2,Muzyka
Add Atticus Ross to the playlist electrosafari,0,3,1,0.0001603266,2,Muzyka
Play a song by Alasdair Roberts from 1996,3,3,1,0.00014961808,2,Muzyka
Add current track to hillary clinton's women's history month playlist,0,3,1,0.00017864918,2,Muzyka
this next essay is worth five,4,2,0,0.00019132483,2,Muzyka
Give the current novel 4 of 6 stars,4,2,0,0.00014612346,2,Muzyka
Add the tune by Cassie Ventura to my genre bender playlist,0,3,1,0.00016546309,2,Muzyka
play Paula Campbell music from 1993,3,3,1,0.00011170248,2,Muzyka
Play a 2001 tune,3,3,1,0.00013000179,2,Muzyka
what will the weather be like in Brownfield,2,1,0,0.00015097177,2,Muzyka
Add the song to the Mac 'N Cheese playlist.,0,3,1,0.0002219173,2,Muzyka
I want to hear Ready by Frankenstein Drag Queens From Planet 13,3,3,1,0.00012401181,2,Muzyka
I need a reservation for a churrascaria in Oneonta Wyoming for a party of 4,1,0,0,0.00017445552,2,Muzyka
Please play something on Last Fm,3,3,1,0.00014910355,2,Muzyka
want to watch the TV show Treeful of Starling,5,3,0,0.0001189466,2,Muzyka
Play me a seventies song,3,3,1,0.00012010759,2,Muzyka
play Bra Vibrationer by Dean,3,3,1,0.000110417,2,Muzyka
Play movement music by Monk Boudreaux on youtube,3,3,1,0.00015458895,2,Muzyka
Add track to my Peaceful Piano,0,3,1,0.00014500911,2,Muzyka
Add the album to the psychedelic rock playlist,0,3,1,0.00020266991,2,Muzyka
Please add Chris Frantz to Pop Rising list,0,3,1,0.00026858554,2,Muzyka
Add this artist to my This Is Philip Glass playlist,0,3,1,0.00018630228,2,Muzyka
add Monster Monster to my throwback thursday playlist,0,3,1,0.0001946807,2,Muzyka
Play twenties on Groove Shark,3,3,1,0.00012822232,2,Muzyka
Play a record from 2015,3,3,1,0.00013050344,2,Muzyka
put this track on soul bpm my playlist,0,3,1,0.00015719188,2,Muzyka
play a top 50 tune from the twenties by Willi Williams,3,3,1,0.00010150231,2,Muzyka
I'd like to listen to Space music,3,3,1,0.00022799081,2,Muzyka
give zero out of 6 stars to Smart Girls Get What They Want book,4,2,0,0.0001358698,2,Muzyka
"Let me hear the top album by the artist, Skin .",3,3,1,0.00016145971,2,Muzyka
What's the forecast for Georgia ?,2,1,0,0.00016564486,2,Muzyka
Add this tune to my post metal playlist,0,3,1,0.00017286788,2,Muzyka
Add the tune to bandas sonoras,0,3,1,0.00014074448,2,Muzyka
Add this artist to my Morning Rhythm playlist,0,3,1,0.00015268166,2,Muzyka
Can you add some morton feldman piano and string quartet to my global funk playlist,0,3,1,0.00033894536,2,Muzyka
Find me the novel titled Fertile Ground,5,3,0,0.00013243563,2,Muzyka
Add christopher lawrence to my Always Pop Punk playlist.,0,3,1,0.00033331808,2,Muzyka
add song to my mellow beats list,0,3,1,0.00021676374,2,Muzyka
book a spot for me and my great grandfather at a brasserie with a pool at 7 am,1,0,0,0.00019389742,2,Muzyka
I want to book a delicatessen serving testaroli in Somalia for 7/25/2027 .,1,0,0,0.0002321927,2,Muzyka
add count von cosels obsession to Jazzy Romance,0,3,1,0.00014818854,2,Muzyka
"rate the book A Girl, a Man, and a River a five",4,2,0,0.00012310437,2,Muzyka
I'd like hear the song Sit Down and Talk to Me,5,3,0,0.00013624076,2,Muzyka
Can the artist big mama thornton be put onto my Trabajo Relax playlist?,0,3,1,0.00013907188,2,Muzyka
Play me songs from agreable,3,3,1,0.00013126731,2,Muzyka
Will there be a blizzard in North Carolina,2,1,0,0.00016483807,2,Muzyka
Let me get the movie schedule for lunch time.,6,4,0,0.00015270527,2,Muzyka
Is it cloudy in the same area of Lynn Shore Reservation,2,1,0,0.00014747321,2,Muzyka
I want to add Mark Boston to my Power Walk list,0,3,1,0.00046925814,2,Muzyka
rate the book Whit a zero,4,2,0,0.00013909045,2,Muzyka
Play Have You Met Miss Jones by Nicole from Google Music .,3,3,1,0.00021044987,2,Muzyka
play Victoria Banks 's album,3,3,1,0.00012774083,2,Muzyka
Add track to novedades viernes sudamérica,0,3,1,0.0001830372,2,Muzyka
Please play This Is The Day by Brian Robertson .,3,3,1,0.0001301017,2,Muzyka
add megon mcdonough indie songs for slackers to my playlist artist,0,3,1,0.00019148197,2,Muzyka
Find a video game called Peaches discography .,5,3,0,0.00015139658,2,Muzyka
Add Firehouse to my acoustic soul list.,0,3,1,0.0010265018,2,Muzyka
Open Netflix and play David Frizzell,3,3,1,0.00027580818,2,Muzyka
Add a track to my classical feast playlist.,0,3,1,0.00022896455,2,Muzyka
Play some music from the thirties .,3,3,1,0.00021203273,2,Muzyka
add kasey chambers to my political punks playlist,0,3,1,0.0003548763,2,Muzyka
play the best Elizaveta Khripounova,3,3,1,0.00017230648,2,Muzyka
I would give this current novel a value of 3 and a rating of 6,4,2,0,0.00014197364,2,Muzyka
Play the most popular sort by ep by Brooke Fraser,3,3,1,0.0001143874,2,Muzyka
Put on Vimeo and play Kacapi Suling,3,3,1,0.00041491122,2,Muzyka
Play some songs from the fifties,3,3,1,0.00015141311,2,Muzyka
Play music on groove shark,3,3,1,0.00013605764,2,Muzyka
add Be Yourself Tonight to I Love My 90s Hip Hop,0,3,1,0.00019383726,2,Muzyka
add this extended play to Women's Lit playlist,0,3,1,0.00016654619,2,Muzyka
Use the service Zvooq to play top-10 by artist Coolio,3,3,1,0.0003110426,2,Muzyka
Please play Jag Vill Leva I Europa by porta,3,3,1,0.00012934158,2,Muzyka
rate The Little Book four stars,4,2,0,0.00014253006,2,Muzyka
Can you put freddie freeloader on the playlist instrumental madness,0,3,1,0.00016608552,2,Muzyka
Add this song to my novedades viernes sudamérica playlist,0,3,1,0.00013727548,2,Muzyka
Play music from Alison Sudol,3,3,1,0.00013769057,2,Muzyka
Find The Passion of Michel Foucault novel,5,3,0,0.0001337182,2,Muzyka
Please search the title The Twilight Saga Breaking Dawn Part 2 .,5,3,0,0.00015589109,2,Muzyka
Add tour generación rbd en vivo to the roadrunner rec new releases playlist.,0,3,1,0.00028243873,2,Muzyka
What time is Doc Savage The Man of Bronze playing,6,4,0,0.00015123475,2,Muzyka
Play chant music by Ira Losco on Iheart .,3,3,1,0.00017131079,2,Muzyka
I'd give the current essay five points,4,2,0,0.00013660136,2,Muzyka
add Contact to my nu metal playlist,0,3,1,0.00019392862,2,Muzyka
Add The Block Brochure Welcome to the Soil 6 onto my Café con Leche list,0,3,1,0.00047056604,2,Muzyka
Play Rob Mills album The Golden Archipelago .,3,3,1,0.0001242947,2,Muzyka
Will it be chilly in two hundred thirteen days at Dochū-Kōtsu Prefectural Natural Park,2,1,0,0.00017840305,2,Muzyka
I want to listen to the Music of Ghost in the Shell Stand Alone Complex,5,3,0,0.00012971788,2,Muzyka
Add artist to my Broken Heart,0,3,1,0.000120213546,2,Muzyka
how much hotter will it be once close to Namibia,2,1,0,0.00019102069,2,Muzyka
Add exorcising ghosts to joy's thrash attack playlist,0,3,1,0.00033765388,2,Muzyka
Add Madman to Trap Land playlist,0,3,1,0.00029154707,2,Muzyka
add Sara Carter to my Nothing But A Party R&B,0,3,1,0.00020679794,2,Muzyka
Play While The Gate Is Open .,3,3,1,0.00044994094,2,Muzyka
put United Abominations onto my rare groove playlist,0,3,1,0.00021600752,2,Muzyka
Play a ballad by Owen Pallett from the seventies on Slacker .,3,3,1,0.00014014792,2,Muzyka
Play some rock music on Youtube,3,3,1,0.00017486804,2,Muzyka
play a record from 1982,3,3,1,0.00015892193,2,Muzyka
I want to book an indoor brasserie within walking distance in ME .,1,0,0,0.00018538108,2,Muzyka
play 1981 tunes by Jiles Perry Richardson on Lastfm for theme music,3,3,1,0.00031410146,2,Muzyka
I need to add to the funk soul disco playlist my favorite artist,0,3,1,0.00014071727,2,Muzyka
Add some patrick stump to maritza's disco fever list,0,3,1,0.0002686909,2,Muzyka
Add First Issue to my your favorite slaughterhouse playlist,0,3,1,0.00017553511,2,Muzyka
Play Noctámbulo pl,3,3,1,0.00015227283,2,Muzyka
add this tune to my in the arms of a woman,0,3,1,0.000146685,2,Muzyka
Add this track to the Evening Commute playlist,0,3,1,0.00017116133,2,Muzyka
Play the top hits of 2016,3,3,1,0.000112044494,2,Muzyka
add artist John William Boone to my life's short; play fast playlist,0,3,1,0.00012620458,2,Muzyka
Play my Masters of Metal playlist on Spotify,3,3,1,0.00025758817,2,Muzyka
Find focus now list and add eylem to my playlist,0,3,1,0.00021457116,2,Muzyka
I need to hear some music from Spotify,3,3,1,0.00015629108,2,Muzyka
Add Yuna Ito to my Cena Elegante playlist,0,3,1,0.00028427455,2,Muzyka
Play Burhøns by Ernie C .,3,3,1,0.0001299313,2,Muzyka
add jan smit in endorphin rush,0,3,1,0.0009324139,2,Muzyka
put this Kes song on the feel good indie rock playlist,0,3,1,0.00013410173,2,Muzyka
Play my 70s Smash Hits playlist.,3,3,1,0.00023586919,2,Muzyka
Add Grey Cloudy Lies to the hip hop playlist.,0,3,1,0.00033846387,2,Muzyka
When will it be hot here,2,1,0,0.00015409764,2,Muzyka
Play a song off The Best Of Siouxsie & The Banshees by Faustino Oramas,3,3,1,0.00013517604,2,Muzyka
put paula abdul on Musica Española 2017,0,3,1,0.00020205713,2,Muzyka
Add this track to the Sin Ti playlist,0,3,1,0.00019680812,2,Muzyka
"Please book a restaurant for six members on Jul. 13, 2036",1,0,0,0.00021645351,2,Muzyka
What's the forecast for MT next week ?,2,1,0,0.00015546041,2,Muzyka
Play the most popular song by espen lind,3,3,1,0.00013409664,2,Muzyka
Play music from Hide,3,3,1,0.0001241381,2,Muzyka
Play my Piano Ballads playlist.,3,3,1,0.00020152863,2,Muzyka
add that was only yesterday the last ep to my Afternoon Train Ride playlist,0,3,1,0.00017132246,2,Muzyka
play music on Netflix,3,3,1,0.00015296832,2,Muzyka
Play a melody by Hagigat Rzayeva,3,3,1,0.00013093976,2,Muzyka
add Hot House to Have You Met Miss Jones,0,3,1,0.00018948647,2,Muzyka
Find a novel called On the Case with Paula Zahn .,5,3,0,0.00015213201,2,Muzyka
Play music from the eighties on Slacker .,3,3,1,0.00030115232,2,Muzyka
Play the best chant of 1975,3,3,1,0.0001719751,2,Muzyka
Add Mary Wells Sings My Guy to the electro sur playlist.,0,3,1,0.0004096667,2,Muzyka
Award Blood tables 2 points,4,2,0,0.00014280532,2,Muzyka
play Calico Skies by John Feinstein with Netflix,3,3,1,0.00024195216,2,Muzyka
I'd like to watch movies at the closest movie theatre,6,4,0,0.00013372237,2,Muzyka
"What will the weather be on April 9, 2037 in New Brunswick Botanical Garden ?",2,1,0,0.00017478407,2,Muzyka
I give Ruled Britannia a rating of five out of 6 .,4,2,0,0.00013002679,2,Muzyka
"What is the temperature for Montserrat On Sep. the fourth, 2024",2,1,0,0.00017325213,2,Muzyka
Please help me search the TV series A Mouse Divided .,5,3,0,0.00014774317,2,Muzyka
add post mortem to my timeless love songs playlist,0,3,1,0.00027691887,2,Muzyka
"What's the weather for April 10th, 2028 in Arkansas",2,1,0,0.00016149362,2,Muzyka
book an outdoor place for 11/1/2033 in town within walking distance of a brasserie for nine,1,0,0,0.00019483382,2,Muzyka
Add the album to the hot 50 playlist.,0,3,1,0.000315883,2,Muzyka
Play a concerto by Thekra .,3,3,1,0.00018722593,2,Muzyka
Add another track to my Catch 'Em All playlist.,0,3,1,0.00027532154,2,Muzyka
book a table for me and my step uncle in Malta at a cafeteria,1,0,0,0.00021082642,2,Muzyka
Book a table for 10 at the Dunbrody Country House Hotel in Serbia,1,0,0,0.00019499275,2,Muzyka
I want to hear something by Joe Dolce on Google Music,3,3,1,0.00026883467,2,Muzyka
add Beyond the Valley of 1984 in playlist Folk Music At The Gaslight Café,0,4,1,0.0009517028,2,Muzyka
Please put an album by Joseph Meyer on my POP GOES THE 80s playlist,0,3,1,0.00013358974,2,Muzyka
Play All Things Must Pass .,3,3,1,0.00016494251,2,Muzyka
I'd like to see the current showtimes for His Kind of Woman,6,4,0,0.0001413517,2,Muzyka
Play the tune by Adam Yauch,3,3,1,0.00011832055,2,Muzyka
Play some alternative music on Vimeo,3,3,1,0.00022972049,2,Muzyka
Play some Psychedelic Rock .,3,3,1,0.00019171917,2,Muzyka
I give the saga to The Woven Path 1 stars and a best rating of 6,4,2,0,0.00013547273,2,Muzyka
Book a restaurant in Donnelly,1,0,0,0.00026131218,2,Muzyka
Play music from the twenties .,3,3,1,0.000222907,2,Muzyka
Can you play me some Pop-folk music,3,3,1,0.00021973654,2,Muzyka
play Vimeo 2009 by Desmond Dekker,3,3,1,0.00012008543,2,Muzyka
where is The Adventure of the Yellow Curl Papers playing,6,4,0,0.0002777213,2,Muzyka
Please add tobymac 's song onto the indiespensables playlist.,0,3,1,0.00021259821,2,Muzyka
Play the most popular 1956 record .,3,3,1,0.00014369309,2,Muzyka
Add this track to the Sunshine Reggae playlist,0,3,1,0.00016526092,2,Muzyka
Add Deuce to my listas de éxitos playlist,0,3,1,0.00031516206,2,Muzyka
Add another tune to my Lo mejor del Rock de España playlist.,0,3,1,0.00018556794,2,Muzyka
Play me a concerto by Jethro Burns from Zvooq,3,3,1,0.00022552315,2,Muzyka
add sonntag to my Assassin's Creed,0,3,1,0.00019930962,2,Muzyka
play the top-twenty margaret becker songs with google music,3,3,1,0.00017813416,2,Muzyka
I want to hear some twenties music from Billy Sheehan,3,3,1,0.00013276184,2,Muzyka
I would rate this chronicle a value of 1 and a best rating of 6,4,2,0,0.0001421814,2,Muzyka
rate this essay four out of 6 points,4,2,0,0.00014080065,2,Muzyka
Add the Spirit of Life to nação reggae,0,3,1,0.0001956374,2,Muzyka
"Book me a reservation at a burger joint close-by Choate on july 16th, 2022",1,0,0,0.0001955535,2,Muzyka
add this tune by hart wand on this is wagner,0,3,1,0.00015543775,2,Muzyka
Add Falling Stars to my Intense Studying,0,3,1,0.0008355154,2,Muzyka
Play some 1982 movement music on Slacker,3,3,1,0.00018828092,2,Muzyka
find the closest cinema with animated movies,6,4,0,0.00014317817,2,Muzyka
FInd the movie schedule for nearby movies .,6,4,0,0.00012537443,2,Muzyka
I want to add Hind Etin to my La Mejor Música Dance 2017 playlist,0,3,1,0.00024478298,2,Muzyka
Play the most popular music from Nat Stuckey on Itunes .,3,3,1,0.00057300105,2,Muzyka
I want to listen to the album going back to the blue ridge mountains on iheart,3,3,1,0.00012260467,2,Muzyka
I'd like to see the album Heroes of Might and Magic IV,5,3,0,0.0001572605,2,Muzyka
What time is American Gun playing,6,4,0,0.00016051502,2,Muzyka
Add Sunday Express Live to workout playlist,0,3,1,0.00017131038,2,Muzyka
Play something from the jonathon lee movement,3,3,1,0.00012599798,2,Muzyka
Add A Gate Through Bloodstained Mirrors to feelin' good playlist,0,3,1,0.00017382673,2,Muzyka
Add 2012 Zwanzig Zwölf to my miami 2017 guest list,0,3,1,0.001154474,2,Muzyka
Play fifties music,3,3,1,0.00010790078,2,Muzyka
play music from the twenties with Slacker,3,3,1,0.00013180437,2,Muzyka
Play me a 2003 song by Charles Neidich,3,3,1,0.00021409623,2,Muzyka
Add Shelby Lynne to my playlist This Is Luis Fonsi,0,3,1,0.00023777298,2,Muzyka
Play the greatest record by Joe Purdy on Google Music,3,3,1,0.0002408988,2,Muzyka
rate Know Ye Not Agincourt ? 2 out of 6 stars,4,2,0,0.0001399088,2,Muzyka
add an album to playlist Emily Dickinson,0,3,1,0.00013398167,2,Muzyka
in Google Music play the top singles released in 1972,3,3,1,0.00023255368,2,Muzyka
Find the movie schedule for films in the area .,6,4,0,0.000121636614,2,Muzyka
Find time for movies at the closest cinema,6,4,0,0.00013049952,2,Muzyka
add The Open Door to autumn music,0,3,1,0.000100138896,2,Muzyka
Play me a song on Pandora,3,3,1,0.00016052475,2,Muzyka
Play some Instrumental music on the service Lastfm,3,3,1,0.00018499017,2,Muzyka
Use the service Lastfm to play music by the artist ai kago,3,3,1,0.0003222337,2,Muzyka
add all the years to Concentración,0,3,1,0.0004218701,2,Muzyka
show me Convicted,5,3,0,0.000107334854,2,Muzyka
Play a chant from 1978 .,3,3,1,0.00016050035,2,Muzyka
I give the previous series four stars .,4,2,0,0.0001393637,2,Muzyka
Add an artist to my playlist This Is Verdi,0,3,1,0.00018941493,2,Muzyka
Book a top-rated food court in GU .,1,0,0,0.00020312503,2,Muzyka
Add On with the Show to my Beast Mode playlist,0,3,1,0.0001708496,2,Muzyka
Let me know the movie times for films in the area .,6,4,0,0.00013011854,2,Muzyka
please put this artist into my Lo mejor de Radio 3 playlist,0,3,1,0.00014286774,2,Muzyka
Play something from 90s Pop Rock Essentials,3,3,1,0.00012185491,2,Muzyka
Play a 1964 symphony on Netflix .,3,3,1,0.00031939583,2,Muzyka
Put an album by max richter into my this is Rosana playlist.,0,3,1,0.0001807956,2,Muzyka
Add a Tom Thacker tune to my rock classics,0,3,1,0.00014052876,2,Muzyka
rate this series two of 6,4,2,0,0.00013706907,2,Muzyka
I want to hear gothic rock on Lastfm,3,3,1,0.00079846574,2,Muzyka
There can I find The Beggar Maid playing,6,4,0,0.00021352118,2,Muzyka
Rate In the Eyes of Mr. Fury zero of 6,4,2,0,0.00012850967,2,Muzyka
Give the current album on my playlist a rating of three .,4,2,0,0.0001397724,2,Muzyka
I want to make a reservation for a group of 4 at a churrascaria type spa,1,0,0,0.00017914358,2,Muzyka
put this track on Alok House Party playlist,0,3,1,0.00015387105,2,Muzyka
Add the Proof album to Cierra La Puerta playlist,0,3,1,0.00014815302,2,Muzyka
Play something by Duke Ellington from the seventies,3,3,1,0.00010271025,2,Muzyka
Add a track to summer of love,0,3,1,0.00013878294,2,Muzyka
What is the weather like in Phnom Sankos Wildlife Sanctuary,2,1,0,0.00015275039,2,Muzyka
add tune to my this is animal collective,0,3,1,0.00015387086,2,Muzyka
"I want to take christy, louise and alexandra to eat at 173804 anywhere in NE",1,0,0,0.00020057887,2,Muzyka
find a movie schedule,6,4,0,0.00013488795,2,Muzyka
I need some ambient music.,3,3,1,0.00062757067,2,Muzyka
what will the weather be within the same area of Weir Farm National Historic Site,2,1,0,0.00018050587,2,Muzyka
"Add Jerry Calliste, Jr to my Te quiero playlist.",0,3,1,0.0007118141,2,Muzyka
book a table for 4 at Fish Express,1,0,0,0.00018180264,2,Muzyka
Plan an album by Roni Duani .,3,3,1,0.00027823495,2,Muzyka
Who published the novel JamesEdition ?,5,3,0,0.00014602281,2,Muzyka
Can you make an addition to the Old Enough To Enjoy This playlist with Martin Barre ?,0,3,1,0.00023037817,2,Muzyka
Add this artist to fairy tales playlist,0,3,1,0.00020586986,2,Muzyka
book me a restaurant in Aransas Pass in seventeen hours,2,0,0,0.00032554334,2,Muzyka
shawn lane should be moved to my Cena con Amigos playlist,0,3,1,0.00027481807,2,Muzyka
I want to hear soundtrack music on Youtube from Helena Iren Michaelsen,3,3,1,0.00017692371,2,Muzyka
rate the current series a zero,4,2,0,0.00013586837,2,Muzyka
Put Mike McCready in the kitchen swagger playlist.,0,3,1,0.000628105,2,Muzyka
include pat smear on Guest List Engadget,0,3,1,0.00025504926,2,Muzyka
I want to see movie schedules at Plitt Theatres .,6,4,0,0.00012623945,2,Muzyka
Rate the current album 2 stars,4,2,0,0.00014784528,2,Muzyka
Add kaya newest track to my I Love My '00's R&B playlist,0,3,1,0.00016999723,2,Muzyka
Play my Black Sabbath The Dio Years playlist.,3,3,1,0.00015590955,2,Muzyka
play the best album from the seventies,3,3,1,0.00013164696,2,Muzyka
Lets hear some Dawood Sarkhosh from their The Power Of Your Love album from Groove Shark,3,3,1,0.000117998214,2,Muzyka
Rate the White Lies chronicle 0 stars,4,2,0,0.00013963664,2,Muzyka
put this tune by mark norman on my keep calm list,0,3,1,0.00014145716,2,Muzyka
Put petar georgiev kalica onto the Old School Hip Hop playlist.,0,3,1,0.00026032637,2,Muzyka
Play my 88 Keys playlist.,3,3,1,0.0001995916,2,Muzyka
Book me a reservation for Fatty Crew in 13 weeks in Haskell,1,0,0,0.00017224562,2,Muzyka
play some movement by Dj Spinna,3,3,1,0.000116713105,2,Muzyka
Find a table for 2 at a restaurant in Saint Vincent and the Grenadines,1,0,0,0.00019666462,2,Muzyka
Put this track from The Edge on my funk soul disco playlist,0,3,1,0.00013646657,2,Muzyka
add Dying Mapa I to Más Que Amigos,0,3,1,0.004226329,2,Muzyka
what animated movies are showing in the neighbourhood,6,4,0,0.000120099256,2,Muzyka
add song to Women of SXSW,0,3,1,0.00016625173,2,Muzyka
What's the weather forecast for Bothe-Napa Valley State Park close by february 20 ?,2,1,0,0.00014935964,2,Muzyka
Play the soundtrack for Back to the Future,5,3,0,0.0001425029,2,Muzyka
Add another song to daphne's retrowave outrun playlist.,0,3,1,0.00023211504,2,Muzyka
I'd like to hear chant songs from nineties,3,3,1,0.00014834285,2,Muzyka
Find movie times .,6,4,0,0.00013836351,2,Muzyka
play the best Becca,3,3,1,0.00015345681,2,Muzyka
put this album on my playlist titled dance hits,0,3,1,0.00013676754,2,Muzyka
Please play an album from 1987,3,3,1,0.00017662386,2,Muzyka
play music from the year 1979,3,3,1,0.00013804744,2,Muzyka
Add our little corner of the world music from gilmore girls to my The Funny Thing About Football Is playlist.,0,3,1,0.00022966875,2,Muzyka
I'd like to see the movie Edinburgh Evening News,5,3,0,0.00013105116,2,Muzyka
I want to hear something from the nineties by Alissa Musto on Groove Shark,3,3,1,9.344449e-05,2,Muzyka
Use pandora to play music from stano in the year 2005,3,3,1,0.0006983358,2,Muzyka
"I want to find a highly rated delicatessen in Childersburg , DE for one next February",1,0,0,0.00021896692,2,Muzyka
Start up my Pachangueo Total playlist.,3,3,1,0.00051598507,2,Muzyka
Play music off Netflix .,3,3,1,0.0002070779,2,Muzyka
What's the weather close-by Triumph,2,1,0,0.00012925858,2,Muzyka
Play a new ballad by Valy on Iheart,3,3,1,0.00012259875,2,Muzyka
play some Folk tunes,3,3,1,0.00018210581,2,Muzyka
I need a pub with a smoking room in Ucolo reserved.,1,0,0,0.00019000022,2,Muzyka
Open Deezer and play top 40 hits,3,3,1,0.00016481867,2,Muzyka
Use Groove Shark to play Krizz Kaliko,3,3,1,0.0005831616,2,Muzyka
Will it be foggy at sunset in Red Devil,2,1,0,0.0001458977,2,Muzyka
add thomas anders to my crossroad blues,0,3,1,0.0001764636,2,Muzyka
Add song to top 100 country tracks on spotify,0,3,1,0.00020510626,2,Muzyka
Add genocide to electronic bliss,0,3,1,0.00016899682,2,Muzyka
I want glam added to the ntc gym strong playlist,0,3,1,0.0001935583,2,Muzyka
Play Arif music from the fourties .,3,3,1,0.00021039191,2,Muzyka
play some papoose from 2003 on youtube,3,3,1,0.00021860765,2,Muzyka
Put the song playing on laverne's rapcaviar playlist,0,3,1,0.00019621933,2,Muzyka
Add album to my grandes unplugged,0,3,1,0.00012307882,2,Muzyka
Rate The Seventh Decade two of 6 points,4,2,0,0.00014128193,2,Muzyka
Play music on Lastfm,3,3,1,0.00023984193,2,Muzyka
add this Roy Orbison song onto Women of Comedy,0,3,1,0.00014715674,2,Muzyka
Add a norma jean tune to the Soul Revived playlist.,0,3,1,0.00018031306,2,Muzyka
Book a restaurant that serves vezione verro one second from now .,1,0,0,0.00021788575,2,Muzyka
Play Noche de chicas playlist,3,3,1,0.00027127154,2,Muzyka
Play Saturday Nights & Sunday Mornings,3,3,1,0.0001267675,2,Muzyka
What is the films with movie times in the area,6,4,0,0.00012403639,2,Muzyka
play the Ocelot record using Zvooq,3,3,1,0.0008003651,2,Muzyka
Where can I watch the trailer of the National Treasures - The Complete Singles,5,3,0,0.00014416671,2,Muzyka
Play Stefon Harris 's song .,3,3,1,0.00015421379,2,Muzyka
Turn on Spotify to Tiny Tim ep,3,3,1,0.00015876922,2,Muzyka
play The Necromancer,3,3,1,0.000114490555,2,Muzyka
show me NeuroToxicology,5,3,0,0.013705583,2,Muzyka
Add Joey Fatone to my Spotlight on Country 2016 playlist,0,3,1,0.00016620374,2,Muzyka
Use netflix to play a record by Emil Gilels from year 2015,3,3,1,0.00019787284,2,Muzyka
I want to watch Strange Brother,5,4,0,0.0006197773,2,Muzyka
I'd like johnny nash to be put into my playlist Always Pop Punk,0,3,1,0.00018882084,2,Muzyka
Rate The Bishop a 1,4,2,0,0.0001399774,2,Muzyka
Add this album to sheri's playlist journey,0,3,1,0.00017836197,2,Muzyka
Book a restaurant for 7 people.,1,0,0,0.00019488411,2,Muzyka
Play me Benjamin Kowalewicz 's top hits,3,3,1,0.00014219567,2,Muzyka
Play the album Jack Takes The Floor by Tom Lehrer on netflix,3,3,1,0.00011293174,2,Muzyka
Put Targeted in my Clapton Chronicles The Best of Eric Clapton playlist.,0,3,1,0.00025975858,2,Muzyka
Play music from 2012 on Netflix .,3,3,1,0.00036093473,2,Muzyka
add The Muppet Show 2 to my party through the decades,0,3,1,0.00017274437,2,Muzyka
Play ep from Quasimoto from the nineties,3,3,1,0.00017052765,2,Muzyka
find the video game called Turnin Me On,5,3,0,0.00012988028,2,Muzyka
Play the top-fifty theme songs by Dennis Brown .,3,3,1,0.00015328804,2,Muzyka
Add album to my party with friends,0,3,1,0.0001519612,2,Muzyka
Please play something catchy on Youtube,3,3,1,0.00013808988,2,Muzyka
play the song S.F. sound furniture,5,3,0,0.000118138894,2,Muzyka
add the artist Tomohisa Yamashita to the conexiones playlist,0,3,1,0.0001470026,2,Muzyka
give Mistborn The Well of Ascension four out of 6,4,2,0,0.0001471969,2,Muzyka
Play eighties music,3,3,1,0.00010826355,2,Muzyka
Add Metal Gear Solid 2 Sons of Liberty Soundtrack 2 The Other Side to edna st vincent millay,0,3,1,0.00016799352,2,Muzyka
Play Leanne Dobinson Right To Dream,3,3,1,0.00010976624,2,Muzyka
Play some good movement music by Brian Littrell from around 2001,3,3,1,0.00015082723,2,Muzyka
Book a reservation for Louisiana Fried Chicken this winter in Taiwan,1,0,0,0.00020461959,2,Muzyka
I want to listen to Merrily We Roll Along by Marko Desantis .,3,3,1,0.0001645194,2,Muzyka
Please open Zvooq,3,3,1,0.00018246424,2,Muzyka
add artist to my Phunkadelic playlist,0,3,1,0.00020929788,2,Muzyka
Play hanging in the balance by Nik Kershaw on Zvooq .,3,3,1,0.0004654568,2,Muzyka
I think this textbook should be rated 5 points,4,2,0,0.00013428606,2,Muzyka
Put journey to love onto Hip Hop 2017 New School .,0,3,1,0.00022433871,2,Muzyka
I give this essay 0 of 6 stars,4,2,0,0.00013936334,2,Muzyka
find movie times,6,4,0,0.00013998874,2,Muzyka
rate the current essay three of 6 points,4,2,0,0.00013909227,2,Muzyka
Add the singer Damon Johnson album to my African Heat playlists,0,3,1,0.00013768557,2,Muzyka
add the ragged curtain onto the playlist called party through the decades,0,3,1,0.00013770089,2,Muzyka
Rate the current album 3 points,4,2,0,0.00014211313,2,Muzyka
play music from the twenties,3,3,1,0.00013172007,2,Muzyka
I'm looking to book a table at a gastropub that serves vegetarian for me and my team,1,0,0,0.00018037288,2,Muzyka
What is the weather in Hadar,2,1,0,0.00014210238,2,Muzyka
ad Czarna dziewczyna to instrumental madness playlist,0,3,1,0.00053440745,2,Muzyka
I give a rating of 2 to the book Swine Not?,4,2,0,0.00014018266,2,Muzyka
What theater is showing From Paris with Love and when?,6,4,0,0.0001501372,2,Muzyka
I want to put sons of the sea on the pulse of americana playlist,0,3,1,0.0002198412,2,Muzyka
The enamorándose playlist needs another album .,0,3,1,0.00016093517,2,Muzyka
Play a record from 1950 .,3,3,1,0.00015000878,2,Muzyka
search for the song Banquet for the Damned,5,3,0,0.00010435724,2,Muzyka
add scarlet begonias to my para entrenar playlist,0,3,1,0.0004093633,2,Muzyka
book me a restaurant in Ware Shoals that serves russian tea cake,1,0,0,0.00020912453,2,Muzyka
Add tune to infinite indie folk,0,3,1,0.000114822375,2,Muzyka
find The Gamblers,5,3,0,0.00010748779,2,Muzyka
find the movie Take Another Picture,5,3,0,0.000110303285,2,Muzyka
Add this piece to my spotify orchestra cello playlist colors of the wind,0,3,1,0.00019608125,2,Muzyka
Add keine grenzen to New Metal Tracks,0,3,1,0.00027069202,2,Muzyka
Play Turbulence Wild Streetdanz from Jeff Buckley,3,3,1,0.00011731762,2,Muzyka
Is Cradle Robbers playing at the nearest movie theatre,6,4,0,0.00014119959,2,Muzyka
play a Keith Richards album,3,3,1,0.00013152264,2,Muzyka
I want to hear a top-50 track from Takahito Eguchi on Google Music,3,3,1,0.00015894097,2,Muzyka
put this tune playing into my La Mejor Música Dance 2017 playlist,0,3,1,0.00017560575,2,Muzyka
Rate the current textbook 1 of 6,4,2,0,0.00014583798,2,Muzyka
Put wreck of the tennessee gravy train in the Kids Workout playlist.,0,3,1,0.0005708107,2,Muzyka
listen to Westbam alumb Allergic on Google Music,3,3,1,0.00023397373,2,Muzyka
Play some music on Netflix,3,3,1,0.00020723445,2,Muzyka
I'd give A Man Called Ove a 1,4,2,0,0.00013040839,2,Muzyka
use Netflix to play Michael White tune from 1955,3,3,1,0.0011004696,2,Muzyka
Add more David Wolfenberger to my Duetos playlist.,0,3,1,0.0005259083,2,Muzyka
I would rate this album a zero and give it a best rating of 6,4,2,0,0.00013626854,2,Muzyka
Please play me a popular track from 1984 .,3,3,1,0.00016193635,2,Muzyka
play any sixties song,3,3,1,0.00012329279,2,Muzyka
Play Crossroad Blues .,3,3,1,0.00018172126,2,Muzyka
Put the artist Pat Monahan onto the emily dickinson playlist.,0,3,1,0.0002467585,2,Muzyka
I'd like to add this album to funtime .,0,3,1,0.0001749137,2,Muzyka
Book a restaurant at a steakhouse around in town that serves empanada for me and my son,1,0,0,0.0001872791,2,Muzyka
Please use Itunes to play something from 1986,3,3,1,0.00020021644,2,Muzyka
Play music off Netflix .,3,3,1,0.0002070779,2,Muzyka
I want to hear a top ten soundtrack from 1984 by Shinehead,3,3,1,0.0001364672,2,Muzyka
add décadas to my list Neo da Matrix,0,3,1,0.0002789052,2,Muzyka
Give me the movie times at Warren Theatres .,6,4,0,0.00012673544,2,Muzyka
play Jill Sobule album,3,3,1,0.00011858368,2,Muzyka
Can you put this tune onto Latin Dance Cardio ?,0,3,1,0.00014700112,2,Muzyka
put this tune on Guest List TaKe,0,3,1,9.800084e-05,2,Muzyka
Show the Put Yourself in His Place game,5,3,0,0.00014375211,2,Muzyka
Add all together now to my playlist the road to punk rock,0,3,1,0.00017035854,2,Muzyka
Add no more sorrow to Ultra Metal,0,3,1,0.00017174313,2,Muzyka
I would like to book an AMerican Samoa restaurant for 8,1,0,0,0.00020514501,2,Muzyka
Play some seventies songs from Joseph Genaro on Google Music,3,3,1,0.0003132799,2,Muzyka
Play something by Louisiana Blues,3,3,1,9.063206e-05,2,Muzyka
"I need a table for me, violet and maude at a restaurant in NE",1,0,0,0.00019516563,2,Muzyka
Can you play Under The Anheuser Bush by Pete Doherty,3,3,1,0.0002960839,2,Muzyka
Add artist to my Texas Red Dirt playlist,0,3,1,0.00017332319,2,Muzyka
Add shi xin hui to my piano chill playlist.,0,3,1,0.00055160135,2,Muzyka
Play the album Vibrations by Marion Elise Raven,3,3,1,0.0001235608,2,Muzyka
Play me an ep from 2005 .,3,3,1,0.00023306473,2,Muzyka
add slave to the rhythm to the playlist Massive Soca Hits,0,3,1,0.00015938347,2,Muzyka
I want to put goldy mcjohn on my Rock Party playlist,0,3,1,0.0001781377,2,Muzyka
I'd like to eat around ID on august the 16th with a party of 8,1,0,0,0.00018374105,2,Muzyka
find films at Alamo Drafthouse Cinema,6,4,0,0.00013594597,2,Muzyka
Play some fourties music on vimeo,3,3,1,0.0003895616,2,Muzyka
Play music from 2011 .,3,3,1,0.00018328731,2,Muzyka
Add Vyechnyy strannik to lo que suena new york,0,3,1,0.00021001513,2,Muzyka
Play top-twenty fourties movement music by Mohammad Reza Lotfi .,3,3,1,0.00011879058,2,Muzyka
Play Elkie Brooks seventies sound track,3,3,1,0.0001198598,2,Muzyka
Can I hear Anna Vissi 's new music on Pandora ?,3,3,1,0.00024551302,2,Muzyka
I want to hear music from carman from the 1966 album,3,3,1,0.00018673069,2,Muzyka
What's the weather now in Salmon Lake State Park,2,1,0,0.00015126723,2,Muzyka
book a restaurant that serves trottole in Tillicum,1,0,0,0.00025708802,2,Muzyka
add this song by Chieko Ochi to the drum & breaks playlist,0,3,1,0.00019697894,2,Muzyka
Let me hear the Live From The Ghetto album by Beau Jocque .,3,3,1,0.00015832686,2,Muzyka
please put Book of Love on my NTC High Intensity Training Tracks playlist,0,3,1,0.00015999487,2,Muzyka
Play Elitsa Todorova music,3,3,1,0.00011627194,2,Muzyka
book a spot for five in the same area as 72nd St,1,0,0,0.00018627718,2,Muzyka
play the last Niney The Observer song,3,3,1,0.00011272332,2,Muzyka
Play Rob Dougan on youtube,3,3,1,0.0001550971,2,Muzyka
add this teddy charles album to this is pavarotti my playlist,0,3,1,0.000174007,2,Muzyka
add Olga Souza to virginia's femme fatale playlist,0,3,1,0.0005058152,2,Muzyka
Play me the last 1980 record by Brenda Kahn,3,3,1,0.00015389366,2,Muzyka
I need to see Cristo in India,5,4,0,0.00026236498,2,Muzyka
Give this textbook four stars .,4,2,0,0.00014598035,2,Muzyka
show creative picture of Wonderful Town,5,3,0,0.00018081756,2,Muzyka
Play some Tony Grant .,3,3,1,0.00017669244,2,Muzyka
Open itunes and play Ben Burnley Ready To Die,3,3,1,0.00018130895,2,Muzyka
Please play my ecstatic playlist.,3,3,1,0.00023293924,2,Muzyka
Add iene miene mutte to Women of R&B playlist,0,3,1,0.00033529842,2,Muzyka
Play some music from the fourties .,3,3,1,0.00021459007,2,Muzyka
Play me a Maia Hirasawa soundtrack from 1951,3,3,1,0.00016903573,2,Muzyka
Play me something Miles Davis did with a symphony,3,3,1,0.0002756001,2,Muzyka
I want to put this song in my new boots playlist,0,3,1,0.00014664956,2,Muzyka
Add naseer shamma to piano chill,0,3,1,0.0002551848,2,Muzyka
Find the show titled The Most Charming and Attractive,5,3,0,0.00011859906,2,Muzyka
add country nights by A Journal of the Plague Year to playlist,0,3,1,0.0003337497,2,Muzyka
Add artist hex hector to my old school death metal playlist,0,3,1,0.0002044215,2,Muzyka
Add this album to Old School Death Metal,0,3,1,0.00018689182,2,Muzyka
add Butterfly House to nu metal,0,3,1,0.00018578004,2,Muzyka
Add Candlelight to my House Afterwork playlist.,0,3,1,0.00032378625,2,Muzyka
what is the Bethany Beach forecast,2,1,0,0.00014877615,2,Muzyka
Play me some Terror music,3,3,1,0.00018320199,2,Muzyka
find animated movies at the nearest movie theatre,6,4,0,0.0001313939,2,Muzyka
Play a top five Linda Strawberry ep,3,3,1,0.00015643421,2,Muzyka
The Sleep Machine Rainforest playlist needs another tune,0,3,1,0.00012317463,2,Muzyka
"When will it be warmer in White Horse , Mauritius",2,1,0,0.00016023463,2,Muzyka
"find Wild Solutions , a saga",5,3,0,0.00014460043,2,Muzyka
Play Elastic Love by Junior Marvin,3,3,1,0.00010336551,2,Muzyka
Play jazz music by Zvooq,3,3,1,0.00011765431,2,Muzyka
Play the newest chant by John Doyle on Zvooq,3,3,1,0.00020974247,2,Muzyka
Show me the book F-1 Grand Prix Part II,5,3,0,0.0001885342,2,Muzyka
Add Jonathan Arons to my Indie Electronics playlist,0,3,1,0.0002772997,2,Muzyka
Will there be fog not far from Mexico on Apr. 27,2,1,0,0.00018245477,2,Muzyka
"Rate The Astonishing Life of Octavian Nothing, Traitor to the Nation, Volume II The Kingdom on the Waves series 2 points",4,2,0,0.00014900224,2,Muzyka
add Muzika za decu to my Crash Course playlist,0,3,1,0.00034866427,2,Muzyka
Can you play a Sammy Fain ep,3,3,1,0.00011641239,2,Muzyka
Find me the movie schedules,6,4,0,0.00012973431,2,Muzyka
play twenties music off of my Itunes,3,3,1,0.00013188944,2,Muzyka
Find the television show To Me,5,3,0,0.00012674177,2,Muzyka
I want to hear La Jaula De Oro by Mc Ren on Google Music .,3,3,1,0.0013089579,2,Muzyka
Book osteria restaurant for 1 person in MI .,1,0,0,0.00021004489,2,Muzyka
I need a reservation for 8 at a top-rated restaurant in Hagaman,1,0,0,0.00018795607,2,Muzyka
Add Der K und K Kalypso aus Wien to vonda's playlist Pura Vida,0,3,1,0.0002108395,2,Muzyka
Add tune to Reggae Infusions,0,3,1,0.0001192625,2,Muzyka
Play a popular sound track by Joe Pass on Itunes .,3,3,1,0.00023144776,2,Muzyka
Play a 2001 sound track on Deezer .,3,3,1,0.00023721514,2,Muzyka
Show me the photograph Johnny Cash The Complete Columbia Album Collection,5,3,0,0.00016445457,2,Muzyka
add an album in my playlist In The Name Of Blues,0,3,1,0.00017182073,2,Muzyka
Add the chris clark tune to my women of the blues playlist.,0,3,1,0.00023269164,2,Muzyka
add this song to enid's romántica playlist,0,3,1,0.00018818078,2,Muzyka
Will it be hotter in PR at 23 o'clock ?,2,1,0,0.00017495289,2,Muzyka
add song to Daily Lift playlist,0,3,1,0.00015357908,2,Muzyka
add this track to krystal's piano 100,0,3,1,0.0002561321,2,Muzyka
add satisfied to my Rockin' Vibes playlist,0,3,1,0.00025402993,2,Muzyka
Play some seventies music on netflix .,3,3,1,0.0006036471,2,Muzyka
Add this tune to my Top 100 Rock Tracks on Spotify,0,3,1,0.00019168878,2,Muzyka
I want to hear some The Roches,3,3,1,0.00014350138,2,Muzyka
Add kent james to the disney soundtrack.,0,3,1,0.00025321066,2,Muzyka
Will it be sunny in Spain on 3/26/2023 ?,2,1,0,0.00017684246,2,Muzyka
Add Barbara to the metal xplorer playlist.,0,3,1,0.00027903556,2,Muzyka
Add Ronski Speed to sweet soul chillout,0,3,1,0.00020205238,2,Muzyka
add this album to my Mediodía Acústico playlist,0,3,1,0.00017337399,2,Muzyka
Add cecil womack to my 50 Great Female Voices playlist.,0,3,1,0.00051813,2,Muzyka
play some good amber gristak on Lastfm,3,3,1,0.00022420553,2,Muzyka
Play some music from 1985 by Rolf Harris,3,3,1,0.000108521206,2,Muzyka
Play Zvooq,3,3,1,0.00011760356,2,Muzyka
Show films at the nearest cinema,6,4,0,0.0001458503,2,Muzyka
Start playing something off Spotify,3,3,1,0.00027155707,2,Muzyka
Can I hear a movement by rookantha gunathilake on the Vimeo service?,3,3,1,0.00076485926,2,Muzyka
Check movie schedules and find which animated movies are being aired in the neighborhood movie halls.,6,4,0,0.00012809859,2,Muzyka
Add mr j medeiros to my Women of Country playlist.,0,3,1,0.000781081,2,Muzyka
book a table for 7 at a churrascaria that is highly rated,1,0,0,0.00018394287,2,Muzyka
"I'd like to hear music from 1951 , preferably a soundtrack .",3,3,1,0.00017615467,2,Muzyka
play some synthpop,3,3,1,0.00015210595,2,Muzyka
add this song to cleaning,0,3,1,0.00013412254,2,Muzyka
Find THUNDER IN THE EAST .,5,3,0,0.00037547288,2,Muzyka
put this artist onto political punks .,0,3,1,0.00023282516,2,Muzyka
find films in 12 hours at the nearest movie theatre,6,4,0,0.00013050043,2,Muzyka
Listen to music from 1975,3,3,1,0.00014586851,2,Muzyka
Give this chronicle a 4,4,2,0,0.00014470205,2,Muzyka
The Far Side of the World chronicle deserves three out of 6 points .,4,2,0,0.0001397728,2,Muzyka
I'm in the mood to listen to meditative music.,3,3,1,0.0024086062,2,Muzyka
play Angelo Amorevoli,3,3,1,0.00010770426,2,Muzyka
I want to hear This Is The Night from Proof,3,3,1,0.00014757368,2,Muzyka
Give this album a rating of 4 .,4,2,0,0.0001437172,2,Muzyka
Can you find the show The Dumping Ground Survival Files,5,3,0,0.00010213926,2,Muzyka
I want to listen to the soundtrack Adobe Digital Editions,5,3,0,0.00018171566,2,Muzyka
I need the movie schedules for Century Theatres,6,4,0,0.00012283452,2,Muzyka
Is it humid in Kuwait,2,1,0,0.00018352664,2,Muzyka
Can you add a tune to my Jazzy Romance playlist,0,3,1,0.0001656919,2,Muzyka
Play music in the genre soundtrack,3,3,1,0.00013038606,2,Muzyka
Add a track to my playlist funk outta here,0,3,1,0.00014000996,2,Muzyka
play some popular bryan gregory songs,3,3,1,0.00016478941,2,Muzyka
find an album called From the Terrace,5,3,0,0.00012176621,2,Muzyka
Can you give me the forecast for 1015 in Paraguay,2,1,0,0.00017962528,2,Muzyka
Play Deezer,3,3,1,0.00014067418,2,Muzyka
I need a table in your position at churrascaria for a hot dog in the same area,1,0,0,0.0001764157,2,Muzyka
Play the Busco Un Pueblo album,3,3,1,0.00010714333,2,Muzyka
Play a 1998 sound track from Sam The Kid on Last Fm,3,3,1,0.00016161504,2,Muzyka
When is Game in the Sand playing at the movie house ?,6,4,0,0.00013939459,2,Muzyka
Add Rodriguez artist to my mujeres y hombres y fiesta playlist,0,3,1,0.0002317134,2,Muzyka
Proceed with music from 2003 .,3,3,1,0.00024972644,2,Muzyka
add iemand als jij to my playlist named In The Name Of Blues,0,3,1,0.00022490948,2,Muzyka
Put a Paul Hardcastle song in my classic jazz funk playlist.,0,3,1,0.0002585782,2,Muzyka
Give the current series a two,4,2,0,0.00013868429,2,Muzyka
add Puzzles Like You in my playlist Reggae,0,3,1,0.0004630533,2,Muzyka
Play the top-5 sort of ballad music from 2012 .,3,3,1,0.00015876176,2,Muzyka
What is the movie schedule for animated movies in the area,6,4,0,0.00011870457,2,Muzyka
Will it be windy in Tequesta ?,2,1,0,0.00018934846,2,Muzyka
add artist to acoustic soul,0,3,1,0.00011903413,2,Muzyka
Is it forecast to be temperate here ?,2,1,0,0.00017753447,2,Muzyka
Play the Mother Lode by Tamio Okuda,3,3,1,0.00012689692,2,Muzyka
the previous book is five out of 6 stars,4,2,0,0.00013693568,2,Muzyka
I want to add In the Mood to my playlist called My Folksy Love,0,3,1,0.00017394275,2,Muzyka
Show me The Lord of the Isles,5,3,0,0.00018470707,2,Muzyka
play Who Do You Think You Are by Magnifico with spotify,3,3,1,0.00017247966,2,Muzyka
Please get me Stories from the English and Scottish Ballads show .,5,3,0,0.00016226295,2,Muzyka
add songs tune in Reggae Infusions,0,3,1,0.00012390543,2,Muzyka
add this track to tameka's dance playlist,0,3,1,0.00021468053,2,Muzyka
A Writing Kind of Day deserves three points and a best rating of 6,4,2,0,0.00014162771,2,Muzyka
book a highly rated place for my momy and I for mughlai food at a restaurant,1,0,0,0.00018369066,2,Muzyka
I want a table for 4 in Florida,1,0,0,0.00018589015,2,Muzyka
add track to my global top 50,0,3,1,0.00016571979,2,Muzyka
search for the painting Hess A Biography,5,3,0,0.00014221866,2,Muzyka
I want to add a song by w c clark to my nerding around playlist,0,3,1,0.00016856367,2,Muzyka
play Frankie Laine,3,3,1,0.0001094604,2,Muzyka
add this song to the Novedades Pop playlist,0,3,1,0.00017134835,2,Muzyka
Play a Bob Burns song,3,3,1,0.00012697787,2,Muzyka
this saga is definitely worth 4 stars .,4,2,0,0.00013586982,2,Muzyka
Add however much i booze to my playlist called atmospheric black metal,0,3,1,0.000200618,2,Muzyka
Add the artist jill vidal to my Sinfonía Hipster playlist,0,3,1,0.00014943787,2,Muzyka
add Roger Nichols to Punk Rock Workout,0,3,1,0.00030383808,2,Muzyka
What is the TV show This Is Halloween ?,5,3,0,0.00013075415,2,Muzyka
how much rain are we getting in current position,2,1,0,0.00013799594,2,Muzyka
I need to book a restaurant that has wifi far from TX for me and my parents,1,0,0,0.00019759305,2,Muzyka
Play a twenties concerto from Roger Taylor on deezer,3,3,1,0.00013631476,2,Muzyka
Add julian taylor to my latin dance cardio list,0,3,1,0.00020474642,2,Muzyka
add Diarios de Bicicleta to my la la playlist,0,3,1,0.00054967,2,Muzyka
I give The Vinyl Cafe Notebooks a 0 of 6,4,2,0,0.00014045558,2,Muzyka
Give Letty Fox Her Luck 4 out of 6 stars,4,2,0,0.00013902379,2,Muzyka
find Home Fires,5,4,0,0.000716683,2,Muzyka
add Księga Urodzaju to abigail's Concentración,0,3,1,0.00019039754,2,Muzyka
Is it going to be sunny at five pm in Chatyrkul Wildlife Refuge,2,1,0,0.00014718519,2,Muzyka
add this song to my playlist under Funky Jams,0,3,1,0.00021941768,2,Muzyka
Rate the current book 5 of 6 points,4,2,0,0.00014190475,2,Muzyka
Where can I buy the soundtrack Bridge of Souls,5,3,0,0.00012949762,2,Muzyka
Put some Stu Phillips in the women of acoustic playlist.,0,3,1,0.00026562306,2,Muzyka
Play the most popular track from Valery Alexandrovich Kipelov,3,3,1,0.00014530437,2,Muzyka
play some Spotify by Danni Bassan,3,3,1,0.00019091237,2,Muzyka
add artist abdel halim hafez to my conexiones playlist,0,3,1,0.00024281423,2,Muzyka
Play music from the list Indie Electronics,3,3,1,0.00015255871,2,Muzyka
Is The Big Job playing at the nearest cinema ?,6,4,0,0.00013779501,2,Muzyka
Play some thirties music on Netflix .,3,3,1,0.0005143256,2,Muzyka
Play some P. J. Proby,3,3,1,0.00013721237,2,Muzyka
Play Elizeth Cardoso to my Nothing But A Party R&B playlist,0,3,1,0.00013815176,2,Muzyka
Play music from the track She Came In Through The Bathroom Window,3,3,1,0.00019208515,2,Muzyka
Add song to my pure rock & roll,0,3,1,0.00013637019,2,Muzyka
I'd like to see weather conditions for Ennis .,2,1,0,0.00015606733,2,Muzyka
"Where can I purchase Papers in Regional Science , the album ?",5,3,0,0.0001884035,2,Muzyka
can i have the movie schedule for IMAX Corporation,6,4,0,0.00013849525,2,Muzyka
I want another track added to the Korean OSTs playlist.,0,3,1,0.00018651504,2,Muzyka
add adele onto funtime activity playlist,0,3,1,0.00019699891,2,Muzyka
For playlist todo latino add Absolutely Sweet Marie,0,3,1,0.00024276646,2,Muzyka
play some fourties Andrew Lloyd Webber on Groove Shark,3,3,1,0.0001586746,2,Muzyka
play songs from the sixties,3,3,1,0.00015002041,2,Muzyka
play Andy White,3,3,1,0.00012211026,2,Muzyka
What is the nearest movie theatre playing Stray Cat Rock Wild Jumbo in 7 seconds,6,4,0,0.00012871457,2,Muzyka
Play popular eighties record,3,3,1,0.00011516145,2,Muzyka
add this song to my workout playlist,0,3,1,0.0001499022,2,Muzyka
add xiang xiang album to my Madden NFL 16,0,3,1,0.00015108437,2,Muzyka
Play The Wizard And I on Zvooq,3,3,1,0.00015501106,2,Muzyka
Play any song from 2001,3,3,1,0.000115619274,2,Muzyka
Play music on Deezer by Imogen Heap,3,3,1,0.00012816896,2,Muzyka
book a spot for nine near Togo,1,0,0,0.00020958886,2,Muzyka
