text,true_label_original,pred_label_mapped,is_ood_true,ood_score,fold,scenario
this horrible essay gets zero out of 6 stars,4,4,0,0.00014321996,1,Kino
Add silver apples to teh sin estrés playlist.,0,0,0,0.0001499506,1,Kino
Can you pull up The Sanford Herald,5,3,1,0.0002819633,1,Kino
look for the creative work Meltdown – Days of Destruction,5,0,1,0.0068445834,1,Kino
find the TV series The Parent Trap IV Hawaiian Honeymoon,5,3,1,0.0003349611,1,Kino
Find movie schedules for animated movies in the area,6,2,1,0.0018335725,1,Kino
show game Alien Breed II - The Horror Continues,5,3,1,0.0009436796,1,Kino
find the novel Meg and Seron,5,3,1,0.0005522956,1,Kino
"How's the weather in Grisdale , Bangladesh ?",2,2,0,0.00011330581,1,Kino
"find Back to Boomtown Classic Rats Hits , a soundtrack",5,3,1,0.0006797314,1,Kino
is Tomorrow at Dawn at Harkins Theatres,6,2,1,0.000106946936,1,Kino
Show me the TV show Have a Nice Day,5,2,1,0.0002747542,1,Kino
Weather for Cougar Canyon Wilderness,2,2,0,0.00011587859,1,Kino
Is it going to get windy today in Tunisia ?,2,2,0,0.000117934906,1,Kino
Play me an album by Lunchbox,5,3,1,0.00010276643,1,Kino
rate this essay one out of 6 stars,4,4,0,0.00015425432,1,Kino
I'd like to hear Helen Baylor,3,3,0,8.5186206e-05,1,Kino
whats the forecast for Greece,2,2,0,0.00012701942,1,Kino
Can you find me the Stand Proud book ?,5,3,1,0.0031811437,1,Kino
Show me the movie times for films nearby .,6,2,1,0.013325486,1,Kino
does Red e Toby nemiciamici start thirteen hours from now,6,2,1,0.0003285511,1,Kino
What is the forecast this evening for the Calipuy National Reservation,2,2,0,0.00011542811,1,Kino
Show me the movie schedule for Loews Cineplex .,6,2,1,0.0009309596,1,Kino
I want television show Come Again Smith,5,3,1,0.00023186643,1,Kino
Find The Photographic Journal .,5,3,1,0.030181466,1,Kino
I want to add Digital Line to my playlist called Infantil,0,0,0,0.00013181804,1,Kino
show song Black Heart White Soul,5,3,1,0.0001493834,1,Kino
find movie times nearby for animated movies,6,1,1,0.0003602573,1,Kino
What will the weather be like here next week ?,2,2,0,0.00012108638,1,Kino
add rob tyner to betsy's We Everywhere,0,0,0,0.00012037511,1,Kino
Where can I purchase the saga The Second Life of Samuel Tyne,5,1,1,0.0011399402,1,Kino
I need a reservation for The French Laundry in OH for six,1,1,0,0.00020348764,1,Kino
Find the schedule for films in the neighborhood .,6,2,1,0.0010271302,1,Kino
showtimes for the closest movie theatre that is showing Operation Autumn,6,1,1,0.00017228113,1,Kino
add Animal Stories to maryanne's by Per Yngve Ohlin,0,0,0,0.00016211474,1,Kino
Will there be a snowstorm in Taberville,2,2,0,0.000120846984,1,Kino
What is the movie times,6,2,1,0.00027966575,1,Kino
play the video game The Sparrow,5,3,1,0.0001232302,1,Kino
"find The Ultimate Gift , a television show",5,3,1,0.00018009494,1,Kino
need a table now somewhere nearby Petit Manan National Wildlife Refuge,2,1,0,0.00014783422,1,Kino
Add this track to my Rock Hard playlist,0,0,0,0.00012565954,1,Kino
I need a reservation for National Coney Island with a party of 8 in NV,1,1,0,0.00017766474,1,Kino
Where is All Night Long 3 playing 1 hour from now,6,3,1,0.000121056044,1,Kino
I'd like to see the saga 12 Soulful Nights of Christmas,5,3,1,0.00024164151,1,Kino
Ad Amal Hijazi tune to my Pura Vida,0,0,0,0.00011711163,1,Kino
What are the movie schedule for the movies in the neighborhood,6,2,1,0.0001870182,1,Kino
what's the closest movie house showing animated movies,6,1,1,0.0005451633,1,Kino
Rate Shadow of Night a 1,4,4,0,0.00013027548,1,Kino
Show me KurdishMedia.com,5,3,1,0.017872471,1,Kino
add this song to the Pre-Party playlist,0,0,0,0.00012788706,1,Kino
Show the TV show The Last Samurai .,5,3,1,0.0018889749,1,Kino
add abrar ul haq to Confidence Boost,0,0,0,0.00013039322,1,Kino
"Will there be a lot of wind far away from here on Sep. the twenty-third, 2021",2,2,0,0.00010907123,1,Kino
rate The Confidence-Man 3 points,4,4,0,0.00014604506,1,Kino
What animated movies can I see at AMC Theatres ?,6,3,1,0.02404001,1,Kino
Show the Bean and the Boys painting,5,3,1,0.13152304,1,Kino
Which movie theatre with Clean and Sober is closest to me?,6,1,1,0.00023710108,1,Kino
add villotta to The MetalSucks Playlist playlist,0,0,0,0.00012889192,1,Kino
what is the forecast for Tschetter Colony on Ascension Day in Oregon,2,2,0,0.000110897345,1,Kino
Find the movie schedule for close by films .,6,2,1,0.0008476903,1,Kino
Is Proudly She Marches playing anywhere?,6,3,1,0.00025206144,1,Kino
Book a table for two at a restaurant faraway from office in California .,1,1,0,0.00016608842,1,Kino
I give The Savage Mind a rating of zero out of 6 points .,4,4,0,0.00013401778,1,Kino
Find the Pop Has Freed Us saga,5,3,1,0.0019430497,1,Kino
Show the movie schedules at KB Theatres,6,2,1,0.00060296827,1,Kino
play some Gary Lee Conner,3,3,0,9.9313074e-05,1,Kino
Will there be a blizzard in Chapel Point State Park or in the same area,2,2,0,0.00011486188,1,Kino
"Book me a reservation at a burger joint close-by Choate on july 16th, 2022",1,1,0,0.00016715408,1,Kino
What channel does the television show The RoxBox play on?,5,3,1,0.0010602167,1,Kino
What is the TV show This Is Halloween ?,5,2,1,0.0007128989,1,Kino
add The Darkest Red to this is jennifer lopez,0,0,0,0.00012238925,1,Kino
What time is The Cobbler playing  at the closest movie theatre ?,6,2,1,0.0006379745,1,Kino
Find the movie schedule .,6,2,1,0.00092342537,1,Kino
I'd like t add Day After Day to evangeline's Party of the Century playlist,0,0,0,0.00012347047,1,Kino
Please get me the British Journal of Dermatology game .,5,5,1,0.9881583,1,Kino
I'd like to listen to Tom Cochrane 's 1990 ep on Zvooq .,3,3,0,9.78658e-05,1,Kino
Play the newest melody on Last Fm by Eddie Vinson .,3,3,0,0.00010196658,1,Kino
Can I get the showtimes for Fit for a King ?,6,1,1,0.00025988297,1,Kino
What time is American Gun playing,6,3,1,0.00036366735,1,Kino
show the movie schedules in the neighborhood for animated movies,6,2,1,0.00038767786,1,Kino
I want to watch Manthan,5,3,1,0.00010589241,1,Kino
find Dipson Theatres with Swiss Army Man at 8 p.m.,6,1,1,0.0001950802,1,Kino
Will it be warmer in AMnicon Falls State Park ?,2,2,0,0.0001178194,1,Kino
Find a painting called Boating on the River Epte .,5,3,1,0.0021267335,1,Kino
I need to know when Sensation in Morgan’s Creek is playing,6,2,1,0.0015127995,1,Kino
find movie schedules in the neighborhood for movies,6,1,1,0.00059014314,1,Kino
I want to know the weather in ten weeks from now in John N and Melba S Anderson Memorial Conservation Area,2,2,0,0.00011231334,1,Kino
"Will it be rainy this Monday in Le Center , Thailand",2,2,0,0.000117131305,1,Kino
What is on the movie schedule for four AM at Landmark Theatres,6,2,1,0.00056307897,1,Kino
Rate Mouse Noses on Toast 5 points out of 6,4,4,0,0.00014747797,1,Kino
Find the schedule for movie times for movies around here .,6,2,1,0.00061099144,1,Kino
Where to get painting of The Man in the White Suit,5,2,1,0.24766518,1,Kino
Please get me the Critical Condition show .,5,2,1,0.0005699443,1,Kino
Add Tranquility to the Latin Pop Rising playlist.,0,0,0,0.00014676365,1,Kino
What is the weather forecast for Siler City Russia,2,2,0,0.00013143626,1,Kino
What time is Adam at Six A.M. playing,6,3,1,0.0012440303,1,Kino
Is there going to be a depression in my current location on nov. the ninth,2,2,0,0.00013882192,1,Kino
When is Bless the Child playing at the movie theatre,6,3,1,0.00026096826,1,Kino
search for the trailer for The Office,5,1,1,0.00025356127,1,Kino
look for the trailer for Red Stallion in the Rockies,5,1,1,0.00036566393,1,Kino
I'd like to watch Heartbreak at Pacific Theatres at two pm,6,1,1,0.0014802066,1,Kino
Pull up Mafia The City of Lost Heaven,5,3,1,0.00011185448,1,Kino
Give this essay a rating of 5 .,4,4,0,0.00013962924,1,Kino
I need another artist in the romántica playlist.,0,0,0,0.00013908057,1,Kino
When will Hard Time Romance be showing at the cinema ?,6,2,1,0.00037820192,1,Kino
find a photograph called The Lighthouse by the Sea,5,1,1,0.05000763,1,Kino
Give me the movie schedules for Neighborhood Cinema Group,6,2,1,0.0013135128,1,Kino
Can I get the movie schedules for Loews Cineplex ?,6,2,1,0.00032920498,1,Kino
I'd like to listen to the soundtrack In the Air,5,3,1,8.7891276e-05,1,Kino
Can you tell me the weather forecast for Samoa,2,2,0,0.00011576543,1,Kino
What's the forecast for MT next week ?,2,2,0,0.00012263311,1,Kino
search for television show Windows Live TV,5,3,1,0.00027699745,1,Kino
Tell me what animated movies I can see at the closest movie theatre,6,1,1,0.017994724,1,Kino
Find the schedule for A Kiss Before Dying .,6,2,1,0.004448547,1,Kino
what's the movie schedules for Magic Johnson Theatres,6,2,1,0.00023938017,1,Kino
I'd rate Days of Blood and Starlight a 4,4,4,0,0.00012688554,1,Kino
Find Stained Glass Windows .,5,3,1,0.0006907855,1,Kino
Find Stays in Mexico .,5,1,1,0.0009511236,1,Kino
find an album called Burnout The Ultimate Drag Race Challenge,5,3,1,0.00068744266,1,Kino
play the game Piety Street,5,3,1,0.00014893251,1,Kino
Can I listen to merengue style music?,3,3,0,0.00010166308,1,Kino
"find The Girlfriend Experience , a television show",5,3,1,0.00014310637,1,Kino
Show me Half a Life,5,4,1,0.12656616,1,Kino
"What will the weather be like on aug. the 8th, 2032 here",2,2,0,0.000114195755,1,Kino
I would give this textbook a rating of 0 and a best rating of 6,4,4,0,0.00014141352,1,Kino
find a TV show called Full House,5,3,1,0.0008902862,1,Kino
find an album called Stumble.Stop.Repeat,5,3,1,0.00011521309,1,Kino
What is the movie schedule,6,2,1,0.00016023166,1,Kino
Info on show Natural Language and Linguistic Theory,5,5,1,0.9903833,1,Kino
I'm looking for the saga Lifelong Ambitions,5,0,1,0.001886957,1,Kino
Find the game Just Dance Greatest Hits,5,3,1,0.00017609341,1,Kino
Is The Divine Jetta at Marcus Corporation,6,2,1,0.0007207312,1,Kino
looking for Free Four Tobias Tells the Divergent Knife-Throwing Scene,5,0,1,0.0049425713,1,Kino
Book a reservation for an osteria restaurant for 4 people on november 4,1,1,0,0.00017852327,1,Kino
Find a painting called Mr. Scarface Is Back .,5,3,1,0.000379974,1,Kino
I want to World of Warcraft Tides of Darkness,5,3,1,0.00092005066,1,Kino
I'd like to watch films anywhere nearby,6,3,1,0.00015956821,1,Kino
"Can you search the book , Paris - When It Sizzles ?",5,2,1,0.0076896856,1,Kino
Show me when and where I can see Song of Summer,6,2,1,0.004749039,1,Kino
Add Yuna Ito to my Cena Elegante playlist,0,0,0,0.00013693479,1,Kino
Give this book chronicle four stars,4,4,0,0.00014618717,1,Kino
What is the movie schedules for the Harkins Theatres,6,2,1,0.0002041475,1,Kino
"What's the forecast for Fort Payne , AMerican Samoa this march twentieth ?",2,2,0,0.00011198639,1,Kino
"I want to see Those Kids from Town , when will it be showing?",6,2,1,0.00012466632,1,Kino
Play Furusato on Google Music .,3,3,0,0.00010428296,1,Kino
What time is A Man for Burning playing,6,3,1,0.0001954067,1,Kino
Where can I find the photograph of A Christmas Memory,5,2,1,0.34234145,1,Kino
Add gregory douglass to my WHM list,0,0,0,0.00012370736,1,Kino
Give me Pacific Theatres movie schedules,6,2,1,0.0003603039,1,Kino
find Worldly Goods starting now at a movie house,6,1,1,0.0002143709,1,Kino
find a book called The Mad Magician,5,3,1,0.004326136,1,Kino
Rate Timeline of science fiction 4 out of 6,4,4,0,0.00015305291,1,Kino
Give me the movie times at Warren Theatres .,6,2,1,0.0010948271,1,Kino
rate the current book series two out of 6 stars,4,4,0,0.00015275506,1,Kino
give 0 out of 6 points to current textbook,4,4,0,0.0001442028,1,Kino
find the album Just for Laughs,5,0,1,0.00073102914,1,Kino
is Tarzan of the Apes playing at Cobb Theatres,6,3,1,0.00016802498,1,Kino
"Can you find me the game , Super Scription of Data ?",5,3,1,0.4160836,1,Kino
"Can you find me the work, The Curse of Oak Island ?",5,2,1,0.3338999,1,Kino
Where can I stream a television show called Safety EP ?,5,3,1,0.00012166116,1,Kino
Find a picture of Music Hole,5,3,1,0.0004340323,1,Kino
Find the creative work Deadly Weapons,5,3,1,0.007965551,1,Kino
I gave The Hand of Zei series three of 6 stars,4,4,0,0.00014155109,1,Kino
What is the movie schedule at MJR Theatres ?,6,2,1,0.00016668293,1,Kino
Play some tango .,3,3,0,9.767758e-05,1,Kino
I'd like to see the movie Edinburgh Evening News,5,3,1,0.00010261028,1,Kino
play a tune by Syreeta Wright from twenties from the top,3,3,0,9.578862e-05,1,Kino
I want to eat by five pm in NE for a six people,1,1,0,0.00017167999,1,Kino
Show Minutes to Midnight photograph,5,2,1,0.0001719499,1,Kino
play Deezer form 2010 tune by Dave Grohl,3,3,0,0.00010468824,1,Kino
I want to watch the TV series Krieg in Chinatown,5,3,1,9.899834e-05,1,Kino
add album to Feeling Blue,0,0,0,0.000115875264,1,Kino
What movies are playing at the closest cinema,6,3,1,0.0013032618,1,Kino
Please book me seating at the food court in Hazel Green for nine,1,1,0,0.00018764731,1,Kino
Where can I purchase the game Dancing in the Dark 10 Years of Dancing Ferret,5,3,1,0.0022322005,1,Kino
What are the movie schedules at ArcLight Hollywood,6,2,1,0.00014702884,1,Kino
show me God Bless the Child photograph,5,2,1,0.021989513,1,Kino
Find The Sentimental Bloke novel,5,3,1,0.00020156277,1,Kino
Add ana carolina to chill,0,0,0,0.00012529144,1,Kino
Can you please get me Come Away with Me show ?,5,0,1,0.0005578829,1,Kino
Show An Actress for the newest album .,5,3,1,0.001622643,1,Kino
how's the weather in Brookdale Zimbabwe,2,2,0,0.000116902665,1,Kino
Can you play The Wanderer and His Shadow,5,3,1,9.786735e-05,1,Kino
I want to book a restaurant in Bosnia and Herzegovina .,1,1,0,0.00030852173,1,Kino
Want to play Christina Schollin Lastfm,3,3,0,0.00010166539,1,Kino
Please search A New Machine TV series .,5,3,1,0.0003853089,1,Kino
find a trailer for Pesterminator The Western Exterminator,5,1,1,0.00026135694,1,Kino
put Anna Grigorjewna Semenowitsch in all out 00s list,0,0,0,0.00014335534,1,Kino
Show me the nearest movie house showing He Won a Ranch,6,1,1,0.00030382,1,Kino
Could you locate the Epic Conditions picture ?,5,2,1,0.00024342978,1,Kino
I want to get the movie schedule,6,2,1,0.0004588584,1,Kino
Is Mentioned in Confidence at the cinema,6,3,1,0.00069193053,1,Kino
When is Beneath the Harvest Sky playing?,6,3,1,0.0005937786,1,Kino
what movies are playing at Warren Theatres,6,3,1,0.0015047016,1,Kino
find The Angry Birds Movie,5,3,1,0.00013035143,1,Kino
show movie CrossGenesis,5,3,1,0.0035132277,1,Kino
Find Trust in the Lord – Live Worship with Don Moen .,5,3,1,0.00016419352,1,Kino
What movies are playing at Warren Theatres ?,6,3,1,0.0019914205,1,Kino
find movies around here,6,1,1,0.0015364564,1,Kino
Is Thenaruvi playing at the Douglas Theatre Company in one hour ?,6,2,1,0.0004954182,1,Kino
Find My Only Wish in some form of creative work,5,3,1,0.025895057,1,Kino
Where can I find the soundtrack for Steamboat Bill ?,5,3,1,0.00013526181,1,Kino
Put Jazzy B on Lazy Chill Afternoon playlist,0,0,0,0.00015546511,1,Kino
Find movie times for Great Escape Theatres,6,1,1,0.00020075527,1,Kino
rate this essay 5 of 6,4,4,0,0.00014604525,1,Kino
Show me the television show called South California Purples,5,3,1,0.0052266913,1,Kino
Find the schedule for The Solitude of Prime Numbers at the nearest cinema in 1 hour .,6,1,1,0.00024822867,1,Kino
Find a picture of A Breed Apart,5,5,1,0.98582107,1,Kino
What time is Rites of Spring playing at Marcus Corporation,6,3,1,0.0007342464,1,Kino
can I get the movie schedules for Goodrich Quality Theaters,6,1,1,0.0020333142,1,Kino
find the song titled The Mole Show Live at the Roxy,5,3,1,0.0006978787,1,Kino
What's the weather here ?,2,2,0,0.00011610588,1,Kino
I'd like to watch Abbott and Costello Meet Captain Kidd at the nearest cinema,6,3,1,0.0012797059,1,Kino
Can you find me the painting titled Across the Line ?,5,0,1,0.09050639,1,Kino
I want to add Sin rencor to my playlist entitled te quiero,0,0,0,0.00012529161,1,Kino
is it overcast close-by in Illinois,2,2,0,0.00011713035,1,Kino
play a symphony that is good from 2000,3,3,0,9.550779e-05,1,Kino
Add bret mckenzie to my Pop Commute playlist,0,0,0,0.00013350286,1,Kino
Show the Sad Songs for Dirty Lovers album,5,3,1,0.0017775696,1,Kino
Find a movie called Living in America .,5,3,1,0.0005323216,1,Kino
play 1970 trunes,3,3,0,0.00010499761,1,Kino
find a movie house closest showing Operation Kingdom,6,1,1,0.0002404876,1,Kino
Can you find me The Sword with No Name trailer ?,5,1,1,0.0035958549,1,Kino
Book a brasserie type restaurant that serves pizzas in AMerican Samoa,1,1,0,0.00015404209,1,Kino
List movie schedule,6,2,1,0.0013686703,1,Kino
Where and when is Polish Economy playing?,6,3,1,0.0014688846,1,Kino
Where can I see Young Goethe in Love ?,6,3,1,0.0014548202,1,Kino
Where is the closest cinema that is playing The Honeymoon Killers,6,3,1,0.001169432,1,Kino
Find a video game called The Mysterious Castle in the Carpathians .,5,3,1,0.00031968468,1,Kino
Find me the Travel Weekly,5,2,1,0.00016530328,1,Kino
play Baby Workout,5,3,1,0.00010246476,1,Kino
play Live at Leeds,5,3,1,9.606285e-05,1,Kino
Find Le Profil Amina TV series,5,3,1,0.00018505978,1,Kino
Find The Dressmaker .,5,1,1,0.0003152884,1,Kino
Find The Mary Van Note Show,5,3,1,0.0014414219,1,Kino
I want to book a delicatessen serving testaroli in Somalia for 7/25/2027 .,1,1,0,0.00018811933,1,Kino
rate the current essay a 0 for me,4,4,0,0.00014690266,1,Kino
What's the forecast for Pipe Spring National Monument ?,2,2,0,0.00012251285,1,Kino
Can you find me the Naked City – Justice with a Bullet album ?,5,3,1,0.000975041,1,Kino
Search for the Halfway Home TV show,5,3,1,0.0002884876,1,Kino
Find an album called Preminchi Choodu .,5,3,1,0.00017834805,1,Kino
Can you find Fire Escape in the Sky The Godlike Genius of Scott Walker,5,3,1,0.0007560387,1,Kino
What cinema is The Railway Children,6,2,1,0.0011221892,1,Kino
what is the weather not far from current position,2,2,0,0.00011644719,1,Kino
book Itsu for Tonight,1,1,0,0.00015887107,1,Kino
Where can I buy the movie Totality,5,1,1,0.00049319415,1,Kino
find the game A Russian Beauty and Other Stories,5,3,1,0.0017421755,1,Kino
Are there any movies playing at 5 am at North American Cinemas ?,6,3,1,0.003472116,1,Kino
where can I watch Mabel’s Dramatic Career at twenty two o'clock,6,3,1,0.00013211729,1,Kino
find close by movie schedule movies,6,2,1,0.0017471698,1,Kino
Show me the video game When In Rome 2007,5,3,1,0.017630938,1,Kino
Please search the Live from Leeds album .,5,3,1,0.00020419485,1,Kino
play TV show Way of the Samurai 2,5,3,1,0.00011397116,1,Kino
When is The Bleeding House playing at Amco Entertainment ?,6,3,1,0.0002962989,1,Kino
I give One Clear Call zero out of 6 points,4,4,0,0.00013014796,1,Kino
At AMC Theaters what is the movie schedule ?,6,2,1,0.00026996137,1,Kino
add artist to lo mejor de los 00's,0,0,0,0.000113746566,1,Kino
add the album to the Six string peacefulness playlist,0,0,0,0.00013130497,1,Kino
Find the Now We Are Six saga,5,3,1,0.0023826766,1,Kino
Show me movie times for two a.m. at any nearby movies .,6,1,1,0.00024680432,1,Kino
When will The Flower and the Angry Waves be showing?,6,2,1,0.00012335068,1,Kino
give 4 points to this novel,4,4,0,0.00014017517,1,Kino
find movie times,6,3,1,0.0023896059,1,Kino
Book me a reservation for the best bistro,1,1,0,0.00015662421,1,Kino
Is Tomorrow at Seven being played at Douglas Theatre Company ?,6,3,1,0.0011326557,1,Kino
show me the schedule of movie Michel Strogoff,6,2,1,0.00018735553,1,Kino
Can I see the TV show The Closer I Get ?,5,2,1,0.00091098784,1,Kino
What are the showtimes for Beware! The Blob at Plitt Theatres ?,6,1,1,0.0011000361,1,Kino
add kurious jorge to my synth pop,0,0,0,0.0001280126,1,Kino
Play the last 1954 ep by Povel Ramel .,3,3,0,0.00010048306,1,Kino
I am looking for Shoot Me Down,5,3,1,0.0028398326,1,Kino
When and where is Invitation to the Waltz playing,6,3,1,0.004065973,1,Kino
play songs from the sixties,3,3,0,9.158026e-05,1,Kino
Show me a forecast for French Polynesia,2,2,0,0.0001233474,1,Kino
rate the current chronicle series 4 out of 6 points,4,4,0,0.00014647341,1,Kino
Where will The Blonde from Peking be playing,6,3,1,0.0001404965,1,Kino
What movies are playing at the closest movie house ?,6,2,1,0.0026439065,1,Kino
What is the nearest movie house with Window Connection playing at lunch,6,1,1,0.000632296,1,Kino
find the show How to Meet the Lucky Stars,5,3,1,0.00033521024,1,Kino
For my playlist chill add the name Cater Fe She,0,0,0,0.000152906,1,Kino
Book the Slippery Noodle Inn in Gober .,1,1,0,0.00013600985,1,Kino
where is the nearest movie theatre showing movies,6,1,1,0.0002517696,1,Kino
Can you pull up Queen of the Organ,5,3,1,0.00011122124,1,Kino
Find All Jets Are Gonna Fall Today saga,5,2,1,0.0001508945,1,Kino
I want the film for nearest movie theatre,6,1,1,0.00036218733,1,Kino
what movies are playing at the Alamo Drafthouse Cinema,6,3,1,0.0004223262,1,Kino
Tell me the movie schedules for Mann Theatres,6,2,1,0.00025606694,1,Kino
Find movie schedules for close by films .,6,1,1,0.0008145286,1,Kino
Show the movie times,6,2,1,0.0020358423,1,Kino
party of two for a food truck on december 22 that serves chicken french in Bolivia,1,1,0,0.00016050435,1,Kino
What movies are scheduled in the neighbourhood ?,6,2,1,0.0001539837,1,Kino
"find Doggy Day School , an album",5,3,1,9.8970835e-05,1,Kino
Play music from 2005 by Justin Broadrick,3,3,0,9.672832e-05,1,Kino
Get me Kiss the Crystal Flake,5,3,1,0.0007587291,1,Kino
Find me Under the Skin,5,3,1,0.01950297,1,Kino
Find a picture called Blink of an Eye .,5,5,1,0.841782,1,Kino
I want to find Night of the Hunter,5,2,1,0.0010780421,1,Kino
add the essential jacksons to my Perfect Concentration,0,0,0,0.000106229505,1,Kino
Play some music from 1995,3,3,0,9.541549e-05,1,Kino
Give me a link to the A Little Something for Us Tempunauts soundtrack .,5,0,1,0.0002192934,1,Kino
Find the schedule for Across the Line at the closest movie house .,6,1,1,0.0003116289,1,Kino
Play concerto from 1951,3,3,0,0.00010117271,1,Kino
Give me the movie listings at the closest cinema please.,6,1,1,0.00029399156,1,Kino
Rate this essay five stars,4,4,0,0.00014448415,1,Kino
Play twenties symphony from Robert Walter,3,3,0,0.000100384204,1,Kino
Will it hail in Villa,2,2,0,0.000116104195,1,Kino
Will it be chilly at Boggs Mountain Demonstration State Forest,2,2,0,0.000121558616,1,Kino
Add bryan gregory to the playlist Emily Dickinson,0,0,0,0.00013104855,1,Kino
"Please find me the work, Earth Intruders .",5,3,1,0.20912081,1,Kino
I want lance king in my list called One Love,0,0,0,0.000110534005,1,Kino
Tell me the predicted weather once I travel faraway to Crimson Lake Provincial Park .,2,2,0,0.00010748302,1,Kino
I want to see animated movie in the neighbourhood,6,3,1,0.0004567644,1,Kino
find close by films with a movie schedule,6,1,1,0.0009282134,1,Kino
show the movie Move Any Mountain,5,3,1,0.02585915,1,Kino
show me movie times,6,2,1,0.00024730034,1,Kino
put this song in the playlist Trap Land,0,0,0,0.00014266661,1,Kino
Rate the current book three out of 6 .,4,4,0,0.00014834538,1,Kino
Find a trailer called Hellboy The Troll Witch and Others .,5,1,1,0.00021007772,1,Kino
"Please find me the work, Serious Awesomeness !.",5,0,1,0.0009041104,1,Kino
Please give me movie schedules,6,2,1,0.0005996105,1,Kino
What time is Tommy and Quadrophenia Live playing at Marcus Corporation,6,3,1,0.00016101831,1,Kino
Please locate Sad Love Story novel for me.,5,1,1,0.0038571204,1,Kino
Book a restaurant on san jacinto day in Anderson for me and my colleagues .,1,1,0,0.00018819948,1,Kino
Find the schedule at the Douglas Theatre Company .,6,1,1,0.00046140206,1,Kino
I think this saga only deserves a 0 out of 6 .,4,4,0,0.00013245699,1,Kino
Play music from Alison Sudol,3,3,0,9.902266e-05,1,Kino
I want to give Science Fiction Adventures in Mutation 0 stars,4,4,0,0.00014776582,1,Kino
Can I get the Butterfly Crush showings,6,0,1,0.0041368646,1,Kino
I'd like to see Confessions of an Indian Teenager,5,3,1,0.00013705665,1,Kino
Add the song to the soundscapes for gaming playlist.,0,0,0,0.00014719434,1,Kino
Will it be cloudy on Sep. 16 in Palau,2,2,0,0.000118627344,1,Kino
Will there be a blizzard in Saudi Arabia around 2 o'clock,2,2,0,0.00012371012,1,Kino
Find WxHexEditor .,5,3,1,0.0045277113,1,Kino
show book name Straight No Chase,5,0,1,0.0028400072,1,Kino
Please play This Is The Day by Brian Robertson .,3,3,0,0.00010266457,1,Kino
I'd like to watch Wish You Were Dead,6,3,1,8.7626104e-05,1,Kino
book a spot for selma and molly at a steakhouse with saucisse that is close-by McSherrystown,1,1,0,0.00017085014,1,Kino
Reservea  table for five people on september second in Gabon .,1,1,0,0.00017609146,1,Kino
Book a reservation for seven people at a bar in Kentucky,1,1,0,0.00017270564,1,Kino
Look up The Baltic Times picture,5,2,1,0.00033319413,1,Kino
Can you please find The Notebook of Trigorin game ?,5,3,1,0.0008037991,1,Kino
What time is Goodbye Mothers playing?,6,3,1,0.0008182255,1,Kino
Show me the show Goldimouse and the Three Cats,5,3,1,0.009826237,1,Kino
Can you find the novel Journal of Social Work,5,5,1,0.9438251,1,Kino
Is it forecast to be stormy close to Nimule-Nationalpark 1 hour from now ?,2,2,0,0.00012383595,1,Kino
Find Z Cars .,5,1,1,0.0007431539,1,Kino
rate this novel two out of 6,4,4,0,0.00015082874,1,Kino
what's the closest movie house showing Night in May,6,1,1,0.00036331668,1,Kino
find the nearest movie house showing Dangers of the Canadian Mounted,6,1,1,0.00076051895,1,Kino
Rate Battle Hymn of China five of 6 points,4,4,0,0.00014058714,1,Kino
I want to book the best steakhouse with south american cuisines in Alaska,1,1,0,0.00019240905,1,Kino
Please tell me the movie schedules,6,2,1,0.00021715857,1,Kino
I would rate this novel 2 points and a best rating of 6,4,4,0,0.0001386784,1,Kino
Search for High Chicago,5,2,1,0.0006614181,1,Kino
Can you give me the weather for here,2,2,0,0.00011990717,1,Kino
find the closest movie theatre with animated movies,6,1,1,0.00031014686,1,Kino
What will the weather be in Tajikistan on Dec. twentieth ?,2,2,0,0.00012251352,1,Kino
Play me a 1974 tune on Slacker,3,3,0,0.000109607085,1,Kino
I'd like to see the current showtimes for His Kind of Woman,6,1,1,0.0046145422,1,Kino
find movies around here with movie schedules,6,1,1,0.00044634732,1,Kino
Rate The Best American Short Stories 2007 one out of 6 points,4,4,0,0.00015791133,1,Kino
find movies nearest to a movie house,6,1,1,0.00017418107,1,Kino
"find TaskCracker for Outlook , a game",5,3,1,0.14955583,1,Kino
Give the current textbook four stars,4,4,0,0.00014547541,1,Kino
When is the next episode of the TV series Crossing Lines showing?,5,2,1,0.00016971992,1,Kino
i want to watch Ghosts of the Abyss at Kerasotes Theatres,6,3,1,0.00010783832,1,Kino
find a cinema closest with animated movies,6,1,1,0.000308848,1,Kino
Find Manual of Love 2 .,5,3,1,0.019114476,1,Kino
What movies are currently at Star Theatres ?,6,2,1,0.00069355464,1,Kino
Need book a restaurant for this Autumn in Illinois,1,1,0,0.0001898504,1,Kino
Rate this current essay 1 out of 6 points,4,4,0,0.00014936291,1,Kino
I'm looking for a photograph called Merry Christmas .,5,1,1,0.088023275,1,Kino
Can you find a creative work called A Saintly Switch,5,0,1,0.0052786465,1,Kino
Will there be a cloud in Kiribati,2,2,0,0.0001124198,1,Kino
show creative video game In My Own Backyard,5,3,1,0.24007623,1,Kino
Can I get the times for movies in the neighbourhood,6,2,1,0.00020238453,1,Kino
Is Sheikh Chilli playing,6,3,1,0.00014164357,1,Kino
Which films are playing in the neighbourhood ?,6,2,1,0.001203099,1,Kino
add agua y sal in Classic Jazz Funk,0,0,0,0.00012014003,1,Kino
Find the schedule for Metallica Through the Never .,6,3,1,0.0016817315,1,Kino
"find Drumline A New Beat , a picture",5,0,1,0.0008092982,1,Kino
Which movies are playing in the neighborhood ?,6,2,1,0.0013823569,1,Kino
Show me the photograph of King Charles,5,2,1,0.25333226,1,Kino
find the movie schedule,6,2,1,0.00071370055,1,Kino
Find the movie schedule for Great Escape Theatres .,6,1,1,0.00081366696,1,Kino
find War & Peace Vol. 1,5,3,1,0.00029277336,1,Kino
What time is Chandranath playing MJR Theatres,6,3,1,0.0005493579,1,Kino
find the book The Crowd Roars,5,3,1,0.0018954249,1,Kino
show creativity of Diamonds in the Rough,5,3,1,0.050932225,1,Kino
Which animated movies are playing in the neighbourhood and when?,6,2,1,0.0013721115,1,Kino
Find Merry Arizona 97 Desert Stars Shine at Christmas,5,2,1,0.0012285877,1,Kino
"Is there a freezing forecast for Minto , Nicaragua ?",2,2,0,0.00012701946,1,Kino
Look for the Girl in Mirror movie,5,3,1,0.0026375104,1,Kino
Need to find the TV series called Administrative Behavior,5,3,1,0.2424506,1,Kino
Play me the trailer for Star Control .,5,3,1,0.000114530674,1,Kino
Where can I find the Ricky Skaggs discography,5,3,1,0.0011371775,1,Kino
add la voce to my Dubstep Dangles Dirty playlist,0,0,0,0.00013233435,1,Kino
I'd like to see the showtimes for Silly Movie 2.0 at the movie house,6,1,1,0.00046720827,1,Kino
find movie times,6,3,1,0.0023896059,1,Kino
Find a painting called Pulsions .,5,3,1,0.0027491676,1,Kino
I'm looking for the saga Why Men Leave Home,5,5,1,0.98491466,1,Kino
How do I see the TV series To See the Invisible Man ?,5,2,1,0.03471535,1,Kino
Play any music on Spotify,3,3,0,9.104518e-05,1,Kino
I'd like to see Jack,5,3,1,0.0018428933,1,Kino
rate the current textbook 4 of 6 points,4,4,0,0.00014994731,1,Kino
find a picture called How Much Wood Would a Woodchuck Chuck,5,5,1,0.7617952,1,Kino
find a photograph called Dragon Ball Z The Best Selections,5,3,1,0.000520668,1,Kino
Play eighties music,3,3,0,9.448818e-05,1,Kino
Turn on Last Fm,3,3,0,0.00013958679,1,Kino
List films in the neighborhood .,6,2,1,0.0026768723,1,Kino
Is there going to be a depression in Point Washington State Forest,2,2,0,0.00012504854,1,Kino
book me a reservation at an oyster bar that serves crab cake for two people,1,1,0,0.00020629496,1,Kino
Is Liberator playing at the IMAX Corporation at 11 ?,6,3,1,0.0006462442,1,Kino
Show me movie schedules for today.,6,2,1,0.0003706133,1,Kino
Give this chronicle 4 stars,4,4,0,0.00014733446,1,Kino
show the schedule of movie The Statue,6,2,1,0.00036675617,1,Kino
I'd like to see the book The Royal Thousand,5,3,1,0.00034959402,1,Kino
Lets hear some Dawood Sarkhosh from their The Power Of Your Love album from Groove Shark,3,3,0,9.824575e-05,1,Kino
Show me the show Live at the Fillmore East,5,0,1,0.003145585,1,Kino
Find the Exile and the Kingdom,5,3,1,0.002171803,1,Kino
Can you play The Change Is Made on Netflix,3,3,0,9.960004e-05,1,Kino
"Where is the closest movie theatre playing Yo, robot",6,3,1,0.00074434286,1,Kino
in the neighbourhood find movies with movie times,6,1,1,0.00041995881,1,Kino
what is the forecast for colder temps beginning on Law Day here,2,2,0,0.00012714425,1,Kino
Weather forecast for snowstorm on Feb. fourth in Virgin Islands,2,2,0,0.00011308346,1,Kino
what animated movies are at the nearest movie house,6,1,1,0.0004927694,1,Kino
What are the movie times for films playing in the area ?,6,2,1,0.00020997712,1,Kino
Add album to my Country Hits,0,0,0,0.000119320895,1,Kino
book a gratin serving tea house in Bushkill,1,1,0,0.00013134663,1,Kino
play Soheila Zaland,3,3,0,0.000101368045,1,Kino
Please find me the game called The Salvation .,5,3,1,0.03933244,1,Kino
show me the schedule of The Loves of Letty in cinema closest,6,2,1,0.001014718,1,Kino
"Please look up the painting , Modern times .",5,3,1,0.002137587,1,Kino
Will it hail in Rush Valley Denmark on 6/21/2035,2,2,0,0.000112751484,1,Kino
Add knocked out loaded to the spring vibes playlist.,0,0,0,0.00014280633,1,Kino
Find me the novel The Argumentative Indian,5,3,1,0.015785368,1,Kino
Need the creative work called The Logic of Scientific Discovery,5,5,1,0.99201715,1,Kino
rate this book a 4 out of 6,4,4,0,0.00014965468,1,Kino
When is Percy Jackson playing at the movie theatre ?,6,2,1,0.0012617747,1,Kino
How can I see the show Pulse 2 Afterlife ?,5,3,1,0.0013932816,1,Kino
Give me the schedule for What a Wonderful Place at Cinemark Theatres,6,1,1,0.0003069727,1,Kino
I need a table in TN that's not to far for a party of ten,1,1,0,0.00017905302,1,Kino
What are movie times for movies playing in the neighborhood ?,6,2,1,0.00031344302,1,Kino
play Closer to the Sun album,5,3,1,0.00010633482,1,Kino
Show the Phish Live in Vegas TV series,5,3,1,0.00013638049,1,Kino
I want to play the video game ESPN Major League Soccer,5,3,1,0.00012323102,1,Kino
add abacab to beryl's party on fridays playlist,0,0,0,0.00013747026,1,Kino
Where can I watch the TV series Breed the Pain ?,5,3,1,0.00010294306,1,Kino
Play my Fusion Fest playlist on Youtube,3,3,0,0.000106960775,1,Kino
search for the painting Hess A Biography,5,3,1,0.0053989585,1,Kino
What kind of weather will be in VA 12 years from now ?,2,2,0,0.0001139727,1,Kino
what are the movie times,6,2,1,0.00023947116,1,Kino
Fine a movie schedule .,6,2,1,0.00045119706,1,Kino
Give me weather information for Porcupine Mountains,2,2,0,0.00012406804,1,Kino
Tell me if it will hail in Elliotts Bluff at five o'clock,2,2,0,0.00011231113,1,Kino
What time is Showcase Cinemas playing Straight Is the Way,6,3,1,0.002693295,1,Kino
what time is Mulawin The Movie showing at the nearest movie house,6,2,1,0.00017466277,1,Kino
Find me the TV show Ask a Woman Who Knows,5,3,1,0.00022193854,1,Kino
I'm trying to find the game called Give Me My Remote .,5,3,1,0.00036412757,1,Kino
Where do get photograph of My Own Best Enemy,5,3,1,0.0016702911,1,Kino
What films are showing at National Amusements,6,2,1,0.0007112795,1,Kino
Play a sixties track by Noam Pikelny on iheart .,3,3,0,0.000103774444,1,Kino
What is the movie schedules at Consolidated Theatres,6,2,1,0.0001885596,1,Kino
Locate me the novel entitled Isthmus .,5,3,1,0.025207369,1,Kino
Add a rating of zero points out of 6 to The Inheritance of Loss,4,4,0,0.0001493591,1,Kino
Find the Another Ticket game,5,1,1,0.00027218828,1,Kino
I'm looking for the painting God Must Have Spent a Little More Time on You,5,0,1,0.0047832215,1,Kino
find the closest cinema with animated movies,6,1,1,0.00034515804,1,Kino
I want to see Fear Chamber .,6,3,1,0.0019107483,1,Kino
Find a TV series called When Harry Tries to Marry .,5,3,1,0.0002910565,1,Kino
What time is Balkan Rhapsodies 78 Measures of War playing at Malco Theatres ?,6,3,1,0.0007127482,1,Kino
Rate the current book zero of 6,4,4,0,0.00013001966,1,Kino
show creative Labor Notes,5,4,1,0.032108855,1,Kino
find animated movies at the nearest movie theatre,6,1,1,0.00023360408,1,Kino
Where can I get the video game Faith in Chaos ?,5,3,1,0.00028332937,1,Kino
whats the closest movie house showing Medal of Honor,6,1,1,0.0006650351,1,Kino
I'd like to watch the trailer for Dungeons & Dragons Chronicles of Mystara .,5,3,1,0.000101261765,1,Kino
book a brasserie with internet fascility for 5 in a year in Oklahoma,1,1,0,0.00017627756,1,Kino
show the movie schedules,6,2,1,0.00050111336,1,Kino
Find me Nights in Harlem,5,2,1,0.00028380446,1,Kino
Show movie times of movies in the neighbourhood,6,2,1,0.00040307958,1,Kino
Play Still Life 1,3,3,0,9.911791e-05,1,Kino
movie schedules for Neighborhood Cinema Group,6,1,1,0.00052829256,1,Kino
I want the nearest movie house with The Debtors,6,1,1,0.0001658732,1,Kino
Play bebob on Iheart,3,3,0,9.7201664e-05,1,Kino
find the song Tholireyi Gadichindi,5,3,1,9.755605e-05,1,Kino
show creative trailer of The Sword of the Lord,5,3,1,0.0023018876,1,Kino
find a soundtrack called The Book of Folly,5,3,1,0.000115942195,1,Kino
Play concerto from the eighties,3,3,0,9.5508425e-05,1,Kino
Show Transformers The Game,5,3,1,0.025072997,1,Kino
find films scheudle in the neighborhood at 2,6,1,1,0.00020761683,1,Kino
What time is A Ball at the Anjo House playing,6,2,1,0.00074427814,1,Kino
Find a picture called Nuclear Blast All Stars Out of the Dark .,5,3,1,0.0020525467,1,Kino
Find the book called Black Wings of Destiny,5,3,1,0.0063500754,1,Kino
What time is Bloody Twilight playing?,6,3,1,0.0010947295,1,Kino
Showtimes for the films at Santikos Theatres,6,1,1,0.00034226643,1,Kino
I want to see DOA Dead or Alive at Loews Cineplex Entertainment .,6,1,1,0.00059250667,1,Kino
show creativity In the Red saga,5,4,1,0.016233046,1,Kino
find a trailer called Way Down Yonder in New Orleans,5,1,1,0.00014224052,1,Kino
Is The Love Guru playing,6,3,1,0.00012949083,1,Kino
Show me the movie schedules for any animated movies playing close by ?,6,2,1,0.00042963654,1,Kino
Add the tune to my House Afterwork playlist.,0,0,0,0.00013091903,1,Kino
Show the Immortal Grand Prix,5,2,1,0.017676149,1,Kino
Play some music from 1989 by Sanjeev Abhyankar .,3,3,0,0.000100876874,1,Kino
find the TV show Hot Air,5,3,1,0.0003811894,1,Kino
show the movie schedules at United Paramount Theatres,6,2,1,0.0002723282,1,Kino
Please help me search The Banker television show .,5,3,1,0.031958833,1,Kino
show creativity of The Greatest Movie Ever Sold,5,3,1,0.048274793,1,Kino
What time is Unholy Women playing?,6,2,1,0.0007201662,1,Kino
find the movie You Must First Learn to Draw the Real,5,3,1,0.023904013,1,Kino
Play some 1959 songs on Iheart,3,3,0,9.3022616e-05,1,Kino
find Kebab Connection,6,1,1,0.0019970534,1,Kino
Play Who Knows Where The Time Goes ? by Grigory Leps,3,3,0,0.0001173569,1,Kino
when is Good Will Evil playing at Loews Cineplex Entertainment,6,3,1,0.00012831618,1,Kino
Find a song called Be Quick or Be Dead .,5,3,1,0.00011693405,1,Kino
book a gluten free restaurant in Arp,1,1,0,0.00014646456,1,Kino
Show the Three Tales album,5,3,1,0.038831204,1,Kino
Will there be a snowstorm in NC 6 years from now,2,2,0,0.000113860115,1,Kino
What will the weather be in the current position on Dec. 23 ?,2,2,0,0.000120968536,1,Kino
whats the closest movie house showing Home Room,6,1,1,0.00037914244,1,Kino
"Will there be a blizzard next winter in Visalia , Idaho",2,2,0,0.00011944045,1,Kino
add this song to my southern gothic playlist,0,0,0,0.0001287649,1,Kino
Find the schedule for Brick .,6,2,1,0.00090169715,1,Kino
Show me The Lord of the Isles,5,2,1,0.014523828,1,Kino
find a TV show called Ruthless,5,3,1,0.0007602003,1,Kino
What time is Just Around the Corner playing,6,2,1,0.0006971268,1,Kino
rate my current novel four out of 6 stars,4,4,0,0.00015009347,1,Kino
Find the movie schedules for movies close by,6,2,1,0.0002450357,1,Kino
When is Ode to Billy Joe playing at the closest movie house ?,6,3,1,0.0010553013,1,Kino
Add the entire album into indie español,0,0,0,0.0001227491,1,Kino
Need a table within the same area as Beach 105th St for a party of 6,1,1,0,0.00018028404,1,Kino
What films are playing at Dipson Theatres and when,6,2,1,0.0016215625,1,Kino
Show the Feed the Kitty painting,5,5,1,0.935641,1,Kino
I want to hear a Gucci Mane song from Last Fm from 2002,3,3,0,9.0687616e-05,1,Kino
Can i get the showtimes for films in the area .,6,1,1,0.00028436058,1,Kino
Give me the weather forecast in Zimbabwe .,2,2,0,0.00011024628,1,Kino
Play Listen To The Mocking Bird by Billy Martin on Youtube,3,3,0,9.83461e-05,1,Kino
find movie schedules at Goodrich Quality Theaters,6,1,1,0.0001781803,1,Kino
Where can I get Harry Potter and the Philosopher’s Stone,5,3,1,0.0010038354,1,Kino
Find the schedule for films at Century Theatres .,6,1,1,0.0011262263,1,Kino
I'd like to see a TV series called Countdown The Savoy Sessions,5,3,1,0.00010759321,1,Kino
Show me the picture Creatures of Light and Darkness,5,5,1,0.9918969,1,Kino
Show Olympia 81 saga,5,4,1,0.0037825478,1,Kino
find a Love song,5,3,1,0.00012908016,1,Kino
Find The Gamble .,5,3,1,0.018539619,1,Kino
what's the closest cinema showing animated movies,6,1,1,0.00095432426,1,Kino
Play Turbulence Wild Streetdanz from Jeff Buckley,3,3,0,0.000101767495,1,Kino
Play some House music,3,3,0,9.238941e-05,1,Kino
I'm looking for a novel called And Then There Was Light .,5,1,1,0.022319153,1,Kino
What are the movie times for the Marcus Corporation,6,2,1,0.00022984347,1,Kino
Find a show called Time Is Just the Same .,5,3,1,0.0009263376,1,Kino
play a top Ryuichi Kawamura chant on Groove Shark,3,3,0,0.00011296968,1,Kino
"I would rate this book chronicle , 3 out of 5 stars .",4,4,0,0.00014058729,1,Kino
I want to hear the latest twenties album from Kyle Riabko,3,3,0,8.763893e-05,1,Kino
find the photograph The Air Is on Fire Soundscape,5,2,1,0.0010745472,1,Kino
Add track to fresh finds,0,0,0,0.00011264025,1,Kino
I want to see the television show The Muppet Christmas Carol,5,3,1,0.0001140185,1,Kino
I want to hear popular music from Martin Lopez,3,3,0,8.9893685e-05,1,Kino
show creativity of Comeback Season,5,2,1,0.028358433,1,Kino
Is it chillier in Hong Kong than it is here,2,2,0,0.00012529305,1,Kino
"book tea at The Hamburger Wagon for 3 vickie reed, melody and I in Georgia",1,1,0,0.00016624382,1,Kino
find a nearby movie schedule for movies,6,1,1,0.00021262318,1,Kino
is Ce cher intrus at IMAX Corporation,6,2,1,0.0023035188,1,Kino
Please get me Stories from the English and Scottish Ballads show .,5,3,1,0.0007295388,1,Kino
What is the song The Beast from 20 ?,5,3,1,0.00015631753,1,Kino
Where can I read the book The Omega Stone ?,5,3,1,0.0002064254,1,Kino
rate the current album two points,4,4,0,0.00012750646,1,Kino
What time will Paris by Night aired,6,2,1,0.00014073195,1,Kino
Include When I Paint My Masterpiece in my Acoustic Spring playlist.,0,0,0,0.00014252488,1,Kino
Will it be freezing in New Preston Venezuela ?,2,2,0,0.00012239134,1,Kino
Show me the movie times for what's playing now,6,2,1,0.003837281,1,Kino
Find the schedule for Idols of Clay at a movie house .,6,1,1,0.00020899659,1,Kino
Please search the title The Twilight Saga Breaking Dawn Part 2 .,5,3,1,0.0067179743,1,Kino
When is Lake City playing at Dipson Theatres ?,6,2,1,0.0011475355,1,Kino
Show me the game English Freakbeat,5,3,1,0.010331707,1,Kino
Search for the saga of Return of the Bastards .,5,3,1,0.1317917,1,Kino
Book a steakhouse with a pool for eight people.,1,1,0,0.00021200847,1,Kino
"Please search for the work, All the Wrong Reasons .",5,5,1,0.7462208,1,Kino
What times will The Young Swordsman be showing at a local cinema ?,6,2,1,0.0003795648,1,Kino
Show me animated movies that are playig at Great Escape Theatres,6,3,1,0.0011674765,1,Kino
add satisfied to my Rockin' Vibes playlist,0,0,0,0.00013233464,1,Kino
Find the movie schedule for animated movies in the area .,6,2,1,0.0016291576,1,Kino
What movie theatre is playing The Magnificent Scoundrels,6,3,1,0.00013076891,1,Kino
Find FANatic .,5,3,1,0.0005166408,1,Kino
Find time for films at the North American Cinemas,6,1,1,0.0013798646,1,Kino
Will I be able to watch Camping-car at movie house at 6 pm ?,6,3,1,0.0014564052,1,Kino
Give me showtimes for The Tenth Woman at the movie house .,6,1,1,0.00019468936,1,Kino
can i have the local movie times,6,1,1,0.0006443304,1,Kino
Add this track to anochecer urbano,0,0,0,0.0001146375,1,Kino
rate this book 0 out of 6,4,4,0,0.00014965494,1,Kino
What's the weather in Kiahsville in the Cayman Islands,2,2,0,0.0001092844,1,Kino
"Please find the TV show , The Dreamstone",5,3,1,0.00017456288,1,Kino
Can I see the upcoming movie schedule ?,6,2,1,0.00018203809,1,Kino
I would rate this essay four stars,4,4,0,0.00013692852,1,Kino
Please search the Karobar Economic Daily picture .,5,2,1,0.0004378708,1,Kino
When is One by One playing?,6,3,1,0.00015954165,1,Kino
add a song by mark schultz to my ultimate indie playlist,0,0,0,0.00011943677,1,Kino
Where can I purchase the TV series Liar Game - The Final Stage,5,3,1,0.00090285257,1,Kino
Is Storm Warning playing,6,2,1,0.0001345471,1,Kino
FInd trailer for Iraq for Sale The War Profiteers,5,3,1,0.0016143594,1,Kino
Rate this saga two with a bet rating of 6,4,4,0,0.00013840721,1,Kino
Book a restaurant that serves scampi for 10 people.,1,1,0,0.00022109479,1,Kino
Add this tune to my playlist named Women of Fresh Finds,0,0,0,0.00013454787,1,Kino
Will there be a fog here this week ?,2,2,0,0.00010992615,1,Kino
Rate The Saint in Trouble 1 of 6,4,4,0,0.00014561736,1,Kino
rate this series 1 out of 6,4,4,0,0.00014336062,1,Kino
find movie schedules,6,2,1,0.0018638456,1,Kino
Play me a 1990 sound track,3,3,0,0.000100876576,1,Kino
Is Hercules and Xena The Battle for Mount Olympus playing at the closest cinema,6,3,1,0.00036518488,1,Kino
Play the soundtrack for The Lord of the Rings Conquest,5,3,1,9.93119e-05,1,Kino
What movies are playing at Cineplex Odeon Corporation ?,6,3,1,0.00043233272,1,Kino
find the trailer for Hotel on the Corner of Bitter and Sweet,5,1,1,0.0001368437,1,Kino
What's the forecast for Castolon in French Southern Territories around seven PM ?,2,2,0,0.00011713017,1,Kino
"What's the weather forecast for Winnfield , Georgia ?",2,2,0,0.000114754315,1,Kino
Play me a song from the twenties by Randy Bachman,3,3,0,0.000103875784,1,Kino
find Google News,5,2,1,0.054747775,1,Kino
Looking for a novel called Death March,5,1,1,0.0029177365,1,Kino
find a TV show called Randy Scouse Git,5,3,1,0.00060968334,1,Kino
Book a restaurant in Mauritania for 1 person.,1,1,0,0.00016428718,1,Kino
Is it snowy in Fort Ross State Historic Park ?,2,2,0,0.00011862696,1,Kino
show me the schedule of movies in Pacific Theatres,6,2,1,0.0005784746,1,Kino
Shoe the movie showings for the closest cinema showing international movies,6,1,1,0.00032768646,1,Kino
Rate my current book 1 out of 6,4,4,0,0.00014505055,1,Kino
Book a restaurant for a party of 7 in Paraguay on Saturday,1,1,0,0.00018151199,1,Kino
play an album on Netflix by chris castle from 2011,3,3,0,9.578824e-05,1,Kino
Add tune to infinite indie folk,0,0,0,0.0001225094,1,Kino
What is Just Like in the Old Country,5,2,1,0.00038772874,1,Kino
I am looking for a work called Carry You Home,5,1,1,0.0011393222,1,Kino
I'd like to watch the TV series called Fires of Life,5,3,1,9.8414916e-05,1,Kino
What animated movies are playing at the nearest movie theatre ?,6,3,1,0.001534936,1,Kino
search for the painting The Elder Scrolls I Arena,5,3,1,0.0009149732,1,Kino
What movies are playing at the closest movie theatre,6,3,1,0.0024853572,1,Kino
Where can I purchase the TV series The Mating Season,5,3,1,0.0031837472,1,Kino
Where is the TV show Bomberman Land Touch! 2,5,3,1,0.0004465173,1,Kino
Look up the movie schedule,6,2,1,0.0052538835,1,Kino
Where can I find the novel The Great Irish Bake Off,5,3,1,0.00026283757,1,Kino
Give me the current showtimes for Tarass Boulba .,6,1,1,0.0006580095,1,Kino
What animated movies are playing nearby right now ?,6,3,1,0.0016702631,1,Kino
Can you find a photograph of Ace Ventura The CD-Rom Game,5,3,1,0.0017487844,1,Kino
Search for the video game The Book of Heroic Failures,5,3,1,0.01930978,1,Kino
show movie schedules,6,2,1,0.00018691547,1,Kino
What is the trailer for Feel the Passion .,5,3,1,0.0012959936,1,Kino
I want to find the show called Fresh Aire 7 .,5,3,1,0.003289195,1,Kino
Add artist to my Broken Heart,0,0,0,0.000111543086,1,Kino
"find A Tale of Two Cities , a painting",5,3,1,0.00045188502,1,Kino
Get me a Johnny Cool photograph,5,3,1,0.00048560722,1,Kino
"Book The Crown at Whitebrook in the Solomon Islands for Dec. the twenty-third, 2029 .",1,1,0,0.00016107285,1,Kino
Get me a photograph of Trac,5,3,1,0.07792886,1,Kino
Is The Umbrellas of Cherbourg playing near me?,6,3,1,0.0010671281,1,Kino
Where is the closest movie house playing films now,6,3,1,0.0011297057,1,Kino
Show me the movie schedule for Caribbean Cinemas,6,2,1,0.0008265038,1,Kino
Find a book called The Echo Chamber .,5,1,1,0.004263752,1,Kino
rate this novel 4 out of 6,4,4,0,0.00014965468,1,Kino
I give the following textbook 3 points .,4,4,0,0.00014980027,1,Kino
I'm looking for Circus World .,5,1,1,0.00036161495,1,Kino
Find the schedule for Evening Clothes in 1 second .,6,2,1,0.0006253517,1,Kino
I want to give this novel a four out of 6 stars,4,4,0,0.00014561735,1,Kino
I want to listen to the song Shamus,5,3,1,9.457776e-05,1,Kino
Show movie schedules of film nearby,6,2,1,0.00026039567,1,Kino
can i have the movie schedules,6,2,1,0.00025393238,1,Kino
Put Mike McCready in the kitchen swagger playlist.,0,0,0,0.00023830317,1,Kino
Play music on the playlist Electronic Gaming,3,3,0,0.00011637982,1,Kino
Book the tea house on North River,1,1,0,0.000136785,1,Kino
where's the nearest movie house playing No Trains No Planes,6,3,1,0.0006627433,1,Kino
Please find the album The Party Scene,5,0,1,0.00027576476,1,Kino
Rate the current novel a 0 out of 6 points,4,4,0,0.00014576038,1,Kino
I want to watch Wide-Eyed and Ignorant,5,3,1,0.00011881581,1,Kino
Make me a reservation at a popular place that serves udupi at a restaurant,1,1,0,0.00016903019,1,Kino
Find The Case of the Frightened Lady .,5,3,1,0.12174581,1,Kino
What will the weather be nineteen seconds from now from the Little Manatee River State Park,2,2,0,0.0001148669,1,Kino
add this Ricardo Villalobos track to under the surface,0,0,0,0.00011111055,1,Kino
What time is Living Is Easy with Eyes Closed playing,6,3,1,0.00036412416,1,Kino
What time is The Bride Wore Boots playing,6,2,1,0.0018517331,1,Kino
find me a game called Thesis Eleven,5,3,1,0.003153264,1,Kino
rate Understanding Physics 5 out of 6,4,4,0,0.00015791084,1,Kino
Show me Dangers of the Canadian Mounted,5,2,1,0.0012336067,1,Kino
I want to find the video game Masada Anniversary Edition Vol. 3 The Unknown Masada,5,3,1,0.0005900158,1,Kino
Add Tunnel of Love to ethel's metal crash course palylist,0,0,0,0.00012553706,1,Kino
I give The Lady Decides a rating value of 4 and a best rating of 6,4,4,0,0.00013732999,1,Kino
Show Second Generation album,5,3,1,0.0005801199,1,Kino
Play me a 1958 adam yauch concerto on Groove Shark,3,3,0,0.0001032671,1,Kino
Show A Family Torn Apart TV show,5,3,1,0.00033334258,1,Kino
Please get me the Dead Soul saga .,5,3,1,0.032161165,1,Kino
Find the movie schedules for Cineplex Odeon Corporation .,6,2,1,0.0013164972,1,Kino
What time is Death Nurse showing,6,2,1,0.00012553547,1,Kino
show creativity Cum On Feel the Noize the video game,5,3,1,0.00019398677,1,Kino
Find Later That Evening,5,2,1,0.0026535813,1,Kino
Book a reservation for six for a tyrolean oyster bar,1,1,0,0.00019379574,1,Kino
When is Longwave going to be playing?,6,3,1,0.0014594531,1,Kino
show creativity of Night of the Hunter,5,3,1,0.017509758,1,Kino
Where can i watch the television show The Private Affairs of Bel Ami ?,5,3,1,0.00013661286,1,Kino
Rate The Bourne Deception 4 of 6,4,4,0,0.000149947,1,Kino
What movie schedules are at National Amusements,6,2,1,0.00014844231,1,Kino
add this song by Chieko Ochi to the drum & breaks playlist,0,0,0,0.00011678304,1,Kino
What are the movie schedules for the Dipson Theatres,6,2,1,0.00020652894,1,Kino
the previous book is five out of 6 stars,4,4,0,0.00014547567,1,Kino
What are the showtimes for Boy of Mine,6,1,1,0.0015290036,1,Kino
What is the cheapest price I can pay for the DVD called The Darkest Cloud ?,5,1,1,0.0011516524,1,Kino
Book a reservation for eight people in North Dakota,1,1,0,0.00017678116,1,Kino
search for the trailer The Thieving Magpie,5,1,1,0.0005152691,1,Kino
I'd like to watch Health Warning at the closest movie house,6,3,1,0.0011877351,1,Kino
List movie times at Cinemark Theatres,6,2,1,0.0006757369,1,Kino
find On Dress Parade,6,3,1,0.00038703647,1,Kino
play Chance Of A Lifetime on Zvooq,3,3,0,0.00010276362,1,Kino
Find the schedule for films around here .,6,2,1,0.0003162973,1,Kino
What are the movies scheduled to play at General Cinema Corporation,6,3,1,0.00057640276,1,Kino
what is the forecast for january twenty-eighth in Kentmore Park,2,2,0,0.0001171316,1,Kino
Please look for Catch a Falling Star,5,2,1,0.0019475576,1,Kino
find movie schedules for Dickinson Theatres,6,1,1,0.00030534258,1,Kino
where is The Country Bears playing,6,3,1,0.00035118833,1,Kino
Play me the show Cheaper By the Dozen 2,5,3,1,0.000106026586,1,Kino
Play me the song Aap To Aise Na The .,5,3,1,0.00016199946,1,Kino
add Bedroom Jams to album,0,0,0,0.00014449065,1,Kino
Incorporate a russel walder track onto gay's Funk Rock playlist.,0,0,0,0.00013639465,1,Kino
Play music off Itunes .,3,3,0,0.00010407943,1,Kino
Which animated movies are playing at the nearest movie house ?,6,3,1,0.0012282542,1,Kino
Find a saga called The Devil Went Down to Georgia .,5,3,1,0.0002972565,1,Kino
play fourties tunes by Bryan Webb on Groove Shark,3,3,0,9.541557e-05,1,Kino
search for the album Frog and the Birdsong,5,3,1,0.00014315473,1,Kino
i want to watch Mr. and Mrs. Bridge at a nearest cinema,6,1,1,0.0015445882,1,Kino
is Dishyum at the cinema,6,2,1,0.00086006545,1,Kino
Can yo find me the game A Silence That Screams ?,5,3,1,0.0004425682,1,Kino
Want to hear a chant by Nellie Mckay from the year 2008,3,3,0,9.283507e-05,1,Kino
Tell me the weather forecast for Korona,2,2,0,0.00011920724,1,Kino
Rate Canto for a Gypsy two of 6 stars,4,4,0,0.00014747695,1,Kino
I need to book a restaurant for seven people at elevenses Seafood restaurant,1,1,0,0.00018875297,1,Kino
Find the schedule for films at night at Great Escape Theatres .,6,1,1,0.0008274324,1,Kino
Find the show titled The Most Charming and Attractive,5,4,1,0.0042230394,1,Kino
read the book Journal of the Bombay Natural History Society,5,3,1,0.002137982,1,Kino
play a music ballad from the sixties,3,3,0,9.597575e-05,1,Kino
"book spot for four at Cliff House, San Francisco in Martinique",1,1,0,0.00016722963,1,Kino
I want to watch the TV show Down on Abby,5,3,1,0.000107152264,1,Kino
Find movie times .,6,3,1,0.0012011116,1,Kino
Show me The Advocate,5,4,1,0.14950123,1,Kino
Find The Crucible of Man Something Wicked Part 2 .,5,3,1,0.0005929827,1,Kino
Show movie schedules at AMC Theaters,6,1,1,0.00088006695,1,Kino
Find me a table at a javanese brasserie,1,1,0,0.00019246618,1,Kino
when can i see Red Hot Tires,6,2,1,0.00023352973,1,Kino
Can you find me Cracks the Safe ?,5,2,1,0.0084446035,1,Kino
find Live in Tokyo for me,5,3,1,0.00017651824,1,Kino
Find time for the movie schedule at Cineplex Odeon Corporation,6,2,1,0.00033140968,1,Kino
Play some gothic rock .,3,3,0,0.00010097547,1,Kino
I want to the latest ballad from Ira Losco,3,3,0,0.00011473797,1,Kino
What is the nearest cinema playing Patiala House,6,3,1,0.00046237285,1,Kino
show me the movie schedule in the neighbourhood,6,2,1,0.00012645763,1,Kino
Looking for a song with the title of Live at the Kings Center,5,0,1,0.0008133775,1,Kino
Add all together now to my playlist the road to punk rock,0,0,0,0.0001345496,1,Kino
Rate the text book New Finnish Grammar a four out of 6,4,4,0,0.00014965395,1,Kino
"Book a reservation for 1 at PM Park, Clear Lake, Iowa in Mongolia in 1 hour",1,1,0,0.00014691536,1,Kino
Show The drive of life album,5,3,1,0.34370947,1,Kino
show me the picture Totally True Love,5,0,1,0.025071673,1,Kino
Find a movie called No. 1 In Heaven .,5,3,1,0.0014218857,1,Kino
put this album on my dubstep dangles dirty playlist,0,0,0,0.00015993178,1,Kino
show the creativity of Ghost Dragon of Cold Mountain,5,5,1,0.6935031,1,Kino
I would like a table at a taverna with croquembouche for 1 minute from now,1,1,0,0.00018062415,1,Kino
Where can I buy a copy of the picture called Turn Against This Land ?,5,1,1,0.0020771422,1,Kino
I want to play a game called Scotland Tonight .,5,3,1,0.00022186994,1,Kino
Play music from the top-5 from artist Kenia Arias,3,3,0,9.65398e-05,1,Kino
Find the movie schedule for Amco Entertainment 1 minute from now .,6,2,1,0.00054189865,1,Kino
book me and my grandparents a restaurant in Saint Helens South Dakota,1,1,0,0.00018102261,1,Kino
show creativity of The Force Behind the Power,5,5,1,0.98118216,1,Kino
Find a soundtrack called Tied to a Star .,5,3,1,0.00013137203,1,Kino
What time is The Graduates of Malibu High playing at Cobb Theatres,6,2,1,0.00078056054,1,Kino
What will the weather be in Allenwood ?,2,2,0,0.000121441386,1,Kino
I'd like to see movie times please.,6,3,1,0.00010102079,1,Kino
Play a symphony from Bob Hardy please,3,3,0,9.710667e-05,1,Kino
What are the movie times ?,6,2,1,0.00015275198,1,Kino
Can I listen to Dj Vibe 's top 10 ?,3,3,0,9.97946e-05,1,Kino
I want to find The Very Best of Chicago Only the Beginning,5,2,1,0.0064150086,1,Kino
Find the schedule for Blood Orgy of the Leather Girls at a movie house .,6,1,1,0.00018467422,1,Kino
Rate Unlimited Power 4 of 6 points,4,4,0,0.00014733369,1,Kino
Find time for Enkitta Mothathe at Pacific Theatres,6,3,1,0.00022097844,1,Kino
show 50 Words for Snow creative picture,5,5,1,0.5449028,1,Kino
Book me a restaurant that serves festoni for eight in New Hampshire,1,1,0,0.00022654103,1,Kino
Where can I find The World According to Paris ?,5,2,1,0.0003192199,1,Kino
Show me the game Music Bank,5,3,1,0.0009831076,1,Kino
Find the movie schedules for Regal Entertainment Group .,6,2,1,0.0011857469,1,Kino
I want to play the game Show Me the Wonder,5,3,1,0.00013455104,1,Kino
Please search Crossing Muddy Waters work,5,2,1,0.0009009455,1,Kino
Is it humid in Parc national de Killarney,2,2,0,0.00012864046,1,Kino
Give me movie times,6,4,1,0.000728303,1,Kino
find the video game called Turnin Me On,5,3,1,0.00016321342,1,Kino
Find me the Lace and Whiskey soundtrack,5,3,1,0.00017188667,1,Kino
what is the forecast for Turtle Islands National Park,2,2,0,0.00011374922,1,Kino
Find a TV series called White Bread Black Beer .,5,3,1,0.0002924178,1,Kino
Tell me what films are currently playing at AMC Theaters,6,3,1,0.0010095652,1,Kino
"Is it warmer in Monson , U.S. Minor Outlying Islands",2,2,0,0.0001166724,1,Kino
Show me the closest 12 A.M. showing at a movie house of an animated movie,6,1,1,0.00024672158,1,Kino
Play The Happy Blues by Ronnie Wood .,3,3,0,0.000102865626,1,Kino
I need an animated movies in the area for dinner time,6,1,1,0.00024053249,1,Kino
"Can I get a restaurant reserved in Luquillo , District Of Columbia ?",1,1,0,0.00018011793,1,Kino
Find book called Dreams and All That Stuff,5,3,1,0.001610679,1,Kino
add September to winter music,0,0,0,0.00013218477,1,Kino
Find the movie schedule .,6,2,1,0.00092342537,1,Kino
Lets see the TV series 7even Year Itch .,5,3,1,0.00015546705,1,Kino
book a table for seven in Walpole,1,1,0,0.00022022532,1,Kino
What will the weather be like in twenty two minutes at San Pasqual Battlefield State Historic Park,2,2,0,0.00012902112,1,Kino
When is The Blood Stain playing at the movie house ?,6,3,1,0.00092421746,1,Kino
When is Heat playing near me?,6,2,1,0.00014672102,1,Kino
I need a reservation in Steele City,1,1,0,0.00017055443,1,Kino
Where can I get movie schedule,6,1,1,0.0011551057,1,Kino
show me the Evil Dead painting,5,3,1,0.28351334,1,Kino
show movie schedules,6,2,1,0.00018691547,1,Kino
Show me the trailer A Self Made Hero,5,0,1,0.003969913,1,Kino
play a tune from 1962,3,3,0,9.7773605e-05,1,Kino
I'd like to see movie times for animated movies playing in the neighborhood that are starting now .,6,1,1,0.0018313545,1,Kino
Search for The Sound of One Hand Clapping,5,3,1,0.0008124007,1,Kino
Find the TV show titled Timerider The Adventure of Lyle Swann,5,3,1,0.0003988791,1,Kino
Play pop,3,3,0,9.950677e-05,1,Kino
show movie schedule of The Big Mouth,5,2,1,0.00027582337,1,Kino
Play Strength of Street Knowledge on Groove Shark,3,3,0,0.00010800837,1,Kino
Play the music of Filipp Bedrossowitsch Kirkorow 's theme,3,3,0,0.00011897607,1,Kino
play The Rest of My Life,5,3,1,0.00010428024,1,Kino
Give two points to One Virgin Too Many,4,4,0,0.00012273986,1,Kino
Please find Brand New Strings,5,3,1,0.00015565008,1,Kino
Which animated movies are playing today at KB Theatres ?,6,3,1,0.0011554788,1,Kino
Book a table for 1 person at a popular brasserie in Jansen that serves english food,1,1,0,0.00020730463,1,Kino
Where can I find the song Red Back Fever,5,3,1,0.0001972352,1,Kino
Find the novel called Loyalty .,5,3,1,0.003037736,1,Kino
What is the current temperature here,2,2,0,0.000119558164,1,Kino
Rate the current novel five of 6,4,4,0,0.00014003982,1,Kino
I give Warheart 5 stars .,4,4,0,0.00013733015,1,Kino
What's the weather in New Beaver,2,2,0,0.000115993,1,Kino
I'd like to rate the book White Dawns at zero of 6 stars .,4,4,0,0.00012813041,1,Kino
How can I see the TV series Mothstorm ?,5,3,1,0.00082165253,1,Kino
find Tortured Man,5,3,1,0.00035581368,1,Kino
Find the schedule for The Voice in the Fog at night at the closest movie house .,6,2,1,0.0032045369,1,Kino
Rate this album 3 stars,4,4,0,0.00013800221,1,Kino
What animated movies are playing in thirteen hours at the closest movie theatre,6,3,1,0.0005518119,1,Kino
Find painting Big Ideas,5,3,1,0.010336776,1,Kino
Where can I listen to the song The Imposter ?,5,3,1,0.000100184916,1,Kino
Book me a table for a party of eight in Germany .,1,1,0,0.00018893751,1,Kino
Give this album 1 stars .,4,4,0,0.00013219783,1,Kino
Give me the movie schedule for Cineplex Odeon Corporation,6,2,1,0.00030612745,1,Kino
Please find me the Classified book .,5,1,1,0.061698858,1,Kino
find films closest to a cinema,6,1,1,0.0002884588,1,Kino
What time is Murph the Surf playing,6,3,1,0.00093781954,1,Kino
find Berlin to the Samba Beat,6,0,1,0.00011417186,1,Kino
play Tales from the Organ Trade,5,3,1,0.00010982079,1,Kino
Can I see movie schedules for movies this evening in the neighbourhood ?,6,2,1,0.0001770745,1,Kino
Show me a movie schedule .,6,1,1,0.0034110039,1,Kino
Find movie schedules for movies in the area .,6,1,1,0.00080591603,1,Kino
What time is Cold Prey 3 playing at cinema,6,3,1,0.0001685159,1,Kino
Look for the TV series All Around Performance Horse Weekly,5,3,1,0.0011822365,1,Kino
Find the movie schedule for ArcLight Hollywood .,6,2,1,0.00032811557,1,Kino
I would like this song added to my princesas indie playlist.,0,0,0,0.000113965776,1,Kino
What time is High Tide at Noon showing,6,2,1,0.00013613753,1,Kino
Find me the movie times for the Marcus Corporation,6,2,1,0.00065953634,1,Kino
Swine Not ? deserves four points,4,4,0,0.0001505316,1,Kino
Find the schedule for Screen Souvenirs at Cinemark Theatres .,6,1,1,0.0004586091,1,Kino
Find the album Orphan Girl at the Cemetery,5,3,1,0.0008030483,1,Kino
Please search the Irv Gotti Presents The Murderers picture .,5,3,1,0.0004260237,1,Kino
When does Of Stars and Men play?,6,3,1,0.00022099957,1,Kino
"find American Psychologist , a game",5,3,1,0.0008711469,1,Kino
what animated movies are showing nearby,6,2,1,0.0007419981,1,Kino
I'd like to watch May Blossom,6,3,1,9.199859e-05,1,Kino
give this textbook zero out of 6 points,4,4,0,0.0001457604,1,Kino
Give the book Buzz about Bees a 2 star rating out of 6 .,4,4,0,0.00015335293,1,Kino
Show me the album Til the Morning,5,0,1,0.0012036059,1,Kino
read the novel On-Line Encyclopedia of Integer Sequences,5,5,1,0.7137904,1,Kino
will it be chilly in Cistern,2,2,0,0.00012977434,1,Kino
Look for the trailer to Hickory Daily Record .,5,1,1,0.0006288858,1,Kino
show creativity of Southtown,5,3,1,0.0019053419,1,Kino
Find The Coffin .,5,1,1,0.002523538,1,Kino
What's it like in Bahrain right now ?,2,2,0,0.00012926926,1,Kino
I want to listen to some Aaliyah,3,3,0,9.5972544e-05,1,Kino
Can you add some Tommie Sunshine to my chill out playlist,0,0,0,0.00012203202,1,Kino
Show me Happiness Was Free .,5,2,1,0.2960485,1,Kino
Show me the work titled The Perfect Gentleman which is a song,5,0,1,0.0038552766,1,Kino
Can you play a top song from a chyi chin concerto,3,3,0,0.00010833002,1,Kino
Is The Man Who Won playing at 6 P.M. ?,6,3,1,0.0012789265,1,Kino
find Whosoever Shall Offend at Showcase Cinemas,6,1,1,0.00033999427,1,Kino
play Signe Anderson chant music that is newest,3,3,0,0.00012311005,1,Kino
Play the most popular ep by marcel khalife on Netflix,3,3,0,9.5974436e-05,1,Kino
I'm wondering when I can see Hurry Sundown .,6,2,1,0.00012564968,1,Kino
Get me information on The Riverfront Times,5,2,1,0.00021381829,1,Kino
play the song Red Lanta,5,3,1,9.9994664e-05,1,Kino
play The Sea Cabinet,5,3,1,0.00010417849,1,Kino
Play the Seamus Heaney Collected Poems song,5,3,1,0.00011068315,1,Kino
Give this series 3 stars,4,4,0,0.00013733044,1,Kino
show me movie times for Southern Theatres,6,1,1,0.0023882918,1,Kino
play the video game The Genesis Machine,5,3,1,0.00012776602,1,Kino
When is The Naked Eye playing at the closest movie theatre,6,3,1,0.00022251376,1,Kino
add this album to my de camino a clase playlist,0,0,0,0.00012914276,1,Kino
what movies are showing in the neighborhood,6,2,1,0.00014729341,1,Kino
Do you know if it will be chilly today in Puerto Rico,2,2,0,0.000117588505,1,Kino
Rate this essay two out of 6 stars,4,4,0,0.00015350305,1,Kino
in the area find some films,6,3,1,0.00057608075,1,Kino
Add Sunday Express Live to workout playlist,0,0,0,0.0001270169,1,Kino
I'd like to eat at a restaurant in MD with a party of 8,1,1,0,0.00017388463,1,Kino
show me the schedule of movie Thirty Two Short Films About Glenn Gould in 14 minutes,6,1,1,0.012570204,1,Kino
Search for The Adventures of Cookie & Cream,5,3,1,0.0003371145,1,Kino
What movies are showing now at the closest cinema ?,6,2,1,0.0005406552,1,Kino
Show the movie schedule for animated movies in the neighbourhood,6,2,1,0.00096899754,1,Kino
can you give me the movie times,6,2,1,0.001078688,1,Kino
Use itunes to play dancing playlist,3,3,0,0.00011827621,1,Kino
Search for Innocence from Hell,5,3,1,0.00014161757,1,Kino
Play The Birds And The Bees by Ceca .,3,3,0,0.000103568826,1,Kino
Like to book a seat in Monaco for the Yankee Doodle Coffee Shop,1,1,0,0.00013875602,1,Kino
Find me Haunted Castle,5,3,1,0.0015672717,1,Kino
I'd like to book a table at a restaurant for a group of 4,1,1,0,0.00018986,1,Kino
play Another Time,5,3,1,9.805829e-05,1,Kino
I would like Ignacio Figueredo 's tune added to electroNOW .,0,0,0,0.00011781305,1,Kino
Where can I purchase Paradise Tonight online?,5,1,1,0.00035319914,1,Kino
Give 4 points / 6 to Last Day in Limbo,4,4,0,0.00013773348,1,Kino
show movie times,6,2,1,0.00028402757,1,Kino
find movie schedules,6,2,1,0.0018638456,1,Kino
Find the schedule for Tailspin Tommy in the Great Air Mystery .,6,2,1,0.007054814,1,Kino
can i get the showtimes for films in the neighbourhood,6,1,1,0.00022921886,1,Kino
I'd like to watch The Holy Office at Cooper Foundation,6,3,1,0.00011801541,1,Kino
Can you play top Zvooq by Fink ?,3,3,0,0.00011275471,1,Kino
Add Tony McGuinness to my playlist I Love My 90s Hip Hop,0,0,0,0.00013079167,1,Kino
show schedule for Cin cin,5,2,1,0.00013637914,1,Kino
Help me locate The Tristan Betrayal,5,2,1,0.030662786,1,Kino
"Please reserve a table at the food truck in Wheeler for december 4th, 2019",1,1,0,0.00013619743,1,Kino
Please get me the Crime and Punishment in Suburbia trailer .,5,2,1,0.0036585229,1,Kino
Rate this album a one,4,4,0,0.00012614332,1,Kino
What will the weather be in Nationalpark Rila on Nov. 25 ?,2,2,0,0.00012323377,1,Kino
Find a book called Environment and Behavior .,5,5,1,0.9810191,1,Kino
Show me the movie Purple Heart Diary .,5,5,1,0.66169316,1,Kino
show me The Edge of Love photograph,5,5,1,0.5652011,1,Kino
I want to play the game Guitar Heaven ... The Greatest Guitar Classics of All Time,5,3,1,0.00014059112,1,Kino
Add the name Shall We Dance to playlist Rock,0,0,0,0.00012590612,1,Kino
What time does Tie a Yellow Ribbon play at Magic Johnson Theatres ?,6,3,1,0.0022302063,1,Kino
Please make reservations for three at a kosher taverna nearby our secondary residence,1,1,0,0.00018783545,1,Kino
I want to go see A Troll in Central Park .,6,1,1,0.0002703808,1,Kino
What are the movie schedules for movies playing in the neighborhood,6,2,1,0.00024580376,1,Kino
Tell me the closest movie house playing Black Rage,6,3,1,0.0005514623,1,Kino
can you get me the trailer of The Multiversity ?,5,1,1,0.00042149168,1,Kino
Play Kaori Mochida 's most popular music on Google Music .,3,3,0,0.00010097541,1,Kino
Where is the closest movie theatre that is playing movies now,6,1,1,0.00037749927,1,Kino
Find a television show called The High Chaparral .,5,3,1,0.0013659497,1,Kino
I want to book a restaurant neighboring Livonia Av,1,1,0,0.00015276085,1,Kino
I'd like to hear the song Impractical Jokers UK,5,3,1,9.265374e-05,1,Kino
Find the movie schedule for animated movies around here .,6,2,1,0.00453332,1,Kino
Show me the book The Republican Brain,5,5,1,0.8792428,1,Kino
Give this textbook 5 points,4,4,0,0.00014878003,1,Kino
rate the book The Ninth Avatar 3 out of 6 stars,4,4,0,0.00014878008,1,Kino
What time is cinema playing The Village Priest ?,6,3,1,0.0005495802,1,Kino
Show me the movie times for Caribbean Cinemas in 1 second .,6,2,1,0.0018079011,1,Kino
Play me the saga The Party’s Over,5,3,1,0.00011885719,1,Kino
Give me the showtimes for The Rum Diary at MJR Theatres at meal time.,6,1,1,0.00020696718,1,Kino
will it be colder this Saturday in NC,2,2,0,0.00011862765,1,Kino
Can i get the movie times for Fox Theatres ?,6,2,1,0.0014609549,1,Kino
rate this current book album four stars,4,4,0,0.00014364022,1,Kino
Show the movie schedule and movies around here,6,2,1,0.0003494936,1,Kino
Is Fighting With Buffalo Bill playing at the closest movie house,6,3,1,0.00032012066,1,Kino
Book a reservation for a trentino restaurant in Kansas,1,1,0,0.00013248714,1,Kino
rate the book A Brief History of Chinese Fiction 0 out of 6 points,4,4,0,0.00016086904,1,Kino
Find the schedule for animated movies in the area .,6,2,1,0.0007556276,1,Kino
Find the Saison 7 de How I Met Your Mother show,5,3,1,0.0006069735,1,Kino
I'd like to see the saga Tamagotchi 64 Minna de Tamagotchi World,5,3,1,0.00014146864,1,Kino
Find a television show called Servidor Apache .,5,3,1,0.0012878706,1,Kino
Is the start time 151652 for movies in the neighborhood,6,2,1,0.00015891272,1,Kino
Play the soundtrack for Back to the Future,5,3,1,9.72959e-05,1,Kino
Find the schedule for Heart Beats .,6,5,1,0.7082775,1,Kino
Where can I purchase the TV series The Royal Sessions,5,3,1,0.00088485755,1,Kino
I'd like to see the picture TeleForm,5,3,1,0.021861183,1,Kino
Where is the nearest movie theatre that is playing The King Maker,6,1,1,0.0013027343,1,Kino
Find The Madwoman in the Attic .,5,1,1,0.001105587,1,Kino
Make reservations at a restaurant in Adrian that serves cheese steak,1,1,0,0.00016018207,1,Kino
Please tell me what the movie schedule looks like for the AMC Theatres in twenty one hours,6,2,1,0.00018401927,1,Kino
Find movie schedules .,6,1,1,0.0028705457,1,Kino
Find the movie schedule for movies in the area .,6,2,1,0.0015795694,1,Kino
What is the movie times at Marcus Corporation,6,2,1,0.00017334144,1,Kino
Add artist to playlist Epic Gaming,0,0,0,0.00012788783,1,Kino
Play White Noise .,3,3,0,0.00010407918,1,Kino
I want to watch the show Frank Sinatra Sings the Select Sammy Cahn,5,3,1,9.319443e-05,1,Kino
book a spot for seven in 8 seconds from now,1,1,0,0.00020229012,1,Kino
Add anti ep to esenciales,0,0,0,0.00012689286,1,Kino
find the game titled IParty with Victorious,5,3,1,0.0006553825,1,Kino
Will there be wind in AS,2,2,0,0.0001229897,1,Kino
Need find the book called Hollywood Connection,5,1,1,0.034916013,1,Kino
find movie schedules in Warren Theatres,6,1,1,0.00036566352,1,Kino
Is the television show Kamen Rider OOO Wonderful The Shogun and the 21 Core Medals streaming anywhere?,5,2,1,0.0005561835,1,Kino
"I wish to watch The Fold trailer , please search.",5,3,1,0.0028728128,1,Kino
rate The Ghost House series a one,4,4,0,0.000122621,1,Kino
find a movie house for 0752 showing Ganges River to Heaven,6,1,1,0.00017553866,1,Kino
Find me the Princess Battles song,5,3,1,0.00013709086,1,Kino
I'd like to hear Cry Baby Cry by Ally Kerr .,3,3,0,0.000100377605,1,Kino
play Miguelito top charting album,3,3,0,9.522543e-05,1,Kino
I am looking for the TV show called the Flight of the Lost Balloon,5,2,1,0.0044756797,1,Kino
Which movie theatre is playing The Good Guys and the Bad Guys ?,6,3,1,0.00018835801,1,Kino
Find the schedule for films at Cobb Theatres .,6,1,1,0.00090654107,1,Kino
I'd like to know what movies are on the movie schedules nearby .,6,2,1,0.00027082115,1,Kino
book a table at 043628 at the northeast indian restaurant,1,1,0,0.00012956934,1,Kino
Play a trailer for Give It All,5,3,1,8.815674e-05,1,Kino
Rate The Man Who Sold the Moon a 5 .,4,4,0,0.00014490823,1,Kino
Find a trailer called No Reservations .,5,1,1,0.00015493695,1,Kino
What time is The Message playing at Loews Cineplex ?,6,2,1,0.0008605509,1,Kino
I want to book a joint in a spa .,1,1,0,0.00015414864,1,Kino
Find me Royal Astronomy,5,3,1,0.0065140207,1,Kino
show creativity of the picture The Little Death,5,4,1,0.29168978,1,Kino
I want the movie schedule for animated movies in the area,6,2,1,0.00045866912,1,Kino
Find the movie schedule at twelve AM .,6,1,1,0.00082984706,1,Kino
Find a game called A Very Special Christmas 7 .,5,3,1,0.0048189997,1,Kino
Play the music of Aphex Twin 's good Album,3,3,0,0.00010038556,1,Kino
Show me the trailer for The Glades .,5,1,1,0.0019343729,1,Kino
Where can I see No Time to Die ?,6,2,1,0.0006956013,1,Kino
What's the weather this Summer in Djibouti,2,2,0,0.00011724563,1,Kino
show creativity of Sacred Fire Live in South America,5,3,1,0.0024599514,1,Kino
book me a restaurant at Sint Maarten on sun .,1,1,0,0.000234996,1,Kino
find the TV show Starship Titanic,5,3,1,0.00019502307,1,Kino
I want to know what movies are showing at the nearest movie house .,6,1,1,0.0017415065,1,Kino
Find the Blood Red Sandman,5,3,1,0.00014502287,1,Kino
what animated movies are in the area,6,2,1,0.0009636134,1,Kino
I want to put Paul Young onto all new all now .,0,0,0,0.00014575767,1,Kino
Find movies playing at the closest movie theatre,6,1,1,0.0005255214,1,Kino
Find The Fire in Our Throats Will Beckon the Thaw TV show,5,0,1,0.0029436175,1,Kino
find Sappho,5,3,1,0.0002862773,1,Kino
play the movie Post Inferno Soundtrack,5,3,1,9.96043e-05,1,Kino
Is it supposed to be chilly in Boiling Spring Lakes ?,2,2,0,0.0001246846,1,Kino
Find Think act,5,3,1,0.004801994,1,Kino
Please show me the movie schedule for animated movies playing in the neighborhood .,6,2,1,0.044786356,1,Kino
please add this artist to my Zen Focus playlist,0,0,0,0.000121437406,1,Kino
find animated movies nearby,6,3,1,0.0011287043,1,Kino
book a spot at an osteria that has goiano in Ward Springs,1,1,0,0.00017234683,1,Kino
I'd like to hear the song In a Reverie,5,3,1,0.0006580008,1,Kino
Find the schedule for for close by movies .,6,1,1,0.0048385314,1,Kino
find Join the Dots B-sides and Rarities,5,3,1,0.00015012661,1,Kino
Can you find the painting Shake! Otis at Monterey,5,3,1,0.00067508424,1,Kino
find movie times,6,3,1,0.0023896059,1,Kino
show me the movie schedule for the Cooper Foundation,6,2,1,0.00025353197,1,Kino
where can i see A Slice of Life,6,3,1,0.0029933893,1,Kino
Is it going to be hotter within walking distance of Ohio on 3/22/2038,2,2,0,0.000133114,1,Kino
Find a painting called Smash Crusher .,5,3,1,0.0012967165,1,Kino
Find the trailer for Real Men Cry,5,1,1,0.0007753095,1,Kino
when is Hefner Unauthorized showing at Magic Johnson Theatres,6,2,1,0.00080848386,1,Kino
when is Our Story showing next at North American Cinemas,6,2,1,0.00068210386,1,Kino
I want to see the trailer for Australian Economic History Review,5,3,1,0.00030907895,1,Kino
I want to add Black Ribbons to the i love my neo soul playlist,0,0,0,0.00012274946,1,Kino
Play symphony music from 1991 by Irvin Mayfield,3,3,0,9.72018e-05,1,Kino
"on April the twenty-seventh, 2022 , I'd like to make reservations at a spanish diner .",1,1,0,0.00015991132,1,Kino
add antisleep volume 04 in All Out 70s playlist,0,0,0,0.00012347053,1,Kino
What's the movie schedule,6,2,1,0.00017717243,1,Kino
Book a restaurant in WI at 132234 for 9 people.,1,1,0,0.00019759494,1,Kino
"What is the weather for Cormorant , ME",2,2,0,0.00014357605,1,Kino
is there expected of rainfall in Horton of Connecticut,2,2,0,0.00012419862,1,Kino
is Traffic at the movie theatre,6,2,1,0.00017197646,1,Kino
"find Episodi di South Park , a trailer",5,1,1,0.00022678726,1,Kino
I need a table somewhere in Culver City WA,1,1,0,0.0001346026,1,Kino
There can I find The Beggar Maid playing,6,3,1,0.0001154155,1,Kino
What films are scheduled at the closest cinema ?,6,1,1,0.00035652105,1,Kino
Can you please get me the book Dracula 5 The Blood Legacy ?,5,4,1,0.014844894,1,Kino
"Play Oj, Jelena, Jelena, Jabuka Zelena by Ler Lalonde .",3,3,0,0.000104279505,1,Kino
Tell me what movies are at AMC Theatres .,6,1,1,0.014480171,1,Kino
What are the timings for Starship Troopers 2 ?,6,2,1,0.0010616775,1,Kino
Can I see the movie schedules ?,6,2,1,0.00037895076,1,Kino
What's the closest cinema playing Chuckys Baby now ?,6,3,1,0.00028121634,1,Kino
Please rate Think Like a Freak 3 points out of 6 .,4,4,0,0.00014834428,1,Kino
What is the cheapest online price for the Instincts saga ?,5,2,1,0.018982712,1,Kino
Find the show The Sword of the Lictor,5,3,1,0.0051228595,1,Kino
Find the McGill Law Journal movie,5,3,1,0.0026609504,1,Kino
Can I see the album SWAT Force ?,5,3,1,0.00011421629,1,Kino
Search for Teenage Mutant Hero Turtles Fall of the Foot Clan photograph,5,3,1,0.00020680597,1,Kino
"What will the weather be in Montevallo on july ninth, 2018 ?",2,2,0,0.00011475478,1,Kino
Please find me the nearest cinema playing Foreign Intrigue .,6,3,1,0.0016155924,1,Kino
Play music from the eighties on Slacker .,3,3,0,0.0001002877,1,Kino
add a shot at glory to calm before the storm,0,0,0,0.00013206693,1,Kino
Find the movie schedule for Dipson Theatres .,6,1,1,0.0008056491,1,Kino
Can you play a chant by Butch Trucks on Spotify,3,3,0,0.00010117144,1,Kino
give zero out of 6 points to The False Peace,4,4,0,0.0001392204,1,Kino
book a sushis serving restaurant in Uzbekistan,1,1,0,0.00013977563,1,Kino
Is The Ghost playing,6,3,1,0.00059190823,1,Kino
what films are showing nearby,6,2,1,0.00036558427,1,Kino
I need movie schedules,6,2,1,0.0004813791,1,Kino
What time is The Bride from Hell playing at Malco Theatres,6,3,1,0.0002693456,1,Kino
Listen to Power Gaming playlist,3,3,0,9.1307455e-05,1,Kino
in the neighbourhood find 11 p.m. movie schedules for movies,6,2,1,0.0006599211,1,Kino
Play chant music by Ira Losco on Iheart .,3,3,0,0.00010499766,1,Kino
Is any cinema playing The Spirit of Youth,6,3,1,0.00017587972,1,Kino
play anything from 1970,3,3,0,0.00010347093,1,Kino
Find a picture called Neighbourhood .,5,1,1,0.06714707,1,Kino
"book for jessie, dale wright and lupe at a bistro on feb. 20, 2040",1,1,0,0.0001865349,1,Kino
Find Secret Command .,6,3,1,0.004152376,1,Kino
Rate Renewable Electricity and the Grid one stars out of 6,4,4,0,0.00017496115,1,Kino
find The Dead Matter at Speakeasy Theaters,6,1,1,0.00048948213,1,Kino
What time is The Crystal Gazer playing at the closest cinema ?,6,2,1,0.0003677936,1,Kino
Can you find the trailer for The Young Martyr ?,5,1,1,0.00032502908,1,Kino
around here find movie schedule for films,6,2,1,0.0011414026,1,Kino
I want to hear some Boris Grebenchtchikov on Zvooq,3,3,0,0.000103361366,1,Kino
I'm looking for the show called The Origin of the Milky Way,5,5,1,0.44174996,1,Kino
Play me the song Just to See You Smile .,5,3,1,0.0001144172,1,Kino
show movie times in North American Cinemas,6,2,1,0.00033579126,1,Kino
Find a movie schedule for 12 hours from now .,6,1,1,0.00022161665,1,Kino
Please play something on Iheart from artist Ari Gold last album,3,3,0,9.476447e-05,1,Kino
is the weather freezing in AK,2,2,0,0.00013841673,1,Kino
show creativity in All Nudity Shall Be Punished,5,0,1,0.008602173,1,Kino
find me a game called Spaceball,5,3,1,0.0044994517,1,Kino
Is The Suicide Shop playing at Southern Theatres,6,3,1,0.00033838098,1,Kino
find a TV show called The Traffic Policeman,5,3,1,0.00053347705,1,Kino
What time are movies showing around here,6,2,1,0.00012142789,1,Kino
Where is Nichiren to Mōko Daishūrai playing,6,3,1,0.0015245287,1,Kino
Turn on Spotify to Tiny Tim ep,3,0,0,0.0001490679,1,Kino
book a spot for seven at a brasserie with ginestrata,1,1,0,0.00022237464,1,Kino
Give the current series two stars .,4,4,0,0.00013053001,1,Kino
Is Happy Ghost III at Caribbean Cinemas,6,3,1,0.00072357664,1,Kino
Whats the closest cinema that shows movies at 12 A.M.,6,1,1,0.00021885624,1,Kino
Find films available at Cooper Foundation,6,3,1,0.0013739803,1,Kino
"find The Prince of Temple Street , a picture",5,3,1,0.00024794572,1,Kino
Looking for video game For Those Who Would Walk with the Gods,5,3,1,0.0034855676,1,Kino
What are the movie times for animated movies nearby ?,6,2,1,0.00022079794,1,Kino
"add Hello Central, Give Me Heaven to Indie Pop",0,0,0,0.00011793065,1,Kino
What's the weather forecast for my current location on jun. 2 ?,2,2,0,0.00011419538,1,Kino
I'd like to see The New Jackals,5,3,1,0.00012912937,1,Kino
What animated movies are playing at IMAX Corporation ?,6,3,1,0.0002686381,1,Kino
What time do the movies play at Southern Theatres ?,6,2,1,0.0009554161,1,Kino
where can I see the trailer for Love on the Beat,5,3,1,0.00027222343,1,Kino
"I need a weather forecast for São Tomé and Príncipe on December 8th, 2026",2,2,0,0.00011678669,1,Kino
"How is the weather in Getzville , Minnesota ?",2,2,0,0.00011441817,1,Kino
Go to movie times at IMAX Corporation,6,1,1,0.000972218,1,Kino
Looking for a game called Phinally Phamous,5,3,1,0.0013705444,1,Kino
Play playlist Chilled R&B,3,3,0,0.00013202213,1,Kino
What animated movies are playing at IMAX Corporation,6,3,1,0.00017957398,1,Kino
find Sweet Sensation,5,3,1,0.000806028,1,Kino
find nearby films with movie schedules,6,1,1,0.0013403225,1,Kino
What movies are playing at Regal Entertainment Group,6,3,1,0.00049736723,1,Kino
Find me the picture The Id,5,2,1,0.0035615682,1,Kino
Look for a photograph of Tailwind,5,3,1,0.271507,1,Kino
I feel that The Loveday Trials is rated at a one out of 6 points .,4,4,0,0.00013362568,1,Kino
Where can I find the movie called Cracking Contraptions ?,5,3,1,0.0023094064,1,Kino
Give the current saga a three,4,4,0,0.0001268847,1,Kino
give me a list showtimes for The Night of Taneyamagahara,6,2,1,0.00093022094,1,Kino
Find the movie schedules for Speakeasy Theaters .,6,1,1,0.00114233,1,Kino
I'm looking for movie schedule for films playing in the neighborhood .,6,1,1,0.0009856545,1,Kino
find Flesh and Bullets,5,3,1,0.0031540287,1,Kino
rate If Tomorrow Comes 2 of 6 stars,4,4,0,0.00014733442,1,Kino
find a television show called Happy Trails,5,3,1,0.00041146541,1,Kino
Rate this current album 0,4,4,0,0.00011942833,1,Kino
What film is playing nearby,6,3,1,0.0019983428,1,Kino
"this winter , meredith, betty and erika want to food at a gastropub that is in the same area as fran's location .",1,1,0,0.00026710145,1,Kino
Find a trailer called Sheriff of Tombstone .,5,1,1,0.00017862435,1,Kino
PLpay the top ten track from Asia Nitollano on spotify .,3,3,0,0.000111439054,1,Kino
Show me The Tivington Nott,5,2,1,0.020209733,1,Kino
find movie times,6,3,1,0.0023896059,1,Kino
Play Ik Hou Van Jou by Elena Temnikova,3,3,0,0.00010706553,1,Kino
rate in stars as a 6 for Lord of the Shadows which gets a four,4,4,0,0.00013854301,1,Kino
what films are playing at the closest movie house,6,3,1,0.0011686287,1,Kino
Buy Cannabis painting,5,3,1,0.00052042934,1,Kino
find Quiet Night In,6,2,1,0.00020463392,1,Kino
Book a restaurant in Switzerland for 3 .,1,1,0,0.0001995452,1,Kino
I want to eat panisses the nearby cafeteria in Naytahwaush,1,1,0,0.0001727241,1,Kino
"add Hello, My Lover, Goodbye to my Deathcore playlist",0,0,0,0.00014350456,1,Kino
find the game Company of Heroes,5,3,1,0.0011049511,1,Kino
Find the Apple Address Book television show,5,3,1,0.0017342528,1,Kino
Can you make reservations for a party of eight in Iowa,1,1,0,0.00016787424,1,Kino
Give the current book im reading zero points out of 6 .,4,4,0,0.0001401759,1,Kino
Find a novel called Under Blackpool Lights .,5,3,1,0.0018201432,1,Kino
I wish to add this album to the dinner playlist,0,0,0,0.00012639753,1,Kino
Looking for the trailer for Shaolin Temple,5,1,1,0.00030531248,1,Kino
I'd like to watch The Slender Thread at 6 PM,6,3,1,0.00021867926,1,Kino
Play a song by Electric Tones from their Kurutta Taiyō album on Last Fm,3,3,0,0.00010009088,1,Kino
Book a churrascaria restaurant for 2 which serves mezes,1,1,0,0.00021388107,1,Kino
rate this book 1 out of 6,4,4,0,0.00015425435,1,Kino
Find a show called Some Kind of Dangerous .,5,1,1,0.0007120347,1,Kino
Show me the photograph of Minutes to Midnight,5,2,1,0.204889,1,Kino
Show me the book Playlist The Very Best of Dolly Parton,5,0,1,0.0013938998,1,Kino
Where and when can I see The Image Makers,6,2,1,0.13703693,1,Kino
What time is movies playing around here,6,2,1,0.00023891903,1,Kino
When Religion Becomes Evil is only worth 1 stars,4,4,0,0.00014113501,1,Kino
show me the movie schedule,6,2,1,0.00030367333,1,Kino
Where to see painting Twelve Angry Men,5,3,1,0.0024690079,1,Kino
I'd like a table for Midday at The Unseen Bean,1,1,0,0.00015877976,1,Kino
Find the work I Looked Up,5,2,1,0.010796042,1,Kino
Is A Tree Grows in Brooklyn playing in one hour,6,3,1,0.00011738535,1,Kino
What is the nearest movie house playing New York Melody,6,3,1,0.00053270184,1,Kino
what movie theatre is showing If the Huns Came to Melbourne,6,2,1,0.00026670579,1,Kino
Find the movie schedules at Magic Johnson Theatres,6,2,1,0.00034932775,1,Kino
Find HeroQuest II Legacy of Sorasil .,5,3,1,0.0011379187,1,Kino
Make a reservation for eunice thompson and elisa martin in the Virgin Islands in one minute .,1,1,0,0.00015502107,1,Kino
Grab a table at a restaurant in Minnesota that serves ice cream cake,1,1,0,0.00016160081,1,Kino
Where can I watch the television show You Make Me Hate Music,5,3,1,0.00010345299,1,Kino
Rate this textbook only three points,4,4,0,0.00014280083,1,Kino
What time is A Battle of Wits starting?,6,2,1,0.00031421657,1,Kino
find Heat Wave,6,2,1,0.0007472052,1,Kino
Show me movie times for one minute from now,6,2,1,0.0004796745,1,Kino
rate this book titled Cold two stars,4,4,0,0.00015009324,1,Kino
book a restaurant for 6,1,1,0,0.00021179144,1,Kino
Find the album titled Spasmolytic,5,0,1,0.0004807469,1,Kino
I want to book a restaurant in Frenier 12 years from now for 4 people.,1,1,0,0.00018434066,1,Kino
Can I get the showtimes for The Scarlet and the Black at 12 pm .,6,1,1,0.00016638025,1,Kino
add this track to the playlist named cali fire,0,0,0,0.000120492085,1,Kino
is it going to be windy faraway from the Valley of Fire,2,2,0,0.00011701663,1,Kino
Where is Project A Part II playing?,6,3,1,0.00013097862,1,Kino
Book a table for three at a restarunt in Federal Hill,1,1,0,0.00018673691,1,Kino
Look for the District 9 novel,5,2,1,0.003923262,1,Kino
"find The Most Important People , a television show",5,3,1,0.00024027535,1,Kino
Where can I find the painting for A Christmas Story - Una storia di Natale ?,5,2,1,0.04262164,1,Kino
Add another MC chris track to my Blues Roots playlist.,0,0,0,0.00013626681,1,Kino
Play a top twenty symphony by Bumble Bee Slim,3,3,0,0.00010107368,1,Kino
Add a billy strayhorn song to my the selektor playlist,0,0,0,0.00013156146,1,Kino
find a movie theatre with Beware of Bachelors,6,1,1,0.00024689132,1,Kino
Does AMC Theatres have movie schedules out?,6,2,1,0.0003162468,1,Kino
book for one in Indiana at a restaurant,1,1,0,0.00013753763,1,Kino
Play the newest chant by John Doyle on Zvooq,3,3,0,0.00010038537,1,Kino
I rate American History A Survey a 5,4,4,0,0.00013349555,1,Kino
Play  music from the thirties .,3,3,0,9.6539785e-05,1,Kino
I need the movie schedules for Century Theatres,6,2,1,0.0002831777,1,Kino
Find me the book with the title of The Rainwater LP,5,3,1,0.014057609,1,Kino
find The Magical World of Roger Whittaker,5,3,1,0.000595933,1,Kino
Show me NCAA College Football 2K3,5,3,1,0.002560436,1,Kino
Show me Bâton Rouge,5,2,1,0.0008299302,1,Kino
give me the movie schedule,6,2,1,0.0002489446,1,Kino
When is The Sea of Grass playing at the movie theatre,6,3,1,0.000446203,1,Kino
Are there any animated movies playing at the closest cinema ?,6,3,1,0.0023780465,1,Kino
What are the movie schedules,6,2,1,0.00017291761,1,Kino
Where can I  get Lahore,5,2,1,0.0007371345,1,Kino
I'm looking for River Disturbance,5,2,1,0.00023502056,1,Kino
The current series only deserves two out of 6 .,4,4,0,0.00013284491,1,Kino
Find movie schedules for Star Theatres .,6,1,1,0.00033380458,1,Kino
I want the video game Southwest Riders,5,3,1,0.0006773046,1,Kino
play the Baldur’s Gate II Throne of Bhaal saga,5,3,1,0.00010716997,1,Kino
find movie times for movies in the neighborhood,6,1,1,0.00018224769,1,Kino
Show me the movie schedules for movies playing around here today.,6,2,1,0.0026782705,1,Kino
show Crafty Hands saga,5,3,1,0.0052655763,1,Kino
Whens the next showing of The Game of Their Lives,6,2,1,0.0003354436,1,Kino
Find The Passion of Michel Foucault novel,5,3,1,0.00050504296,1,Kino
find Phinally Phamous,5,3,1,0.00020090457,1,Kino
Play a new song form the eighties,3,3,0,9.475956e-05,1,Kino
Is it warm at seven AM in Greenland,2,2,0,0.00012191492,1,Kino
Book a table for 6 at a top-rated restaurant in North AMityville MA that serves south tyrolean food,1,1,0,0.00020629157,1,Kino
rate Until I Find You four points,4,4,0,0.0001245512,1,Kino
I would like to book a brasserie for nine in AR,1,1,0,0.00020329044,1,Kino
movie times at Cooper Foundation for sunset,6,1,1,0.0007348886,1,Kino
What animated movies are showing at Loews Cineplex,6,2,1,0.0016708777,1,Kino
Please tell me the movie times,6,2,1,0.00024155003,1,Kino
Where can I get the album So Fresh The Hits of Spring 2011,5,0,1,0.0003266241,1,Kino
I need to see some movie schedules,6,3,1,0.0005062893,1,Kino
is One Night Surprise at the cinema,6,1,1,0.00034229472,1,Kino
Put li yuchun 's album onto the kickass metal playlist.,0,0,0,0.00019084197,1,Kino
What animated movies are there nearby ?,6,2,1,0.000302741,1,Kino
find animated movies nearest at a movie house,6,1,1,0.00023229884,1,Kino
is Terminal Station at Cinemark Theatres,6,1,1,0.001416202,1,Kino
is it going to be cold in Readstown at 4 AM,2,2,0,0.00011920752,1,Kino
"I'm looking for Dead at 21 , the TV series",5,3,1,0.00027232664,1,Kino
Will it be cloudy in Guadeloupe next year,2,2,0,0.00012049607,1,Kino
Can you provide me with movie schedules for Century Theatres ?,6,2,1,0.008831208,1,Kino
What will the weather be like in 16 weeks at the Ivory Coast,2,2,0,0.00011759039,1,Kino
What painting is on The Cure discography ?,5,0,1,0.006714971,1,Kino
Give me the local movie times .,6,2,1,0.00049926457,1,Kino
Search for The World Is a Game,5,5,1,0.93814665,1,Kino
Give this textbook 0 out of 6 stars,4,4,0,0.00014950866,1,Kino
I need a restaurant that has internet access for a party of six,1,1,0,0.00021937588,1,Kino
When is The Stain playing at Loews Cineplex ?,6,3,1,0.00034477058,1,Kino
find a game called The Oh in Ohio,5,1,1,0.0017025025,1,Kino
Find movie schedules for movies around here at nineteen o'clock .,6,1,1,0.00041308912,1,Kino
Add a track to Fusion Fest,0,0,0,0.00011363532,1,Kino
I'm looking for the video game called The Supernatural Events on Campus,5,3,1,0.00883976,1,Kino
What's the weather forecast for tomorrow around Sankertown ?,2,2,0,0.000119909375,1,Kino
Find the novel What We Did on Our Holiday,5,3,1,0.050522126,1,Kino
rate the current textbook zero out of 6 points,4,4,0,0.00014336075,1,Kino
I want to watch the movie Godslayer,5,3,1,9.987913e-05,1,Kino
find Starcross,5,3,1,0.0015123659,1,Kino
find the So This Is Goodbye saga,5,3,1,0.001522638,1,Kino
Search for The Dark Side of the Mind movie,5,3,1,0.00049810525,1,Kino
find a Loews Cineplex with films,6,1,1,0.00046575817,1,Kino
I'd like to reserve a table at a pub that serves andouillettes within the same area in San Marino .,1,1,0,0.00021764782,1,Kino
show movie times now,6,2,1,0.00017086908,1,Kino
Add track to Afternoon Train Ride,0,0,0,0.00012714072,1,Kino
Find movie times for Alamo Drafthouse Cinema at 1037 P.M. .,6,1,1,0.00018996267,1,Kino
Would like to find the trailer for An Experiment with Time,5,1,1,0.0014904459,1,Kino
Find movie times for close by films .,6,1,1,0.00037450285,1,Kino
what time can i see Older Office Lady Using Her Seductive Tongue at Star Theatres,6,2,1,0.0012349703,1,Kino
add when ice met cream to This Is Alejandro Fernández playlist,0,0,0,0.00013680143,1,Kino
Show The Swan Princess,5,3,1,0.02985533,1,Kino
I need a reservation for Red Square on aug. the 9th,1,1,0,0.00015131659,1,Kino
Book a restaurant in Pinecliffe Missouri this month .,1,1,0,0.00042288908,1,Kino
add the artist a j pero to my Country Gold playlist,0,0,0,0.00011747074,1,Kino
Show me the photograph A Woman from the Street,5,1,1,0.017636053,1,Kino
What are the selections of films that are being shown at Cinemark Theatres ?,6,1,1,0.08904231,1,Kino
Add artist hex hector to my old school death metal playlist,0,0,0,0.00013130478,1,Kino
this saga deserves a score of four,4,4,0,0.00012443023,1,Kino
Play me some Terror music,3,3,0,9.97015e-05,1,Kino
Search for Polish Assault,5,2,1,0.0015834805,1,Kino
Find The Cerebellum book,5,3,1,0.03271451,1,Kino
What time is The Mailman playing,6,3,1,0.00037368227,1,Kino
Go to Your Heart Belongs to Me,5,3,1,0.0011405671,1,Kino
show creativity of Mind Chaos,5,5,1,0.9576239,1,Kino
I'm looking for the show Pulse 2 Afterlife,5,3,1,0.0020014145,1,Kino
Will it be freezing in the city of Sardis,2,2,0,0.000117473865,1,Kino
play the greatest james yorkston song,3,3,0,0.00010018929,1,Kino
Show me showtimes at the cinema for Chain of Events .,6,1,1,0.0002788995,1,Kino
I'd like to eat at a bar that serves corn relish with a party of five,1,1,0,0.0001960761,1,Kino
"What is the weather forecast in Ulen on mar. 2nd, 2035",2,2,0,0.0001136392,1,Kino
find Mann Theatres movie schedule,6,1,1,0.0018471819,1,Kino
Find Pursuit of Radical Rhapsody,5,3,1,0.00024210957,1,Kino
book a table around London Borough of Ealing that is highly rated in a gluten free bar,1,1,0,0.00015892086,1,Kino
Show me The Courts of Chaos,5,5,1,0.31363615,1,Kino
Which movies are playing at B&B Theatres at 2 pm ?,6,3,1,0.0023223711,1,Kino
what are the movie times for Consolidated Theatres,6,2,1,0.00024333599,1,Kino
"Can you find me the movie , The Girl and the General ?",5,3,1,0.00086053816,1,Kino
Add impossible is nothing to SPA Treatment,0,0,0,0.00015350281,1,Kino
Find a reservation within walking distance of pauline's place for a party of 10 at fourteen o'clock at a restaurant that serves aioli,1,1,0,0.0001874705,1,Kino
what is the forecast for Lille in Norway,2,2,0,0.00013092344,1,Kino
Play the trailer for A Lineage of Grace,5,3,1,8.928256e-05,1,Kino
Play a ballad by Owen Pallett from the seventies on Slacker .,3,3,0,9.9896504e-05,1,Kino
show Angels of Iron television show,5,3,1,0.0001596105,1,Kino
Find the schedule for animated movies in the neighborhood .,6,1,1,0.0020298206,1,Kino
Can you find a picture of The Rambler,5,2,1,0.06345441,1,Kino
play the album by Paul Barker playing the greatest from 1978,3,3,0,9.606954e-05,1,Kino
Please play songs by Lil Jon,3,3,0,0.00010117236,1,Kino
Find LaserLight .,5,3,1,0.06432163,1,Kino
give three out of 6 points to Blackbox,4,4,0,0.00013599548,1,Kino
Book me a table for 8 at a restaurant for seven pm,1,1,0,0.00021015808,1,Kino
Where is the closest cinema playing Osmanthus Alley,6,3,1,0.0015273007,1,Kino
Can I get the showtimes for The Kitchen Toto at Cineplex Odeon Corporation .,6,1,1,0.00021843765,1,Kino
show creative soundtrack Pitch Black Brigade,5,3,1,0.00011966055,1,Kino
When is Youth Without Youth being shown at the nearest movie house ?,6,2,1,0.00077354134,1,Kino
Give Twas the Night Before Christmas 0 points out of 6 .,4,4,0,0.00013759919,1,Kino
find a saga called Set Sail the Prairie,5,3,1,0.0007614176,1,Kino
Asiate restaurant in Sturgeon for 7,1,1,0,0.00016639802,1,Kino
show creativity of Wild About Animals,5,3,1,0.1420942,1,Kino
find Live at Memory Lane,5,3,1,9.9367004e-05,1,Kino
I'm looking for Welcome to the Canteen,5,1,1,0.00022411448,1,Kino
play a ballad by Chick Corea,3,3,0,0.00010028744,1,Kino
Add Geschwisterliebe to my string theory playlist.,0,0,0,0.00014576486,1,Kino
book a table in Cottondale not far for in two hundred sixty nine days,1,1,0,0.00013130554,1,Kino
"find Donkey Town , a show",5,1,1,0.0008177481,1,Kino
What's the movie schedule for B&B Theatres ?,6,2,1,0.00032644504,1,Kino
What is the weather like in the city of Frewen in the country of Venezuela,2,2,0,0.000109284614,1,Kino
my timeless love songs playlist should include viderunt omnes,0,0,0,0.00012966874,1,Kino
What time is Cabin Fever Spring Fever playing,6,2,1,0.00017652984,1,Kino
Find a photograph called Midnight Mystery .,5,3,1,0.16500534,1,Kino
What theater is playing Haunted Honeymoon,6,3,1,0.0001497685,1,Kino
Show me movie times at Cooper Foundation .,6,1,1,0.0024294655,1,Kino
I want to add Kool Keith to my chill out dinner playlist,0,0,0,0.0001300286,1,Kino
Find the schedule for the closest films at a cinema at meal time.,6,1,1,0.00029138284,1,Kino
Find me animated movies at Amco Entertainment tomorrow,6,1,1,0.00054785586,1,Kino
Find UNDER NIGHT IN-BIRTH,5,2,1,0.0015197182,1,Kino
Book a neighboring food truck with a spa in Dallesport for 4 people.,1,1,0,0.00018133351,1,Kino
Find the movie times for movies playing in the neighborhood,6,1,1,0.0005114206,1,Kino
add track to Punk Essentials,0,0,0,0.00012002321,1,Kino
"Can you help me locate the game , Coast ?",5,2,1,0.018755391,1,Kino
Play me a song by Avispa Music from 1965,3,3,0,0.00010097503,1,Kino
"Please look up the novel , Live to Dance .",5,3,1,0.00014488382,1,Kino
Please help me find the video game John Michael Montgomery discography .,5,0,1,0.00072014786,1,Kino
when this evening is Casa Amor Exclusive for Ladies playing and where,6,2,1,0.0009540107,1,Kino
find the game Gormenghast,5,3,1,0.00017105247,1,Kino
I'm looking for the television show titled Justice League,5,3,1,0.0041820696,1,Kino
please give me the movie schedule,6,2,1,0.00029243476,1,Kino
When can I see The Crew of the Dora,6,2,1,0.00030381168,1,Kino
find movies in the neighbourhood with movie times,6,1,1,0.00020228264,1,Kino
List movie schedules,6,2,1,0.0003934417,1,Kino
Play some music from 2011 on lastfm,3,3,0,9.911956e-05,1,Kino
where is My Song Goes Forth playing,6,3,1,0.00011195753,1,Kino
Find a video game called Family Dog .,5,3,1,0.00019359068,1,Kino
Let me get the movie schedule for lunch time.,6,2,1,0.0012255297,1,Kino
What movie schedule are in the area for animated movies,6,2,1,0.00019830545,1,Kino
When is Old Enough showing at the movie house ?,6,2,1,0.00020069993,1,Kino
"find Long Hello and Short Goodbye , a movie",5,3,1,0.00020292189,1,Kino
What movies are playing in the area,6,2,1,0.0015925164,1,Kino
I need a reservation for a highly rated bistro for a party of 10 .,1,1,0,0.0002149307,1,Kino
Rate this essay a four,4,4,0,0.00013520148,1,Kino
I'm looking for the song called Standing for Something .,5,0,1,0.0005512191,1,Kino
closest movie theatre with No Time for Sergeants,6,1,1,0.00021453781,1,Kino
Warren Island State Park distant Weather forecast for 11 am,2,2,0,0.000120024866,1,Kino
Where can I find the work It Was Raining That Night ?,5,2,1,0.000120232224,1,Kino
find a painting called The Other Bank,5,3,1,0.0012938393,1,Kino
Can you find me the ALMOST HUMAN painting ?,5,3,1,0.056574676,1,Kino
find Shanghaï Express,6,2,1,0.0019237457,1,Kino
Is Any Which Way You Can playing in 15 seconds,6,3,1,0.00018341516,1,Kino
Is Unsettled Land playing at the movie theatre,6,3,1,0.0001706428,1,Kino
Play top-50 Peter Frampton songs,3,3,0,9.931136e-05,1,Kino
what animated movies are showing at Star Theatres,6,2,1,0.0027349705,1,Kino
Find a soundtrack called The Christmas Shoes .,5,3,1,0.00010393518,1,Kino
I need movie times in the area for any type of movies,6,1,1,0.0002814677,1,Kino
What's the closest movie house that's showing animated movies ?,6,1,1,0.0004094511,1,Kino
I would give this current chronicle a value of 4 and a best rating of 6,4,4,0,0.00014031303,1,Kino
What time does The Maze start at Cineplex Odeon Corporation,6,2,1,0.00018059462,1,Kino
I'm looking for the trailer to Evil or Divine - Live in New York City .,5,0,1,0.00056682783,1,Kino
"Book a pub for two on jan. first, 2037 .",1,1,0,0.00016365683,1,Kino
where can i watch Willy Wonka & the Chocolate Factory,6,3,1,9.46579e-05,1,Kino
I'd like to see the picture Chrome Dreams,5,0,1,0.0017747541,1,Kino
Find movie schedules .,6,1,1,0.0028705457,1,Kino
When is The Woman going to be scheduled at the closest movie house ?,6,2,1,0.0010512929,1,Kino
Search for a picture of Darker than black,5,5,1,0.54606766,1,Kino
book a spot for 2 at a restaurant in Mayotte at 0613 AM,1,1,0,0.00016303043,1,Kino
play a track by Alpha Blondy with Deezer,3,3,0,9.8251156e-05,1,Kino
find me The Seven-Ups,5,3,1,0.0018987958,1,Kino
Will there be a storm nearby,2,2,0,0.00012504528,1,Kino
Find a picture called Battlefield Network .,5,5,1,0.9847782,1,Kino
add this matt bachand tune to pure rock & roll,0,0,0,0.00011747214,1,Kino
I'd like to watch Demolition Man at 1109 PM,6,3,1,0.00011956321,1,Kino
Add J J Cale to my heavy gamer playlist.,0,0,0,0.00013680063,1,Kino
give me the movie schedule at Santikos Theatres,6,2,1,0.0002451018,1,Kino
Show me a picture called Heart Like a Hurricane,5,5,1,0.579032,1,Kino
What movies are playing close by,6,3,1,0.0008035681,1,Kino
Give zero stars to this textbook,4,4,0,0.00014155068,1,Kino
I need a table for 9,1,1,0,0.00024563624,1,Kino
I'm looking for The Music of Nashville Season 3 saga,5,3,1,0.00013953322,1,Kino
rate Six Months in Mexico 1 out of 6,4,4,0,0.0001440616,1,Kino
add young maylay to Club Hits,0,0,0,0.000118508804,1,Kino
play No More Sorrow,3,3,0,9.81554e-05,1,Kino
Use Google Music to play some songs by Dr John,3,3,0,0.00011297348,1,Kino
What song is Detective Conan Dimensional Sniper,5,3,1,0.0007305901,1,Kino
Play music from Gavin Koppell movement,3,3,0,9.635178e-05,1,Kino
Where can I find the TV show Earth Defense Force 2025 ?,5,3,1,0.0005418262,1,Kino
I rate this essay a four of 6,4,4,0,0.00013867852,1,Kino
Play Soldier Boy from Melody Gardot,3,3,0,9.513497e-05,1,Kino
Search for Live Forever The Rise and Fall of Brit Pop TV show,5,3,1,0.00035499214,1,Kino
"When and where is Nefertiti, Queen of the Nile playing?",6,2,1,0.0019096724,1,Kino
Give the current essay five points .,4,4,0,0.00013666006,1,Kino
find me the nearest movie theatre that's showing The Spell of the Yukon,6,1,1,0.00022836961,1,Kino
"find Back for Good , a novel I want to read",5,3,1,0.00054961076,1,Kino
rate the current textbook 5 stars,4,4,0,0.00014791133,1,Kino
What movie times start in 22 seconds at Magic Johnson Theatres,6,2,1,0.00015715811,1,Kino
find the novel A Hat in Time,5,3,1,0.004444823,1,Kino
"Out of 6 , give Rivers of Babylon a 1",4,4,0,0.00013679516,1,Kino
Book a table for January the twentieth at a place far from your daughter's campus,1,1,0,0.00015784553,1,Kino
show me the movie schedule in the area near my home at seven AM for animated movies,6,1,1,0.0009847004,1,Kino
what films are playing at the closest movie house ar elevenses,6,3,1,0.0015828517,1,Kino
I'd like to watch the TV show Hola Mary Lou Prom Night II,5,3,1,9.392613e-05,1,Kino
Add a tune by alex gaudino to my The New Waltz playlist.,0,0,0,0.00013573225,1,Kino
show me the movie called People and Masks Part 2,5,5,1,0.9699985,1,Kino
Play some Maynard James Keenan songs from Scenes From The Big Chair,3,3,0,0.00010048373,1,Kino
what are some close by animated movies showing,6,3,1,0.00035208295,1,Kino
I need movie times for movies playing in the area,6,1,1,0.0015209897,1,Kino
Play Party Anthems,3,3,0,0.00010843641,1,Kino
find the movie Ircle,5,3,1,0.0004453324,1,Kino
Find the show We Chase the Waves,5,3,1,0.0002893895,1,Kino
What time is Between Tears and Smiles playing,6,3,1,0.0011368183,1,Kino
Which is the nearest cinema showing A Cooler Climate that starts now ?,6,2,1,0.00020299757,1,Kino
Want to find a photograph called The Nine Maidens,5,1,1,0.06481607,1,Kino
I need work of Father Dearest,5,3,1,0.00049674214,1,Kino
show creative photograph Island in the Sea,5,2,1,0.30298078,1,Kino
Play Robin Hood Rescuing Three Squires by Bhupinder Singh,3,3,0,0.00011520009,1,Kino
book in Falkland Islands at Atomic Cafe,1,1,0,0.00013184654,1,Kino
What time is Too Young to Marry showing,6,2,1,0.00036310515,1,Kino
find Dipson Theatres animated movies,6,3,1,0.00019103794,1,Kino
Find Fragile Frontiers The Secret History of Mumbai Terror Attacks .,5,5,1,0.99170226,1,Kino
find Trivial Pursuit America Plays,5,3,1,0.00011307855,1,Kino
this book gets a 1 out of 6 rating from me.,4,4,0,0.0001512704,1,Kino
find Thyme Travel,5,3,1,0.00021683851,1,Kino
find nearby movies,6,1,1,0.0018074217,1,Kino
play a john maher track,3,3,0,0.00010296724,1,Kino
book a spot for ten at a pub that has umbrian in NV on feb. the fourth,1,1,0,0.00017800707,1,Kino
What time is Phera playing,6,3,1,0.00039641478,1,Kino
Find me showtimes for A Christmas Story starting at eleven o'clock .,6,1,1,0.00017897261,1,Kino
Rate The Agent of Death with five stars out of 6,4,4,0,0.00015500847,1,Kino
Find the television show To Me,5,0,1,0.00061303104,1,Kino
find a cinema nearest for films,6,1,1,0.0002458633,1,Kino
Play the greatest Nicholaus Arson concerto from around 2000,3,3,0,9.710595e-05,1,Kino
Find the movie schedule for Fox Theatres at supper time.,6,1,1,0.0010384728,1,Kino
give me the movie times,6,2,1,0.0020499462,1,Kino
Show a movie schedule with Bow Tie Cinemas,6,1,1,0.00025525052,1,Kino
Please look up the Around the World in Eighty Days movie .,5,3,1,0.0008325472,1,Kino
play the Discografia de The Pretty Reckless saga,5,3,1,9.0423615e-05,1,Kino
Find a TV show called Frontiers in Ecology and the Environment .,5,3,1,0.17201474,1,Kino
show creativity of The House of the Dead,5,3,1,0.05083082,1,Kino
Book a restaurant in Darnell .,1,1,0,0.00019477922,1,Kino
I'm wondering when I can see Beating Heart at the nearest cinema .,6,2,1,0.003424973,1,Kino
Where can I see the movie Across the Line The Exodus of Charlie Wright ?,5,3,1,0.0003811208,1,Kino
Play any song from the eighties,3,3,0,9.560135e-05,1,Kino
play music by Bryan Maclean,3,3,0,9.653895e-05,1,Kino
Get me the Trick or Treats soundtrack .,5,3,1,0.00027558606,1,Kino
What movie house is playing Something for the Birds,6,3,1,0.00011507632,1,Kino
Can you help me search the album titled PlayMaker Football ?,5,0,1,0.0004977715,1,Kino
Find time for The Thirty Nine Steps,6,2,1,0.013415208,1,Kino
I want to play the video game The Coyote Kings of the Space-Age Bachelor Pad,5,3,1,0.00011397018,1,Kino
I want to know the temperate from January the twentieth in Brazil,2,2,0,0.00011990329,1,Kino
Find a trailer called Storm Center .,5,1,1,0.00021633628,1,Kino
Can you find me the trailer of the Hippocratic Oath ?,5,3,1,0.000971354,1,Kino
what time is Bordertown Trail showing,6,2,1,0.00012701502,1,Kino
Find the video game High Hopes & Heartbreak,5,3,1,0.00013825251,1,Kino
Find the Digital Champ Battle Boxing,5,3,1,0.00042138738,1,Kino
Find the From the Hut TV series,5,3,1,0.00011598624,1,Kino
Rate Real World four out of 6,4,4,0,0.00014675978,1,Kino
Where to buy book Bright Ambush,5,1,1,0.00016753415,1,Kino
Can you get me a table at a tavern in Slovakia,1,1,0,0.00013474462,1,Kino
I'd like to watch Abbott and Costello Meet the Keystone Kops at Amco Entertainment at 040811 AM,6,3,1,0.00031115068,1,Kino
listen to Westbam alumb Allergic on Google Music,3,3,0,9.72942e-05,1,Kino
forecast for Addo-Elefanten-Nationalpark,2,2,0,0.000120492834,1,Kino
"find The Little Death , a soundtrack",5,3,1,9.85829e-05,1,Kino
Find me The Wild Boys,5,3,1,0.00020003233,1,Kino
Do an image search for the picture Perfect Storm Disasters That Changed The World,5,2,1,0.0037729617,1,Kino
Where can I download the game Miss Robin Hood,5,3,1,0.00013624385,1,Kino
What animated movies are at Pacific Theatres,6,2,1,0.053414203,1,Kino
Add Roots of the Outsiders to Blues Roots,0,0,0,0.0001296478,1,Kino
I'm looking for local movie schedules .,6,2,1,0.0015816455,1,Kino
Find movie times for movies in the neighbourhood .,6,1,1,0.00018305091,1,Kino
Can you pull up showings for Pop Goes the Easel at the local movie theatre ?,6,3,1,0.001947732,1,Kino
Assign three stars out of 6 to The Dune Encyclopedia,4,4,0,0.0001477667,1,Kino
show me the television show Operation Thunderbolt,5,3,1,0.0054883035,1,Kino
I want to book an ethiopian bar for this Afternoon .,1,1,0,0.00016017533,1,Kino
What's the weather in Gabon,2,2,0,0.000113637965,1,Kino
add rise of the infidels to my bring back the 90s playlist,0,0,0,0.00012529253,1,Kino
Give me a list of movie times for films in the area .,6,2,1,0.000494149,1,Kino
"How is the weather in Edesville , MN ?",2,2,0,0.00011475419,1,Kino
Find me the soundtrack called Enter the Chicken,5,3,1,0.00010341507,1,Kino
read the novel Friend The Great Legacy,5,3,1,0.00014209838,1,Kino
Please book a room to accommodate one in 11 weeks near Bahamas restaurant,1,1,0,0.00013790718,1,Kino
When is The Jailbird showing at United Paramount Theatres,6,2,1,0.00023008634,1,Kino
Show The Caveman television show,5,3,1,0.0012795618,1,Kino
Tell me when it'll be cloudy in Woodport,2,2,0,0.00011520037,1,Kino
Need the closest movie house playing The Flamingo Rising,6,3,1,0.00041418723,1,Kino
find the video game Thale,5,3,1,0.00017071972,1,Kino
find the nearest animated movies at a movie theatre,6,1,1,0.00023251554,1,Kino
Where is Among the Great Apes with Michelle Yeoh playing and when,6,3,1,0.00010968784,1,Kino
when are animated movies playing at Goodrich Quality Theaters,6,3,1,0.0005633546,1,Kino
Play Elkie Brooks seventies sound track,3,3,0,9.825112e-05,1,Kino
help me find the work Graphics Animation System for Professionals,5,5,1,0.98774904,1,Kino
I'm looking for a game called Gateway,5,1,1,0.00745191,1,Kino
What are the movie times for movies premiering in the neighbourhood,6,2,1,0.00024135306,1,Kino
I'd like to watch Mission to Mir,6,3,1,0.00010181588,1,Kino
play Blind Company,5,3,1,0.00010336751,1,Kino
What time is Irreconcilable Differences playing Regal Entertainment Group,6,3,1,0.0022988804,1,Kino
Is Covered Wagon Days playing at B&B Theatres in 1 second ?,6,2,1,0.0011395563,1,Kino
add décadas to my list Neo da Matrix,0,0,0,0.0001248037,1,Kino
Rate Sandworms of Dune three out of 6 stars,4,4,0,0.00015365238,1,Kino
put four rating on The Raging Quiet,4,4,0,0.00013193577,1,Kino
Find the saga A Very School Gyrls Holla-Day .,5,0,1,0.00040042642,1,Kino
find a United Paramount Theatres and movie times at 4 A.M.,6,1,1,0.000154614,1,Kino
I need a reservation for 8 at a top-rated restaurant in Hagaman,1,1,0,0.00019059904,1,Kino
What's the weather in Koontz Lake,2,2,0,0.00011542842,1,Kino
I want to watch the movie X Window Display Manager,5,3,1,0.00012737943,1,Kino
Add died to the todo latino playlist,0,0,0,0.00014128177,1,Kino
Is it supposed to be hotter today in IL,2,2,0,0.00012965128,1,Kino
Play an album from 1987 .,3,3,0,0.000101867285,1,Kino
find the closest movie theatre for films,6,1,1,0.0003834704,1,Kino
Find a show called Lipstick Vogue .,5,1,1,0.0008047654,1,Kino
What time is Crush and Blush playing at Kerasotes Theatres,6,3,1,0.00018030447,1,Kino
"Rate this part of the series , The Harrowing of Gwynedd , zero out of 6 .",4,4,0,0.00014308085,1,Kino
read the Black-Body Theory and the Quantum Discontinuity novel,5,3,1,0.033207502,1,Kino
Can I get the movies showtimes for the closest movie house .,6,1,1,0.00019225503,1,Kino
Find the movie schedule for Cooper Foundation .,6,2,1,0.0004989565,1,Kino
Is The Lady and the Highwayman playing at 7 A.M. at Dipson Theatres ?,6,3,1,0.0007881294,1,Kino
Play some space music on Google Music,3,3,0,0.00010166842,1,Kino
"book a brasserie at Turtle Creek neighboring on march sixth, 2038 for eight",1,1,0,0.00016003274,1,Kino
Play Lorenzo Palacios Quispe,3,3,0,0.00010166293,1,Kino
Show me the novel All I Need to Know,5,2,1,0.058370344,1,Kino
Show The Bridge of San Luis Rey picture,5,2,1,0.013382562,1,Kino
Show me the soundtrack The Phoenix,5,3,1,0.00022576557,1,Kino
what time can i see Girls to Marry,6,2,1,0.00041016872,1,Kino
What are the movie schedules at Loews Cineplex Entertainment,6,2,1,0.00013126404,1,Kino
which is the nearest movie house playing The Diary of Anne Frank,6,3,1,0.00024435154,1,Kino
what day does the movie Star of the Circus play at ten PM,6,2,1,0.00018915863,1,Kino
What movie schedules are animated movies close by,6,2,1,0.0001601592,1,Kino
I need to find the So Nice soundtrack,5,3,1,0.00013999884,1,Kino
"find The Life of Riley , a photograph",5,3,1,0.000976236,1,Kino
Show me the movie times,6,2,1,0.0005273749,1,Kino
"What will the weather be in Dane on sep. the fifth, 2030 ?",2,2,0,0.00011588092,1,Kino
Show movie schedule and movies in the area,6,2,1,0.00016207292,1,Kino
What local movie house is playing Beat the Drum,6,3,1,0.00017689774,1,Kino
Find a painting called The Legend of Tashan Dorrsett .,5,3,1,0.0052910913,1,Kino
What are the movie times at Caribbean Cinemas,6,2,1,0.0002344304,1,Kino
movie times at Warren Theatres,6,1,1,0.0005000662,1,Kino
find A Feather in Her Hat at Magic Johnson Theatres,6,0,1,0.0022805294,1,Kino
What are the current showtimes for Love Fiction ?,6,2,1,0.00041779256,1,Kino
Show me movie schedules,6,2,1,0.00026124323,1,Kino
Book a table for 10 people at Dunbrody Country House Hotel in Strandburg .,1,1,0,0.0001656022,1,Kino
Give 5 of 6 stars to Expressive Processing,4,4,0,0.00015425388,1,Kino
Play me the TV show The Women of Our Home,5,3,1,0.00011275488,1,Kino
Anything close to Smith-9th St that can seat two people about one minute from now ?,1,1,0,0.00015750488,1,Kino
Please find the schedule for Jappeloup at Bow Tie Cinemas .,6,1,1,0.00025799422,1,Kino
"find Bal Ganesh 2 , a video game",5,3,1,0.00034973226,1,Kino
Play Slow Rock on Lastfm .,3,3,0,0.00011100723,1,Kino
When does Fire and Ice The Winter War of Finland and Russia television show air?,5,2,1,0.00034109992,1,Kino
What animated movies are playing at the closest cinema ?,6,3,1,0.0006422519,1,Kino
Where can I find the photograph of Mr Blobby,5,3,1,0.012508961,1,Kino
Is The Two Gladiators playing,6,3,1,0.0003436509,1,Kino
find the movie Don’t Break the Heart That Loves You,5,3,1,0.00014417594,1,Kino
I'd like to find the soundtrack Tianjin Today Evening News,5,3,1,0.00030421076,1,Kino
I need a schedule for the cinema that is showing The Shiralee,6,1,1,0.00022156289,1,Kino
show movie schedule of films in the area,6,2,1,0.00018006474,1,Kino
What is the nearest movie house playing The Miracle Rider,6,3,1,0.0006560022,1,Kino
What time is I Know That You Know That I Know lpaying,6,2,1,0.00028130572,1,Kino
What is Fantasy Zone II The Tears of Opa-Opa,5,3,1,0.00049424655,1,Kino
when does Miss Sloane play at IMAX Corporation,6,3,1,0.00014119867,1,Kino
Find me the book My People Were Fair and Had Sky in Their Hair… But Now They’re Content to Wear Stars on Their Brows,5,2,1,0.0022112755,1,Kino
Find Reverence for me,5,3,1,0.0024708414,1,Kino
Hocus Bogus gets a 2 of 6 .,4,4,0,0.00013206774,1,Kino
What films are in the neighborhood,6,2,1,0.00028503398,1,Kino
Show the movie schedule for Cooper Foundation at 9 o'clock,6,2,1,0.0005003518,1,Kino
Will it be freezing here at 063122 am,2,2,0,0.00013233602,1,Kino
Put nothing remains the same on my summer music playlist,0,0,0,0.00013155885,1,Kino
I want to watch the television show Naked II,5,3,1,0.0001018505,1,Kino
"Search for the TV show , A Lawless Street .",5,3,1,0.000467782,1,Kino
where is The Cycle playing,6,3,1,0.003208226,1,Kino
find movies at the nearest cinema,6,1,1,0.00016392863,1,Kino
Play something from 2004 by Imogen Heap on spotify,3,3,0,0.00010018994,1,Kino
I would rate Tree of Smoke a value of two or a best rating of 6,4,4,0,0.00012951485,1,Kino
I'm looking for a soundtrack titled Bowie at the Beeb,5,3,1,0.0013865111,1,Kino
Please find me Glass Cloud – Single .,5,0,1,0.0008432069,1,Kino
Are there any animated movies playing in the neighborhood ?,6,3,1,0.0019067391,1,Kino
find the Still Life American Concert 1981 soundtrack,5,3,1,0.00010946855,1,Kino
Is The Missing Clerk playing,6,2,1,0.0008499981,1,Kino
What movie times at Megaplex Theatres,6,1,1,0.00070970797,1,Kino
What's the weather supposed to be like in Elmer City,2,2,0,0.00012359465,1,Kino
I give this book five stars out of 6,4,4,0,0.00015350248,1,Kino
I'm looking to watch Savage Grace at Showcase Cinemas at thirteen o'clock .,6,1,1,0.0014953852,1,Kino
Find a trailer called Just Say Noël .,5,1,1,0.00024944617,1,Kino
What time is The Glass Key playing at Caribbean Cinemas,6,3,1,0.00023298772,1,Kino
Nightwork soundtrack download,5,3,1,0.00010377549,1,Kino
How will snowfall be here in 2/21/2022 ?,2,2,0,0.00011897598,1,Kino
What theater is showing From Paris with Love and when?,6,3,1,0.0008064774,1,Kino
What time is The Corner playing,6,3,1,0.0014683172,1,Kino
Put this track on Musica Española 2017,0,0,0,0.00013258489,1,Kino
What time does Johnny Got His Gun play,6,3,1,0.00034779846,1,Kino
Is the start eim 23 hours twenty one minutes and one second from now for Morgan – A Suitable Case for Treatment at Santikos Theatres,6,2,1,0.0008687053,1,Kino
Show The Matrix Revolutions,5,5,1,0.9645547,1,Kino
Show the forecast for two years from now in Lake Telemark Sudan,2,2,0,0.000116330884,1,Kino
Add Milas Poli to my Indie Bluegrass,0,0,0,0.00012298918,1,Kino
What's the movie schedule for Great Escape Theatres,6,2,1,0.00025154618,1,Kino
I'd like to see The River of Stars TV series,5,3,1,0.000118659234,1,Kino
I want to view the picture In Old Monterey .,5,2,1,0.0017357734,1,Kino
Add to playlist Confidence Boost Here Comes Santa Claus,0,0,0,0.00012541345,1,Kino
"find 300 March to Glory , a song",5,3,1,0.00017120207,1,Kino
Play some Gospel music.,3,3,0,9.338716e-05,1,Kino
I give Nothing Lasts Forever 5 out of 6 points .,4,4,0,0.00014210553,1,Kino
show movie schedules close by movies,6,2,1,0.00017425933,1,Kino
List movie schedules for animated movies playing in the neighbourhood,6,2,1,0.0013212889,1,Kino
Show me some movie times,6,3,1,0.0039294637,1,Kino
Book a reservation for 10 people at an oyster bar with a pool within the same area of Cowansburg for 10 Pm,1,1,0,0.00018081313,1,Kino
Rate The Hard Life 0 stars,4,4,0,0.00013759949,1,Kino
give the current album a 1,4,4,0,0.00012838053,1,Kino
I'm looking for the CineExport painting .,5,2,1,0.010331301,1,Kino
What time is The Brat playing at the movie house ?,6,2,1,0.00028000047,1,Kino
Find the movie Splendor in the Grass,5,3,1,0.00031066005,1,Kino
"book on feb. the twenty-sixth, 2026 in Tracyton for two at a cafe",1,1,0,0.00015310121,1,Kino
show movie times of films close by,6,2,1,0.00041985384,1,Kino
give zero out of 6 stars to Smart Girls Get What They Want book,4,4,0,0.00014776643,1,Kino
Play me a song from 1976 by Bennie Moten,3,3,0,0.00010156871,1,Kino
Tell me the weather forecast here,2,2,0,0.00012603035,1,Kino
add A Compilation of Warped Music II to workout twerkout playlist,0,0,0,0.00012726497,1,Kino
Will it snow in my current location,2,2,0,0.000114081675,1,Kino
add this track to my flamenco pa ti,0,0,0,0.0001213191,1,Kino
rate current album five,4,4,0,0.00011120072,1,Kino
Find The International Journal of Robotics Research soundtrack,5,3,1,0.40317252,1,Kino
play Yusef Lateef songs from the fifties,3,3,0,9.541466e-05,1,Kino
Add Kd lang to my Deep Focus playlist,0,0,0,0.00012227123,1,Kino
find the trailer for On the Good Ship Lollipop,5,1,1,0.00034318486,1,Kino
Is it chilly in Nightmute,2,2,0,0.00012952308,1,Kino
Can I see the the painting Another Life...Another End ?,5,3,1,0.007358759,1,Kino
"Where can I see the television show , Jimmy Two-Shoes ?",5,3,1,0.00011945411,1,Kino
Play Seasons In The Sun by Rosco Gordon on iheart,3,3,0,9.9993165e-05,1,Kino
What cinema is playing The Strongest Instinct now ?,6,3,1,0.00016577578,1,Kino
Give the current novel 5 points,4,4,0,0.00014519191,1,Kino
Give me the movie schedules for National Amusements .,6,2,1,0.00051252055,1,Kino
I'd like to see the album Heroes of Might and Magic IV,5,3,1,0.00010237947,1,Kino
play The Nubians of Plutonia trailer,5,3,1,0.000103168335,1,Kino
What time is The Count playing,6,3,1,0.00064890855,1,Kino
I need the weather in ND in three hundred fifty one days,2,2,0,0.00011667111,1,Kino
Show me It Might as Well Rain Until September,5,2,1,0.00012442088,1,Kino
Find the movie schedule .,6,2,1,0.00092342537,1,Kino
Is it going to be nicer next week in Hamel Belize,2,2,0,0.00013117943,1,Kino
Add Jon McLaughlin to my forever country playlist.,0,0,0,0.00014086677,1,Kino
Find a show called Ichibyōgoto ni Love for You .,5,3,1,0.0007865121,1,Kino
Find the movie times for animated movies around here .,6,1,1,0.0005858315,1,Kino
Will it be hot three minutes from now faraway from Saint Croix State Park,2,2,0,0.000117016156,1,Kino
What time is The Queen of Moulin Rouge playing?,6,2,1,0.0012333781,1,Kino
book a delicatessen that is indoor for 3,1,1,0,0.00022568066,1,Kino
Check the weather forecast for Biscay,2,2,0,0.00012096348,1,Kino
Where can I find Thor Meets Captain America ?,5,3,1,0.00025525835,1,Kino
Can you help me find Preaching to the Perverted ?,5,0,1,0.010111611,1,Kino
Which animated movies are playing in the neighbourhood ?,6,3,1,0.0015401571,1,Kino
Look for the album Slave to the Grind,5,0,1,0.0008484805,1,Kino
Add r u still in 2 it to the under the surface playlist,0,0,0,0.00011621497,1,Kino
book fast food that is highly rated,1,1,0,0.00014928644,1,Kino
find Plitt Theatres showing animated movies,6,3,1,0.0022270037,1,Kino
Rate this textbook 2 points .,4,4,0,0.00014476704,1,Kino
Show The Night Riders,5,2,1,0.010856077,1,Kino
Where can I view the picture of Workin’ with the Miles Davis Quintet,5,3,1,0.026371513,1,Kino
Can you search the picture titled The Accounting ?,5,2,1,0.12077878,1,Kino
Add this tune to the Spinnin' Records Top 100 list,0,0,0,0.000108425615,1,Kino
add pangaea to my Gold Edition playlist,0,0,0,0.00012238974,1,Kino
find Amanda Palmer Goes Down Under,5,3,1,0.00042748704,1,Kino
What is the book Sell Your Body ?,5,2,1,0.0023570529,1,Kino
Find the movie schedules for Cobb Theatres .,6,2,1,0.002876074,1,Kino
Where can I see Travelling Light ?,6,2,1,0.00061158004,1,Kino
When's Fools for Luck showing?,6,2,1,0.0002166508,1,Kino
find Naomi & Wynonna Love Can Build a Bridge,6,3,1,0.00072996365,1,Kino
Find Four Songs,5,3,1,0.00024270493,1,Kino
find a movie schedule in the neighborhood for animated movies,6,1,1,0.00019267539,1,Kino
Rate Measuring the World one points,4,4,0,0.00012700484,1,Kino
I'd like to watch movies at the nearest movie house,6,1,1,0.0014528283,1,Kino
I want to watch the television show Little Things,5,3,1,0.00010990253,1,Kino
show me the painting Live – Very Live in Concert,5,0,1,0.003127258,1,Kino
"Book sot for 7 at a restaurant that serves european in Stringtown on Feb. the 28th, 2034",1,1,0,0.00017405223,1,Kino
I'd like to find the book called The Years,5,3,1,0.030308805,1,Kino
What's the forecast for the weather at eight am in Oxford ?,2,2,0,0.00012014344,1,Kino
I give the next novel two stars,4,4,0,0.00016118126,1,Kino
find movies with movie schedules in the neighborhood,6,1,1,0.00040866286,1,Kino
find Chant Down Babylon The Island Anthology,5,3,1,0.00021093542,1,Kino
Rate trailer Geek Chic,5,4,1,0.00044362544,1,Kino
Book a table at any restaurant for eight people,1,1,0,0.0001900471,1,Kino
Where can I find movie schedules,6,2,1,0.0012218375,1,Kino
play Say A Word by La India,3,3,0,0.000106857406,1,Kino
I need the book titled Lullaby of Broadway,5,3,1,0.0022673253,1,Kino
I rate Mosses from an Old Manse a 0,4,4,0,0.00013546503,1,Kino
What's the weather going to be like not far from East Timor,2,2,0,0.000113749586,1,Kino
What animated movies are around here,6,2,1,0.00067544554,1,Kino
Where is the closest cinema playing Soapsuds and Sapheads,6,3,1,0.0016439854,1,Kino
Find Captain Kronos - Vampire Hunter .,6,3,1,0.0034791282,1,Kino
Play the playlist funtime activity,3,3,0,0.00010907174,1,Kino
Open Groove Shark and play sound track from Dj Cameo,3,3,0,0.00010748211,1,Kino
Search for the Exiles of Time book,5,3,1,0.004578265,1,Kino
Add this album to my orgánica playlist.,0,0,0,0.00015993063,1,Kino
Find the Hopeless Romantic photograph,5,3,1,0.00036951096,1,Kino
What are the movie times for Megaplex Theatres,6,2,1,0.0005147437,1,Kino
How will the weather be in Kentucky this week ?,2,2,0,0.00011713194,1,Kino
Play me the most popular Lillian Hardin song on Itunes,3,3,0,9.979883e-05,1,Kino
find The Real Story with Gretchen Carlson,5,3,1,0.0030062478,1,Kino
Want to see the Dungeons & Dragons Chronicles of Mystara,5,3,1,0.00029831225,1,Kino
Find a TV series called The Golden Hits of Sandie Shaw .,5,3,1,0.00021949993,1,Kino
Is Live Forever The Rise and Fall of Brit Pop playing at the closest cinema in 1 minute,6,3,1,0.00014642467,1,Kino
Add this track to the Sin Ti playlist,0,0,0,0.00012322946,1,Kino
Add I Messed Up to Hit Rewind,0,0,0,0.00011219951,1,Kino
What is the movie schedule at Cineplex Odeon Corporation 12 hours from now,6,2,1,0.00012731689,1,Kino
where is The Incite Mill playing,6,3,1,0.0030911681,1,Kino
what's Southern Theatres movie schedule,6,2,1,0.00035948827,1,Kino
add Jalal Zolfonun to my Nature Noise,0,0,0,0.00012298799,1,Kino
What is the movie schedule for the B&B Theatres,6,2,1,0.00027814502,1,Kino
Can you get me seating for 5 people 1 minute from now in Tuvalu,1,1,0,0.00020319289,1,Kino
What is the movie schedule today at Neighborhood Cinema Group ?,6,2,1,0.00018430092,1,Kino
Find The Way West show,5,2,1,0.0015026821,1,Kino
Show GD&TOP painting,5,3,1,0.00082464964,1,Kino
Give me the movies in the neighborhood,6,1,1,0.001065647,1,Kino
What is the nearest movie house playing George Washington Slept Here,6,3,1,0.0014244425,1,Kino
I need info on the video game Iron Fist,5,3,1,0.006993324,1,Kino
I'd looking for the saga PlayCanvas .,5,0,1,0.0016996898,1,Kino
what time is The Dungeonmaster playing at AMC Theaters,6,3,1,0.0003437134,1,Kino
Can I get the showtimes for films at the closest movie house .,6,1,1,0.00022040927,1,Kino
play the TV series BET Awards 2013,5,3,1,9.882684e-05,1,Kino
what is the Johnson Creek forecast for chilly weather,2,2,0,0.00011967454,1,Kino
Show me the TV show Limit of Love Umizaru,5,3,1,0.0009836416,1,Kino
play some Kyle Ward from the seventies,3,3,0,9.495053e-05,1,Kino
find the closest starting now movie house with animated movies,6,1,1,0.000494668,1,Kino
Look up The Cool Cafe Cool Tape Vol. 1 video game,5,3,1,0.0001171133,1,Kino
Show me the films at the closest cinema,6,1,1,0.008376584,1,Kino
Tell me the movie schedules,6,2,1,0.00022659206,1,Kino
What will the weather be in NM in 1 minute,2,2,0,0.000116107345,1,Kino
What's the movie schedule at Great Escape Theatres,6,2,1,0.00018158463,1,Kino
Show the My World 2.0 photograph,5,4,1,0.0010004571,1,Kino
What will the weather be ten minutes from now in Canada ?,2,2,0,0.00011839722,1,Kino
What time is My Son Shall Be Armenian playing at Plitt Theatres,6,3,1,0.00020296479,1,Kino
"find the nearest movie house showing Good Morning, Babylon",6,1,1,0.00043331296,1,Kino
find the novel Make Peace Not War,5,3,1,0.0019628245,1,Kino
play The Widow of Saint-Pierre saga,5,3,1,9.540846e-05,1,Kino
Is Dead Fish playing at the movie house,6,3,1,0.0001674758,1,Kino
"I need a table for ten on april the eighteenth, 2030",1,1,0,0.0001878138,1,Kino
show creativity in Call Me Joe,5,3,1,0.013995964,1,Kino
put Pause on my Días de Frío playlist,0,0,0,0.00012250098,1,Kino
Is the films 19 hours from now playing at Landmark Theatres,6,2,1,0.00045780317,1,Kino
I'd like to see the picture The Principle of Hope,5,5,1,0.9905275,1,Kino
add git to Domingo Indie,0,0,0,0.00012504765,1,Kino
Who published the novel JamesEdition ?,5,3,1,0.017520912,1,Kino
play a movement from top-20 1983 by Baruch Chait,3,3,0,0.00011187867,1,Kino
What movie times are around here playing animated movies,6,3,1,0.00070472626,1,Kino
Add album to Acoustic Spring,0,0,0,0.000120727826,1,Kino
Play good Pure Soul on netflix,3,3,0,9.202728e-05,1,Kino
Find me the Fruit of Life television show .,5,3,1,0.00039627054,1,Kino
"Book a table at Top Pot Doughnuts in Greensburg , AMerican Samoa",1,1,0,0.0001612575,1,Kino
What time is Phil Ochs There but for Fortune playing at the movie house,6,2,1,0.0001567623,1,Kino
Find a song called You Cross My Path .,5,3,1,0.00017029059,1,Kino
Find Dyskografia Nick Cave and the Bad Seeds .,5,3,1,0.000113333335,1,Kino
book a spot for nine in Lavalette Guam,1,1,0,0.00017834328,1,Kino
book a cafe for one in the Cocos Islands,1,1,0,0.00016800767,1,Kino
"I want to book the distant downtown Tribeca Grill for august the twenty-third, 2025 for wilda and jacklyn",1,1,0,0.0001678551,1,Kino
Find me a saga by Reproductions,5,3,1,0.00019079461,1,Kino
Play a symphony from 2013 .,3,3,0,9.863615e-05,1,Kino
Find a movie called Greatest Time of Year .,5,3,1,0.00053106504,1,Kino
show Thousand Miles movie,5,2,1,0.007411575,1,Kino
Play the top Maynard James Keenan .,3,3,0,0.00010727731,1,Kino
i wanna listen to a the top-twenty track of Denniz Pop in Pandora,3,3,0,9.0070156e-05,1,Kino
search for movie Turn Back the Clock,5,3,1,0.00023105554,1,Kino
find Alamo Drafthouse Cinema with animated movies,6,1,1,0.0012683409,1,Kino
Play trailer of Do Whatever Turns You On,5,3,1,0.000103167586,1,Kino
What time is Wild and Wooly playing,6,3,1,0.00019982632,1,Kino
What are the movie times for animated movies playing close by,6,2,1,0.0005074739,1,Kino
I want to play the game Pesterminator The Western Exterminator .,5,3,1,0.00014350435,1,Kino
Where can I purchase a copy of the painting called Glimpses of World History ?,5,1,1,0.0010613402,1,Kino
Play a native us song on Last Fm,3,3,0,9.430233e-05,1,Kino
Find me the movie times for the Alamo Drafthouse Cinema,6,2,1,0.0012453137,1,Kino
Find the movie schedules at Goodrich Quality Theaters .,6,1,1,0.00022497878,1,Kino
When is The Outer Space Connection playing at the nearest cinema .,6,3,1,0.00020716283,1,Kino
What are the movie schedules for Speakeasy Theaters,6,2,1,0.0002684156,1,Kino
Give this essay a 2 out of 6 .,4,4,0,0.00014519173,1,Kino
Add this artist to piano chill,0,0,0,0.00012167456,1,Kino
find animated movies at Amco Entertainment,6,3,1,0.000651488,1,Kino
Let me know what animated movies are playing around here .,6,3,1,0.014992165,1,Kino
show creativity of painting of Me Too,5,5,1,0.7323648,1,Kino
Play music by Deenanath Mangeshkar,3,3,0,0.00010256278,1,Kino
Find movie times for Century Theatres .,6,1,1,0.00023614992,1,Kino
find animated movies close by with a movie schedule,6,1,1,0.0003699981,1,Kino
Find the movie schedule for animated movies in the neighbourhood .,6,1,1,0.0024778151,1,Kino
Will it be windy at Medicine Rocks State Park on May 24,2,2,0,0.000110789595,1,Kino
what is the forecast for Orienta for hotter weather,2,2,0,0.00011610615,1,Kino
where can I watch the TV show Terrorists The Kids They Sentenced,5,3,1,0.00010548098,1,Kino
Can you find me the National Anthem of the Ancient Britons television show ?,5,3,1,0.00034398714,1,Kino
Can i get the showtimes for films close by ?,6,1,1,0.00040897168,1,Kino
Find a movie schedule .,6,1,1,0.00024217722,1,Kino
Find a soundtrack called Meet The Vogues .,5,3,1,8.995955e-05,1,Kino
Look for the Nightmare on Providence Street saga,5,2,1,0.00022418055,1,Kino
what is the 11 pm forecast for here and far,2,2,0,0.000111331916,1,Kino
find a photograph called Accion Newspaper,5,1,1,0.0035004807,1,Kino
I would give Basic Battle Skills a rating of four,4,4,0,0.00012639031,1,Kino
"find Face the Truth , a TV show",5,3,1,0.00012437793,1,Kino
Can you search for Twilight Is Gone ?,5,2,1,0.00023629356,1,Kino
Where can I find the trailer for Sensations of 1945,5,1,1,0.000471137,1,Kino
For the Star Theatres is The Belles of St. Clements playing in 8 minutes,6,3,1,0.00033278452,1,Kino
Play any album from the twenties,3,3,0,0.00010117119,1,Kino
where is Wild America showing at zero P.M.,6,2,1,0.00017289972,1,Kino
find Journal of the Society for American Music,5,3,1,0.00053367857,1,Kino
I'm looking for a job in Inversion,5,1,1,0.00019281916,1,Kino
Please play a song off the Curtis Lee album Rough Diamonds,3,3,0,9.9410085e-05,1,Kino
Is there snowfall in Hineston New Hampshire,2,2,0,0.000111765425,1,Kino
Rate What Is Called Thinking ? 0 stars,4,4,0,0.000164201,1,Kino
what is the forecast for warm weather in Carl,2,2,0,0.00013767571,1,Kino
What is the cloud coverage in my current place,2,2,0,0.000104687395,1,Kino
find The Valentyne Suite,5,1,1,0.00030358534,1,Kino
I want to listen to Keep the Faith,5,3,1,8.927797e-05,1,Kino
Add 100% te ljubam to the Hit Remix playlist,0,0,0,0.00010992295,1,Kino
Show me movie schedule,6,2,1,0.000221589,1,Kino
Find a video game called The Last American Virgin .,5,3,1,0.0001991277,1,Kino
I need to book a table at The Star Inn that's within walking distance from my place in Ashland,1,1,0,0.00015295697,1,Kino
What films are going to be playing at Harkins Theatres at zero a.m. ?,6,2,1,0.0015548669,1,Kino
I want to hear the soundtrack to The Platinum Rule,5,3,1,9.059699e-05,1,Kino
Will it be freezing on 4/20/2038 in AMerican Beach NC,2,2,0,0.00013130654,1,Kino
Find a book called The Magic Christmas Tree .,5,1,1,0.009801283,1,Kino
find a movie schedule,6,1,1,0.00039091866,1,Kino
What is the local movie schedule,6,2,1,0.00013879806,1,Kino
Where can I view the TV series of W.I.T.C.H.,5,3,1,0.00016802725,1,Kino
play some Deezer oldies music,3,3,0,9.701227e-05,1,Kino
Can I get the movie schedule for 8 a.m. ?,6,1,1,0.0011497417,1,Kino
Fine a movie called Right Here Right Now .,5,1,1,0.0008103393,1,Kino
Where did the painting Highs in the Mid-Sixties go?,5,2,1,0.0013176093,1,Kino
give The Judas Tree a zero,4,4,0,0.0001298944,1,Kino
Rate Hate That Cat 1 out of 6 stars .,4,4,0,0.00014224436,1,Kino
find a TV show called Engaged to the Unidentified,5,3,1,0.0005213444,1,Kino
Show me the animated movies starting at 105618 a.m. at the nearest movie house,6,1,1,0.0003692491,1,Kino
Look up The Stars Are Indifferent to Astronomy,5,2,1,0.01300075,1,Kino
What is the movie schedule in five minutes for movies playing in the neighborhood,6,2,1,0.0002019827,1,Kino
Will it get windy in Ocean Breeze Park ?,2,2,0,0.000117819465,1,Kino
Is The Day of the Beast playing at three p.m. ?,6,2,1,0.0002700278,1,Kino
Book COVA in Frisco City for me and therese at eight pm,1,1,0,0.00015341706,1,Kino
What are the Mann Theatres showtimes for Secret Sunshine,6,1,1,0.0002518235,1,Kino
Find the schedule for films at the Douglas Theatre Company .,6,1,1,0.00081085233,1,Kino
Find the movie schedule .,6,2,1,0.00092342537,1,Kino
"I need to episodes for the TV series , Fast Food Nation .",5,3,1,0.0035935668,1,Kino
Find the closest movie house that plays animated movies,6,1,1,0.0015354464,1,Kino
Please show me the movie schedule for today.,6,2,1,0.00042981186,1,Kino
Find Next of Kin,5,3,1,0.0019152212,1,Kino
Pull up the movie Toy and Help Yourself,5,3,1,0.00063966843,1,Kino
"Can I rate the book My Life in France not one , but 6 stars ?",4,4,0,0.00013467389,1,Kino
Show me the television show The Angry Mob .,5,3,1,0.013238213,1,Kino
Find the movie CURL,5,3,1,0.0005952179,1,Kino
Find Resurrection of Evil .,5,5,1,0.88166475,1,Kino
Find the schedule for The Nightmare six hours from now at the nearest cinema .,6,1,1,0.00053077936,1,Kino
show movie times of Regal Entertainment Group,6,2,1,0.00038400234,1,Kino
I need to find the creative work Prince Hours,5,0,1,0.009031708,1,Kino
Find the Innocent When You Dream saga,5,3,1,0.0004411068,1,Kino
Please tell me movie times,6,2,1,0.00016639753,1,Kino
Show the Whispering Willows novel,5,2,1,0.04890353,1,Kino
rate this chronicle two points,4,4,0,0.00013493697,1,Kino
What is the weather iN Gipsy-Gordon Wildland Park,2,2,0,0.00011187713,1,Kino
Book a reservation at a restaraunt in CT,1,1,0,0.00014119704,1,Kino
Find the schedule for movies at Plitt Theatres .,6,1,1,0.00023975557,1,Kino
I give Life During Wartime a one out of 6 .,4,4,0,0.00014476714,1,Kino
Look for All Broken Up and Dancing which is a video game,5,3,1,0.00021471178,1,Kino
Which is the nearest cinema showing movies that start in nineteen seconds ?,6,1,1,0.00038456375,1,Kino
Rate the current novel four of 6 stars,4,4,0,0.00015275515,1,Kino
Find the TV series I Build the Tower,5,3,1,0.0002946886,1,Kino
Find the schedule for films at the closest movie house .,6,1,1,0.00022850277,1,Kino
I need movie times at Fox Theatres around zero PM,6,1,1,0.00029374575,1,Kino
Book a restaurant for 9 at 0037 PM,1,1,0,0.00017850025,1,Kino
Book a table for 8 people at Robinson House .,1,1,0,0.0002023057,1,Kino
book a spot for six in Greece,1,1,0,0.0001913379,1,Kino
play Cry Baby Lane,5,3,1,0.000107697204,1,Kino
Please book me a table for three at an american gastropub,1,1,0,0.00021450466,1,Kino
Play Praise The Lord And Pass The Ammunition .,3,3,0,0.00013054008,1,Kino
give one out of 6 points to this album,4,4,0,0.0001419668,1,Kino
add lil armstrong to my Adrenaline Workout playlist,0,0,0,0.0001265217,1,Kino
Add the da brat track to the Soak Up The Sun playlist.,0,0,0,0.00013092016,1,Kino
find the photograph Move Any Mountain,5,2,1,0.005362446,1,Kino
Find Your Personal Touch .,5,3,1,0.00082641526,1,Kino
Add Sheila to enamorándose,0,0,0,0.00012346974,1,Kino
what movies are close by,6,2,1,0.00013226885,1,Kino
Where is the closest cinema playing Good Night Good Morning,6,3,1,0.0009024938,1,Kino
What type of movie is Houston Press ?,5,2,1,0.0010465444,1,Kino
When is We Stick Together Through Thick and Thin playing at ArcLight Hollywood ?,6,3,1,0.0014055278,1,Kino
Will it be warm neighboring here in Whitehouse ?,2,2,0,0.00011610476,1,Kino
add the artist Pete Murray to my relaxing playlist,0,0,0,0.00013653409,1,Kino
I need animated movies in the area for dinner time,6,1,1,0.00032886336,1,Kino
Find a novel called East Liberty,5,3,1,0.00055146567,1,Kino
Is it warm faraway in Niger ?,2,2,0,0.00011264104,1,Kino
search for the show Champagne Showers,5,3,1,0.0016346175,1,Kino
Book a reservation for Clinton Street Baking Company & Restaurant distant from downtown,1,1,0,0.00016493468,1,Kino
Find a game called The Guyra Ghost Mystery .,5,3,1,0.0020345687,1,Kino
Is Rumor Has It playing,6,3,1,0.0005966159,1,Kino
what are the movie schedules ?,6,2,1,0.00016858173,1,Kino
"Add Star Light, Star Bright to my jazz classics playlist.",0,0,0,0.00012813754,1,Kino
Rate this novel 3 out of 6 points .,4,4,0,0.00014576013,1,Kino
Which animated movies are playing at Fox Theatres ?,6,3,1,0.0013874988,1,Kino
What is the movie schedule right now for movies around here,6,2,1,0.00018031982,1,Kino
Want to eat at The Meatball Shop that's within walking distance of erica's campus,1,1,0,0.00019815797,1,Kino
Show me movie schedules,6,2,1,0.00026124323,1,Kino
Find the schedule for Death Valley Manhunt .,6,2,1,0.00019315274,1,Kino
Find a game called Dynamite Warrior .,5,3,1,0.0012519151,1,Kino
what time is Company Men showing,6,2,1,0.00014141419,1,Kino
Find a photograph of Adventure Time The Secret of the Nameless Kingdom,5,3,1,0.0004917192,1,Kino
find movie schedules with animated movies close by,6,1,1,0.0017879249,1,Kino
I rate The Mathematical Magpie chronicle a 0 of 6,4,4,0,0.00014196688,1,Kino
When is Beyond My Reach scheduled at the nearest cinema ?,6,1,1,0.00081449747,1,Kino
Find movie schedules for nearby films .,6,1,1,0.00051714125,1,Kino
I need a cambodian brasserie restaurant that is top-rated,1,1,0,0.00017251303,1,Kino
book in town for 3 at a restaurant outdoor that is not far,1,1,0,0.00019172717,1,Kino
Is Jack the Ripper playing in one hour at the nearest movie house ?,6,2,1,0.0011425075,1,Kino
What movies are playing at Dipson Theatres,6,3,1,0.0015730584,1,Kino
What is the weather forecast for Maryland,2,2,0,0.00012227368,1,Kino
Give Star Trek The Motion Picture a five out of 6 .,4,4,0,0.0001377328,1,Kino
"Please search the work, Eve-Olution .",5,3,1,0.0046611223,1,Kino
"Please find the novel , Good Doctor",5,3,1,0.00090938964,1,Kino
Can I see the movie times for the Great Escape Theatres,6,2,1,0.001015951,1,Kino
I want to see the movie schedule for North American Cinemas,6,2,1,0.0011522853,1,Kino
Find a book called Screwed .,5,3,1,0.0010679465,1,Kino
Add viktor merjanov to california rock state,0,0,0,0.00013079235,1,Kino
Where can I buy a used copy of the game called I Lie Around ?,5,1,1,0.0046524787,1,Kino
Book a popular restaurant for 5 people,1,1,0,0.00019916675,1,Kino
Show the Chemdex.com photograph,5,5,1,0.6080327,1,Kino
What animated movies are showing in the neighborhood,6,2,1,0.00032603482,1,Kino
Please find me the video game titled 20 Hours in America .,5,3,1,0.0013455774,1,Kino
Where can I purchase the TV show Time for Heroes,5,1,1,0.0009527963,1,Kino
book me a restaurant,1,1,0,0.00012753572,1,Kino
Find a soundtrack called I Still Believe in You .,5,3,1,9.529334e-05,1,Kino
I want to watch the TV series Rat Pack,5,3,1,9.2191636e-05,1,Kino
what films are showing in the neighbourhood,6,2,1,0.00021745579,1,Kino
Find the TV show The Daydreamer,5,3,1,0.00024585222,1,Kino
When is The Prince Who Was a Thief playing at the cinema ?,6,2,1,0.0010174321,1,Kino
Will it hail today in West Point at 113648,2,2,0,0.00012927037,1,Kino
Find My Tribute show,5,3,1,0.00017851683,1,Kino
Book a restaurant in the Dominican Republic in one minute for a party of eight,1,1,0,0.0001625369,1,Kino
what films are playing close by,6,3,1,0.0006572638,1,Kino
phyllis ward and veronica need a table at a restaurant in 152 days,1,1,0,0.0001501479,1,Kino
Where can I find the saga Addicted to Love,5,0,1,0.0010428047,1,Kino
What's the weather at my current location,2,2,0,0.00010864643,1,Kino
movie schedule for Harkins Theatres,6,1,1,0.0012389877,1,Kino
where is The Chief Cook playing,6,3,1,0.0003376018,1,Kino
Tell me what animated movies are being played at the closest movie house at 011900 AM,6,3,1,0.0013527081,1,Kino
I want to listen to the soundtrack The Om Years,5,3,1,9.059961e-05,1,Kino
find TV series titled A Life in the Death of Joe Meek,5,3,1,0.00018544238,1,Kino
find The Swindlers at the closest movie house,6,1,1,0.0001698065,1,Kino
can I get the showings for films at the nearest cinema in 1 minute,6,1,1,0.00033587407,1,Kino
what is the forecast for Costa Rica,2,2,0,0.00012191579,1,Kino
Can you please find me The Biggest Loser Brunei The Spirit of Life photograph ?,5,0,1,0.0002850187,1,Kino
play some Prabha Atre,3,3,0,0.000104792285,1,Kino
Play some rock music on Youtube,3,3,0,9.0071495e-05,1,Kino
Could I download Chavez Inside the Coup ?,5,0,1,0.00020206753,1,Kino
Add As I Was Going to St Ives to the fantasía playlist.,0,0,0,0.00015470953,1,Kino
What time is Hitman City playing,6,3,1,0.0013113765,1,Kino
Let me know the movie times for films in the area .,6,2,1,0.00028863968,1,Kino
Can you let me know where I can watch The Nest ?,6,2,1,0.00083495025,1,Kino
Reminiscences of the Anti-Japanese Guerillas chronicle deserves zero points out of 6 for a rating.,4,4,0,0.00013962867,1,Kino
play songs by Wise,3,3,0,9.854014e-05,1,Kino
Please give me the weather for Federated States Of Micronesia .,2,2,0,0.00011712792,1,Kino
Play me the soundtrack Ready,5,3,1,0.000110790665,1,Kino
Will it be warm in Cotati in Guinea-Bissau,2,2,0,0.00012143812,1,Kino
Tell me if it will storm at my current location,2,2,0,0.00011418528,1,Kino
Lets go to the Rainforest Cafe that is in the same area as 135th St,1,1,0,0.00016720589,1,Kino
When is Up the Yangtze playing at Goodrich Quality Theaters,6,3,1,0.00015275237,1,Kino
Rate Dictionary of the English Language a 4,4,4,0,0.0001605541,1,Kino
What movies are starting in 1 second at a theater in the neighborhood ?,6,1,1,0.0010801259,1,Kino
"I need Chapter One of the show , get it for me please.",5,3,1,0.0043860464,1,Kino
Find a movie called Dorothy and the Witches of Oz .,5,3,1,0.0006574932,1,Kino
"Help me find From Time to Time , a TV show",5,3,1,0.0036665725,1,Kino
find movie titled Triumph of the Spirit,5,3,1,0.00049175165,1,Kino
Add artist to laundry,0,0,0,0.00013949779,1,Kino
I would rate this current series I'm reading a two out of 6,4,4,0,0.00013586284,1,Kino
What's the nearest movie theatre playing Testament of Orpheus ?,6,3,1,0.00066298584,1,Kino
"find Touch of Eva , a TV show I want to see",5,3,1,0.00013810536,1,Kino
rate the current essay a one,4,4,0,0.00013155403,1,Kino
"find Terminator 3 The Redemption , a picture",5,3,1,0.0038032674,1,Kino
this essay is five stars for sure,4,4,0,0.00014086219,1,Kino
Weather for Faroe Islands,2,2,0,0.00011885827,1,Kino
"Pull up the video game , Apothecary Rx",5,3,1,0.00010499205,1,Kino
Where is My Dearest Enemy playing,6,3,1,0.00012960889,1,Kino
Where can I get the novel Flesh-Colored Horror,5,1,1,0.031070624,1,Kino
What time is Stranger in Town playing at the nearest cinema ?,6,2,1,0.0003788213,1,Kino
Go to the television show Nothing Without You,5,3,1,0.0001120114,1,Kino
What movie times are Harkins Theatres,6,2,1,0.00013414351,1,Kino
Add song to my Club Hits,0,0,0,0.00012250846,1,Kino
find Andreas Hofer at elevenses,6,1,1,0.0001878389,1,Kino
Book a restaurant .,1,1,0,0.00012862627,1,Kino
I want to read the book The Lion Sleeps Tonight,5,3,1,0.000167095,1,Kino
Play Johnny Gimble,3,3,0,9.6256226e-05,1,Kino
book a spot for six friends,1,1,0,0.00021723144,1,Kino
Give me some info on when Hands Across the Border will be laying at the cinema .,6,2,1,0.007389417,1,Kino
Play The Last Mile album,5,3,1,0.00011057443,1,Kino
Out of 6 stars I give the chronicle three and look forward to what's next .,4,4,0,0.00014604483,1,Kino
Find me The Memorial,5,2,1,0.012285062,1,Kino
Book me a reservation for 10 in Oman,1,1,0,0.00017748198,1,Kino
Look for Hail Satanas We Are The Black Legions,5,0,1,0.00088166073,1,Kino
Wish to fins a television show called Whole Again,5,3,1,0.0009861164,1,Kino
Find the schedule for close by movies .,6,1,1,0.001467429,1,Kino
Show me the movie times for animated movies in the area .,6,2,1,0.0042114053,1,Kino
find the painting ICAC Investigators 2014,5,2,1,0.004648342,1,Kino
Show The Lateness of the Hour,5,2,1,0.00012925851,1,Kino
Find the Show Your Hand show,5,3,1,0.11144061,1,Kino
find a nearby movie schedules for movies,6,1,1,0.00022680889,1,Kino
Find movie times for nine PM .,6,1,1,0.0001635671,1,Kino
Play the album Qr Iii by bobby bare,3,3,0,0.000100778,1,Kino
list movie times with meal,6,2,1,0.0008911438,1,Kino
Find the creative work Face Down,5,3,1,0.0036814,1,Kino
Is it humid in Otsego Réunion,2,2,0,0.00011701447,1,Kino
find the movie Chaos Is Me,5,3,1,0.00015534223,1,Kino
show creativity of Construction Project Information Committee,5,5,1,0.8200467,1,Kino
I would like to book the best food court with persian food within the same area as OK for my ex husband and I,1,1,0,0.00018985158,1,Kino
What is the weather in Deeth,2,2,0,0.00012251301,1,Kino
When is Dead Birds playing?,6,3,1,0.00053420826,1,Kino
add an album in Sweet Soul Chillout,0,0,0,0.00012383236,1,Kino
book in Southern Shores for 8 at Ariston Cafe,1,1,0,0.00017993606,1,Kino
Please search for Sealed with a Kiss movie .,5,3,1,0.004573536,1,Kino
Find movie times for animated movies in the area .,6,1,1,0.00032654326,1,Kino
Can I see the movie schedules ?,6,2,1,0.00037895076,1,Kino
Is it freezing at Jasmund National Park,2,2,0,0.000120612414,1,Kino
Can you find me The Assassination of Jesse James by the Coward Robert Ford saga ?,5,3,1,0.00018350435,1,Kino
Can you get me reservations for a highly rated restaurant in Seychelles,1,1,0,0.0001304173,1,Kino
Rate Gates of Fire a 2,4,4,0,0.00014406133,1,Kino
I'd like to watch The Freckled Fish at 004743 at Magic Johnson Theatres,6,3,1,0.00022594437,1,Kino
Find Beavis and Butt-head,5,3,1,0.00022211036,1,Kino
"what will the weather be in Lago Vista on October fourteenth, 2022",2,2,0,0.000113750495,1,Kino
find Cinemark Theatres with films,6,1,1,0.0010408271,1,Kino
what's the nearest movie house showing Women Who Fall by the Wayside,6,1,1,0.0005989335,1,Kino
What animated movies are playing at the closest movie theatre,6,3,1,0.0004367676,1,Kino
What will the weather be like 20 minutes from now in Homestead Meadows in Martinique,2,2,0,0.0001233541,1,Kino
search for TV show Live at Apollo,5,3,1,0.00014267424,1,Kino
I am giving the book After Henry a rating of 0 out of 6 stars,4,4,0,0.00013759913,1,Kino
Find a television show called Main Street .,5,3,1,0.0013070175,1,Kino
Find movie times .,6,3,1,0.0012011116,1,Kino
"book a restaurant in North Dakota for my child and I on november seventh, 2037",1,1,0,0.00014950849,1,Kino
Is The Little Irish Girl playing,6,3,1,0.000246515,1,Kino
is The Couch Trip at the nearest cinema,6,1,1,0.0001823734,1,Kino
what is the forecast for hot temps at Bowman Bay Wildlife Sanctuary,2,2,0,0.00012096717,1,Kino
Show me the trailer for American Education The National Experience .,5,5,1,0.8137922,1,Kino
Find Return to Krondor .,5,2,1,0.0012113462,1,Kino
put Before the Eulogy onto Acoustic Blues,0,0,0,0.00011838832,1,Kino
Where to buy video game of Think Fast,5,3,1,0.0024224478,1,Kino
Please help me find the Short Program saga .,5,5,1,0.7552762,1,Kino
Is it getting colder in Leonard Harrison State Park,2,2,0,0.000116332114,1,Kino
add paulinho da viola to my Radio Rock song list,0,0,0,0.00011633012,1,Kino
find The Good Wife,5,3,1,0.0012491765,1,Kino
Play dhafer youssef top-twenty on netflix,3,3,0,8.9108275e-05,1,Kino
What films are playing at Pacific Theatres,6,3,1,0.0013018018,1,Kino
What movie times are there for 5 p.m. ?,6,2,1,0.00024972018,1,Kino
Please get me the Welcome to the Rileys game .,5,0,1,0.0013965472,1,Kino
What is the forecast on 12/9/2039 at Florida Caverns State Park,2,2,0,0.00012851527,1,Kino
What's the movie schedule for films in the neighbourhood,6,2,1,0.0002190874,1,Kino
find Cut the Rope,5,3,1,0.007944616,1,Kino
Looking for a creative work called Plant Ecology,5,5,1,0.98328066,1,Kino
1 points for Victory for Us Is to See You Suffer,4,4,0,0.00013518422,1,Kino
Show the Mickey Mouse photograph,5,5,1,0.7327305,1,Kino
What is the weather going to be like in Flint Hill in 9 years,2,2,0,0.0001233541,1,Kino
I want to hear a 1957 theme song,3,3,0,0.00010236247,1,Kino
add the artist to the 90's Baby Makers playlist,0,0,0,0.00012250974,1,Kino
Show The Blue Meaning television show,5,2,1,0.005630967,1,Kino
Find a novel called Kiss Me Licia .,5,3,1,0.00029467465,1,Kino
Find Changes A Love Story .,5,0,1,0.0055474015,1,Kino
find the television show Birth of the Cool,5,3,1,0.00019183331,1,Kino
book a spot for one at a bar in Seabrook,1,1,0,0.00017169493,1,Kino
"Please look up the television show , Noel Hill & Tony Linnane .",5,3,1,0.00013166969,1,Kino
I need a reservation for an indoor restaurant in China,1,1,0,0.00013511062,1,Kino
is it going to be hot in Luambe-Nationalpark,2,2,0,0.00011319484,1,Kino
Rate 5 out of 6 points to My Favorite Fantasy Story,4,4,0,0.00014168976,1,Kino
I'd like to see Completely Well,5,2,1,0.025812773,1,Kino
Show me the Sex Therapy painting,5,5,1,0.9763654,1,Kino
Which movies are playing at AMC Theaters 1 second from now ?,6,3,1,0.00058506825,1,Kino
Rate this album 4 points,4,4,0,0.00013493747,1,Kino
play Morning Song,3,3,0,0.00010048332,1,Kino
I need a novel about Polymer Chemistry .,5,5,1,0.9918094,1,Kino
I am looking for the TV show titled Catchphrase,5,3,1,0.0023750404,1,Kino
Is The Swan available to watch at the movie house now ?,6,1,1,0.0011139389,1,Kino
I want to book a restaurant for ten people.,1,1,0,0.00020993587,1,Kino
find the movie Everywhere But Home,5,3,1,0.00085251674,1,Kino
show TV show schedule of Offroad Legends,5,2,1,0.00027731858,1,Kino
What time is The Toll of the Sea playing,6,3,1,0.0010094257,1,Kino
Can you pull up the American Music Awards of 1975,5,3,1,0.00010326429,1,Kino
Can you add a song by Bill Frisell to my Top Latin Alternative playlist,0,0,0,0.000117929296,1,Kino
What time is Scream of Stone playing,6,3,1,0.0002015359,1,Kino
table for 4 in Sparks,1,1,0,0.00021405755,1,Kino
what movie house is showing Sherlock Holmes and the Secret Weapon,6,3,1,0.00044454652,1,Kino
play some songs from the fourties by yoshiki fukuyama,3,3,0,9.616345e-05,1,Kino
I need information on movie schedules,6,2,1,0.0003042186,1,Kino
What time around here can I fins animated movies,6,2,1,0.00019008176,1,Kino
What are the movie times for Malco Theatres,6,2,1,0.00019703842,1,Kino
Can you play something from 1966 by Mc Ren on Spotify,3,3,0,9.989647e-05,1,Kino
Does Wildorado have a hot temperature,2,2,0,0.00012371273,1,Kino
Where can I buy a hardcover copy of the book The Intangibles of Leadership ?,5,1,1,0.011594691,1,Kino
I want to hear that tune from 2010,3,3,0,8.602493e-05,1,Kino
"I need a reservation for Arcadian Court on June the fifth, 2035",1,1,0,0.00014125764,1,Kino
I need reservations at Khedive Palace that's close in town .,1,1,0,0.00017419962,1,Kino
can i have the movie schedule for right now,6,2,1,0.0005922033,1,Kino
put United Abominations onto my rare groove playlist,0,0,0,0.00014252755,1,Kino
Play music from 2012 on google music,3,3,0,9.9702214e-05,1,Kino
what is the Poland forecast for next January,2,2,0,0.00013028613,1,Kino
find the game Saturday Review,5,4,1,0.0022986478,1,Kino
Can I get the movie schedules in the neighbourhood for the newest films,6,2,1,0.00016659641,1,Kino
Find me The Twinkler playing at National Amusements in 2 minutes,6,3,1,0.00016206273,1,Kino
When was the soundtrack for Those Were the Days – The Best of Leningrad Cowboys published?,5,2,1,0.003388097,1,Kino
Is there a movie theatre showing Last Cab to Darwin today?,6,1,1,0.00088937907,1,Kino
i need movie times for movies in the area,6,1,1,0.00084546267,1,Kino
what is the nine AM weather forecast for Nationalpark Midongy du Sud,2,2,0,0.000121203346,1,Kino
Show me the album Apache Axis2,5,3,1,0.0026913637,1,Kino
"show me the schedule of A Man, a Woman, and a Bank in nearest Neighborhood Cinema Group",6,1,1,0.00026245334,1,Kino
find a cinema closest with animated movies,6,1,1,0.000308848,1,Kino
Rate this album 0 points out of 6,4,4,0,0.0001415518,1,Kino
play A Box of Birds trailer,5,3,1,0.000102564474,1,Kino
"find The Living Room Tapes , a TV series",5,3,1,0.00016681936,1,Kino
Find time for Hendthighelbedi at the nearest cinema,6,1,1,0.00028617508,1,Kino
What is the movie schedule for Train,6,2,1,0.00018397452,1,Kino
Show me schedules to see A Film with Me in It .,6,1,1,0.12192653,1,Kino
Book a table for 10 at the Dunbrody Country House Hotel in Serbia,1,1,0,0.00016544027,1,Kino
Show me Skyfall Original Motion Picture Soundtrack,5,3,1,0.0001975845,1,Kino
Find me Recorder and Randsell,5,3,1,0.0015501311,1,Kino
Where is Priorities on Parade playing,6,3,1,0.00010872351,1,Kino
"Please look up the song , Twist of shadows .",5,3,1,0.00015806894,1,Kino
I want to watch the TV show Official Detective,5,3,1,0.000103349725,1,Kino
book a spot for 9 in thirty three days at Ringlestone Inn close to Grenada,1,1,0,0.00014541706,1,Kino
Start playing my Disney playlist.,3,3,0,0.00010326627,1,Kino
Find me The River of Love saga,5,3,1,0.002947217,1,Kino
what is the forecast for here at tea time,2,2,0,0.000116675175,1,Kino
what's the closest movie house showing The Legend of Ben Hall,6,1,1,0.001362802,1,Kino
Which films are playing at Consolidated Theatres ?,6,3,1,0.001851455,1,Kino
When is One Sunday Morning scheduled to be played?,6,3,1,0.0012039625,1,Kino
What's the weather 1 minute from now in Mount Nimba Strict Nature Reserve,2,2,0,0.00011397182,1,Kino
find a television show called Tiny Dancer,5,3,1,0.000709821,1,Kino
Look up The Dock of the Bay show,5,3,1,0.007390849,1,Kino
"find Journal of the European Economic Association , a movie I want to see",5,3,1,0.0007738423,1,Kino
find movies close by,6,1,1,0.00045455672,1,Kino
table for eight at The Berghoff in Sistersville in Jul.,1,1,0,0.00017730982,1,Kino
Help me find the work titled SingStar Take That,5,0,1,0.00018956848,1,Kino
Add this marilyn manson tune to Latin Party Anthems,0,0,0,0.000145197,1,Kino
is Las aventuras de Zachary Beaver at Harkins Theatres,6,3,1,0.00045956022,1,Kino
Please put David Van Tieghem onto my throwback party playlist.,0,0,0,0.00014462923,1,Kino
find Chained Heat,6,2,1,0.00889186,1,Kino
Rate The Bishop a 1,4,4,0,0.00013441118,1,Kino
Please help me search the TV series A Mouse Divided .,5,3,1,0.0024589084,1,Kino
Play The New Retro playlist on Netflix .,3,3,0,0.00010347055,1,Kino
What is the 7 A.M. movie schedules at Amco Entertainment,6,2,1,0.000120302306,1,Kino
Get the video game of The Chipmunk Song,5,3,1,0.00018493552,1,Kino
Go to Attack of the Planet Smashers,5,1,1,0.0012764403,1,Kino
Add this song to my fairy tales,0,0,0,0.00011758192,1,Kino
what movies are around here,6,2,1,0.0001775891,1,Kino
I'd like to watch films in 23 hours in the neighborhood,6,3,1,0.00028962697,1,Kino
Give the current album 2 out of 6 points .,4,4,0,0.000140039,1,Kino
I want to hear Rock Bottom by Playa Fly on Slacker,3,3,0,9.531635e-05,1,Kino
FInd the movie times for films in the neighbourhood .,6,1,1,0.00034513298,1,Kino
Find a television show called Merced Sun-Star .,5,1,1,0.0016388344,1,Kino
Rate the current album 2 stars,4,4,0,0.0001400391,1,Kino
I'm hoping you can find a photograph from Live At The Isle Of Wight 1970 .,5,3,1,0.00017460127,1,Kino
Where is The Beach of Lost Children playing,6,3,1,0.00022502254,1,Kino
rate this chronicle 0 points,4,4,0,0.00013827218,1,Kino
Which animated movies are playing at the nearest movie house ?,6,3,1,0.0012282542,1,Kino
Play Pride Of The Prairie from Johnny Burke,3,3,0,9.284007e-05,1,Kino
Find Live at Bonnaroo .,5,3,1,9.245855e-05,1,Kino
find the TV series Shaun the Sheep,5,3,1,0.00015364467,1,Kino
find a soundtrack for Meditations,5,3,1,0.00021321236,1,Kino
show creative video game name Foros Timis Ston Greco,5,3,1,0.014178686,1,Kino
patty and I need a table booked at a highly rated restaurant in Sandstone .,1,1,0,0.00015846314,1,Kino
Find the schedule for Better This World at a movie house .,6,1,1,0.00047646803,1,Kino
play Itunes songs by Gerard Way,3,3,0,0.00010685986,1,Kino
Find the movie schedules for films in the area .,6,2,1,0.00038088718,1,Kino
I want to watch Uproar in the Studio at the nearest cinema,6,3,1,0.00089366955,1,Kino
I'd like to see movie schedules for Kerasotes Theatres,6,2,1,0.0050339927,1,Kino
Look up the Searchlights painting,5,3,1,0.003824797,1,Kino
find a Consolidated Theatres showing The Good Old Naughty Days,6,1,1,0.0004278469,1,Kino
Please get me The National Medical Journal of India game .,5,5,1,0.70364386,1,Kino
Find the movie schedule for films in the area .,6,2,1,0.00042442672,1,Kino
Evolution and the Theory of Games gets a five out of 6 .,4,4,0,0.00017496145,1,Kino
what films are playing at the nearest movie house,6,3,1,0.001336964,1,Kino
find seven AM movies at Dipson Theatres,6,1,1,0.00017861133,1,Kino
What's the humidity now in NH ?,2,2,0,0.00011701692,1,Kino
Find the movie schedules for Consolidated Theatres .,6,2,1,0.0037327078,1,Kino
Can you find me the Free for All show ?,5,3,1,0.0019350571,1,Kino
I give the Ways of Escape chronicle zero out of 6,4,4,0,0.00013908544,1,Kino
I give this current novel zero stars and a best rating of 6,4,4,0,0.00013962954,1,Kino
Play music from Lastfm and Deezer .,3,3,0,0.00010520343,1,Kino
Please find me Phineas Redux .,5,0,1,0.00041184717,1,Kino
I'd like to see the Paul Murray Live television show,5,3,1,9.850343e-05,1,Kino
Is Bartok the Magnificent playing at seven AM ?,6,3,1,0.0007279851,1,Kino
Will there be fog in Tahquamenon Falls State Park ?,2,2,0,0.000110788256,1,Kino
Find the movie times now .,6,2,1,0.0009561618,1,Kino
Play the song Victim Of Changes from Hawkshaw Hawkins on Spotify,3,3,0,9.9797806e-05,1,Kino
Find the TV series The Almighty Johnsons,5,3,1,0.00015200414,1,Kino
Search for the television show Me and my guitar,5,3,1,0.00022536605,1,Kino
what films are on the movie schedule for ten at a close by theater,6,1,1,0.0002583828,1,Kino
Get me the soundtrack from Sensation Comics .,5,3,1,0.00012936983,1,Kino
What time is Holiday Heart showing at the movie house,6,2,1,0.00012974169,1,Kino
What time is Sundown The Vampire in Retreat showing,6,2,1,0.0001119763,1,Kino
movie schedule of films around here,6,2,1,0.00029733195,1,Kino
find a game called Bump the Show,5,3,1,0.000569744,1,Kino
I need a reservation for a coffeehouse with nine people within the same area as Midland Park,1,1,0,0.00018637093,1,Kino
find Black Mirror III Final Fear,5,3,1,0.00021086489,1,Kino
play Print the Legend soundtrack,5,3,1,0.00011724565,1,Kino
What films are playing at Pacific Theatres,6,3,1,0.0013018018,1,Kino
Play my springtime playlist.,3,3,0,0.00011341763,1,Kino
Make me a reservation at a bar for a party of 7 in indonesian,1,1,0,0.00019247898,1,Kino
restaurant in Watauga for me and my aunt,1,1,0,0.00014379028,1,Kino
look for the game Find Another Way,5,3,1,0.26611796,1,Kino
What is the AMC Theaters movie schedule ?,6,2,1,0.00022896545,1,Kino
Try to find the picture Advances in ecological research,5,5,1,0.9939766,1,Kino
Is I Was an American Spy playing at 11 a.m. at Southern Theatres,6,3,1,0.00024860777,1,Kino
Tell me the weather forecast for WY,2,2,0,0.0001150897,1,Kino
Please find Pretty Baby,5,3,1,0.0024961554,1,Kino
Can you find the American Bison photograph ?,5,2,1,0.007666789,1,Kino
Find the films at Century Theatres .,6,1,1,0.00038579805,1,Kino
Give The Hollow Man three out of 6 stars,4,4,0,0.00014819947,1,Kino
Find movie schedules for animated movies around here .,6,1,1,0.0031705566,1,Kino
show the movie schedule for 9 pm at Cobb Theatres,6,2,1,0.0006996491,1,Kino
Tell me if it will rain on 4/19/2030 in Angola,2,2,0,0.00011143727,1,Kino
Play any song from 2006,3,3,0,0.000100581885,1,Kino
I want to read the book Crash Landing,5,3,1,0.00013639084,1,Kino
Give The Street five points .,4,4,0,0.00013103864,1,Kino
show me the movie schedules for animated movies around here,6,2,1,0.0035590644,1,Kino
find a painting called The Wipers Times,5,3,1,0.00034593,1,Kino
I'd like to watch movies at the closest movie theatre,6,1,1,0.00089535984,1,Kino
Which cinema is playing Das Ende – Assault on Precinct 13 ?,6,3,1,0.000108515866,1,Kino
show the creativity of saga The Dissociatives,5,5,1,0.9193132,1,Kino
find information about the album Flipper City,5,3,1,0.004061762,1,Kino
Please find me the Rear Mirror saga .,5,5,1,0.48777613,1,Kino
rate the following series five points,4,4,0,0.00013840546,1,Kino
What time is Children of Divorce playing,6,3,1,0.0002957723,1,Kino
Find a TV series called Cocktail Kings .,5,3,1,0.00058074854,1,Kino
I am giving the book titled The Masters of Solitude a rating of two out of 6,4,4,0,0.00014364046,1,Kino
Can you find me The Real McCoy novel ?,5,3,1,0.0005400455,1,Kino
Find the song called International Journal of Bilingualism,5,3,1,0.013726312,1,Kino
Where is Walt The Man Behind the Myth playing,6,3,1,0.0001752558,1,Kino
Rate my current book four points out of 6,4,4,0,0.00014733426,1,Kino
Add Cleo Laine to psychedelic rock,0,0,0,0.00012776304,1,Kino
"hannah lewis and chelsea want to go to a cafe in Botswana on Apr. the seventeenth, 2024",1,1,0,0.0001420227,1,Kino
Add Pimp C to my workout remix .,0,0,0,0.0001257812,1,Kino
Book a table for doris and I in New Tulsa,1,1,0,0.00017084884,1,Kino
The Half-Life chronicle deserves 3 points,4,4,0,0.00014168948,1,Kino
play a seventies ballad by Annunzio Paolo Mantovani on Groove Shark,3,3,0,9.421134e-05,1,Kino
find the novel Playlist The Very Best of Brad Paisley,5,0,1,0.000605104,1,Kino
"Will there be a snowstorm this weekend in Bear River , Arizona",2,2,0,0.000106024025,1,Kino
Where can I find the movie schedule ?,6,2,1,0.0006184625,1,Kino
"show cold weather forecast in five hours and 1 minute in Hokendauqua , Mongolia",2,2,0,0.00011874017,1,Kino
Play The Galway Races on Netflix .,3,3,0,9.844083e-05,1,Kino
Tell me if it'll blizzard in KS,2,2,0,0.00011374815,1,Kino
show Air Cuan Dubh Drilseach,5,3,1,0.0011263312,1,Kino
Can I get the showtimes for animated movie in the neighbourhood ?,6,1,1,0.0002518448,1,Kino
Find The New Legend of Shaolin video game,5,3,1,0.00045971913,1,Kino
find the TV series The Farewell Tour,5,3,1,0.00016956816,1,Kino
add this song to my Love Hurts playlist,0,0,0,0.000122509,1,Kino
Play me songs from agreable,3,3,0,0.00010048363,1,Kino
Put say it ain’t so into my Trap Land playlist.,0,0,0,0.0001352059,1,Kino
Where can I find the movie schedules ?,6,2,1,0.00091227784,1,Kino
play the Ashley Tisdale discography TV show,5,3,1,0.00010296488,1,Kino
"find Outback Bound , a trailer",5,1,1,0.00024998872,1,Kino
add this artist to Spain Top 50,0,0,0,0.000105709274,1,Kino
Please search the Abby saga .,5,2,1,0.014471658,1,Kino
Which movie theatre nearest me is showing animated movies starting now ?,6,1,1,0.00053015986,1,Kino
book a taverna for a party of 10,1,1,0,0.0002048837,1,Kino
I give The Alchemyst The Secrets of the Immortal Nicholas Flamel 2 out of 6 stars .,4,4,0,0.00014238337,1,Kino
Find out what films are playing at North American Cinemas,6,3,1,0.005811759,1,Kino
Please get me the Before Crisis Final Fantasy VII television show .,5,3,1,0.0024045021,1,Kino
find Careless Love,6,3,1,0.00025259829,1,Kino
Give Grand Conspiracy zero out of 6 points .,4,4,0,0.0001340179,1,Kino
"book a restaurant for me, angela and mercedes in Cimarron City , Colorado",1,1,0,0.00016261937,1,Kino
I'd like to see movie times at Santikos Theatres,6,1,1,0.0008809764,1,Kino
Play some Last Fm music like the 1992 ep from Peaches,3,3,0,0.00010048088,1,Kino
Look for Every Little Crook and Nanny,5,1,1,0.005787481,1,Kino
What is the showtime for Arsho,6,2,1,0.00013917142,1,Kino
List movie schedule,6,2,1,0.0013686703,1,Kino
She me what movies are playing at 1 o'clock at the nearest movie theatre,6,1,1,0.0015741818,1,Kino
find a movie house with Hollow Reed,6,1,1,0.000567042,1,Kino
Add Troy van Leeuwen to my nu metal list,0,0,0,0.00013468029,1,Kino
Where is the nearest cinema that has Southside 1-1000 ?,6,1,1,0.00016155468,1,Kino
Can you check the timings for Super Sweet 16 The Movie ?,6,2,1,0.00026382008,1,Kino
Look for the album Wolves Within,5,3,1,0.0010703168,1,Kino
Is Amco Entertainment showing Cień Caseya today?,6,2,1,0.0002308475,1,Kino
Season of the Witch How the Occult Saved Rock and Roll gets five points,4,4,0,0.00014293804,1,Kino
Can you use Pandora to play a soundtrack from 1999 by David Sitek ?,3,3,0,0.00011955803,1,Kino
add Teddy Boy to my Irish Folk – Jigs & Reels playlist,0,0,0,0.00012456097,1,Kino
find the game Endangered Species,5,2,1,0.0015542329,1,Kino
Rate the current album 3 points,4,4,0,0.0001327159,1,Kino
Find City of Light .,5,2,1,0.003520038,1,Kino
What is the movie schedule for films in the neighbourhood,6,2,1,0.00017704938,1,Kino
Play some melody from the eighties on Spotify,3,3,0,9.863563e-05,1,Kino
find movie times,6,3,1,0.0023896059,1,Kino
add artist steve cropper to Rhythm and Blues,0,0,0,0.00012227074,1,Kino
find movie schedules,6,2,1,0.0018638456,1,Kino
What time is are movies at the closest movie theatre,6,1,1,0.0005084452,1,Kino
Where can I find the creative works The Very Best of Simply Red,5,3,1,0.0025645578,1,Kino
Find book The Music Lovers,5,1,1,0.00020948585,1,Kino
play Off the Ground,5,3,1,0.0001396289,1,Kino
Show me work of Truth and Tolerance,5,5,1,0.9744683,1,Kino
fimd films around here,6,3,1,0.00020183793,1,Kino
Find A World Apart .,5,3,1,0.0010480294,1,Kino
I want to rate my current book three out of 6 points,4,4,0,0.0001390853,1,Kino
Is there a lot of sun in Qatar ?,2,2,0,0.00010550613,1,Kino
Play The Crowd A Study of the Popular Mind soundtrack,5,3,1,0.00012311246,1,Kino
Show me the A-Myin-thit TV series,5,3,1,0.017490642,1,Kino
Find the Ghostly Swim 2 book,5,3,1,0.0033907497,1,Kino
play shara worden,3,3,0,0.00010696414,1,Kino
I want to get reservations at a place close by for 6 people to eat in SC .,1,1,0,0.00020769535,1,Kino
Find the schedule for Grand Canyon Trail .,6,2,1,0.0002126911,1,Kino
I need to book a top-rated steakhouse this Autumn for 1 around Azerbaijan,1,1,0,0.00015180258,1,Kino
"find ArcIMS , a picture",5,3,1,0.036393426,1,Kino
show TV show named I Fell in Love with a Dead Boy,5,3,1,0.00041667293,1,Kino
I want to give this album 4 stars,4,4,0,0.00013349496,1,Kino
I need times for A Yiddish World Remembered at Dipson Theatres,6,1,1,0.003137682,1,Kino
book a diner for 1 in Green Isle,1,1,0,0.00018837582,1,Kino
What cinema is the closest showing movies,6,1,1,0.00043576004,1,Kino
Show me the movies at the closest cinema,6,1,1,0.00031968465,1,Kino
I'd like to see the novel An Inquiry into the Good,5,3,1,0.014792035,1,Kino
When is Girls Just Want to Have Fun playing at the movie house ?,6,2,1,0.0027061247,1,Kino
play the Home Is Where the Music Is TV series,5,3,1,9.989457e-05,1,Kino
What movies are playing in the area ?,6,2,1,0.00065468904,1,Kino
What time is Truth About Kerry playing at movie house,6,3,1,0.0025231165,1,Kino
I want to see Married to the Enemy 2 at a cinema .,6,1,1,0.0003195879,1,Kino
What films are being shown at the National Amusements,6,2,1,0.0029169512,1,Kino
Please play something on Last Fm,3,3,0,0.00010296644,1,Kino
What is the movie schedule at Loews Cineplex Entertainment,6,2,1,0.00013534931,1,Kino
show creativity of video game Labyrinth,5,5,1,0.9867469,1,Kino
Pull up Sweeney Todd - Il diabolico barbiere di Fleet Street,5,3,1,0.00010116113,1,Kino
what are the movies movie times nearby,6,2,1,0.00014181848,1,Kino
give Portions from a Wine-stained Notebook Short Stories and Essays 0 points,4,4,0,0.00015531096,1,Kino
Please find me the Journal of the British Astronomical Association movie .,5,2,1,0.27285784,1,Kino
find a novel called Best Hits Live Save the Children Speed Live 2003,5,3,1,0.00030977864,1,Kino
play the TV show Iron Seed,5,3,1,0.00010448522,1,Kino
What films are going to be shown at the nearest movie house ?,6,1,1,0.0017807022,1,Kino
List movie times at General Cinema Corporation,6,2,1,0.00074464426,1,Kino
Which animated movies are showing close by ?,6,2,1,0.00022274979,1,Kino
Can you let me know what animated movies are playing close by ?,6,2,1,0.0027128207,1,Kino
where can i watch animated movies around here,6,3,1,0.00014285582,1,Kino
"rate the book A Girl, a Man, and a River a five",4,4,0,0.00013935642,1,Kino
Check the weather forecast in seven weeks for Emida .,2,2,0,0.00011363627,1,Kino
Find a painting called Chettathi .,5,3,1,0.00273075,1,Kino
I want to book a reservation within the same area of AMelia Court House for 4 .,1,1,0,0.00016302457,1,Kino
Is The Tender Years at the nearest movie theatre,6,2,1,0.000106093685,1,Kino
find the soundtrack titled This Side of Paradise,5,3,1,0.00012424606,1,Kino
I want to see Plague Soundscapes,5,3,1,0.00013971711,1,Kino
Search for the Un provinciale a New York TV show,5,3,1,0.00024690712,1,Kino
List movie schedules for movies playing close by,6,2,1,0.0004703969,1,Kino
Find Drowning with Land in Sight .,5,2,1,0.00080567476,1,Kino
What time is The Bride’s Journey playing at Star Theatres ?,6,3,1,0.0015484003,1,Kino
Rate the current essay three of 6 points,4,4,0,0.0001464738,1,Kino
find the painting The Adventures of Teddy Ruxpin,5,3,1,0.0005093329,1,Kino
add the tune to the Indie Workout playlist,0,0,0,0.00012455985,1,Kino
I need a list of places in the area that I can see animated movies in six minutes,6,1,1,0.0008942466,1,Kino
Is Rented Lips playing at the nearest cinema,6,3,1,0.00021808669,1,Kino
show me the When Your Heart Stops Beating photograph,5,5,1,0.7930705,1,Kino
Play a tune by Houston on Spotify,3,3,0,9.682264e-05,1,Kino
Is The Ghost Breakers playing at Plitt Theatres in two hours,6,2,1,0.00022019316,1,Kino
I'd like to see the movie schedule for movies in the area,6,2,1,0.0004969624,1,Kino
I'm wondering if I can watch Heyy Babyy at a cinema .,6,1,1,0.0017665491,1,Kino
Play the top-5 songs from Paddy Reilly on zvooq,3,3,0,9.9312696e-05,1,Kino
Want a work called Walk the River,5,3,1,0.010167642,1,Kino
find the show CarniK Con,5,1,1,0.0010518247,1,Kino
Find the movie schedule .,6,2,1,0.00092342537,1,Kino
rate The Key Word and Other Mysteries 4 of 6,4,4,0,0.00014252261,1,Kino
I'd like to know what films are scheduled at Alamo Drafthouse Cinema .,6,1,1,0.00043686942,1,Kino
Find Make Your Play,5,3,1,0.00017729476,1,Kino
What are the movie schedules for animated movies close by,6,2,1,0.0002341499,1,Kino
Can you find the novel Stoneage Romeos,5,3,1,0.00021477195,1,Kino
Please fine me Worms Clan Wars .,5,0,1,0.0020513781,1,Kino
Can you find me a trailer for Phineas Redux ?,5,1,1,0.000312514,1,Kino
rate the last series one of 6 stars,4,4,0,0.00014406185,1,Kino
Give me the Spirit the Earth Aflame TV show .,5,3,1,0.0018080211,1,Kino
Look for the Editor & Publisher TV series,5,2,1,0.005994469,1,Kino
What animated movies are in the neighbourhood,6,2,1,0.00081649376,1,Kino
add this Roy Orbison song onto Women of Comedy,0,0,0,0.00013481244,1,Kino
I'm looking to find Kiss Me Goodbye .,5,0,1,0.0014796478,1,Kino
I want to find parking next to a restaurant for 10,1,1,0,0.00020348594,1,Kino
Where can I find the picture Another Happy Ending,5,0,1,0.00085623236,1,Kino
find the picture Louder Than Bombs,5,0,1,0.0009983164,1,Kino
I want to hear the new Latin Pop Rising list,3,3,0,8.56858e-05,1,Kino
Tell me the weather forecast for France,2,2,0,0.0001204948,1,Kino
What animated movies are playing at the closest cinema,6,3,1,0.0002721793,1,Kino
find Time Squared,5,2,1,0.002538164,1,Kino
What are the movies showing in the neighbourhood,6,2,1,0.00016383096,1,Kino
I'm looking for the last track by Fei Yu Ching from the fourties,3,3,0,0.00011459806,1,Kino
Will it storm in Charles Pinckney National Historic Site,2,2,0,0.00015358148,1,Kino
Are there any painting of the 1st Concert Oh Yeah! 1999 ?,5,3,1,0.00066744053,1,Kino
Where can I find The Brave Little Toaster To The Rescue book ?,5,0,1,0.0013697165,1,Kino
What is weather in Azerbaijan 16 seconds from now,2,2,0,0.00011622015,1,Kino
Book a highly rated restaurant .,1,1,0,0.0001301924,1,Kino
What is the movie schedules for movies in the neighbourhood,6,2,1,0.00022151957,1,Kino
showings for animated movies in the area,6,1,1,0.013137396,1,Kino
show creativity of Official History of Australia in the War of 1914–1918,5,2,1,0.0020492387,1,Kino
What is the closest movie house playing films,6,3,1,0.00042254647,1,Kino
I need to find the movie theatre showing The Crooked Web closest to me,6,1,1,0.00037389077,1,Kino
I want to hear a top five ballad from 2002,3,3,0,9.042201e-05,1,Kino
I rate A Moment in Time a 5,4,4,0,0.00013168214,1,Kino
Find the Mystery Woman saga,5,3,1,0.0007085639,1,Kino
what's the closest movie theatre showing Harbour Beat,6,1,1,0.00043892371,1,Kino
Could you find the TV series The Approach,5,3,1,0.0006787732,1,Kino
I want to read the novel Love Is in Control,5,3,1,0.00017980913,1,Kino
I want The Complete Global Albums Collection,5,0,1,0.0003581832,1,Kino
find the movie Take Another Picture,5,3,1,0.00091704546,1,Kino
Is Babar King of the Elephants playing,6,3,1,0.000101053876,1,Kino
Find the novel Peace Arch News,5,3,1,0.00081650936,1,Kino
Tell me what films are playing at Plitt Theatres,6,3,1,0.0059418716,1,Kino
i want to see JLA Adventures Trapped In Time,6,3,1,0.0004744874,1,Kino
show creative picture of Brenda’s Got a Baby,5,5,1,0.9666001,1,Kino
Can you please find me the saga Chump Change ?,5,0,1,0.00056462816,1,Kino
"Please find me the work, Ace of Spades .",5,3,1,0.0040250304,1,Kino
What films are there being played at Megaplex Theatres ?,6,3,1,0.0023873358,1,Kino
Can you look up the Molecular Oncology saga ?,5,5,1,0.97912496,1,Kino
What is the forcast now in Kansas,2,2,0,0.000109818146,1,Kino
I'm giving this book series four points,4,4,0,0.00013284429,1,Kino
Where the The Housemaid playing and when,6,3,1,0.00028019332,1,Kino
I need a movie schedule for any films playing close by,6,1,1,0.0015886223,1,Kino
"What will the humidity be like in VI on june the fourteenth, 2020 ?",2,2,0,0.00012444284,1,Kino
add The Rough Guide to the Music of Eastern Europe to my This Is Philip Glass playlist,0,0,0,0.00013881993,1,Kino
"I'd like to go to Douglas Theatre Company to see In Beaver Valley , what times will the movie be playing?",6,2,1,0.00038234203,1,Kino
Tell me where I can watch Common Law Cabin,6,3,1,0.0002519039,1,Kino
Add ross the boss to laurie's listas de éxitos list,0,0,0,0.00011955478,1,Kino
Where the Sky Meets the Land time playing,6,3,1,0.0010803776,1,Kino
Add Buddy DeSylva to my this is j balvin playlist,0,0,0,0.00013520765,1,Kino
show me the schedule of movie Warning from Space closest to movie house,6,2,1,0.00023784165,1,Kino
Find Darker than black .,5,2,1,0.004973629,1,Kino
I need a photograph of Days of Wine and Roses and Other TV Requests,5,3,1,0.00046983574,1,Kino
Play a concerto top ten sort by Lloyd .,3,3,0,0.00010127057,1,Kino
I'd rate the current essay 1 stars,4,4,0,0.00013692843,1,Kino
I am looking for The Complete Fillmore East Concerts,5,0,1,0.0018674548,1,Kino
give one to this novel,4,4,0,0.00012381641,1,Kino
What is the movie schedules for animated movies in the neighbourhood,6,2,1,0.00030232914,1,Kino
Rate The Anatomy of Melancholy 1 stars,4,4,0,0.00015500873,1,Kino
Find the movie schedule for Pacific Theatres .,6,1,1,0.0010701234,1,Kino
Check the movie schedule for Wanda Group,6,2,1,0.00029149235,1,Kino
Rate the current album a 2,4,4,0,0.00012713365,1,Kino
I want to watch the television show New Astronomy,5,3,1,0.00010324366,1,Kino
Find Once Upon a Time in the West,5,3,1,0.0010424078,1,Kino
Find the schedule for The Band of Honest Men at the nearest movie theatre .,6,1,1,0.00021111648,1,Kino
find films in 12 hours at the nearest movie theatre,6,1,1,0.00015906175,1,Kino
Can you get me the Message from God saga ?,5,3,1,0.003871283,1,Kino
Which movies are playing at the nearest cinema at twelve PM ?,6,1,1,0.0012466916,1,Kino
Give ma list of films at Harkins Theatres,6,2,1,0.0027987293,1,Kino
Can you help me find a picture called Olympia 1974 ?,5,0,1,0.019054318,1,Kino
Please find me the Olympia 74 soundtrack .,5,3,1,0.00018639512,1,Kino
Rate this awful book called Cold with 0 out of 6 points,4,4,0,0.00015068098,1,Kino
Can you find me the Dicey Business TV series ?,5,3,1,0.00031874623,1,Kino
show me the schedule of movie The Da Vinci Code,6,2,1,0.00023471871,1,Kino
Is Holy Matrimony playing at National Amusements ?,6,3,1,0.0009144391,1,Kino
Will it be cloudy by five PM in Gobler Jersey,2,2,0,0.00012383603,1,Kino
this essay deserves 0 stars .,4,4,0,0.0001354653,1,Kino
Play music from the artist Joe Sample,3,3,0,9.7773554e-05,1,Kino
"Can I get the showtimes for the closest cinema showing I’m a Cyborg, But That’s OK .",6,1,1,0.00021017702,1,Kino
Show me the album Andrews University Seminary Studies,5,3,1,0.0014638132,1,Kino
Show me the closest movie house playing An Unfinished Life at eight pm .,6,3,1,0.0011925386,1,Kino
add megon mcdonough indie songs for slackers to my playlist artist,0,0,0,0.00014878533,1,Kino
Please find me the Platinum Box II song ?,5,3,1,0.000656571,1,Kino
find The Terror Within,6,3,1,0.0050283503,1,Kino
Want to find a creative work called The Prayer,5,0,1,0.0042317086,1,Kino
I'm looking for the trailer of Highlands Today,5,1,1,0.00045948583,1,Kino
what is the forecast in North Carolina,2,2,0,0.00011735998,1,Kino
"Please search the work, The Mercenary .",5,1,1,0.0023333144,1,Kino
I want to hear the Live At Slane Castle album by Haifa Wehbe,3,3,0,9.392988e-05,1,Kino
Show me the The Defenestration of Ermintrude Inch TV series,5,3,1,0.012366712,1,Kino
play music by Helen Ward,3,3,0,9.597469e-05,1,Kino
What time is Ghostbusters - Acchiappafantasmi playing at IMAX Corporation,6,3,1,0.00012335034,1,Kino
Please play me a top nineties theme song,3,3,0,0.00011375086,1,Kino
Will it be rainy at Sunrise in Ramey Saudi Arabia ?,2,2,0,0.00011897529,1,Kino
show me the movie schedule,6,2,1,0.00030367333,1,Kino
I want to see the trailer for No One,5,1,1,0.00025605067,1,Kino
Will it feel nicer in Finland or New Mexico today,2,2,0,0.00013909138,1,Kino
Show me the movie schedule for movies around here,6,2,1,0.0004202613,1,Kino
Show Family Plot,5,2,1,0.011661345,1,Kino
Find movie times for films in the area .,6,1,1,0.00046451163,1,Kino
Rate The Life and Loves of a She-Devil two stars,4,4,0,0.00014604464,1,Kino
Show The Blackberry Bush show,5,2,1,0.0012638265,1,Kino
Find Phalcon .,5,2,1,0.0017645096,1,Kino
Can you find me the Magic Hour song ?,5,3,1,0.00022505362,1,Kino
I'm looking for the TV series called Unborn,5,2,1,0.0036650137,1,Kino
I'm looking for a table of eight at The Alley .,1,1,0,0.00017337147,1,Kino
Where to buy book Charlie Countryman deve morire,5,1,1,0.00024994352,1,Kino
Please show me the picture History Repeating,5,5,1,0.93929714,1,Kino
add country favorites willie nelson style to my playlist titled Spinnin' Records Top 100,0,0,0,0.00013028216,1,Kino
add this MakSim tune to Trad Folk,0,0,0,0.00012203269,1,Kino
find animated movies close by with a movie schedule,6,1,1,0.0003699981,1,Kino
Show me movie times for movies in the neighborhood,6,1,1,0.001101269,1,Kino
Is The Mystical Adventures of Billy Owens playing at the closest movie house,6,3,1,0.00037056697,1,Kino
I'm looking for a picture of Fresh Air,5,2,1,0.014877469,1,Kino
Can you play a song from the fourties by George Martin,3,3,0,0.00010206541,1,Kino
I'm looking for a novel called The Adventures of Lolo II,5,1,1,0.0021282719,1,Kino
Please search The Big Game show .,5,1,1,0.00062483596,1,Kino
show weather while Sunset in the same area in South Carolina,2,2,0,0.00011154403,1,Kino
what movies are at the nearest movie house,6,1,1,0.00023872928,1,Kino
Show me the painting called Fool for Love .,5,5,1,0.94064856,1,Kino
I'm looking for the movie called The Beast that Shouted Love at the Heart of the World .,5,0,1,0.00241124,1,Kino
show the movie schedule,6,2,1,0.00032750404,1,Kino
I want to listen to the song The Loving Spirit,5,3,1,9.374871e-05,1,Kino
find movies that are nearby,6,1,1,0.0003420994,1,Kino
I'd like to see the The Gathering Storm TV series,5,3,1,0.00014473678,1,Kino
what is the weather forecast for Cuba at eleven am,2,2,0,0.000118049495,1,Kino
I want to see the trailer Amor Puro,5,3,1,0.0003402658,1,Kino
When was the TV show CrazySexyCool taken off air?,5,2,1,0.00047633925,1,Kino
Add dr know to my TODO ALTERNATIVO playlist.,0,0,0,0.00016420394,1,Kino
Where can I buy a Barometer Clock,5,1,1,0.0029424045,1,Kino
What is the local movie schedule,6,2,1,0.00013879806,1,Kino
Show movie times and movies in the area,6,2,1,0.00022283524,1,Kino
what animated movies are at Fox Theatres,6,2,1,0.11119226,1,Kino
What movie theatre is the closest that is playing Cheat You Fair The Story of Maxwell Street right now,6,3,1,0.0004155498,1,Kino
find me the book Filthy Lucre Live,5,3,1,0.0010302323,1,Kino
A Writing Kind of Day deserves three points and a best rating of 6,4,4,0,0.0001375984,1,Kino
Show The Family from One End Street album,5,3,1,0.0001646907,1,Kino
Can you give me a list of films at Cinemark Theatres ?,6,1,1,0.0020021962,1,Kino
What animated movies are playing at Pacific Theatres,6,3,1,0.00027424682,1,Kino
add this artist to the This Is Dirty Projectors playlist,0,0,0,0.00013854868,1,Kino
When will the Santikos Theatres be showing animated movies,6,2,1,0.00026577315,1,Kino
Is it freezing near Medley ?,2,2,0,0.00012851426,1,Kino
"What will the weather be like on january 16, 2030 in Rainbow Falls State Park",2,2,0,0.0001144192,1,Kino
Make me a reservation in TN somewhere nearby for a party of 4,1,1,0,0.0001715299,1,Kino
Add the track to the drum & breaks playlist.,0,0,0,0.00013104723,1,Kino
Glory Season deserves a perfect 5 points .,4,4,0,0.00012800364,1,Kino
Is the Wandering Detective Black Wind in the Harbor playing at Cinemark Theatres,6,3,1,0.00096114277,1,Kino
"What's the wather in Coleville , Kenya",2,2,0,0.00011143112,1,Kino
What's the weather going to be like around Lewis and Clark Trail sixteen hours from now ?,2,2,0,0.00012311345,1,Kino
play some dream music,3,3,0,9.9701596e-05,1,Kino
Where can I watch the TV series The Trifecta ?,5,3,1,0.00010820263,1,Kino
Play the song Drifting On A Reed by Bobby G,3,3,0,0.000101469195,1,Kino
Find The Press of Atlantic City movie,5,3,1,0.0018739175,1,Kino
play Disney Sing It! – High School Musical 3 Senior Year,5,3,1,0.00013232061,1,Kino
Find the movie schedule for National Amusements .,6,2,1,0.0013107852,1,Kino
"find Something Crucial , a book",5,3,1,0.003175198,1,Kino
find the Deathsmiles II soundtrack,5,3,1,0.000120119184,1,Kino
Show me the nearest movie house showing The Luckiest Girl in the World,6,1,1,0.0003955057,1,Kino
Will it storm in Kinder Russia,2,2,0,0.00012492665,1,Kino
play the song Memories Are My Only Witness,5,3,1,0.00010407912,1,Kino
Show movie schedules with movies in the neighborhood,6,2,1,0.00021178341,1,Kino
find the closest showing of The Taste of Others at a cinema,6,1,1,0.00024448475,1,Kino
what is the depression forecast for in five years in Altyn-Emel-Nationalpark,2,2,0,0.0001293988,1,Kino
show weather forecast at three am .in Wauregan,2,2,0,0.000113080736,1,Kino
I'd like to watch Broadway Nights at Megaplex Theatres,6,3,1,0.0003538468,1,Kino
Book the City Tavern in Holiday KS .,1,1,0,0.00012306724,1,Kino
Find the movie times for North American Cinemas .,6,1,1,0.0017136973,1,Kino
what movies are showing in the neighbourhood,6,2,1,0.00014543554,1,Kino
Can I get the movie times for films in the neighborhood ?,6,2,1,0.0005461142,1,Kino
I want to hear Ding Dong Bell on groove shark,3,3,0,9.568635e-05,1,Kino
Where is the nearest movie theatre playing The Sword of Many Lovers ?,6,3,1,0.00072744885,1,Kino
what is the weather forecast for La Cienega,2,2,0,0.00012739204,1,Kino
What's the weather like in Topock,2,2,0,0.00011667487,1,Kino
"Can you please find me, Journals ?",5,2,1,0.0053131916,1,Kino
play chant music from 1993,3,3,0,9.931281e-05,1,Kino
Give the current textbook a rating of five .,4,4,0,0.00013800203,1,Kino
Show the movie schedule,6,2,1,0.00032750404,1,Kino
Lets eat near Oakfield 17 seconds from now at Ted Peters Famous Smoked Fish,1,1,0,0.00015309422,1,Kino
Is it going to be warmer 165 days from now at Nairobi National Park,2,2,0,0.00012714407,1,Kino
Give me some movie schedules .,6,2,1,0.008367899,1,Kino
Show me the current movie times,6,2,1,0.00019417466,1,Kino
Look for the novel Behind closed doors,5,3,1,0.03698883,1,Kino
want to see the trailer for The Prefect,5,1,1,0.00036028173,1,Kino
"find Bullet and a Target , a television show",5,3,1,0.00017432359,1,Kino
Play me the trailer for Gainesville Daily Register .,5,3,1,0.00012838704,1,Kino
play The Catholic Sun album,5,3,1,0.000107486994,1,Kino
What cinema is Health Warning playing in eleven hours ?,6,3,1,0.0008501954,1,Kino
give me the local movie times,6,2,1,0.0002700723,1,Kino
Find a television show called Swing High .,5,3,1,0.00059783785,1,Kino
Show me the movie times,6,2,1,0.0005273749,1,Kino
does Mexican Werewolf start at three am,6,2,1,0.00047045108,1,Kino
where can I find the game A Little Bit of Mambo,5,3,1,0.00023222686,1,Kino
Rate The Sneetches and Other Stories a three,4,4,0,0.00012813043,1,Kino
find Wintersong game,5,2,1,0.0014419823,1,Kino
find the painting Sleeping in Your Hand,5,3,1,0.002956995,1,Kino
I would rate this essay a one and a best rating of 6,4,4,0,0.00013454264,1,Kino
Is The Angelus playing at the movie house at dinner time?,6,2,1,0.00095248566,1,Kino
book a spot for 8 in Hungary on february the 14th,1,1,0,0.00016048538,1,Kino
Is Love Coach playing at Speakeasy Theaters ?,6,3,1,0.001214838,1,Kino
What time will The Age of Success be showing?,6,2,1,0.000840552,1,Kino
Tell me the weather for Sewickley at twelve am,2,2,0,0.00010960471,1,Kino
show creative album Heredity,5,0,1,0.0013522326,1,Kino
Put another track in the keep calm playlist.,0,0,0,0.00014892791,1,Kino
Where can I find the picture of House Foundation,5,5,1,0.56730026,1,Kino
Please look up the song The Mad Magician .,5,3,1,0.00013102703,1,Kino
find The Panic in Needle Park,6,2,1,0.0004172529,1,Kino
rate the bok series Preparedness 101 Zombie Apocalypse two for 6 stars,4,4,0,0.00014965434,1,Kino
Find a trailer called Colony 7 .,5,1,1,0.00020865715,1,Kino
Play new Ian Mclagan,3,3,0,9.989596e-05,1,Kino
Find the schedule for The Pearl of Cleopatra .,6,2,1,0.00045224678,1,Kino
"Can you get the TV show , ENTER THE MATRIX ?",5,3,1,0.00015328548,1,Kino
give me the movie times for movies showing in the neighborhood,6,2,1,0.00021478662,1,Kino
Can you find me the work titled Music for Millions ?,5,3,1,0.0013604008,1,Kino
book a spot that is faraway from the Municipal Borough of Farnworth in 16 minutes,1,1,0,0.00017259298,1,Kino
"book a table for Sep. the second, 2020 at a highly rated place for me and my baby at a joint serving cambodian",1,1,0,0.00020468398,1,Kino
show painting of Waiting for Snow in Havana,5,2,1,0.036097623,1,Kino
Find The Ghost of Tom Joad,5,3,1,0.00015245478,1,Kino
What time is Three Cuckoo Clocks playing?,6,3,1,0.0011106542,1,Kino
What films are at Cineplex Odeon Corporation,6,2,1,0.0014165808,1,Kino
Add Baby Lemonade to poetry in their own voices,0,0,0,0.00012002145,1,Kino
What's the weather in Timbo ?,2,2,0,0.00011408309,1,Kino
Bring up the book Perfume The Story of a Murderer,5,3,1,0.001332638,1,Kino
Play hanging in the balance by Nik Kershaw on Zvooq .,3,3,0,0.00011046596,1,Kino
What time does Military history of African Americans play,6,3,1,0.0024006518,1,Kino
book a spot far from Åland,1,1,0,0.00015789013,1,Kino
what movie is at Loews Cineplex Entertainment,6,1,1,0.0003931448,1,Kino
Find the photograph The Remix please,5,0,1,0.0012109531,1,Kino
Can I get showtimes for films in the neighborhood .,6,1,1,0.00023013918,1,Kino
Give this essay one star out of 6,4,4,0,0.000153203,1,Kino
Can i get todays movie schedule for the movies that are close by ?,6,2,1,0.0003444693,1,Kino
Play some Hong Junyang .,3,3,0,9.77733e-05,1,Kino
Find movie schedules .,6,1,1,0.0028705457,1,Kino
Show The Last Tightrope Dancer in Armenia television show,5,3,1,0.00036681263,1,Kino
I want to listen to the Music of Ghost in the Shell Stand Alone Complex,5,3,1,9.644227e-05,1,Kino
Looking for the picture with the name of Who Made Stevie Crye ?,5,3,1,0.010034439,1,Kino
book John Pearson Soda Works restaurant on 7/27/2036,1,1,0,0.00014851576,1,Kino
Look for the Chu Chu and the Philly Flash picture,5,3,1,0.0024932735,1,Kino
find meal time movie times close by for movies,6,2,1,0.0012377888,1,Kino
give five out of 6 to this novel,4,4,0,0.00014965437,1,Kino
Please search for The Legend of Korra book .,5,3,1,0.026890818,1,Kino
show me Chasing a Feeling painting,5,5,1,0.740322,1,Kino
add Michael Hayvoronsky to Lo Que Suena Los Angeles,0,0,0,0.00012615077,1,Kino
Will it blizzard today in Sint Maarten,2,2,0,0.00010685636,1,Kino
what is the freezing forecast for British Virgin Islands,2,2,0,0.000121439945,1,Kino
look up Holy Water,5,3,1,0.00032200417,1,Kino
Can you tell me what time The Fickle is playing at the closest cinema,6,2,1,0.0005023358,1,Kino
show creativity of the game Everything at Once,5,5,1,0.7134042,1,Kino
Find the trailer for Bill Cosby Presents the Cosnarati State of Emergency,5,1,1,0.00087623775,1,Kino
look for the show named Chestnut Mare,5,1,1,0.0067206826,1,Kino
I want to see While the Sun Shines at the closest movie house .,6,1,1,0.0018168815,1,Kino
Is The Angel of Vengeance – The Female Hamlet playing at the cinema at 6 am,6,3,1,0.00039062134,1,Kino
Tell me the weather forecast for here,2,2,0,0.00011839505,1,Kino
find animated movies at Caribbean Cinemas,6,1,1,0.0008388201,1,Kino
I'd like to watch Dirty Laundry at the movie house,6,3,1,0.00031351723,1,Kino
I would like to find a cafe that serves grilled meat close by in Tunisia and need a table for 2 one second from now .,1,1,0,0.00019761185,1,Kino
show me movie schedules,6,2,1,0.00026124323,1,Kino
Add kjetil vidar haraldstad to my para entrenar playlist.,0,0,0,0.00015156806,1,Kino
I'd like to watch movies now right nearby,6,3,1,0.00019039438,1,Kino
I want another artist on my atmospheric black metal playlist,0,0,0,0.00013719709,1,Kino
Play music by Otis Redding .,3,3,0,9.911861e-05,1,Kino
show the creativity of Where What When,5,5,1,0.98818237,1,Kino
what time is Twin Peaks Fire Walk with Me showing,6,2,1,0.0001252384,1,Kino
Find The Creeper .,5,3,1,0.00026109305,1,Kino
Find Live at the Brixton Academy .,5,3,1,0.00010558367,1,Kino
Can you get me the Controlled Conversations TV series ?,5,3,1,0.0082072355,1,Kino
Show me the TV show My Only Wish,5,3,1,0.0003615604,1,Kino
Find a photograph called Cold Weather .,5,2,1,0.00017292345,1,Kino
how's the weather looking in Pheba,2,2,0,0.00012371512,1,Kino
Play Lenny Kaye music.,3,3,0,9.8925935e-05,1,Kino
Need to find a creative work with the title Sometimes the Blues Is Just a Passing Bird,5,0,1,0.0004443067,1,Kino
Can I see the show Heroes of Might & Magic 4 ?,5,3,1,0.00015560127,1,Kino
Is the TV show The Prodigal Wife on today?,5,2,1,0.00041382975,1,Kino
What movie theatre is playing The Missing Picture,6,3,1,0.00017442014,1,Kino
I want to find The Adventures of Lomax .,5,3,1,0.00091337785,1,Kino
book a restaurant for 4 of us,1,1,0,0.0002126186,1,Kino
find Italy Has Awakened at a Goodrich Quality Theaters,6,1,1,0.0010492466,1,Kino
play an Masaki Aiba tune,3,3,0,0.00011035886,1,Kino
Can I get the Cineplex Odeon Corporation showings for Small Town Story ?,6,1,1,0.0016179295,1,Kino
find Some of My Best Friends Are...The Piano Players,5,3,1,0.00040140483,1,Kino
Give The Plague a 0,4,4,0,0.00013881316,1,Kino
"I want to book a spot at a bar in Henniker , North Dakota .",1,1,0,0.00014018638,1,Kino
Where do I play the video game The Wild Geese ?,5,3,1,0.00012060841,1,Kino
Find Ek Boond Ishq .,5,3,1,0.00013610344,1,Kino
show me the photograph with the title The Denial,5,2,1,0.14125675,1,Kino
I give Obama From Promise to Power 6 points and a rating value of 1,4,4,0,0.0001393568,1,Kino
Where can I buy the movie The Teahouse Fire ?,5,1,1,0.00034228264,1,Kino
Will it be cloudy in Tatamy ?,2,2,0,0.0001113316,1,Kino
"Is there any predicted snowfall in 2 months in Vandalia , El Salvador",2,2,0,0.00011979046,1,Kino
please put this track onto letha's signed xoxo playlist,0,0,0,0.00012826214,1,Kino
find a movie called Single Collection Hotchpotch,5,3,1,0.00028689735,1,Kino
I want Sugarfoot,5,3,1,0.0007054207,1,Kino
i give The Aquariums of Pyongyang 3 out of 6 stars,4,4,0,0.00014704622,1,Kino
Can you give me the movie schedule for Amco Entertainment ?,6,2,1,0.00024540603,1,Kino
Where can I find the TV show of The School Teacher in the House,5,3,1,0.0009233916,1,Kino
give five points to The Tenor Wore Tapshoes,4,4,0,0.00012382305,1,Kino
is it going to be cold at 4 o'clock far from here ?,2,2,0,0.00012120311,1,Kino
What is the local movie schedule,6,2,1,0.00013879806,1,Kino
What films are showing at three o'clock at the Neighborhood Cinema Group ?,6,1,1,0.00035388954,1,Kino
Is Rare Birds showing at the nearest movie theatre at noon .,6,2,1,0.00018846255,1,Kino
Show Panic in the Streets,5,2,1,0.0001797264,1,Kino
what is a weather of Martinique a month from now,2,2,0,0.000111223366,1,Kino
What's the weather in Low Moor,2,2,0,0.00011979172,1,Kino
What movie house is playing the animated movies nearest ?,6,3,1,0.00021441285,1,Kino
find movie schedules for me,6,1,1,0.0017877351,1,Kino
I want to listen to Roger Daltrey from the sixties on slacker,3,3,0,9.6161806e-05,1,Kino
I'd like to see the trailer for History and Theory,5,3,1,0.00031094693,1,Kino
what time can i see The Conflicts of Life,6,2,1,0.13909608,1,Kino
Can you get me seating for a party of 5,1,1,0,0.00021699829,1,Kino
Add louis nelson delisle to the pulse of americana,0,0,0,0.00012431706,1,Kino
"Tell me the humidity index for Elizabethville , Indiana",2,2,0,0.00015752733,1,Kino
"Please fine me the TV series , Now We Are Married .",5,3,1,0.0050784806,1,Kino
play music by Francis Healy,3,3,0,9.5320764e-05,1,Kino
how much hotter will it be once close to Namibia,2,2,0,0.00012615431,1,Kino
what is the current place forecast,2,2,0,0.00011587845,1,Kino
find a painting called Songs from Tsongas,5,3,1,0.00029796254,1,Kino
Are there any animated movies playing at the Mann Theatres ?,6,3,1,0.0022420168,1,Kino
What's the weather in Organ Pipe Cactus National Monument,2,2,0,0.00011231462,1,Kino
I would like reservations to a popular pub in Burkina for 10 people.,1,1,0,0.00022195687,1,Kino
What time is The Rumyantsev Case playing at the closest cinema,6,2,1,0.000767289,1,Kino
Which cinema can I go to to see Lilly the Witch The Dragon and the Magic Book ?,6,1,1,0.00025648018,1,Kino
show creativity of Accident Analysis & Prevention,5,5,1,0.9877423,1,Kino
the horrible current essay gets only a 0 out of 6,4,4,0,0.00014718973,1,Kino
show me movies in the area,6,1,1,0.0022556575,1,Kino
What are the movie schedules,6,2,1,0.00017291761,1,Kino
Play the Food Uncut soundtrack,5,3,1,0.0001022655,1,Kino
Help me search UFC on Fox show .,5,3,1,0.0045531313,1,Kino
whats the movie schedule for movies nearby,6,2,1,0.0001823916,1,Kino
add the song don't drink the water to my playlist,0,0,0,0.00010992216,1,Kino
What films are playing close by,6,3,1,0.0006572638,1,Kino
Please give me information on when Prisoner of Zenda will be shown.,6,2,1,0.0014790891,1,Kino
find the photograph Hearts Burst into Fire,5,3,1,0.0064458456,1,Kino
Play the TV series Effortless Regurgitation of Bright Red Blood,5,3,1,0.00010296551,1,Kino
Give Directive 51 three out of 6 .,4,4,0,0.00013414922,1,Kino
what film to see at ArcLight Hollywood,6,2,1,0.0017532218,1,Kino
Find the movie schedule close by,6,2,1,0.00019168099,1,Kino
Play me the trailer for Chasing After Shadows... Living with the Ghosts .,5,3,1,0.00013827594,1,Kino
Is it possible to find the book Live in Europe online?,5,2,1,0.005256215,1,Kino
I'm looking for the television show titled The Lonergan Review,5,1,1,0.003810235,1,Kino
What time are movies showing around here,6,2,1,0.00012142789,1,Kino
Find the movie schedule .,6,2,1,0.00092342537,1,Kino
Is A Master of Craft playing at Wanda Group,6,3,1,0.000119602235,1,Kino
find Belle of the Yukon,6,3,1,0.00054041244,1,Kino
Book a close by brasserie in NC .,1,1,0,0.00015860934,1,Kino
play Lastfm tunes from 1997,3,3,0,9.950762e-05,1,Kino
Use netflix to play a record by Emil Gilels from year 2015,3,3,0,0.00010166526,1,Kino
I'd like to see Walk on the Wild Side The Best of Lou Reed,5,3,1,0.00011100168,1,Kino
show creative game Elements of Life Remixed,5,3,1,0.0012530516,1,Kino
What time is AMC Theaters playing Unnikrishnante Adyathe Christmas,6,3,1,0.00047185112,1,Kino
What is the weather like in Detroit Lakes,2,2,0,0.0001153155,1,Kino
Please find the show Kim Hyun-joong discography,5,3,1,0.00084707997,1,Kino
Where is the nearest cinema that is playing Pioneers of the West,6,1,1,0.0013450726,1,Kino
I'd like to watch movies close by,6,3,1,0.00020362966,1,Kino
play Isaac Yamma Slut,3,3,0,0.000104381754,1,Kino
find the show Go with the Flow,5,0,1,0.00036785338,1,Kino
Show me the movies at Harkins Theatres .,6,1,1,0.0035422514,1,Kino
show me the schedule of movie times in Dipson Theatres,6,2,1,0.00022351932,1,Kino
show me the schedule of American Primitive in Santikos Theatres,6,2,1,0.00019026524,1,Kino
Where can I watch The Mark in a cinema,6,3,1,0.0010548594,1,Kino
Show me the video game The Stillest Hour,5,3,1,0.0005595644,1,Kino
Will there be a storm faraway from Chapman Ranch ?,2,2,0,0.00010938985,1,Kino
Can you please search Ellington at Newport ?,5,3,1,0.0013001176,1,Kino
What animated movies are playing at Dipson Theatres ?,6,3,1,0.0012794534,1,Kino
Please tell me movie times,6,2,1,0.00016639753,1,Kino
Will it be warmer in Flag ?,2,2,0,0.00013285328,1,Kino
Play me a song from Luxury Liner,3,3,0,0.000111878966,1,Kino
Find the movie schedule for the Cineplex Odeon Corporation .,6,2,1,0.0012539865,1,Kino
Find a TV show called Studies in Logic .,5,3,1,0.0032461977,1,Kino
Add what child is this to Dark Dance Floors,0,0,0,0.00012553658,1,Kino
find the nearest movie theatre with The Witness Chair,6,1,1,0.00022469668,1,Kino
Please get me Rough and Ready saga .,5,0,1,0.0026215164,1,Kino
Rate the current essay 0 of 6,4,4,0,0.00014322039,1,Kino
find the TV series Treeful of Starling,5,3,1,0.00015468756,1,Kino
show movie schedules,6,2,1,0.00018691547,1,Kino
What animated movies are at the closest movie house near brunch,6,1,1,0.00024645453,1,Kino
find Invisible Child at Southern Theatres,6,3,1,0.00072261767,1,Kino
Play something by Holly Cole on lastfm,3,3,0,0.00010058168,1,Kino
CAn I get the the showtimes for The Jade Faced Assassin cinema ?,6,1,1,0.00026028586,1,Kino
Show me Southern Theatres movie times,6,2,1,0.003737157,1,Kino
find The Quest of Iranon,5,3,1,0.002847159,1,Kino
I want to watch Escape the Fate discography,5,3,1,9.4943556e-05,1,Kino
What will the weather be in Totowa Guernsey ?,2,2,0,0.00011165819,1,Kino
Find television show on Windows Live TV,5,3,1,0.0001567544,1,Kino
Let me have the movie schedules for General Cinema Corporation,6,2,1,0.0004383113,1,Kino
Rate this album five out of 6 stars .,4,4,0,0.00014196639,1,Kino
When can I go see The Untold Story ?,6,2,1,0.0027404055,1,Kino
Find movie schedules for United Paramount Theatres .,6,1,1,0.0009489365,1,Kino
I am looking for the creative work A Wonderful Life,5,3,1,0.00803484,1,Kino
Give four points to Leven Thumps and the Gateway to Foo,4,4,0,0.00012285986,1,Kino
Which films are playing at the closest cinema ?,6,3,1,0.001120417,1,Kino
Play some Armik from the fourties,3,3,0,9.588211e-05,1,Kino
I would give this current book a rating a five and a best rating of 6,4,4,0,0.00013733013,1,Kino
Check which cinema currently runs When the Last Sword is Drawn .,6,1,1,0.0012991977,1,Kino
play saga The Yellow Rose of Texas,5,3,1,0.000100676065,1,Kino
Find time for the movie schedule,6,2,1,0.00019330383,1,Kino
When is Barbary Coast playing?,6,3,1,0.000471394,1,Kino
I want animated movies at MJR Theatres,6,1,1,0.00066689844,1,Kino
Can you find the show The Dumping Ground Survival Files,5,3,1,0.00083316996,1,Kino
Please look up Amrithavaahini,5,3,1,0.0005981842,1,Kino
there is warmer at Serenada,2,2,0,0.000113622555,1,Kino
What are movie times for animated movies close by ?,6,2,1,0.00019611046,1,Kino
Will there be snowfall in Kitlope Heritage Conservancy,2,2,0,0.00012578504,1,Kino
What films and movie schedule are in the area,6,2,1,0.000144039,1,Kino
book a spot for 3 in MT,1,1,0,0.0002064853,1,Kino
Play Punk Rock music,3,3,0,9.616283e-05,1,Kino
I think the chronicle entitled The Spirit of St. Louis should be given a zero rating.,4,4,0,0.00012024651,1,Kino
what is the weather forecast for Kinbrae,2,2,0,0.0001239566,1,Kino
Can you add something by the artist Paul Cargnello to my Chill Tracks playlist,0,0,0,0.00011793018,1,Kino
I give the next essay 4 out of 6 points .,4,4,0,0.00014980011,1,Kino
Please play something catchy on Youtube,3,3,0,8.937096e-05,1,Kino
book a highly rated restaurant in Central African Republic for 5 people on sep. the second,1,1,0,0.00017624914,1,Kino
add a mina caputo album to my after hours party,0,0,0,0.00012371117,1,Kino
Find a TV show called The Extraordinary .,5,3,1,0.00187366,1,Kino
Put this tune onto the signed xoxo playlist.,0,0,0,0.00018389233,1,Kino
find the photograph Underneath the Tree,5,2,1,0.014444247,1,Kino
Wish to hear the album Since I Saw You Last,5,3,1,9.5307194e-05,1,Kino
Find the television show titled Spatial Query Server,5,3,1,0.118377276,1,Kino
Where is the nearest movie theatre that is playing Honeysuckle Rose,6,3,1,0.0011756992,1,Kino
Is The Kiss playing,6,2,1,0.001549189,1,Kino
add Curse song to my playlist Guest List Engadget,0,0,0,0.000120022974,1,Kino
Is A Short Film About Killing at North American Cinemas,6,3,1,0.0063005504,1,Kino
what animated movies are showing in the neighbourhood,6,2,1,0.0003035133,1,Kino
help me the find the Thug Lordz Trilogy book,5,0,1,0.0017572223,1,Kino
I need a table for 4 at a place not far from Palau .,1,1,0,0.0001943631,1,Kino
Help me locate a game called The Master of Ballantrae .,5,5,1,0.7216605,1,Kino
Read The Open Ecology Journal,5,3,1,0.000807822,1,Kino
in the neighbourhood find movies starting in thirteen hours,6,1,1,0.00040243127,1,Kino
find Death Is Called Engelchen at Neighborhood Cinema Group,6,0,1,0.00091176986,1,Kino
look for the book titled Iranian Journal of Fuzzy Systems,5,5,1,0.99315166,1,Kino
Recite the movie schedule .,6,3,1,0.0001776818,1,Kino
Play video game Manifesto of Nevermore,5,3,1,0.0001089664,1,Kino
play the album Journeyman,5,3,1,0.0001038762,1,Kino
Is it freezing in Tira,2,2,0,0.0001203762,1,Kino
rate The Cry of the Owl a four,4,4,0,0.00013168248,1,Kino
Book a highly rated coffeehouse for four people.,1,1,0,0.00020933566,1,Kino
Where can I view the photograph Dinosaur from the Deep ?,5,2,1,0.20732656,1,Kino
What are the movie schedules,6,2,1,0.00017291761,1,Kino
What films are playing around here,6,2,1,0.0016638563,1,Kino
book a table at a restaurant in Saudi Arabia that serves presskopf,1,1,0,0.00016933575,1,Kino
Please find movie schedules,6,3,1,0.0034892412,1,Kino
What time is The Hotline playing at the movie theatre,6,3,1,0.0011986812,1,Kino
What films are playing now at the General Cinema Corporation,6,3,1,0.00031824026,1,Kino
Search for The Nations,5,2,1,0.0007844714,1,Kino
"find Mother Earth , a TV show",5,3,1,0.00014844711,1,Kino
I'm trying to find the show Chant II,5,0,1,0.0013974555,1,Kino
Find the schedule for Without Witness twenty two hours from now .,6,2,1,0.00029313925,1,Kino
Find Half a Sixpence photograph,5,1,1,0.0021520392,1,Kino
I want to watch the show Food Force,5,3,1,0.00012211181,1,Kino
Find movie schedules at IMAX Corporation,6,1,1,0.0014139811,1,Kino
I want some fusil contra fusil added to my dance hits playlist.,0,0,0,0.000116783776,1,Kino
play the game Sugarfoot,5,3,1,0.00012965096,1,Kino
I'd like hear the song Sit Down and Talk to Me,5,3,1,9.456345e-05,1,Kino
Search for Another Cinderella Story,5,3,1,0.00046914085,1,Kino
What system is Bloodhounds of Broadway the game for?,5,5,1,0.96226174,1,Kino
what is the storm forecast in the same area of Honduras,2,2,0,0.00011352689,1,Kino
Show The Singles Collection Volume 4,5,0,1,0.003729151,1,Kino
What films are at the nearest movie theatre,6,1,1,0.0004954006,1,Kino
find Brandy in the Wilderness,6,1,1,0.001267553,1,Kino
When will it be hot here,2,2,0,0.000117015836,1,Kino
When is Sea of Fear being shown at the closest movie theatre ?,6,2,1,0.00063584,1,Kino
I'd like to watch Glass Chin at the movie house at 173230,6,3,1,0.0017623563,1,Kino
What's the forecast for my current place at five pm ?,2,2,0,0.00011111432,1,Kino
Play my playlist springtime,3,3,0,0.00011678658,1,Kino
Where to get saga of A Brush with the Law,5,2,1,0.009442391,1,Kino
ticket for The Perfect Man at Dickinson Theatres at 10 A.M.,6,1,1,0.00017396508,1,Kino
Need a creative work called Hit by Love,5,0,1,0.0014577128,1,Kino
Play me a seventies ep,3,3,0,9.6446005e-05,1,Kino
Where can I watch TV series Shopping Spree,5,3,1,0.00010788097,1,Kino
show movie schedule at Cinemark Theatres,6,1,1,0.0005929331,1,Kino
find Saison 7 de Sons of Anarchy,5,1,1,0.00060702296,1,Kino
"Give The Crisis , one / 6 points",4,4,0,0.0001416901,1,Kino
Find Landing on Water .,5,1,1,0.026576795,1,Kino
find The Broken,6,3,1,0.003671771,1,Kino
What is the price for the album Praise the Lord and Pass the Ammunition ?,5,2,1,0.0046922117,1,Kino
find the Radical History Review saga,5,3,1,0.0034517958,1,Kino
Where can I see the show Twentysomething,5,3,1,0.0002801655,1,Kino
What is the movie schedule at the Fox Theatres,6,2,1,0.00015147217,1,Kino
add song to Rocksteady playlist,0,0,0,0.00013246389,1,Kino
Please tell me the current and local movie times,6,2,1,0.00017256282,1,Kino
"i want to see Love, Speed and Thrills at the nearest cinema",6,1,1,0.00034371752,1,Kino
Play a 2009 concerto on Deezer .,3,3,0,9.625746e-05,1,Kino
What films are scheduled around here ?,6,2,1,0.00015022409,1,Kino
show movie schedules,6,2,1,0.00018691547,1,Kino
What time is Soul Surfer playing,6,3,1,0.00046364302,1,Kino
show movie times at Cinemark Theatres,6,1,1,0.00038593914,1,Kino
Is Millions in the Air playing at the cinema,6,3,1,0.0015240437,1,Kino
"Can you find me the work titled, A Little Curious ?",5,3,1,0.0036930565,1,Kino
I want a table for seven at twenty three o'clock in Angola .,1,1,0,0.00017800182,1,Kino
Show me the saga St. Elsewhere,5,2,1,0.00707667,1,Kino
Book a table for 12 am . at our step mother's secondary residence within walking distance for one,1,1,0,0.00019023764,1,Kino
I'm looking to book a seat at a bakery that serves coleslaw at 194458 .,1,1,0,0.00017711929,1,Kino
What is the closest movie house playing What the Swedish Butler Saw,6,3,1,0.00027229288,1,Kino
what time can i see The Half Naked Truth,6,2,1,0.00015786351,1,Kino
Where can I find the painting of Without Condition,5,3,1,0.0031753518,1,Kino
Where is the nearest movie house that is playing Teaching to See,6,1,1,0.0010735581,1,Kino
Can I get the movie schedules for Megaplex Theatres ?,6,1,1,0.0020986325,1,Kino
I'd like to see the trailer Tony Parker,5,3,1,0.00048347109,1,Kino
Show me a novel by Onnaam Muhurtham,5,3,1,0.00016755387,1,Kino
What animated movies are on the movie schedule close by ?,6,2,1,0.00020668985,1,Kino
Play Acid Punk music.,3,3,0,9.550861e-05,1,Kino
show me the schedule of movie times,6,2,1,0.00018638397,1,Kino
show creative photograph named None of the Above,5,2,1,0.069133595,1,Kino
Tell me if it'll be freezing next month in Rhode Island,2,2,0,0.000122033445,1,Kino
What time is 30 Days of Night playing?,6,2,1,0.00022843182,1,Kino
Give 1 out of 6 rating to the current textbook,4,4,0,0.0001449087,1,Kino
Look for the High Noon TV show,5,2,1,0.003403291,1,Kino
restaurant in Bulgaria this week party for 9 numbers,1,1,0,0.00020626417,1,Kino
I need a list of Mann Theatres films that are playing,6,3,1,0.00060531305,1,Kino
List movies by movie times in the neighbourhood,6,2,1,0.000365344,1,Kino
Find the Rewind the Film TV show,5,3,1,0.00031312037,1,Kino
find a video game called A Stroll in the Pork,5,3,1,0.00024149944,1,Kino
Look for the creative work called White Sugar,5,5,1,0.4404834,1,Kino
I want to hear Box Of Rain by Skeets Mcdonald,3,3,0,9.148233e-05,1,Kino
What's the weather in the Marshall Islands in sixteen hours,2,2,0,0.00011089724,1,Kino
Need to see Mother Joan of the Angels in one second .,6,2,1,0.0010956343,1,Kino
Find time for College Rock Stars at any movie theatre,6,1,1,0.0003261374,1,Kino
Can you find me the movie The Countess ?,5,3,1,0.00063583447,1,Kino
Find the schedule for Project Shadowchaser II at the cinema in eighteen hours .,6,1,1,0.0010898794,1,Kino
What's the weather going to be like near Moldova on fri.,2,2,0,0.000116903604,1,Kino
What is the movie schedule for today?,6,2,1,0.00019090078,1,Kino
I'd like to give The Harder They Come two points,4,4,0,0.00012750426,1,Kino
Please play some Black Metal music,3,3,0,9.077927e-05,1,Kino
Add the big mama thornton song to cassie's Punk Rock Workout playlist,0,0,0,0.00012553748,1,Kino
When is The Great Question playing at the closest movie house ?,6,3,1,0.0005267002,1,Kino
what time is Utamaro and His Five Women showing at Alamo Drafthouse Cinema,6,2,1,0.0007046083,1,Kino
When will The Boys Next Door be playing at the nearest movie house,6,2,1,0.000980802,1,Kino
Find the Three Little Pigs television show,5,3,1,0.00022406332,1,Kino
I'd like to see Snowball Express,6,3,1,0.00012040742,1,Kino
Play Me Against The World from Glukoza,3,3,0,0.00010540818,1,Kino
is it going to be foggy in Jewell Cemetery State Historic Site 7 weeks from now,2,2,0,0.000112314796,1,Kino
Can you find me the Restless Natives ?,5,2,1,0.0054090093,1,Kino
find movie schedules in MJR Theatres,6,2,1,0.001006895,1,Kino
Add When You Come Back to the jazz for loving couples playlist.,0,0,0,0.00013922689,1,Kino
Play music by Damien Rice,3,3,0,9.940933e-05,1,Kino
I want 4813 added to my Rhythm and Blues playlist,0,0,0,0.000116898875,1,Kino
Can you play Halloween by Ajinoam Nini,3,3,0,0.00010146737,1,Kino
Show me Tears On My Pillow .,5,2,1,0.1485885,1,Kino
Show me the television show The Science of Breath,5,5,1,0.94711447,1,Kino
find a show called Big Broadcast of 1938,5,3,1,0.0011314556,1,Kino
Where is the nearest movie house that is playing Sirivantha,6,3,1,0.00056768855,1,Kino
what is the Bahamas forecast for stormy weather at 074321,2,2,0,0.0001177035,1,Kino
How can I view the show Corpus A Home Movie About Selena ?,5,3,1,0.00060249853,1,Kino
"find The Covered Wagon , a game",5,1,1,0.0002902499,1,Kino
add album to my piano ballads,0,0,0,0.0001341551,1,Kino
"I want to hear Jimmy James from the thirties , play a song on Groove Shark .",3,3,0,9.393272e-05,1,Kino
give the current book zero of 6,4,4,0,0.00013027483,1,Kino
Find time for movie times now,6,2,1,0.0008551683,1,Kino
find movie times,6,3,1,0.0023896059,1,Kino
Rate Recovery Road a three,4,4,0,0.00012725679,1,Kino
Find a novel called Testing Anywhere .,5,1,1,0.010649277,1,Kino
What is the movie times for General Cinema Corporation,6,2,1,0.0002127697,1,Kino
Where can I find the picture the Japanese Lovesong near me?,5,2,1,0.004251635,1,Kino
I want to hear that track from 1991,3,3,0,8.386864e-05,1,Kino
add cross bones style to Guest List TaKe,0,0,0,0.00012250942,1,Kino
Please find me Asking Alexandria discography,5,3,1,0.00029991454,1,Kino
Find Earth Moving .,5,2,1,0.045177355,1,Kino
I'd like a table for 3 at an outdoor restaurant,1,1,0,0.00021159629,1,Kino
Where can I find information on Brats in Battalions ?,5,5,1,0.9766183,1,Kino
is The Sleeping Beauty playing at 8 A.M. at Cobb Theatres,6,3,1,0.0002228758,1,Kino
Look up The Collection Volume One novel,5,3,1,0.00037424898,1,Kino
find the photograph JBoss Enterprise SOA Platform,5,3,1,0.014969583,1,Kino
book a spot at a pub with tatar in Cambodia,1,1,0,0.00014372007,1,Kino
Where can I watch the television show called Fangs of the Arctic ?,5,3,1,0.00011929012,1,Kino
What is the movie schedule near me?,6,2,1,0.00013894583,1,Kino
Is Warhead playing at AMC Theaters,6,3,1,0.00018148258,1,Kino
find films in the neighborhood,6,3,1,0.0016752082,1,Kino
What is the movie schedules,6,2,1,0.00018496599,1,Kino
Find a video game called Batman The Return of Bruce Wayne .,5,3,1,0.00025174828,1,Kino
find a movie house with Colic The Movie that is nearest,6,1,1,0.00024281911,1,Kino
How do I get the soundtrack for Hearts of Fencing ?,5,3,1,0.0038251963,1,Kino
find the trailer for Live at Hull,5,1,1,0.0010970485,1,Kino
Can I get the weather forecast for Benin in 32 days ?,2,2,0,0.00012383511,1,Kino
Can I get the movie schedules for Southern Theatres at around 1502,6,1,1,0.0009892456,1,Kino
I want to read the novel Pokémon the Movie Black—Victini and Reshiram and White—Victini and Zekrom .,5,3,1,0.00020027779,1,Kino
What does it feel like in Alloway,2,2,0,0.00013428256,1,Kino
give two star to current textbook,4,4,0,0.00014086191,1,Kino
Add My Very Best to my road trip playlist.,0,0,0,0.0001353389,1,Kino
I'd like to see Spyforce,5,3,1,0.00016746143,1,Kino
what are the movie schedules for Great Escape Theatres,6,2,1,0.00022446121,1,Kino
What is the movie schedule for movies in the neighbourhood,6,2,1,0.0002006386,1,Kino
Please search for the TV series titled I Need Romance .,5,3,1,0.00089873734,1,Kino
Play some music from Victor Kunonga .,3,3,0,9.854001e-05,1,Kino
Where can I view the photograph The Phantom Horse,5,2,1,0.023216715,1,Kino
Fine movie times for Loews Cineplex Entertainment .,6,1,1,0.00040281174,1,Kino
I want to book a tea house for 4 that serves madeleine,1,1,0,0.0002017112,1,Kino
find close by movies movie times,6,3,1,0.001678375,1,Kino
Find movie times .,6,3,1,0.0012011116,1,Kino
What will the weather be in the Flight Park State Recreation Area ?,2,2,0,0.00012026152,1,Kino
book in South Dakota for lobster newberg at a pub,1,1,0,0.00013970447,1,Kino
"Can you locate the novel , Ismol Family",5,3,1,0.1615796,1,Kino
Add parempi mies to the Café con Leche playlist.,0,0,0,0.00013130359,1,Kino
Find the schedule for movies at Southern Theatres .,6,1,1,0.0002803455,1,Kino
Can you find the TV show Faithless Street,5,3,1,0.00013758421,1,Kino
look for the creative work The Testament of Gideon Mack,5,3,1,0.008605041,1,Kino
Find The Modern World video game,5,3,1,0.00034138738,1,Kino
Play some Matthew Sweet music from around 1996 on Spotify,3,3,0,9.6445176e-05,1,Kino
Can i get the showtimes for movies around here ?,6,1,1,0.00028948658,1,Kino
When can I watch Alice A True Story at AMC Theatres ?,6,3,1,0.00014152608,1,Kino
What time is Crawlspace playing at the Caribbean Cinemas,6,3,1,0.00031095927,1,Kino
Book a table at Crown Candy Kitchen for lacy and I,1,1,0,0.00017834533,1,Kino
Does The Yacoubian Building start at 0839 pm,6,2,1,0.00025809504,1,Kino
Show me when Scandalous John is playing.,6,3,1,0.00062016916,1,Kino
I would give zero stars to A Concise Treatise on the Art of Angling out of 6 .,4,4,0,0.00016793066,1,Kino
Add this tune to the Heavy Gamer playlist.,0,0,0,0.00013454813,1,Kino
When is Watchman Vadivel playing?,6,3,1,0.0002795202,1,Kino
I'd like to eat at a restaurant around China with a party of 7 anywhere that serves ouzeri,1,1,0,0.00018546423,1,Kino
Find a TV series called Dirty Politics .,5,3,1,0.00045017074,1,Kino
show movie schedule for animated movies in the neighborhood,6,2,1,0.0008832532,1,Kino
find Mysterious Castles of Clay,6,3,1,0.04549804,1,Kino
Are any animated movies playing at Magic Johnson Theatres ?,6,3,1,0.0011683165,1,Kino
I want to see the movie schedule for KB Theatres .,6,2,1,0.0021563515,1,Kino
I'd like to hear the soundtrack for Just Once in My Life .,5,3,1,8.191897e-05,1,Kino
What movies are scheduled at Plitt Theatres ?,6,1,1,0.0007091888,1,Kino
find Wild at Heart,6,3,1,0.000518163,1,Kino
I want to watch the television show Champion,5,3,1,0.000110333014,1,Kino
Can you find the song Bleach Hell Chapter,5,3,1,0.0009185558,1,Kino
what is the schedule for The Fox and the Child in cinema,6,2,1,0.0001939211,1,Kino
Show me the closest cinema playing movies .,6,3,1,0.002611813,1,Kino
I want to watch Looney Tunes Platinum Collection Volume 1 at a movie theatre,6,3,1,0.0002299545,1,Kino
Play anything from Hiromitsu Agatsuma off iHeart .,3,3,0,0.000102665894,1,Kino
Book a restaurant for 9 people.,1,1,0,0.0002142921,1,Kino
book a spot for 1 close to geraldine's house,1,1,0,0.00018527062,1,Kino
I want the photograph of Walt Before Mickey,5,2,1,0.096844435,1,Kino
add the artist joseph meyer to my mad cool festival 2017 playlist,0,0,0,0.00014733864,1,Kino
Find a photograph called Shout It Out .,5,3,1,0.0003711405,1,Kino
Find the TV show titled The Three Leaps of Wang Lun,5,3,1,0.0005531683,1,Kino
Book a restaurant near the City of Wakefield for 5 people.,1,1,0,0.00019606687,1,Kino
Find Conker Live and Reloaded,5,3,1,0.00010976272,1,Kino
Find the movie schedule for North American Cinemas in eleven seconds .,6,2,1,0.0018163237,1,Kino
play some Kansas Joe Mccoy,3,3,0,9.739212e-05,1,Kino
What are the movie times for films playing in the area ?,6,2,1,0.00020997712,1,Kino
Where can I see the show Latin for Lovers ?,5,3,1,0.00026221227,1,Kino
Play an ep from Mike Harding .,3,3,0,9.950716e-05,1,Kino
find a movie house for Kickboxer 5 – Redemption,6,1,1,0.00059696124,1,Kino
Go to the movie The Best of Pirates of the Mississippi,5,3,1,0.00037370017,1,Kino
Where can I get a photograph of Death Knows Your Name ?,5,2,1,0.22550681,1,Kino
Tell me if it'll be colder next November in Granite-steppe lands of Buh,2,2,0,0.00012383368,1,Kino
find animated movies at the nearest movie theatre,6,1,1,0.00023360408,1,Kino
Will there be a blizzard at a 4 AM in Sky Valley,2,2,0,0.000116557465,1,Kino
find the trailer for Hit the Ice,5,1,1,0.0002267763,1,Kino
What movies are playing at Southern Theatres,6,3,1,0.0015833828,1,Kino
Find a painting called Voices in My Head .,5,3,1,0.0007632873,1,Kino
I want to add michelle heaton to this is chopin,0,0,0,0.000117816126,1,Kino
is The Slut playing at 0727 A.M. at Harkins Theatres,6,3,1,0.00027851068,1,Kino
Play a song from 1973 .,3,3,0,0.0001005819,1,Kino
I'd like to know the movie times for movies nearby me,6,2,1,0.00019950209,1,Kino
I want to watch the TV show Tales from Space About a Blob,5,3,1,0.0001381257,1,Kino
I want to read Mad Money,5,3,1,0.00013014303,1,Kino
Check the forecast for Keene .,2,2,0,0.000110893394,1,Kino
Where to buy painting Target Practice,5,1,1,0.0009102633,1,Kino
I want to hear any tune from the twenties,3,3,0,9.103929e-05,1,Kino
what films are showing at Century Theatres,6,2,1,0.0004506872,1,Kino
Show me movie times at Harkins Theatres .,6,1,1,0.00039489454,1,Kino
Show me the work Not a Little Girl Anymore,5,3,1,0.011278305,1,Kino
Go to The Devil in the Deal50 Secrets to Successful Dealmaking,5,0,1,0.00047359758,1,Kino
play the most popular Miles Jones track,3,3,0,9.970195e-05,1,Kino
add song to Women of SXSW,0,0,0,0.00012964848,1,Kino
Add De Principii Evangelikum to my Domingo Indie palylist,0,0,0,0.00011990572,1,Kino
What is the forecast for Wyoming at Stanardsville during the storm,2,2,0,0.00011805022,1,Kino
find Mary Kom starting in one hour,6,2,1,0.0004651491,1,Kino
Play me a song by Hank Thompson from Moa Anbessa,3,3,0,0.00010438398,1,Kino
Find me the picture Live in Paris 1975,5,3,1,0.00019668737,1,Kino
I want to book a restaurant with creamed eggs on toast on Kansas Day within walking distance of British Indian Ocean Territory,1,1,0,0.00022797621,1,Kino
please add moon river to my metalcore playlist,0,0,0,0.00013104895,1,Kino
Will you show me a schedule for movies around here ?,6,1,1,0.006299719,1,Kino
show creativity of soundtrack IHeartRadio Countdown,5,3,1,0.0015440903,1,Kino
what are the movie schedules in the neighborhood,6,2,1,0.00014349923,1,Kino
add the track by Paul Gray to my 2010s smash hits playlist,0,0,0,0.00012143571,1,Kino
Play a movement fromthe eighties by Nobuo Uematsu .,3,3,0,0.00010960758,1,Kino
I want to book a table at a nearby restaurant in Andorra for me and my kids .,1,1,0,0.00016094718,1,Kino
What is the movie schedule for Loews Cineplex Entertainment,6,2,1,0.00015934667,1,Kino
show animated movies in nearest movie theatre,6,1,1,0.00045133216,1,Kino
Where is Winterheart’s Guild,5,2,1,0.0016208971,1,Kino
Help me find the saga titled The Eternal Return,5,4,1,0.03369745,1,Kino
Find the schedule for nearby animated movies .,6,1,1,0.0033322372,1,Kino
I need to see Cristo in India,5,2,1,0.00047178796,1,Kino
Search for The Toucher and Rich Show,5,3,1,0.0006661751,1,Kino
find a cinema nearest showing Twilight of Shadows at breakfast time,6,1,1,0.00018086241,1,Kino
add tune to my this is john williams playlist,0,0,0,0.00014004495,1,Kino
I want to book a brasserie for 3 people in Netherlands Antilles .,1,1,0,0.00022022669,1,Kino
rate the current essay three of 6 points,4,4,0,0.0001464738,1,Kino
Find the schedule for movie times .,6,2,1,0.00031111648,1,Kino
Find me the picture called Bugs Bunny Nips the Nips,5,3,1,0.0032705476,1,Kino
Find a painting called Break Down .,5,3,1,0.00024498123,1,Kino
Can you find the TV show So What,5,3,1,0.0005887691,1,Kino
Find TV series of Noroi - The Curse,5,3,1,0.00030748604,1,Kino
Play music from the album Evolution Of A Man by Joey Ramone,3,3,0,0.00010510058,1,Kino
Add an album by Jenifer to my travelling playlist,0,0,0,0.00013015339,1,Kino
Look for the NYPD - New York Police Department saga,5,2,1,0.009051576,1,Kino
Where can I locate Leo the Lion for purchase,5,1,1,0.00019730901,1,Kino
Add child owlet to my Sleep Sounds playlist,0,0,0,0.00012298954,1,Kino
Show me the movie schedules,6,2,1,0.0003845043,1,Kino
Rate this novel a two,4,4,0,0.00013297511,1,Kino
I want to see the MAXIMUM TRANCE picture,5,3,1,0.00021868867,1,Kino
show me the schedule of films close by,6,2,1,0.00013621915,1,Kino
Give four stars out of 6 to Practice to Deceive,4,4,0,0.00014604491,1,Kino
Can I get the movie schedules for Marcus Corporation .,6,2,1,0.0011552478,1,Kino
"Can you find me the work, Bible translations into Hawaii Pidgin ?",5,5,1,0.9727192,1,Kino
Book a table for mamie and maria at a south tyrolean restaurant within walking distance from Fisk Av-69th St .,1,1,0,0.00019244841,1,Kino
what films are showing in the neighborhood,6,2,1,0.00021936753,1,Kino
Is The Johnstown Flood playing,6,2,1,0.00014951159,1,Kino
Play the heinz strobl ep from 2016 on Groove Shark,3,3,0,9.960284e-05,1,Kino
Put this tune on my get your mind right playlist,0,0,0,0.00013220406,1,Kino
I want to listen to the song Only the Greatest,5,3,1,9.283779e-05,1,Kino
What movies can I see in the area ?,6,2,1,0.00021739614,1,Kino
I want to listen to a popular melody by David Bazan,3,3,0,9.5786e-05,1,Kino
I want to see the TV series A State of Mind,5,3,1,0.00013553588,1,Kino
Can you tell me the movies that are going to be scheduled at the closest movie house ?,6,1,1,0.000647836,1,Kino
Find The Last Angry Moose,5,3,1,0.0009826799,1,Kino
Where can I find Paranormal Activity 3 playing near me 1 hour from now,6,3,1,0.00011614571,1,Kino
what time is The Graduate showing at Caribbean Cinemas,6,2,1,0.00015061192,1,Kino
Can I get the movie schedules for Loews Cineplex in six hours seventeen minutes and eighteen seconds .,6,2,1,0.0004426598,1,Kino
Add Der K und K Kalypso aus Wien to vonda's playlist Pura Vida,0,0,0,0.00012504753,1,Kino
find a painting called Screen Souvenirs,5,3,1,0.0021221652,1,Kino
"Is it going to be foggy in Box Elder , Rhode Island",2,2,0,0.000112754264,1,Kino
Play the playlist Feel Good Dinner .,3,3,0,0.00011486544,1,Kino
Where is Mother and Child plkaying,6,3,1,0.00031489422,1,Kino
Add album to Pop Rising,0,0,0,0.00012155453,1,Kino
show creativity of book Future of the Past,5,5,1,0.78379,1,Kino
Let me see the movie schedule for Seed of Chucky,6,2,1,0.00029853612,1,Kino
Find the movie times at Consolidated Theatres .,6,1,1,0.00017165691,1,Kino
Give the current book 4 stars,4,4,0,0.00015305392,1,Kino
Is The Country Doctor on the schedule at any theater near me?,6,2,1,0.00051452627,1,Kino
Bombshells saga download,5,3,1,0.0001523186,1,Kino
find As Live as It Gets,5,3,1,0.00020723123,1,Kino
find movie times,6,3,1,0.0023896059,1,Kino
11 seconds from now find a cinema with First Monday in October,6,1,1,0.00027960457,1,Kino
Find the schedule for for Corn at eleven A.M. at Loews Cineplex Entertainment .,6,1,1,0.0002024021,1,Kino
Add a track to the emo forever playlist.,0,0,0,0.00013324157,1,Kino
What is the weather like in Midfield Iowa today,2,2,0,0.000112644484,1,Kino
Book a reservation for bettye and lakeisha jimenez at a bar,1,1,0,0.0001806329,1,Kino
Find me the nearest cinema that have movies starting right now .,6,1,1,0.00019854237,1,Kino
Show me The Heart Specialist,5,5,1,0.68741715,1,Kino
movie schedule for animated movies in the neighborhood,6,1,1,0.0014760672,1,Kino
Where can I see the trailer for Phineas Redux ?,5,3,1,0.0015689714,1,Kino
Which cinema is currently showing The Youngest Profession ?,6,1,1,0.00083011616,1,Kino
"During tea time, what animated movies will be screening at the closest movie house ?",6,2,1,0.0019146391,1,Kino
Find me the TV show The First Bite .,5,3,1,0.0005735086,1,Kino
Where is Road to the Stage playing,6,3,1,0.0035394072,1,Kino
Find a book called The CIA World Factbook .,5,3,1,0.15208942,1,Kino
find a photograph called Between the Days,5,2,1,0.008375154,1,Kino
I need a movie schedule for nearby animated movies,6,1,1,0.00090581016,1,Kino
What are the movie times at Goodrich Quality Theaters,6,2,1,0.00016393958,1,Kino
Rate this album a 3,4,4,0,0.00012926193,1,Kino
What will the weather be in Croatia ?,2,2,0,0.00011839611,1,Kino
What are the movie schedules for any animated movies playing in the neighbourhood ?,6,2,1,0.00025288452,1,Kino
Show movie times at Kerasotes Theatres,6,1,1,0.0006175999,1,Kino
Use the service Zvooq to play top-10 by artist Coolio,3,3,0,0.000117468866,1,Kino
Are there any films around here,6,2,1,0.00021580717,1,Kino
When is the next showing of Star Wars The Clone Wars ?,6,2,1,0.00040908056,1,Kino
Play 2012 symphony music by Nardwuar The Human Serviette on Netflix .,3,3,0,0.000100876234,1,Kino
"Tell me the weather forecast one year from now in Kulpsville , Togo",2,2,0,0.00011122198,1,Kino
I'm looking for Sherlock Holmes contre Arsène Lupin .,5,3,1,0.0007819632,1,Kino
Where can I get Intel Array Building Blocks,5,5,1,0.9434002,1,Kino
Is it supposed to be chilly in Kuwait ?,2,2,0,0.00013003052,1,Kino
What is the picture called Lest We Forget The Best of ?,5,0,1,0.0004718828,1,Kino
I would rate Coming Through Slaughter a four out of 6 .,4,4,0,0.00013652784,1,Kino
what is playing for movies at B&B Theatres,6,3,1,0.00015921696,1,Kino
Show the movie schedule,6,2,1,0.00032750404,1,Kino
find The Bride,6,3,1,0.0019418659,1,Kino
I would give this current novel one stars,4,4,0,0.00014533337,1,Kino
Can I get the movie times for in the neighbourhood movies,6,2,1,0.00071615225,1,Kino
Find a show called The Inheritors,5,3,1,0.0011291979,1,Kino
Find the schedule for Kingsman The Secret Service at a movie theatre .,6,1,1,0.00018514741,1,Kino
Find movie times .,6,3,1,0.0012011116,1,Kino
Where is the nearest movie house that is showing The Kingfisher Caper ?,6,1,1,0.0004062711,1,Kino
List movie times playing animated movies nearby,6,3,1,0.00013089128,1,Kino
find the show The Demi-Gods and Semi-Devils,5,3,1,0.0002820245,1,Kino
Rate Steps two out of 6 points,4,4,0,0.00014533388,1,Kino
What movies are showing at the nearest movie house ?,6,2,1,0.00093998143,1,Kino
Play celtic music,3,3,0,9.3478135e-05,1,Kino
Show the Sexy Dance 2 times at the closest movie house,6,1,1,0.0052905283,1,Kino
I need a table for 5 at the restaurant I ate at last Oct.,1,1,0,0.00019004344,1,Kino
movie times at Consolidated Theatres,6,1,1,0.0007160699,1,Kino
I want to go to 88th St-Boyd Av or close by and book seats for 10,1,1,0,0.00017765797,1,Kino
What are the current movie schedules for AMC Theatres ?,6,2,1,0.0002045709,1,Kino
Find The American Journal of Economics and Sociology .,5,5,1,0.88663715,1,Kino
Add the album to my Flow Español playlist.,0,0,0,0.0001426661,1,Kino
Play the top track by Claudja Barry on Last Fm,3,3,0,9.672835e-05,1,Kino
find animated movies around here,6,3,1,0.00073000154,1,Kino
Is it forecast to be windy here in seven seconds ?,2,2,0,0.00012965161,1,Kino
Where is Boo to You Too! Winnie the Pooh playing,6,3,1,9.8814155e-05,1,Kino
Where can I buy the Something Borrowed saga ?,5,1,1,0.00033228472,1,Kino
Is You Will Meet a Tall Dark Stranger at Bow Tie Cinemas,6,1,1,0.00022534523,1,Kino
What is the weather going to be at dinner time in the Lake Le-Aqua-Na State Recreation Area,2,2,0,0.00011576712,1,Kino
Show movie schedules for Douglas Theatre Company,6,2,1,0.00049632945,1,Kino
Can you tell me the movies playing at United Paramount Theatres,6,3,1,0.0020667834,1,Kino
search for Pat and Margaret,5,3,1,0.002221985,1,Kino
show That Little Band of Gold,5,3,1,0.003054027,1,Kino
rate The Sail and Steam Navy List 5 stars,4,4,0,0.00014791006,1,Kino
Show me the painting called The Descendants .,5,5,1,0.914992,1,Kino
show creative song called Holidays on the River Yarra,5,3,1,0.00028829035,1,Kino
play chant by Nigger Kojak on Itunes,3,3,0,9.513486e-05,1,Kino
Look up the Hard to Handle TV show,5,3,1,0.00041688798,1,Kino
I'd like to have this track onto my Classical Relaxations playlist.,0,0,0,0.00015744864,1,Kino
what will the weather be for Hooksett,2,2,0,0.00013003153,1,Kino
Is it forecast to be chilly here on july 14 ?,2,2,0,0.00013246665,1,Kino
Play me a track by Steve Souza,3,3,0,0.0001039768,1,Kino
What are the movie times at Goodrich Quality Theaters ?,6,2,1,0.000168633,1,Kino
I'm looking to find Suryavanshi .,5,2,1,0.0012995482,1,Kino
What is the forecast at four AM in Zambia,2,2,0,0.00011220433,1,Kino
show movie times for animated movies nearby,6,2,1,0.0013647577,1,Kino
I need a table for a party of 2 at Co-operative Block Building in Old Glory,1,1,0,0.00021201113,1,Kino
find National Amusements showing The Sea Is Behind,6,3,1,0.002416277,1,Kino
what's the movie schedules for in the neighborhood at the movies,6,2,1,0.00016616583,1,Kino
When is Sins of the Fathers playing?,6,3,1,0.00039496837,1,Kino
find Word of Mouth for me,5,1,1,0.03914228,1,Kino
give zero out of 6 points to Marxism and the Oppression of Women,4,4,0,0.00015992862,1,Kino
search for video game The Sky Is Crying,5,3,1,0.00028020475,1,Kino
Book restaurnt at N9NE Group in Loogootee UT,1,1,0,0.00014393343,1,Kino
Find the creative work The Devil in Stitches,5,0,1,0.0016809256,1,Kino
Play some music from the thirties .,3,3,0,9.7582706e-05,1,Kino
What movie theatre is playing Sherlock Holmes and Dr. Watson fifteen hours and one minute from now,6,3,1,0.00014948049,1,Kino
What are the movie times for movies in the area ?,6,2,1,0.00020111907,1,Kino
add this artist to cynthia's fresh finds,0,0,0,0.00011862363,1,Kino
Can you please find the Jack Johnson En Concert picture ?,5,3,1,0.00019777752,1,Kino
find movie schedules at Loews Cineplex Entertainment,6,1,1,0.00039047154,1,Kino
What movies are playing at the closest cinema,6,3,1,0.0013032618,1,Kino
Show me a video game made by TMPGEnc .,5,3,1,0.0009577797,1,Kino
Play me the last 1980 record by Brenda Kahn,3,3,0,0.000100384554,1,Kino
Find the App Store,5,1,1,0.00074354245,1,Kino
i want the movie schedules for movies around here,6,2,1,0.0002840075,1,Kino
find KB Theatres with movies,6,1,1,0.0003661139,1,Kino
Book a table for 3 at a top-rated restaurant .,1,1,0,0.00018912434,1,Kino
What movie theatre playing animated movies is the closest,6,3,1,0.00165208,1,Kino
Play Keep Your Right Up song,5,3,1,0.00010216477,1,Kino
Can you get me the All Night Long 3 The Final Chapter novel ?,5,3,1,0.002816777,1,Kino
What time is Mon Amour Shesher Kobita Revisited playing,6,3,1,0.00013871542,1,Kino
"Book PM Park, Clear Lake, Iowa at 5 am for 6 people.",1,1,0,0.00019301432,1,Kino
Can you pull up a track on Zvooq by Graham Mcpherson,3,3,0,0.0001039748,1,Kino
find Cover Her Face,5,3,1,0.008764064,1,Kino
Show me the closest movie house that plays That Night in Rio,6,1,1,0.000346624,1,Kino
Is Judgment Day The John List Story playing at Megaplex Theatres ?,6,2,1,0.0014836425,1,Kino
I'm looking for the saga The Hardest Part,5,2,1,0.0022790881,1,Kino
I'm looking for the work titled Converging Conspiracies,5,0,1,0.009953148,1,Kino
What time is a movie in the neighbourhood,6,2,1,0.00012836285,1,Kino
Search for the game Difficult Loves,5,3,1,0.07175315,1,Kino
is there a program about The Last Flight ?,5,2,1,0.0012080169,1,Kino
Show the movie schedule at Regal Entertainment Group,6,2,1,0.0005534177,1,Kino
What is the Read All About It picture ?,5,2,1,0.23810476,1,Kino
Find the schedule for The Comedian at Santikos Theatres .,6,1,1,0.00030252975,1,Kino
"book a highly rated gastropub that has a pastelaria in Blue Anchor , MD in 55 weeks for my brother in law and I",1,1,0,0.00014930686,1,Kino
find the movie Shake Your Spirit,5,3,1,0.00020454732,1,Kino
Show me the movie schedule,6,2,1,0.00030367333,1,Kino
Where can I find the movie schedules,6,2,1,0.0004689668,1,Kino
When will The Honor of an Outlaw be showing?,6,2,1,0.00018190415,1,Kino
I want to eat in Ramona,1,1,0,0.00025109045,1,Kino
play Bliss Torn from Emptiness,5,3,1,0.000102665144,1,Kino
where is Ennarukil Nee Irunthal playing,6,3,1,0.00027246433,1,Kino
find the TV show Tribute to the Troops,5,3,1,0.00013109253,1,Kino
What movies are in the neighbourhood,6,2,1,0.0002459727,1,Kino
give me the movie schedule for animated movies showing in the neighborhood,6,2,1,0.00042913834,1,Kino
"I need a top-rated gastropub for 5 in DC in Conshohocken on Jul. the 18th, 2024",1,1,0,0.00017816303,1,Kino
Show the forecast nearby in twenty two minutes in French Polynesia,2,2,0,0.00011723755,1,Kino
give me the movie schedules for Southern Theatres,6,2,1,0.00030234994,1,Kino
look up Adobe Brackets soundtrack,5,3,1,0.00015213879,1,Kino
"Please look up the work, Bachelor Pad .",5,3,1,0.0004166746,1,Kino
add this tune by hart wand on this is wagner,0,0,0,0.00010927928,1,Kino
Find an album called The Aboriginal Port Folio .,5,3,1,0.00045381932,1,Kino
I need to find Best of the West Rides Again,5,1,1,0.0016748878,1,Kino
Can you please find me the Harry Hood saga ?,5,3,1,0.0015598948,1,Kino
show creativity in Cross Currents,5,5,1,0.9553207,1,Kino
What are the movie times for animated movies in the neighbourhood,6,2,1,0.00029100897,1,Kino
Show me Live at the Kings Center,5,3,1,0.0006393054,1,Kino
I give Jonathan Livingston le goéland 2 of 6 points,4,4,0,0.0001408619,1,Kino
I'd like to watch films at Marcus Corporation at twelve P.M.,6,3,1,0.0014945637,1,Kino
Tell me what movies are showing at seven am at the closest movie house .,6,1,1,0.00036161562,1,Kino
When is Twentynine Palms playing at Plitt Theatres ?,6,3,1,0.0009518205,1,Kino
How will the weather be in 11 years from now in the same area of Florida ?,2,2,0,0.00012371584,1,Kino
Add another album to my keep calm playlist.,0,0,0,0.00013881887,1,Kino
Find a reservation at Fish Express,1,1,0,0.00013927714,1,Kino
Show me a television show named A Love to Hide .,5,1,1,0.14130448,1,Kino
What time will the closest movie house be playing Mark Shoots First,6,2,1,0.00018602275,1,Kino
Search for the George and the Big Bang TV show,5,3,1,0.00013767472,1,Kino
Where is the nearest cinema that is playing The Kid Brother,6,3,1,0.0015093224,1,Kino
Add this lbc crew tune to my Rock Argentino Vol I playlist,0,0,0,0.000128263,1,Kino
Can you let me know when Talk of the Devil is playing at the movie theatre ?,6,2,1,0.0009862358,1,Kino
"I need Journal of Pediatric Oncology Nursing , help me find",5,5,1,0.9834088,1,Kino
Search for the song called Journal of the American Statistical Association,5,5,1,0.51403594,1,Kino
Find me the album The Demon,5,3,1,0.0004022337,1,Kino
When is For One Night playing at Loews Cineplex Entertainment ?,6,3,1,0.0025838274,1,Kino
At four pm . I need a table for 8 at a restaurant in Guernsey that serves salade .,1,1,0,0.00020170907,1,Kino
Rate the current essay a three points,4,4,0,0.00013786768,1,Kino
Add our little corner of the world music from gilmore girls to my The Funny Thing About Football Is playlist.,0,0,0,0.00016484372,1,Kino
find a cinema for The Tenderfoot nearest me,6,1,1,0.00016914305,1,Kino
movie schedule at Cinemark Theatres,6,1,1,0.00037441752,1,Kino
Add Grey Cloudy Lies to the hip hop playlist.,0,0,0,0.00016260869,1,Kino
find films at Magic Johnson Theatres,6,1,1,0.0009886083,1,Kino
I'd like to watch Take This Waltz,6,3,1,9.2103175e-05,1,Kino
Find a table for 2 at a restaurant in Saint Vincent and the Grenadines,1,1,0,0.00015225327,1,Kino
I need a reservation for a brasserie place for a party of two,1,1,0,0.00021201155,1,Kino
What time is Class playing at Amco Entertainment ?,6,3,1,0.0018188708,1,Kino
Add autry inman to my Hanging Out and Relaxing playlist.,0,0,0,0.00015637907,1,Kino
what time is The World According to John Coltrane playing,6,3,1,0.00016474053,1,Kino
show me the schedule of Dead Snow,6,2,1,0.00023804647,1,Kino
I give this series a one out of 6,4,4,0,0.00013949354,1,Kino
find a movie schedule in the neighborhood for films,6,1,1,0.00020099801,1,Kino
What time are the movie schedules,6,2,1,0.00015729405,1,Kino
Find me the soundtrack A Honeymoon Adventure,5,3,1,0.00018817732,1,Kino
What are the movie schedules for movies around here ?,6,2,1,0.00022760176,1,Kino
Show The Legend of Jesse James novel,5,3,1,0.014319281,1,Kino
I need to find the creative work Burn Baby Burn,5,0,1,0.001701218,1,Kino
I'd like to watch films at the nearest cinema at 8 am,6,1,1,0.0011262327,1,Kino
Weather for Oct. 16 in MO,2,2,0,0.00012517227,1,Kino
Show me Then We Came to the End,5,4,1,0.032128267,1,Kino
Find a song called Bronco Billy .,5,3,1,0.00012828912,1,Kino
List movie times at Megaplex Theatres,6,1,1,0.0008665073,1,Kino
"I want to see the novel , The Green",5,3,1,0.00024579483,1,Kino
What are the movie schedules,6,2,1,0.00017291761,1,Kino
Rate In the Company of Cheerful Ladies a zero out of 6,4,4,0,0.0001515663,1,Kino
I give this textbook a four,4,4,0,0.00012964098,1,Kino
Show me the movie Sonic Triple Trouble,5,3,1,0.07933656,1,Kino
"Can you tell me the forecast for East Falmouth , Hungary",2,2,0,0.00011508888,1,Kino
Can you help me find the television show Women and Death,5,3,1,0.0013399692,1,Kino
I'm looking for the show Sex and Candy,5,3,1,0.0013845366,1,Kino
Where can I watch the TV series Polite People,5,3,1,0.00011372068,1,Kino
Find me the video game For Your Love .,5,3,1,0.0013301751,1,Kino
Please look up Three Essays on the Theory of Sexuality show .,5,3,1,0.31863096,1,Kino
"find Hope & Other Sins , a TV show",5,3,1,0.00013649816,1,Kino
Play something on Zvooq,3,3,0,0.00010499741,1,Kino
I give a rating of 4 out of 6 for the book My Sister and I,4,4,0,0.00014965437,1,Kino
I need to find a table for 4 at a brasserie that has fondue,1,1,0,0.00022856166,1,Kino
show movie times,6,2,1,0.00028402757,1,Kino
I want to give the current textbook 2 out of 6,4,4,0,0.00014604507,1,Kino
Where can I watch the trailer of the National Treasures - The Complete Singles,5,3,1,0.00010076303,1,Kino
Can you get me the Maldeamores saga ?,5,3,1,0.015654866,1,Kino
play a chant by Sonsee,3,3,0,0.000100876154,1,Kino
"find Playground , a book",5,1,1,0.0013608388,1,Kino
What is the movie schedules for films in the neighborhood,6,2,1,0.00020411282,1,Kino
give me the movie schedules for Warren Theatres,6,2,1,0.00026732206,1,Kino
When is The Third Eye showing at Dickinson Theatres ?,6,2,1,0.00022180485,1,Kino
What time is Dive Bomber playing,6,3,1,0.0005764401,1,Kino
please add Secrets of the Alibi to the playlist called keep calm,0,0,0,0.00013207606,1,Kino
I need a reservation for 0253 at Hotel Arctic in State Road,1,1,0,0.00016867,1,Kino
Look for the Thorns saga,5,2,1,0.008698984,1,Kino
For the current chronicle I give five of 6,4,4,0,0.0001359959,1,Kino
I want to hear Song For Adam,3,3,0,9.494669e-05,1,Kino
I give this book Dictionary of the English Language a 4 rating,4,4,0,0.00017124269,1,Kino
play The Case of the Whitechapel Vampire TV series,5,3,1,0.00010633465,1,Kino
Show me the Live in Whitby album .,5,0,1,0.0066514947,1,Kino
Add the frank beard song to the Soft Pop Hits playlist,0,0,0,0.0001226294,1,Kino
Find me the When Harry Tries to Marry photograph,5,5,1,0.68031394,1,Kino
book a restaurant on next fall for 5,1,1,0,0.00017992101,1,Kino
"find To Each His Own Cinema , an album",5,3,1,0.0011575181,1,Kino
Can you pull up Channel M News,5,3,1,0.00020407961,1,Kino
Can you play Deezer from 2007 ?,3,3,0,0.0001074868,1,Kino
find a soundtrack called The Spanish Jade,5,3,1,0.00010050915,1,Kino
What's the closest movie theatre that's showing Dough Nuts ?,6,1,1,0.00026405376,1,Kino
i want to see Return to Yesterday,6,2,1,0.004597513,1,Kino
find a brunch time cinema nearest with The President Is Coming,6,1,1,0.00017063873,1,Kino
What is the nearest movie theatre playing Kate y Leopold ?,6,3,1,0.00042744947,1,Kino
Play my inventive playlist,3,3,0,0.00011678775,1,Kino
Play Dj Subroc on Itunes,3,3,0,0.00010256441,1,Kino
Find the Youth Against Christ saga,5,3,1,0.00092360866,1,Kino
Find me the Spartan Total Warrior painting,5,0,1,0.00092429423,1,Kino
whats the forecast for Redby,2,2,0,0.00012505088,1,Kino
What is the Paranormal Activity Ghost Dimension album ?,5,3,1,0.0017021251,1,Kino
Rate An Act of Terror 2 stars .,4,4,0,0.00014141362,1,Kino
I want to read the novel Alone at the Microphone,5,3,1,0.00024794854,1,Kino
Add Roel van Velzen to my party of the century playlist.,0,0,0,0.00014491248,1,Kino
Find the nearest movie house that's showing movies,6,1,1,0.00022161273,1,Kino
"Please look up the novel , Heroes of Annihilated Empires",5,3,1,0.00034627735,1,Kino
find a movie schedule for United Paramount Theatres,6,1,1,0.00029586328,1,Kino
"Book the Chapter One in Bosnia and Herzegovina for patti, hester richardson and camille",1,1,0,0.00016813137,1,Kino
I'm rating The Skystone with three points,4,4,0,0.00012626642,1,Kino
I give the Budayeen Nights saga five out of 6 points .,4,4,0,0.00014017579,1,Kino
find The Branded Woman,6,3,1,0.0035535537,1,Kino
I want to take me and my momy to eat in Flossmoor,1,1,0,0.00015915438,1,Kino
What is the weather like in North Salt Lake and Afghanistan ?,2,2,0,0.00011862721,1,Kino
What films are there playing at Cobb Theatres ?,6,2,1,0.001559622,1,Kino
What time is Do Sher playing,6,3,1,0.0003128579,1,Kino
Find The Transformers Generations video game,5,3,1,0.00029622222,1,Kino
Find a photograph called Sleeping with the Enemy .,5,3,1,0.0032523328,1,Kino
I want to add this bon scott song to my Post-grunge list,0,0,0,0.00012480357,1,Kino
find a game called Gladiators Australian Series 1,5,4,1,0.0047798734,1,Kino
What movies are playing at Marcus Corporation ?,6,3,1,0.0005058185,1,Kino
add this tune to my It's a Southern Thing playlist,0,0,0,0.00012049105,1,Kino
find a video game called Victory March,5,3,1,0.00035450573,1,Kino
play the movie I Want My MTV The Uncensored Story of the Music Video Revolution,5,3,1,0.00012179451,1,Kino
Find Head Start,5,3,1,0.0029995688,1,Kino
Find a TV show called Zen The Music of Fred Katz .,5,3,1,0.00014766378,1,Kino
Find the closest cinema playing Little Red Monkey .,6,3,1,0.0020436544,1,Kino
what time is Tom y Jerry showing at Alamo Drafthouse Cinema,6,2,1,0.00037930228,1,Kino
add tune by Leonard Cohen to road trip,0,0,0,0.00012407223,1,Kino
Find the schedule for movies at the nearest cinema .,6,1,1,0.00019594944,1,Kino
Give The Slap 0 stars,4,4,0,0.0001374646,1,Kino
What film is playing in the neighbourhood,6,2,1,0.0009799463,1,Kino
I'd like a movie schedule for a close by movies,6,1,1,0.00023212678,1,Kino
The book As Sure as the Dawn gets a two out of 6 rating,4,4,0,0.0001460447,1,Kino
I'd like to find the Days of Glory saga,5,0,1,0.0013741332,1,Kino
find The Gamblers,5,1,1,0.0011323352,1,Kino
Which animated movies are showing at the Neighborhood Cinema Group ?,6,1,1,0.0009907547,1,Kino
Please show me the movies playing at Amco Entertainment .,6,3,1,0.00062307704,1,Kino
Can you find me the Spectres television show ?,5,3,1,0.0003854259,1,Kino
IS Anti-Semitism in the 21st Century The Resurgence playing now,6,2,1,0.0049915398,1,Kino
find a photograph called Wild Cats on the Beach,5,1,1,0.0307806,1,Kino
Please put another tune into the laundry playlist.,0,0,0,0.00015260816,1,Kino
Rate this novel 0 of 6 stars,4,4,0,0.0001457603,1,Kino
play a top twenty symphony of 2010,3,3,0,9.46727e-05,1,Kino
what is the movie schedule for Cineplex Odeon Corporation,6,2,1,0.00016583885,1,Kino
What is the weather forecast in 13 seconds in Grand Traverse Bay Bottomland Preserve,2,2,0,0.00012323339,1,Kino
add keltech to my 70s road trip playlist,0,0,0,0.00014114345,1,Kino
3 out of 6 for the last album,4,4,0,0.00014647267,1,Kino
What time is Last Exit to Brooklyn playing at movie house ?,6,3,1,0.0009736914,1,Kino
Play my 70s Smash Hits playlist.,3,3,0,0.00010727567,1,Kino
Rate Homicide A Year on the Killing Streets five stars,4,4,0,0.00013867767,1,Kino
What's the weather now in Salmon Lake State Park,2,2,0,0.000113306785,1,Kino
Where can I find On the Marble Cliffs,5,2,1,0.00029126456,1,Kino
Add this song to Blues Roots,0,0,0,0.00011885597,1,Kino
Search for the Complots,5,5,1,0.9165251,1,Kino
What animated movies are playing at the Magic Johnson Theatres,6,3,1,0.00028852755,1,Kino
Play me East Side Story,5,3,1,0.00010875338,1,Kino
Get me the Elvis' Christmas Album TV show .,5,3,1,0.0006611124,1,Kino
book a restaurant for november 19,1,1,0,0.00012234646,1,Kino
Book a restaurant for one in AL .,1,1,0,0.00018167665,1,Kino
When and where is DistroWatch playing,5,3,1,0.00017085316,1,Kino
I'd like to watch animated movies at National Amusements,6,3,1,0.00050565327,1,Kino
Find a movie schedule .,6,1,1,0.00024217722,1,Kino
Find the nearest movie theatre that plays Sea Racketeers,6,1,1,0.0003963449,1,Kino
Book reservations at a tea house in Lodi with my granddaughter and I,1,1,0,0.0001625296,1,Kino
please rate this essay three out of 6,4,4,0,0.00014733445,1,Kino
show animated movie at Century Theatres,6,1,1,0.0033503238,1,Kino
Will it get cold in Nevada seven weeks and a half from now ?,2,2,0,0.00011308526,1,Kino
I'd like to eat english cuisine at a restaurant in Ettrick,1,1,0,0.00013156049,1,Kino
Is there a game called The Neutral Zone ?,5,2,1,0.0006352736,1,Kino
Can i get the listings for the film at the nearest movie theatre ?,6,1,1,0.00036642718,1,Kino
show me the trailer for Live Phish Volume 12,5,3,1,0.0019429706,1,Kino
show creativity in Ah,5,3,1,0.33072644,1,Kino
Find me the nearest movie house that is showing The Saviour .,6,1,1,0.00027613182,1,Kino
I would give The Call of the Toad a value of zero and a best rating of 6,4,4,0,0.00013284554,1,Kino
Please get me Exploring the Reef TV show,5,3,1,0.0007511047,1,Kino
what is the nearby forecast for here at 152611,2,2,0,0.00011231361,1,Kino
Showtimes for Butterfly on a Wheel .,6,1,1,0.0004738694,1,Kino
Find the work Compiled fragments 1997-2003,5,3,1,0.002109609,1,Kino
I need the movie Kids in Love at the movie house,6,1,1,0.0002154632,1,Kino
Find a show called Chompa Toung .,5,1,1,0.00095681543,1,Kino
Show me the saga The Buffalo Boy,5,4,1,0.017346151,1,Kino
find soundtrack titled The House of the Yellow Carpet,5,3,1,9.886469e-05,1,Kino
What is the nearest movie theatre showing Ocean’s 13 ?,6,1,1,0.00041284686,1,Kino
Find a photograph called Greatest Hits Volume One .,5,3,1,0.009973273,1,Kino
What is the movie schedule for movies close by,6,2,1,0.00015572568,1,Kino
show He Who Fears the Wolf creative photograph,5,2,1,0.048233632,1,Kino
What cinema has the closest movies,6,1,1,0.0004892396,1,Kino
find the picture Nur mit Dir – A Walk to Remember,5,3,1,0.0012647366,1,Kino
What times will animated movies be showing nearby ?,6,2,1,0.00015230759,1,Kino
Can you play a sound track from 1963 ?,3,3,0,0.00010530553,1,Kino
I need a reservation for my teens and I six months from now in Tennessee,1,1,0,0.00014214964,1,Kino
Is there any hail in Monterey Bay National Marine Sanctuary,2,2,0,0.00011758701,1,Kino
this series should get 0 of 6 points,4,4,0,0.00012725445,1,Kino
find Karol The Pope,5,3,1,0.00018155618,1,Kino
What time is The Christmas Toy playing at Loews Cineplex,6,2,1,0.00086867926,1,Kino
show movie schedules for animated movies playing close by now,6,2,1,0.00043942587,1,Kino
Please give me the movie schedule for Pacific Theatres,6,2,1,0.00036310096,1,Kino
Is The Unnaturals showing at 13 .,6,2,1,0.0001359948,1,Kino
book for 2 at a cafe for burgers in Gasport,1,1,0,0.00016804686,1,Kino
Where can I find Tales of Ghost Castle ?,5,2,1,0.011168247,1,Kino
I'm looking for the game called Summer of Fear,5,3,1,0.012648107,1,Kino
find a Cineplex Odeon Corporation showing movies,6,1,1,0.0010470523,1,Kino
Add Joey Fatone to my Spotlight on Country 2016 playlist,0,0,0,0.00013350254,1,Kino
find the song The Fourth Man,5,3,1,0.00016425563,1,Kino
show the closest movie theatre that shows Boycott,6,1,1,0.00023177944,1,Kino
What time does Kraken Tentacles of the Deep play,6,2,1,0.00085250736,1,Kino
Give me showtimes for films in the neighbourhood .,6,1,1,0.0003173258,1,Kino
Can you get me the Rakuen Tsuihou Expelled from Paradise television show ?,5,0,1,0.00082121853,1,Kino
What animated movies are playing now in the neighborhood,6,3,1,0.0004648632,1,Kino
when can i see A Handful of Dust in a movie theatre,6,2,1,0.0002784889,1,Kino
book a table in Connecticut in Robinette for one second from now,1,1,0,0.00012519241,1,Kino
I'd like to see Jacksonville Daily Progress saga,5,2,1,0.00032583694,1,Kino
Find an album called Just Call Me Stupid .,5,3,1,0.00011792424,1,Kino
find the nearest movie theatre with movies,6,1,1,0.00021907613,1,Kino
Add this track to the playlist kickass metal,0,0,0,0.00012590543,1,Kino
where can I find a painting called Battlestations Pacific,5,3,1,0.04982587,1,Kino
what films are showing around here,6,2,1,0.00029321638,1,Kino
Find the schedule for No Time to Be Young at AMC Theaters .,6,1,1,0.0016847835,1,Kino
Find the schedule for movies at the Megaplex Theatres .,6,1,1,0.00022530615,1,Kino
What film is playing at Landmark Theatres,6,3,1,0.00030326465,1,Kino
Rate the saga Rides a Dread Legion zero out of 6 points .,4,4,0,0.00014392124,1,Kino
I want to book a highly rated pizzeria in the same area as tia's house,1,1,0,0.000159236,1,Kino
"find Wish You Were Here , a movie",5,3,1,0.00017289013,1,Kino
Please look up The 4-Hour Workweek saga,5,2,1,0.0008071867,1,Kino
I need to see the movie schedules,6,2,1,0.00048565248,1,Kino
find animated movies in the area,6,1,1,0.0019442477,1,Kino
Rate this textbook 5 out of 6 points,4,4,0,0.00015275538,1,Kino
Show me the saga My Darling,5,2,1,0.04681299,1,Kino
add time flies 1994-2009 to the Jazzy Romance playlist,0,0,0,0.00013428752,1,Kino
What time is In Old New Mexico showing today?,6,2,1,0.0001207304,1,Kino
"Check the forecast for Hulmeville , WV .",2,2,0,0.00011154535,1,Kino
add Beyond the Valley of 1984 in playlist Folk Music At The Gaslight Café,0,0,0,0.00017157827,1,Kino
Will it be windy at 7 AM in Dong Phou Vieng National Protected Area,2,2,0,0.00011363764,1,Kino
Will you play me the most popular sound track from 2006,3,3,0,0.000109073044,1,Kino
find the song Ticks,5,3,1,0.00019913742,1,Kino
What's the weather in Meherrin,2,2,0,0.00011990852,1,Kino
the stars for this are 4 for a textbook,4,4,0,0.00015683564,1,Kino
could you please show me movie schedules,6,2,1,0.0018732214,1,Kino
What time will In the Name of the Son be playing?,6,2,1,0.00021312211,1,Kino
Is it snowy in Audra State Park or within the same area,2,2,0,0.00010949631,1,Kino
add eric johnson song to my The Refugee Playlist playlist,0,0,0,0.00012565989,1,Kino
Find the movie schedule for the Douglas Theatre Company .,6,1,1,0.0011495644,1,Kino
Find the movie schedules for animated movies in the neighbourhood .,6,2,1,0.009472747,1,Kino
show movie times at sunrise,6,2,1,0.00015206588,1,Kino
Where to buy Unarchigal,5,1,1,0.00056656107,1,Kino
Play a Paul Davis melody,3,3,0,0.00010727822,1,Kino
book a restaurant for four in Burundi,1,1,0,0.00019320723,1,Kino
Play the playlist spring,3,3,0,0.00011319536,1,Kino
show me PhotoScape,5,5,1,0.9640416,1,Kino
Find the schedule for for films at Star Theatres .,6,1,1,0.00090551353,1,Kino
Play music on Groove Shark .,3,3,0,9.999393e-05,1,Kino
Which animated movies are being screened at Marcus Corporation ?,6,2,1,0.0027926057,1,Kino
show me the schedule of Outlaw of Gor at nearest movie house at 5 A.M.,6,1,1,0.0004493614,1,Kino
I'd like to see movie schedules for animated movies around here,6,2,1,0.04476857,1,Kino
help me find the work Unite and Win,5,3,1,0.024707027,1,Kino
show the show The Son of Tarzan,5,3,1,0.0131854275,1,Kino
Can you let me know when Troopers Three is scheduled?,6,2,1,0.00015704974,1,Kino
Go to BioRuby,5,3,1,0.0029722895,1,Kino
List movie times at B&B Theatres,6,2,1,0.00082971924,1,Kino
Play a trailer for Sencha Touch,5,3,1,9.644512e-05,1,Kino
What is the weather in Arkansas the city of Morrison,2,2,0,0.00011264354,1,Kino
find a show called The Crowd Roars,5,3,1,0.000865963,1,Kino
Find a picture called Ready .,5,3,1,0.0013660133,1,Kino
Showtimes for animated movies fro Goodrich Quality Theaters .,6,1,1,0.00048105998,1,Kino
Can you add some morton feldman piano and string quartet to my global funk playlist,0,0,0,0.00012776183,1,Kino
What are the movie times at General Cinema Corporation,6,2,1,0.00019708707,1,Kino
book a table for nine PM at a pub in MA,1,1,0,0.00015863628,1,Kino
Find a painting called The Book of Folly .,5,3,1,0.0017378649,1,Kino
I need to see a list of films and movie times in the area,6,2,1,0.00048599116,1,Kino
Play some Oleg Anofriyev from 1960 .,3,3,0,0.00010489456,1,Kino
What is the movie schedule for movies in the neighborhood,6,2,1,0.00018886814,1,Kino
What time is Bhoomi Geetha playing at the movie theatre,6,2,1,0.0011692541,1,Kino
What time is Project Censored the Movie playing at the movie house,6,3,1,0.00021100833,1,Kino
show me the Everybody Wants You picture,5,0,1,0.020207806,1,Kino
I want to know if there are any movies playing in the area .,6,2,1,0.0031717632,1,Kino
Need to find the soundtrack called Fire in the Valley,5,3,1,0.00014674793,1,Kino
Tell me the movie schedule for Warren Theatres,6,2,1,0.0003285298,1,Kino
Play Everybody Wins trailer,5,3,1,0.00013181944,1,Kino
Find a show called Star Trek Starfleet Academy Starship Bridge Simulator .,5,1,1,0.0064227954,1,Kino
What's the forecast for AL twenty one minutes from now ?,2,2,0,0.00011220573,1,Kino
Play music from the seventies for me.,3,3,0,9.9119374e-05,1,Kino
What animated movies are at the closest movie theatre,6,1,1,0.0005197794,1,Kino
add what if punk never happened to autumn,0,0,0,0.0001707257,1,Kino
Find the schedule for The Kentuckians .,6,2,1,0.00029885076,1,Kino
put this frederick knight track on my the midnight hour playlist,0,0,0,0.00014777045,1,Kino
Add the artist Adam Deibert to my Perfect Concentration playlist.,0,0,0,0.00014805909,1,Kino
Play The Aviation Cocktail album,5,3,1,0.000105821506,1,Kino
How can I watch the television show Tinker Bell and the Legend of the NeverBeast ?,5,3,1,0.00012913322,1,Kino
play a tune from 2000 by Bronislau Kaper,3,3,0,9.8156044e-05,1,Kino
Can i see the Boat People ?,5,2,1,0.0016245291,1,Kino
Whats' the weather in Fernando New Jersey,2,2,0,0.00011068001,1,Kino
Show me the album Clarke,5,0,1,0.0030076415,1,Kino
Play most popular from Nil Burak on Slacker,3,3,0,0.00010397675,1,Kino
Rate this album zero of 6,4,4,0,0.00013040232,1,Kino
Rate Soul Music a 0 .,4,4,0,0.00012589792,1,Kino
Find me the novel with the name To Lose My Life …,5,3,1,0.0071957516,1,Kino
play the album The Outpost,5,3,1,0.00010176746,1,Kino
find Manthra Mothiram at Century Theatres,6,3,1,0.0010077436,1,Kino
when is The Fox and the Child playing in this cinema,6,2,1,0.00038355126,1,Kino
Where is White Bim Black Ear,6,3,1,0.0021385709,1,Kino
Is No Time to Be Young showing at AMC Theaters,6,2,1,0.0018554655,1,Kino
Book a table for a party of twelve in Lewisville AMerican Samoa for a party of 7 at the Ballachulish House,1,1,0,0.00019839202,1,Kino
What is the release date for the DVD called Wild Is the Wind ?,5,2,1,0.00024347837,1,Kino
I would rate Oblivion Stories a two,4,4,0,0.00012334152,1,Kino
Can you find the Info Wars saga,5,3,1,0.03633395,1,Kino
Can I watch Flower and Snake at movie house in one hour from now ?,6,3,1,0.00024158269,1,Kino
Please search for the Microsoft Safety Scanner television show .,5,3,1,0.004475029,1,Kino
When and where can I watch National Priority ?,6,2,1,0.00018083118,1,Kino
play Groove Shark,3,3,0,0.00010790807,1,Kino
show me movie times at my local theater.,6,1,1,0.0002891895,1,Kino
Find me Shack Out on 101,5,1,1,0.00012030807,1,Kino
Play the top-fifty theme songs by Dennis Brown .,3,3,0,0.00010530577,1,Kino
Will it be colder in Litchfield,2,2,0,0.00012215257,1,Kino
Book a reservation for a top-rated lebanese fast food place,1,1,0,0.00017168833,1,Kino
Please search the game ATLA All This Life Allows .,5,3,1,0.0009951798,1,Kino
Add an album by m g sreekumar to my laidback acoustic playlist.,0,0,0,0.0001481994,1,Kino
Which movies are being screened around here ?,6,2,1,0.000801557,1,Kino
Show me movie times,6,2,1,0.00024730034,1,Kino
"find Projections , an album",5,3,1,0.00017950473,1,Kino
this chronicle rates a one for First Contact ?,4,4,0,0.00012178264,1,Kino
what films are at the nearest cinema,6,1,1,0.0009930608,1,Kino
What is the forecast next year in McGee,2,2,0,0.0001353438,1,Kino
Let me hear Chris Knight music,3,3,0,0.00010087293,1,Kino
Is there going to be any cloud cover today at McCracken in AZ ?,2,2,0,0.00011441752,1,Kino
Can you find me the My Father My King game ?,5,3,1,0.0014053616,1,Kino
add ojuelegba to trabajo ritmos dance,0,0,0,0.00012652048,1,Kino
Look for Global Clubbing The Netherlands .,5,1,1,0.0012942926,1,Kino
What is the closest cinema with animated movies,6,1,1,0.00050863286,1,Kino
Book a pub for eight people in the Pitcairn Islands .,1,1,0,0.00016901243,1,Kino
what time is Achilles and the Tortoise showing,6,2,1,0.0001694941,1,Kino
Can i get the showtimes for films at Dickinson Theatres ?,6,1,1,0.00025654642,1,Kino
Can you find the television show Manifesto of Nevermore,5,3,1,0.00015462544,1,Kino
What films are playing at the closest cinema,6,3,1,0.0008516539,1,Kino
Does Pacific Theatres have animated movies starting in 1 minute ?,6,2,1,0.002793855,1,Kino
I'd like to play the album Beloved Rogues,5,3,1,0.000104379294,1,Kino
add josefina pla to isabelle's Guest List GamesRadar playlist,0,0,0,0.00014100476,1,Kino
me and aisha and craving cordon bleu and need to book a table at a brasserie .,1,1,0,0.00016270632,1,Kino
What films are showing at Kerasotes Theatres,6,2,1,0.00043379774,1,Kino
Find Spirit of the Bush .,5,3,1,0.0002752422,1,Kino
Will it be hot near Calakmul Biosphere Reserve 3 seconds from now,2,2,0,0.000118857955,1,Kino
find the TV series Box of Moon Light,5,3,1,0.00019764248,1,Kino
Find a table for five at Harveys in De Berry ID on April the 10th,1,1,0,0.00015601754,1,Kino
Play a song from Helena Iren Michaelsen on Spotify,3,3,0,9.758274e-05,1,Kino
Rate this textbook a 1,4,4,0,0.0001405879,1,Kino
use Deezer to play top five Moya Brennan,3,3,0,0.00011408461,1,Kino
what is the weather forecast for Latvia Strasburg,2,2,0,0.000121558835,1,Kino
add this track to Punk Rock Workout,0,0,0,0.00012061017,1,Kino
list animated movies at the nearest cinema,6,1,1,0.0002762905,1,Kino
Where is The Penthouse playing,6,3,1,0.00033832947,1,Kino
Show the Philosophy and Phenomenological Research saga,5,5,1,0.9920953,1,Kino
What are the movie schedules for Kerasotes Theatres,6,2,1,0.0001889987,1,Kino
Where can I see the trailer for Experienced II Embrace Tour 2013 Budokan ?,5,3,1,0.00063199695,1,Kino
Find Journeyman .,5,3,1,0.0015971822,1,Kino
Play the album Have Another Ball,3,3,0,0.00010896648,1,Kino
play the Putrefactive Infestation trailer,5,3,1,0.00011176704,1,Kino
Show The Second Civil War saga,5,2,1,0.13093616,1,Kino
Put hampartsoum limondjian in running to rock 170 to 190 bpm,0,0,0,0.00016102473,1,Kino
Show The Monkey soundtrack,5,3,1,0.00019301599,1,Kino
Is What a Wonderful Place showing at Cinemark Theatres,6,2,1,0.0011244944,1,Kino
Show me Interesting Times The Secret of My Success,5,5,1,0.98827076,1,Kino
find Unfinished portrait of General Bonaparte,5,3,1,0.0011283172,1,Kino
what time is One Night Stand showing at Cineplex Odeon Corporation,6,2,1,0.0008962921,1,Kino
Where can I watch the latest episode of the TV show Chu Chu and the Philly Flash ?,5,3,1,0.00010757858,1,Kino
"Find me a bar in Eagle Pass , Vermont that serves noodle dishes, that will take reservations for 2/21/2021 .",1,1,0,0.00018253786,1,Kino
show movie times for AMC Theatres,6,1,1,0.0010562537,1,Kino
When is Robotix playing?,6,3,1,0.00036883066,1,Kino
What animated movies are playing AMC Theaters,6,3,1,0.00020445303,1,Kino
Show me the movie times,6,2,1,0.0005273749,1,Kino
What time is Roy Colt & Winchester Jack playing at movie house,6,3,1,0.00064535404,1,Kino
find A man needs a maid,5,1,1,0.00029302426,1,Kino
Find a movie schedule .,6,1,1,0.00024217722,1,Kino
show creativity of What Is Dead May Never Die,5,3,1,0.0050458023,1,Kino
"find Attack Surface Analyzer , a painting",5,5,1,0.98455393,1,Kino
I wish to listen to some instrumental music.,3,3,0,9.979637e-05,1,Kino
I would like to rate the current book I am reading 0 stars .,4,4,0,0.00014003913,1,Kino
book for sherry and concepcion in Nunam Iqua at the best restaurant,1,1,0,0.00014244676,1,Kino
when can iw atch Great Balls of Fire! - Vampate di fuoco,6,3,1,0.00043645222,1,Kino
What is the movies playing at North American Cinemas,6,3,1,0.0004473132,1,Kino
Please search for All the Lovers trailer .,5,1,1,0.00039914175,1,Kino
Where can I find the show Game of Death II,5,3,1,0.00050629873,1,Kino
What Howards End cinema is near?,6,2,1,0.0006523396,1,Kino
what time is The Challenge showing at the local movie house,6,2,1,0.00021631217,1,Kino
Play a movement from the nineties,3,3,0,0.00010196625,1,Kino
She me movie times,6,3,1,0.0006921148,1,Kino
Play the best 1981 sound track from Ric Fierabracci,3,3,0,9.4211035e-05,1,Kino
i want to see some movies in a B&B Theatres,6,1,1,0.0005052917,1,Kino
What time are the animated movies starting at the nearest movie house ?,6,2,1,0.00020434616,1,Kino
play music from the sixties,3,3,0,9.113392e-05,1,Kino
What's the forecast for Gamaliel,2,2,0,0.00011667422,1,Kino
find a soundtrack for Lords of the Rising Sun,5,3,1,0.000108201464,1,Kino
Please make reservations for a bar close-by in Lake Alfred .,1,1,0,0.00012640581,1,Kino
i want to watch animated movies at Showcase Cinemas,6,3,1,0.00042992522,1,Kino
find the nearest movie theatre for animated movies,6,1,1,0.00028395792,1,Kino
I'd like to take a party of five today to a place in Colorado,1,1,0,0.00016607375,1,Kino
Find a soundtrack called Top Gear Australia .,5,3,1,0.00010344068,1,Kino
"I want to give Rebbe The Life and Teachings of Menachem M. Schneerson, the Most Influential Rabbi in Modern History two out of 6 points",4,4,0,0.00016118109,1,Kino
add artist post metal to playlist,0,0,0,0.00012262876,1,Kino
Find a TV show called Union .,5,3,1,0.001549743,1,Kino
out of 6 The Black Unicorn rates points of 2,4,4,0,0.00014994654,1,Kino
What films and movie schedules are in the neighborhood,6,2,1,0.00015975257,1,Kino
I need a reservation in 1 second in Atlas with a party of nine,1,1,0,0.00016508844,1,Kino
Look for the movie Darkness Come Alive,5,3,1,0.0003230693,1,Kino
Can i see the Encounters ?,5,2,1,0.0012895197,1,Kino
Is Cradle Robbers playing at the nearest movie theatre,6,3,1,0.00049993285,1,Kino
show the schedule of movie Unborn but Forgotten,6,2,1,0.00014049165,1,Kino
Find a painting called Satisfaction Is the Death of Desire .,5,3,1,0.010189733,1,Kino
give 5 out of 6 stars to Creatures of Light and Darkness,4,4,0,0.00014238324,1,Kino
I would give this current novel 4 points,4,4,0,0.00014335998,1,Kino
Is The Passion of Anna playing four seconds from now at the cinema,6,3,1,0.00015612763,1,Kino
find a saga called The Life of Riley,5,3,1,0.014508244,1,Kino
Is The Skull playing at Loews Cineplex,6,3,1,0.00028632427,1,Kino
Fine the movie schedules for the Wanda Group .,6,2,1,0.00019218356,1,Kino
Please get seating for me and my children,1,1,0,0.00021898396,1,Kino
Find the American Journal of Sports Medicine picture,5,5,1,0.5035831,1,Kino
find the picture Vertically Challenged,5,5,1,0.7532063,1,Kino
Where is Journal of Geriatric Psychiatry and Neurology,5,5,1,0.9794631,1,Kino
Where is the closest cinema that features animated movies,6,1,1,0.00052547763,1,Kino
is there a Chinese Wikipedia,5,2,1,0.0011578049,1,Kino
"Book me a reservation for an osteria campanian on Jun. the 7th, 2022",1,1,0,0.00016376746,1,Kino
Rate my current essay zero out of 6,4,4,0,0.00013759942,1,Kino
Find the News At Seven-Thirty photograph,5,2,1,0.00081242534,1,Kino
show Under the Sea creative video game,5,3,1,0.00019574737,1,Kino
Where can I view the picture Reaching Horizons,5,2,1,0.05608676,1,Kino
in one hour find King of Hearts,6,3,1,0.00064193027,1,Kino
how cold is it in Princeton Junction,2,2,0,0.00012590818,1,Kino
Where theater is playing The Ranger and the Lady at 10 AM,6,3,1,0.00019158865,1,Kino
Give me the showtimes for Sign of the Anchor .,6,2,1,0.00025187238,1,Kino
tell me what films are around here,6,2,1,0.013782469,1,Kino
I need current movie schedules .,6,2,1,0.00014553852,1,Kino
find the book Metallica Through the Never,5,3,1,0.00033997765,1,Kino
find the novel The Last of Sheila,5,3,1,0.0006621255,1,Kino
Will it be stormy in distant Holly River State Park,2,2,0,0.00011143896,1,Kino
What animated movies are playing in the neighbourhood and when?,6,2,1,0.00096092786,1,Kino
Give me the movie schedules at Showcase Cinemas .,6,2,1,0.0006331877,1,Kino
Give The Fox and the Hound a 1,4,4,0,0.00014633019,1,Kino
find She Monkeys,5,3,1,0.00081600103,1,Kino
Rate current book 0,4,4,0,0.0001286234,1,Kino
add Chrome Reflection to my throwback thursday playlist,0,0,0,0.00012826323,1,Kino
Find a game called An Aerial Joy Ride .,5,3,1,0.0132328635,1,Kino
find the television show Riding with the King,5,3,1,0.00018743158,1,Kino
I want to see Shattered Image .,6,3,1,0.0068462235,1,Kino
find the novel The Thunder Rolls,5,3,1,0.00041252343,1,Kino
read the Background to Danger book,5,0,1,0.00020145584,1,Kino
find a book called Follow Me,5,1,1,0.0018663924,1,Kino
What's the weather forecast for Nishi Sonogi Hantō Prefectural Natural Park three years from now ?,2,2,0,0.00013514614,1,Kino
What is the Michael Moore Is a Big Fat Stupid White Man video game ?,5,3,1,0.0008302716,1,Kino
How chilly will it be at 093206 am in Moncove Lake State Park ?,2,2,0,0.00011430652,1,Kino
I'd like to watch Monk Comes Down the Mountain,6,3,1,9.425301e-05,1,Kino
Find Zorro the game,5,3,1,0.002579265,1,Kino
show movie times at Megaplex Theatres,6,1,1,0.00026095388,1,Kino
Find Night of Passion,5,3,1,0.0011874685,1,Kino
I'd like to find Scriptures of the Golden Eternity TV series,5,3,1,0.001033129,1,Kino
Book me a reservation for Ad Hoc in Brazil for a party of 7,1,1,0,0.00019191235,1,Kino
Is it supposed to be chillier in Favoretta,2,2,0,0.00013272013,1,Kino
Find Live at Bearsville Theater,5,3,1,9.966428e-05,1,Kino
"Book a table at Central Grocery on Mar. 22nd, 2020",1,1,0,0.00015626439,1,Kino
What's the weather in Castle at 1743,2,2,0,0.00013259613,1,Kino
Book a restaurant for ten in Germfask .,1,1,0,0.00021405754,1,Kino
find The Hundred-Foot Journey,5,2,1,0.011433646,1,Kino
Please find the movie schedule for animated movies playing in the neighbourhood,6,2,1,0.005197562,1,Kino
"I'd like to watch episodes from the TV series , The Secret of Queen Anne or Musketeers Thirty Years After .",5,3,1,0.00010694806,1,Kino
Add patti page album to i love my neo soul,0,0,0,0.00011874064,1,Kino
find Warren Theatres films,6,3,1,0.00031151116,1,Kino
Where can I purchase the video game The Blue Generation,5,3,1,0.0020609424,1,Kino
I want to find a book called Cash-Cash,5,1,1,0.00045828565,1,Kino
I want to hear some twenties music off of Deezer,3,3,0,9.719692e-05,1,Kino
I would give Dead Man Falling 5 points and a best rating of 6,4,4,0,0.00013454295,1,Kino
Play best fourties from david izquierdo on album,3,3,0,0.000100483114,1,Kino
Put some Stu Phillips in the women of acoustic playlist.,0,0,0,0.00018678754,1,Kino
I'd like to watch films at the closest movie theatre,6,1,1,0.0014647843,1,Kino
Can you find the book Beatmania IIDX 10th Style,5,0,1,0.00079687237,1,Kino
Can I get the movie times for the newest movies around here ?,6,2,1,0.00034409267,1,Kino
give two stars to current chronicle,4,4,0,0.00013949323,1,Kino
I want to watch the trailer to Worms 2 Armageddon .,5,3,1,0.00010673274,1,Kino
book a spot for six at Bear Hotel in 5 seconds,1,1,0,0.00017627676,1,Kino
give The Enemy Within saga 3 stars for me,4,4,0,0.00014238339,1,Kino
Find a song called This Champagne Mojito Is the Last Thing I Own .,5,0,1,0.0002509921,1,Kino
Show me the album Three Songs About Lenin,5,3,1,0.008942039,1,Kino
Is People of the Cumberland playing at Landmark Theatres now,6,3,1,0.00030027685,1,Kino
Please find me Chance Pe Dance .,5,3,1,0.00016923141,1,Kino
Where can I find Sebastien Grainger & The Mountains,5,0,1,0.0010145302,1,Kino
Play Sound Of Love from Papa Mali,3,3,0,9.940948e-05,1,Kino
Is it warm in Vietnam,2,2,0,0.0001223911,1,Kino
Please get me The Sacred and Profane Love Machine game .,5,3,1,0.0012985303,1,Kino
Play Shinehead 's music from the twenties on Slacker .,3,3,0,9.999442e-05,1,Kino
What animated movies are playing nearby,6,3,1,0.00033062475,1,Kino
Looking for the painting Last Flight To Abuja,5,2,1,0.001041139,1,Kino
Find movie schedules .,6,1,1,0.0028705457,1,Kino
find a television show called The Passion of the Betty,5,3,1,0.0009132184,1,Kino
I need a table for 4 at The Brass Rail .,1,1,0,0.00022655471,1,Kino
show the animated movies playing in the neighbourhood,6,3,1,0.000677819,1,Kino
Where can I purchase the Twenty Chickens for a Saddle saga ?,5,1,1,0.0002707446,1,Kino
Find the Return to Grace saga,5,3,1,0.0018799291,1,Kino
What is the current selling price of the novel The Sims 3 Island Paradise ?,5,2,1,0.009087543,1,Kino
Show me the movie schedules for Santikos Theatres .,6,2,1,0.0034803185,1,Kino
find films at Alamo Drafthouse Cinema,6,1,1,0.0012460619,1,Kino
Go to After Dusk They Come,5,3,1,0.0015181605,1,Kino
When can I watch Prince Daewon at movie house ?,6,3,1,0.00016288903,1,Kino
Search for Man in a Garage,5,1,1,0.00040408177,1,Kino
Find the schedule for Ghost World .,6,2,1,0.00014888069,1,Kino
"find Bells Break Their Towers , a video game",5,3,1,0.00021324889,1,Kino
Find Digimon Next,5,3,1,0.00022793665,1,Kino
what is the movie schedules for animated movies nearby,6,2,1,0.00031266914,1,Kino
Book me a restaurant ten minutes from now,1,1,0,0.00016855342,1,Kino
Find The Killing Fields .,5,1,1,0.0012864228,1,Kino
What is the movie schedule for the movies that are playing nearby ?,6,2,1,0.00019423879,1,Kino
What are the movie schedule at Malco Theatres,6,2,1,0.00014797012,1,Kino
Is The Right to Strike playing at Star Theatres,6,3,1,0.0001269398,1,Kino
List films at the nearest movie house,6,1,1,0.00021563805,1,Kino
I'd like to watch The Wedding Ring at the movie theatre,6,3,1,0.0004696164,1,Kino
"I want to see The Happy Thieves at Marcus Corporation , can you show me movie times .",6,3,1,0.0019638531,1,Kino
List movie times at Harkins Theatres,6,2,1,0.000490768,1,Kino
Please book me a table for next week at a top-rated restaurant,1,1,0,0.0001379522,1,Kino
Find me the show The Skull .,5,3,1,0.39072722,1,Kino
Find a trailer called Eurythmics discography .,5,3,1,0.00047038362,1,Kino
Show me The Atrocity Exhibition,5,2,1,0.3951082,1,Kino
play the top nineties melody by Gus G,3,3,0,0.00010048336,1,Kino
Will it be hot in the Netherlands on February 16th ?,2,2,0,0.00011678783,1,Kino
is The Clowns at the nearest cinema,6,1,1,0.00037458798,1,Kino
Show me the Landing at Low Tide painting,5,2,1,0.00022350498,1,Kino
Find me the show Krypto the Superdog,5,3,1,0.00013820008,1,Kino
Find an album called List of Re Hamatora episodes .,5,0,1,0.0011452511,1,Kino
find a book called Outpost Firewall Pro,5,3,1,0.011963872,1,Kino
what animated movies are showing in the area,6,2,1,0.00039825536,1,Kino
rate the Beyonders A World Without Heroes saga 1 out of 6 stars,4,4,0,0.00014476682,1,Kino
I give the next textbook a 2 .,4,4,0,0.00013746471,1,Kino
Play the album 21st Century Live by Chet Lam on Itunes .,3,3,0,0.00010407783,1,Kino
Look up the Act of Valor TV show,5,3,1,0.00039959696,1,Kino
"where can Ifind You Know Me , a saga",5,3,1,0.0026159508,1,Kino
What time will the movie house be showing On the Beat,6,2,1,0.0001725563,1,Kino
I am looking for the TV series Strays,5,3,1,0.0011903404,1,Kino
Tell me the weather forecast for Mokena,2,2,0,0.00011747418,1,Kino
Play thirties concerto music on Google Music,3,3,0,9.6633645e-05,1,Kino
What's the weather forecast for Sequoyah National Wildlife Refuge,2,2,0,0.00012615514,1,Kino
Find Fish Story,6,3,1,0.00091751595,1,Kino
Find me the book called Suffer,5,3,1,0.07541798,1,Kino
What time is Always Brando showing,6,2,1,0.00014196285,1,Kino
movie schedules at AMC Theaters,6,1,1,0.00062004355,1,Kino
"find Five Spanish Songs , a photograph",5,3,1,0.00024893042,1,Kino
I want to see the television show called Cuts Both Ways,5,3,1,0.00010899634,1,Kino
Find the schedule at Star Theatres .,6,1,1,0.0005880532,1,Kino
What will the weather be in Lamar ?,2,2,0,0.00011747585,1,Kino
What time is the nearest cinema playing The Hopes of Blind Alley,6,3,1,0.0005505338,1,Kino
Will you please pull up movie schedules for me?,6,3,1,0.00031386115,1,Kino
I want this tune on my Most Necessary playlist,0,0,0,0.000116887255,1,Kino
add 157 Riverside Avenue to leticia's animal humor playlist,0,0,0,0.00013653393,1,Kino
Add this artist to my garage jams,0,0,0,0.00012565979,1,Kino
What is the movie schedule for General Cinema Corporation ?,6,2,1,0.00022670993,1,Kino
Show the Put Yourself in His Place game,5,0,1,0.006683463,1,Kino
add this album to tgif,0,0,0,0.00012480337,1,Kino
What's the weather forecast for Mansfield ?,2,2,0,0.00012144059,1,Kino
Show me the closest movie house playing animated movies please.,6,3,1,0.00048419708,1,Kino
find Un weekend da bamboccioni,6,3,1,0.00012036019,1,Kino
book a restaurant in AL at Oak Ridge,1,1,0,0.00016965311,1,Kino
Weather for East Peru Bolivia 3 years and a half from now,2,2,0,0.0001365368,1,Kino
Book a table for 8 at a restaurant that serves far breton .,1,1,0,0.00018747034,1,Kino
Find a work with the name of Come Sing,5,3,1,0.00015284967,1,Kino
show the schedule of movie times,6,2,1,0.00018439481,1,Kino
Book a churrascaria restaurant that serves spring rolls for one person.,1,1,0,0.00021159087,1,Kino
find Reproductions Songs of The Human League,5,3,1,0.00018254781,1,Kino
I'd like to watch I Wish at the nearest movie theatre,6,3,1,0.0007957386,1,Kino
What is the movie schedule for movies close by,6,2,1,0.00015572568,1,Kino
show creativity of Your Body Above Me,5,3,1,0.26187146,1,Kino
Add from the ashes to my rock gaming playlist,0,0,0,0.00013841348,1,Kino
Find movie schedules .,6,1,1,0.0028705457,1,Kino
Search for Comedy Underground with Dave Attell,5,3,1,0.00010046864,1,Kino
Show me the picture Nothin,5,5,1,0.6091952,1,Kino
what animated movies can i see at Malco Theatres,6,2,1,0.0055174516,1,Kino
Find the movie schedule .,6,2,1,0.00092342537,1,Kino
Rate Gota’s War a one,4,4,0,0.0001216668,1,Kino
Advise me on the movie schedule of films that will be playing at 073132 pm at a place close by .,6,1,1,0.0014034074,1,Kino
Rate the current album 4 of 6 stars,4,4,0,0.0001493617,1,Kino
Play me the TV show SEAL Team,5,3,1,0.00011497914,1,Kino
Showtimes for Medal for the General,6,1,1,0.00045003818,1,Kino
Please look up the painting Beyond Iconic Photographer Dennis Stock .,5,0,1,0.014675082,1,Kino
What time is The Daring Dobermans playing,6,3,1,0.00055218587,1,Kino
Play the Seamus Heaney Collected Poems song,5,3,1,0.00011068315,1,Kino
What is the nearest movie theatre playing The Collaborators,6,3,1,0.0006413598,1,Kino
find the video game Tenacious D in The Pick of Destiny,5,0,1,0.00017342808,1,Kino
Where can I see Joy of Learning ?,6,2,1,0.0723178,1,Kino
Look up the television show called Monster Mash,5,3,1,0.00018875887,1,Kino
Go to the photograph The Inflated Tear,5,3,1,0.0029610228,1,Kino
Give The Lost Princess 3 stars .,4,4,0,0.00014420236,1,Kino
find films in Cinemark Theatres,6,1,1,0.0018136768,1,Kino
Play some caribou from the sixties,3,3,0,9.767813e-05,1,Kino
I want to book Meriton Grand Hotel Tallinn in New Jersey for four people.,1,1,0,0.0001838194,1,Kino
"Please look up the work, Prophets .",5,3,1,0.0023999899,1,Kino
find the book Time and Again,5,3,1,0.0005034762,1,Kino
Pull up the book Live and Unreleased The Radio Show,5,3,1,0.00013361489,1,Kino
Can you get me The Education of Little Tree song ?,5,3,1,0.20494938,1,Kino
When are the movie schedules,6,2,1,0.00020583035,1,Kino
What's the snowfall at noon in IN,2,2,0,0.000114194685,1,Kino
give 4 out of 6 stars to this textbook,4,4,0,0.00015112289,1,Kino
I'd like to see the painting Empire of Two Worlds,5,3,1,0.3460471,1,Kino
Is it cloudy in Tingley ?,2,2,0,0.00011220418,1,Kino
Is it snowy in Ocean Shores,2,2,0,0.00011067947,1,Kino
Can you find me the Back When I Knew It All album ?,5,0,1,0.0010061802,1,Kino
Weather for Swaziland,2,2,0,0.0001150857,1,Kino
What time is Trouble Every Day playing,6,2,1,0.00020152764,1,Kino
add this is Andrés Calamaro by Milk,0,0,0,0.00014550703,1,Kino
Showtimes for the Alamo Drafthouse Cinema for todays movies .,6,1,1,0.0002570616,1,Kino
Can you put live in detroit on the playlist Peaceful Piano,0,0,0,0.00015961505,1,Kino
Please tell me the movie schedules,6,2,1,0.00021715857,1,Kino
Find the book A Glorious Way to Die,5,3,1,0.0024209586,1,Kino
find start time in 12 seconds for National Bomb,6,2,1,0.00018313067,1,Kino
Find a novel called Downward to the Earth .,5,3,1,0.0011037686,1,Kino
Add a song to my playlist Impulso Creativo,0,0,0,0.00012359126,1,Kino
i want to watch Mister Cool,6,3,1,0.00011393731,1,Kino
"Please find the movie , A Jingle with Jillian .",5,3,1,0.00022280682,1,Kino
find book In the Valley,5,1,1,0.00018465721,1,Kino
Where can I purchase a copy of the photograph on the front page of today's Jacksonville Daily Progress ?,5,1,1,0.0020657955,1,Kino
What's the weather in Pugu Hills Forest Reserve,2,2,0,0.000115766736,1,Kino
looking for Liberalism and the Limits of Justice,5,5,1,0.98918086,1,Kino
Find me the documentary A Winter of Cyclists,5,3,1,0.012102844,1,Kino
Give Modern Glamour The Art of Unexpected Style three out of 6 stars,4,4,0,0.00014877932,1,Kino
"I need to book a table at a bar in Micronesia for tia, madeline and estela",1,1,0,0.0001840152,1,Kino
When is The Blue of Heaven playing?,6,3,1,0.00021862563,1,Kino
I want a list of films that are going to be shown in the neighborhood .,6,1,1,0.04807226,1,Kino
when can i see We and Our Mountains,6,2,1,0.0002274063,1,Kino
Find a trailer called Peggy Sue .,5,1,1,0.00020944721,1,Kino
Find movie times for close by movies .,6,1,1,0.00025661034,1,Kino
show me the TV series called Take Me to Your Heaven,5,3,1,0.0032077164,1,Kino
Is Brother at United Paramount Theatres,6,3,1,0.00064837764,1,Kino
find animated movie at Landmark Theatres,6,1,1,0.00042806563,1,Kino
Play my 88 Keys playlist.,3,3,0,0.00010561435,1,Kino
find a soundtrack called Billboard Hot R&B Hits 1981,5,3,1,0.0001874006,1,Kino
Tell me the forecast for 6 am in Tatra-Nationalpark,2,2,0,0.00011920707,1,Kino
Show me the Live~Legend 1999 & 1997 Apocalypse TV show,5,3,1,0.0020777085,1,Kino
Look up The Reverse of the Medal,5,3,1,0.14301986,1,Kino
Find the movie times for films in the area .,6,1,1,0.00054919993,1,Kino
What cinema is playing The Edge,6,3,1,0.00014632648,1,Kino
find movie schedule in Pacific Theatres,6,2,1,0.0008527946,1,Kino
play a concerto that was most popular in 1958 by mickey hart,3,3,0,9.597493e-05,1,Kino
What is Dear Old Girl Cooper Foundation,6,3,1,0.003692278,1,Kino
"I need Top Gear 2 , please search it for me.",5,1,1,0.0011568046,1,Kino
I want to book Oregon Electric Station in North City .,1,1,0,0.00039704802,1,Kino
What is the cheapest price for the saga called 2006 Wikipedia CD Selection ?,5,0,1,0.013187609,1,Kino
show creative picture of Wonderful Town,5,5,1,0.89374477,1,Kino
Find the schedule for The Tale of Sweeney Todd at seven o'clock .,6,2,1,0.000742008,1,Kino
She me movie times at Mann Theatres,6,1,1,0.00041143244,1,Kino
find a movie schedule,6,1,1,0.00039091866,1,Kino
i want to play the video game called China Seas,5,3,1,0.00014434764,1,Kino
show movie schedule in the neighbourhood films at five hours from now,6,2,1,0.000247042,1,Kino
what time can i see Mojave Phone Booth,6,2,1,0.00014026652,1,Kino
find the video game The Tomb,5,3,1,0.00032254355,1,Kino
Add the artist tony thompson to my canta en la ducha playlist,0,0,0,0.00013720202,1,Kino
Play me a song by Dj Paul Elstak in 1988 on Zvooq,3,3,0,0.00010540842,1,Kino
She me that movie schedule,6,2,1,0.0018890207,1,Kino
What is Lost Land of the Tiger,5,2,1,0.00065495545,1,Kino
Where can I find Appalachian Journey,5,2,1,0.0020650157,1,Kino
Play some music from Roberto Carlos,3,3,0,9.578864e-05,1,Kino
show TV series schedule of Gears of War,5,2,1,0.00031627726,1,Kino
what's the closest movie house showing The Hard Way,6,1,1,0.00036735096,1,Kino
Search for The Long Dark,5,2,1,0.0010691461,1,Kino
I would rate this album 3 stars,4,4,0,0.00013168217,1,Kino
I'm wondering what movies will be laying around here .,6,2,1,0.00027201086,1,Kino
Find the Steady as She Goes saga,5,3,1,0.0013629154,1,Kino
What will be the temperate in Tyresta National Park on 7/18/2030 ?,2,2,0,0.00011308511,1,Kino
play Steven Reineke greatest soundtrack on Youtube,3,3,0,9.12235e-05,1,Kino
What is the nearest cinema playing The Oak,6,3,1,0.0007338298,1,Kino
how's the forecast looking for supper time in Dresbach Vanuatu,2,2,0,0.00013054113,1,Kino
show movie The Skeptic – Das teuflische Haus,5,3,1,0.00022259165,1,Kino
show weather forecast close-by MS in 48 and a half weeks,2,2,0,0.000119090124,1,Kino
find a movie theatre with animated movies that is closest to me,6,1,1,0.0002734167,1,Kino
"Where can I purchase Papers in Regional Science , the album ?",5,1,1,0.0073155463,1,Kino
Search for Appalachian Journey,5,2,1,0.003475708,1,Kino
rate this textbook four stars,4,4,0,0.00014994705,1,Kino
What time is Kerasotes Theatres playing animated movies,6,3,1,0.0008719431,1,Kino
Book a restaurant that serves capicollo in Kit Carson with ilene and aisha .,1,1,0,0.00018025143,1,Kino
"Please look up the TV show , Vanity .",5,3,1,0.00012861536,1,Kino
What movies are playing at AMC Theatres ?,6,3,1,0.0018716258,1,Kino
whats the movie schedules for animated movies close by,6,2,1,0.00018423956,1,Kino
Add rosemary clooney to Pura Vida playlist,0,0,0,0.00012689296,1,Kino
Book the Union Oyster House in Guanica Puerto Rico .,1,1,0,0.00015013716,1,Kino
Play show of Cissy Houston,5,3,1,0.000117131305,1,Kino
rate The Crossing 3 of 6,4,4,0,0.00014017624,1,Kino
Play Shinji Miyazaki 's music on netflix,3,3,0,9.560013e-05,1,Kino
Show me the picture The afternoon,5,2,1,0.00032498388,1,Kino
find a video game called IBM Program temporary fix,5,3,1,0.0015580577,1,Kino
Book me a table for two in Oakes .,1,1,0,0.00019247287,1,Kino
What is the movie schedule for the Pacific Theatres,6,2,1,0.00018626897,1,Kino
put this track on operación bikini,0,0,0,0.00013599658,1,Kino
What are the movie times one second from now at the Alamo Drafthouse Cinema,6,2,1,0.00014525079,1,Kino
what movie theatre is showing Manorama Six Feet Under,6,3,1,0.0014716999,1,Kino
"How is the weather going to be this week in Roseau , IA .",2,2,0,0.00011531555,1,Kino
I want a song by john schlitt in the bajo las estrellas playlist.,0,0,0,0.00015340395,1,Kino
Can you find me the Blue Spring trailer ?,5,1,1,0.0003362657,1,Kino
Please look up for Disney Universe .,5,3,1,0.0030800004,1,Kino
what animated movies are in the neighbourhood,6,2,1,0.00081649376,1,Kino
search for the show The Caretaker,5,3,1,0.00028678373,1,Kino
where's the nearest movie house showing foreign films,6,1,1,0.000333152,1,Kino
book a brasserie for one,1,1,0,0.00020368153,1,Kino
Play The Lure of the Mask song,5,3,1,0.000104895,1,Kino
show Nightcall,5,3,1,0.00023019078,1,Kino
Find In the Line of Duty Street War .,5,3,1,0.0011992102,1,Kino
add song to Trap Land,0,0,0,0.0001197884,1,Kino
Add your loving flame to my palylist Rock,0,0,0,0.00012838768,1,Kino
Please put an album by Joseph Meyer on my POP GOES THE 80s playlist,0,0,0,0.0001310381,1,Kino
Can you find me the SchoolTool picture ?,5,3,1,0.003947917,1,Kino
I need to find the saga Trail of the Yukon,5,2,1,0.0011173978,1,Kino
Look for Little Computer People,5,3,1,0.012919478,1,Kino
I would like to see the closest cinema playing films .,6,3,1,0.001244456,1,Kino
Where can I watch the trailer for Home Economics,5,3,1,0.00022902637,1,Kino
"I'd like to book at a place in AR , looking for an oyster bar that is indoor and can accommodate a party of eight that is also within walking distance .",1,1,0,0.00022369147,1,Kino
Find a movie called The Easy Way to Stop Smoking .,5,1,1,0.0018949646,1,Kino
Play Pirates of the Caribbean Online,5,3,1,0.000111439076,1,Kino
Find a television show called Basement Screams .,5,3,1,0.0003587683,1,Kino
I'd like to watch Three Word Brand at the cinema,6,3,1,0.00044690567,1,Kino
I'd like to see Forgetting the Girl .,6,0,1,0.0007906344,1,Kino
Add Buddy Tate to just dance by aftercluv list,0,0,0,0.000117471565,1,Kino
add the man who never lied to my current comedy top tracks,0,0,0,0.00012480092,1,Kino
What is the TV show Comfort ?,5,2,1,0.0013346287,1,Kino
What films are showing at the closest movie theatre ?,6,2,1,0.001318396,1,Kino
Give me the movie times for Fox Theatres,6,2,1,0.0005902563,1,Kino
"book a spot for five at a brasserie on jan. 7, 2023",1,1,0,0.00022195806,1,Kino
I'd like to know when I can see The Taking of Flight 847 The Uli Derickson Story at Amco Entertainment .,6,3,1,0.16785103,1,Kino
Forecast for 0222 pm Maldives,2,2,0,0.00012419531,1,Kino
show Texas Review of Entertainment & Sports Law creative song,5,3,1,0.0040084217,1,Kino
What films are playing at the nearest movie theatre,6,3,1,0.0021723693,1,Kino
Show me Horton and the Kwuggerbug and More Lost Stories,5,3,1,0.068730585,1,Kino
Please fine me the East trailer,5,2,1,0.003578126,1,Kino
find movie times for films close by,6,1,1,0.0004886298,1,Kino
Play my Trabajo Relax playlist,3,3,0,0.00010685719,1,Kino
Play some chant music from 2008 .,3,3,0,9.384405e-05,1,Kino
Show me movie time for I Am Sorry at my movie house,6,1,1,0.0009721476,1,Kino
Find a TV series called All Time Greatest Movie Songs .,5,3,1,0.00014727352,1,Kino
find the show The Best of The Township Idols,5,4,1,0.0010961416,1,Kino
Play a sixties song .,3,3,0,0.00010448697,1,Kino
find Bump Off Lover,5,3,1,0.00011154875,1,Kino
Find a show called Last Night On Earth .,5,1,1,0.0011149718,1,Kino
Please find the closest cinema that's playing movies at 9 am,6,1,1,0.00018663556,1,Kino
The Battle for Skies gets a three,4,4,0,0.00012725724,1,Kino
add sam sparro to my playlist called Beach Vibes,0,0,0,0.0001453379,1,Kino
Is Race Gurram playing,6,2,1,0.0018211639,1,Kino
What time could I see A Mile in His Shoes ?,6,2,1,0.00014574733,1,Kino
I'm looking for 1634 The Ram Rebellion .,5,2,1,0.0005451391,1,Kino
Please get seating at Bouchon in Tonga for jimmie and chasity howard,1,1,0,0.00014093827,1,Kino
Will there be a blizzard at seven in Colorado,2,2,0,0.00012227068,1,Kino
Estelle should be on my spring playlist,0,0,0,0.00011065475,1,Kino
I'd like to watch Miss Congeniality,5,3,1,9.586568e-05,1,Kino
Give me the movie schedule for the Great Escape Theatres,6,2,1,0.00033400918,1,Kino
I am giving Finding Chandra a 2 out of 6 rating,4,4,0,0.0001380033,1,Kino
Add janie jones to my Indie Pop,0,0,0,0.0001234703,1,Kino
"Tell me the weather forecast for apr. twenty-fourth, 2028 in San Diego",2,2,0,0.00011610531,1,Kino
"There's a famous painting called Thursday , do you have an image of it?",5,2,1,0.047935918,1,Kino
Please find me the Projekt The New Face of Goth .,5,0,1,0.0002500819,1,Kino
What is the closest movie theatre that is playing Moment to Moment ?,6,1,1,0.0009593838,1,Kino
Book a bar that serves ribs for 5 people.,1,1,0,0.00022282524,1,Kino
Show me the book F-1 Grand Prix Part II,5,4,1,0.06049273,1,Kino
find the photograph Among the Living,5,2,1,0.10953586,1,Kino
open the Canciones del Recuerdo playlist and play songs,3,3,0,0.00023077746,1,Kino
Find All About Aubrey .,5,3,1,0.22724551,1,Kino
Find the schedule for Great Mail Robbery .,6,2,1,0.0008451487,1,Kino
Book a tyrolean restaurant in Crocker Indiana now for 3 people.,1,1,0,0.00018800962,1,Kino
What is the weather looking like in Prosser on feb. the 18th ?,2,2,0,0.000114419185,1,Kino
what films are showing in the neighborhood,6,2,1,0.00021936753,1,Kino
What time is Thick as Thieves playing at Santikos Theatres ?,6,2,1,0.00097104796,1,Kino
Find The Boys in the Band .,5,3,1,0.0013075153,1,Kino
play satire music,3,3,0,0.00010602805,1,Kino
play Zvooq,3,3,0,0.00011678856,1,Kino
"Is it supposed to be colder at lunch time in Schuyler , Venezuela ?",2,2,0,0.00012359343,1,Kino
Book a reservation for a popular restaurant in Federated States Of Micronesia,1,1,0,0.00013649913,1,Kino
Book the Last Exit on Brooklyn 5 hours from now for one person.,1,1,0,0.00017049442,1,Kino
What films are showing in the area ?,6,2,1,0.00018620316,1,Kino
add this song onto hip hop gaming playlist,0,0,0,0.00012914198,1,Kino
What time is 楽園追放 -Expelled from Paradise-,6,2,1,0.00014599,1,Kino
find a novel called Episodi di Sons of Anarchy,5,3,1,0.00060897355,1,Kino
Book a table for 6 in Verona .,1,1,0,0.00020568355,1,Kino
Can you help me find Tears from a Willow ?,5,3,1,0.18423654,1,Kino
book of Two for the Road,5,1,1,0.00023447,1,Kino
"Will it be warmer in the District Of Columbia on may 25, 2033 ?",2,2,0,0.0001288938,1,Kino
show More Questions Than Answers trailer,5,5,1,0.7794498,1,Kino
Showtimes for animated movies in the area .,6,1,1,0.00036792672,1,Kino
Where can I find the TV show A Step Away,5,3,1,0.0005473716,1,Kino
Is Goodbye Mr. Chips showing twelve minutes from now,6,2,1,0.00023410733,1,Kino
Please show me the closest movie house playing Wild on the Beach in 1 minute .,6,1,1,0.0018562255,1,Kino
find the show The Naked Gun,5,3,1,0.0001887994,1,Kino
I want to hear Techno-industrial music.,3,3,0,9.139879e-05,1,Kino
When can I see Journey to the End of the Night ?,6,2,1,0.00016257969,1,Kino
"Please find me the saga , The Deep Six .",5,3,1,0.0109973755,1,Kino
Find the movie schedule for 204524 .,6,2,1,0.0004930436,1,Kino
Put some frank ferrer into my edna st vincent millay playlist.,0,0,0,0.00016133915,1,Kino
I'd like to see local movie times .,6,3,1,0.00029018163,1,Kino
add this track to Alternative Route,0,0,0,0.00011121733,1,Kino
Please help me find I Want to Take You Higher the game,5,0,1,0.00061954744,1,Kino
play Netflix tunes from 2003 on an album,3,3,0,9.644156e-05,1,Kino
Please find the song House of Wedlock,5,3,1,0.00012293315,1,Kino
What films are at Century Theatres in twelve hours,6,2,1,0.00023329901,1,Kino
I'm trying to find Annunciation .,5,3,1,0.0031312644,1,Kino
Please book a table for four at a restaurant in TN,1,1,0,0.00016920155,1,Kino
add go to The MetalSucks Playlist,0,0,0,0.00012322993,1,Kino
Show The Kindness of Women picture,5,5,1,0.9082549,1,Kino
I give this current textbook a rating value of 1 and a best rating of 6,4,4,0,0.00014017588,1,Kino
Pull up the trailer for 2000 Years – The Millennium Concert,5,1,1,0.0010074712,1,Kino
find a movie called October Road,5,3,1,0.0012237508,1,Kino
Please find me The Hanging Valley movie .,5,3,1,0.00038373526,1,Kino
Where is the nearest movie theatre I can go watch films today?,6,1,1,0.00046819667,1,Kino
Add artist Matt Noveskey to journey,0,0,0,0.000136002,1,Kino
Please look up Two More Years soundtrack .,5,3,1,0.00012564179,1,Kino
What films are playing at 11 A.M. at Dickinson Theatres,6,3,1,0.00036088546,1,Kino
Where can I find Lonely Hearts,5,3,1,0.0010567748,1,Kino
find Vegucated starting at zero pm,6,2,1,0.00097209093,1,Kino
What is the movie schedule for films nearby,6,2,1,0.00018713769,1,Kino
When is The Pirate Fairy playing at AMC Theaters ?,6,2,1,0.000966556,1,Kino
Can you look up the Galsoft Linux TV series ?,5,3,1,0.00015729097,1,Kino
I'd like to watch the TV series Sailor Moon SuperS The Movie,5,3,1,9.5590076e-05,1,Kino
She me the game called Knowledge and Decisions,5,5,1,0.8808215,1,Kino
Find time for Trouble for Two in one minute at Landmark Theatres,6,1,1,0.00021702937,1,Kino
this textbook only gets two out of 6 stars,4,4,0,0.00014392099,1,Kino
book a table in Sterling Run for two with a pool and food court,1,1,0,0.00017679756,1,Kino
I want the video game Two More Years,5,4,1,0.005342485,1,Kino
I would like to rate this album 3 points and a best rating of 6,4,4,0,0.00013155433,1,Kino
search for the game The Last Horror Movie,5,3,1,0.0005815044,1,Kino
What is the movie schedule at Caribbean Cinemas,6,2,1,0.00015394115,1,Kino
Is Strauss Is Playing Today at the Cineplex Odeon Corporation,6,3,1,0.00015826401,1,Kino
What cinema is playing Great Guy,6,3,1,0.00022318044,1,Kino
"I need a table in Ottoville on Feb. 15th, 2029 at Gus Stevens Seafood Restaurant & Buccaneer Lounge",1,1,0,0.00014710001,1,Kino
Check the movie schedules .,6,2,1,0.00034418525,1,Kino
What films are at IMAX Corporation at 11 p.m.,6,2,1,0.0020253086,1,Kino
Play me a Patrick Cowley ballad,3,3,0,0.00011286524,1,Kino
find TV series titled Sonata Mix Dwarf Cosmos,5,3,1,0.00024859005,1,Kino
rate this book saga 3 out of 6 stars,4,4,0,0.0001511231,1,Kino
Find the movie schedule for Marcus Corporation .,6,1,1,0.0014658322,1,Kino
Is it going to be hot in Lexington-Fayette,2,2,0,0.00011885939,1,Kino
I'd like to watch All on the Red at 9 o'clock,6,3,1,0.0002088319,1,Kino
I want to watch the television show Symphony for Solo Piano,5,3,1,0.00010928129,1,Kino
I want to find the show From Where to Eternity .,5,3,1,0.0025558474,1,Kino
What movies are playing at Cobb Theatres,6,2,1,0.0022281047,1,Kino
Find time for Ace of the Saddle,6,1,1,0.0014606569,1,Kino
What are the movie times for animated movies in the area ?,6,2,1,0.0002519163,1,Kino
play Pop 2017 Picks,3,3,0,9.522876e-05,1,Kino
Show me the book Pokémon The Johto Journeys,5,5,1,0.96469814,1,Kino
Add rev-raptor to 90s Indie,0,0,0,0.00012096385,1,Kino
What is the weather forecast in Canfield at 222322,2,2,0,0.0001202602,1,Kino
Look up The Adventure of the Blue Carbuncle,5,3,1,0.0027384826,1,Kino
where can i watch Key to the City,6,2,1,0.0013529353,1,Kino
Find a television show called Structured Fax File .,5,3,1,0.009012349,1,Kino
Can I get the showtimes for films at Malco Theatres .,6,1,1,0.00022417385,1,Kino
Where can I listen to the song The Lost Worlds of Planet Earth,5,3,1,0.000100379315,1,Kino
Where does The Return of the Whistler play at the Bow Tie Cinemas at 030148 A.M.,6,3,1,0.0008690903,1,Kino
Please shoe me the movie schedule for today.,6,2,1,0.00076251314,1,Kino
Play music from 1996 .,3,3,0,9.682306e-05,1,Kino
Play Gary Chapman music from the fifties,3,3,0,9.086704e-05,1,Kino
Are there movies at Malco Theatres,6,2,1,0.00068960595,1,Kino
Find the schedule for Tube at the closest movie theatre .,6,1,1,0.00023163491,1,Kino
I'd like to book a reservation for next Spring for nine people at Shore Club .,1,1,0,0.00020749276,1,Kino
"find History of North Dakota , a TV series",5,3,1,0.0011966336,1,Kino
Find the Via Dolorosa Songs of Redemption saga,5,3,1,0.00014827581,1,Kino
Find by title Champagne Showers,5,1,1,0.0016860524,1,Kino
Show the nearest movie house with The Expendables starting 1 minute from now,6,1,1,0.00024734324,1,Kino
What movies are at North American Cinemas,6,2,1,0.0017910381,1,Kino
What movies are playing Dickinson Theatres,6,3,1,0.00032403803,1,Kino
"When is Have Sword, Will Travel playing at the closest movie theatre ?",6,3,1,0.0011452324,1,Kino
What is Love in a Mist ?,5,2,1,0.0027093745,1,Kino
Play music on groove shark,3,3,0,9.748699e-05,1,Kino
I would like a cafeteria at 104151 am for seven,1,1,0,0.00016705263,1,Kino
Is it supposed to snow in NV,2,2,0,0.0001165594,1,Kino
Search for Police Women of Cincinnati,5,1,1,0.0027294995,1,Kino
Play the last song by Goldie,3,3,0,9.682216e-05,1,Kino
Play any track by Flame,3,3,0,0.000103977865,1,Kino
What are the movie schedules for Santikos Theatres ?,6,2,1,0.0002075676,1,Kino
Can I go see Cash and Curry at a movie theatre ?,6,1,1,0.00016824558,1,Kino
Rate this textbook 3 of 6,4,4,0,0.00015024013,1,Kino
"Tell me the weather forecast for Alexander , SD",2,2,0,0.00011014204,1,Kino
Find The 180 .,5,1,1,0.0008233094,1,Kino
Book a table for 0445 pm at a restaurant in Washington .,1,1,0,0.00013503578,1,Kino
show me movies in the area,6,1,1,0.0022556575,1,Kino
What movies are going to be screened at Caribbean Cinemas at fourteen o'clock ?,6,1,1,0.00043456783,1,Kino
what is the movie schedules for movies in the area,6,2,1,0.00018997173,1,Kino
Weather for my current location tomorrow,2,2,0,0.000113192364,1,Kino
I am rating this essay two points,4,4,0,0.00013626128,1,Kino
I want to hear Dave Seaman 's ep,3,3,0,8.644885e-05,1,Kino
What animated movies are playing close by at four o'clock ?,6,3,1,0.0007807889,1,Kino
I want watch The Sun And The Moon,5,3,1,0.0018883989,1,Kino
What times is the 7 Faces of Dr. Lao showing at United Paramount Theatres,6,2,1,0.00094260095,1,Kino
Book a restaurant in MP at 3 pm with pigs in blankets,1,1,0,0.00013141418,1,Kino
What is the TV show Journal of Personality and Social Psychology ?,5,5,1,0.9792474,1,Kino
I want to rate the current chronicle a two,4,4,0,0.0001190794,1,Kino
Play the Instrumental Study on Vimeo .,3,3,0,0.00010654755,1,Kino
Book a table for tomorrow for five people.,1,1,0,0.00020528653,1,Kino
What will the weather be doing at midnight in Brazil ?,2,2,0,0.00012002639,1,Kino
Find me The Rise and Fall of the Great Lakes saga .,5,2,1,0.23974924,1,Kino
Tell me when Howling II Your Sister Is a Werewolf is playing.,6,3,1,0.00043283045,1,Kino
Use Netflix to play In The Arms Of A Woman playlist,3,3,0,0.00013959146,1,Kino
Is The Happy Hooker Goes Hollywood at the movie house nearest me,6,1,1,0.00041346133,1,Kino
rate this current saga 3 out of 6 points,4,4,0,0.00014747847,1,Kino
Find Family Feud novel,5,3,1,0.0006755151,1,Kino
Is American Primitive showing in Santikos Theatres,6,2,1,0.00038020412,1,Kino
find the trailer Platinum In Da Ghetto,5,0,1,0.0002079043,1,Kino
Play a track by Ishmon Bracey on Iheart .,3,3,0,0.00010087686,1,Kino
movie schedule at Speakeasy Theaters,6,1,1,0.00016708349,1,Kino
Showtimes for animated movies in Malco Theatres ?,6,1,1,0.0006069379,1,Kino
What films and movie times are close by,6,2,1,0.00012492058,1,Kino
book spot for 7 at an indoor restaurant in MP now,1,1,0,0.00018893857,1,Kino
find Kerasotes Theatres with movie times,6,1,1,0.00022265014,1,Kino
Fine movie times .,6,2,1,0.0005023548,1,Kino
Let me know when I can watch Actrices .,6,3,1,0.00016752002,1,Kino
where can i see animated movies in the neighborhood,6,3,1,0.0027319414,1,Kino
rate this essay four out of 6,4,4,0,0.00014892578,1,Kino
what movies at Star Theatres .,6,1,1,0.00052906334,1,Kino
Show the movie schedules with animated movies around here,6,2,1,0.0063949255,1,Kino
whats the closest cinema showing Swamp Water,6,1,1,0.00044518753,1,Kino
Find me The Age for Love playing at the closest movie house .,6,3,1,0.00044942347,1,Kino
Who was the artist who did the painting called Spyro 2 Season of Flame ?,5,2,1,0.16354547,1,Kino
What time is Kickboxer showing at Cobb Theatres,6,2,1,0.00021889013,1,Kino
What time are the animated movies playing at Mann Theatres ?,6,2,1,0.00020221081,1,Kino
show creativity of A Catholic Education,5,3,1,0.02643387,1,Kino
What time is High Spirits playing?,6,3,1,0.0011463158,1,Kino
Find the book Cold Comfort,5,3,1,0.0008740628,1,Kino
play the newest ep from the sixties,3,3,0,9.007306e-05,1,Kino
Find a soundtrack called The Dragon .,5,3,1,0.000121132456,1,Kino
Where can I locate the show The Return of Mr. Moto,5,3,1,0.0020008367,1,Kino
Where can I watch The Sword of Ali Baba at two p.m. ?,6,3,1,0.00017297293,1,Kino
What movie schedule ?,6,2,1,0.0001406269,1,Kino
list movies in the neighbourhood,6,1,1,0.0010900013,1,Kino
"Please find me the work, Instrumental Directions .",5,0,1,0.003813271,1,Kino
get me the trailer of Good Morning Sunshine,5,1,1,0.0004481906,1,Kino
look for the saga called Death in Paradise,5,2,1,0.053778276,1,Kino
Find the book Bad Day on the Block,5,2,1,0.00012301635,1,Kino
When is The Life and Death of King Richard II playing at Mann Theatres ?,6,3,1,0.0014833405,1,Kino
rate current essay 1 stars,4,4,0,0.0001471907,1,Kino
Find THUNDER IN THE EAST .,5,2,1,0.00013163088,1,Kino
Find a soundtrack called The Alice Cooper Show .,5,3,1,0.00012268519,1,Kino
Play the best ballad by The Rascals .,3,3,0,9.7676566e-05,1,Kino
Can you please find me D.R.E.A.M. ?,5,0,1,0.0017020003,1,Kino
Where can I find Richard the Lionheart Rebellion ?,5,3,1,0.00044054622,1,Kino
What animated movies are playing at KB Theatres,6,3,1,0.00029715843,1,Kino
What time is Summer School playing?,6,2,1,0.00021389117,1,Kino
Is The Wash playing at the cinema in one minute,6,2,1,0.00042693774,1,Kino
Find the show Portrait of Countess Karoly,5,3,1,0.0015662356,1,Kino
I want movie times for Fox Theatres,6,1,1,0.00048544203,1,Kino
I want a movie schedule .,6,1,1,0.0006382883,1,Kino
play Are & Be,3,3,0,0.00011598929,1,Kino
find me a game called Merle Haggard Presents His 30th Album,5,3,1,0.00034705643,1,Kino
Find movie schedules .,6,1,1,0.0028705457,1,Kino
Find me the Balance and Timing book,5,5,1,0.56950796,1,Kino
Please pull up the trailer for Stares and Whispers,5,1,1,0.00057295995,1,Kino
Find the movie schedule .,6,2,1,0.00092342537,1,Kino
Where can I see The Somme starting at 160104 ?,6,2,1,0.00019080567,1,Kino
book a caucasian serving steakhouse for 4 in Saint Pierre and Miquelon,1,1,0,0.00016575886,1,Kino
Plau me the song The French Chef,5,3,1,0.00016337365,1,Kino
Is Blood Is Not Fresh Water playing at this movie theatre at 2 AM ?,6,3,1,0.00031148022,1,Kino
show movie schedules at Megaplex Theatres,6,1,1,0.0010229544,1,Kino
put donnie g don gorilla on my classical romance playlist,0,0,0,0.00014210965,1,Kino
What movie schedules start at sunset ?,6,2,1,0.0001653138,1,Kino
What's the weather in the current place ?,2,2,0,0.00011531549,1,Kino
Please pull up the photograph entitled Another Period,5,3,1,0.00014247722,1,Kino
Add even serpents shine to dorothea's indie hipster playlist,0,0,0,0.00013143307,1,Kino
Play some 1982 movement music on Slacker,3,3,0,9.9312616e-05,1,Kino
When is Janeane from Des Moines playing at the nearest movie theatre ?,6,2,1,0.0015807447,1,Kino
Where is the closest cinema that features animated movies,6,1,1,0.00052547763,1,Kino
Where can I find the novel Meast,5,3,1,0.003634761,1,Kino
Find the movie schedule at Malco Theatres .,6,1,1,0.0002639229,1,Kino
Add a tune to the Calm Vibes playlist.,0,0,0,0.00013002823,1,Kino
Find a painting called Beyond the Neighbourhood .,5,3,1,0.0010311137,1,Kino
find a saga called Shame on You,5,3,1,0.0012960957,1,Kino
"add this album to my playlist named Café, Libros",0,0,0,0.00014294476,1,Kino
movie schedules close by for animated movies,6,2,1,0.0001326476,1,Kino
The book History by Contract is rated five stars in my opinion.,4,4,0,0.0001388129,1,Kino
put this artist onto political punks .,0,0,0,0.00020354465,1,Kino
show the creativity of The Attic,5,5,1,0.92793155,1,Kino
List films at Pacific Theatres,6,1,1,0.0016336734,1,Kino
Add the current artist to my sxsw latin,0,0,0,0.00012468113,1,Kino
put this tune by ross the boss onto nação reggae,0,0,0,0.00012836864,1,Kino
find Hear Me Good,6,3,1,0.00023835323,1,Kino
find some close by movies,6,1,1,0.00097507564,1,Kino
I want to read the saga Michael Clayton,5,3,1,0.00018476334,1,Kino
Find the TV series From the Top,5,3,1,0.00019374168,1,Kino
What are the movie times for movies around here,6,2,1,0.00018549811,1,Kino
Make me a reservation at a fast food restaurant for elba and corina at a restaurant with parking,1,1,0,0.00016145043,1,Kino
Is the forecast hot in 1 hour in Leasburg ?,2,2,0,0.0001261552,1,Kino
Can i get the movie times for Fox Theatres ?,6,2,1,0.0014609549,1,Kino
I need to add to my Infinite Indie Folk list the works of Rahim Shah,0,0,0,0.0001751282,1,Kino
Play the track R U Professional by Roberto Carlos Braga,3,3,0,9.8443845e-05,1,Kino
book a table for five at a restaurant with the best rating,1,1,0,0.00017662236,1,Kino
Please find the work titled Talking to Heaven,5,3,1,0.0011299738,1,Kino
what time is Bhoot Returns showing at Douglas Theatre Company,6,3,1,0.0013662137,1,Kino
find the picture titled Battle Spirits - Shōnen Toppa Bashin,5,0,1,0.00056387903,1,Kino
find The Inspector for me,5,1,1,0.0008002548,1,Kino
What animated movies are at Dipson Theatres,6,2,1,0.014463591,1,Kino
What is the local movie schedule,6,2,1,0.00013879806,1,Kino
find PoliticsNation with Al Sharpton,5,3,1,0.00026848153,1,Kino
Ethiopia Ellenton has snow weather at eight PM,2,2,0,0.00012322584,1,Kino
Find Pat Garrett y Billy the Kid .,5,3,1,0.00014870406,1,Kino
Play some music from the fourties .,3,3,0,9.767779e-05,1,Kino
Find a saga called Night Life .,5,3,1,0.0029195426,1,Kino
What Are the showings for The Natural History of Parking Lots movie house,6,5,1,0.8563174,1,Kino
Find Confusion Bay .,5,2,1,0.0005750101,1,Kino
What movies are starting at eight pm in the area,6,2,1,0.00064797763,1,Kino
Please search for the painting titled This Is the Night .,5,2,1,0.024538897,1,Kino
Search for Chasing Fortune a TV series .,5,3,1,0.0004773908,1,Kino
Look for the TV series Jersey Boys,5,3,1,0.00043446897,1,Kino
what films are playing at KB Theatres,6,3,1,0.0015630181,1,Kino
Add an album by Liza Oumarova to the Steampunk playlist.,0,0,0,0.00014762135,1,Kino
Weather in Cairngorms-Nationalpark close from freezing,2,2,0,0.00011632881,1,Kino
Rate the current textbook 2 stars,4,4,0,0.00014661699,1,Kino
What movies are playing at Mann Theatres,6,3,1,0.0018482596,1,Kino
Play the most popular song from Chae Yeon off of Spotify,3,3,0,0.00010206551,1,Kino
What's the weather like in Kaltag ?,2,2,0,0.00011770438,1,Kino
Book a reservation not far from 8th St,1,1,0,0.00012640102,1,Kino
Find a TV series called Live Hearts .,5,3,1,0.0002725355,1,Kino
Find a TV series called Manufacturing Consent .,5,3,1,0.0010473767,1,Kino
Look for the No Bigger than a Minute soundtrack,5,3,1,0.0001795467,1,Kino
play the newest sound track from the thirties,3,3,0,9.375264e-05,1,Kino
What movies are showing at the nearest movie theatre in 8 minutes ?,6,2,1,0.0013014934,1,Kino
I'm looking for The Birth of a Nation,5,2,1,0.007959278,1,Kino
Show me the Out with My Baby photograph,5,0,1,0.116265655,1,Kino
Where can I get Fight for Anarchy,5,1,1,0.0027123634,1,Kino
When is Romance on the Range playing at movie house ?,6,2,1,0.0011783012,1,Kino
Please search for the Journal of Official Statistics show .,5,5,1,0.50765955,1,Kino
I want to listen to seventies music.,3,3,0,9.672656e-05,1,Kino
Look for the Journal of Toxicology and Environmental Health soundtrack,5,3,1,0.009113705,1,Kino
rate the current essay book four out of 6 points,4,4,0,0.00015305389,1,Kino
what are the movietimes for films in the neighbourhood,6,2,1,0.00016710289,1,Kino
what are the movie times for Dickinson Theatres,6,2,1,0.00019200754,1,Kino
Look for a photograph of I Wanna Sex You Up,5,3,1,0.00050861674,1,Kino
Play some Laurie Anderson .,3,3,0,0.00010489532,1,Kino
find a movie house closest with animated movies,6,1,1,0.0003172972,1,Kino
add sweets edison to relaxing playlist,0,0,0,0.00013246316,1,Kino
Is Green Grass Widows playing at the cinema,6,3,1,0.0002052009,1,Kino
Find time for movies at the closest cinema,6,1,1,0.00016798015,1,Kino
What's the weather in Singapore,2,2,0,0.00011286329,1,Kino
Please get me The Very Best of Chicago Only the Beginning .,5,2,1,0.006133629,1,Kino
give me the showtimes for Down Where The Buffalo Go at Amco Entertainment,6,1,1,0.00024685854,1,Kino
find films at Showcase Cinemas,6,1,1,0.00039688716,1,Kino
Play me the greatest Doctor Fink song on zvooq,3,3,0,0.00010875412,1,Kino
"whats the forecast for January 21, 2035 in Dubach",2,2,0,0.00011932534,1,Kino
Will it be chillier at 060548 in Wagener Réunion,2,2,0,0.00012541622,1,Kino
trailer of Gate of Thunder,5,1,1,0.0010437873,1,Kino
Search for Big Ideas painting,5,3,1,0.49003667,1,Kino
find Try Me Out for me,5,3,1,0.00056174217,1,Kino
"I'm looking for movie times , search movies close by that start at 1112 .",6,1,1,0.0002698098,1,Kino
give 1 out of 6 points to Revolution World,4,4,0,0.00014266171,1,Kino
find the album Biology Today An Issues Approach,5,0,1,0.007523351,1,Kino
"find Love Will Tear Us Apart , a photograph",5,3,1,0.00080888596,1,Kino
Find a show called Friday Download .,5,3,1,0.0014452211,1,Kino
Find The Best Man Holiday saga,5,3,1,0.00043319943,1,Kino
Put something by Noah Wuv Bernardo on my Humor playlist,0,0,0,0.00013987799,1,Kino
Find me a table for a cafe during my Guinea trip for one .,1,1,0,0.00016722459,1,Kino
add spanish castle magic to Daily Lift,0,0,0,0.00012214707,1,Kino
show video game and The Quality of Life,5,5,1,0.9813793,1,Kino
Find the video game Journal of Criminal Law & Criminology .,5,5,1,0.8982665,1,Kino
Where is picture Everybody Wants You,5,2,1,0.0027006306,1,Kino
Can you make reservations for two people somewhere distant from Sutphin Blvd,1,1,0,0.00015495175,1,Kino
Play Nightbirds on Nantucket soundtrack,5,3,1,0.00010028515,1,Kino
show creative photograph of Icewind Dale Heart of Winter,5,3,1,0.16611643,1,Kino
Add One Good Reason to the bachelor party playlist,0,0,0,0.0001257785,1,Kino
I'm looking for a picture titled Rock Painting,5,0,1,0.039131846,1,Kino
Find The Gill Deacon Show .,5,1,1,0.00068620965,1,Kino
Can you search Miracle in the Rain ?,5,2,1,0.00021549934,1,Kino
show me the schedule of films in Cobb Theatres,6,2,1,0.00031498217,1,Kino
Play Socialism Is Good by terje bakken on Spotify .,3,3,0,0.00010499713,1,Kino
add track Nature Noise to my playlist,0,0,0,0.00012072821,1,Kino
Where can I find the JKT48 School,5,1,1,0.001077962,1,Kino
What cinema is showing Ice Station Zebra at 0725 P.M. ?,6,1,1,0.00043794647,1,Kino
me and deanna want to book a restaurant in Malawi,1,1,0,0.0001677266,1,Kino
Find the movie schedule for movies close by .,6,1,1,0.0008462189,1,Kino
Is Love and Other Troubles playing,6,3,1,0.00017554875,1,Kino
What movies are playing one hour from now at Cooper Foundation ?,6,3,1,0.00027798797,1,Kino
what films are at Cinemark Theatres,6,2,1,0.00054886175,1,Kino
Where can I see the trailer of Take Me to the King,5,3,1,0.0014191198,1,Kino
Is it hot in Zephyrhills ?,2,2,0,0.00010509742,1,Kino
Give me a list of films that play in the neighbourhood,6,3,1,0.034499463,1,Kino
Add this tune to the Leche con Chocolate playlist,0,0,0,0.00012801256,1,Kino
Tell me the weather forecast for my current spot,2,2,0,0.00010811641,1,Kino
"Can you find me the work, Frisbee The Life and Death of a Hippie Preacher ?",5,3,1,0.00067803403,1,Kino
Which cinema is showing A Dedicated Life starting at eleven PM,6,1,1,0.0005246023,1,Kino
Check the forecast for Orson for around 9 PM,2,2,0,0.000111218906,1,Kino
Rate the current chronicle a two,4,4,0,0.00012443074,1,Kino
Where can I see animated movies that's nearby ?,6,3,1,0.0009193965,1,Kino
Can I know what animated movies are scheduled in the neighbourhood ?,6,2,1,0.00023168504,1,Kino
Book a restaurant in San Juan Capistrano for 6 people at ten am,1,1,0,0.000189479,1,Kino
I want to hear the new Vasilis Tsitsanis ep,3,3,0,8.636084e-05,1,Kino
Find a show called American Journal of Play .,5,1,1,0.0014251127,1,Kino
She me the movie times,6,2,1,0.00082836056,1,Kino
rate the series The Quantity Theory of Insanity 1,4,4,0,0.00018317287,1,Kino
I'd like to watch The Utopian Society,6,3,1,0.00011239044,1,Kino
Find me the television show A City Sleeps,5,3,1,0.00030000947,1,Kino
What are the movie schedules for movies showing in the neighbourhood ?,6,2,1,0.00024225636,1,Kino
What is the movie schedule for animated movies playing in the neighborhood ?,6,2,1,0.00030871655,1,Kino
Please find me the Youth Against Fascism television show .,5,3,1,0.00076768233,1,Kino
Which films are playing at Malco Theatres ?,6,3,1,0.0014790179,1,Kino
I'd like to eat at the Original Spanish Kitchen in North Carolina,1,1,0,0.00015582648,1,Kino
Can I get the showtimes for The Man Who Could Talk to Kids ?,6,1,1,0.0005321618,1,Kino
play The New Noise Theology E.P.,5,3,1,0.0001039768,1,Kino
Find Clash of the Codes .,5,3,1,0.29558474,1,Kino
find a book called Kiss Symphony - Alive IV,5,3,1,0.00035510617,1,Kino
"is it going to be chillier in Saint Augustine , WY on may 3rd",2,2,0,0.00011441782,1,Kino
Find a movie schedule .,6,1,1,0.00024217722,1,Kino
find Kerasotes Theatres movie schedules,6,2,1,0.0007469269,1,Kino
What time is Beat the Devil coming on at Mann Theatres,6,2,1,0.00046220826,1,Kino
put this song on my NTC High Intensity Training Tracks playlist,0,0,0,0.00014322488,1,Kino
When can I see Salaam-e-Ishq A Tribute To Love at B&B Theatres ?,6,0,1,0.0012431359,1,Kino
What is the nearest cinema playing The Hour of Temptation,6,3,1,0.0006101723,1,Kino
find Regal Entertainment Group animated movies,6,3,1,0.00023302302,1,Kino
She me the movie schedule for animated movies at the place nearby,6,1,1,0.0007129162,1,Kino
find a game called So Long Self,5,3,1,0.00022215326,1,Kino
Find a picture called Every Little Thing She Does Is Magic .,5,3,1,0.0008870859,1,Kino
Find the Son of Man show,5,3,1,0.00033764454,1,Kino
Give a rating of 2 to Juneteenth .,4,4,0,0.00012382437,1,Kino
What is the closest movie house playing House of the Dead 2,6,3,1,0.00026902108,1,Kino
Book a reservation for nine at an outdoor restaurant,1,1,0,0.0002034919,1,Kino
Go to my all out 00s and add brian wilson,0,0,0,0.00013441648,1,Kino
Add sammy hagar to Ultra Metal,0,0,0,0.00011497487,1,Kino
I'd like johnny nash to be put into my playlist Always Pop Punk,0,0,0,0.00012443431,1,Kino
add post mortem to my timeless love songs playlist,0,0,0,0.00012926995,1,Kino
Find a TV series called Church of the Truly Warped .,5,3,1,0.00044254994,1,Kino
Add the song to my R&B Movement playlist.,0,0,0,0.00013693214,1,Kino
Can I see the the TV series The Late Music ?,5,3,1,0.00014746965,1,Kino
Is The Young Guard playing at the closest cinema,6,3,1,0.00076123595,1,Kino
Find me the movie times,6,2,1,0.00059988553,1,Kino
can i have the movie schedules,6,2,1,0.00025393238,1,Kino
"I'm looking for the hit album , The Politics of Dancing .",5,0,1,0.00057015877,1,Kino
The boring Peace on Earth gets a two out of 6 .,4,4,0,0.0001403131,1,Kino
Find the Burn the Sky Down album,5,3,1,0.00037294556,1,Kino
Find a movie schedule .,6,1,1,0.00024217722,1,Kino
Show me movie times at the Pacific Theatres for the movie The Hot Rock,6,1,1,0.00029278945,1,Kino
I want to go see The Trouble with Girls,6,5,1,0.936496,1,Kino
The Revolution Script should have a rating value of three and a best rating of 6,4,4,0,0.00012951362,1,Kino
Show me My Princess,5,2,1,0.04739668,1,Kino
Can you find My Island Home TV series ?,5,3,1,0.00019837973,1,Kino
Book an osteria that serves blini for 9 people.,1,1,0,0.00026139888,1,Kino
Add teriazume to the nação reggae playlist,0,0,0,0.00013389354,1,Kino
I'd like to go to a pizzeria within walking distance of Hutchinson,1,1,0,0.00014683648,1,Kino
Rate this essay two stars,4,4,0,0.00014575997,1,Kino
find a game called Albino Blacksheep,5,3,1,0.0005697072,1,Kino
I'd like to see the picture The Collection – The Collector 2,5,0,1,0.05216159,1,Kino
I'm wondering if you can give me the movie times for films in the neighborhood .,6,2,1,0.0008877494,1,Kino
Play eighties music on Groove Shark .,3,3,0,9.8059754e-05,1,Kino
where is The Yellow Star The Persecution of the Jews in Europe 1933-45 playing,6,3,1,0.00031110854,1,Kino
"What will the weather be like on january 2nd, 2025 in GA",2,2,0,0.000118629,1,Kino
book a restaurant for one,1,1,0,0.00019954401,1,Kino
Give five out of 6 points to this album,4,4,0,0.00014141291,1,Kino
this track should go into my playlist called This Is Beethoven,0,0,0,0.00013586215,1,Kino
show Investigating Sex album,5,3,1,0.00061680947,1,Kino
What cinema is playing The White Stadium ?,6,3,1,0.00021875257,1,Kino
I need to know the weather for Jan. the 3rd in Mexico when I go to Port Vue,2,2,0,0.00011035613,1,Kino
what's the nearest movie theatre showing movies,6,1,1,0.00023630935,1,Kino
Rate The Honourable Jim a three,4,4,0,0.00012322071,1,Kino
Play some Paul Stookey from the sixties,3,3,0,9.393595e-05,1,Kino
"Where can I watch Portrait of a Woman, Nude in 1 hour ?",6,3,1,0.00014775645,1,Kino
Is it cold in the current location more than it was in 3 years,2,2,0,0.00012529407,1,Kino
I would like to book a restaurant in Singapore for nine in 19 hours and 1 second,1,1,0,0.00017754555,1,Kino
What theater is playing Death Drums Along the River at 5 PM,6,3,1,0.0002240651,1,Kino
add picasso baby to Digster Reggae playlist,0,0,0,0.00013363309,1,Kino
show freezing forcast now within the same area in North Dakota,2,2,0,0.000115194875,1,Kino
Show the Day the Earth Caught Fire movie,5,2,1,0.0053977286,1,Kino
Find the photograph A Little Less Sixteen Candles,5,4,1,0.0014498124,1,Kino
Show me the song 15 Storeys High,5,3,1,0.003465665,1,Kino
Show me the schedule for ArcLight Hollywood for only animated movies,6,2,1,0.001693103,1,Kino
Find the Check Please photograph .,5,1,1,0.0054650307,1,Kino
Where to buy Education for Chemical Engineers,5,1,1,0.04119689,1,Kino
Play the greatest record by Joe Purdy on Google Music,3,3,0,0.00010276491,1,Kino
Play Brian Clifton off Groove Shark .,3,3,0,9.873159e-05,1,Kino
"Can you find a photograph entitled, Beneath the Harvest Sky",5,3,1,0.016322393,1,Kino
I want to hear some The Roches,3,3,0,8.8845016e-05,1,Kino
"find Good Night, and Good Luck at a Cinemark Theatres",6,1,1,0.00014207963,1,Kino
"find National Amusements with Honey, I Shrunk the Kids",6,3,1,0.0005932395,1,Kino
add this tune by Nokio the N Tity to my this is bb king playlist,0,0,0,0.00013653238,1,Kino
Look for the Kiss the Girls game,5,3,1,0.00040209078,1,Kino
Is fog forecast close-by to Pakistan ?,2,2,0,0.00012084929,1,Kino
Book a reservation at a restaurant nearby their airbnb,1,1,0,0.0001345964,1,Kino
What time are films showing in the neighborhood,6,2,1,0.00013652763,1,Kino
Play the TV series Heart of Gold,5,3,1,9.14885e-05,1,Kino
Find The International Journal of Robotics Research soundtrack,5,3,1,0.40317252,1,Kino
I'd like to watch Army at Wanda Group,6,3,1,0.000104157196,1,Kino
Show me movie times at MJR Theatres at 023923 pm,6,2,1,0.0010064618,1,Kino
Give Physics of the Impossible four points .,4,4,0,0.00013732907,1,Kino
"What time is Atlantis, terre engloutie playing?",6,3,1,0.0008385449,1,Kino
Find me showtimes for How I Unleashed World War II .,6,3,1,0.057294164,1,Kino
Find me a movie with the name Oshin,5,3,1,0.001852662,1,Kino
Will it be chilly at 4 in Druid Hills AMerican Samoa,2,2,0,0.00011713044,1,Kino
Play a top five Linda Strawberry ep,3,3,0,9.806026e-05,1,Kino
"Can you locate the work, Warlock 2 The Exiled ?",5,3,1,0.0044869254,1,Kino
Wish to find the movie the Heart Beat,5,3,1,0.00017608568,1,Kino
Please search The Young Warriors game .,5,3,1,0.014360456,1,Kino
Look for Fighting Vipers 2,5,4,1,0.19785385,1,Kino
For the saga Magic in Ithkar 2 I give two stars,4,4,0,0.00014561713,1,Kino
what films are at Kerasotes Theatres,6,2,1,0.00039413528,1,Kino
What films are playing in the neighbourhood,6,2,1,0.0011317759,1,Kino
How much humidity is there in UT ?,2,2,0,0.00011486594,1,Kino
find the closest cinema for films,6,1,1,0.0004719431,1,Kino
rate Mandela The Authorised Biography a one,4,4,0,0.00013002062,1,Kino
I need to find the work Brotherly Love,5,3,1,0.002417583,1,Kino
Play The XYY Man soundtrack,5,3,1,0.00010216584,1,Kino
Please inform me when I can see The Abdication at a movie theatre .,6,1,1,0.0007255296,1,Kino
Find the Sarah the Teen Princess game,5,3,1,0.0002771416,1,Kino
give it a 0 for this essay,4,4,0,0.0001483447,1,Kino
What movie times,6,2,1,0.00012576338,1,Kino
show creative book named Pencil Thin Mustache,5,5,1,0.7818762,1,Kino
add how to my week end playlist,0,0,0,0.00012863781,1,Kino
Get me the Secret South song .,5,3,1,0.0008342916,1,Kino
show The Best of Minnie Riperton saga,5,3,1,0.00012684449,1,Kino
find Friendship Way,5,3,1,0.0014318384,1,Kino
Where is the nearest cinema playing Rainbow Eyes that starts in one minute ?,6,3,1,0.0004414383,1,Kino
What is the movie schedule looking like,6,2,1,0.00014965476,1,Kino
When is City of Angels playing?,5,2,1,0.0005266162,1,Kino
Tell me when it will be hotter in China,2,2,0,0.000120024175,1,Kino
Please look up the Falls Church News-Press album .,5,3,1,0.00016347818,1,Kino
Is it going to be colder in Queen Anne on Mon .?,2,2,0,0.00011747519,1,Kino
Is Flow For Love of Water playing at Southern Theatres at 2 am,6,3,1,0.00019091934,1,Kino
rate the book The World Is Full of Divorced Women 2 out of 6 stars,4,4,0,0.00016024205,1,Kino
what are the movie times for United Paramount Theatres,6,2,1,0.00017528211,1,Kino
Find movie times .,6,3,1,0.0012011116,1,Kino
Add Steve Jones to my chill list,0,0,0,0.00012492423,1,Kino
Where can I find the game Skip to the End ?,5,0,1,0.0003913346,1,Kino
I need a table for 4 in Florida,1,1,0,0.00019974336,1,Kino
what's the nearest movie house showing Their Last Love Affair,6,1,1,0.0005379716,1,Kino
find a movie theatre with Life and Death,6,1,1,0.00057630654,1,Kino
Look for the Compact Forest Proposal trailer,5,2,1,0.0016582358,1,Kino
Rate this novel four of 6,4,4,0,0.00014434406,1,Kino
book a restaurant that serves trottole in Tillicum,1,1,0,0.00015016705,1,Kino
Is it warm in Albania at noon,2,2,0,0.00012287067,1,Kino
find the nearest movie house for The Mystery of Picasso,6,1,1,0.00026767288,1,Kino
give me the Morning movie schedules,6,2,1,0.0001614325,1,Kino
find Lost in Space,6,3,1,0.0049659563,1,Kino
"I'd like a table for ten in 2 minutes at French Horn, Sonning Eye",1,1,0,0.00019341448,1,Kino
Add this track to my Tropical Morning playlist,0,0,0,0.00011873902,1,Kino
I want to watch Supernatural The Unseen Powers of Animals,5,3,1,0.0014337839,1,Kino
What is the weather in Sint Maarten,2,2,0,0.0001096047,1,Kino
add thomas anders to my crossroad blues,0,0,0,0.00012096426,1,Kino
Play 30 Greatest Hits,5,3,1,9.55079e-05,1,Kino
I need a party of two reservation faraway from Atlantic Av-Barclays Ctr at a spa for fast food,1,1,0,0.00017119548,1,Kino
play the best album from the seventies,3,3,0,9.113477e-05,1,Kino
What are the local movie times,6,2,1,0.00022327584,1,Kino
I need to book a restaurant at supper time in IL,1,1,0,0.00015132022,1,Kino
"Please fine me, Ties That Bind .",5,0,1,0.008905542,1,Kino
I want to see Outcast .,6,2,1,0.00011836839,1,Kino
I'm looking for a movie called Salvage Mice .,5,1,1,0.000531859,1,Kino
play a track by Mila Islam from Deezer,3,3,0,9.854031e-05,1,Kino
I need a pub with a smoking room in Ucolo reserved.,1,1,0,0.00014315554,1,Kino
I need a reservation for around London Borough,1,1,0,0.00014104333,1,Kino
search for trailer Jazz Impressions of the U.S.A.,5,3,1,0.00061748025,1,Kino
Let me know the weather forecast around ten Pm faraway from here in Park Narodowy Brimstone Hill Fortress .,2,2,0,0.000110140965,1,Kino
Help me find Where the Wild Things Are,5,2,1,0.0011248774,1,Kino
Search for the television show called Educational Psychologist,5,3,1,0.010311258,1,Kino
find a soundtrack called Fast as You,5,3,1,9.6275406e-05,1,Kino
"Pull up the TV show , 40 Seasons The Best of Skid Row",5,3,1,0.000106122796,1,Kino
table for Breadline Cafe in Minnesota next friday,1,1,0,0.00018962359,1,Kino
Show me a copy of the picture Double Deal .,5,3,1,0.0042557493,1,Kino
Add sara hickman to my Targeted list,0,0,0,0.00015185661,1,Kino
find A Pet of the Cairo Zoo,5,1,1,0.0004219178,1,Kino
Can you help me find ScholarMate ?,5,2,1,0.011885528,1,Kino
give the current album a score of five out of 6,4,4,0,0.00013854209,1,Kino
Find me the movie schedule for ArcLight Hollywood,6,2,1,0.0001425379,1,Kino
What time is The Mourner playing at the movie house ?,6,2,1,0.0007086501,1,Kino
Find I Could Fall in Love .,5,3,1,0.0010724189,1,Kino
play the Graduate Faculty Philosophy Journal album,5,3,1,0.00012789207,1,Kino
show nearest movie theatre to watch Black Jesus,6,1,1,0.0014855464,1,Kino
Add Progress to my clásica para todos playlist.,0,0,0,0.00015395708,1,Kino
Is The King of the Kitchen playing in fifteen hours ?,6,3,1,0.0010717623,1,Kino
give 1 star to this album,4,4,0,0.00013840655,1,Kino
Give me movie times for Regal Entertainment Group,6,2,1,0.0019482537,1,Kino
show me the movie times for films nearby,6,2,1,0.0005629224,1,Kino
Give me the movie schedule nearby,6,2,1,0.0002145853,1,Kino
Find the closest cinema playing The St. Francisville Experiment .,6,3,1,0.0009880987,1,Kino
Book a bar which serves chicken french at Robinson .,1,1,0,0.00017974821,1,Kino
I would give The Northern Reaches a rating of one,4,4,0,0.00012095571,1,Kino
Add inconfundible to Stomp & Holler,0,0,0,0.00013220495,1,Kino
Where can I find the game KAAKAI Newspaper,5,2,1,0.0016346012,1,Kino
add the artist Jamie T to hallie's winter music playlist,0,0,0,0.00012726577,1,Kino
When is Em4Jay playing at the movie theatre ?,6,2,1,0.001110556,1,Kino
add flying to my Women of Rock playlist,0,0,0,0.00015335559,1,Kino
Can I get the movie schedules for Landmark Theatres,6,2,1,0.0006113275,1,Kino
add tune to African Heat,0,0,0,0.00011242073,1,Kino
Show The Ancient Art of War picture,5,5,1,0.9927763,1,Kino
Check the weather for Faroe Islands .,2,2,0,0.00011187096,1,Kino
I want this artist on the Cena Elegante playlist,0,0,0,0.00013652917,1,Kino
"what is the weather forecast for WA on september 11, 2021",2,2,0,0.00011886057,1,Kino
I'd like to see the painting I Looked Up,5,3,1,0.06079961,1,Kino
Find a soundtrack called The Outpost .,5,3,1,0.00013326074,1,Kino
"Can you find me, Hey Man ?",5,3,1,0.0025317902,1,Kino
add Armen Movsessian to this is skepta playlist,0,0,0,0.00014211051,1,Kino
I would give Sentenced to Prism a rating of zero and a best rating of 6,4,4,0,0.00013065839,1,Kino
Is there snow in the District Of Columbia,2,2,0,0.00010949534,1,Kino
"find The Saint in New York , a show",5,3,1,0.000578667,1,Kino
"Check the weather forecast for Chisholm , Kentucky .",2,2,0,0.00011013987,1,Kino
When will Third Person Singular Number be playing?,6,3,1,0.0010370106,1,Kino
add tune to my metal crash course playlist,0,0,0,0.00012627449,1,Kino
find a show called The Paper Route,5,1,1,0.000880562,1,Kino
what time is The Rocketeer showing,6,2,1,0.00013546752,1,Kino
play the song Culture and Psychology,5,3,1,0.00013494868,1,Kino
add ivan mane jarnowick to Fusion Fest,0,0,0,0.00013494425,1,Kino
How temperate will it be here this week ?,2,2,0,0.000117819254,1,Kino
I want to watch the movie Maxime,5,3,1,0.00010335268,1,Kino
Can you search A Song for Mama book for me?,5,0,1,0.0006731166,1,Kino
What films are playing at Marcus Corporation ?,6,3,1,0.00045390442,1,Kino
rate Special Assignments 0 of 6 points,4,4,0,0.00013867802,1,Kino
show the movie schedules and films in the area,6,2,1,0.00026392203,1,Kino
How do I get the game Still on It ?,5,2,1,0.03275748,1,Kino
Will there be rainfall four weeks from now in Tehama Bahamas,2,2,0,0.00011678717,1,Kino
find Dickinson Theatres showing From Bondage to Freedom,6,3,1,0.00045225097,1,Kino
Play Stefon Harris 's song .,3,3,0,0.00010018998,1,Kino
Show me movie schedule for animated movie around here at eleven a.m.,6,1,1,0.0008602817,1,Kino
show song schedule of Shoot for the Moon,5,2,1,0.000796772,1,Kino
Can you book a table for eight people at a spa type restaurant within walking distance of the Metropolitan Borough of Lambeth,1,1,0,0.00019078379,1,Kino
What are the movie times for movies close by,6,2,1,0.0001531956,1,Kino
What is the television show Phil Ochs There but for Fortune playing,5,3,1,0.00013236936,1,Kino
Please find me a novel called The Caledonian-Record .,5,1,1,0.0062006945,1,Kino
Please tell me the forecast for Guinea-Bissau,2,2,0,0.00011644336,1,Kino
find Half a Truth,6,3,1,0.008173595,1,Kino
Let's play Jamie Robertson 's Handover on vimeo,3,3,0,9.786718e-05,1,Kino
Play some seventies track from top Rie Tomosaka,3,3,0,9.663451e-05,1,Kino
play Myth II Soulblighter,5,3,1,0.0001197907,1,Kino
"Please search for the television show , Episodi di The Blacklist .",5,3,1,0.0007186564,1,Kino
Give the current series four / 6 points .,4,4,0,0.00013935597,1,Kino
What are the movie times at the Loews Cineplex,6,2,1,0.0002306127,1,Kino
Play a movement from 1974 .,3,3,0,0.00010499755,1,Kino
Make me a reservation in Crugers at Marlton Circle for a party of eight,1,1,0,0.00020249467,1,Kino
find the trailer for The Spooky Sisters,5,1,1,0.0003063848,1,Kino
Show me the movie schedules for the nearest movie theatre in Invasion U.S.A. .,6,1,1,0.0009657996,1,Kino
Look for the television show Meet the Prince,5,3,1,0.0003020863,1,Kino
The Amityville The Evil Escapes chronicle is only a 1 out of 6 .,4,4,0,0.0001346734,1,Kino
Give the book The Adventures of James Bond Junior 003½ 2 points for a rating.,4,4,0,0.00014519176,1,Kino
I'd like to watch the trailer for As Tears Go By,5,3,1,8.583998e-05,1,Kino
I'd like to watch movies at KB Theatres,6,3,1,0.0013296654,1,Kino
find Kerasotes Theatres showing animated movies,6,3,1,0.0031881104,1,Kino
Search for the picture Foghat ?,5,2,1,0.00023372885,1,Kino
Play some Don Ho on Netflix,3,3,0,9.293089e-05,1,Kino
rate tune to my natalie macmaster viajes,0,0,0,0.00011643564,1,Kino
What times will The Young Swordsman be showing at my cinema ?,6,2,1,0.00020533324,1,Kino
what animated movies are showing in the neighborhood,6,2,1,0.00032603482,1,Kino
Find me a TV show called Baby Blue,5,3,1,0.0006107098,1,Kino
give zero points to this essay,4,4,0,0.00013297367,1,Kino
Weather for this Winter here,2,2,0,0.00011747309,1,Kino
play Luis Alfonzo Larrain from 1995,3,3,0,0.000103670776,1,Kino
Can you tell me the movie schedule for General Cinema Corporation ?,6,2,1,0.000283902,1,Kino
Please find the Packed to the Rafters work.,5,1,1,0.006540476,1,Kino
find Boyish Story,5,3,1,0.001262155,1,Kino
Find a television show called Twisted .,5,3,1,0.00065519917,1,Kino
Play some twenties chant music on Slacker,3,3,0,0.000103571445,1,Kino
show creativity of Home Brew,5,3,1,0.016484555,1,Kino
I want to know the films playing at the closest movie house .,6,3,1,0.004871407,1,Kino
Can you look for the creative work called No Gravity,5,0,1,0.0095534045,1,Kino
I would like to book a restaurant for two in 42 weeks from now in Wagram,1,1,0,0.00015288629,1,Kino
I want to listen to the soundtrack And Then There Was Light,5,3,1,0.0001139623,1,Kino
What movies are currently playing at the Caribbean Cinemas,6,3,1,0.00025287698,1,Kino
Find Show-Ya 20th Anniversary The Best .,5,0,1,0.0006580468,1,Kino
book a highly rated bar in Curacao for one,1,1,0,0.00014685033,1,Kino
I need a table for 4 in Pelland,1,1,0,0.00020032458,1,Kino
Book a restaurant in Palestine for 8 people at 9 AM,1,1,0,0.00019358934,1,Kino
Show me Rapid City Muscle Car .,5,1,1,0.031074923,1,Kino
find a TV show called Shake Hands with Beef,5,3,1,0.00023782744,1,Kino
Give me the movie times at Goodrich Quality Theaters .,6,1,1,0.0009793813,1,Kino
Is it humid in Charenton,2,2,0,0.00012578352,1,Kino
Where to get the movie Fear of a Black Hat,5,3,1,0.00081760355,1,Kino
Please help me find the Late Night Heartbroken Blues television show .,5,3,1,0.00084390905,1,Kino
Book a restaurant in seven in Fort McKinley,1,1,0,0.00021951113,1,Kino
give 0 points to The Eudaemonic Pie,4,4,0,0.00013001951,1,Kino
Play a top-50 tune from 1982 .,3,3,0,9.767844e-05,1,Kino
When is You Walk So Softly playing at Kerasotes Theatres,6,3,1,0.0001253597,1,Kino
add ian north to my Autumn Lounge playlist,0,0,0,0.00012689322,1,Kino
Will it be overcast in South Dakota,2,2,0,0.00012251023,1,Kino
Show me the Lights Out saga,5,2,1,0.0006234008,1,Kino
find Innocent world,5,3,1,0.00031792722,1,Kino
Is it freezing in Vega Alta,2,2,0,0.00012395586,1,Kino
Is The Cycle playing at Consolidated Theatres ?,6,2,1,0.0007572586,1,Kino
is The Singing Nun at Regal Entertainment Group,6,3,1,0.00077013817,1,Kino
I want to know the animated movies playing at Malco Theatres,6,3,1,0.009517494,1,Kino
What movies are playing at the closest cinema,6,3,1,0.0013032618,1,Kino
what time is The Bodyguard at Malco Theatres playing,6,2,1,0.0012440325,1,Kino
book a bar close by with a smoking room in MA,1,1,0,0.00013487869,1,Kino
Which Cinemark Theatres is playing A Is for Atom ?,6,3,1,0.00017052183,1,Kino
Look for the Public Toilet painting,5,1,1,0.0007795737,1,Kino
I want to see movie times at Neighborhood Cinema Group .,6,1,1,0.00056274113,1,Kino
Show me TV series Lego Star Wars 3 The Clone Wars,5,3,1,0.0011629947,1,Kino
Find movie schedules for Bow Tie Cinemas .,6,1,1,0.00037326175,1,Kino
find The Moldy Peaches,5,3,1,0.0005343351,1,Kino
show creativity of Doomsday Comfort,5,3,1,0.041197274,1,Kino
Show me the lowest price for the game Sinatra Reprise The Very Good Years .,5,3,1,0.007856511,1,Kino
Can you bring up the movie schedule for ArcLight Hollywood ?,6,2,1,0.00031808027,1,Kino
what will the weather be like in fourteen hours in Eastville,2,2,0,0.00011599412,1,Kino
What AMC Theaters is The Red Dance playing at?,6,2,1,0.0024519998,1,Kino
Play Remains of the Day,5,3,1,9.863398e-05,1,Kino
Rate Shadows Alive 3 out of 6 points,4,4,0,0.00014561808,1,Kino
i want to see I Dream of Jeanie in a movie theatre,6,1,1,0.0013744395,1,Kino
what animated movies are at Cobb Theatres,6,2,1,0.039391782,1,Kino
add a tune in women of classical,0,0,0,0.00012155588,1,Kino
List movie schedule .,6,2,1,0.0005960313,1,Kino
"Will the weather be temperate on jan. the thirteenth, 2028 at Christmas Island ?",2,2,0,0.00011909244,1,Kino
I want to listen to the song First Time for Everything,5,3,1,9.775754e-05,1,Kino
Get me the Elvis’ Christmas Album TV show .,5,3,1,0.00045686963,1,Kino
Looking for the photograph the Crimson Climax,5,2,1,0.004202934,1,Kino
Can I get the game List of Mew singles ?,5,0,1,0.0005999291,1,Kino
Find the movie schedules,6,2,1,0.0011000362,1,Kino
Look for the trailer of Guitar Heaven Santana Performs the Greatest Guitar Classics of All Time,5,3,1,0.00013356422,1,Kino
Play ballad from Mandy Moore,3,3,0,9.739175e-05,1,Kino
I have six people who would like to eat at a cafe that serves american chinese cuisine in TX .,1,1,0,0.00021055511,1,Kino
search for a photograph of Road Hogs,5,5,1,0.8279306,1,Kino
Can you pull up the television show called Electric Boogaloo,5,3,1,0.00011497354,1,Kino
rate this current novel a 3,4,4,0,0.00013129828,1,Kino
Find me the picture entitled I’ll Take Care of You .,5,3,1,0.0021778313,1,Kino
The Voyage of the Dawn Treader deserves 5 points .,4,4,0,0.0001380018,1,Kino
play some rap on Pandora,3,3,0,9.476513e-05,1,Kino
Is there any creative work for Heterocycles ?,5,5,1,0.8036589,1,Kino
Show me the movie times at Star Theatres,6,2,1,0.0013996534,1,Kino
Is Dummy playing at two a.m. ?,6,3,1,0.0013259627,1,Kino
Add this song to my the perfect italian dinner playlist,0,0,0,0.00012334889,1,Kino
find Valley of the Dolls,5,3,1,0.00049487554,1,Kino
Add an andy hurley album to my transatlantic lullaby list,0,0,0,0.00012286889,1,Kino
rate The Lives of John Lennon five points,4,4,0,0.0001388134,1,Kino
Add this album to jenifer's mellow dinner playlist,0,0,0,0.00012347069,1,Kino
i give the following textbook three points,4,4,0,0.0001444839,1,Kino
What is the movie schedule like,6,2,1,0.00016387939,1,Kino
Give me the schedule for animated movies at the nearest cinema,6,1,1,0.00025790487,1,Kino
Add this album to my US Latin Top 50 palylist,0,0,0,0.000117127645,1,Kino
find Casting Crowns discography,5,3,1,0.00021760492,1,Kino
Add this artist to my This Is Philip Glass playlist,0,0,0,0.00014719546,1,Kino
show creative work of Through the Back Door,5,3,1,0.38347,1,Kino
I'd like to eat at an outdoor restaurant,1,1,0,0.00014943663,1,Kino
"Play my Hardstyle, Baby playlist on Netflix",3,3,0,0.000108220134,1,Kino
Please look for Orion You Came and You Took All My Marbles,5,3,1,0.0012774802,1,Kino
Play tuomas holopainen 's The 21 Project .,3,3,0,0.00010520243,1,Kino
Give me a link to the saga called Copper – Justice is brutal,5,3,1,0.020154752,1,Kino
Find the album Follow That Camel,5,3,1,0.000165163,1,Kino
I want a table for eight at GU,1,1,0,0.00020488045,1,Kino
can i have the movie schedule for IMAX Corporation,6,2,1,0.00030871833,1,Kino
Find the movie schedule for animated movies in the neighborhood .,6,1,1,0.0030432767,1,Kino
Play the most popular music by Ronald Isley on Google Music,3,3,0,9.597548e-05,1,Kino
Where animated movies does North American Cinemas feature,6,2,1,0.0056638005,1,Kino
book a table for 4 at Fish Express,1,1,0,0.00020750813,1,Kino
show me the movie schedules,6,2,1,0.0003845043,1,Kino
I give the following album a zero .,4,4,0,0.00012322109,1,Kino
Please put the album onto fresh folk .,0,0,0,0.00012407085,1,Kino
Rate the current book a zero of 6,4,4,0,0.00013441042,1,Kino
Add Always to dena's Baroque 50 Spotify Picks playlist.,0,0,0,0.00013002829,1,Kino
Add this tune to retrowave outrun,0,0,0,0.00012504822,1,Kino
"find Framing the Early Middle Ages , a game",5,3,1,0.1403149,1,Kino
find The Loving Spirit,5,3,1,0.0014362715,1,Kino
where can I see the television show Falling Away from Me,5,2,1,0.0017041074,1,Kino
whats the nearest movie house showing animated movies,6,1,1,0.00036909935,1,Kino
What are the movie schedules for the Caribbean Cinemas,6,2,1,0.00017557926,1,Kino
Find a soundtrack called The Woman Warrior .,5,3,1,0.00010923568,1,Kino
I'm looking for the video game Masterful Mystery Tour,5,3,1,0.00082366803,1,Kino
Find a photograph called The Dickinsonian .,5,1,1,0.054353748,1,Kino
Show me the new showings for animated movies in the neighborhood,6,5,1,0.61367893,1,Kino
find a movie theatre with Rogues and Romance that is nearest,6,1,1,0.00018921244,1,Kino
what movie is playing at Showcase Cinemas,6,3,1,0.00076230254,1,Kino
need a table somewhere in McLaurin Connecticut,1,1,0,0.00013079253,1,Kino
Find The Path to Power .,5,5,1,0.58694965,1,Kino
Show me the Only the Strong Survive photograph,5,2,1,0.015479466,1,Kino
Find the movie schedule for B&B Theatres .,6,1,1,0.0022174171,1,Kino
find Three in the Attic,6,1,1,0.00040332353,1,Kino
add 9th Inning to my bossa nova dinner playlist,0,0,0,0.0001354725,1,Kino
Look up The Brave Archer 2,5,3,1,0.00031699517,1,Kino
what's the closest movie theatre that is playing films,6,1,1,0.0008114224,1,Kino
Rate Phoenix The Fall & Rise of Videogames one points out of 6,4,4,0,0.00014604471,1,Kino
Find saga Hamilton C shell,5,2,1,0.0046113282,1,Kino
Look for the Learning & Behavior picture,5,5,1,0.9900047,1,Kino
find The Flying Scotsman,5,3,1,0.0008389151,1,Kino
Can i get the showtimes for Man in Blues ?,6,1,1,0.001052514,1,Kino
Rate The Slap five of 6,4,4,0,0.00014141352,1,Kino
Get me the Procession of Ants TV show .,5,3,1,0.0021782164,1,Kino
When is His English Wife showing at the Neighborhood Cinema Group ?,6,2,1,0.0010644222,1,Kino
Is Hollows Grove playing at any movie theatre at ten pm ?,6,2,1,0.0010290502,1,Kino
What films are playing at the nearest movie theatre,6,3,1,0.0021723693,1,Kino
Rate this essay four out of 6,4,4,0,0.00014892578,1,Kino
Are any films play at the Santikos Theatres,6,3,1,0.00031593733,1,Kino
Search for Ayumi Hamasaki Countdown Live 2007–2008 Anniversary song,5,3,1,0.00014757458,1,Kino
Where can I listen to the soundtrack of Gibraltar Britain in the Sun,5,3,1,9.540708e-05,1,Kino
Give me an album from 1972 to listen to.,3,3,0,0.0001032584,1,Kino
Find the schedule for Chronicle of My Mother at the nearest cinema in 1 minute and 8 seconds .,6,1,1,0.00037576677,1,Kino
Wish to read the novel called The Wizard of Stone Mountain,5,3,1,0.00032375735,1,Kino
find the movie schedules,6,2,1,0.0011000362,1,Kino
play Khujo eighties track song,3,3,0,0.00010107217,1,Kino
Do you know of a song by the Mande Studies Association ?,5,3,1,0.00013702888,1,Kino
Play music from 1960,3,3,0,9.892571e-05,1,Kino
show schedule for Loved by Thousands,5,2,1,0.00023076698,1,Kino
give 0 points to current series,4,4,0,0.00012688336,1,Kino
find The World Is Ours at a movie theatre,6,1,1,0.00027297242,1,Kino
Play 2004 Guy Sebastian on Itunes,3,3,0,9.597564e-05,1,Kino
What time is See Grace Fly playing at Cineplex Odeon Corporation,6,3,1,0.0002268547,1,Kino
What time is film showing at Southern Theatres,6,2,1,0.0001383676,1,Kino
play Latin Dinner,3,3,0,9.863615e-05,1,Kino
"Book a food truck that serves tarte for tanisha, lorena and juliana .",1,1,0,0.00022743233,1,Kino
show movie schedule in MJR Theatres,6,2,1,0.0002757884,1,Kino
what is the twenty one o'clock forecast for the current spot,2,2,0,0.00010448059,1,Kino
I want to add Kiara to my Digster Future Hits playlist,0,0,0,0.00013156106,1,Kino
What is the local movie times,6,2,1,0.00026930825,1,Kino
Find me the soundtrack Live at the Greek Theatre,5,3,1,0.00015667577,1,Kino
What movies are playing in the neighborhood,6,2,1,0.0015514162,1,Kino
The book the Gardens of the Moon deserves only 1 stars .,4,4,0,0.00014392065,1,Kino
Show me the photograph Rock You Baby,5,0,1,0.0018770123,1,Kino
I give The Thibaults a 1 .,4,4,0,0.0001400389,1,Kino
Where can I find the movie The National Law Review,5,3,1,0.0003877826,1,Kino
Reserve a place to eat on march fifteenth in China within the same area .,1,1,0,0.00017453184,1,Kino
Book a restaurant in Botswana for seven people.,1,1,0,0.00020168815,1,Kino
Play The News Virginian song,5,3,1,0.00010960727,1,Kino
Get me a reservation for two at a restaurant which serves burger .,1,1,0,0.00018099483,1,Kino
What is the weather forecast in Spaulding Morocco,2,2,0,0.0001251731,1,Kino
movie schedules at Southern Theatres,6,2,1,0.0010969825,1,Kino
find movie times,6,3,1,0.0023896059,1,Kino
find a video game called The Yellow Claw,5,3,1,0.00036808065,1,Kino
please put this tune on the irish folk – jigs & reels playlist,0,0,0,0.00013066352,1,Kino
Can you give me a forecast for weather at night in my current position,2,2,0,0.000117016265,1,Kino
I'd like to see showings for All the Way Home at Kerasotes Theatres .,6,1,1,0.0003863587,1,Kino
Which movies are playing at the closest cinema ?,6,3,1,0.0016064525,1,Kino
book a food truck for greek food for 7,1,1,0,0.00022282879,1,Kino
I'd like to see the show Migration,5,3,1,0.000799264,1,Kino
Rate this album two out of 6 stars,4,4,0,0.00015082752,1,Kino
Play The Great Adventures of Slick Rick game,5,3,1,0.00011599236,1,Kino
Can you search City of Scars ?,5,2,1,0.0016105772,1,Kino
"What is the midday weather forecast for Chalkyitsik , Palestine",2,2,0,0.000117589865,1,Kino
What's the weather forecast for 8 hours from now in Cape Verde ?,2,2,0,0.000118396834,1,Kino
add nico to my rock to work,0,0,0,0.00012346925,1,Kino
show The Taste,5,4,1,0.2372758,1,Kino
TV series for The Thirty Nine Steps ?,5,3,1,0.0003092367,1,Kino
Put Kim Kibum in my the martin garrix show playlist.,0,0,0,0.00018033545,1,Kino
"I'm craving mac and cheese . Book a table at a Portland Mills , KS restaurant . I need it for one second from now",1,1,0,0.00014955674,1,Kino
What will the weather be in Bernie ID ?,2,2,0,0.000114754585,1,Kino
Please search the Ironbound picture .,5,3,1,0.018533949,1,Kino
Find me the Extreme Ghostbusters game .,5,3,1,0.00082385325,1,Kino
Look up the game called The Long Morrow,5,3,1,0.0005045881,1,Kino
Will it be overcast in Luxembourg in fourteen seconds,2,2,0,0.00012179633,1,Kino
What's on the movie schedules at Amco Entertainment ?,6,2,1,0.00014623844,1,Kino
book in OH in Gurabo for velma and gloria,1,1,0,0.0001406481,1,Kino
Is Arthur 2 – On the Rocks playing at 2044 ?,6,3,1,0.00033103267,1,Kino
Please search the Songs for the Deaf video game .,5,0,1,0.0011253766,1,Kino
add Troy Andrews to my pop punk powerhouses,0,0,0,0.00012714155,1,Kino
Find me an album called Rejoicing with the Light,5,0,1,0.0012799619,1,Kino
book a restaurant for 4 by shawn's work close by,1,1,0,0.00018063896,1,Kino
need a table for nine in East Prairie LA,1,1,0,0.00019818994,1,Kino
I'd like to put Ryō Yamazaki onto my sylvia plath playlist.,0,0,0,0.00016891415,1,Kino
Find a TV show called The Ambient Collection .,5,3,1,0.00038260693,1,Kino
My rating for The Eiffel Tower and Other Mythologies is 0 out of 6 stars,4,4,0,0.00014336043,1,Kino
What will the weather be like in three weeks faraway in Sompio Strict Nature Reserve,2,2,0,0.00011713207,1,Kino
what time is The Eddy Duchin Story playing,6,3,1,0.0010982325,1,Kino
I would like to see a schedule for movies at the nearest movie house .,6,1,1,0.00020645477,1,Kino
Look up Three Fantastic Dances,5,3,1,0.0005604469,1,Kino
find movies at Amco Entertainment starting in 8 seconds from now,6,1,1,0.00020299641,1,Kino
Show the movie schedules in the neighborhood,6,2,1,0.00017086946,1,Kino
I'd like to see the game called God Is in the T.V.,5,3,1,0.0004193514,1,Kino
I'd like a table at a restaurant in KS in 5 hours from now,1,1,0,0.00014175975,1,Kino
When will the Blonde Ambition be playing,6,3,1,0.00086378603,1,Kino
I need a photograph of The Oregon Desert,5,2,1,0.00039229175,1,Kino
Add Fair Charlotte to the We Everywhere playlist.,0,0,0,0.00013640091,1,Kino
add apathy to my electro sur playlist,0,0,0,0.0001315615,1,Kino
Find me showtimes for animated movies in the neighbourhood .,6,1,1,0.00022012413,1,Kino
play Pandora Christian Gangsta Rap,3,3,0,9.393479e-05,1,Kino
can you add xanadu to Latin Alternative Music,0,0,0,0.00012826202,1,Kino
Find the schedule for To Shoot an Elephant at the nearest movie theatre .,6,1,1,0.00036298545,1,Kino
Book a food truck that is highly rated in Honduras,1,1,0,0.00015857739,1,Kino
Show me the picture Gas Wars,5,5,1,0.94819635,1,Kino
play the 2014 album from la lupe,3,3,0,9.3935785e-05,1,Kino
search for the song Banquet for the Damned,5,3,1,0.00017263771,1,Kino
find the TV show When I Was a Boy,5,3,1,0.00016961544,1,Kino
What films are playing now at the closest movie house ?,6,3,1,0.0016621433,1,Kino
Find the movie schedule for animated movies close by .,6,2,1,0.0014434819,1,Kino
find Santikos Theatres showing animated movies,6,3,1,0.002038946,1,Kino
Show me the films close by and the movie times for today.,6,2,1,0.00035502817,1,Kino
Is Gods of Metal playing,6,3,1,0.00012046009,1,Kino
find the album Until the Whole World Hears,5,3,1,0.00053668075,1,Kino
add john brown to my Dinnertime Acoustics,0,0,0,0.00011275109,1,Kino
play any sixties song,3,3,0,0.00010067899,1,Kino
I'd like to see the saga Song of the Saurials,5,3,1,0.00013696076,1,Kino
add this Michael V track to my Folk & Americana,0,0,0,0.00011100148,1,Kino
I'd like to eat at a restaurant far from Grantsburg,1,1,0,0.00013442524,1,Kino
Give me the schedule for Getting There Sweet 16 and Licensed to Drive,6,2,1,0.0004508108,1,Kino
What is the movie schedule at Douglas Theatre Company,6,2,1,0.00016964696,1,Kino
Is it forecast to be chilly in Iowa ?,2,2,0,0.00012311152,1,Kino
show me the schedule of movie Shadow of a Woman,6,2,1,0.0002502575,1,Kino
What is the weather doing in South Carolina right now ?,2,2,0,0.00011375009,1,Kino
Find the game BlogBridge,5,3,1,0.002074568,1,Kino
What animated movies are playing nearby ?,6,3,1,0.0010682145,1,Kino
I gave Chart Throb 4 of 6 stars,4,4,0,0.00013976556,1,Kino
Where is The Wilderness Trail playing,6,2,1,0.0002436936,1,Kino
Find me the Young Doctors in Love TV show,5,3,1,0.00016116562,1,Kino
Play the latest music by Martin Luther Mccoy,3,3,0,8.928396e-05,1,Kino
Where can I watch the picture I’ll Take Care of You ?,5,3,1,0.00013242709,1,Kino
what is the Coulee City MT forecast,2,2,0,0.0001307827,1,Kino
Rate the current chronicle 0 out 6 stars,4,4,0,0.00014791107,1,Kino
show me Convicted,5,5,1,0.552073,1,Kino
I want to find an oyster bar with tetrazzini for 9 people,1,1,0,0.00022697913,1,Kino
show me the schedule for Rat Rod Rockers !,6,2,1,0.0063068075,1,Kino
When is Scaramouche playing?,6,3,1,0.00020055554,1,Kino
find the Carrousel saga,5,3,1,0.0005882261,1,Kino
what is the weather like now in AK,2,2,0,0.0001219165,1,Kino
find a novel called Chemistry - An European Journal,5,1,1,0.029000927,1,Kino
When is Just Before Nightfall playing?,6,3,1,0.0014749409,1,Kino
give four out of 6 stars for this chronicle,4,4,0,0.00014950839,1,Kino
Find the movie schedules for nearby movies .,6,2,1,0.004156925,1,Kino
Where is the nearest cinema showing horror films today?,6,1,1,0.00036339616,1,Kino
play the What I Need to Do soundtrack,5,3,1,0.000110359244,1,Kino
Find the movie schedule in the area .,6,2,1,0.0007112829,1,Kino
Find me the JQuery Mobile TV show,5,3,1,0.0004076138,1,Kino
Find me An Echo in the Darkness,5,3,1,0.004592549,1,Kino
rate this series chronicle 0 points,4,4,0,0.0001305282,1,Kino
Add dave bickler to my all out 90s playlist,0,0,0,0.00012939532,1,Kino
what is the movie schedule for the Cooper Foundation,6,2,1,0.00017696145,1,Kino
Give this album three / 6 points,4,4,0,0.00014058653,1,Kino
Is The Belles of St. Clements playing at Star Theatres in 8 minutes ?,6,2,1,0.0002991846,1,Kino
I'd like to play the album Clarke,5,3,1,9.999278e-05,1,Kino
play them by Guy-manuel De Homem-christo,3,3,0,0.00010326734,1,Kino
I want to see Breathless,5,2,1,0.0014087477,1,Kino
What are the movie times for the Caribbean Cinemas ?,6,2,1,0.0001895687,1,Kino
What films are playing at Great Escape Theatres,6,3,1,0.0011447635,1,Kino
Play some eighties movement music,3,3,0,9.541553e-05,1,Kino
I want to book Coney I-Lander for 10 people.,1,1,0,0.00023477574,1,Kino
Listen to Dragon Ball Music Collection,5,3,1,9.0865884e-05,1,Kino
When is Blood and Ice Cream-trilogie playing at the nearest movie theatre ?,6,3,1,0.0016535609,1,Kino
Play shadowplay by Dana on Deezer .,3,3,0,0.00010602762,1,Kino
movie schedules for animated movies playing in the neighbourhood,6,3,1,0.0027166835,1,Kino
Can I hear the song Visual Audio Sensory Theater ?,5,3,1,0.00013731972,1,Kino
add this artist to my the road to punk rock playlist,0,0,0,0.00013091999,1,Kino
What movie theatre has A Matter of Wife... And Death,6,0,1,0.05133963,1,Kino
I want to see the movie schedules for animated movies around here .,6,2,1,0.12907305,1,Kino
show movies in United Paramount Theatres,6,1,1,0.0027599474,1,Kino
holly and brittany need a reservation for a sardinian tea house close by CO,1,1,0,0.00017320352,1,Kino
I'd like to watch The Details at the cinema,6,3,1,0.0007202973,1,Kino
Show Acta Mathematicae Applicatae Sinica TV show,5,3,1,0.00048399827,1,Kino
What's the weather in Singapore,2,2,0,0.00011286329,1,Kino
Please get me the Compulsive Disclosure song .,5,3,1,0.0009180638,1,Kino
Where can I see The Prime Ministers The Pioneers,6,2,1,0.0033876759,1,Kino
"find Waiting for Touchdown , a book",5,3,1,0.0009581722,1,Kino
Look up the Rock the Blind photograph,5,3,1,0.00057097647,1,Kino
Tell me what movies are playing in the neighborhood,6,3,1,0.003334373,1,Kino
show me NeuroToxicology,5,5,1,0.99073946,1,Kino
add Joe Gibbs to my The Bachelor Party playlist,0,0,0,0.00012468225,1,Kino
Can you find the creative works associated with Caryl & Marilyn Real Friends,5,0,1,0.0060023763,1,Kino
Where and when is Unleashed – Entfesselt playing,6,3,1,0.0001343095,1,Kino
what animated movies are at the nearest cinema,6,1,1,0.0007734172,1,Kino
Book a restaurant with a spa in Connecticut,1,1,0,0.0001334553,1,Kino
Add Shangri-La to the African Heat playlist.,0,0,0,0.00015993051,1,Kino
What Can I watch watch the television show Catch,5,3,1,0.00012736536,1,Kino
What is the temperature at Eifel National Park,2,2,0,0.00012239354,1,Kino
find movie schedules for AMC Theaters,6,1,1,0.00019549075,1,Kino
Find me the novel of A Dictionary of Slang and Unconventional English,5,5,1,0.99120176,1,Kino
search for Space on My Hands,5,2,1,0.025018165,1,Kino
play fifties track music,3,3,0,9.6539996e-05,1,Kino
Show me Cut the Rope video game,5,3,1,0.0003529556,1,Kino
Please search for Switched .,5,3,1,0.29434544,1,Kino
Find me the book The Van Dyke Show,5,3,1,0.0073634265,1,Kino
Please look up the Johnny English - La rinascita painting .,5,3,1,0.000143054,1,Kino
Show me the movie Operetta for the Theatre Organ,5,3,1,0.0025126478,1,Kino
SHOW movie schedule,6,2,1,0.00021868883,1,Kino
Play the Electrochemical and Solid State Letters song,5,3,1,0.00012826806,1,Kino
Play the red room sessions from chris cunningham,3,3,0,9.882907e-05,1,Kino
susanne and carey phillips want to go to a brasserie not far from Pricedale that serves southern brazilian,1,1,0,0.0001762285,1,Kino
Can i get the movie schedule for eleven hours from now ?,6,2,1,0.0006751599,1,Kino
find The Flying Ace,6,3,1,0.0037185843,1,Kino
I want to play the game The Carny,5,3,1,0.00012813864,1,Kino
What animated movies are playing at the Douglas Theatre Company,6,3,1,0.00016706364,1,Kino
Find the schedule for Central Airport at the closest movie theatre .,6,1,1,0.0005255623,1,Kino
Give me a list of films at AMC Theatres,6,1,1,0.0016902967,1,Kino
"book a table at an oyster bar that serves apple butter on Jul. 10th, 2028",1,1,0,0.00018910423,1,Kino
I need a table booking for a highly rated sardinian pub .,1,1,0,0.00018746007,1,Kino
Rate my current novel 3 out of 6,4,4,0,0.0001429411,1,Kino
I'd like to watch Nathan the Wise at the closest movie house,6,3,1,0.0014333852,1,Kino
I'd like to see Level Headed,5,2,1,0.002527772,1,Kino
"What's the forecast for Francisco , Netherlands Antilles around eleven pm ?",2,2,0,0.00011341636,1,Kino
Add radhae unakku kobam aagathadi to my Women of Metal playlist,0,0,0,0.00013143226,1,Kino
add Hot House to Have You Met Miss Jones,0,0,0,0.000115422285,1,Kino
Can i get the movie schedule for films nearby .,6,2,1,0.00079235533,1,Kino
Find me the novel London Has Fallen,5,3,1,0.003820689,1,Kino
Book a restaurant in Gate City for 5 people.,1,1,0,0.0001949228,1,Kino
add farruko presenta los menores to my amor amor playlist,0,0,0,0.00013028238,1,Kino
"Will it be even hotter 2 years from now in El Jebel , Niger",2,2,0,0.00011014114,1,Kino
Please give me the movie schedules .,6,2,1,0.00021447256,1,Kino
Can I watch The Sound of War in thirteen minutes at the nearest cinema,6,3,1,0.00016046286,1,Kino
search for The Adventure of the Blue Carbuncle,5,3,1,0.0035516128,1,Kino
What movies are in the area,6,2,1,0.00032076729,1,Kino
Show me the schedule for ArcLight Hollywood for animated movies,6,2,1,0.0012193661,1,Kino
Add this tune to the Duetos playlist,0,0,0,0.00011508604,1,Kino
Find the movie schedules at the Neighborhood Cinema Group,6,1,1,0.00022762765,1,Kino
Find Half Cut Tea .,5,1,1,0.00087852846,1,Kino
Is it going to hail in Mount San Jacinto State Park,2,2,0,0.000111329915,1,Kino
Rate the current textbook 4 of 6,4,4,0,0.00014647353,1,Kino
add Vicky Leandros to my piano ballads playlist,0,0,0,0.00012419611,1,Kino
When is Purple Heart scheduled at the nearest movie house ?,6,1,1,0.00076281,1,Kino
Incorporate time warp into my fairy tales playlist.,0,0,0,0.00017326005,1,Kino
show movie times,6,2,1,0.00028402757,1,Kino
I'd like to see the book City University of Hong Kong Law Review,5,3,1,0.011619403,1,Kino
what movie theatre is showing Titanic The Legend Goes On,6,3,1,0.0009943275,1,Kino
show creativity of Adobe AIR,5,5,1,0.9119395,1,Kino
find a painting called Mister Whiskers My Favourite Nursery Rhymes,5,3,1,0.00015126832,1,Kino
Book a bakery with smoking room for nine in Niger .,1,1,0,0.00020993299,1,Kino
Please find me the Magic Hour saga .,5,2,1,0.046657607,1,Kino
SHow me the nearest movie house showing Moron 5 and the Crying Lady,6,1,1,0.0006277226,1,Kino
painting of Live from the El Rey Theatre,5,3,1,0.00011962957,1,Kino
find The Colour of the Chameleon,6,2,1,0.004104391,1,Kino
show me the schedule of Letters from a Porcupine in Alamo Drafthouse Cinema,6,2,1,0.0023911218,1,Kino
show creative work or Miami Vice Theme,5,3,1,0.0023421268,1,Kino
I want to listen to the soundtrack Bed of Roses,5,3,1,8.884716e-05,1,Kino
Where is Shake Your Powder Puff playing,6,3,1,0.00012105951,1,Kino
What will the weather by close by the current position at 020230 ?,2,2,0,0.00012132316,1,Kino
show creativity of All for One,5,4,1,0.004772229,1,Kino
give 1 out of 6 stars to current book,4,4,0,0.0001521599,1,Kino
Is there a storm now in NC ?,2,2,0,0.00011667272,1,Kino
find a movie house showing Cage Without a Key,6,1,1,0.00030646144,1,Kino
What films can I see at Malco Theatres ?,6,2,1,0.0053044762,1,Kino
What films are at National Amusements,6,2,1,0.0006330022,1,Kino
Play the most popular song by espen lind,3,3,0,9.635083e-05,1,Kino
Which films are playing close by ?,6,3,1,0.0009726632,1,Kino
I need to know what theatre is playing A Happy Coersion,6,3,1,0.0010626398,1,Kino
Add ricky nelson to my Classical X playist,0,0,0,0.00012084641,1,Kino
What time can I watch Son of Rambow Tonight at Fox Theatres,6,3,1,0.00022614014,1,Kino
What time is the Wanda Group playing The Honor of an Outlaw,6,3,1,0.0002489452,1,Kino
play classic rock on Slacker,3,3,0,9.815526e-05,1,Kino
find Mash Confusion,5,3,1,0.015177199,1,Kino
Show me the picture Batman The Long Halloween,5,3,1,0.03682909,1,Kino
Look for the TV series The Stars at Saint Andrea,5,2,1,0.0018495341,1,Kino
Rate The Vanishing Thieves 4 out of 6,4,4,0,0.0001481999,1,Kino
What movie times are there at ArcLight Hollywood,6,2,1,0.00012201054,1,Kino
Is Without Witness playing twenty two hours from now,6,3,1,9.93879e-05,1,Kino
Please get me the work Shirley aviatrice .,5,3,1,0.0065645264,1,Kino
play the song Evocation I – The Arcane Dominion,5,3,1,0.000105510066,1,Kino
Find a video game called Young .,5,3,1,0.00021342163,1,Kino
"I'd like a reservation at a place in Iran for neva, alice and maggie parker .",1,1,0,0.0002018866,1,Kino
put this tune playing into my La Mejor Música Dance 2017 playlist,0,0,0,0.00013130326,1,Kino
Get me a picture about Sardonic Wrath,5,0,1,0.26291072,1,Kino
Play Shaina Magdayao 's music on Iheart,3,3,0,9.211823e-05,1,Kino
Can you find the painting The Crow Original Motion Picture Soundtrack,5,3,1,0.00056636264,1,Kino
add this song by deron miller to my party on fridays playlist,0,0,0,0.00012480197,1,Kino
add this album to Digster Future Hits,0,0,0,0.00011497472,1,Kino
in the neighbourhood find a movie schedule for animated movies,6,1,1,0.00030850558,1,Kino
find the picture Their Finest Hour,5,0,1,0.0039305487,1,Kino
What are the movie times,6,2,1,0.00023947116,1,Kino
I want to see the TV show Cause & Effect,5,3,1,0.00010804458,1,Kino
How to buy picture of Agent Hamilton But Not If It Concerns Your Daughter,5,1,1,0.15414368,1,Kino
Can you find the soundtrack for Fast Food Nation,5,3,1,0.00012821198,1,Kino
Is Black & White The Dawn of Justice playing at the movie theatre ?,6,3,1,0.0013614366,1,Kino
Hook me up with a song by Dancing Girl .,5,3,1,0.00012634219,1,Kino
Can a I get the movie schedule for Sympathy for the Devil,6,2,1,0.0010142575,1,Kino
what's the movie schedule at National Amusements,6,2,1,0.00016488694,1,Kino
find the They Came from Somewhere Else saga,5,3,1,0.0014937943,1,Kino
I'm looking for Paris Match,5,2,1,0.00072163646,1,Kino
Where can I find the album The Adventures of Lolo II,5,3,1,0.0005429546,1,Kino
What time are movies showing at Megaplex Theatres,6,2,1,0.00019606091,1,Kino
Rate The Longest Day with zero stars out of 6 .,4,4,0,0.00013990268,1,Kino
"find Do You Wanna Touch Me , a song",5,3,1,0.0001056532,1,Kino
Where is the closest movie theatre playing Mighty Baby now,6,3,1,0.000586433,1,Kino
give 5 points to current novel,4,4,0,0.0001384072,1,Kino
Find the movie schedules for animated movies nearby at 0944 am .,6,1,1,0.0009401369,1,Kino
rate Neverwhere four out of 6,4,4,0,0.00014462612,1,Kino
show movie times,6,2,1,0.00028402757,1,Kino
Show me a photograph called The Daily Slovak News,5,2,1,0.027802398,1,Kino
What is the movie schedules at for Douglas Theatre Company at 0 p.m. ?,6,2,1,0.00023485206,1,Kino
What are the movie times for films playing nearby,6,2,1,0.00020501151,1,Kino
I want to watch the trailer Ad Nauseam,5,3,1,8.961729e-05,1,Kino
I'm looking for a movie schedule at the Cooper Foundation .,6,1,1,0.0002777169,1,Kino
Please search for the Puppet on a String video game .,5,3,1,0.00041088095,1,Kino
Put this artist in Pachangueo Total,0,0,0,0.00012989902,1,Kino
Find a reservation at a restaurant that serves gougère in Laneville with a party of nine,1,1,0,0.00017976093,1,Kino
What are the morning movie schedules for movies in the neighborhood ?,6,2,1,0.0001615657,1,Kino
Play Is This My World ? by Leo Arnaud,3,3,0,0.00010885673,1,Kino
"book for six on jan. 18, 2029",1,1,0,0.00016851448,1,Kino
where do I see the trailer for Live Dates,5,1,1,0.0026021113,1,Kino
Look for the album called The Tale of Mr. Jeremy Fisher,5,0,1,0.00087930716,1,Kino
List all the movies playing in the area now .,6,3,1,0.0009742406,1,Kino
I'm looking for the Pokémon The Movie 2000 TV show,5,3,1,0.0022679565,1,Kino
Find the song titled The Rivalry Red v. Blue,5,3,1,0.00057414325,1,Kino
what is the Afternoon forecast for Shannon and Pitcairn Islands,2,2,0,0.000109818866,1,Kino
Tell me the films playing at the closest movie house to me,6,3,1,0.0005896227,1,Kino
Give me the weather forecast for Somiedo Natural Park,2,2,0,0.00012215356,1,Kino
Play some fifties music by Chris Brown .,3,3,0,9.8347555e-05,1,Kino
find Plitt Theatres movie schedules,6,2,1,0.002222943,1,Kino
Restaurant near in town uses in two years,1,1,0,0.00015763643,1,Kino
Is Redacted playing at the closest cinema ?,6,3,1,0.00012066873,1,Kino
Show the movie times,6,2,1,0.0020358423,1,Kino
I'd like to see the television show Best-Of Design of a Decade 2003–2013,5,3,1,0.0003106682,1,Kino
Can you find me The Ridiculous 6 book ?,5,1,1,0.005530948,1,Kino
Will it still be warm nineteen hours from now in PA,2,2,0,0.00012227336,1,Kino
Please check whether any animated movies will be running in the area around 043415 PM .,6,2,1,0.00017263486,1,Kino
show me the schedule of films in the neighbourhood,6,2,1,0.00017956631,1,Kino
Find the schedule for for The Day of the Jackal at Pacific Theatres .,6,2,1,0.0014731028,1,Kino
Show me the song Spiderman of the Rings,5,3,1,0.00043959552,1,Kino
I want to listen to the album Magical Girl Lyrical Nanoha StrikerS,5,3,1,9.4391944e-05,1,Kino
give Private Games 3 stars out of 6,4,4,0,0.0001446254,1,Kino
find a television show called I Got a Bag of My Own,5,3,1,0.00079326605,1,Kino
"find Old School Junkies The Album , a video game",5,3,1,0.0001358382,1,Kino
can I get the movie times,6,2,1,0.00019511033,1,Kino
Will it be hot during Winter ?,2,2,0,0.00012419783,1,Kino
I'd like to play the song In a Reverie,5,3,1,0.00042009342,1,Kino
Can I hear the song American High .,5,3,1,0.00010529451,1,Kino
"When is Fine, Totally Fine playing?",6,3,1,0.0004208974,1,Kino
I want to book Tupelo Honey Cafe in New Jersey for five people.,1,1,0,0.00021428097,1,Kino
in 1 hour and 1 minute find a cinema nearest for films,6,1,1,0.00020540076,1,Kino
find a TV show called Ride the Wind,5,3,1,0.00047221791,1,Kino
Book a restaurant at Tennessee,1,1,0,0.00012705468,1,Kino
rate the current book 5 of 6 points,4,4,0,0.00015245765,1,Kino
What is the movie schedule for the North American Cinemas,6,2,1,0.00020688839,1,Kino
What time is The Face in the Moonlight showing?,6,2,1,0.0001300246,1,Kino
is Transcending Fear at Malco Theatres,6,0,1,0.0059810323,1,Kino
Find the Labyrinthe game,5,3,1,0.0014836094,1,Kino
What are the movie times at Landmark Theatres,6,2,1,0.00021970554,1,Kino
add this song by torch to my Sing Along playlist,0,0,0,0.00012529231,1,Kino
Look up Applied Linguistics,5,5,1,0.53609157,1,Kino
I'd like to hear the song In a Reverie,5,3,1,0.0006580008,1,Kino
find Noon movie times at IMAX Corporation,6,1,1,0.0028291205,1,Kino
I want a photograph of Elizabeth the Queen,5,2,1,0.0090352995,1,Kino
Find me a table for me and my grandkid in Union Square Cafe,1,1,0,0.00015941281,1,Kino
Go to the TV series Love Berry,5,3,1,9.234811e-05,1,Kino
Please get me the AiON show .,5,3,1,0.04241848,1,Kino
Add The Stars and Stripes Forever to the soulful disco playlist.,0,0,0,0.00014073018,1,Kino
is The Nightmare showing six hours from now at the nearest cinema .,6,2,1,0.00030273673,1,Kino
Show me the movie times for animated movies that are in theaters close by,6,2,1,0.007538679,1,Kino
What time is G-Men vs The Black Dragon playing at Harkins Theatres,6,2,1,0.001064205,1,Kino
Show me the photograph called Hola Mary Lou Prom Night II .,5,0,1,0.08736047,1,Kino
"Can you please look up the TV series , An Experiment with Time ?",5,3,1,0.00019110998,1,Kino
help me find the book called Journal of Neuroscience Research,5,5,1,0.9917768,1,Kino
Find the picture of The Harsh Light of Day,5,2,1,0.00067010097,1,Kino
"What are the weather conditions going to be like in Manhasset , Vermont on Dec. the 6th, 2036 ?",2,2,0,0.000114084374,1,Kino
"I want to book a bar in Bow Mar , New Mexico",1,1,0,0.00017239885,1,Kino
What movies will be showing around here ?,6,2,1,0.0001549626,1,Kino
find the show Trancers,5,3,1,0.00015097483,1,Kino
Start up my Independent Music Monday playlist.,3,3,0,0.0001005786,1,Kino
Search for To Heart 2,5,3,1,0.0011817347,1,Kino
is it chillier at Narew National Park,2,2,0,0.000118742435,1,Kino
What time will Where the Breakers Roar be playing?,6,2,1,0.00012672454,1,Kino
What movie schedules at Consolidated Theatres,6,2,1,0.00018238179,1,Kino
add stephanie mcintosh to I Love My 90s Hip Hop my playlist,0,0,0,0.00011781622,1,Kino
Add the album to my Perfect Concentration playlist.,0,0,0,0.00013481115,1,Kino
Buy novel Brokeback Mountain,5,3,1,0.00086061325,1,Kino
Where Can I watch Chaos and Desire ?,6,3,1,0.0001333229,1,Kino
"Is there an expected blizzard in Brook , Tennessee today ?",2,2,0,0.0001118759,1,Kino
find the movie Yoshimi Battles the Hip-Hop Robots,5,3,1,0.00039193538,1,Kino
what films are on the movie schedule around here,6,2,1,0.00012673654,1,Kino
Play the Late Night Jazz soundtrack on Zvooq .,3,3,0,0.000103571816,1,Kino
Show the TV series The Merry Sisters of Fate .,5,3,1,0.00048730624,1,Kino
Show me the song The Incredible Hulk Returns,5,3,1,0.0003217787,1,Kino
Search for Informix Wingz,5,3,1,0.00684688,1,Kino
What is the movie schedule at Dipson Theatres,6,2,1,0.00015056343,1,Kino
what's the nearest cinema showing The Death of Stalinism in Bohemia 1 second from now,6,1,1,0.0011789021,1,Kino
what movies are showing nearby,6,2,1,0.000176078,1,Kino
find a soundtrack called Pax Warrior,5,3,1,0.00011128864,1,Kino
Find the movies and movie times in the neighbourhood,6,1,1,0.000198652,1,Kino
Play music by Paul Mccartney,3,3,0,9.882784e-05,1,Kino
Find the schedule for Vanishing of the Bees at a movie house .,6,1,1,0.00046458154,1,Kino
is Young Policemen In Love at the local movie theatre,6,1,1,0.0027068048,1,Kino
what time is Dark World showing at Consolidated Theatres,6,2,1,0.00015372253,1,Kino
find Endless Horizons,6,3,1,0.0055634105,1,Kino
Find the schedule for Wenn Lucy springt now at a movie theatre .,6,1,1,0.00020101108,1,Kino
Play me a trailer for The North-West Passage,5,3,1,0.00014685845,1,Kino
What time is The Secretary playing at the movie theatre ?,6,2,1,0.00040371277,1,Kino
I need a painting called Brubeck Plays Brubeck,5,3,1,0.00017527034,1,Kino
What are the movie times for films nearby ?,6,2,1,0.00021610566,1,Kino
show me the schedule of movie The Great Gildersleeve near movie house,6,1,1,0.0007395916,1,Kino
what's the nearest movie house showing films,6,1,1,0.00031154137,1,Kino
Add this track to my lo que suena new york playlist,0,0,0,0.00013259269,1,Kino
Show the times for Cheers for Miss Bishop at Dipson Theatres .,6,2,1,0.0015958826,1,Kino
find Set the Thames on Fire for seventeen,6,1,1,0.0005417991,1,Kino
I want to add a tune by Damon Johnson to my frescura indie playlist,0,0,0,0.00012238852,1,Kino
Please provide me with movie schedules .,6,2,1,0.011635544,1,Kino
what kind of films are at the closest movie house,6,1,1,0.00047988573,1,Kino
What movies are scheduled at the nearest movie theatre ?,6,1,1,0.00029795215,1,Kino
I want to watch The Original Recordings,5,3,1,8.980171e-05,1,Kino
"Book a table at the Eighth Step Coffee House that isn't too far from Vineyard Haven for candace phillips, debbie and sondra",1,1,0,0.00019058853,1,Kino
play music using Groove Shark,3,3,0,0.00011759141,1,Kino
find Becoming Royston,5,0,1,0.0024072893,1,Kino
show creative Devils to Some,5,5,1,0.8909715,1,Kino
Fine movie schedules for Speakeasy Theaters .,6,1,1,0.00041196885,1,Kino
What time is Pussyfoot playing at Pacific Theatres ?,6,2,1,0.00037997108,1,Kino
What are the movie schedules for the Loews Cineplex,6,2,1,0.00015405253,1,Kino
I need seats for five at a place five and a half months from now,1,1,0,0.00019435836,1,Kino
Find me the movie schedules at Fox Theatres,6,2,1,0.0002003784,1,Kino
show video game name Find the Colour,5,3,1,0.0060166577,1,Kino
Find a video game called Peaches discography .,5,3,1,0.00024711224,1,Kino
I gave the current album two stars,4,4,0,0.0001329744,1,Kino
Add nitti to my family favorites playlist,0,0,0,0.00012701676,1,Kino
Find Returned to Your Mind .,5,3,1,0.011708687,1,Kino
I am looking for the work Nikki,5,2,1,0.005327638,1,Kino
show Andy Williams Sings Steve Allen TV show,5,3,1,9.9674144e-05,1,Kino
Add Madman to Trap Land playlist,0,0,0,0.00013104889,1,Kino
Locate the Koi to Senkyo to Chocolate television show,5,0,1,0.00033209185,1,Kino
I want to play the video game Miss Castaway And The Island Girls,5,3,1,0.00011667314,1,Kino
Show The Information A History picture,5,5,1,0.7515297,1,Kino
Can you pull up My Name Is Brain Brian,5,3,1,0.00011610102,1,Kino
I want to see Dead Calm at the closest cinema,6,2,1,0.00043730225,1,Kino
show creativity of The Oxford Companion to Beer TV show,5,5,1,0.9688204,1,Kino
Play the latest ep from Lobby Loyde on Netflix,3,3,0,8.9633926e-05,1,Kino
Find the Endangered Species song,5,3,1,0.00055563473,1,Kino
Find me the showtimes for Until Death at the nearest movie house .,6,1,1,0.00020162688,1,Kino
add fabrice morvan to Folk for Kids,0,0,0,0.000117127296,1,Kino
find a TV show called The Fighting Men,5,3,1,0.0009105917,1,Kino
find a TV show called Perfect Chemistry,5,3,1,0.0004828571,1,Kino
Give me the showtime for Bobby Yeah playing at the cinema,6,1,1,0.0008776894,1,Kino
Can you help me find the Author! Author ! trailer ?,5,0,1,0.005123111,1,Kino
When was the album Start a Fire released?,5,2,1,0.000800054,1,Kino
A rating of four out of 6 goes to Memory in Death,4,4,0,0.00013706264,1,Kino
Add Yuna Ito to the hot rods & horror shows playlist.,0,0,0,0.00015946345,1,Kino
Play music on the playlist Urban Hits,3,3,0,0.00011981192,1,Kino
Get Jump Down painting,5,3,1,0.004963616,1,Kino
Will I Think I Do be playing at 7 PM ?,6,3,1,0.00019774568,1,Kino
Please search Cardin in Australia saga,5,1,1,0.015272927,1,Kino
When can I catch a screening of Shivers in Summer ?,6,3,1,0.00060575217,1,Kino
"find Seduced by Madness , a trailer",5,1,1,0.00092748425,1,Kino
Please add Emanuel Kiriakou to my playlist llegando a casa,0,0,0,0.00012131835,1,Kino
show song schedule Come into the World,5,3,1,0.0034529248,1,Kino
I'd like to go to a restaurant in French Polynesia,1,1,0,0.00014311624,1,Kino
"I need reservations for a party of 3 on all souls' day in Temperance , North Dakota",1,1,0,0.00015555425,1,Kino
find animated movies in the neighborhood,6,3,1,0.0018884127,1,Kino
Need the saga called the Black Lamp,5,2,1,0.007972584,1,Kino
List movies at IMAX Corporation,6,3,1,0.0030199015,1,Kino
Please search the An Introduction to Karl Marx painting .,5,5,1,0.77019775,1,Kino
Search for The Hills Have Eyes The Beginning TV show,5,3,1,0.00057693274,1,Kino
what time is The Clutching Hand playing at Amco Entertainment,6,3,1,0.00034933625,1,Kino
play Hell House song,5,3,1,9.777284e-05,1,Kino
add song by ian mcdonald to an instrumental sunday,0,0,0,0.000105916086,1,Kino
Play music off the track Child Maurice,3,3,0,0.00010087715,1,Kino
Can I get the movie times,6,2,1,0.00019511033,1,Kino
show Chocolate Rain creativity,5,2,1,0.0014031973,1,Kino
I rate the current album four of 6,4,4,0,0.00013679468,1,Kino
What Pacific Theatres are playing animated movies,6,3,1,0.00015021754,1,Kino
want to watch the TV show Treeful of Starling,5,3,1,0.0001000706,1,Kino
find Me. I Am Mariah… The Elusive Chanteuse,5,3,1,0.0007323316,1,Kino
show Get It Together on TV show,5,3,1,0.00019979152,1,Kino
What time is The Taking of Pelham 1 2 3 playing at the movie theatre,6,4,1,0.00014812649,1,Kino
I want to watch Fist of the North Star 1 minute from now,6,3,1,0.00011141253,1,Kino
Where can I find the painting RSS tracking,5,2,1,0.007617747,1,Kino
Find me the movie schedules,6,2,1,0.00036618818,1,Kino
I'd like to listen to the song The Natural Farmer,5,3,1,9.748316e-05,1,Kino
find Loved Ones for me,5,1,1,0.002353813,1,Kino
Include dschiwan gasparjan in beth's rare groove playlist.,0,0,0,0.00016678385,1,Kino
What time is Exploits of a Young Don Juan playing?,6,3,1,0.0009267833,1,Kino
Is it going to be rainy here one second from now,2,2,0,0.00013363507,1,Kino
Go to the saga The Quantum Thief,5,3,1,0.00020658795,1,Kino
Play Keep Their Heads Ringin’,5,3,1,9.365832e-05,1,Kino
I'd like to see Hannah Montana and Miley Cyrus Best of Both Worlds Concert,5,3,1,0.00013691658,1,Kino
Will it be hot at 1319 in De Funiak Springs Serbia and Montenegro ?,2,2,0,0.00012251113,1,Kino
find a picture called Cahoots,5,1,1,0.0013375286,1,Kino
Rate the current book one of 6 points,4,4,0,0.0001435009,1,Kino
find Jono and Ben,5,1,1,0.0013564649,1,Kino
Please look up the Beauty on the Fire show .,5,3,1,0.00038862767,1,Kino
add album to my classical essentials playlist,0,0,0,0.00012914315,1,Kino
rate The Pagan Christ zero points out of 6,4,4,0,0.00014747793,1,Kino
Book a restaurant in Almyra in 10 years,1,1,0,0.00046100482,1,Kino
"book a table for June the thirteenth, 2033 in Saint Barthélemy for 6 at an indoor tea house",1,1,0,0.00019021811,1,Kino
Play some Instrumental music on the service Lastfm,3,3,0,9.1848415e-05,1,Kino
Will it be warmer in five years in Slemp Kansas,2,2,0,0.0001328553,1,Kino
Where can I purchase the book Scales of Justice,5,1,1,0.0016766583,1,Kino
Please get me The Henderson Kids saga .,5,4,1,0.34466013,1,Kino
add the album by Cham to my Cloud Rap playlist,0,0,0,0.00013066416,1,Kino
Find the novel WWE Legends of WrestleMania,5,3,1,0.0027035482,1,Kino
Can I get The Marine 2 showtimes.,6,1,1,0.00017211608,1,Kino
Find a book called The Polish Bride .,5,1,1,0.0015358297,1,Kino
Show me the photograph Johnny Cash The Complete Columbia Album Collection,5,0,1,0.0005257349,1,Kino
What is the films with movie times in the area,6,2,1,0.0002028403,1,Kino
Rate The Country Blues 3 out of 6 stars,4,4,0,0.00014561747,1,Kino
is These Girls at the cinema,6,2,1,0.00029345084,1,Kino
Find movie schedules for ArcLight Hollywood .,6,1,1,0.00074165675,1,Kino
Where can I view the photograph of Johnny Cool,5,3,1,0.0038046944,1,Kino
Is it chilly in FM,2,2,0,0.0001291435,1,Kino
show creativity of Pocket Full of Kryptonite,5,3,1,0.34968263,1,Kino
Where is the creative work Seven Pillars of Wisdom ?,5,5,1,0.48023728,1,Kino
"Would like a table right now for leonor mendoza, imogene and lisa sanchez",1,1,0,0.00017876468,1,Kino
"find The Real Dirt on Farmer John , a saga",5,3,1,0.00038089344,1,Kino
What is the movie schedule for animated movies in the area,6,2,1,0.00022426218,1,Kino
Where and when is This Is England playing,6,2,1,0.00027865625,1,Kino
Find me the novel titled Fertile Ground,5,3,1,0.01136037,1,Kino
Where can I find the TV show MetaboLights,5,3,1,0.0005508942,1,Kino
I'd like to watch Bound for Glory at the closest movie theatre at 214108,6,1,1,0.001260823,1,Kino
Play me a top-ten song by Phil Ochs on Groove Shark,3,3,0,0.00010306765,1,Kino
Weather next year in Canada,2,2,0,0.00011990609,1,Kino
"Please pull up the album , The Last War",5,3,1,9.776871e-05,1,Kino
I'm looking to find the trailer for Brought by the Sea .,5,1,1,0.00066869246,1,Kino
Find Business Ethics A European Review .,5,4,1,0.00030542625,1,Kino
Play track Real Talk,3,3,0,0.000113417955,1,Kino
I need a list of Speakeasy Theaters movie times,6,1,1,0.0031557165,1,Kino
Find the movie schedule for B&B Theatres .,6,1,1,0.0022174171,1,Kino
I need to find the creative work Wave,5,0,1,0.2766616,1,Kino
I want to hear the top Tim Madison,3,3,0,9.1389986e-05,1,Kino
show creative painting People & Love,5,3,1,0.004250392,1,Kino
show me movie schedules,6,2,1,0.00026124323,1,Kino
I want to book a table for me and my boss at Glassy Junction in Turkey .,1,1,0,0.00016835915,1,Kino
Find the movie times at Harkins Theatres .,6,1,1,0.00016400166,1,Kino
Book a reservation for nine people at a bakery in Nunez,1,1,0,0.00019974344,1,Kino
show creativity of saga Frontier Marshal,5,3,1,0.036405016,1,Kino
look for the book The Girl Who Was Plugged In,5,3,1,0.004071491,1,Kino
play the song S.F. sound furniture,5,3,1,9.931198e-05,1,Kino
find the painting Strong Enough,5,3,1,0.016941093,1,Kino
Need a creative work with the title Unholy Confessions,5,0,1,0.00089917576,1,Kino
When is Eye of the Spider playing at Regal Entertainment Group ?,6,3,1,0.00046289628,1,Kino
find a photograph called XQuery API for Java,5,5,1,0.9889931,1,Kino
Find a TV show called The God Boy .,5,3,1,0.0015039443,1,Kino
Add the current tune to my Evening Groove list,0,0,0,0.00011263951,1,Kino
add this tune to my Dance playlist,0,0,0,0.00012639594,1,Kino
Is Lord Jim at the movie house,6,2,1,0.0004051735,1,Kino
Find the movie schedule for ArcLight Hollywood .,6,2,1,0.00032811557,1,Kino
Show me the nearest movies at movie theatre for twenty one o'clock,6,1,1,0.00020229947,1,Kino
show movie schedules for animated movies in the neighbourhood,6,2,1,0.0005869966,1,Kino
Play slow rock music on Vimeo,3,3,0,9.663373e-05,1,Kino
is it going to be hot here in 8 years,2,2,0,0.00012664797,1,Kino
Find me the song 2 Fast 2 Furious,5,3,1,0.00043834935,1,Kino
Where can I listen to Willy and the Poor Boys,5,3,1,9.1129645e-05,1,Kino
What time is The Man Who Dared playing at the movie theatre ?,6,2,1,0.00025266645,1,Kino
Please find the Infrared Riding Hood TV show .,5,3,1,0.00020779354,1,Kino
Book a jewish churrascaria in Minnesota for 9 people.,1,1,0,0.00024045301,1,Kino
I need films in the neighborhood,6,2,1,0.0019468403,1,Kino
are there any movies playing around here,6,2,1,0.0015922036,1,Kino
Please look up The Lamentable Journey of Omaha Bigelow into the Impenetrable Loisaida Jungle television show .,5,0,1,0.00016020106,1,Kino
Put Jean Philippe Goncalves onto my running to rock 170 to 190 bpm .,0,0,0,0.00015930271,1,Kino
add alain caron to my travelling playlist,0,0,0,0.0001232291,1,Kino
Play music by Joy Nilo .,3,3,0,9.8251054e-05,1,Kino
search for the painting Smart Money,5,3,1,0.0008830033,1,Kino
"What's the temperature today in Griffin , NE ?",2,2,0,0.00011588067,1,Kino
I am looking for a creative work called Something Warm,5,3,1,0.005720774,1,Kino
Play mere lapsed by Marilyn Moore .,3,3,0,0.00010571602,1,Kino
Add the album to the top 100 country tracks on spotify playlist.,0,0,0,0.00013389142,1,Kino
Can i get the movie schedules for Speakeasy Theaters ?,6,1,1,0.0057605803,1,Kino
add joshua radin to my playlist called Futuros Hits,0,0,0,0.00013720249,1,Kino
What's the movie schedule for animated movies in the neighborhood,6,2,1,0.00030067377,1,Kino
Rate current novel two stars,4,4,0,0.0001490711,1,Kino
fimd Glory,5,3,1,0.0002935909,1,Kino
I want do you want to build a snowman in my Hip Hop 2017 New School playlist,0,0,0,0.00015883542,1,Kino
When is Cooper Foundation on the movie schedule ?,6,2,1,0.0003060465,1,Kino
"Book a reservation for 5 people next week at The Pump Room, Chicago",1,1,0,0.00018875123,1,Kino
Add New Wave Blues to my Push Button Funk playlist,0,0,0,0.00012676911,1,Kino
Will it rain in Barberville,2,2,0,0.00012407491,1,Kino
I want to go see A Simple Noodle Story in seventeen seconds at Goodrich Quality Theaters .,6,1,1,0.0004446136,1,Kino
i need movie times for films in the neighbourhood,6,1,1,0.001577046,1,Kino
When is Harassed being played at Plitt Theatres ?,6,3,1,0.0006922619,1,Kino
Find the movie schedule for 1253 AM,6,2,1,0.0002061019,1,Kino
Provide me the movie schedules,6,2,1,0.00027076533,1,Kino
What time is The Lottery Man playing?,6,2,1,0.00025193265,1,Kino
"Give me the weather forecast in Pleasant Dale , Alaska starting in 1952",2,2,0,0.00012335234,1,Kino
"What will the weather be like in the Falkland Islands starting may 25, 2022",2,2,0,0.00011588053,1,Kino
Show the movie schedules at MJR Theatres,6,2,1,0.0003100319,1,Kino
Is it going to be warmer in 2 years and a half in Deweese ?,2,2,0,0.00013794482,1,Kino
I want to see Everytime We Touch which is a painting,5,2,1,0.04342549,1,Kino
book a meal for four in DC,1,1,0,0.0001985658,1,Kino
Find the schedule for Rare Birds at the nearest movie theatre at Noon .,6,1,1,0.00019654383,1,Kino
find movie times,6,3,1,0.0023896059,1,Kino
Show me the television show Children in Need Rocks 2013 .,5,3,1,0.10768114,1,Kino
Looking for A Black Ribbon for Deborah .,5,1,1,0.0013346331,1,Kino
Can you place a reservation for me at Ariston Cafe,1,1,0,0.00016396194,1,Kino
rate Beyond the Shadows 3 of 6 stars,4,4,0,0.0001469034,1,Kino
Add Metal Gear Solid 2 Sons of Liberty Soundtrack 2 The Other Side to edna st vincent millay,0,0,0,0.00011474895,1,Kino
Where and at what time can I see Paragraphe 78,6,2,1,0.00026431985,1,Kino
Put new page onto my latin jazz playlist.,0,0,0,0.00018954254,1,Kino
rate the current chronicle a zero,4,4,0,0.00013336382,1,Kino
add tune to my relax & unwind playlist,0,0,0,0.00013350298,1,Kino
Go to the movie Welcome to Tokyo,5,1,1,0.00074552785,1,Kino
What is the nearest cinema playing Romance of the Limberlost,6,3,1,0.00092410523,1,Kino
Weather for Marshall,2,2,0,0.00011839382,1,Kino
Looking for novel Build Engine,5,5,1,0.98897344,1,Kino
Add to my Rumba y más playlist the song by haley scarnato,0,0,0,0.00012926612,1,Kino
show the animated movies playing at Consolidated Theatres,6,3,1,0.0016274529,1,Kino
What is the weather in Silver Springs Western Sahara ?,2,2,0,0.00011452918,1,Kino
can you get me the television show called Start It Up ?,5,3,1,0.00035441818,1,Kino
"I want to see the book , The Mailroom Hollywood History from the Bottom Up",5,3,1,0.03690017,1,Kino
I want to see the trailer for The Entity,5,1,1,0.0003508205,1,Kino
Find Just South of Heaven,5,2,1,0.0003928182,1,Kino
show creativity of novel Lock,5,5,1,0.64130235,1,Kino
I'd like to play the video game Time to Kill,5,3,1,0.0001094994,1,Kino
Play Rei Momo newest album,3,3,0,9.663071e-05,1,Kino
Find a creative work called Fire in the Hole,5,3,1,0.0011548509,1,Kino
Show The Critic game,5,5,1,0.564702,1,Kino
play the TV show Wicked City,5,3,1,0.000102764745,1,Kino
Please show me the films playing at Loews Cineplex Entertainment .,6,3,1,0.00043153495,1,Kino
give 3 out of 6 stars to this essay,4,4,0,0.00014863483,1,Kino
find Check In,5,1,1,0.000265347,1,Kino
find a photograph called Free the Universe,5,5,1,0.82224405,1,Kino
what is the nearest movie house showing animated movies,6,1,1,0.0005230337,1,Kino
I'd like to see the photograph The Light,5,2,1,0.008649073,1,Kino
Let's play the album Handover on Deezer,3,3,0,0.00010811575,1,Kino
What is the painting Forever Malcolm Young ?,5,2,1,0.0029639148,1,Kino
"What's the weather like in Tyonek , New Jersey",2,2,0,0.000110681765,1,Kino
"find Blood Moon Year of the Wolf , a movie",5,3,1,0.00019960478,1,Kino
Find time for films at the nearest movie theatre,6,1,1,0.00022962563,1,Kino
find Cascading Waterfall,5,2,1,0.001018847,1,Kino
I'd like to watch movies at the closest movie theatre,6,1,1,0.00089535984,1,Kino
What are the movie times for Amco Entertainment,6,2,1,0.00014179847,1,Kino
Play a Herbie Fields record from the sixties,3,3,0,9.5136464e-05,1,Kino
What time are animated movies playing in the area,6,2,1,0.00019216034,1,Kino
I'd like to see the movie The Ooze,5,3,1,8.375624e-05,1,Kino
I would give the All That Fresh out the Box saga a rating of 2 points,4,4,0,0.00012900996,1,Kino
What is the closest movie theatre showing In Pursuit of Honor ?,6,1,1,0.0005179593,1,Kino
What is the weather forecast 131 days from now in Atanassow-See,2,2,0,0.00011486669,1,Kino
book rosalie stewart and evelyn at a restaurant,1,1,0,0.000168342,1,Kino
Will there be snowfall this month in UT,2,2,0,0.00012239299,1,Kino
Where can I find a copy of I Bury the Living ?,5,3,1,0.00014058177,1,Kino
find a television show called Sensation Comics,5,3,1,0.0008417149,1,Kino
Find the schedule for The Cup Winner at the closest movie house .,6,1,1,0.0002978476,1,Kino
Play something off my New Boots playlist,3,3,0,0.00010195816,1,Kino
is it going to be chillier at 10 pm in Texas,2,2,0,0.000120377204,1,Kino
I want to add un jour dans notre vie to my list running to rock 170 to 190 bpm,0,0,0,0.00011441277,1,Kino
movie schedules of movies in the neighbourhood at zero am,6,1,1,0.0006529842,1,Kino
is Unbeatable Harold at Century Theatres,6,3,1,0.0002665909,1,Kino
Show Force of Nature,5,3,1,0.02539817,1,Kino
in the neighborhood find movie times for movies,6,1,1,0.0003233695,1,Kino
Can you find the photograph titled So Long Self,5,0,1,0.0018553594,1,Kino
Show me the movie schedule for nearby movies .,6,2,1,0.0028153984,1,Kino
find the picture Chorus Line,5,3,1,0.0010898287,1,Kino
What time is Hold That Blonde playing at the closest cinema ?,6,2,1,0.0007884226,1,Kino
What is Marty Stuart discography,5,0,1,0.0022035956,1,Kino
Play Miami 2017 by Rodney Whitaker,3,3,0,9.9116805e-05,1,Kino
Will it get windy close by here ?,2,2,0,0.000113083435,1,Kino
When is For Lovers Only playing?,6,3,1,0.00018729482,1,Kino
Is Convoy Busters playing,6,3,1,0.00011440536,1,Kino
Is And the Ship Sails On playing at Douglas Theatre Company 1 minute from now ?,6,3,1,0.0001452473,1,Kino
What movie theatre is playing Shed No Tears,6,3,1,0.00011825996,1,Kino
I want to give the current novel zero points,4,4,0,0.0001318101,1,Kino
where can I find the video game called Izuna 2 The Unemployed Ninja Returns,5,3,1,0.0007544171,1,Kino
Find the Fields of Sacrifice movie,5,3,1,0.0002740046,1,Kino
What time is Sontha Ooru playing,6,3,1,0.00017719794,1,Kino
Show me the films currently playing at the nearest movie theatre,6,1,1,0.0020533055,1,Kino
What's the weather on august seventh for Crystal Lawns Guam,2,2,0,0.000118627795,1,Kino
Find the movie times for nearby films .,6,1,1,0.0004146262,1,Kino
add Desert Sessions to my i love my 80's rollerdisco playlist,0,0,0,0.00013350272,1,Kino
play the Ocelot record using Zvooq,3,3,0,0.00011430815,1,Kino
Book me a table at a Tartinery Restaurant not far from my home in Elk Rapids .,1,1,0,0.0001500077,1,Kino
Where can I find a photograph of The Lieutenant of Inishmore ?,5,2,1,0.01073055,1,Kino
what is the Fiji forecast for warm temps,2,2,0,0.00013376625,1,Kino
what movies are playing in the neighborhood,6,2,1,0.0015514162,1,Kino
Give two stars to Scribblings,4,4,0,0.00015576722,1,Kino
When is Crime and Punishment U.S.A. showing?,6,2,1,0.00021185321,1,Kino
Show the movie schedule,6,2,1,0.00032750404,1,Kino
I want to watch TV series The Practical Pig,5,3,1,0.00010497561,1,Kino
What time is High Schools playing,6,2,1,0.00020184448,1,Kino
Where can I purchase Wuthering Heights,5,1,1,0.0002487713,1,Kino
What time is Mighty Morphin Power Rangers The Movie at Magic Johnson Theatres ?,6,2,1,0.0001722581,1,Kino
find a cinema nearest with Sulle Sathya,6,1,1,0.0002474831,1,Kino
play If You Go,5,3,1,0.000101960264,1,Kino
I need a book called Student Demonstration Time,5,1,1,0.043779276,1,Kino
what films are showing at Cooper Foundation,6,2,1,0.00068055134,1,Kino
Find an album called Thursday Night Baseball .,5,3,1,0.00012256422,1,Kino
add maggie mcgill to my night vibes,0,0,0,0.00011587599,1,Kino
What time is The Phoenix Project playing,6,3,1,0.0004914161,1,Kino
Play Halid 08 by video game pianist on Pandora,3,3,0,0.00010992989,1,Kino
Where can I watch Gaddar The Traitor ?,6,3,1,9.9371326e-05,1,Kino
Look for All That Matters,5,2,1,0.37766615,1,Kino
Can You tell me the Actors of the saga awards/,5,4,1,0.0039107315,1,Kino
Book a table for cherie and josephine in Indonesia,1,1,0,0.00015077053,1,Kino
Show me Born in America ?,5,2,1,0.012676163,1,Kino
What time is In the Crosswind playing at Marcus Corporation ?,6,2,1,0.00019788918,1,Kino
can I get the movie schedules,6,2,1,0.00027479147,1,Kino
Where is the nearest cinema that is playing films,6,1,1,0.0018284982,1,Kino
Find a video game called No Parking on the Dance Floor .,5,3,1,0.00015633237,1,Kino
find Goodrich Quality Theaters films,6,3,1,0.0006536254,1,Kino
Play music from Paul Landers,3,3,0,9.834772e-05,1,Kino
Book a reservation for a party of four within the same area of Districts of Sweden,1,1,0,0.0001843653,1,Kino
Find the movie schedule for films in the area .,6,2,1,0.00042442672,1,Kino
"I need a highly rated oyster bar in AR in a month for jeanne collins, amy and I",1,1,0,0.00015753225,1,Kino
Find the movie schedule for Century Theatres .,6,2,1,0.0014010147,1,Kino
rate the current novel 5 of 6 stars,4,4,0,0.00015425407,1,Kino
Where can I view the trailer Extreme – The Collection,5,0,1,0.0021645017,1,Kino
What are the weather conditions in Noel ?,2,2,0,0.00011275378,1,Kino
Is it warm in Sierra Blanca now,2,2,0,0.00011735952,1,Kino
Find a show called In fondo al buio .,5,1,1,0.0002761777,1,Kino
When is Man in Outer Space playing at Megaplex Theatres,6,3,1,0.0001752072,1,Kino
"I need a reservation for a restaurant in Bangladesh on feb. the 11th, 2032",1,1,0,0.00015559635,1,Kino
What are the movie schedules,6,2,1,0.00017291761,1,Kino
I am rating this book named The Infinite Man 5 stars,4,4,0,0.00014979969,1,Kino
What's the weather this month in Mozambique,2,2,0,0.00011352775,1,Kino
Please find me the movies playing nearby,6,3,1,0.0004061227,1,Kino
Show me Firepower,5,4,1,0.059553556,1,Kino
find National Amusements showing The Trouble with Harry,6,3,1,0.00088198564,1,Kino
Play The Lousy Dance trailer,5,3,1,0.00010256511,1,Kino
what animated movies are playing at the closest movie house,6,3,1,0.00039927303,1,Kino
I want the song Phrazes for the Young,5,0,1,0.00021094875,1,Kino
When is Game in the Sand playing at the movie house ?,6,2,1,0.00082798983,1,Kino
Wish to find the work The Immortals that is a show,5,3,1,0.0030868205,1,Kino
Find a novel called A Perfect Day .,5,3,1,0.0010168283,1,Kino
Look for the Itv.com song,5,3,1,0.0002162095,1,Kino
find Racing the Beam The Atari Video Computer System,5,3,1,0.40870935,1,Kino
Play music by Sarah Connor,3,3,0,9.8155186e-05,1,Kino
when is Red Shirts showing at Dickinson Theatres,6,2,1,0.00058654323,1,Kino
find a photograph called The Wish List,5,3,1,0.019720856,1,Kino
find the novel A Civil War Army vs. Navy,5,3,1,0.049332783,1,Kino
How can I watch the television show Straight Shooter ?,5,3,1,0.00012357678,1,Kino
showtimes for movies currently playing at Speakeasy Theaters,6,3,1,0.0011754412,1,Kino
find a movie house closest with Beethoven Lives Upstairs,6,1,1,0.000431441,1,Kino
Is Romulus and the Sabines playing at the nearest cinema at ten,6,1,1,0.00095098355,1,Kino
Is the film Goodrich Quality Theaters playing at 1226 AM ?,6,2,1,0.0012222148,1,Kino
what is the movie schedule of animated movies in the area,6,2,1,0.00022755946,1,Kino
What animated movies are playing in the area and what is the movie schedule,6,2,1,0.00016179372,1,Kino
ad Czarna dziewczyna to instrumental madness playlist,0,0,0,0.00014391573,1,Kino
Will it be warmer in my current position,2,2,0,0.00011943949,1,Kino
show movie schedules for Fox Theatres,6,2,1,0.00032559113,1,Kino
Can you find the album SimpleScreenRecorder,5,3,1,0.00014589271,1,Kino
Will it be foggy at sunset in Red Devil,2,2,0,0.000111985915,1,Kino
I would rate this book 3 points out of 6,4,4,0,0.00014719066,1,Kino
I want to see The Portrait of a Lady at the nearest cinema .,6,1,1,0.0036752347,1,Kino
find Home Fires,5,2,1,0.004543941,1,Kino
Show me the movie schedule for Star Theatres,6,2,1,0.0005037317,1,Kino
Find a song called Magic in the Water .,5,3,1,0.0005416907,1,Kino
Find the schedule for The Devil Diamond at a movie theatre .,6,1,1,0.00019986402,1,Kino
I want to see King of the River in the nearest movie theatre,6,1,1,0.0002617602,1,Kino
Book The Electric Banana in Ewen for crystal and brittney .,1,1,0,0.0001865136,1,Kino
find The Many Loves of Dobie Gillis,5,3,1,0.00011629478,1,Kino
I want to read the book The Minotaur,5,3,1,0.00016709708,1,Kino
How to get saga Stronda Style,5,5,1,0.83075094,1,Kino
"I'd like to watch movies around here , can I see the movie schedules",6,3,1,0.00060369016,1,Kino
give a zero rating to May We Borrow Your Husband ?,4,4,0,0.0001323265,1,Kino
Can you pull up a movie schedule for me?,6,1,1,0.0031996232,1,Kino
Show me the TV series Prescription for Death,5,3,1,0.004266412,1,Kino
add Jonathan Sprout album to my this is miranda lambert playlist,0,0,0,0.00014965904,1,Kino
What's the weather forecast for Croatia on jul. 25th,2,2,0,0.00011453032,1,Kino
Play me a 2003 song by Charles Neidich,3,3,0,0.00010592409,1,Kino
I would rate The Door to December 3 points and a best rating of 6,4,4,0,0.00012976791,1,Kino
What time is Socrates playing at the cinema ?,6,2,1,0.0020919095,1,Kino
What time is the closet cinema playing movies the closest,6,3,1,0.0015148416,1,Kino
Please add carmel to my lunchtime playlist.,0,0,0,0.00013547072,1,Kino
She me the Sons of Satan Praise the Lord picture,5,3,1,0.00035280912,1,Kino
find the closest movie theatre with films,6,1,1,0.00025772114,1,Kino
Book a restaurant within the same area of Ely for 10 people.,1,1,0,0.00018892116,1,Kino
rate this album a 1,4,4,0,0.0001316825,1,Kino
this tune should go on my coffee table jazz playlist,0,0,0,0.000118385,1,Kino
Find a photograph called Cope Park .,5,2,1,0.018397598,1,Kino
Please search for the Two Faces of My Girlfriend saga .,5,3,1,0.3367344,1,Kino
I want to hear a 1976 symphony by Jam Master Jay,3,3,0,9.5318144e-05,1,Kino
What is the nearest movie theatre playing Kate y Leopold ?,6,3,1,0.00042744947,1,Kino
What time is Doc Savage The Man of Bronze playing,6,3,1,0.00014957055,1,Kino
What are the animated movies in the neighbourhood for the recent movie times,6,2,1,0.00041243693,1,Kino
this album is the last and rated five,4,4,0,0.00010043363,1,Kino
When is The Blood of Others playing?,6,3,1,0.00042295034,1,Kino
Find movie schedules .,6,1,1,0.0028705457,1,Kino
Please add Ruud Jolie to my playlist Guest List Polygon,0,0,0,0.00012456032,1,Kino
What time are films showing at KB Theatres,6,2,1,0.00013862309,1,Kino
find movie times at National Amusements,6,1,1,0.0003675963,1,Kino
Is A Charming Man playing at lunch time?,6,3,1,0.0017321166,1,Kino
Find a saga called Lovex discography .,5,0,1,0.002744106,1,Kino
Show me the movie schedule for Neighborhood Cinema Group,6,1,1,0.0017355662,1,Kino
I would give The Minority Report a rating of 0 points,4,4,0,0.00013245686,1,Kino
Give Summer of the Swans 1 points .,4,4,0,0.0001451911,1,Kino
"find Wild Solutions , a saga",5,3,1,0.26671755,1,Kino
Play some David Mallett on last fm,3,3,0,9.635077e-05,1,Kino
find animated movies movie schedule in the neighborhood,6,1,1,0.0006256667,1,Kino
show me the movie schedule in the neighbourhood movies,6,2,1,0.00017807925,1,Kino
play a top 50 tune from the twenties by Willi Williams,3,3,0,9.485741e-05,1,Kino
Put horace silver and the jazz messengers on my running to rock 170 to 190 bpm playlist,0,0,0,0.00015260903,1,Kino
I'd like the movie schedules nearby me for animated movies,6,2,1,0.0006152106,1,Kino
Show me the work The Catholic Weekly,5,2,1,0.0008523217,1,Kino
rate Licence Renewed a 4,4,4,0,0.00013065264,1,Kino
Show me movie times,6,2,1,0.00024730034,1,Kino
Are any animated movies scheduled for release in Mann Theatres ?,6,2,1,0.0013600508,1,Kino
show me The Best Of Volume 1 TV series,5,4,1,0.0042666383,1,Kino
What are some movies playing in the neighbourhood ?,6,3,1,0.00028203396,1,Kino
Which movies are playing at AMC Theaters ?,6,3,1,0.0009377533,1,Kino
Can I get the showtimes for the closest movie theatre that has the newest films .,6,1,1,0.00020807114,1,Kino
What is the nearest movie theatre playing Stray Cat Rock Wild Jumbo in 7 seconds,6,3,1,0.00034583005,1,Kino
"I'd give With Lee in Virginia, A Story of the American Civil War chronicle 4 of 6",4,4,0,0.00012976638,1,Kino
Find me the photograph The Late Music,5,3,1,0.00042495513,1,Kino
Please find me the picture of The Getaway Black Monday .,5,3,1,0.036144987,1,Kino
What time will the Amco Entertainment be plying The Teeth of the Tiger,6,2,1,0.00014307242,1,Kino
I would like you to add now the hits of winter 2008 onto my ntc studio sounds playlist.,0,0,0,0.00014965811,1,Kino
What are the movie schedules for films in the area ?,6,2,1,0.00018714124,1,Kino
What is the closest cinema today playing animated movies ?,6,3,1,0.0006623495,1,Kino
Can I get the newest movie schedule in the area for animated movies ?,6,1,1,0.0012161307,1,Kino
Play some contemporary christian on Groove Shark .,3,3,0,9.999274e-05,1,Kino
Can I buy the book Vacation of Petrov and Vasechkin online?,5,1,1,0.00036343836,1,Kino
Tell me if it'll be freezing here in 21 seconds,2,2,0,0.00012977632,1,Kino
Book reservation in Gasconade at the best restaurant in DC,1,1,0,0.00012865599,1,Kino
I need a restaurant now for a party of ten,1,1,0,0.00019973921,1,Kino
Show me the movie schedules for movies playing nearby .,6,2,1,0.0040608575,1,Kino
I rate three points for the book The Early Coorgs,4,4,0,0.0001454744,1,Kino
I'd like to watch Apocalypse 2024,6,3,1,9.25547e-05,1,Kino
What are the movie times for the movies in the neighbourhood,6,2,1,0.00019644917,1,Kino
Add Mel Draisey tomy 80s Classic Hits playlist.,0,0,0,0.00013507031,1,Kino
Find me the Big Sean discography soundtrack,5,3,1,0.00016498423,1,Kino
Add give us rest to my 70s Smash Hits playlist.,0,0,0,0.0001130816,1,Kino
I'd like showtimes for The Story of Wish You Were Here .,6,3,1,0.0019576193,1,Kino
Show me a picture of Love,5,5,1,0.9899301,1,Kino
I want to see movie schedules at Plitt Theatres .,6,1,1,0.0010937338,1,Kino
show movie times for movies in the area,6,2,1,0.00043178143,1,Kino
Find the Envoy of Lucifer show,5,3,1,0.0023459697,1,Kino
when can i see Dinosaur from the Deep,6,2,1,0.0007752768,1,Kino
Show movies in the neighborhood,6,2,1,0.003863414,1,Kino
find a movie house nearest for films,6,1,1,0.00025511076,1,Kino
Where can I see the show Kind of Glue ?,5,5,1,0.4994343,1,Kino
book a table for 6 at a restaurant in Nebraska,1,1,0,0.00019079343,1,Kino
show me the picture Unfinished Monkey Business,5,0,1,0.19465055,1,Kino
I want a list of showings of Days of Fire at Harkins Theatres,6,1,1,0.0027609644,1,Kino
What time is Southern Theatres showing Ukraine Is Not a Brothel ?,6,2,1,0.00017003455,1,Kino
Find movie schedule for animated movies in the area,6,1,1,0.0014395037,1,Kino
play Hora Din Moldova by Yamazaki Maso,3,3,0,0.00010346972,1,Kino
What is the nearest movie house playing Black Scorpion,6,3,1,0.0006327019,1,Kino
find movie schedules for Loews Cineplex,6,1,1,0.00052988203,1,Kino
book a socca serving steakhouse for 2 in Saint James Alabama,1,1,0,0.0001652769,1,Kino
find the painting Retro Active,5,0,1,0.0005730861,1,Kino
"Will it be windy in Breaux Bridge , Turks and Caicos Islands eleven hours from now ?",2,2,0,0.00010822242,1,Kino
Find me the movie schedule for Great Escape Theatres,6,2,1,0.00030705464,1,Kino
Find a painting called Thunder in the Sky .,5,3,1,0.0021356416,1,Kino
show me a picture of Nokia Football Crazy,5,5,1,0.9537091,1,Kino
book a table for 2 guests at a restaurant in Lazy Mountain NY,1,1,0,0.00017801125,1,Kino
What time is The Riders of the Whistling Skull playing at Magic Johnson Theatres,6,2,1,0.00044891238,1,Kino
book a table for my step father and I,1,1,0,0.00017235518,1,Kino
I want the show The Sense Apparatus,5,3,1,0.028561808,1,Kino
Find me the Martin Morning saga,5,3,1,0.0074591604,1,Kino
Find a novel called Industry .,5,3,1,0.0059515927,1,Kino
Give Whispers in the Graveyard a five .,4,4,0,0.00012589649,1,Kino
find Carry me in your dreams,5,3,1,0.00071626366,1,Kino
List movie schedules at Showcase Cinemas,6,1,1,0.0008280018,1,Kino
I'd like to see a movies at the nearest movie house,6,1,1,0.00023985832,1,Kino
show the trailer of Deadly Skies,5,3,1,0.0027949621,1,Kino
Sort to the last song on playlist from 1983 a chant by Mark Oliver Everett,3,3,0,0.00021158259,1,Kino
show creativity of The Album saga,5,0,1,0.0022304228,1,Kino
what is the forecast in Texas,2,2,0,0.00011920792,1,Kino
Show me a movie theatre where Screamplay is playing,6,1,1,0.0010886017,1,Kino
Please search for Mary .,5,2,1,0.005474416,1,Kino
What are the current movie schedules ?,6,2,1,0.00015409949,1,Kino
Where to get painting of Channel 4 News,5,3,1,0.0031226515,1,Kino
Play me Memoirs of Modern Love Curious Age,5,3,1,0.000117475065,1,Kino
What's today's movie schedule,6,2,1,0.0001527416,1,Kino
Can I get the movie schedule for Loews Cineplex Entertainment ?,6,2,1,0.00096727005,1,Kino
What is the movie schedule,6,2,1,0.00016023166,1,Kino
"book a spot for 8 at a tavern on Jun. the 11th, 2034",1,1,0,0.00019078466,1,Kino
Which animated movies are playing at Megaplex Theatres at tea time?,6,3,1,0.0036304398,1,Kino
show movies at the nearest movie house,6,1,1,0.00019682184,1,Kino
Please find me the book Step Into My Groove .,5,0,1,0.00018452543,1,Kino
Rate Secret Weapon a four,4,4,0,0.00013297354,1,Kino
find Blood and Bones,6,3,1,0.0016046069,1,Kino
find a cinema showing The Mandrake nearest at one o'clock,6,1,1,0.00021778075,1,Kino
I want to hear Ready by Frankenstein Drag Queens From Planet 13,3,3,0,9.5407886e-05,1,Kino
give five stars to current album,4,4,0,0.00013586231,1,Kino
What time does Lilacs in the Spring play at the closest movie house,6,2,1,0.0002059898,1,Kino
I need a weather forecast for Laos at one am,2,2,0,0.00012614997,1,Kino
Put gregory douglass in Halloween Teens please,0,0,0,0.00015820948,1,Kino
I want these are the days added to my spotlight spain 2016 playlist.,0,0,0,0.00011553413,1,Kino
Is F.I.S.T. at Malco Theatres,6,3,1,0.00023452018,1,Kino
Put this tune on dancePOP,0,0,0,0.00016548917,1,Kino
show the trailer of Rugrats Go Wild,5,3,1,0.00094969396,1,Kino
Rate the Sacred Fire series 5 points,4,4,0,0.00013599418,1,Kino
Rate The Natural a 4,4,4,0,0.00013467456,1,Kino
Play music on Netflix by Don Kikas,3,3,0,0.00010286639,1,Kino
When is Stripped to Kill II Live Girls playing at the nearest movie house ?,6,3,1,0.00034140615,1,Kino
Add this tune to The Refugee Playlist,0,0,0,0.00012262882,1,Kino
what theaters are showing A Lonely Place to Die – Todesfalle Highlands starting at 1440,6,1,1,0.002144858,1,Kino
Look up the Fair Warning saga,5,3,1,0.0014601342,1,Kino
What time is The Night Before the Premiere playing at the movie house,6,2,1,0.0002760077,1,Kino
can i get the movie schedule for Goodrich Quality Theaters,6,1,1,0.0009142444,1,Kino
Is The Butcher Boy playing anywhere at supper time?,6,2,1,0.0016136108,1,Kino
List movies for nearest movie house at brunch time,6,1,1,0.00019615423,1,Kino
Find the Sing When You’re Winning TV show,5,3,1,0.00013522695,1,Kino
Where is the nearest cinema playing Compound Fracture,6,1,1,0.0005113218,1,Kino
Show me the I Can Hear the Sea movie,5,3,1,0.00020824365,1,Kino
"book a latin cuisine pub for 2 on September the 13th, 2037 in Kazakhstan",1,1,0,0.00015986906,1,Kino
What movies are showing at the Showcase Cinemas,6,2,1,0.00078430324,1,Kino
find the show titled Hell on Earth 2006,5,3,1,0.0002855153,1,Kino
What time does A King in New York play in Malco Theatres,6,2,1,0.00022623039,1,Kino
Find The Garden of Eden,5,3,1,0.003005006,1,Kino
I want to hear opera on Netflix,3,3,0,9.3468385e-05,1,Kino
I want to listen to the soundtrack Adobe Digital Editions,5,3,1,9.121931e-05,1,Kino
Find the trailer for Seven Year Itch .,5,1,1,0.00025862924,1,Kino
Play some music from 1962 from Adeyto,3,3,0,9.691806e-05,1,Kino
book a table at a churrascaria for august 5 that has parking,1,1,0,0.00019703437,1,Kino
Add So Far to my Retrovisor playlist.,0,0,0,0.00013827832,1,Kino
I'd like to see the movie schedule for movies in the area,6,2,1,0.0004969624,1,Kino
I'd like a table for 10 at a distant place downtown for next fall,1,1,0,0.0001995585,1,Kino
Play Pacific Ocean Blues by John Doe on Lastfm,3,3,0,0.000105511695,1,Kino
I'd rate Glaring Through Oblivion a zero of 6,4,4,0,0.0001198965,1,Kino
Where is the nearest movie house that is playing Sirivantha,6,3,1,0.00056768855,1,Kino
Add bilal to winter,0,0,0,0.00012838568,1,Kino
Rate this chronicle three of 6 stars,4,4,0,0.00014747854,1,Kino
Play me the soundtrack for Nothing Personal .,5,3,1,0.00011330757,1,Kino
Can you find the movie Accidentally in Love,5,3,1,0.0006835463,1,Kino
Show me the movie schedule for movies opening today close by,6,2,1,0.0002968124,1,Kino
find NHL on Fox,5,3,1,0.00021423852,1,Kino
give two stars to current album,4,4,0,0.00013586247,1,Kino
How will the weather be on May 9 in Wyoming ?,2,2,0,0.00011990962,1,Kino
find a movie called No More Sadface,5,3,1,0.0003622566,1,Kino
show creative picture of The Secret Doctrine,5,5,1,0.9930715,1,Kino
What is the movie schedule at the IMAX Corporation three minutes from now,6,2,1,0.00013756524,1,Kino
Play Stereo by Jonathan Davis on Deezer .,3,3,0,0.00010428244,1,Kino
what movies are playing in the area ?,6,2,1,0.00065468904,1,Kino
Rate the current essay zero points,4,4,0,0.00013949246,1,Kino
Please find the TV series Back to Bach,5,3,1,0.00039940185,1,Kino
Find the Love And War soundtrack,5,3,1,0.00010314376,1,Kino
Play song Softly,5,3,1,0.00010960728,1,Kino
Add a rachael price album to TODO EDM,0,0,0,0.00013507606,1,Kino
find Afternoon movie times for movies in the neighborhood,6,1,1,0.00028783112,1,Kino
Find the schedule for movies at Star Theatres .,6,1,1,0.00029110876,1,Kino
Rate Therapy a zero,4,4,0,0.0001311662,1,Kino
Find the nearest cinema with movies playing,6,1,1,0.0003464671,1,Kino
Is it supposed to hail in Rosenberg in the French Polynesia,2,2,0,0.00011385645,1,Kino
Please help me search the Hell Money saga .,5,3,1,0.006428895,1,Kino
Find me the album The Weed Tree .,5,3,1,0.0010661029,1,Kino
Look for A Terrible Vengeance,5,2,1,0.002926975,1,Kino
Check the movie timings for Cracked Nuts at Southern Theatres .,6,1,1,0.005448195,1,Kino
find a movie theatre with Intersections that is nearest,6,1,1,0.000226078,1,Kino
Where to watch television show Linger Awhile Live at Newport and More,5,3,1,9.919426e-05,1,Kino
I'd like to add this album to funtime .,0,0,0,0.00014196926,1,Kino
find a movie called Emerald City,5,1,1,0.0016624753,1,Kino
book a spot at a restaurant within walking distance of Palau,1,1,0,0.00013858009,1,Kino
Find an art called Cassidy .,5,3,1,0.0034344452,1,Kino
show creative video game The Boat Is Full,5,3,1,0.0034392867,1,Kino
I'd like to watch movies at Amco Entertainment,6,3,1,0.00083180517,1,Kino
show me the movie Haunted Spooks,5,3,1,0.098042935,1,Kino
What movies are playing nearby ?,6,2,1,0.0013854576,1,Kino
How do I watch the TV show NBA Access with Ahmad Rashad,5,3,1,0.00015155583,1,Kino
Find the movie schedule .,6,2,1,0.00092342537,1,Kino
Play the most popular twenties record from Leland Sklar,3,3,0,9.0425565e-05,1,Kino
Check the schedule for Bow Tie Cinemas .,6,1,1,0.0005475437,1,Kino
Please pull up Nothing Feels Good,5,3,1,0.00013781809,1,Kino
Find the schedule for Salt of the Black Earth at the closest movie house .,6,1,1,0.00021534778,1,Kino
Play the Knockabout soundtrack,5,3,1,0.00010448627,1,Kino
Rate The Last Opium Den 0 points,4,4,0,0.00014224352,1,Kino
book a table in Fleetwood at a nearby deli,1,1,0,0.00013674304,1,Kino
show creative song UFO Senshi Dai Apolon,5,3,1,0.0002219326,1,Kino
Find me Third Man on the Mountain at a cinema,6,1,1,0.00016672323,1,Kino
What is the nearest cinema showing Love in Mandya ?,6,1,1,0.00041736785,1,Kino
Give The First Chronicles of Druss the Legend a zero .,4,4,0,0.00012528343,1,Kino
Please search the Woodsmen of the West .,5,1,1,0.0037907972,1,Kino
Where is The Toxic Avenger II playing,6,3,1,0.0001078957,1,Kino
I give The Monkey and the Tiger a rating of 2 points .,4,4,0,0.00013652805,1,Kino
What is the movie schedule for animated movies in the area,6,2,1,0.00022426218,1,Kino
give the current series 3 points,4,4,0,0.00013193955,1,Kino
Can you tell me the movie times for Alamo Drafthouse Cinema,6,2,1,0.0002473092,1,Kino
What time is Return from Hell playing at the nearest movie house,6,3,1,0.00028657162,1,Kino
What animated movies are playing at the closest movie theatre,6,3,1,0.0004367676,1,Kino
Find the Collision in Black painting,5,5,1,0.40445492,1,Kino
find Switching Channels,5,5,1,0.7584142,1,Kino
Where to get album Justified,5,0,1,0.0009993466,1,Kino
Show The Invisible Hook trailer,5,3,1,0.06615576,1,Kino
Where can I view the photograph Occasional Wife,5,2,1,0.002813492,1,Kino
Can you give me the movie schedules for films close by ?,6,2,1,0.00021779042,1,Kino
What movies are playing at the closest movie theatre,6,3,1,0.0024853572,1,Kino
What is A Romance of the Halifax Disaster,5,2,1,0.0007022128,1,Kino
find a movie schedule,6,1,1,0.00039091866,1,Kino
Which films are playing at the IMAX Corporation ?,6,3,1,0.00026476875,1,Kino
I gave the current chronicle a 3 of 6,4,4,0,0.0001381374,1,Kino
What are the movie schedules at the IMAX Corporation,6,2,1,0.00015804314,1,Kino
Add Hanging On to my just dance by aftercluv playlist.,0,0,0,0.0001348119,1,Kino
I want the movie Perseo Miranda and his Theatre,5,3,1,0.001480072,1,Kino
"find Welcome to the El-Palacio , a movie",5,1,1,0.00045632536,1,Kino
Find Five Came Back for me,5,1,1,0.004654379,1,Kino
I'd like to find the Limited Lovers novel,5,0,1,0.001516202,1,Kino
play David Banner on Netflix,3,3,0,8.971815e-05,1,Kino
What is the TV series in App Store,5,2,1,0.00039844122,1,Kino
find the picture Music Is the Message,5,0,1,0.0013915945,1,Kino
Rate Richard Carvel 4 out of 6,4,4,0,0.00015186268,1,Kino
Is it sunny 1 second from now in the Pitcairn Islands,2,2,0,0.00010685614,1,Kino
Show the Glass Cloud – Single TV series,5,4,1,0.017861221,1,Kino
Is it colder faraway from my current spot ?,2,2,0,0.00011599004,1,Kino
Make a reservation for 7 people at a gastropub on Isle of Man .,1,1,0,0.00021661162,1,Kino
Find The Cartel Vol. 2 novel,5,3,1,0.00076099153,1,Kino
Find the schedule for for The Unnaturals at 13 .,6,1,1,0.0009952442,1,Kino
rate current book 0 stars,4,4,0,0.00014224485,1,Kino
What is the forecast here for September 16,2,2,0,0.00012566289,1,Kino
Need a table for a party of 3 in Laos at a Theme restaurant,1,1,0,0.00019627291,1,Kino
I'm looking for the movie White Unicorn,5,3,1,0.0013138086,1,Kino
Book a highly rated restaurant for one person in Rainbow Lakes .,1,1,0,0.00016096332,1,Kino
Find animated movies close by,6,3,1,0.0013662402,1,Kino
what time can I expect films to start at the Bow Tie Cinemas,6,2,1,0.00024568615,1,Kino
find a TV series called Armageddon Summer,5,3,1,0.00035624992,1,Kino
Find animated movies at Landmark Theatres at dinner time.,6,1,1,0.00022778685,1,Kino
"Where do i purchase the book , Baby-Sittor ?",5,1,1,0.00039329258,1,Kino
How will the weather be at 9 am in Anguilla ?,2,2,0,0.00011816592,1,Kino
"find Remedial Chaos Theory , a soundtrack",5,3,1,0.00011649154,1,Kino
what is the movie schedule for animated movies playing close by,6,2,1,0.00025471524,1,Kino
I'd like to hear the song Daimidaler Prince vs Penguin Empire,5,3,1,9.0771755e-05,1,Kino
Which films are playing at the closest movie house ?,6,3,1,0.0012201219,1,Kino
Find the album Future of the Past,5,3,1,0.00019034836,1,Kino
What time is 26 Years Diary showing in the movie house ?,6,2,1,0.00013494278,1,Kino
What's the weather at four pm in Honduras,2,2,0,0.00011035791,1,Kino
Find a novel called Nature Reviews Genetics .,5,1,1,0.040601015,1,Kino
What movies are playing at the nearest movie house,6,3,1,0.002810797,1,Kino
Which movies are showing at Southern Theatres ?,6,2,1,0.00076384796,1,Kino
I need the closest movie theatre playing Incense for the Damned .,6,1,1,0.0022531813,1,Kino
I'm looking for an album called The Orchestrion Project .,5,0,1,0.00091599795,1,Kino
play the movie White Christmas,5,3,1,9.739136e-05,1,Kino
Can i get todays showtimes for Le Flic de Beverly Hills 2 ?,6,1,1,0.00070505764,1,Kino
What time is The Sea Chase playing,6,3,1,0.0014258687,1,Kino
I need a table at a cafe that serves baeckeoffe,1,1,0,0.00017869526,1,Kino
Where can I find the novel A Woman in the Web,5,3,1,0.008172535,1,Kino
"Can you please look up the game , The Islanders ?",5,3,1,0.0015897484,1,Kino
what are the times for The Gingerbread Man,6,2,1,0.0001478996,1,Kino
I want to listen to a concerto from Timour Moutsouraev .,3,3,0,0.000105407315,1,Kino
add tune to Electro Workout,0,0,0,0.00011932136,1,Kino
Find me the Show Girl soundtrack,5,3,1,0.00010753832,1,Kino
add naomi schemer to my Hanging Out and Relaxing,0,0,0,0.00013976931,1,Kino
Is The Matinee Idol 0630 cinema sold out?,6,2,1,0.00076369074,1,Kino
Play Punk Essentials on google music,3,3,0,9.578695e-05,1,Kino
Please look up The Immortals television show .,5,3,1,0.0001769889,1,Kino
Look up The Making of Milwaukee,5,3,1,0.0013563894,1,Kino
find a movie schedule,6,1,1,0.00039091866,1,Kino
add darkest angels to my SOS 48 2016,0,0,0,0.00011598777,1,Kino
I want to add another album to the Scratchy Back Porch Blues playlist.,0,0,0,0.00015290674,1,Kino
Find a TV show called Directions Home .,5,3,1,0.0011412367,1,Kino
add lunacy to my chill out playlist,0,0,0,0.00014364527,1,Kino
Please help me find the Bloom Remix Album song .,5,0,1,0.00072146393,1,Kino
I'm looking for you to get me Jack of Shadows .,5,1,1,0.0010875992,1,Kino
show TV show schedule Archive.is,5,2,1,0.00030954534,1,Kino
Find time for All About Hash,6,3,1,0.13923338,1,Kino
Play some music on Pandora,3,3,0,9.4118994e-05,1,Kino
What animated movies are showing in the area ?,6,2,1,0.00022085787,1,Kino
Where is Feast II No Limit playing,6,3,1,0.00012334097,1,Kino
Can I see the movie schedules nineteen minutes from now ?,6,2,1,0.00030601304,1,Kino
I give The Logic of Sense a zero,4,4,0,0.0001473305,1,Kino
Show me movie times for animated movies playing three hours from now in the neighbourhood .,6,1,1,0.013238783,1,Kino
find the television show called Tactics,5,3,1,0.0003205851,1,Kino
show creative Last Light,5,2,1,0.008862508,1,Kino
I want to play the video game International Pinguicula Study Group Newsletter,5,3,1,0.00015707019,1,Kino
what movies are on the movie schedules for five hours from now in the neighbourhood,6,2,1,0.00013608988,1,Kino
Find the schedule for Fear Chamber .,6,2,1,0.00081155775,1,Kino
Can you find the soundtrack for Westcountry Live,5,3,1,0.00015031273,1,Kino
What do the movie schedules at B&B Theatres look like?,6,2,1,0.00025484661,1,Kino
Show the Minutes to Midnight photograph,5,2,1,0.0001630379,1,Kino
Please show me the movie schedule for movies playing in the neighborhood .,6,2,1,0.006345067,1,Kino
Look for Conducting from the Grave,5,3,1,0.025887486,1,Kino
What time is A Man for Burning playing,6,3,1,0.0001954067,1,Kino
I need the game The ARIA Music Show,5,3,1,0.00028579353,1,Kino
I'd like to watch A Storm in the Stars at North American Cinemas,6,3,1,0.00013057618,1,Kino
Where can I find Conduct Unbecoming ?,5,2,1,0.0076563396,1,Kino
How do I find the soundtrack African Development Perspectives Yearbook ?,5,3,1,0.0006455763,1,Kino
Which movie house is playing Snow in the Desert today?,6,3,1,0.00031781453,1,Kino
Can you help me find the We No Who U R game ?,5,3,1,0.00062077685,1,Kino
I'm looking to book a reservation in Aruba at a place nearby .,1,1,0,0.0001460868,1,Kino
find The Good Girl at a movie house,6,1,1,0.00018314387,1,Kino
Show me the book It Might as Well Be Spring,5,2,1,0.0025554225,1,Kino
I'm looking for Right on Track .,5,1,1,0.0015019216,1,Kino
my father in law and I would like to go to a highly rated bar,1,1,0,0.00015831862,1,Kino
Play me a song by Carol Arnauld from 2003,3,3,0,0.00010216533,1,Kino
What is the movie schedule of animated movies nearby,6,2,1,0.00028879178,1,Kino
Show movie schedule at Amco Entertainment,6,1,1,0.0007462877,1,Kino
can you find me a showing for Before the Music Dies in one second ?,6,1,1,0.00043503573,1,Kino
find Young Miss Holmes,5,3,1,0.00044085318,1,Kino
show me animated movies with movie times close by,6,3,1,0.08317924,1,Kino
What is the movie schedule for films that are playing nearby in 15 minutes,6,2,1,0.00019965676,1,Kino
Download The Red Eagle TV show,5,3,1,0.00017388591,1,Kino
Play me some music youtube,3,3,0,9.970172e-05,1,Kino
Let me know when The Maiden Danced to Death will be screened at a cinema .,6,1,1,0.0015512147,1,Kino
Whaere is Bloody Bloody Bible Camp playing in the cinema,6,3,1,0.00011708856,1,Kino
find a video game called Craters of the Sac,5,3,1,0.00022167563,1,Kino
Play the latest ep by Joel Hastings on Itunes .,3,3,0,9.777217e-05,1,Kino
Can i get the movie schedule for Megaplex Theatres .,6,1,1,0.00046597153,1,Kino
Rate the Blood on the Moon saga a three,4,4,0,0.00013040271,1,Kino
give Jackass Investing a three,4,4,0,0.00012688412,1,Kino
Play Cherry Pink by Trapp Mendoza on Iheart,3,3,0,9.7202035e-05,1,Kino
Play music on Spotify .,3,3,0,0.00010592496,1,Kino
Book a restaurant for 7 people.,1,1,0,0.00021513244,1,Kino
Find a photograph called Call on Me .,5,3,1,0.003439901,1,Kino
I want to hear a nineties track by stat quo on Deezer,3,3,0,9.033261e-05,1,Kino
give four stars out of 6 to current book,4,4,0,0.00014965486,1,Kino
Please look up and find me Monty Python Live at the Hollywood Bowl .,5,3,1,0.00037473586,1,Kino
Where is the closest cinema playing I Prefer the Sound of the Sea,6,3,1,0.00022218208,1,Kino
Please find me The Purple Vigilantes book .,5,3,1,0.0039771427,1,Kino
"What's the weather for April 10th, 2028 in Arkansas",2,2,0,0.000112755,1,Kino
Play my Sophisticated Dinner playlist on Slacker,3,3,0,0.000103667895,1,Kino
i want to watch The Shamrock Handicap right now,6,3,1,0.00014255606,1,Kino
"Please help me find, Bend It Like Beckham the Musical .",5,0,1,0.0018236318,1,Kino
Can you get me the Starcross saga ?,5,3,1,0.0034672164,1,Kino
Is Patrick Still Lives showing at AMC Theaters,6,3,1,0.0012548455,1,Kino
book a spot at a highly rated tavern in Colombia,1,1,0,0.00014287181,1,Kino
Show movie schedules for Marcus Corporation,6,2,1,0.00019556956,1,Kino
Where is They Always Return at Dawn playing,6,3,1,0.00038528608,1,Kino
whats the movie schedules for General Cinema Corporation,6,2,1,0.00018993222,1,Kino
Play While We Were Waiting by Sippie Wallace on Vimeo,3,3,0,0.00010206321,1,Kino
"How temperate is it in Lopeno , Thailand ?",2,2,0,0.000120142526,1,Kino
Show me Dombey and Son movies .,6,3,1,0.0012455168,1,Kino
Can you give me the movie schedules at Mann Theatres ?,6,2,1,0.00023984932,1,Kino
Please tell me the movie schedules ?,6,2,1,0.00016708042,1,Kino
Is it going to storm in Black Rock Alaska,2,2,0,0.0001241976,1,Kino
Looking for Kepler scientific workflow system,5,5,1,0.9882714,1,Kino
I'd like to watch Sherlock Holmes à New York at KB Theatres,6,3,1,0.0001353557,1,Kino
"Find me the novel , Between the Rivers .",5,3,1,0.009863582,1,Kino
Where can I buy a photograph called Feel the Love ?,5,1,1,0.0012080861,1,Kino
find a movie called Bruce Lee,5,3,1,0.00074363546,1,Kino
Is Rio Belongs to Us playing at the movie house closest to me,6,3,1,0.000589458,1,Kino
Play me the show House of Stairs,5,3,1,0.00011242493,1,Kino
Which films are playing in the neighborhood one second from now ?,6,3,1,0.0013550782,1,Kino
Find the movie schedules for me,6,2,1,0.0038882564,1,Kino
Book a bar in Holtville ND for 7 people.,1,1,0,0.00018655293,1,Kino
Play soundtrack by Armand Van Helden,3,3,0,0.00010058129,1,Kino
Please find the movie Dancing Girl,5,3,1,0.0002165535,1,Kino
Give The Spirit House a 4 out of 6,4,4,0,0.00014434305,1,Kino
Look up the TV series Operace Silver A,5,3,1,0.000138382,1,Kino
Find a song called In Your Eyes .,5,3,1,0.0003100893,1,Kino
will Dick Tracy e il gas misterioso start twenty one hours from now,6,2,1,0.00022540134,1,Kino
what is the forecast in Admire in TX starting at seventeen,2,2,0,0.00011621966,1,Kino
book a popular restaurant of thai cuisine,1,1,0,0.00014484493,1,Kino
find a soundtrack for Dante’s Peak,5,3,1,0.0001067258,1,Kino
Can you let me know the films that are on the movie schedules in the area at noon ?,6,2,1,0.00014262393,1,Kino
what films are at the closest movie theatre,6,1,1,0.00046461535,1,Kino
Book a reservation for 6 people for a creole tavern in Montenegro,1,1,0,0.00019004969,1,Kino
Tell me if there's be a depression in Brazil,2,2,0,0.00012676521,1,Kino
Where can I view the trailer Jeeves and Wooster in Perfect Nonsense,5,3,1,0.00027081755,1,Kino
Can you give me a local and current movie schedule,6,2,1,0.00070453226,1,Kino
find a video game called Fare Thee Well Celebrating 50 Years of the Grateful Dead,5,3,1,0.00014179057,1,Kino
Find a TV show called Ace of Spades .,5,3,1,0.0014624115,1,Kino
what animated movie are at the theater in the neighborhood,6,1,1,0.00091600284,1,Kino
What is the movie schedule 1 second from now,6,2,1,0.00015866631,1,Kino
What time is Swarna Trishna playinh at Loews Cineplex,6,3,1,0.0003198634,1,Kino
find At This Point in Time,5,2,1,0.037774384,1,Kino
what movies are showing at Fox Theatres at 11 am,6,1,1,0.00073225395,1,Kino
Play the album Killer Instinkt,3,3,0,0.00010489479,1,Kino
I want to see Far Cry Vengeance,5,3,1,0.00016153505,1,Kino
find a movie theatre showing The Tailor of Panama,6,1,1,0.0004564426,1,Kino
Play Iheart,3,3,0,9.882867e-05,1,Kino
Play some Psychedelic Rock .,3,3,0,9.854012e-05,1,Kino
Find a soundtrack called New Religion .,5,3,1,9.937553e-05,1,Kino
Find out what films are being played in the neighbourhood,6,3,1,0.010521923,1,Kino
What movie theatre is palying The Hurricane five hours from now,6,2,1,0.00032187035,1,Kino
Can you locate West Coast Wrestling Connection,5,3,1,0.0018450562,1,Kino
"I want to take christy, louise and alexandra to eat at 173804 anywhere in NE",1,1,0,0.00017081873,1,Kino
find a movie house with Ulterior Motive that is closest,6,1,1,0.00018863633,1,Kino
Add this album to my pop playlist,0,0,0,0.00012565838,1,Kino
Show the Soonchild painting,5,5,1,0.40732545,1,Kino
rate the book The Orchard Book of First Greek Myths a 0,4,4,0,0.00015760357,1,Kino
Find me the painting Fallen Sanctuary,5,3,1,0.004874231,1,Kino
I want this album on my Indie Alternativa playlist,0,0,0,0.00014476714,1,Kino
Find a photograph of Time Loves a Hero,5,3,1,0.0010243927,1,Kino
May I have the movie schedules for Speakeasy Theaters,6,2,1,0.00068940496,1,Kino
What time is Sontha Ooru playing,6,3,1,0.00017719794,1,Kino
show creative game Fear Thy Neighbor,5,3,1,0.006017382,1,Kino
show creativity of Sing to the Dawn,5,3,1,0.0057302047,1,Kino
Will it snowstorm next week in West Winfield Finland ?,2,2,0,0.00011678793,1,Kino
Show the movie schedule,6,2,1,0.00032750404,1,Kino
What's the weather going to be like in PR at nineteen o'clock,2,2,0,0.00012578639,1,Kino
Play Larry Graham sound track,3,3,0,9.9312674e-05,1,Kino
"I want to book a restaurant in Wallsburg , Missouri for michele, diann and pam",1,1,0,0.00014840176,1,Kino
book a spot for elise and alma at a brasserie in Ravensdale MH for this week,1,1,0,0.00016414658,1,Kino
Find The Earth Is a Sinful Song,5,0,1,0.0011402238,1,Kino
Find Games Wizards Play TV series,5,3,1,0.00018567946,1,Kino
Is The Eye – Infinity playing at General Cinema Corporation,6,3,1,0.00021883774,1,Kino
find The Family Jams saga,5,3,1,0.0002805757,1,Kino
What's the weather in Belize close to ten pm,2,2,0,0.00010489174,1,Kino
Look up The Park album,5,3,1,0.0003965056,1,Kino
put this artist on Domingo Indie,0,0,0,0.00012407235,1,Kino
is Cape Mount Nature Conservation Unit has storm weather,2,2,0,0.00012504299,1,Kino
What time is The Burning Season playing,6,2,1,0.0001221495,1,Kino
Please add a track by david freiberg to my workout playlist.,0,0,0,0.00013245647,1,Kino
Please look up the TV series Parables for Wooden Ears .,5,3,1,0.00011272432,1,Kino
"rate the book A Girl, a Man, and a River a five",4,4,0,0.00013935642,1,Kino
tell me the movie schedule,6,2,1,0.00015693945,1,Kino
"Make me a reservation at Illinois Central Railroad Freight Depot in Singapore with vickie rodriguez, lila reyes and ruby",1,1,0,0.00020867899,1,Kino
Please look for the TV show Memoirs from a Bedroom Issue 1,5,3,1,0.0021593198,1,Kino
Am looking for a book with the title Free to Play,5,1,1,0.0007122702,1,Kino
Add Sci-Fi Crimes to the fresh folk playlist,0,0,0,0.0001370684,1,Kino
find the album The Peace-Maker,5,3,1,0.00021563751,1,Kino
What are the movie times,6,2,1,0.00023947116,1,Kino
Add genocide to electronic bliss,0,0,0,0.00014100414,1,Kino
Look for the American Journal of Sociology,5,5,1,0.7868607,1,Kino
show creativity of song A Discord Electric,5,3,1,0.0011501961,1,Kino
Put the frl menke song in my comedy top tracks,0,0,0,0.00011804613,1,Kino
Rate the current essay 5 of 6 points,4,4,0,0.00015186286,1,Kino
I want to watch the show Railroad Model Craftsman,5,3,1,0.00012650156,1,Kino
is We Are Northern Lights playing in any movie theatre,6,3,1,0.0017703872,1,Kino
show the movies at the nearest movie house,6,1,1,0.00026301702,1,Kino
whats the closest movie theatre showing animated movies,6,1,1,0.00046950785,1,Kino
I want to hear music from carman from the 1966 album,3,3,0,9.663046e-05,1,Kino
What is The Cave Canem Demos photograph ?,5,2,1,0.001230276,1,Kino
"Please search for the TV show , The Best of White Lion .",5,3,1,0.00059375743,1,Kino
Where is the closest cinema playing A Drink in the Passage,6,3,1,0.002362142,1,Kino
play track Her Majesty,3,3,0,9.329584e-05,1,Kino
Is this film going to be at Malco Theatres ?,6,2,1,0.00022184123,1,Kino
I want to book Dinner by Heston Blumenthal in AL .,1,1,0,0.00022994858,1,Kino
"find I Love You Too , a saga",5,3,1,0.0017560758,1,Kino
show book of Pokémon The Mastermind of Mirage Pokémon,5,5,1,0.9889325,1,Kino
Play some thrash metal .,3,3,0,9.854032e-05,1,Kino
I'm looking for the novel From a Scream to a Whisper,5,3,1,0.0058483733,1,Kino
"On Jun. the sixteenth, 2032 I'd like to go to Dillard House in Putnam Hall",1,1,0,0.00013099826,1,Kino
Give zero / 6 stars to this album,4,4,0,0.00013800214,1,Kino
find the TV series Truly Fine Citizen,5,3,1,0.0011361062,1,Kino
Can I get the movie schedule for the Bow Tie Cinemas .,6,1,1,0.0008056413,1,Kino
Find a reservation at Boone Tavern for 4 people in 1024,1,1,0,0.000174737,1,Kino
show the movie times for animated movies in the neighbourhood,6,2,1,0.0029840227,1,Kino
Is Salò the TV show available to watch anywhere?,5,2,1,0.001264699,1,Kino
Where is The Man with a Cross playing,6,3,1,0.00013879804,1,Kino
Can I get the newest listings for movies at Harkins Theatres,6,1,1,0.00047210147,1,Kino
Looking for a painting with the title With You,5,2,1,0.043901335,1,Kino
Is it hot here,2,2,0,0.0001157636,1,Kino
Show the movie schedule of animated movies close by,6,2,1,0.000437745,1,Kino
What films are showing in the neighbourhood ?,6,2,1,0.00020072238,1,Kino
"Add another tune to my songs for you, not your parents playlist.",0,0,0,0.0001393625,1,Kino
"find the nearest place at four o'clock with a movie house showing Wow, The Kid Gang of Bandits",6,1,1,0.00017943888,1,Kino
Can I see Ellis Island Revisited in 1 minute,6,2,1,0.00021208827,1,Kino
Rate The Simon & Schuster Encyclopedia of Dinosaurs and Prehistoric Creatures 0 points .,4,4,0,0.00016613609,1,Kino
When is That Forward Center Died at Dawn playing at the closest cinema ?,6,3,1,0.0008973018,1,Kino
find The Watcher at United Paramount Theatres,6,1,1,0.0005505061,1,Kino
my Disco Forever playlist needs an album by sawai gandharva .,0,0,0,0.00078342203,1,Kino
Show the latest animated movies movie times for the nearest movie house,6,1,1,0.0012940054,1,Kino
Look up the show Cissy Houston,5,3,1,0.00014398876,1,Kino
I would like to book a restaurant within the same area as Myrtle Av for 6,1,1,0,0.00017439657,1,Kino
Show me Heavenly Sword,5,3,1,0.05715165,1,Kino
Find a novel called On the Case with Paula Zahn .,5,3,1,0.00036423033,1,Kino
play the television show Tears Laid in Earth,5,3,1,0.00010417985,1,Kino
Where to watch show Extremely Live,5,3,1,0.00011673864,1,Kino
Find the movie schedule for animated movies in the area .,6,2,1,0.0016291576,1,Kino
find Now and Forever,6,3,1,0.00058351393,1,Kino
Where can I locate the game Legion of Mary The Jerry Garcia Collection,5,3,1,0.0004900601,1,Kino
search for a painting of The Wannadies,5,3,1,0.00020000298,1,Kino
I need a reservation for ten at a tavern in West Virginia,1,1,0,0.00016986251,1,Kino
What movie house is showing Flower and Snake at 085629 ?,6,1,1,0.00021970387,1,Kino
Find me the Karl Hess Toward Liberty photograph,5,3,1,0.0045506577,1,Kino
Find a video game called New York 911 .,5,3,1,0.00019188818,1,Kino
Rate the current textbook 3 of 6,4,4,0,0.00014647358,1,Kino
"find PlayStation官方杂志 , a song",5,3,1,0.00016524669,1,Kino
Fine the movie schedule for Warren Theatres .,6,2,1,0.00069163373,1,Kino
Please play a song by Ahmad Jamal,3,3,0,0.000101568636,1,Kino
What are the time for movies playing at Star Theatres ?,6,2,1,0.00034301603,1,Kino
Play Tujiko Noriko 's Ten Years And Running .,3,3,0,0.00010306636,1,Kino
Check movie schedules and find which animated movies are being aired in the neighborhood movie halls.,6,2,1,0.0038636862,1,Kino
Find me a showing of The Vanquished that starts nine hours and 1 second from now .,6,3,1,0.019738127,1,Kino
Find movie times for B&B Theatres .,6,1,1,0.0002359049,1,Kino
Will it get hotter in Hext ?,2,2,0,0.000113194415,1,Kino
I'm looking for the television show The Flame,5,3,1,0.0021309534,1,Kino
Show me the current movie times,6,2,1,0.00019417466,1,Kino
Will there be a blizzard at 2 am in my current place,2,2,0,0.00011990578,1,Kino
Find the show Manthan,5,3,1,0.00016855584,1,Kino
book indian food at a highly rated pub for 1 for 0222 pm,1,1,0,0.00017388375,1,Kino
Show the Innocent When You Dream saga,5,3,1,0.0022091677,1,Kino
Make me a reservation in Hardesty at a joint the is indoor,1,1,0,0.00017679119,1,Kino
What time is The Ladies Diplomat playing?,6,2,1,0.0011416306,1,Kino
What is the Wanda Group movie schedules,6,2,1,0.00016412536,1,Kino
I'd like to see Apartment Hunting .,5,1,1,0.0022807054,1,Kino
I'd like to watch In High Places,6,3,1,0.00012609706,1,Kino
Show me the Caribbean Blue television show,5,3,1,0.025176065,1,Kino
What movies are playing at the nearest movie house,6,3,1,0.002810797,1,Kino
Add kaya newest track to my I Love My '00's R&B playlist,0,0,0,0.00012203052,1,Kino
FInd the movie schedule for nearby movies .,6,1,1,0.00159768,1,Kino
Please look up the Power and Love movie .,5,3,1,0.00014194539,1,Kino
What are the movie schedules for my favorite theaters,6,2,1,0.00026151954,1,Kino
"Will it be chilly in Penuelas Indonesia on Nov. 26th, 2030",2,2,0,0.00011452828,1,Kino
Has the TV series Puppet Master Axis of Evil been cancelled?,5,2,1,0.00038176574,1,Kino
"What's the forecast for Emily , Florida for aug. 17th, 2020 ?",2,2,0,0.00011622003,1,Kino
Show me the movie schedule,6,2,1,0.00030367333,1,Kino
Where can I find the Sounds to Consume album ?,5,0,1,0.0006006049,1,Kino
What are the movie schedules,6,2,1,0.00017291761,1,Kino
Please check the movie schedule,6,2,1,0.00026215965,1,Kino
I need a weather forecast for Tallahassee-St. Marks Historic Railroad State Trail,2,2,0,0.00012901657,1,Kino
What are the movie schedules for animated movies playing in the neighborhood,6,2,1,0.00030456125,1,Kino
Is Cowboy Canteen playing,6,3,1,0.00014163417,1,Kino
Look up The Gun soundtrack,5,3,1,0.0001619544,1,Kino
Find me the showtimes for How to Commit Marriage .,6,5,1,0.9789185,1,Kino
I want to listen to some Saori Atsumi from the twenties on Deezer,3,3,0,9.7104414e-05,1,Kino
"Please search for the work, Wholehearted .",5,3,1,0.0065752366,1,Kino
is it warm in Fernandina Beach Slovakia,2,2,0,0.00011932274,1,Kino
rate the Which Moped with Chrome-plated Handlebars at the Back of the Yard ? saga a one,4,4,0,0.00012787501,1,Kino
What's the weather forecast for 3 hours from now at Christmas Island ?,2,2,0,0.00011886055,1,Kino
What does For All the Wrong Reasons look like,5,2,1,0.0015665579,1,Kino
Where can I buy The Lying Game,5,1,1,0.00023292417,1,Kino
book a tea house on 5/20/2028 in Pataskala that serves crepe in NC for five,1,1,0,0.00017677678,1,Kino
"Is Love, Marilyn playing",6,3,1,0.00012070936,1,Kino
Rate this novel 4 out of 6,4,4,0,0.00014965468,1,Kino
What's the weather forecast in Humphrey ?,2,2,0,0.00012492848,1,Kino
"find Trauma Center New Blood , an album",5,3,1,0.00018956508,1,Kino
Rate Contesting the Future of Nuclear Power a four,4,4,0,0.00017427721,1,Kino
How is the weather going to be on child health day in Trinidad and Tobago ?,2,2,0,0.00014520135,1,Kino
Find the creative work Brilliant! Tragic !,5,4,1,0.014529391,1,Kino
Look for Summer with Monika,5,2,1,0.00017014763,1,Kino
Find the schedule for The Tooth Will Out at sunrise .,6,2,1,0.00016001126,1,Kino
I think that this book deserves a 3,4,4,0,0.00012552938,1,Kino
Please get me Infernal Devices game .,5,3,1,0.0009466866,1,Kino
What will the weather be nineteen hours from now neighboring Saint Kitts and Nevis ?,2,2,0,0.00011297451,1,Kino
I'd like to see the show Onion SportsDome,5,3,1,0.00016092566,1,Kino
put this album on my Wild Country playlist,0,0,0,0.00015637974,1,Kino
Add Kirk Hammett to Calm Down,0,0,0,0.000113412316,1,Kino
Show The Late Great Townes Van Zandt,5,3,1,0.00012039391,1,Kino
I want to watch Strange Brother,5,3,1,0.00011086243,1,Kino
Fine movie times for animated movies in the neighborhood .,6,1,1,0.0005959499,1,Kino
add Steve Jordan to inez's tgif,0,0,0,0.00013117642,1,Kino
Find movie times .,6,3,1,0.0012011116,1,Kino
What films are playing at Goodrich Quality Theaters,6,3,1,0.0007583443,1,Kino
find Oman Medical Journal,5,2,1,0.0016102694,1,Kino
Play ep from Quasimoto from the nineties,3,3,0,9.7868746e-05,1,Kino
show me the picture Sex and Drugs and Jesus Christ,5,5,1,0.9839168,1,Kino
find the nearest movie house with Pirates of the 20th Century,6,1,1,0.00045850762,1,Kino
List the movie schedule for Regal Entertainment Group theater.,6,1,1,0.0012638506,1,Kino
Will it be chillier in La Mesa ?,2,2,0,0.00011599264,1,Kino
Play the song Aura II The Sacred Rings,5,3,1,9.7868324e-05,1,Kino
Find a novel called Twins of Evil .,5,3,1,0.0027608867,1,Kino
Book a spot for one at a fish restaurant,1,1,0,0.00017713757,1,Kino
I'm wondering what cinema is playing Peters baby .,6,3,1,0.00039444445,1,Kino
Check films screened at the closest cinema,6,1,1,0.0005302193,1,Kino
find Fox Theatres with The Caretaker,6,1,1,0.00027516673,1,Kino
find a television show called Milagros Girl from Away,5,3,1,0.00028719578,1,Kino
Please search Thirayum Theeravum video game .,5,3,1,0.00016081006,1,Kino
Locate the best pub in Apache Junction,1,1,0,0.00012274842,1,Kino
where can i watch Wartime Romance in the morning,6,3,1,0.00013816502,1,Kino
Show films at the nearest cinema,6,1,1,0.0002512769,1,Kino
"What time is Careful, He Might Hear You playing at the cinema",6,2,1,0.000734737,1,Kino
search for the picture Boomtown,5,3,1,0.000907026,1,Kino
give 2 out of 6 stars to current chronicle,4,4,0,0.00014690345,1,Kino
I want to see Medal for the General,6,4,1,0.000704348,1,Kino
Where can I buy the soundtrack Bridge of Souls,5,3,1,0.0013589896,1,Kino
find the Putrid Death Sorcery soundtrack,5,3,1,0.0001005576,1,Kino
play some Annie Herring beat street on itunes,3,3,0,9.122295e-05,1,Kino
Find The Tyrant,5,2,1,0.004730243,1,Kino
Find trailer of Jazz Impressions of the U.S.A.,5,3,1,0.00019793499,1,Kino
The trapaholics needs another artist added.,0,0,0,0.000118269534,1,Kino
what animated movies are showing in the neighborhood,6,2,1,0.00032603482,1,Kino
show movie schedule,6,2,1,0.00021868883,1,Kino
what is the forecast for Montana at dinner,2,2,0,0.00012275178,1,Kino
She me movie schedules for the movies close by at sunset,6,2,1,0.0005688497,1,Kino
Find a novel called Matching Dreams .,5,3,1,0.0030347835,1,Kino
Show The Collectors video game,5,3,1,0.0015632911,1,Kino
Find what movies are showing at the nearest movie house,6,1,1,0.00028345094,1,Kino
What time does the next movie play around here,6,2,1,0.00017391953,1,Kino
find the video game The Sims 3 Generations,5,3,1,0.0009039251,1,Kino
find the song Occasional Wife,5,3,1,0.00010072556,1,Kino
Use Itunes to play music,3,3,0,0.000119908254,1,Kino
What is the weather forecast for Nicaragua,2,2,0,0.00011736021,1,Kino
What are the movie times of films in the neighbourhood,6,2,1,0.0003464336,1,Kino
Can I get the showings for Mysterious Crossing ?,6,1,1,0.007744687,1,Kino
want to find the novel called Innocent Until Caught 2 Guilty,5,4,1,0.005327361,1,Kino
What movies are playing at the nearest cinema,6,3,1,0.0015650287,1,Kino
what movie house is the closest playing animated movies,6,3,1,0.00029248564,1,Kino
I need a list of animated movies playing around here,6,3,1,0.0026494153,1,Kino
Where and when is Douglas playing?,6,3,1,0.0013220011,1,Kino
add track to my Las Canciones Más Lindas Del Mundo playlist,0,0,0,0.00013155962,1,Kino
Rate this textbook five points,4,4,0,0.00014590219,1,Kino
show of From South Africa to South Carolina,5,2,1,0.0013126287,1,Kino
Find movie schedules for IMAX Corporation .,6,1,1,0.003050524,1,Kino
find Harry Potter and the Deathly Hallows – Part 2,5,3,1,0.00030625678,1,Kino
What movies are at Malco Theatres,6,2,1,0.0006736104,1,Kino
Book a bar with a pool in Mountain Iron .,1,1,0,0.00012631711,1,Kino
what movies are at Loews Cineplex,6,1,1,0.00080240896,1,Kino
Can I get the movie schedules for Landmark Theatres .,6,1,1,0.0014924733,1,Kino
Find me a soundtrack by Ghost Town Prophecy,5,3,1,0.0001125233,1,Kino
Find the Cold Dead Hand video game for me,5,3,1,0.00023874907,1,Kino
show me the schedule of movie Interview The Documentary in Loews Cineplex,6,2,1,0.00088777055,1,Kino
add Georgetown University Alma Mater to my evening acoustic playlist,0,0,0,0.00013053803,1,Kino
add this gisela song to my dancehall official,0,0,0,0.00013130404,1,Kino
"Will there be a blizzard here on dec. 26, 2027 ?",2,2,0,0.00012096613,1,Kino
I want to see the local movie times,6,3,1,0.0003045741,1,Kino
show me the schedule for The Oblong Box,6,2,1,0.017774733,1,Kino
Check the timings for Snowbound at the closest movie theatre .,6,2,1,0.00013076622,1,Kino
What is Party All Night,5,2,1,0.00013353895,1,Kino
find Plitt Theatres now showing Poverty and Nobility,6,3,1,0.0009462447,1,Kino
find the closest films at a movie house,6,1,1,0.00019335844,1,Kino
what movie theatre closest to me is playing animated movies and when,6,3,1,0.0004697902,1,Kino
"find Cluster Computing , a game",5,5,1,0.93579525,1,Kino
Show Famous Classic Tales television show,5,3,1,0.0001850982,1,Kino
Please play some Bill Evans music.,3,3,0,0.00010087727,1,Kino
Find The Black Girl in Search of God trailer,5,3,1,0.00028872243,1,Kino
Shw the picture Twin Husbands,5,3,1,0.00084150117,1,Kino
Can you search the Daring Youth saga ?,5,3,1,0.0016116454,1,Kino
play the Caps Lock trailer,5,3,1,0.00010028714,1,Kino
find a book called Tron Legacy Reconfigured,5,3,1,0.0029202488,1,Kino
Will the weather be the same here in one week in the same area,2,2,0,0.0001129751,1,Kino
when is Nattbuss 807 playing at a movie theatre near me,6,3,1,0.0008708408,1,Kino
For the saga Leaves from the Inn of the Last Home I give the rating of 1,4,4,0,0.00012614398,1,Kino
What films are playing at the nearest movie theatre,6,3,1,0.0021723693,1,Kino
show creativity of photograph of My Wonderful Day,5,3,1,0.1628058,1,Kino
add space cowboy to my the funny thing about football is playlist,0,0,0,0.00016166043,1,Kino
Use Itunes to play a soundtrack from the year 1954,3,3,0,0.00010706751,1,Kino
"what's the closest cinema playing Six Days Three Activists, Three Wars, One Dream at sunrise",6,3,1,0.00080274796,1,Kino
find films with movie schedules that are nearby,6,2,1,0.005753362,1,Kino
Find movie schedules .,6,1,1,0.0028705457,1,Kino
I would like a restaurant reservation for this year for 4 people.,1,1,0,0.00018563391,1,Kino
"find Long Walk to Forever , a novel",5,3,1,0.00034226495,1,Kino
add track to dance playlist,0,0,0,0.0001256594,1,Kino
Play Dave Joyal,3,3,0,0.000105100255,1,Kino
Please look up Show-Biz Blues photograph .,5,3,1,0.00018668108,1,Kino
What films are showing at Cineplex Odeon Corporation ?,6,2,1,0.00067636115,1,Kino
I need a table at a restaurant in Texas for kelley and suzette,1,1,0,0.00015211175,1,Kino
What time is Tasher Desh playing at the nearest movie house,6,2,1,0.0010835754,1,Kino
I want to book an indoor brasserie within walking distance in ME .,1,1,0,0.00021152309,1,Kino
I want to see a list of local movie times .,6,1,1,0.011380238,1,Kino
rate the last saga 3,4,4,0,0.00013104072,1,Kino
How will the weather be in six minutes close to Moosic,2,2,0,0.000125052,1,Kino
Show me the picture Written in the Stars,5,2,1,0.0010068294,1,Kino
find the game Selling Blue Elephants,5,1,1,0.0007508947,1,Kino
in the neighbourhood find movies,6,3,1,0.0018491766,1,Kino
Is The Mystery of Betty Bonn playing at twelve A.M. at the nearest movie house ?,6,2,1,0.002276817,1,Kino
add Billy Martin album to my legendary guitar solos playlist,0,0,0,0.00013156146,1,Kino
Find a saga called Story of My Life .,5,3,1,0.008415963,1,Kino
Is Love Is a Ball playing right now ?,6,2,1,0.00072108617,1,Kino
How do I watch the television show Counting the Rosaries ?,5,3,1,0.00019686506,1,Kino
Add tune to cleaning the house,0,0,0,0.00012084351,1,Kino
play the Cabin Fever 2 Spring Fever saga,5,3,1,9.844255e-05,1,Kino
I want to read the book Between a Rock and a Hard Place,5,3,1,0.0003064356,1,Kino
When is Spyforce playing?,5,3,1,0.00034759648,1,Kino
Tell me the movie schedules for Loews Cineplex Entertainment,6,2,1,0.0001897971,1,Kino
Find A New Machine,5,1,1,0.0059572407,1,Kino
where is Beyblade Fierce Battle playing,6,3,1,0.00011733905,1,Kino
Look for the show V-The New Mythology Suite,5,3,1,0.0010426134,1,Kino
Tell me if it will be windy here,2,2,0,0.00011678732,1,Kino
Search for the Abel Sánchez The History of a Passion novel,5,5,1,0.5766951,1,Kino
"find The Great Hydration , a TV series",5,3,1,0.0004741692,1,Kino
Where can I find Police Story 3 Supercop,5,3,1,0.0011398564,1,Kino
Wish to see the photograph with the name Live Right Here,5,0,1,0.0011985507,1,Kino
Is The Strange Case of the End of Civilization as We Know It playing at the movie theatre,6,3,1,0.0023340788,1,Kino
Find the movie schedules for Great Escape Theatres .,6,1,1,0.0029719062,1,Kino
find the picture Ultima VI The False Prophet,5,3,1,0.0010109923,1,Kino
rate the current essay zero out of 6 stars,4,4,0,0.00014936275,1,Kino
Is The Big Job playing at the nearest cinema ?,6,1,1,0.0017906936,1,Kino
Is A Man Called Hero playing during brunch at the cinema,6,3,1,0.00038825168,1,Kino
Play Night Electric Night on Iheart,3,3,0,9.653725e-05,1,Kino
I'd like to see Sex Tape - Finiti in rete,5,1,1,0.0024101967,1,Kino
add a tune in Chill Vibes,0,0,0,0.00012627472,1,Kino
What movies are playing Douglas Theatre Company,6,3,1,0.0001808002,1,Kino
Is Live from Sturgis 2006 playing at four o'clock at the nearest cinema ?,6,3,1,0.00014316033,1,Kino
Look up the This Is Halloween trailer,5,3,1,0.00017092511,1,Kino
I need a reservation for the Oasis Drive-In for a party of four,1,1,0,0.00020250132,1,Kino
Find a TV show called Revenge of the Nerds .,5,3,1,0.00096563593,1,Kino
Can I get a table at The Fort ?,1,1,0,0.00012628372,1,Kino
Please check the movie schedule .,6,2,1,0.00030143897,1,Kino
What's the weather in Wisconsin on National Maritime Day,2,2,0,0.000119909324,1,Kino
what is the weather starting at 114752 for South Africa,2,2,0,0.00012347184,1,Kino
What is the movie schedules for the movies nearby playing 23 seconds from now,6,2,1,0.00014304399,1,Kino
Where is the closest movie house that's playing The Mark ?,6,1,1,0.001482965,1,Kino
Find movie schedules .,6,1,1,0.0028705457,1,Kino
table for nine at an internet pub,1,1,0,0.00024045697,1,Kino
"When will it be warmer in White Horse , Mauritius",2,2,0,0.00011736025,1,Kino
Rate the current textbook a 0 out of 6 .,4,4,0,0.00014547585,1,Kino
"I want to eat Louisiana Fried Chicken in McColl , IA",1,1,0,0.00021755735,1,Kino
play a new soundtrack by Benjamin Darvill on Groove Shark,3,3,0,9.467295e-05,1,Kino
find an album called From the Terrace,5,3,1,0.00017311687,1,Kino
where is Puthri playing,6,3,1,0.00018252798,1,Kino
show creativity in photograph of Grace Submerged,5,3,1,0.35513854,1,Kino
find Partners in Action at Dickinson Theatres,6,1,1,0.0005937887,1,Kino
Add Atticus Ross to the playlist electrosafari,0,0,0,0.00012553744,1,Kino
I need to book a Theme restaurant this month in Chile,1,1,0,0.00040038908,1,Kino
find the nearest movies at a movie theatre,6,1,1,0.00018506548,1,Kino
The current novel I'm reading gets only a one out of 6 .,4,4,0,0.000129894,1,Kino
what animated movies are playing at Fox Theatres,6,3,1,0.00039979754,1,Kino
Where can I watch Hank Williams The Show He Never Gave ?,6,3,1,0.000109593464,1,Kino
I want to add something by Jarvis Cocker to my rock español playlist,0,0,0,0.00011815728,1,Kino
find the album Smoke and Mirrors,5,3,1,0.00011594241,1,Kino
Is Prophecy playing at Malco Theatres,6,3,1,0.00015643594,1,Kino
Find me the song called The Budapest Beacon .,5,3,1,0.0011724218,1,Kino
Find Wish You Were Here .,5,3,1,0.00040086254,1,Kino
I would like to book a restaurant in Tanzania that is within walking distance for my mom and I,1,1,0,0.00016741086,1,Kino
I'm looking for the album called Disorderly Conduct Video on Patrol,5,0,1,0.00026939786,1,Kino
find 16 starting time for Heavenly Body,6,2,1,0.00020219969,1,Kino
Give A Human Being Died That Night 3 stars,4,4,0,0.00015576766,1,Kino
Book the Light Horse Tavern for 4 people.,1,1,0,0.00019455088,1,Kino
find Sailing The Seas Of Cheese,5,3,1,0.0006561334,1,Kino
I rate the book You Only Live Twice two points,4,4,0,0.00013976547,1,Kino
What is the movie schedule for any films playing close by at Sunset,6,2,1,0.00015555683,1,Kino
Play a record from 2015,3,3,0,9.5695425e-05,1,Kino
find If These Walls Could Talk,5,5,1,0.59514916,1,Kino
Rate The Cherryh Odyssey three of 6 stars,4,4,0,0.00014113764,1,Kino
where is The Adventure of the Yellow Curl Papers playing,6,3,1,0.00013989028,1,Kino
Play something by Chris Knight,3,3,0,9.43952e-05,1,Kino
play the Hell of a Life movie,5,3,1,0.000106337706,1,Kino
Where is the TV show Am Universum,5,3,1,0.0010884928,1,Kino
give 2 for this essay,4,4,0,0.00014099698,1,Kino
Give Hindu Temples What Happened to Them a 5 out of 6 stars .,4,4,0,0.00014892493,1,Kino
I give The Road from Elephant Pass four stars,4,4,0,0.00013679473,1,Kino
Find a game called The Life and Loves of Tschaikovsky .,5,3,1,0.00039078487,1,Kino
Add track to Hit Remix,0,0,0,0.00011701213,1,Kino
Show me the movie Black Summer,5,3,1,0.08702977,1,Kino
give me the movie times for Fox Theatres,6,2,1,0.0005902563,1,Kino
Get soundtrack of Comprehensive Knowledge Archive Network,5,3,1,0.0021403106,1,Kino
I'd like to add this album to my Siesta playlist,0,0,0,0.00013040863,1,Kino
Please search for the Live in San Juan Capistrano picture .,5,3,1,0.0013286525,1,Kino
Show The Man from London video game,5,3,1,0.001003955,1,Kino
Please help me find the Selections from the Arista Years video game .,5,3,1,0.00016787619,1,Kino
add this artist to Pop 2017 Picks,0,0,0,0.00011967113,1,Kino
add album to Ultra Metal,0,0,0,0.0001235903,1,Kino
Book a reservation for two at Mickies Dairy Bar in Weedsport,1,1,0,0.0001677146,1,Kino
Find the schedule for movies at Harkins Theatres .,6,1,1,0.00031832603,1,Kino
some me a Healthy picture,5,3,1,0.010653083,1,Kino
Find a video game called Merry Andrew .,5,3,1,0.00020467314,1,Kino
Will there be rainfall faraway from Uganda,2,2,0,0.00011735774,1,Kino
"Another Girl, Another Planet gets only one of a possiable 6 rating",4,4,0,0.00013258478,1,Kino
I want to give Three Days Before the Shooting... one out of 6 stars,4,4,0,0.0001627644,1,Kino
find The World Is a Game,5,3,1,0.3896979,1,Kino
Add Live from Aragon Ballroom to Trapeo,0,0,0,0.00013143253,1,Kino
Find GoodReader .,5,3,1,0.00039318064,1,Kino
give a 1 to A Thousand Lies,4,4,0,0.0001434992,1,Kino
What's the cloud forecast now for Sierra Leone ?,2,2,0,0.000113861315,1,Kino
Search for TERA The Exiled Realm of Arborea,5,3,1,0.00296899,1,Kino
in the neighbourhood find movies,6,3,1,0.0018491766,1,Kino
Give me the showtimes for animated movies at the nearest cinema .,6,1,1,0.00022234862,1,Kino
find the photograph Canaich,5,3,1,0.004931275,1,Kino
What movie times are at Bow Tie Cinemas ?,6,2,1,0.00021472541,1,Kino
play Seven Steps To Heaven by Wikluh Sky,3,3,0,0.00010602714,1,Kino
show me the schedule of movie The Duchess of Langeais in cinema,6,2,1,0.00039319572,1,Kino
Find the movie times for Caribbean Cinemas .,6,1,1,0.0002356695,1,Kino
Find me the movie with the title of Twitches,5,3,1,0.021640772,1,Kino
What films start at eighteen at Caribbean Cinemas,6,1,1,0.00036251772,1,Kino
Can you locate the saga for the Ringo Sheena discography,5,0,1,0.00036542953,1,Kino
"Play the playlist, A Mis Niños de 30 .",3,3,0,9.786735e-05,1,Kino
book a restaurant table at the food court in the spa sixteen hours from now,1,1,0,0.00014047216,1,Kino
add grim skunk to Duetos,0,0,0,0.00011297136,1,Kino
Find a TV show called The SoulTaker .,5,3,1,0.0012169742,1,Kino
I want to play the game The Celestial Hawk,5,3,1,0.00013015445,1,Kino
Show Saison 5 de Game of Thrones,5,3,1,0.054935507,1,Kino
give me the movie schedule for films in the area,6,2,1,0.00017081373,1,Kino
What is the closest movie theatre that is playing animated movies,6,1,1,0.0015080066,1,Kino
What are the movie times at the Malco Theatres ?,6,2,1,0.00019507397,1,Kino
Get me a table at a bar which has a spa .,1,1,0,0.00019741854,1,Kino
What films are playing at 1 PM at Showcase Cinemas,6,3,1,0.00041082452,1,Kino
I'm trying to find The Final Solution video game .,5,5,1,0.9371091,1,Kino
Find the Stone Free game,5,3,1,0.0019848777,1,Kino
What are the movie schedule now,6,2,1,0.00018869874,1,Kino
What time is The Grey Zone playing?,6,2,1,0.00016136968,1,Kino
What movie theatre is playing The Deaths of Ian Stone,6,3,1,0.00014717755,1,Kino
Open Pandora and play Reggaeton 2017 y Baila !,3,3,0,0.00010873978,1,Kino
