text,true_label_original,pred_label_mapped,is_ood_true,ood_score,fold,scenario
I want to hear opera on Netflix,3,3,0,0.00017115558,5,OOD_Class_4
Find movie times .,6,5,0,0.00014164501,5,OOD_Class_4
I want to watch Escape the Fate discography,5,4,0,0.00011449742,5,OOD_Class_4
rate the current essay a three,4,4,1,0.00028436905,5,OOD_Class_4
Play slow rock music on Vimeo,3,3,0,0.00020417887,5,OOD_Class_4
A rating of 5 of 6 points goes to Dickson McCunn trilogy,4,4,1,0.0014932989,5,OOD_Class_4
show me movies in the area,6,5,0,0.00013836277,5,OOD_Class_4
I give Christianity not Mysterious 1 out of 6 points .,4,4,1,0.0093870135,5,OOD_Class_4
add john brown to my Dinnertime Acoustics,0,0,0,0.00022712984,5,OOD_Class_4
The Citrus Industry is a four rating value and a best rating of 6,4,0,1,0.0020426319,5,OOD_Class_4
Please add Emanuel Kiriakou to my playlist llegando a casa,0,0,0,0.00021068023,5,OOD_Class_4
around here find movie schedule for films,6,5,0,0.00014303766,5,OOD_Class_4
Can you play a top song from a chyi chin concerto,3,3,0,0.00015194203,5,OOD_Class_4
Make me a reservation in Hardesty at a joint the is indoor,1,1,0,0.00023920964,5,OOD_Class_4
Show me The Heart Specialist,5,4,0,0.00014487171,5,OOD_Class_4
The current novel I'm reading gets only a one out of 6 .,4,4,1,0.00054368353,5,OOD_Class_4
Rate this album 0 points,4,4,1,0.0015630889,5,OOD_Class_4
Rate this saga two with a bet rating of 6,4,4,1,0.00043788884,5,OOD_Class_4
Give this book a 2 .,4,4,1,0.0047550444,5,OOD_Class_4
Play some twenties chant music on Slacker,3,3,0,0.0002008176,5,OOD_Class_4
What movies are playing close by,6,5,0,0.00015226023,5,OOD_Class_4
find Brandy in the Wilderness,6,5,0,0.00076963776,5,OOD_Class_4
can you find me a showing for Before the Music Dies in one second ?,6,5,0,0.00022553027,5,OOD_Class_4
Find the schedule for Brick .,6,5,0,0.00014441043,5,OOD_Class_4
"find Wild Solutions , a saga",5,4,0,0.00013995916,5,OOD_Class_4
Play me a song by Dj Paul Elstak in 1988 on Zvooq,3,3,0,0.00012744516,5,OOD_Class_4
add this tune to my Dance playlist,0,0,0,0.00023687213,5,OOD_Class_4
I want to give the current saga 0 stars,4,4,1,0.00046378138,5,OOD_Class_4
what is the forecast for Tschetter Colony on Ascension Day in Oregon,2,2,0,0.00013439343,5,OOD_Class_4
rate this current novel 1 stars,4,4,1,0.00029998136,5,OOD_Class_4
Show me the painting called Fool for Love .,5,4,0,0.00017231923,5,OOD_Class_4
Play me a 1974 tune on Slacker,3,3,0,0.00011763273,5,OOD_Class_4
I want to give the saga In Praise of the Stepmother 2 out of 6 points,4,4,1,0.0007671369,5,OOD_Class_4
Rate The Art of Nijinsky 5 points,4,4,1,0.00036742107,5,OOD_Class_4
Find the book A Glorious Way to Die,5,4,0,0.00015013335,5,OOD_Class_4
rate this book 1 out of 6,4,4,1,0.00069933425,5,OOD_Class_4
Find me the book The Van Dyke Show,5,4,0,0.000115469265,5,OOD_Class_4
add album to Feeling Blue,0,0,0,0.00020359979,5,OOD_Class_4
Rate this essay two stars,4,4,1,0.00027784458,5,OOD_Class_4
"whats the forecast for January 21, 2035 in Dubach",2,2,0,0.00013478762,5,OOD_Class_4
The current saga only gets three points out of 6 .,4,4,1,0.0007630027,5,OOD_Class_4
give this essay 4 points,4,4,1,0.0014746038,5,OOD_Class_4
Rate the current essay a five,4,4,1,0.00037355442,5,OOD_Class_4
I rate Secret Water as a 4 .,4,0,1,0.0171435,5,OOD_Class_4
Find the Youth Against Christ saga,5,4,0,0.00013832234,5,OOD_Class_4
Play the music of Filipp Bedrossowitsch Kirkorow 's theme,3,3,0,0.00014161899,5,OOD_Class_4
I need a table in TN that's not to far for a party of ten,1,1,0,0.00025798284,5,OOD_Class_4
rate Beyond the Shadows 3 of 6 stars,4,4,1,0.00031107356,5,OOD_Class_4
For the current essay I rate 1 out of 6,4,4,1,0.00094372383,5,OOD_Class_4
What is the weather going to be like in Flint Hill in 9 years,2,2,0,0.00012742837,5,OOD_Class_4
give one out of 6 points to High Wizardry,4,0,1,0.0012824471,5,OOD_Class_4
Will it be chilly at 4 in Druid Hills AMerican Samoa,2,2,0,0.00012165038,5,OOD_Class_4
Give the current album 2 out of 6 points .,4,3,1,0.004436861,5,OOD_Class_4
Show me the movie schedules for movies playing around here today.,6,5,0,0.00015481253,5,OOD_Class_4
add décadas to my list Neo da Matrix,0,0,0,0.00023263162,5,OOD_Class_4
rate the current textbook a 5,4,4,1,0.00092099933,5,OOD_Class_4
Find The Black Girl in Search of God trailer,5,4,0,0.00015718251,5,OOD_Class_4
Rate this current essay five stars out of 6 total,4,4,1,0.0010484828,5,OOD_Class_4
rate my current novel four out of 6 stars,4,4,1,0.0006565971,5,OOD_Class_4
award this current novel 0 points,4,4,1,0.0010704878,5,OOD_Class_4
Assign 0 points out of 6 to The Gate of Worlds,4,0,1,0.0015099152,5,OOD_Class_4
Play some melody from the eighties on Spotify,3,3,0,0.00019246638,5,OOD_Class_4
I give the following part of the series one out of 6 .,4,4,1,0.00059087394,5,OOD_Class_4
"I'm craving mac and cheese . Book a table at a Portland Mills , KS restaurant . I need it for one second from now",1,1,0,0.00017415159,5,OOD_Class_4
Rate this book 3 stars out of 6,4,4,1,0.0006096571,5,OOD_Class_4
the following essay is a two,4,4,1,0.0031979068,5,OOD_Class_4
Find the schedule for animated movies in the area .,6,5,0,0.00014975687,5,OOD_Class_4
rate this novel a 1 of 6 for me,4,0,1,0.002136344,5,OOD_Class_4
Rate this series one out of 6 .,4,4,1,0.00043149234,5,OOD_Class_4
give zero points to current album,4,0,1,0.0005748544,5,OOD_Class_4
Rate the current book five of 6 stars,4,4,1,0.00033227165,5,OOD_Class_4
find the painting ICAC Investigators 2014,5,4,0,0.00012568216,5,OOD_Class_4
Give 4 stars to the current essay,4,0,1,0.0017053374,5,OOD_Class_4
Play track Real Talk,3,3,0,0.00012767922,5,OOD_Class_4
Find the movie Splendor in the Grass,5,4,0,0.00015905402,5,OOD_Class_4
Put li yuchun 's album onto the kickass metal playlist.,0,0,0,0.00023490976,5,OOD_Class_4
Add a track to Fusion Fest,0,0,0,0.00021800702,5,OOD_Class_4
rate the current essay a 4,4,4,1,0.00048778488,5,OOD_Class_4
Play a top twenty symphony by Bumble Bee Slim,3,3,0,0.00015940244,5,OOD_Class_4
please put this track onto letha's signed xoxo playlist,0,0,0,0.00024188863,5,OOD_Class_4
Is it supposed to be chilly in Kuwait ?,2,2,0,0.00012649747,5,OOD_Class_4
this novel gets 1 star,4,4,1,0.00047452794,5,OOD_Class_4
"show cold weather forecast in five hours and 1 minute in Hokendauqua , Mongolia",2,2,0,0.00012810905,5,OOD_Class_4
I want to put Paul Young onto all new all now .,0,0,0,0.0002157682,5,OOD_Class_4
Rate the book Post Office four points,4,4,1,0.00018216948,5,OOD_Class_4
give 0 out of 6 points to this album,4,0,1,0.002476185,5,OOD_Class_4
Book a table at any restaurant for eight people,1,1,0,0.00025202715,5,OOD_Class_4
find the show Trancers,5,4,0,0.00017096975,5,OOD_Class_4
Get me a reservation for two at a restaurant which serves burger .,1,1,0,0.00032407857,5,OOD_Class_4
Show me My Princess,5,4,0,0.000103714054,5,OOD_Class_4
rate Understanding Physics 5 out of 6,4,4,1,0.0013040047,5,OOD_Class_4
Rate my current textbook 0 out of 6,4,4,1,0.0015129484,5,OOD_Class_4
I want to go to 88th St-Boyd Av or close by and book seats for 10,1,1,0,0.00022771032,5,OOD_Class_4
I give a 4 to 3 Willows The Sisterhood Grows .,4,1,1,0.0021519163,5,OOD_Class_4
Rate An Act of Terror 2 stars .,4,4,1,0.0006298926,5,OOD_Class_4
the stars total 6 but Journey Under the Midnight Sun gets a four,4,4,1,0.0016513733,5,OOD_Class_4
add this song by deron miller to my party on fridays playlist,0,0,0,0.00022503252,5,OOD_Class_4
Search for Big Ideas painting,5,4,0,0.00014132423,5,OOD_Class_4
Rate Renewable Electricity and the Grid one stars out of 6,4,4,1,0.003217512,5,OOD_Class_4
What is the movie schedule for films nearby,6,5,0,0.00014657521,5,OOD_Class_4
I give 1 stars out of 6 to this current series .,4,0,1,0.0010819727,5,OOD_Class_4
Add an album by Jenifer to my travelling playlist,0,0,0,0.00021982346,5,OOD_Class_4
the last essay is a 2 out of 6,4,4,1,0.002984992,5,OOD_Class_4
Add Joey Fatone to my Spotlight on Country 2016 playlist,0,0,0,0.0002266896,5,OOD_Class_4
What's the forecast for Pipe Spring National Monument ?,2,2,0,0.00013465741,5,OOD_Class_4
Rate Homicide A Year on the Killing Streets five stars,4,4,1,0.00014676375,5,OOD_Class_4
Play twenties symphony from Robert Walter,3,3,0,0.00019760765,5,OOD_Class_4
Rate Steps two out of 6 points,4,3,1,0.0033909555,5,OOD_Class_4
Where can I buy a hardcover copy of the book The Intangibles of Leadership ?,5,4,0,0.000193422,5,OOD_Class_4
Add the artist tony thompson to my canta en la ducha playlist,0,0,0,0.00021726254,5,OOD_Class_4
I want some fusil contra fusil added to my dance hits playlist.,0,0,0,0.00023341585,5,OOD_Class_4
give zero point to this textbook,4,0,1,0.0018275604,5,OOD_Class_4
Rate the book The Atmospheric Railway 5 out of 6,4,4,1,0.00021002743,5,OOD_Class_4
is it going to be chillier at 10 pm in Texas,2,2,0,0.00012380866,5,OOD_Class_4
is it chillier at Narew National Park,2,2,0,0.00013321485,5,OOD_Class_4
I would rate Theft A Love Story four out of 6 stars .,4,4,1,0.0027495585,5,OOD_Class_4
"I give Emile, or On Education five points .",4,0,1,0.0101787085,5,OOD_Class_4
is it going to be windy faraway from the Valley of Fire,2,2,0,0.00013295758,5,OOD_Class_4
Show me Heavenly Sword,5,4,0,0.00011708614,5,OOD_Class_4
I need a reservation in Steele City,1,1,0,0.00019390229,5,OOD_Class_4
Give Setting Free the Bears series a four out of 6 stars rating.,4,4,1,0.0009237172,5,OOD_Class_4
I'm rating The Skystone with three points,4,4,1,0.0027797164,5,OOD_Class_4
Rate the current novel four of 6 stars,4,4,1,0.0002686092,5,OOD_Class_4
Let's play the album Handover on Deezer,3,3,0,0.00011396233,5,OOD_Class_4
Can you please get me the book Dracula 5 The Blood Legacy ?,5,4,0,0.00013277,5,OOD_Class_4
give the current textbook 1 out of 6 stars,4,4,1,0.0028547256,5,OOD_Class_4
Which movies are playing at the closest cinema ?,6,5,0,0.00015466276,5,OOD_Class_4
I would rate this chronicle 4 stars,4,4,1,0.0025986133,5,OOD_Class_4
Search for the television show Me and my guitar,5,4,0,0.00018235277,5,OOD_Class_4
Add an album by m g sreekumar to my laidback acoustic playlist.,0,0,0,0.00023003432,5,OOD_Class_4
use Deezer to play top five Moya Brennan,3,3,0,0.00015846276,5,OOD_Class_4
Where to see painting Twelve Angry Men,5,4,0,0.00013966317,5,OOD_Class_4
rate To Your Scattered Bodies Go a 1 out of 6,4,4,1,0.0010989844,5,OOD_Class_4
I rate Mosses from an Old Manse a 0,4,1,1,0.0014752476,5,OOD_Class_4
I would rate The Kid from Hell a value of 1 and a best rating of 6,4,4,1,0.0039920416,5,OOD_Class_4
I rate the book Creature in the Teacher 3 stars,4,4,1,0.0004597633,5,OOD_Class_4
show creative video game The Boat Is Full,5,4,0,0.00016765905,5,OOD_Class_4
Play The Birds And The Bees by Ceca .,3,3,0,0.00016925913,5,OOD_Class_4
Give this textbook 3 stars .,4,0,1,0.012752434,5,OOD_Class_4
Find Secret Command .,6,4,0,0.0002153448,5,OOD_Class_4
give one out o 6 stars to this chronicle,4,0,1,0.0011167476,5,OOD_Class_4
Will it feel nicer in Finland or New Mexico today,2,2,0,0.0001158513,5,OOD_Class_4
my Disco Forever playlist needs an album by sawai gandharva .,0,0,0,0.0002460151,5,OOD_Class_4
Rate the current textbook 3 of 6,4,4,1,0.0004316824,5,OOD_Class_4
I want to hear any tune from the twenties,3,3,0,0.00015284323,5,OOD_Class_4
Give 5 / 6 stars to Expressive Processing,4,0,1,0.0005215995,5,OOD_Class_4
What is the movie schedules at for Douglas Theatre Company at 0 p.m. ?,6,5,0,0.0001592599,5,OOD_Class_4
Book a table for 6 at a top-rated restaurant in North AMityville MA that serves south tyrolean food,1,1,0,0.00024675365,5,OOD_Class_4
What is the forecast here for September 16,2,2,0,0.00013147407,5,OOD_Class_4
Give Joe Magarac and His USA Citizen Papers 5 points,4,4,1,0.00018677802,5,OOD_Class_4
find The World Is a Game,5,4,0,0.0002458215,5,OOD_Class_4
Help me find the saga titled The Eternal Return,5,4,0,0.00017031224,5,OOD_Class_4
Add the frank beard song to the Soft Pop Hits playlist,0,0,0,0.00022100771,5,OOD_Class_4
find five points called The Origins of Virtue,4,4,1,0.00034548246,5,OOD_Class_4
show weather while Sunset in the same area in South Carolina,2,2,0,0.00014145626,5,OOD_Class_4
what is the Bahamas forecast for stormy weather at 074321,2,2,0,0.00013974805,5,OOD_Class_4
I rate the current novel a 1 of 6 stars,4,4,1,0.0010358877,5,OOD_Class_4
Add Yuna Ito to my Cena Elegante playlist,0,0,0,0.00022713207,5,OOD_Class_4
Add this track to my lo que suena new york playlist,0,0,0,0.00023297251,5,OOD_Class_4
I want to find the show called Fresh Aire 7 .,5,4,0,0.00015812406,5,OOD_Class_4
The Rats of Hamelin deserves zero points,4,0,1,0.0013667134,5,OOD_Class_4
book a restaurant table at the food court in the spa sixteen hours from now,1,1,0,0.00021549275,5,OOD_Class_4
Can you place a reservation for me at Ariston Cafe,1,1,0,0.00033897915,5,OOD_Class_4
rate this essay four out of 6,4,4,1,0.00073303585,5,OOD_Class_4
Play the track R U Professional by Roberto Carlos Braga,3,3,0,0.00013970763,5,OOD_Class_4
Play Keep Their Heads Ringin’,5,3,0,0.00016424742,5,OOD_Class_4
Rate the current textbook with 2 points out of 6 .,4,4,1,0.006820268,5,OOD_Class_4
"Rate this part of the series , The Harrowing of Gwynedd , zero out of 6 .",4,4,1,0.00027321847,5,OOD_Class_4
show video game name Find the Colour,5,4,0,0.00015088174,5,OOD_Class_4
Rate the current essay five out of 6 stars,4,4,1,0.000497053,5,OOD_Class_4
"Can you locate the novel , Ismol Family",5,4,0,0.00013738779,5,OOD_Class_4
I rate A Moment in Time a 5,4,4,1,0.0013151225,5,OOD_Class_4
rate the current series 1 points,4,4,1,0.00014929552,5,OOD_Class_4
rate the current chronicle 0 of 6 stars,4,4,1,0.00014570703,5,OOD_Class_4
Is it sunny 1 second from now in the Pitcairn Islands,2,2,0,0.00012164806,5,OOD_Class_4
put this tune playing into my La Mejor Música Dance 2017 playlist,0,0,0,0.00024012271,5,OOD_Class_4
Find a television show called The High Chaparral .,5,4,0,0.00016139809,5,OOD_Class_4
I would give this current novel 2 stars with a best rating of 6,4,0,1,0.0027553192,5,OOD_Class_4
I would like to book the best food court with persian food within the same area as OK for my ex husband and I,1,1,0,0.00028407376,5,OOD_Class_4
Rate the Daughter of the Empire three out of 6,4,4,1,0.0006657655,5,OOD_Class_4
Find the TV series From the Top,5,4,0,0.00018023034,5,OOD_Class_4
Book a restaurant in MP at 3 pm with pigs in blankets,1,1,0,0.00021016887,5,OOD_Class_4
what is the weather not far from current position,2,2,0,0.00013927156,5,OOD_Class_4
will it be colder this Saturday in NC,2,2,0,0.00012905663,5,OOD_Class_4
Add the da brat track to the Soak Up The Sun playlist.,0,0,0,0.00022187177,5,OOD_Class_4
Rate this current saga one points,4,4,1,0.00024925062,5,OOD_Class_4
Find the schedule for nearby animated movies .,6,5,0,0.00015034125,5,OOD_Class_4
play a music ballad from the sixties,3,3,0,0.00021137651,5,OOD_Class_4
what is the forecast in North Carolina,2,2,0,0.00013812014,5,OOD_Class_4
I am rating this book titled The Billion Dollar Ransom 3 stars .,4,4,1,0.0028137611,5,OOD_Class_4
Please find me Chance Pe Dance .,5,4,0,0.00013471735,5,OOD_Class_4
I need to find a table for 4 at a brasserie that has fondue,1,1,0,0.0003368349,5,OOD_Class_4
Add Yuna Ito to the hot rods & horror shows playlist.,0,0,0,0.00024178028,5,OOD_Class_4
Play music from the top-5 from artist Kenia Arias,3,3,0,0.00017983509,5,OOD_Class_4
What films are playing at the closest cinema,6,5,0,0.00015226527,5,OOD_Class_4
I want to give this album 3 points,4,0,1,0.0012460125,5,OOD_Class_4
rate the previous textbook a 4 out of 6,4,4,1,0.0013176828,5,OOD_Class_4
give two star to current textbook,4,0,1,0.00034251448,5,OOD_Class_4
Give 4 points / 6 to Last Day in Limbo,4,0,1,0.00062014756,5,OOD_Class_4
add la voce to my Dubstep Dangles Dirty playlist,0,0,0,0.00023399966,5,OOD_Class_4
Give The Street five points .,4,4,1,0.0011851166,5,OOD_Class_4
Book me a reservation for the best bistro,1,1,0,0.00027134165,5,OOD_Class_4
Rate The Type One Super Robot five of 6 stars,4,4,1,0.0003892728,5,OOD_Class_4
add this matt bachand tune to pure rock & roll,0,0,0,0.00021768613,5,OOD_Class_4
Give this album 0 stars,4,4,1,0.001503566,5,OOD_Class_4
Book a reservation for 10 people at an oyster bar with a pool within the same area of Cowansburg for 10 Pm,1,1,0,0.00023241468,5,OOD_Class_4
rate this album 1,4,4,1,0.0017435001,5,OOD_Class_4
Rate this textbook a zero,4,4,1,0.0014405893,5,OOD_Class_4
Rate Timeline of science fiction 4 out of 6,4,4,1,0.00019780544,5,OOD_Class_4
Rate the current novel four out of 6 points,4,4,1,0.0004605507,5,OOD_Class_4
give this a 0 for this book,4,0,1,0.0034254924,5,OOD_Class_4
I want to give Elephants Can Remember 4 out of 6 points,4,4,1,0.0017172659,5,OOD_Class_4
Add this track to the Sin Ti playlist,0,0,0,0.00022448713,5,OOD_Class_4
find the movie Everywhere But Home,5,4,0,0.0001352177,5,OOD_Class_4
Check the movie schedules .,6,5,0,0.00013345889,5,OOD_Class_4
Can i get the showtimes for films at Dickinson Theatres ?,6,5,0,0.000146575,5,OOD_Class_4
What is the weather going to be at dinner time in the Lake Le-Aqua-Na State Recreation Area,2,2,0,0.0001417396,5,OOD_Class_4
I would give zero stars to A Concise Treatise on the Art of Angling out of 6 .,4,0,1,0.0022259967,5,OOD_Class_4
I give four stars to this chronicle .,4,0,1,0.0008543892,5,OOD_Class_4
"I want to give Rebbe The Life and Teachings of Menachem M. Schneerson, the Most Influential Rabbi in Modern History two out of 6 points",4,4,1,0.00078924606,5,OOD_Class_4
I give Song of Solomon a rating of one .,4,4,1,0.004403682,5,OOD_Class_4
book a spot far from Åland,1,1,0,0.0002043783,5,OOD_Class_4
Play Pride Of The Prairie from Johnny Burke,3,3,0,0.00021302798,5,OOD_Class_4
book a spot for nine in Lavalette Guam,1,1,0,0.0002099256,5,OOD_Class_4
add this Ricardo Villalobos track to under the surface,0,0,0,0.00020873429,5,OOD_Class_4
Rate this album a one .,4,0,1,0.0006721643,5,OOD_Class_4
find Live in Tokyo for me,5,4,0,0.00012791158,5,OOD_Class_4
Rate the Wild Boy series 3 out of 6 stars,4,4,1,0.00016384525,5,OOD_Class_4
Show the movie schedules at KB Theatres,6,5,0,0.00013729182,5,OOD_Class_4
I would rate this album a zero and give it a best rating of 6,4,0,1,0.0031083862,5,OOD_Class_4
find the painting Strong Enough,5,4,0,0.00015573745,5,OOD_Class_4
I want to hear Techno-industrial music.,3,3,0,0.0001490022,5,OOD_Class_4
Give The First Chronicles of Druss the Legend a zero .,4,4,1,0.00046610105,5,OOD_Class_4
Rate the current textbook 1 of 6,4,4,1,0.00047152556,5,OOD_Class_4
add this artist to my the road to punk rock playlist,0,0,0,0.00022187042,5,OOD_Class_4
show creativity of All for One,5,4,0,0.00016264438,5,OOD_Class_4
rate the current chronicle series 4 out of 6 points,4,4,1,0.00014176681,5,OOD_Class_4
I want to add this bon scott song to my Post-grunge list,0,0,0,0.00022591601,5,OOD_Class_4
What will the weather be in Tajikistan on Dec. twentieth ?,2,2,0,0.00013237564,5,OOD_Class_4
this chronicle rates a one for First Contact ?,4,4,1,0.00019241517,5,OOD_Class_4
Give this novel 2 stars,4,4,1,0.0008059329,5,OOD_Class_4
Play Praise The Lord And Pass The Ammunition .,3,3,0,0.0001585629,5,OOD_Class_4
What's the weather like in Kaltag ?,2,2,0,0.00013115356,5,OOD_Class_4
Can you give me a forecast for weather at night in my current position,2,2,0,0.00014702092,5,OOD_Class_4
i wanna listen to a the top-twenty track of Denniz Pop in Pandora,3,3,0,0.00014062106,5,OOD_Class_4
Play music from Lastfm and Deezer .,3,3,0,0.00022326167,5,OOD_Class_4
Play Remains of the Day,5,3,0,0.00030324454,5,OOD_Class_4
Add patti page album to i love my neo soul,0,0,0,0.0002149404,5,OOD_Class_4
I'd like a table for 10 at a distant place downtown for next fall,1,1,0,0.00024214435,5,OOD_Class_4
Is there any hail in Monterey Bay National Marine Sanctuary,2,2,0,0.00013811297,5,OOD_Class_4
Book a tyrolean restaurant in Crocker Indiana now for 3 people.,1,1,0,0.00022410398,5,OOD_Class_4
A rating of four out of 6 goes to Memory in Death,4,0,1,0.0020650292,5,OOD_Class_4
"Can you tell me the forecast for East Falmouth , Hungary",2,2,0,0.00014774554,5,OOD_Class_4
How will the weather be in Kentucky this week ?,2,2,0,0.00012606739,5,OOD_Class_4
I'd like to see the movie schedule for movies in the area,6,5,0,0.00014628976,5,OOD_Class_4
What time is Always Brando showing,6,5,0,0.00020868843,5,OOD_Class_4
I want 4813 added to my Rhythm and Blues playlist,0,0,0,0.00022077885,5,OOD_Class_4
Will there be a snowstorm in NC 6 years from now,2,2,0,0.00013217889,5,OOD_Class_4
Give four stars to The Broken Window,4,4,1,0.00059962284,5,OOD_Class_4
Rate the current album a 2,4,3,1,0.00027142552,5,OOD_Class_4
give 1 out of 6 points for Collected Works,4,4,1,0.0006692052,5,OOD_Class_4
What is the song The Beast from 20 ?,5,4,0,0.0002750458,5,OOD_Class_4
Rate the saga Rides a Dread Legion zero out of 6 points .,4,4,1,0.00025905704,5,OOD_Class_4
"Play Oj, Jelena, Jelena, Jabuka Zelena by Ler Lalonde .",3,3,0,0.00021127709,5,OOD_Class_4
rate in stars as a 6 for Lord of the Shadows which gets a four,4,4,1,0.0008975078,5,OOD_Class_4
Play Stereo by Jonathan Davis on Deezer .,3,3,0,0.00023707886,5,OOD_Class_4
I want to hear that tune from 2010,3,3,0,0.0001538829,5,OOD_Class_4
give 1 out of 6 points to this novel,4,4,1,0.004825894,5,OOD_Class_4
Add this marilyn manson tune to Latin Party Anthems,0,0,0,0.0002398989,5,OOD_Class_4
Weather in Cairngorms-Nationalpark close from freezing,2,2,0,0.00012152631,5,OOD_Class_4
Add Mel Draisey tomy 80s Classic Hits playlist.,0,0,0,0.00022436303,5,OOD_Class_4
What's the snowfall at noon in IN,2,2,0,0.00013426124,5,OOD_Class_4
find Death Is Called Engelchen at Neighborhood Cinema Group,6,5,0,0.00018805722,5,OOD_Class_4
Play me a song by Hank Thompson from Moa Anbessa,3,3,0,0.00013291868,5,OOD_Class_4
find The Valentyne Suite,5,4,0,0.0009346743,5,OOD_Class_4
some me a Healthy picture,5,4,0,0.0003010181,5,OOD_Class_4
Will it be hot near Calakmul Biosphere Reserve 3 seconds from now,2,2,0,0.00013289278,5,OOD_Class_4
The Evil Experiment gets zero out of 6 points,4,4,1,0.0006812674,5,OOD_Class_4
I want to book Dinner by Heston Blumenthal in AL .,1,1,0,0.0001845657,5,OOD_Class_4
"I rate the chronicle , Son of the Tree with four of 6 points .",4,4,1,0.00067651796,5,OOD_Class_4
I would rate this book 3 points out of 6,4,0,1,0.002714717,5,OOD_Class_4
Rate current book 0,4,4,1,0.00013325152,5,OOD_Class_4
I would give this current textbook five points or a rating of 6,4,0,1,0.00087795017,5,OOD_Class_4
Play the best 1981 sound track from Ric Fierabracci,3,3,0,0.00017644612,5,OOD_Class_4
Play Soldier Boy from Melody Gardot,3,3,0,0.00013605552,5,OOD_Class_4
Rate Dragons of a Vanished Moon 1 of 6 points,4,4,1,0.00048103736,5,OOD_Class_4
give The God Machine two of 6 points,4,4,1,0.0018004916,5,OOD_Class_4
Play some music from the thirties .,3,3,0,0.00019378298,5,OOD_Class_4
book a restaurant for 4 by shawn's work close by,1,1,0,0.00024155957,5,OOD_Class_4
add this track to the playlist named cali fire,0,0,0,0.0002164131,5,OOD_Class_4
what time is Bhoot Returns showing at Douglas Theatre Company,6,5,0,0.0001788618,5,OOD_Class_4
Find Clash of the Codes .,5,4,0,0.00022635546,5,OOD_Class_4
where's the nearest movie house playing No Trains No Planes,6,5,0,0.00014873476,5,OOD_Class_4
this textbook gets a two,4,0,1,0.0020731483,5,OOD_Class_4
Give The Denationalization of Money series four of 6,4,4,1,0.00078484375,5,OOD_Class_4
This current essay should have a best rating of 6 and a rating value of three,4,0,1,0.0012009222,5,OOD_Class_4
Add this album to my US Latin Top 50 palylist,0,0,0,0.00022791054,5,OOD_Class_4
Rate this textbook two out of 6,4,4,1,0.0018761748,5,OOD_Class_4
book for one in Indiana at a restaurant,1,1,0,0.00021966948,5,OOD_Class_4
Will it hail today in West Point at 113648,2,2,0,0.0001436894,5,OOD_Class_4
rate the current chronicle a zero,4,4,1,0.00016806567,5,OOD_Class_4
What movie theatre is playing The Missing Picture,6,5,0,0.0001378221,5,OOD_Class_4
book a popular restaurant of thai cuisine,1,1,0,0.00022739089,5,OOD_Class_4
Can you book a table for eight people at a spa type restaurant within walking distance of the Metropolitan Borough of Lambeth,1,1,0,0.00023139511,5,OOD_Class_4
What's the weather forecast in Humphrey ?,2,2,0,0.00012356868,5,OOD_Class_4
give 1 out of 6 stars to current book,4,0,1,0.0015387128,5,OOD_Class_4
Play the red room sessions from chris cunningham,3,3,0,0.00015908648,5,OOD_Class_4
Play me a 2003 song by Charles Neidich,3,3,0,0.000112459806,5,OOD_Class_4
I want to rate this essay 0 of 6 stars,4,4,1,0.002673537,5,OOD_Class_4
What's the weather this month in Mozambique,2,2,0,0.00013637792,5,OOD_Class_4
Add Kirk Hammett to Calm Down,0,0,0,0.0002183211,5,OOD_Class_4
Book a spot for one at a fish restaurant,1,1,0,0.00025525547,5,OOD_Class_4
I want to see Far Cry Vengeance,5,4,0,0.0002359241,5,OOD_Class_4
find an album called From the Terrace,5,4,0,0.00016139373,5,OOD_Class_4
Give one / 6 points to Who Will Cry When You Die,4,4,1,0.002170671,5,OOD_Class_4
the previous novel is worth two out of 6,4,4,1,0.0010281125,5,OOD_Class_4
Can you help me search the album titled PlayMaker Football ?,5,4,0,0.0002069441,5,OOD_Class_4
Add this tune to the Leche con Chocolate playlist,0,0,0,0.00022165547,5,OOD_Class_4
"Can you please look up the TV series , An Experiment with Time ?",5,4,0,0.00017656511,5,OOD_Class_4
I give the Budayeen Nights saga five out of 6 points .,4,4,1,0.00072927086,5,OOD_Class_4
rate Alfred Kropp The Thirteenth Skull 3 out of 6,4,3,1,0.00074627466,5,OOD_Class_4
Rate the current saga a two,4,4,1,0.00012563758,5,OOD_Class_4
rat the current textbook a two out of 6 points,4,0,1,0.0015500395,5,OOD_Class_4
Please play something on Iheart from artist Ari Gold last album,3,3,0,0.00015358599,5,OOD_Class_4
Add bilal to winter,0,0,0,0.00020092908,5,OOD_Class_4
Give the book Men and the City 3 out of 6 stars,4,4,1,0.0004048902,5,OOD_Class_4
Where can I find the game KAAKAI Newspaper,5,4,0,0.0001188929,5,OOD_Class_4
To the Stars The Autobiography of George Takei gets four out of 6 stars,4,4,1,0.00031043365,5,OOD_Class_4
What movies are playing one hour from now at Cooper Foundation ?,6,5,0,0.00016527686,5,OOD_Class_4
Add this song to my the perfect italian dinner playlist,0,0,0,0.0002277977,5,OOD_Class_4
Please find me the Classified book .,5,4,0,0.00013071454,5,OOD_Class_4
Weather next year in Canada,2,2,0,0.00013504866,5,OOD_Class_4
Add The Stars and Stripes Forever to the soulful disco playlist.,0,0,0,0.00022426709,5,OOD_Class_4
rate Over the Edge a three,4,4,1,0.00024558898,5,OOD_Class_4
rate the book The Scorpio Illusion a 4,4,4,1,0.00020180174,5,OOD_Class_4
find a movie theatre showing The Tailor of Panama,6,5,0,0.00013150903,5,OOD_Class_4
Make me a reservation at a fast food restaurant for elba and corina at a restaurant with parking,1,1,0,0.00032567684,5,OOD_Class_4
Book a jewish churrascaria in Minnesota for 9 people.,1,1,0,0.0002426101,5,OOD_Class_4
book rosalie stewart and evelyn at a restaurant,1,1,0,0.0002492963,5,OOD_Class_4
show freezing forcast now within the same area in North Dakota,2,2,0,0.00013851262,5,OOD_Class_4
Play my 70s Smash Hits playlist.,3,3,0,0.00013712338,5,OOD_Class_4
I'd like to rate My Beloved World two points,4,4,1,0.0007789151,5,OOD_Class_4
Where can I see the trailer of Take Me to the King,5,4,0,0.00013845711,5,OOD_Class_4
give three out of 6 points to this textbook,4,0,1,0.0030881073,5,OOD_Class_4
rate Pastwatch The Redemption of Christopher Columbus chronicle zero points,4,4,1,0.00010359142,5,OOD_Class_4
give 3 out of 6 stars to this essay,4,0,1,0.0028774298,5,OOD_Class_4
What films are playing at Pacific Theatres,6,5,0,0.00015078567,5,OOD_Class_4
rate A Twist in the Tale zero out of 6 points,4,4,1,0.000573839,5,OOD_Class_4
Rate I Capture the Castle 0 points,4,4,1,0.00015349282,5,OOD_Class_4
Will it be cloudy in Guadeloupe next year,2,2,0,0.00012588245,5,OOD_Class_4
I give The Screaming Staircase a five .,4,1,1,0.006431249,5,OOD_Class_4
Is The Umbrellas of Cherbourg playing near me?,6,5,0,0.00021996796,5,OOD_Class_4
Please rate The Lightning of August five points .,4,2,1,0.0022854877,5,OOD_Class_4
Rate 5 out of 6 stars to this album,4,0,1,0.0007161569,5,OOD_Class_4
rate Know Ye Not Agincourt ? 2 out of 6 stars,4,4,1,0.0003224889,5,OOD_Class_4
Rate the book The Varieties of Scientific Experience two out of 6 points,4,4,1,0.00034008487,5,OOD_Class_4
Add Baby Lemonade to poetry in their own voices,0,0,0,0.00020904042,5,OOD_Class_4
Book a table for mamie and maria at a south tyrolean restaurant within walking distance from Fisk Av-69th St .,1,1,0,0.00022075837,5,OOD_Class_4
Rate The Starship Trap 5 stars,4,4,1,0.00014240682,5,OOD_Class_4
What's the weather in Singapore,2,2,0,0.00013276428,5,OOD_Class_4
What's the weather supposed to be like in Elmer City,2,2,0,0.00013651024,5,OOD_Class_4
Rate this essay five points,4,4,1,0.00046221117,5,OOD_Class_4
What are the movie times for Megaplex Theatres,6,5,0,0.00015390651,5,OOD_Class_4
I rate Egg Collecting and Bird Life of Australia a zero out of 6 points,4,4,1,0.0036158594,5,OOD_Class_4
Contemporary Religious Satanism gets a 3 rating.,4,3,1,0.0005493014,5,OOD_Class_4
give three out of 6 points in current essay,4,4,1,0.00922527,5,OOD_Class_4
Add a rating of zero points out of 6 to The Inheritance of Loss,4,0,1,0.0002216448,5,OOD_Class_4
"Book PM Park, Clear Lake, Iowa at 5 am for 6 people.",1,1,0,0.00020236404,5,OOD_Class_4
Give 4 points to The Person and the Common Good,4,4,1,0.0008655399,5,OOD_Class_4
I want this tune on my Most Necessary playlist,0,0,0,0.00020830035,5,OOD_Class_4
I'd like to eat at the Original Spanish Kitchen in North Carolina,1,1,0,0.0002611746,5,OOD_Class_4
Rate this album only three points,4,4,1,0.001322544,5,OOD_Class_4
Please help me find the Selections from the Arista Years video game .,5,4,0,0.00017561419,5,OOD_Class_4
Play  music from the thirties .,3,3,0,0.00020032203,5,OOD_Class_4
add this Michael V track to my Folk & Americana,0,0,0,0.00022980991,5,OOD_Class_4
play the top nineties melody by Gus G,3,3,0,0.00020577971,5,OOD_Class_4
I want to book Meriton Grand Hotel Tallinn in New Jersey for four people.,1,1,0,0.0002396724,5,OOD_Class_4
What is the weather like in Midfield Iowa today,2,2,0,0.00012849188,5,OOD_Class_4
add the essential jacksons to my Perfect Concentration,0,0,0,0.00020005177,5,OOD_Class_4
Rate this series 2 out of 6,4,4,1,0.00029527012,5,OOD_Class_4
Give Beauty Is in the Street three out of 6 stars,4,4,1,0.0018303177,5,OOD_Class_4
How chilly will it be at 093206 am in Moncove Lake State Park ?,2,2,0,0.00012699151,5,OOD_Class_4
Give the current book 0 points .,4,4,1,0.00090147246,5,OOD_Class_4
Give this essay one star out of 6,4,4,1,0.0015945192,5,OOD_Class_4
book a table for 6 at a restaurant in Nebraska,1,1,0,0.00022042292,5,OOD_Class_4
What will the weather be like in twenty two minutes at San Pasqual Battlefield State Historic Park,2,2,0,0.0001316016,5,OOD_Class_4
rate this current album one stars,4,0,1,0.0019019113,5,OOD_Class_4
rate current book 0 stars,4,4,1,0.00012408421,5,OOD_Class_4
Is The Butcher Boy playing anywhere at supper time?,6,5,0,0.00021804747,5,OOD_Class_4
Can I get the showtimes for The Scarlet and the Black at 12 pm .,6,5,0,0.00015194924,5,OOD_Class_4
give this textbook a 4,4,0,1,0.008734197,5,OOD_Class_4
give Private Games 3 stars out of 6,4,4,1,0.0007171829,5,OOD_Class_4
rate this book a zero,4,4,1,0.0006420375,5,OOD_Class_4
Find The American Journal of Economics and Sociology .,5,4,0,0.00020396292,5,OOD_Class_4
"Out of a possible 6 stars , I give The Princes and The Treasure a five .",4,1,1,0.008640696,5,OOD_Class_4
Give this chronicle 4 stars .,4,4,1,0.0018819553,5,OOD_Class_4
rate the last series one of 6 stars,4,4,1,0.00014500062,5,OOD_Class_4
this textbook only gets two out of 6 stars,4,4,1,0.0034910727,5,OOD_Class_4
Find the movie schedules for Regal Entertainment Group .,6,5,0,0.00014515071,5,OOD_Class_4
rate the book The Outlaws of Sherwood two stars,4,4,1,0.00015866917,5,OOD_Class_4
For the saga Leaves from the Inn of the Last Home I give the rating of 1,4,4,1,0.0002853005,5,OOD_Class_4
rate the current novel 5 of 6 stars,4,4,1,0.00033732754,5,OOD_Class_4
Please add carmel to my lunchtime playlist.,0,0,0,0.00022713204,5,OOD_Class_4
I'm looking for a table of eight at The Alley .,1,1,0,0.00043890622,5,OOD_Class_4
give five out of 6 to this novel,4,4,1,0.0025179503,5,OOD_Class_4
"book a spot for five at a brasserie on jan. 7, 2023",1,1,0,0.0001634283,5,OOD_Class_4
rate the current essay zero out of 6 stars,4,4,1,0.0002468544,5,OOD_Class_4
The boring Peace on Earth gets a two out of 6 .,4,4,1,0.004420758,5,OOD_Class_4
is it going to be cold at 4 o'clock far from here ?,2,2,0,0.00011733388,5,OOD_Class_4
Add a rachael price album to TODO EDM,0,0,0,0.00020924106,5,OOD_Class_4
play Hora Din Moldova by Yamazaki Maso,3,3,0,0.00016712959,5,OOD_Class_4
Tell me when it will be hotter in China,2,2,0,0.00014495486,5,OOD_Class_4
I would like reservations to a popular pub in Burkina for 10 people.,1,1,0,0.00031288265,5,OOD_Class_4
"What's the weather forecast for Winnfield , Georgia ?",2,2,0,0.00013153725,5,OOD_Class_4
find the novel Playlist The Very Best of Brad Paisley,5,4,0,0.00018385626,5,OOD_Class_4
Please tell me the current and local movie times,6,5,0,0.0001433132,5,OOD_Class_4
find the game Selling Blue Elephants,5,4,0,0.00015310258,5,OOD_Class_4
"What's the forecast for Fort Payne , AMerican Samoa this march twentieth ?",2,2,0,0.00012736462,5,OOD_Class_4
I am rating this essay two points,4,0,1,0.009809036,5,OOD_Class_4
add nico to my rock to work,0,0,0,0.00021201759,5,OOD_Class_4
Am looking for a book with the title Free to Play,5,4,0,0.00013135195,5,OOD_Class_4
I want to book a brasserie for 3 people in Netherlands Antilles .,1,1,0,0.00022151039,5,OOD_Class_4
I would give this novel a rating of two,4,0,1,0.004328768,5,OOD_Class_4
Put 4 points to The Last Island book,4,0,1,0.00033145025,5,OOD_Class_4
I'm rating The Skystone with three points,4,4,1,0.0027797164,5,OOD_Class_4
Put Mike McCready in the kitchen swagger playlist.,0,0,0,0.00021430368,5,OOD_Class_4
rate the Effortless Mastery chronicle a 4,4,4,1,0.00018356317,5,OOD_Class_4
I'd like to see movie times at Santikos Theatres,6,5,0,0.00014888219,5,OOD_Class_4
Find Stays in Mexico .,5,4,0,0.00038477004,5,OOD_Class_4
Rate this album 2 out of 6,4,4,1,0.0019313821,5,OOD_Class_4
find Loved Ones for me,5,4,0,0.00024893592,5,OOD_Class_4
give 1 out of 6 points to Revolution World,4,4,1,0.0013305023,5,OOD_Class_4
give 1 out of 6 points to current textbook,4,4,1,0.003358301,5,OOD_Class_4
Rate the Egg Collecting and Bird Life of Australia saga a one,4,4,1,0.00014124902,5,OOD_Class_4
Add Kd lang to my Deep Focus playlist,0,0,0,0.0002256962,5,OOD_Class_4
"Play the playlist, A Mis Niños de 30 .",3,3,0,0.00013033122,5,OOD_Class_4
show creativity of photograph of My Wonderful Day,5,4,0,0.00017213785,5,OOD_Class_4
Please make reservations for three at a kosher taverna nearby our secondary residence,1,1,0,0.00028227948,5,OOD_Class_4
book John Pearson Soda Works restaurant on 7/27/2036,1,1,0,0.00022637557,5,OOD_Class_4
this is rated 5 out of 6 for an essay,4,0,1,0.0027864617,5,OOD_Class_4
what is the Poland forecast for next January,2,2,0,0.00013751394,5,OOD_Class_4
Play music from the album Evolution Of A Man by Joey Ramone,3,3,0,0.00017618366,5,OOD_Class_4
Rate Soul Music a 0 .,4,3,1,0.00012793901,5,OOD_Class_4
The current book i'm reading is only worthy of a 3 .,4,0,1,0.0018888928,5,OOD_Class_4
Is F.I.S.T. at Malco Theatres,6,5,0,0.00016902777,5,OOD_Class_4
rate the book The Orchard Book of First Greek Myths a 0,4,4,1,0.00017198127,5,OOD_Class_4
Add dave bickler to my all out 90s playlist,0,0,0,0.00023411353,5,OOD_Class_4
Do you know if it will be chilly today in Puerto Rico,2,2,0,0.00012563559,5,OOD_Class_4
rate Heath Ledger His Beautiful Life and Mysterious Death 1 stars,4,4,1,0.00012360164,5,OOD_Class_4
Rate this essay zero stars out of 6,4,4,1,0.0002874115,5,OOD_Class_4
rate the book Giants of the Frost two out of 6 points,4,4,1,0.00022816248,5,OOD_Class_4
I'd like to rate this textbook 4 out of 6,4,4,1,0.0056480197,5,OOD_Class_4
Search for the video game The Book of Heroic Failures,5,4,0,0.00016897765,5,OOD_Class_4
What is the movie schedule,6,5,0,0.00014628709,5,OOD_Class_4
Show the Whispering Willows novel,5,4,0,0.0001319982,5,OOD_Class_4
I need to book a table at The Star Inn that's within walking distance from my place in Ashland,1,1,0,0.00022673978,5,OOD_Class_4
Give Memoirs of a Fox-Hunting Man a rating of 4 out of 6 .,4,4,1,0.00079490565,5,OOD_Class_4
I would give Political Man zero stars,4,0,1,0.0009561011,5,OOD_Class_4
give two star to As Long as We Both Shall Live book,4,0,1,0.0014301077,5,OOD_Class_4
play a tune from 1962,3,3,0,0.00019538889,5,OOD_Class_4
Book a bar with a pool in Mountain Iron .,1,1,0,0.00020498727,5,OOD_Class_4
"What will the weather be in Dane on sep. the fifth, 2030 ?",2,2,0,0.000118950695,5,OOD_Class_4
rate the book Spells and Philtres five points,4,4,1,0.00020837077,5,OOD_Class_4
play classic rock on Slacker,3,3,0,0.00020071647,5,OOD_Class_4
Can you please assign two points to the White Niggers of America chronicle ?,4,4,1,0.0029987849,5,OOD_Class_4
Play some Last Fm music like the 1992 ep from Peaches,3,3,0,0.0001597181,5,OOD_Class_4
Rate the current novel a 1,4,4,1,0.0002537108,5,OOD_Class_4
rate Winning the Oil Endgame zero of 6,4,4,1,0.00018903907,5,OOD_Class_4
Give 4 out of 6 points to The Spirit Ring chronicle,4,4,1,0.00025338453,5,OOD_Class_4
Search for The Long Dark,5,4,0,0.00013120948,5,OOD_Class_4
give three stars to current essay,4,0,1,0.00031683067,5,OOD_Class_4
Book a restaurant for 9 at 0037 PM,1,1,0,0.00021076175,5,OOD_Class_4
rate Cock and Bull 5 of 6 points,4,4,1,0.0009000342,5,OOD_Class_4
Give Twas the Night Before Christmas 0 points out of 6 .,4,4,1,0.0010652336,5,OOD_Class_4
"find The Great Hydration , a TV series",5,4,0,0.00015628515,5,OOD_Class_4
show me the When Your Heart Stops Beating photograph,5,4,0,0.00014341949,5,OOD_Class_4
What will the weather be in NM in 1 minute,2,2,0,0.00012465945,5,OOD_Class_4
out of 6 rate this a zero for Memories of the Ford Administration,4,0,1,0.0012112336,5,OOD_Class_4
Play Kaori Mochida 's most popular music on Google Music .,3,3,0,0.00020729635,5,OOD_Class_4
Find a song called In Your Eyes .,5,4,0,0.00016060077,5,OOD_Class_4
Check the forecast for Orson for around 9 PM,2,2,0,0.00013230206,5,OOD_Class_4
"What are the weather conditions going to be like in Manhasset , Vermont on Dec. the 6th, 2036 ?",2,2,0,0.00012874213,5,OOD_Class_4
Rate Breakheart Pass two out of 6,4,3,1,0.0003510606,5,OOD_Class_4
What time is Trouble Every Day playing,6,5,0,0.00019623559,5,OOD_Class_4
What Are the showings for The Natural History of Parking Lots movie house,6,5,0,0.00016866374,5,OOD_Class_4
Weather for this Winter here,2,2,0,0.00012873497,5,OOD_Class_4
I'm giving 0 points to A New Lease of Death .,4,0,1,0.0012993962,5,OOD_Class_4
give The Story of the Last Thought a five,4,4,1,0.00036113904,5,OOD_Class_4
Play some music from 1989 by Sanjeev Abhyankar .,3,3,0,0.00021439446,5,OOD_Class_4
Please put an album by Joseph Meyer on my POP GOES THE 80s playlist,0,0,0,0.00022835177,5,OOD_Class_4
Need a table for a party of 3 in Laos at a Theme restaurant,1,1,0,0.00031797084,5,OOD_Class_4
Where can I see Travelling Light ?,6,5,0,0.00018094385,5,OOD_Class_4
Rate The White Body of Evening one of 6,4,4,1,0.00018223826,5,OOD_Class_4
Play some space music on Google Music,3,3,0,0.00022424247,5,OOD_Class_4
Rate this novel 0 of 6 stars,4,4,1,0.00039313946,5,OOD_Class_4
Add nitti to my family favorites playlist,0,0,0,0.00022383082,5,OOD_Class_4
Rate the current textbook one of 6 stars,4,4,1,0.0005504081,5,OOD_Class_4
"Please find me the work, Ace of Spades .",5,4,0,0.00017031623,5,OOD_Class_4
Can you add some Tommie Sunshine to my chill out playlist,0,0,0,0.00022361166,5,OOD_Class_4
rate this book a zero,4,4,1,0.0006420375,5,OOD_Class_4
rate the book Oath of Swords three for 6,4,4,1,0.00033803866,5,OOD_Class_4
I am giving this novel 3 stars,4,4,1,0.0038744987,5,OOD_Class_4
"Out of 6 , I give the following book zero .",4,4,1,0.007776593,5,OOD_Class_4
Play me the most popular Lillian Hardin song on Itunes,3,3,0,0.00013187164,5,OOD_Class_4
add Billy Martin album to my legendary guitar solos playlist,0,0,0,0.00022857876,5,OOD_Class_4
Give this chronicle a 2 rating.,4,4,1,0.003348025,5,OOD_Class_4
rate the book Indiana Jones and the Dance of the Giants 5 out of 6 stars,4,4,1,0.00026159323,5,OOD_Class_4
Tell me the forecast for 6 am in Tatra-Nationalpark,2,2,0,0.00014049777,5,OOD_Class_4
Give the book Buzz about Bees a 2 star rating out of 6 .,4,4,1,0.00082211575,5,OOD_Class_4
What time is The Bride Wore Boots playing,6,5,0,0.00019690969,5,OOD_Class_4
"I need to book a table at a bar in Micronesia for tia, madeline and estela",1,1,0,0.00024380603,5,OOD_Class_4
Show the movie schedule,6,5,0,0.00013345694,5,OOD_Class_4
Rate this current novel 1 out of 6 points .,4,4,1,0.0011053453,5,OOD_Class_4
mark this album a score of 5,4,0,1,0.0030308806,5,OOD_Class_4
What's the forecast for AL twenty one minutes from now ?,2,2,0,0.00012514675,5,OOD_Class_4
Give this album four stars,4,4,1,0.0016334832,5,OOD_Class_4
Rate The Sneetches and Other Stories a three,4,4,1,0.00015263315,5,OOD_Class_4
Play The New Retro playlist on Netflix .,3,3,0,0.0001731039,5,OOD_Class_4
give zero out of 6 points to The False Peace,4,4,1,0.0021752245,5,OOD_Class_4
give two points out of 6 to this novel,4,0,1,0.0066333464,5,OOD_Class_4
A Conspiracy of Paper deserves a solid 3,4,0,1,0.00081684854,5,OOD_Class_4
Give After Having Spent a Night Among Horses 0 out of 6 .,4,4,1,0.0014556397,5,OOD_Class_4
this horrible essay gets zero out of 6 stars,4,4,1,0.0012046318,5,OOD_Class_4
give 1 points to current textbook,4,4,1,0.0033290195,5,OOD_Class_4
give 4 out of 6 points to this book,4,0,1,0.007422556,5,OOD_Class_4
For the current saga I rate 2 of 6 stars,4,4,1,0.00044854978,5,OOD_Class_4
Rate this essay a two out of 6,4,4,1,0.0010956309,5,OOD_Class_4
Find a TV show called Directions Home .,5,4,0,0.000166039,5,OOD_Class_4
I give the part of the chronicle Growth Fetish four out of 6 stars .,4,4,1,0.0004748917,5,OOD_Class_4
Find movie times .,6,5,0,0.00014164501,5,OOD_Class_4
For this novel I give a rating of 4 out of 6,4,4,1,0.0024482973,5,OOD_Class_4
give three out of 6 points to this album,4,0,1,0.0040662065,5,OOD_Class_4
Tell me if it will rain on 4/19/2030 in Angola,2,2,0,0.00012477864,5,OOD_Class_4
Reservea  table for five people on september second in Gabon .,1,1,0,0.0002687322,5,OOD_Class_4
rate the book Strumpet City zero for 6,4,4,1,0.00023604825,5,OOD_Class_4
Rate the current novel 5 of 6 points,4,4,1,0.00028733155,5,OOD_Class_4
Rate the current series four stars .,4,4,1,0.00015537928,5,OOD_Class_4
I would like a cafeteria at 104151 am for seven,1,1,0,0.0002210736,5,OOD_Class_4
Show me the album Andrews University Seminary Studies,5,4,0,0.00011579273,5,OOD_Class_4
I gave The Hand of Zei series three of 6 stars,4,4,1,0.0010378703,5,OOD_Class_4
Locate the best pub in Apache Junction,1,1,0,0.00019643258,5,OOD_Class_4
Is it hot in Zephyrhills ?,2,2,0,0.00012867902,5,OOD_Class_4
put Before the Eulogy onto Acoustic Blues,0,0,0,0.0002527451,5,OOD_Class_4
I give The Logic of Sense a zero,4,4,1,0.20558858,5,OOD_Class_4
book a caucasian serving steakhouse for 4 in Saint Pierre and Miquelon,1,1,0,0.00023940178,5,OOD_Class_4
Want to play Christina Schollin Lastfm,3,3,0,0.00013875293,5,OOD_Class_4
Play music by Deenanath Mangeshkar,3,3,0,0.00020686898,5,OOD_Class_4
I give this current novel zero stars and a best rating of 6,4,4,1,0.0032840825,5,OOD_Class_4
Give four points to Leven Thumps and the Gateway to Foo,4,0,1,0.0039467625,5,OOD_Class_4
Is it going to be rainy here one second from now,2,2,0,0.00012165064,5,OOD_Class_4
Make a reservation for eunice thompson and elisa martin in the Virgin Islands in one minute .,1,1,0,0.00022702053,5,OOD_Class_4
Rate this textbook a 5,4,4,1,0.002269576,5,OOD_Class_4
rate Gray Mountain a zero,4,4,1,0.0011583996,5,OOD_Class_4
I need the movie Kids in Love at the movie house,6,5,0,0.00015031805,5,OOD_Class_4
add this tune by hart wand on this is wagner,0,0,0,0.00020619734,5,OOD_Class_4
The Latham Diaries deserves a rating value of 0 and a best rating of 6,4,4,1,0.0012274256,5,OOD_Class_4
Give 3 / 6 stars to Doctor in the House,4,4,1,0.0019967952,5,OOD_Class_4
I need a reservation for an indoor restaurant in China,1,1,0,0.00021477297,5,OOD_Class_4
I give the rating of 1 of 6 stars for this novel,4,4,1,0.0022891064,5,OOD_Class_4
The Young Lion saga gets a solid 4 points out of 6 .,4,4,1,0.00027415948,5,OOD_Class_4
rate the Three Junes one out of 6,4,4,1,0.00092459633,5,OOD_Class_4
Rate my current book 1 out of 6 points,4,4,1,0.00067768834,5,OOD_Class_4
I give The English Spy a rating of 1 and a best rating of 6,4,4,1,0.0017654878,5,OOD_Class_4
Like to book a seat in Monaco for the Yankee Doodle Coffee Shop,1,1,0,0.0002205962,5,OOD_Class_4
What's the weather in Belize close to ten pm,2,2,0,0.00012662273,5,OOD_Class_4
Find movie schedules for animated movies around here .,6,5,0,0.00014844642,5,OOD_Class_4
book a spot for 9 in thirty three days at Ringlestone Inn close to Grenada,1,1,0,0.00022651925,5,OOD_Class_4
Give The Lost Princess 3 stars .,4,4,1,0.00078885263,5,OOD_Class_4
I am rating this book under the series section a three out of 6 stars,4,0,1,0.0035768403,5,OOD_Class_4
What's the forecast for Castolon in French Southern Territories around seven PM ?,2,2,0,0.00012625052,5,OOD_Class_4
find a movie called Emerald City,5,4,0,0.00015983335,5,OOD_Class_4
Is there going to be a depression in Point Washington State Forest,2,2,0,0.00015377937,5,OOD_Class_4
Can you find the show The Dumping Ground Survival Files,5,4,0,0.00013860343,5,OOD_Class_4
I want to give The Nightmare Fair five stars and a rating of 6,4,4,1,0.0024072996,5,OOD_Class_4
I give this textbook a 5,4,0,1,0.0013541852,5,OOD_Class_4
Add viktor merjanov to california rock state,0,0,0,0.0002045972,5,OOD_Class_4
Search for Informix Wingz,5,4,0,0.00014768241,5,OOD_Class_4
where's the nearest movie house showing foreign films,6,5,0,0.0001450069,5,OOD_Class_4
Rate this current essay a zero .,4,0,1,0.0027878147,5,OOD_Class_4
"book a latin cuisine pub for 2 on September the 13th, 2037 in Kazakhstan",1,1,0,0.00016299884,5,OOD_Class_4
The current book deserves a rating of only one .,4,0,1,0.0011695263,5,OOD_Class_4
show me the schedule of movie Warning from Space closest to movie house,6,5,0,0.00013877332,5,OOD_Class_4
Give 5 of 6 stars to Expressive Processing,4,0,1,0.0011171236,5,OOD_Class_4
Give Star Songs of an Old Primate 4 out of 6 points,4,4,1,0.00046813124,5,OOD_Class_4
Play me a top-ten song by Phil Ochs on Groove Shark,3,3,0,0.00014872481,5,OOD_Class_4
Is it supposed to be hotter today in IL,2,2,0,0.00013537995,5,OOD_Class_4
rate The Race a two,4,4,1,0.0013066271,5,OOD_Class_4
I rate the current textbook a 0 of 6,4,4,1,0.0037519797,5,OOD_Class_4
Where can I find information on Brats in Battalions ?,5,4,0,0.00025378016,5,OOD_Class_4
Rate Three Men Out a three,4,4,1,0.002100019,5,OOD_Class_4
Rate the current album 4 of 6 stars,4,3,1,0.0012221786,5,OOD_Class_4
rate this current book album four stars,4,4,1,0.0005394882,5,OOD_Class_4
show creativity of A Catholic Education,5,4,0,0.00014366042,5,OOD_Class_4
What cinema is playing Great Guy,6,5,0,0.0001778237,5,OOD_Class_4
play an Masaki Aiba tune,3,3,0,0.00016754014,5,OOD_Class_4
Find Conker Live and Reloaded,5,4,0,0.00017849256,5,OOD_Class_4
Give Signals of Belief in Early England four of 6,4,4,1,0.0012154938,5,OOD_Class_4
add picasso baby to Digster Reggae playlist,0,0,0,0.00024107343,5,OOD_Class_4
I'd like to watch The Freckled Fish at 004743 at Magic Johnson Theatres,6,5,0,0.00014714117,5,OOD_Class_4
"For the book Ethics , my rating is 2 out of 6",4,4,1,0.00056814804,5,OOD_Class_4
book a highly rated restaurant in Central African Republic for 5 people on sep. the second,1,1,0,0.00021970761,5,OOD_Class_4
What animated movies are there nearby ?,6,5,0,0.00015940955,5,OOD_Class_4
rate The Chymical Wedding 3 points,4,4,1,0.00028230858,5,OOD_Class_4
Is fog forecast close-by to Pakistan ?,2,2,0,0.00012861693,5,OOD_Class_4
Start playing my Disney playlist.,3,3,0,0.00013632546,5,OOD_Class_4
Find time for the movie schedule at Cineplex Odeon Corporation,6,5,0,0.000163192,5,OOD_Class_4
Add Buddy Tate to just dance by aftercluv list,0,0,0,0.00021504206,5,OOD_Class_4
rate Whole Earth Discipline 5 of 6 points,4,4,1,0.0007169947,5,OOD_Class_4
Find a TV show called The Extraordinary .,5,4,0,0.00018594899,5,OOD_Class_4
find A Pet of the Cairo Zoo,5,4,0,0.00058513926,5,OOD_Class_4
"Tell me the weather forecast for Alexander , SD",2,2,0,0.00013478746,5,OOD_Class_4
Rate the current textbook 1 of 6 stars,4,4,1,0.00029293116,5,OOD_Class_4
give 5 out of 6 stars to Creatures of Light and Darkness,4,4,1,0.0029643674,5,OOD_Class_4
what is the storm forecast in the same area of Honduras,2,2,0,0.00014659634,5,OOD_Class_4
"Will it be chilly in Penuelas Indonesia on Nov. 26th, 2030",2,2,0,0.00012545186,5,OOD_Class_4
I want to book a reservation within the same area of AMelia Court House for 4 .,1,1,0,0.0002230895,5,OOD_Class_4
what movies are playing in the area ?,6,5,0,0.00015004899,5,OOD_Class_4
the current book I'm reading should be rated zero out of 6,4,0,1,0.0021983827,5,OOD_Class_4
Rate A Pelican at Blandings a 2,4,1,1,0.00081093074,5,OOD_Class_4
rate this series titled Adolf Hitler My Part in His Downfall two stars,4,4,1,0.00017647273,5,OOD_Class_4
I'm wondering when I can see Beating Heart at the nearest cinema .,6,5,0,0.00017018714,5,OOD_Class_4
The book As Sure as the Dawn gets a two out of 6 rating,4,4,1,0.001143439,5,OOD_Class_4
When is The Outer Space Connection playing at the nearest cinema .,6,5,0,0.00017439187,5,OOD_Class_4
give four stars to What the Day Owes the Night,4,0,1,0.00036034986,5,OOD_Class_4
rate this essay a 3,4,4,1,0.0015596205,5,OOD_Class_4
When is Cooper Foundation on the movie schedule ?,6,5,0,0.00017550263,5,OOD_Class_4
Play some Laurie Anderson .,3,3,0,0.00020130286,5,OOD_Class_4
in one hour find King of Hearts,6,4,0,0.0004428774,5,OOD_Class_4
Add the big mama thornton song to cassie's Punk Rock Workout playlist,0,0,0,0.00021556964,5,OOD_Class_4
Rate this essay 2 out of 6 stars,4,4,1,0.00047947495,5,OOD_Class_4
What will the weather be in Lamar ?,2,2,0,0.00012643747,5,OOD_Class_4
give four out of 6 stars to this textbook,4,0,1,0.0013517279,5,OOD_Class_4
play some Kansas Joe Mccoy,3,3,0,0.0002426859,5,OOD_Class_4
give three points out of 6 to You A Novel,4,4,1,0.0007540371,5,OOD_Class_4
where is The Country Bears playing,6,5,0,0.00028361173,5,OOD_Class_4
I'd like to eat at an outdoor restaurant,1,1,0,0.00028169193,5,OOD_Class_4
Show me the TV show My Only Wish,5,4,0,0.00018503821,5,OOD_Class_4
Book a bakery with smoking room for nine in Niger .,1,1,0,0.00022706322,5,OOD_Class_4
add Teddy Boy to my Irish Folk – Jigs & Reels playlist,0,0,0,0.00022536567,5,OOD_Class_4
I want to the latest ballad from Ira Losco,3,3,0,0.00015372399,5,OOD_Class_4
find films in 12 hours at the nearest movie theatre,6,5,0,0.00014500841,5,OOD_Class_4
What are the movie times,6,5,0,0.00014472366,5,OOD_Class_4
add a shot at glory to calm before the storm,0,0,0,0.00019733203,5,OOD_Class_4
I rate this essay a four of 6,4,0,1,0.0012702491,5,OOD_Class_4
Rate the current series 4 points,4,4,1,0.00011988954,5,OOD_Class_4
rate the current essay a four,4,4,1,0.00032733733,5,OOD_Class_4
Anything close to Smith-9th St that can seat two people about one minute from now ?,1,1,0,0.00022504252,5,OOD_Class_4
rate the bok series Preparedness 101 Zombie Apocalypse two for 6 stars,4,4,1,0.00015944672,5,OOD_Class_4
I'd like to add this album to my Siesta playlist,0,0,0,0.00022143801,5,OOD_Class_4
Rate this novel 1 points .,4,4,1,0.0008529956,5,OOD_Class_4
rate this book titled House of Dolls three out of 6 stars,4,4,1,0.00025149938,5,OOD_Class_4
Find movie times for nine PM .,6,5,0,0.00014642841,5,OOD_Class_4
give 4 out of 6 stars to current chronicle,4,4,1,0.0018666136,5,OOD_Class_4
"Book a reservation for 1 at PM Park, Clear Lake, Iowa in Mongolia in 1 hour",1,1,0,0.00018403627,5,OOD_Class_4
"Book me a reservation at a burger joint close-by Choate on july 16th, 2022",1,1,0,0.00017436879,5,OOD_Class_4
the last novel is a solid 3 out of 6,4,4,1,0.0016070439,5,OOD_Class_4
I want to hear some twenties music off of Deezer,3,3,0,0.00018409845,5,OOD_Class_4
Give The Crystal Snare 5 stars,4,4,1,0.00072641374,5,OOD_Class_4
I want to give this album zero out of 6 stars,4,0,1,0.004067156,5,OOD_Class_4
add song to Women of SXSW,0,0,0,0.00021842997,5,OOD_Class_4
rate the current essay four of 6,4,4,1,0.00023402748,5,OOD_Class_4
Is it freezing near Medley ?,2,2,0,0.000115853785,5,OOD_Class_4
What is the weather in Sint Maarten,2,2,0,0.00012393031,5,OOD_Class_4
give this textbook a rating of 3,4,4,1,0.005301868,5,OOD_Class_4
play some dream music,3,3,0,0.00017495995,5,OOD_Class_4
rate this novel zero out of 6,4,4,1,0.0003236973,5,OOD_Class_4
Rate the current textbook 2 stars,4,4,1,0.00025700452,5,OOD_Class_4
What is the current temperature here,2,2,0,0.0001763878,5,OOD_Class_4
Rate the current novel a 0 out of 6 points,4,4,1,0.00048315688,5,OOD_Class_4
I want to give The Black Cloud one points,4,4,1,0.00047942868,5,OOD_Class_4
Put Jazzy B on Lazy Chill Afternoon playlist,0,0,0,0.00023216744,5,OOD_Class_4
Rate Shadows Alive 3 out of 6 points,4,4,1,0.00064675295,5,OOD_Class_4
rate this book one for this stars judging,4,4,1,0.0013233754,5,OOD_Class_4
"I'd like to book at a place in AR , looking for an oyster bar that is indoor and can accommodate a party of eight that is also within walking distance .",1,1,0,0.00027159526,5,OOD_Class_4
Rate The Longest Day with zero stars out of 6 .,4,3,1,0.0017530229,5,OOD_Class_4
give 0 points to The Eudaemonic Pie,4,4,1,0.028651638,5,OOD_Class_4
I want to find a book called Cash-Cash,5,4,0,0.00018361065,5,OOD_Class_4
Play 2004 Guy Sebastian on Itunes,3,3,0,0.0002148077,5,OOD_Class_4
What's the forecast for Gamaliel,2,2,0,0.00013308736,5,OOD_Class_4
Please give 1 points to Waiting for the Mahatma .,4,0,1,0.0050167134,5,OOD_Class_4
Rate the current album 3 of 6 stars,4,3,1,0.0012594395,5,OOD_Class_4
Give The Plague a 0,4,4,1,0.0009937956,5,OOD_Class_4
rate The Other Wind 2 of 6,4,2,1,0.00035634436,5,OOD_Class_4
Book a restaurant in Mauritania for 1 person.,1,1,0,0.00021158312,5,OOD_Class_4
Will it be chillier in La Mesa ?,2,2,0,0.00012344711,5,OOD_Class_4
I want to play the game Guitar Heaven ... The Greatest Guitar Classics of All Time,5,4,0,0.00024981255,5,OOD_Class_4
What's the weather 1 minute from now in Mount Nimba Strict Nature Reserve,2,2,0,0.00012962433,5,OOD_Class_4
Show The Caveman television show,5,4,0,0.00017248129,5,OOD_Class_4
add Jalal Zolfonun to my Nature Noise,0,0,0,0.00020389746,5,OOD_Class_4
rate this essay four out of 6 points,4,4,1,0.0008536494,5,OOD_Class_4
party of two for a food truck on december 22 that serves chicken french in Bolivia,1,1,0,0.00028571123,5,OOD_Class_4
I would rate Coming Through Slaughter a four out of 6 .,4,0,1,0.0031084542,5,OOD_Class_4
The current essay gets four points,4,4,1,0.00055509753,5,OOD_Class_4
rate the current textbook 4 of 6 points,4,4,1,0.00094487524,5,OOD_Class_4
Look up Applied Linguistics,5,4,0,0.00014600936,5,OOD_Class_4
Play Shinji Miyazaki 's music on netflix,3,3,0,0.00019818527,5,OOD_Class_4
Give the current series two stars .,4,4,1,0.0008668445,5,OOD_Class_4
Rate the current textbook 0 out of 6 .,4,4,1,0.0042267498,5,OOD_Class_4
What is the weather forecast for Nicaragua,2,2,0,0.00013360944,5,OOD_Class_4
I'd like a table for Midday at The Unseen Bean,1,1,0,0.0002875483,5,OOD_Class_4
At four pm . I need a table for 8 at a restaurant in Guernsey that serves salade .,1,1,0,0.0002313747,5,OOD_Class_4
Please find me the book Step Into My Groove .,5,4,0,0.00017197139,5,OOD_Class_4
show creative work or Miami Vice Theme,5,4,0,0.00015456493,5,OOD_Class_4
put a rating on this book of three,4,0,1,0.00036938605,5,OOD_Class_4
I give the following album two out of 6 stars .,4,0,1,0.007833773,5,OOD_Class_4
Show me the trailer for The Glades .,5,4,0,0.00021277787,5,OOD_Class_4
This current essay deserves 0 stars,4,0,1,0.00044483785,5,OOD_Class_4
Rate Earth Made of Glass 1 of 6,4,4,1,0.0014166161,5,OOD_Class_4
book a table for 4 at Fish Express,1,1,0,0.00023344139,5,OOD_Class_4
Give this textbook 5 points,4,4,1,0.006151376,5,OOD_Class_4
Add kaya newest track to my I Love My '00's R&B playlist,0,0,0,0.0002247047,5,OOD_Class_4
Will there be a blizzard at a 4 AM in Sky Valley,2,2,0,0.0001361718,5,OOD_Class_4
Where to get painting of Channel 4 News,5,4,0,0.00013005896,5,OOD_Class_4
Where can I find the painting RSS tracking,5,4,0,0.00011268424,5,OOD_Class_4
"this book isn't good , I'd rate it two out of 6 stars .",4,4,1,0.0012964425,5,OOD_Class_4
what will the weather be for Hooksett,2,2,0,0.0001249647,5,OOD_Class_4
I award this next series 0 points,4,4,1,0.0024099385,5,OOD_Class_4
What time is Tasher Desh playing at the nearest movie house,6,5,0,0.00017135436,5,OOD_Class_4
Remember the City nets five out of 6 .,4,4,1,0.00043593827,5,OOD_Class_4
"I would give the Against His-Story, Against Leviathan saga a value of one",4,0,1,0.0026433817,5,OOD_Class_4
give 0 to The Sky Village,4,4,1,0.00018615286,5,OOD_Class_4
Give The Decoration of Houses 1 of 6,4,4,1,0.0005864632,5,OOD_Class_4
Will it be warm neighboring here in Whitehouse ?,2,2,0,0.00012284577,5,OOD_Class_4
Play playlist Chilled R&B,3,3,0,0.00017183175,5,OOD_Class_4
I need a table at a restaurant in Texas for kelley and suzette,1,1,0,0.00023241415,5,OOD_Class_4
give this book titled Othappu zero points,4,4,1,0.00041488968,5,OOD_Class_4
I would give this current chronicle a value of 4 and a best rating of 6,4,0,1,0.004218181,5,OOD_Class_4
Find a photograph called Greatest Hits Volume One .,5,4,0,0.00018430922,5,OOD_Class_4
I'd like to book a table at a restaurant for a group of 4,1,1,0,0.00026986597,5,OOD_Class_4
play a symphony that is good from 2000,3,3,0,0.0001721815,5,OOD_Class_4
Give this novel a 1 .,4,0,1,0.005382991,5,OOD_Class_4
Give The Giant Devil Dingo 4 points .,4,4,1,0.0011544516,5,OOD_Class_4
give two points to Wild Blood,4,4,1,0.0011185016,5,OOD_Class_4
give 3 star to this essay,4,0,1,0.00093089306,5,OOD_Class_4
Put horace silver and the jazz messengers on my running to rock 170 to 190 bpm playlist,0,0,0,0.00020639872,5,OOD_Class_4
What cinema has the closest movies,6,5,0,0.00016624926,5,OOD_Class_4
rate Animals of the Bible one of 6 points,4,4,1,0.00039045114,5,OOD_Class_4
Add song to my Club Hits,0,0,0,0.00022913681,5,OOD_Class_4
Add the tune to my House Afterwork playlist.,0,0,0,0.00022404807,5,OOD_Class_4
Add this lbc crew tune to my Rock Argentino Vol I playlist,0,0,0,0.00022295787,5,OOD_Class_4
book a delicatessen that is indoor for 3,1,1,0,0.00023664917,5,OOD_Class_4
play some songs from the fourties by yoshiki fukuyama,3,3,0,0.0001806307,5,OOD_Class_4
Try to find the picture Advances in ecological research,5,4,0,0.00030653027,5,OOD_Class_4
Weather for East Peru Bolivia 3 years and a half from now,2,2,0,0.0001338653,5,OOD_Class_4
I rate this textbook 0,4,4,1,0.0036101046,5,OOD_Class_4
Play a concerto top ten sort by Lloyd .,3,3,0,0.0001802737,5,OOD_Class_4
Give one of 6 points to Who Will Cry When You Die,4,4,1,0.0031023666,5,OOD_Class_4
rate this book four out of 6 points,4,4,1,0.0011327716,5,OOD_Class_4
"this winter , meredith, betty and erika want to food at a gastropub that is in the same area as fran's location .",1,1,0,0.00023557071,5,OOD_Class_4
add this track to Alternative Route,0,0,0,0.00020873407,5,OOD_Class_4
I need a reservation for National Coney Island with a party of 8 in NV,1,1,0,0.00026065216,5,OOD_Class_4
Rate The Natural a 4,4,4,1,0.00036940599,5,OOD_Class_4
I'd like to watch A Storm in the Stars at North American Cinemas,6,5,0,0.00013318902,5,OOD_Class_4
What's the weather in Gabon,2,2,0,0.00013289387,5,OOD_Class_4
I gave the current book a three of 6,4,0,1,0.007549203,5,OOD_Class_4
I would like to book a restaurant in Tanzania that is within walking distance for my mom and I,1,1,0,0.00021983922,5,OOD_Class_4
Rate this textbook five points,4,4,1,0.0014582106,5,OOD_Class_4
show creativity of What Is Dead May Never Die,5,4,0,0.00013301175,5,OOD_Class_4
Give A Mile Beyond the Moon five points,4,4,1,0.0003698292,5,OOD_Class_4
movie schedules at Southern Theatres,6,5,0,0.00013582407,5,OOD_Class_4
Show me the soundtrack The Phoenix,5,4,0,0.00013631876,5,OOD_Class_4
rate the Poems for Midnight saga 4 points,4,4,1,0.0001784646,5,OOD_Class_4
Book a restaurant in Switzerland for 3 .,1,1,0,0.00021003764,5,OOD_Class_4
Find me the movie schedule for Great Escape Theatres,6,5,0,0.0001448669,5,OOD_Class_4
Add 100% te ljubam to the Hit Remix playlist,0,0,0,0.0002225217,5,OOD_Class_4
book a spot for six at Bear Hotel in 5 seconds,1,1,0,0.00025588163,5,OOD_Class_4
I would like you to add now the hits of winter 2008 onto my ntc studio sounds playlist.,0,0,0,0.00022735306,5,OOD_Class_4
What's the weather in Pugu Hills Forest Reserve,2,2,0,0.00013697674,5,OOD_Class_4
I'm wondering if you can give me the movie times for films in the neighborhood .,6,5,0,0.00015972201,5,OOD_Class_4
what is the movie schedules for movies in the area,6,5,0,0.00015300847,5,OOD_Class_4
What is the films with movie times in the area,6,5,0,0.00014873668,5,OOD_Class_4
I would rate Oblivion Stories a two,4,4,1,0.0016537172,5,OOD_Class_4
Search for High Chicago,5,4,0,0.00013222819,5,OOD_Class_4
give the current series 3 points,4,4,1,0.0002304348,5,OOD_Class_4
play some Kyle Ward from the seventies,3,3,0,0.0002352269,5,OOD_Class_4
rate this textbook a one,4,4,1,0.0019140621,5,OOD_Class_4
Give the current saga three stars,4,4,1,0.00023927097,5,OOD_Class_4
I want to play the video game Miss Castaway And The Island Girls,5,4,0,0.00019521215,5,OOD_Class_4
Play Punk Essentials on google music,3,3,0,0.00017799732,5,OOD_Class_4
Give this textbook a four,4,0,1,0.00633617,5,OOD_Class_4
Play Me Against The World from Glukoza,3,3,0,0.00013485445,5,OOD_Class_4
National Lampoon Tenth Anniversary Anthology 1970–1980 is a 4 out of 6 read,4,4,1,0.00016580314,5,OOD_Class_4
Rate the current album a 3 .,4,3,1,0.00028624485,5,OOD_Class_4
Would like to find the trailer for An Experiment with Time,5,4,0,0.00016799568,5,OOD_Class_4
give 5 out of 6 to this book,4,4,1,0.0036458941,5,OOD_Class_4
What will the weather be in Croatia ?,2,2,0,0.000127367,5,OOD_Class_4
book a spot for 2 at a restaurant in Mayotte at 0613 AM,1,1,0,0.00022356378,5,OOD_Class_4
rate Lost Empires of Faerûn five of 6 stars,4,4,1,0.00015805879,5,OOD_Class_4
rate this series one of 6,4,4,1,0.00030542442,5,OOD_Class_4
give three points to current book,4,4,1,0.0026586123,5,OOD_Class_4
rate Varney the Vampire with 1 points,4,3,1,0.0009076751,5,OOD_Class_4
rate the current book three stars,4,4,1,0.0001997159,5,OOD_Class_4
Where to watch television show Linger Awhile Live at Newport and More,5,4,0,0.00013886573,5,OOD_Class_4
What will the weather be in Nationalpark Rila on Nov. 25 ?,2,2,0,0.0001383224,5,OOD_Class_4
"I want to book a spot at a bar in Henniker , North Dakota .",1,1,0,0.00015496834,5,OOD_Class_4
Find me the soundtrack A Honeymoon Adventure,5,4,0,0.00013832987,5,OOD_Class_4
rate this textbook 5 stars,4,4,1,0.00060313643,5,OOD_Class_4
Give the current series four of 6 points .,4,4,1,0.00079517206,5,OOD_Class_4
Play me a song from 1976 by Bennie Moten,3,3,0,0.00013150167,5,OOD_Class_4
Will there be a blizzard at 2 am in my current place,2,2,0,0.00012624974,5,OOD_Class_4
How do I rate the book White Teeth only 4 stars ?,4,4,1,0.0004673666,5,OOD_Class_4
Where can I find Richard the Lionheart Rebellion ?,5,4,0,0.00010801763,5,OOD_Class_4
Give the current chronicle 3 of 6 stars,4,4,1,0.0002880608,5,OOD_Class_4
I would rate this chronicle zero and a best rating of 6,4,4,1,0.0026059824,5,OOD_Class_4
Show the latest animated movies movie times for the nearest movie house,6,5,0,0.00015360824,5,OOD_Class_4
find Set the Thames on Fire for seventeen,6,4,0,0.00052108255,5,OOD_Class_4
Will it be hot three minutes from now faraway from Saint Croix State Park,2,2,0,0.00012248341,5,OOD_Class_4
I give the previous album a 4 .,4,0,1,0.0016267932,5,OOD_Class_4
Rate Hate That Cat 1 out of 6 stars .,4,4,1,0.0013344146,5,OOD_Class_4
I'd like to give The Harder They Come two points,4,4,1,0.0014265698,5,OOD_Class_4
Want to find a creative work called The Prayer,5,4,0,0.00015400999,5,OOD_Class_4
Rate The Broken Spears with 2 stars .,4,3,1,0.0010201578,5,OOD_Class_4
Rate The Prince of Venice Beach 3 stars,4,4,1,0.00047031936,5,OOD_Class_4
I'd like to have this track onto my Classical Relaxations playlist.,0,0,0,0.00025446995,5,OOD_Class_4
Lets go to the Rainforest Cafe that is in the same area as 135th St,1,1,0,0.00029624955,5,OOD_Class_4
I am giving this book called The Wide Window one out of 6 stars,4,4,1,0.0019041514,5,OOD_Class_4
Rate this novel a 1 out of 6,4,4,1,0.0006417276,5,OOD_Class_4
patty and I need a table booked at a highly rated restaurant in Sandstone .,1,1,0,0.00022482486,5,OOD_Class_4
I would like to book a restaurant in Singapore for nine in 19 hours and 1 second,1,1,0,0.00022112764,5,OOD_Class_4
Play a Herbie Fields record from the sixties,3,3,0,0.00022522549,5,OOD_Class_4
Give 3 / 6 stars to The Simon & Schuster Encyclopedia of Dinosaurs and Prehistoric Creatures,4,4,1,0.0025764115,5,OOD_Class_4
show weather forecast close-by MS in 48 and a half weeks,2,2,0,0.00014125176,5,OOD_Class_4
Give the current textbook 5 / 6 points,4,4,1,0.0016150275,5,OOD_Class_4
rate The Republic of Thieves chronicle three out of 6 points,4,4,1,0.0001708954,5,OOD_Class_4
Find movie schedules .,6,5,0,0.0001351616,5,OOD_Class_4
Rate The Saint in Trouble 1 of 6,4,4,1,0.00022248451,5,OOD_Class_4
rate the current essay book four out of 6 points,4,4,1,0.00027886473,5,OOD_Class_4
Show me the movie schedules,6,5,0,0.00014373768,5,OOD_Class_4
Book a restaurant that serves scampi for 10 people.,1,1,0,0.00028182234,5,OOD_Class_4
rate this textbook a one,4,4,1,0.0019140621,5,OOD_Class_4
find meal time movie times close by for movies,6,5,0,0.00015894289,5,OOD_Class_4
Play Punk Rock music,3,3,0,0.00019319651,5,OOD_Class_4
The current essay feels like a 3 .,4,0,1,0.001378155,5,OOD_Class_4
i need movie times for movies in the area,6,5,0,0.00014109508,5,OOD_Class_4
What cinema is playing The Strongest Instinct now ?,6,5,0,0.00015785835,5,OOD_Class_4
Rate this album 2 stars,4,4,1,0.0011215279,5,OOD_Class_4
Lets eat near Oakfield 17 seconds from now at Ted Peters Famous Smoked Fish,1,1,0,0.00018056495,5,OOD_Class_4
Is The Angelus playing at the movie house at dinner time?,6,5,0,0.00018590773,5,OOD_Class_4
Play Johnny Gimble,3,3,0,0.00031893695,5,OOD_Class_4
What movie theatre has A Matter of Wife... And Death,6,5,0,0.00015987155,5,OOD_Class_4
rate the book English Grammar In Use a five,4,4,1,0.0002838628,5,OOD_Class_4
what is the forecast for colder temps beginning on Law Day here,2,2,0,0.00013134403,5,OOD_Class_4
rate My Life As a Book five out of 6,4,4,1,0.00045085137,5,OOD_Class_4
rate this book 3 stars,4,4,1,0.0004742988,5,OOD_Class_4
find Jono and Ben,5,5,0,0.001169177,5,OOD_Class_4
Can you get me seating for a party of 5,1,1,0,0.0004601915,5,OOD_Class_4
I give this terrible book a two out of 6 .,4,1,1,0.0072143935,5,OOD_Class_4
Please get me the British Journal of Dermatology game .,5,4,0,0.0001555148,5,OOD_Class_4
I am giving the book titled The Masters of Solitude a rating of two out of 6,4,4,1,0.0010156009,5,OOD_Class_4
Will it still be warm nineteen hours from now in PA,2,2,0,0.00012200912,5,OOD_Class_4
Add De Principii Evangelikum to my Domingo Indie palylist,0,0,0,0.00020280565,5,OOD_Class_4
rate the current book five of 6,4,4,1,0.00018034002,5,OOD_Class_4
Rate this textbook a one .,4,0,1,0.003134089,5,OOD_Class_4
I would give the All That Fresh out the Box saga a rating of 2 points,4,4,1,0.00047695905,5,OOD_Class_4
Rate the current book three out of 6 .,4,4,1,0.0009003667,5,OOD_Class_4
add a mina caputo album to my after hours party,0,0,0,0.00022230377,5,OOD_Class_4
Add to my Rumba y más playlist the song by haley scarnato,0,0,0,0.00020478969,5,OOD_Class_4
Give the current essay five points .,4,4,1,0.0027545826,5,OOD_Class_4
rate the current chronicle book three points,4,4,1,0.000113929316,5,OOD_Class_4
Rate this saga two out of 6 .,4,4,1,0.00044437888,5,OOD_Class_4
Where can I watch the television show You Make Me Hate Music,5,4,0,0.0001777757,5,OOD_Class_4
Rate current essay a zero,4,4,1,0.00017375674,5,OOD_Class_4
What is the movie schedule at the IMAX Corporation three minutes from now,6,5,0,0.000160664,5,OOD_Class_4
Book me a table for a party of eight in Germany .,1,1,0,0.00026346708,5,OOD_Class_4
I'd rate this novel at 2 points,4,0,1,0.0027602986,5,OOD_Class_4
Can you get me the Rakuen Tsuihou Expelled from Paradise television show ?,5,4,0,0.00017264334,5,OOD_Class_4
play songs from the sixties,3,3,0,0.0002266466,5,OOD_Class_4
rate The Pure Weight of the Heart series 5 points,4,4,1,0.00012323777,5,OOD_Class_4
add abrar ul haq to Confidence Boost,0,0,0,0.00027543516,5,OOD_Class_4
I want to get reservations at a place close by for 6 people to eat in SC .,1,1,0,0.00023718775,5,OOD_Class_4
I'd like the movie schedules nearby me for animated movies,6,5,0,0.00015632871,5,OOD_Class_4
Rate this book a 1,4,4,1,0.0018219678,5,OOD_Class_4
Rate She A History of Adventure a one of 6,4,4,1,0.0001517344,5,OOD_Class_4
Rate Bestiary of Dragons and Giants four of 6,4,4,1,0.00023388801,5,OOD_Class_4
rate Neverwhere four out of 6,4,4,1,0.00075302017,5,OOD_Class_4
Check the weather for Faroe Islands .,2,2,0,0.0001431249,5,OOD_Class_4
add naomi schemer to my Hanging Out and Relaxing,0,0,0,0.00023262876,5,OOD_Class_4
Play a native us song on Last Fm,3,3,0,0.00015479181,5,OOD_Class_4
Play a ballad by Owen Pallett from the seventies on Slacker .,3,3,0,0.00019228115,5,OOD_Class_4
I want to rate The Medici Seal two out of 6 points,4,4,1,0.0011735971,5,OOD_Class_4
rate the book A Brief History of Chinese Fiction 0 out of 6 points,4,4,1,0.00017883956,5,OOD_Class_4
"Blood Colony was awful, I'd give it one stars at most.",4,4,1,0.002732193,5,OOD_Class_4
rate The Ape-Man Within 4,4,4,1,0.00037028838,5,OOD_Class_4
play the greatest james yorkston song,3,3,0,0.00013276459,5,OOD_Class_4
Rate Contesting the Future of Nuclear Power a four,4,4,1,0.0002502855,5,OOD_Class_4
rate Galactic Pot-Healer two points,4,4,1,0.00024853242,5,OOD_Class_4
rate this series 1 out of 6,4,4,1,0.00030437848,5,OOD_Class_4
Is it forecast to be windy here in seven seconds ?,2,2,0,0.00012742855,5,OOD_Class_4
Rate Human Capital Supply Chain four of 6 points,4,4,1,0.00061970204,5,OOD_Class_4
I would like this song added to my princesas indie playlist.,0,0,0,0.00024859156,5,OOD_Class_4
Give this album a three,4,0,1,0.002135922,5,OOD_Class_4
Add Hanging On to my just dance by aftercluv playlist.,0,0,0,0.00022175699,5,OOD_Class_4
Find a book called The CIA World Factbook .,5,4,0,0.0001852311,5,OOD_Class_4
Rate this textbook only three points,4,4,1,0.0008430191,5,OOD_Class_4
Play me songs from agreable,3,3,0,0.000108556844,5,OOD_Class_4
Check the weather forecast for Biscay,2,2,0,0.00013114791,5,OOD_Class_4
give 4 out of 6 stars to this textbook,4,0,1,0.0013736968,5,OOD_Class_4
I want to hear popular music from Martin Lopez,3,3,0,0.00019425637,5,OOD_Class_4
I want to give The Cat Who Walks Through Walls a 1,4,0,1,0.002138942,5,OOD_Class_4
Play a song from 1973 .,3,3,0,0.00015313868,5,OOD_Class_4
add album to my classical essentials playlist,0,0,0,0.0002342277,5,OOD_Class_4
What is the weather doing in South Carolina right now ?,2,2,0,0.00013584598,5,OOD_Class_4
Book a restaurant in Botswana for seven people.,1,1,0,0.00023132199,5,OOD_Class_4
show me movies in the area,6,5,0,0.00013836277,5,OOD_Class_4
give 0 stars to this textbook,4,0,1,0.00063502794,5,OOD_Class_4
rate this chronicle 0 points,4,4,1,0.0002000031,5,OOD_Class_4
I give the following textbook 3 points .,4,4,1,0.09862385,5,OOD_Class_4
movie schedule of films around here,6,5,0,0.00015420052,5,OOD_Class_4
"Please find me the work, Instrumental Directions .",5,4,0,0.00018721932,5,OOD_Class_4
I rated The Island of Adventure saga a 2 of 6,4,4,1,0.00064125814,5,OOD_Class_4
I would like to rate the book The Three Impostors 2 to 6 stars .,4,4,1,0.000610442,5,OOD_Class_4
How can I see the TV series Mothstorm ?,5,4,0,0.00018109716,5,OOD_Class_4
Play some House music,3,3,0,0.00016591288,5,OOD_Class_4
play satire music,3,3,0,0.00014725537,5,OOD_Class_4
rate the book Who Will Cry When You Die one out of 6 stars,4,4,1,0.00016426588,5,OOD_Class_4
Give the current textbook 2 of 6,4,4,1,0.0083279135,5,OOD_Class_4
Give the current textbook a rating of five .,4,4,1,0.0052103465,5,OOD_Class_4
rate this book three points out of 6,4,4,1,0.00086581445,5,OOD_Class_4
What will the weather be in Bernie ID ?,2,2,0,0.00012563777,5,OOD_Class_4
rate The Sunrise Lands a zero,4,4,1,0.00031073985,5,OOD_Class_4
Give The Hollow Man three out of 6 stars,4,4,1,0.0007773109,5,OOD_Class_4
I am giving this current textbook zero out of 6 stars,4,0,1,0.001918521,5,OOD_Class_4
Rate Equal Affections one points,4,4,1,0.00031525825,5,OOD_Class_4
Rate this textbook zero stars,4,4,1,0.00028687005,5,OOD_Class_4
Find the book called Black Wings of Destiny,5,4,0,0.00016865318,5,OOD_Class_4
show Thousand Miles movie,5,4,0,0.00012389738,5,OOD_Class_4
Play Turbulence Wild Streetdanz from Jeff Buckley,3,3,0,0.00018097239,5,OOD_Class_4
Rate Half Past Human three stars,4,4,1,0.00048036734,5,OOD_Class_4
"4 points for Four Upbuilding Discourses, 1844",4,4,1,0.0028501558,5,OOD_Class_4
Rate A Battle of Nerves three stars out of 6,4,4,1,0.0005310493,5,OOD_Class_4
Give The Spirit House a 4 out of 6,4,4,1,0.0014108191,5,OOD_Class_4
give three stars out of 6 in current essay,4,0,1,0.0032761325,5,OOD_Class_4
"book a highly rated gastropub that has a pastelaria in Blue Anchor , MD in 55 weeks for my brother in law and I",1,1,0,0.00019362925,5,OOD_Class_4
show weather forecast at three am .in Wauregan,2,2,0,0.0001256291,5,OOD_Class_4
Book the Slippery Noodle Inn in Gober .,1,1,0,0.00022480884,5,OOD_Class_4
Rate the Ninth Key 3 of 6 points,4,4,1,0.0015881939,5,OOD_Class_4
What movie times,6,5,0,0.00013648703,5,OOD_Class_4
"Give Small Screen, Big Picture a 0 out of 6 rating.",4,4,1,0.0005748863,5,OOD_Class_4
Hocus Bogus gets a 2 of 6 .,4,3,1,0.0013394892,5,OOD_Class_4
Where can I find Thor Meets Captain America ?,5,4,0,0.00016508531,5,OOD_Class_4
Will it be hot during Winter ?,2,2,0,0.00013025607,5,OOD_Class_4
Rate this essay four,4,4,1,0.0005357829,5,OOD_Class_4
Find the photograph A Little Less Sixteen Candles,5,4,0,0.00013076291,5,OOD_Class_4
I give this essay three of 6 stars,4,0,1,0.0039020423,5,OOD_Class_4
I'm looking for Welcome to the Canteen,5,4,0,0.0001227838,5,OOD_Class_4
Rate this novel three out of 6 stars,4,4,1,0.00048465887,5,OOD_Class_4
give 4 points to this textbook,4,0,1,0.016855322,5,OOD_Class_4
give 4 stars to this essay,4,0,1,0.0014631919,5,OOD_Class_4
Will it be freezing in the city of Sardis,2,2,0,0.00013670961,5,OOD_Class_4
"Book a pub for two on jan. first, 2037 .",1,1,0,0.00020647178,5,OOD_Class_4
Put Kim Kibum in my the martin garrix show playlist.,0,0,0,0.00024835588,5,OOD_Class_4
Dawn of the Emperors Thyatis and Alphatia deserves a rating value of 1,4,0,1,0.0017285028,5,OOD_Class_4
I want a movie schedule .,6,5,0,0.00014248099,5,OOD_Class_4
I give What We Talk About When We Talk About Love a two of 6,4,4,1,0.0055827345,5,OOD_Class_4
Rate The Summer King saga a 1 stars,4,4,1,0.00016430963,5,OOD_Class_4
What will be the temperate in Tyresta National Park on 7/18/2030 ?,2,2,0,0.00013198744,5,OOD_Class_4
Play the greatest Nicholaus Arson concerto from around 2000,3,3,0,0.00017159907,5,OOD_Class_4
Play Rei Momo newest album,3,3,0,0.00014912992,5,OOD_Class_4
"Book me a reservation for an osteria campanian on Jun. the 7th, 2022",1,1,0,0.00017316265,5,OOD_Class_4
give three stars to chronicle Falling in Love With Hominids,4,4,1,0.0006999789,5,OOD_Class_4
Make me a reservation at a popular place that serves udupi at a restaurant,1,1,0,0.0003196822,5,OOD_Class_4
I'd rate Days of Blood and Starlight a 4,4,4,1,0.006400578,5,OOD_Class_4
I gave Chart Throb 4 of 6 stars,4,3,1,0.0047580847,5,OOD_Class_4
show me the TV series called Take Me to Your Heaven,5,4,0,0.00016442212,5,OOD_Class_4
rate this book titled The Clue in the Old Album one out of 6 stars,4,4,1,0.00022441303,5,OOD_Class_4
Book a restaurant for 9 people.,1,1,0,0.00023020084,5,OOD_Class_4
What will the weather be like here next week ?,2,2,0,0.00012962578,5,OOD_Class_4
Is the films 19 hours from now playing at Landmark Theatres,6,5,0,0.00015360839,5,OOD_Class_4
Book a restaurant for one in AL .,1,1,0,0.00021845887,5,OOD_Class_4
Find a saga called Night Life .,5,4,0,0.00015222572,5,OOD_Class_4
give this current novel a three,4,4,1,0.0043444852,5,OOD_Class_4
Where is Shake Your Powder Puff playing,6,5,0,0.00024806272,5,OOD_Class_4
Add My Very Best to my road trip playlist.,0,0,0,0.00022079163,5,OOD_Class_4
me and deanna want to book a restaurant in Malawi,1,1,0,0.00022049808,5,OOD_Class_4
I'd like to watch Heartbreak at Pacific Theatres at two pm,6,5,0,0.0001467129,5,OOD_Class_4
Rate my current novel one out of 6 points,4,4,1,0.0005008335,5,OOD_Class_4
rate Shockscape five stars,4,4,1,0.00043285327,5,OOD_Class_4
Rate The Travels of Lao Can five out of 6,4,4,1,0.0002145495,5,OOD_Class_4
I would give Bones of the Earth 2 points,4,4,1,0.0073858155,5,OOD_Class_4
What will the weather be in the current position on Dec. 23 ?,2,2,0,0.00013465788,5,OOD_Class_4
"I need a top-rated gastropub for 5 in DC in Conshohocken on Jul. the 18th, 2024",1,1,0,0.00017434989,5,OOD_Class_4
Need a table within the same area as Beach 105th St for a party of 6,1,1,0,0.0002872799,5,OOD_Class_4
rate the current essay a 0 for me,4,4,1,0.00070208096,5,OOD_Class_4
play Say A Word by La India,3,3,0,0.00010553199,5,OOD_Class_4
play Soheila Zaland,3,3,0,0.00014342878,5,OOD_Class_4
I want to eat in Ramona,1,1,0,0.00042075463,5,OOD_Class_4
Rate The Doors of Perception 3 stars,4,4,1,0.00018838202,5,OOD_Class_4
"Add Star Light, Star Bright to my jazz classics playlist.",0,0,0,0.00023594828,5,OOD_Class_4
I would like a restaurant reservation for this year for 4 people.,1,1,0,0.00024980525,5,OOD_Class_4
Rate this novel four of 6,4,4,1,0.0004922433,5,OOD_Class_4
Add this tune to the Heavy Gamer playlist.,0,0,0,0.00022492526,5,OOD_Class_4
Weather forecast for snowstorm on Feb. fourth in Virgin Islands,2,2,0,0.00012949256,5,OOD_Class_4
"rate Dick Sand, A Captain at Fifteen a two out of 6",4,1,1,0.0026365998,5,OOD_Class_4
Play music by Joy Nilo .,3,3,0,0.00020678205,5,OOD_Class_4
Give The Dark Abode chronicle 2 out of 6 points .,4,4,1,0.00028651743,5,OOD_Class_4
what is the nine AM weather forecast for Nationalpark Midongy du Sud,2,2,0,0.00013927088,5,OOD_Class_4
Rate this album two out of 6 stars,4,4,1,0.0021938225,5,OOD_Class_4
Look for the Learning & Behavior picture,5,4,0,0.00033338348,5,OOD_Class_4
Is The Johnstown Flood playing,6,5,0,0.00027678785,5,OOD_Class_4
book a food truck for greek food for 7,1,1,0,0.00020900462,5,OOD_Class_4
Rate the current essay zero stars,4,4,1,0.0001459572,5,OOD_Class_4
Can I see the movie schedules ?,6,5,0,0.00014040904,5,OOD_Class_4
I give The Thibaults a 1 .,4,1,1,0.0047264406,5,OOD_Class_4
rate the current chronicle series 3 out of 6 points,4,4,1,0.00013985965,5,OOD_Class_4
Play ballad from Mandy Moore,3,3,0,0.00019021693,5,OOD_Class_4
I'd like to reserve a table at a pub that serves andouillettes within the same area in San Marino .,1,1,0,0.00030819792,5,OOD_Class_4
I give this book Dictionary of the English Language a 4 rating,4,0,1,0.0034924345,5,OOD_Class_4
Can I listen to merengue style music?,3,3,0,0.000117608004,5,OOD_Class_4
Look for a photograph of I Wanna Sex You Up,5,4,0,0.00018595852,5,OOD_Class_4
Will it be rainy at Sunrise in Ramey Saudi Arabia ?,2,2,0,0.00012949899,5,OOD_Class_4
I am giving this current book under the series section one stars,4,0,1,0.0021942214,5,OOD_Class_4
Play me a 1990 sound track,3,3,0,0.000115002964,5,OOD_Class_4
me and aisha and craving cordon bleu and need to book a table at a brasserie .,1,1,0,0.00025021043,5,OOD_Class_4
Play the most popular song by espen lind,3,3,0,0.00016413342,5,OOD_Class_4
show the movies at the nearest movie house,6,5,0,0.00013582484,5,OOD_Class_4
Put nothing remains the same on my summer music playlist,0,0,0,0.00022445705,5,OOD_Class_4
What movie schedules are at National Amusements,6,5,0,0.00015390909,5,OOD_Class_4
Rate A Conspiracy of Paper 4 of 6,4,4,1,0.00019214122,5,OOD_Class_4
I give Hadon of Ancient Opar two out of 6 points,4,4,1,0.0046840855,5,OOD_Class_4
Rate Hocus Bogus a 4 .,4,3,1,0.00026571043,5,OOD_Class_4
Add Roots of the Outsiders to Blues Roots,0,0,0,0.00022891433,5,OOD_Class_4
3 stars is the rating for Boy Meets Boy,4,4,1,0.00084809685,5,OOD_Class_4
give the current book zero of 6,4,4,1,0.00033606912,5,OOD_Class_4
The trapaholics needs another artist added.,0,0,0,0.0001788659,5,OOD_Class_4
Rate the current book 3 out of 6,4,4,1,0.00056336686,5,OOD_Class_4
Look for the American Journal of Sociology,5,4,0,0.00013135083,5,OOD_Class_4
I'd like to eat at a bar that serves corn relish with a party of five,1,1,0,0.0003786972,5,OOD_Class_4
Rate my current novel one stars,4,4,1,0.00021963463,5,OOD_Class_4
Find a movie schedule .,6,5,0,0.0001308756,5,OOD_Class_4
What's the weather in Meherrin,2,2,0,0.000132182,5,OOD_Class_4
I give the Carry Me Down chronicle three of 6 points,4,4,1,0.00043329655,5,OOD_Class_4
I think this novel gets 1 stars,4,4,1,0.00051887124,5,OOD_Class_4
I want to find an oyster bar with tetrazzini for 9 people,1,1,0,0.000358003,5,OOD_Class_4
play songs by Wise,3,3,0,0.0001575222,5,OOD_Class_4
rate this textbook four out of 6,4,4,1,0.002009471,5,OOD_Class_4
Find a reservation at Boone Tavern for 4 people in 1024,1,1,0,0.00023759255,5,OOD_Class_4
Add artist Matt Noveskey to journey,0,0,0,0.00020489751,5,OOD_Class_4
Can i add the a rating of two out of 6 stars to the book The Pocket Book of Boners,4,0,1,0.00026020868,5,OOD_Class_4
Rate Encyclopaedia of the Social Sciences zero out of 6,4,4,1,0.0003042832,5,OOD_Class_4
Play some music from Roberto Carlos,3,3,0,0.00021158234,5,OOD_Class_4
Glory Season deserves a perfect 5 points .,4,0,1,0.0007521892,5,OOD_Class_4
Give Love in the Time of Foreclosure 4 of 6,4,4,1,0.00038595137,5,OOD_Class_4
add Jonathan Sprout album to my this is miranda lambert playlist,0,0,0,0.00022339242,5,OOD_Class_4
what is the twenty one o'clock forecast for the current spot,2,2,0,0.00013988174,5,OOD_Class_4
Put gregory douglass in Halloween Teens please,0,0,0,0.00019867695,5,OOD_Class_4
Play music from the eighties on Slacker .,3,3,0,0.00020468028,5,OOD_Class_4
book a spot for six in Greece,1,1,0,0.00020287636,5,OOD_Class_4
show me the Everybody Wants You picture,5,4,0,0.0001805915,5,OOD_Class_4
Rate my current album 3 stars,4,3,1,0.00038099723,5,OOD_Class_4
add tune to Electro Workout,0,0,0,0.00020660514,5,OOD_Class_4
"What will the weather be like on aug. the 8th, 2032 here",2,2,0,0.00012459901,5,OOD_Class_4
I give this essay 0 of 6 stars,4,4,1,0.0026529834,5,OOD_Class_4
Please show me the films playing at Loews Cineplex Entertainment .,6,5,0,0.00016239853,5,OOD_Class_4
Rate this chronicle a 3,4,4,1,0.0005447479,5,OOD_Class_4
Rate the current saga a five,4,4,1,0.00013554683,5,OOD_Class_4
Book a table for doris and I in New Tulsa,1,1,0,0.00023101986,5,OOD_Class_4
Rate this series 0 of 6 stars,4,4,1,0.000305084,5,OOD_Class_4
Book a reservation for a trentino restaurant in Kansas,1,1,0,0.0002278126,5,OOD_Class_4
this next essay is worth five,4,0,1,0.0013856594,5,OOD_Class_4
Find the movie times now .,6,5,0,0.00014082104,5,OOD_Class_4
Give this current book zero out of 6,4,4,1,0.0034282187,5,OOD_Class_4
Rate this album 5 points,4,4,1,0.0019244333,5,OOD_Class_4
the essay following should only rate two points,4,4,1,0.003012058,5,OOD_Class_4
Play some Gospel music.,3,3,0,0.0001510571,5,OOD_Class_4
"what is the weather forecast for WA on september 11, 2021",2,2,0,0.00013611132,5,OOD_Class_4
what is the forecast in Texas,2,2,0,0.00013406652,5,OOD_Class_4
what is the forecast for january twenty-eighth in Kentmore Park,2,2,0,0.0001349854,5,OOD_Class_4
Rate Cold Light 5 out of 6 points .,4,4,1,0.0021433767,5,OOD_Class_4
Give the current novel a 3 out of 6 rating,4,4,1,0.00065389025,5,OOD_Class_4
the next album is only one stars,4,4,1,0.0009860451,5,OOD_Class_4
Find me the documentary A Winter of Cyclists,5,4,0,0.0001610858,5,OOD_Class_4
Rate this novel one out of 6 stars,4,4,1,0.00047280133,5,OOD_Class_4
Give The Case of Jennie Brice 4 stars out of 6,4,4,1,0.00046855284,5,OOD_Class_4
Play some music from 2011 on lastfm,3,3,0,0.000201308,5,OOD_Class_4
"I need reservations for a party of 3 on all souls' day in Temperance , North Dakota",1,1,0,0.00017858036,5,OOD_Class_4
Give the Hover Car Racer chronicle two of 6 stars,4,4,1,0.00030379673,5,OOD_Class_4
this chronicle is a zero out of 6 .,4,4,1,0.0020115483,5,OOD_Class_4
give 0 out of 6 points to The Paper Men,4,4,1,0.00044191102,5,OOD_Class_4
Give this book chronicle four stars,4,4,1,0.0005236476,5,OOD_Class_4
Is it warm faraway in Niger ?,2,2,0,0.00013224543,5,OOD_Class_4
I need to book a restaurant for seven people at elevenses Seafood restaurant,1,1,0,0.00025347236,5,OOD_Class_4
give Jackass Investing a three,4,4,1,0.00031371095,5,OOD_Class_4
give 5 out of 6 points to Racing the Rain,4,4,1,0.002243517,5,OOD_Class_4
Give The Resistance 2 out of 6 stars .,4,4,1,0.001500906,5,OOD_Class_4
When can I see The Crew of the Dora,6,5,0,0.000195354,5,OOD_Class_4
I'd give this essay a three of 6,4,0,1,0.0010619296,5,OOD_Class_4
What films are there being played at Megaplex Theatres ?,6,5,0,0.00015004854,5,OOD_Class_4
I want to hear the top Tim Madison,3,3,0,0.000158612,5,OOD_Class_4
give Under the Sign of Saturn a four out of 6,4,4,1,0.0021035967,5,OOD_Class_4
Tell me if it will hail in Elliotts Bluff at five o'clock,2,2,0,0.00012648353,5,OOD_Class_4
I want to hear the latest twenties album from Kyle Riabko,3,3,0,0.00018590444,5,OOD_Class_4
find A man needs a maid,5,4,0,0.00024746044,5,OOD_Class_4
The chronicle Charlie Peace earns 4 stars from me,4,4,1,0.0004601781,5,OOD_Class_4
Please play a song off the Curtis Lee album Rough Diamonds,3,3,0,0.00012218718,5,OOD_Class_4
Will there be a storm nearby,2,2,0,0.00015437286,5,OOD_Class_4
Will there be rainfall faraway from Uganda,2,2,0,0.00013771026,5,OOD_Class_4
Rate this novel a two,4,4,1,0.0013950649,5,OOD_Class_4
Play Gary Chapman music from the fifties,3,3,0,0.00026369555,5,OOD_Class_4
give 0 points to The Hand in the Glove,4,4,1,0.0017437603,5,OOD_Class_4
Book me a table for 8 at a restaurant for seven pm,1,1,0,0.00023976972,5,OOD_Class_4
rate the current novel two points out of 6,4,4,1,0.00033965652,5,OOD_Class_4
Rate Mouse Noses on Toast 5 points out of 6,4,4,1,0.0018993487,5,OOD_Class_4
Rate the Michel Strogoff saga four of 6,4,4,1,0.00019380936,5,OOD_Class_4
play music by Helen Ward,3,3,0,0.00019339658,5,OOD_Class_4
I think Memorial Day should have a rating value of 3 and a best rating of 6,4,0,1,0.004951281,5,OOD_Class_4
Check the forecast for Keene .,2,2,0,0.0001444586,5,OOD_Class_4
book a table in Fleetwood at a nearby deli,1,1,0,0.00023849626,5,OOD_Class_4
give 0 rating to She and Allan book,4,0,1,0.00073823053,5,OOD_Class_4
rate the current album 5 points,4,3,1,0.00062881695,5,OOD_Class_4
I rate Observations one points,4,4,1,0.015421608,5,OOD_Class_4
Rate the current novel 1 out of 6 points .,4,4,1,0.0008030008,5,OOD_Class_4
I give the next essay 4 out of 6 points .,4,4,1,0.0035657005,5,OOD_Class_4
rate the current textbook 5 stars,4,4,1,0.00044727366,5,OOD_Class_4
I want to give the current essay a five,4,0,1,0.003055228,5,OOD_Class_4
Will it storm in Charles Pinckney National Historic Site,2,2,0,0.00014999456,5,OOD_Class_4
What's the weather forecast for 3 hours from now at Christmas Island ?,2,2,0,0.0001244163,5,OOD_Class_4
I think that this book deserves a 3,4,0,1,0.00096744654,5,OOD_Class_4
show the trailer of Deadly Skies,5,4,0,0.00019430449,5,OOD_Class_4
play music using Groove Shark,3,3,0,0.00016844047,5,OOD_Class_4
what is the Fiji forecast for warm temps,2,2,0,0.00013419728,5,OOD_Class_4
What is weather in Azerbaijan 16 seconds from now,2,2,0,0.00012417296,5,OOD_Class_4
add how to my week end playlist,0,0,0,0.00021960954,5,OOD_Class_4
Is it freezing in Tira,2,2,0,0.00013879484,5,OOD_Class_4
I want to rate my current book three out of 6 points,4,4,1,0.003294507,5,OOD_Class_4
Rate The A-Z Guide to Arranged Marriage 0 of 6,4,4,1,0.0002780317,5,OOD_Class_4
Add from the ashes to my rock gaming playlist,0,0,0,0.00022802054,5,OOD_Class_4
I'm looking for the last track by Fei Yu Ching from the fourties,3,4,0,0.00022809811,5,OOD_Class_4
"What will the weather be like on january 2nd, 2025 in GA",2,2,0,0.00013373967,5,OOD_Class_4
What's today's movie schedule,6,5,0,0.00015465867,5,OOD_Class_4
find me a game called Thesis Eleven,5,4,0,0.00015597559,5,OOD_Class_4
Lets hear some Dawood Sarkhosh from their The Power Of Your Love album from Groove Shark,3,3,0,0.00018947374,5,OOD_Class_4
"add this album to my playlist named Café, Libros",0,0,0,0.0002248146,5,OOD_Class_4
rate National Geographic Dinosaurs 2 out of 6,4,4,1,0.00015528196,5,OOD_Class_4
add agua y sal in Classic Jazz Funk,0,0,0,0.00022068038,5,OOD_Class_4
I want to add un jour dans notre vie to my list running to rock 170 to 190 bpm,0,0,0,0.00020370007,5,OOD_Class_4
I feel like this essay deserves four stars,4,0,1,0.0022851815,5,OOD_Class_4
put United Abominations onto my rare groove playlist,0,0,0,0.00024083523,5,OOD_Class_4
When is For Lovers Only playing?,6,5,0,0.00024857663,5,OOD_Class_4
give two out of 6 stars saga called The Big Question,4,4,1,0.00020108483,5,OOD_Class_4
I am giving this current novel 1 out of 6 stars,4,0,1,0.0042930567,5,OOD_Class_4
I need a table for 5 at the restaurant I ate at last Oct.,1,1,0,0.0002587454,5,OOD_Class_4
Play some music on Pandora,3,3,0,0.00021241026,5,OOD_Class_4
give 5 points to The Deathlord of Ixia,4,4,1,0.00033337166,5,OOD_Class_4
Is there snow in the District Of Columbia,2,2,0,0.00014524152,5,OOD_Class_4
play some Deezer oldies music,3,3,0,0.00018490812,5,OOD_Class_4
"rate the book A Girl, a Man, and a River a five",4,4,1,0.0010747558,5,OOD_Class_4
Give Directive 51 three out of 6 .,4,4,1,0.37678945,5,OOD_Class_4
play Pandora Christian Gangsta Rap,3,3,0,0.00014568707,5,OOD_Class_4
play the newest sound track from the thirties,3,3,0,0.00018472967,5,OOD_Class_4
Give the saga called The Bridges of Madison County four of 6 stars .,4,4,1,0.0003442722,5,OOD_Class_4
the horrible current essay gets only a 0 out of 6,4,4,1,0.00033590395,5,OOD_Class_4
put this track on operación bikini,0,0,0,0.00027421897,5,OOD_Class_4
Rate the current essay 1 of 6,4,4,1,0.00027153443,5,OOD_Class_4
Show me movie schedule,6,5,0,0.00015570602,5,OOD_Class_4
I would like to rate the current chronicle 4 to 6 stars .,4,4,1,0.0006229433,5,OOD_Class_4
Play soundtrack by Armand Van Helden,3,3,0,0.0001937791,5,OOD_Class_4
Give the current album a four .,4,0,1,0.0014440427,5,OOD_Class_4
I need a table for 4 in Florida,1,1,0,0.00020115655,5,OOD_Class_4
Will it be warmer in my current position,2,2,0,0.00012649494,5,OOD_Class_4
Book me a restaurant ten minutes from now,1,1,0,0.00020385241,5,OOD_Class_4
Give me the weather forecast in Zimbabwe .,2,2,0,0.00014716634,5,OOD_Class_4
rate this album four out of 6 stars,4,4,1,0.0020433408,5,OOD_Class_4
rate The Lost Hero chronicle four out of 6,4,4,1,0.00021867093,5,OOD_Class_4
find me the book Filthy Lucre Live,5,4,0,0.00012399488,5,OOD_Class_4
Add your loving flame to my palylist Rock,0,0,0,0.00021129369,5,OOD_Class_4
Give the current series a one .,4,4,1,0.0009914732,5,OOD_Class_4
give this textbook zero out of 6 points,4,0,1,0.008566752,5,OOD_Class_4
Will it get cold in Nevada seven weeks and a half from now ?,2,2,0,0.00011941585,5,OOD_Class_4
Can I get the movie schedules for Megaplex Theatres ?,6,5,0,0.00014501014,5,OOD_Class_4
Book a bar which serves chicken french at Robinson .,1,1,0,0.0002823962,5,OOD_Class_4
What's the weather in Wisconsin on National Maritime Day,2,2,0,0.00014919664,5,OOD_Class_4
Play some Hong Junyang .,3,3,0,0.0001748954,5,OOD_Class_4
Please play some Bill Evans music.,3,3,0,0.00017464465,5,OOD_Class_4
Show me the movie schedule for Caribbean Cinemas,6,5,0,0.00015063828,5,OOD_Class_4
Add Live from Aragon Ballroom to Trapeo,0,0,0,0.0002219783,5,OOD_Class_4
Add this song to my fairy tales,0,0,0,0.00022624219,5,OOD_Class_4
Add this album to jenifer's mellow dinner playlist,0,0,0,0.0002311603,5,OOD_Class_4
Book a restaurant for a party of 7 in Paraguay on Saturday,1,1,0,0.0002462364,5,OOD_Class_4
Find a soundtrack called New Religion .,5,4,0,0.00017128736,5,OOD_Class_4
rate Quantum Theology one out of 6,4,4,1,0.0009018312,5,OOD_Class_4
Gods and Pawns should get a three,4,4,1,0.0009926411,5,OOD_Class_4
Where is the nearest movie theatre that is playing Honeysuckle Rose,6,5,0,0.0001531568,5,OOD_Class_4
I rate The Mathematical Magpie chronicle a 0 of 6,4,4,1,0.0003082054,5,OOD_Class_4
4 stars for Three to Get Deadly,4,0,1,0.0015404846,5,OOD_Class_4
I think this textbook should be rated 5 points,4,0,1,0.0018481802,5,OOD_Class_4
I am giving Finding Chandra a 2 out of 6 rating,4,4,1,0.0051040724,5,OOD_Class_4
What time is Bloody Twilight playing?,6,5,0,0.00020843706,5,OOD_Class_4
Add this track to anochecer urbano,0,0,0,0.0002277997,5,OOD_Class_4
I need a reservation for my teens and I six months from now in Tennessee,1,1,0,0.00021317895,5,OOD_Class_4
I want to give this book a rating of 2 points out of 6 .,4,0,1,0.008291336,5,OOD_Class_4
this saga is definitely worth 4 stars .,4,0,1,0.0017029821,5,OOD_Class_4
add josefina pla to isabelle's Guest List GamesRadar playlist,0,0,0,0.00021747268,5,OOD_Class_4
Rate Gates of Fire a 2,4,4,1,0.00024103798,5,OOD_Class_4
rate this novel 2 out of 6 points,4,4,1,0.00044833726,5,OOD_Class_4
book in South Dakota for lobster newberg at a pub,1,1,0,0.00022011569,5,OOD_Class_4
I want to add Digital Line to my playlist called Infantil,0,0,0,0.00021315963,5,OOD_Class_4
book a bar close by with a smoking room in MA,1,1,0,0.00021579812,5,OOD_Class_4
add grim skunk to Duetos,0,0,0,0.0002365249,5,OOD_Class_4
Tell me if there's be a depression in Brazil,2,2,0,0.00018647168,5,OOD_Class_4
add fabrice morvan to Folk for Kids,0,0,0,0.00022046763,5,OOD_Class_4
Play music from Gavin Koppell movement,3,3,0,0.00021841099,5,OOD_Class_4
give 1 out of 6 points to current saga,4,4,1,0.0022020352,5,OOD_Class_4
my timeless love songs playlist should include viderunt omnes,0,0,0,0.00020889664,5,OOD_Class_4
find the They Came from Somewhere Else saga,5,4,0,0.000109739274,5,OOD_Class_4
Give this series 4 stars,4,4,1,0.0009802501,5,OOD_Class_4
Add janie jones to my Indie Pop,0,0,0,0.00022679851,5,OOD_Class_4
add tune to African Heat,0,0,0,0.00019257372,5,OOD_Class_4
Is The Belles of St. Clements playing at Star Theatres in 8 minutes ?,6,5,0,0.0001735458,5,OOD_Class_4
I only give Blood Work two stars,4,4,1,0.0018983694,5,OOD_Class_4
This current textbook should have a rating value of two and a best rating of 6,4,0,1,0.00095378177,5,OOD_Class_4
Use Google Music to play some songs by Dr John,3,3,0,0.00018062952,5,OOD_Class_4
Show me a forecast for French Polynesia,2,2,0,0.00026668544,5,OOD_Class_4
Book the tea house on North River,1,1,0,0.00018653879,5,OOD_Class_4
Rate Colorless Tsukuru Tazaki and His Years of Pilgrimage one stars,4,4,1,9.657779e-05,5,OOD_Class_4
I would give this current novel 4 points,4,0,1,0.0012603995,5,OOD_Class_4
Rate Lord of the World a value of 4,4,4,1,0.00025375554,5,OOD_Class_4
Open Groove Shark and play sound track from Dj Cameo,3,3,0,0.00017739375,5,OOD_Class_4
Book a restaurant in Gate City for 5 people.,1,1,0,0.00021745225,5,OOD_Class_4
Please show me the movie schedule for animated movies playing in the neighborhood .,6,5,0,0.00015300927,5,OOD_Class_4
the next book is worth two,4,4,1,0.00082124886,5,OOD_Class_4
Will it be windy at 7 AM in Dong Phou Vieng National Protected Area,2,2,0,0.00012937031,5,OOD_Class_4
what movie theatre is showing Titanic The Legend Goes On,6,5,0,0.00016175341,5,OOD_Class_4
Rate The Compleat Housewife saga zero of 6,4,4,1,0.00014145143,5,OOD_Class_4
play Disney Sing It! – High School Musical 3 Senior Year,5,4,0,0.00014994289,5,OOD_Class_4
I wish to listen to some instrumental music.,3,3,0,0.00012458634,5,OOD_Class_4
give zero rating to The Deed of Paksenarrion,4,0,1,0.003562504,5,OOD_Class_4
add the man who never lied to my current comedy top tracks,0,0,0,0.00023721794,5,OOD_Class_4
"Can I rate the book My Life in France not one , but 6 stars ?",4,4,1,0.00024747287,5,OOD_Class_4
where is the nearest movie theatre showing movies,6,5,0,0.0001524141,5,OOD_Class_4
Rate The Night Land three out of 6,4,4,1,0.00018524207,5,OOD_Class_4
I give the current textbook 0 of 6 points,4,4,1,0.0063556535,5,OOD_Class_4
Play something by Holly Cole on lastfm,3,3,0,0.00023870259,5,OOD_Class_4
give Heartland chronicle four points,4,4,1,0.00027977178,5,OOD_Class_4
Rate this textbook 2 of 6 stars,4,4,1,0.00096353266,5,OOD_Class_4
Rate The Firebrand one of 6 stars,4,4,1,0.0006534655,5,OOD_Class_4
add this track to my flamenco pa ti,0,0,0,0.00021768709,5,OOD_Class_4
Rate The Change 0 out of 6 points,4,4,1,0.0059380606,5,OOD_Class_4
give two out of 6 points to Beyond a Boundary,4,4,1,0.0020808878,5,OOD_Class_4
Rate this novel at 2,4,4,1,0.00075796293,5,OOD_Class_4
book a table for 2 guests at a restaurant in Lazy Mountain NY,1,1,0,0.00023052504,5,OOD_Class_4
book a socca serving steakhouse for 2 in Saint James Alabama,1,1,0,0.00025672113,5,OOD_Class_4
play Morning Song,3,4,0,0.0009860568,5,OOD_Class_4
I think that this essay deserves four stars,4,0,1,0.001614576,5,OOD_Class_4
give 4 points to Fight Club,4,4,1,0.00091884413,5,OOD_Class_4
I'm looking to book a seat at a bakery that serves coleslaw at 194458 .,1,1,0,0.00023548225,5,OOD_Class_4
rate Theodore Boone The Accused five out of 6 points,4,4,1,0.000925099,5,OOD_Class_4
Book a reservation not far from 8th St,1,1,0,0.00020166615,5,OOD_Class_4
Show me the A-Myin-thit TV series,5,4,0,0.00017690664,5,OOD_Class_4
rate the book series Sons of Destiny a five,4,4,1,0.00014125256,5,OOD_Class_4
what movies are playing in the neighborhood,6,5,0,0.00015879134,5,OOD_Class_4
I rate Wideacre five of a possiable 6,4,4,1,0.00060890696,5,OOD_Class_4
I think this essay is only good for one stars,4,0,1,0.0022580633,5,OOD_Class_4
Play me a 1958 adam yauch concerto on Groove Shark,3,3,0,0.00015135919,5,OOD_Class_4
add this is Andrés Calamaro by Milk,0,0,0,0.00022045583,5,OOD_Class_4
Add album to Pop Rising,0,0,0,0.00022602451,5,OOD_Class_4
give two stars to current chronicle,4,0,1,0.001109397,5,OOD_Class_4
Is The Big Job playing at the nearest cinema ?,6,5,0,0.00015724788,5,OOD_Class_4
rate A Thousand Lies series a 3,4,4,1,0.00021277036,5,OOD_Class_4
rate The Wimpy Kid Movie Diary saga 4 out of 6,4,4,1,0.0001294157,5,OOD_Class_4
I want to give Among the Enemy 4 out of 6 points,4,4,1,0.0023174754,5,OOD_Class_4
"find The Ultimate Gift , a television show",5,4,0,0.00017554691,5,OOD_Class_4
rate The Manxman 5 out of 6,4,4,1,0.0006662411,5,OOD_Class_4
Give me the showtimes for The Rum Diary at MJR Theatres at meal time.,6,5,0,0.00017265776,5,OOD_Class_4
Give Monthly Index of Medical Specialities a two out of 6 rating.,4,4,1,0.009362635,5,OOD_Class_4
Please get me Exploring the Reef TV show,5,4,0,0.00015937159,5,OOD_Class_4
Sort to the last song on playlist from 1983 a chant by Mark Oliver Everett,3,3,0,0.00013771711,5,OOD_Class_4
this essay is five stars for sure,4,0,1,0.0008581085,5,OOD_Class_4
What is the movie schedule for today?,6,5,0,0.00015122484,5,OOD_Class_4
Give The Slap 0 stars,4,4,1,0.0004487543,5,OOD_Class_4
I want to book a restaurant neighboring Livonia Av,1,1,0,0.00019433863,5,OOD_Class_4
Add the current artist to my sxsw latin,0,0,0,0.0002163081,5,OOD_Class_4
Give me the weather forecast for Somiedo Natural Park,2,2,0,0.00013230745,5,OOD_Class_4
rate the book The Ninth Avatar 3 out of 6 stars,4,4,1,0.00031505607,5,OOD_Class_4
"What is the midday weather forecast for Chalkyitsik , Palestine",2,2,0,0.00014327059,5,OOD_Class_4
What is the movie schedule for films in the neighbourhood,6,5,0,0.00015063697,5,OOD_Class_4
I would rate The Spoiler 0 stars,4,4,1,0.00021450945,5,OOD_Class_4
Play most popular from Nil Burak on Slacker,3,3,0,0.00020881381,5,OOD_Class_4
Book a close by brasserie in NC .,1,1,0,0.00019992173,5,OOD_Class_4
Gie this textbook 3 stars,4,4,1,0.0013361421,5,OOD_Class_4
add tune by Leonard Cohen to road trip,0,0,0,0.00023172391,5,OOD_Class_4
Will there be wind in AS,2,2,0,0.00014077293,5,OOD_Class_4
I rate Shadow of Suribachi at five stars .,4,4,1,0.0038757098,5,OOD_Class_4
Rate this chronicle a 4,4,4,1,0.0005831207,5,OOD_Class_4
What is the closest movie house playing What the Swedish Butler Saw,6,5,0,0.00015034377,5,OOD_Class_4
I want to eat panisses the nearby cafeteria in Naytahwaush,1,1,0,0.00018114381,5,OOD_Class_4
Rate Dead Boys a 0,4,4,1,0.0006811236,5,OOD_Class_4
This current book deserves 1 points,4,0,1,0.00045106132,5,OOD_Class_4
rate this book a five .,4,4,1,0.0019196967,5,OOD_Class_4
Give The Snows of Kilimanjaro 3 stars .,4,4,1,0.0022167708,5,OOD_Class_4
I want to book a restaurant for ten people.,1,1,0,0.00023337168,5,OOD_Class_4
Give this album three / 6 points,4,4,1,0.003280809,5,OOD_Class_4
what animated movies are at Fox Theatres,6,5,0,0.00015572215,5,OOD_Class_4
Rate this book 5 stars out of 6,4,4,1,0.00052761013,5,OOD_Class_4
The Mad Scientist Hall of Fame gets only a two out of 6,4,4,1,0.00020579448,5,OOD_Class_4
Book a restaurant that serves capicollo in Kit Carson with ilene and aisha .,1,1,0,0.00026732043,5,OOD_Class_4
Give me the schedule for animated movies at the nearest cinema,6,5,0,0.00014990511,5,OOD_Class_4
The Voyage of the Dawn Treader deserves 5 points .,4,0,1,0.001598983,5,OOD_Class_4
add lil armstrong to my Adrenaline Workout playlist,0,0,0,0.00022813196,5,OOD_Class_4
What's the weather in the current place ?,2,2,0,0.00013032336,5,OOD_Class_4
Play my Sophisticated Dinner playlist on Slacker,3,3,0,0.00015828147,5,OOD_Class_4
book a gluten free restaurant in Arp,1,1,0,0.00020869999,5,OOD_Class_4
Find a television show called Merced Sun-Star .,5,4,0,0.00017248355,5,OOD_Class_4
"rate Goodbye, Mr. Chips one stars",4,4,1,0.00042319912,5,OOD_Class_4
She me movie schedules for the movies close by at sunset,6,5,0,0.00015511409,5,OOD_Class_4
Play some fifties music by Chris Brown .,3,3,0,0.00020219582,5,OOD_Class_4
this tune should go on my coffee table jazz playlist,0,0,0,0.00020080864,5,OOD_Class_4
I need a reservation for around London Borough,1,1,0,0.00019017153,5,OOD_Class_4
add paulinho da viola to my Radio Rock song list,0,0,0,0.00023172575,5,OOD_Class_4
Rate The Twinkie Squad chronicle four of 6,4,4,1,0.00010810824,5,OOD_Class_4
Rat Short Trips A Christmas Treasury a 3,4,4,1,0.00017382897,5,OOD_Class_4
read the novel Friend The Great Legacy,5,4,0,0.00012604108,5,OOD_Class_4
I gave Perchance to Dream 4 of 6 points,4,4,1,0.0047420445,5,OOD_Class_4
What is the movie schedule for movies close by,6,5,0,0.00015330843,5,OOD_Class_4
give two stars to current album,4,0,1,0.00020158422,5,OOD_Class_4
Can you get me reservations for a highly rated restaurant in Seychelles,1,1,0,0.00023630167,5,OOD_Class_4
rate this book called Kings of the High Frontier four points,4,4,1,0.00027145477,5,OOD_Class_4
Give this book 1 stars .,4,4,1,0.0018017035,5,OOD_Class_4
I'd like to listen to Tom Cochrane 's 1990 ep on Zvooq .,3,3,0,0.00014582115,5,OOD_Class_4
I need a table for 4 at a place not far from Palau .,1,1,0,0.00020448421,5,OOD_Class_4
Give this novel a two star rating.,4,4,1,0.0040260158,5,OOD_Class_4
What's the weather forecast for Croatia on jul. 25th,2,2,0,0.00012780324,5,OOD_Class_4
Play Dj Subroc on Itunes,3,3,0,0.00021744223,5,OOD_Class_4
Add what child is this to Dark Dance Floors,0,0,0,0.00019975517,5,OOD_Class_4
I'd like to eat at a restaurant far from Grantsburg,1,1,0,0.0002011298,5,OOD_Class_4
book a restaurant for november 19,1,1,0,0.00021122891,5,OOD_Class_4
rate this current essay 4 out of 6 stars,4,4,1,0.00093916507,5,OOD_Class_4
rate The Prince of Providence 2 points,4,4,1,0.00044036013,5,OOD_Class_4
Put hampartsoum limondjian in running to rock 170 to 190 bpm,0,0,0,0.00019866387,5,OOD_Class_4
find animated movies close by with a movie schedule,6,5,0,0.00015004448,5,OOD_Class_4
Rate this textbook a 2 .,4,0,1,0.005032639,5,OOD_Class_4
what time can I expect films to start at the Bow Tie Cinemas,6,5,0,0.00017253059,5,OOD_Class_4
Rate this textbook a three,4,4,1,0.0023408188,5,OOD_Class_4
can i give the book The Saga of Seven Suns a four out of 6 stars,4,4,1,0.0005274342,5,OOD_Class_4
I want to give this book three out of 6 stars,4,4,1,0.0063984934,5,OOD_Class_4
The A Mighty Fortress series should be rated a two,4,4,1,0.0018677547,5,OOD_Class_4
The Sins of the Cities of the Plain gets a rating of one,4,4,1,0.000778544,5,OOD_Class_4
"Find me a bar in Eagle Pass , Vermont that serves noodle dishes, that will take reservations for 2/21/2021 .",1,1,0,0.00017657389,5,OOD_Class_4
rate Cousin Bette 5 points,4,4,1,0.0012160997,5,OOD_Class_4
find movie times,6,5,0,0.00014178304,5,OOD_Class_4
What is the weather forecast in 13 seconds in Grand Traverse Bay Bottomland Preserve,2,2,0,0.00012668408,5,OOD_Class_4
Find the schedule for The Solitude of Prime Numbers at the nearest cinema in 1 hour .,6,5,0,0.00015956479,5,OOD_Class_4
rate current saga one point out of 6,4,4,1,0.00013601866,5,OOD_Class_4
give a 4 rating for Curtains for Three,4,4,1,0.0051844264,5,OOD_Class_4
give the following essay one stars,4,4,1,0.0004044094,5,OOD_Class_4
put Pause on my Días de Frío playlist,0,0,0,0.00021215832,5,OOD_Class_4
Add the album to my Flow Español playlist.,0,0,0,0.00022350218,5,OOD_Class_4
I'd like to watch Take This Waltz,6,5,0,0.00028441587,5,OOD_Class_4
What time is The Christmas Toy playing at Loews Cineplex,6,5,0,0.00019886307,5,OOD_Class_4
Will there be a fog here this week ?,2,2,0,0.000120941404,5,OOD_Class_4
Will it be overcast in South Dakota,2,2,0,0.00014355095,5,OOD_Class_4
add album to Ultra Metal,0,0,0,0.00021620448,5,OOD_Class_4
Rate Red Nails two of 6 stars,4,4,1,0.0005529355,5,OOD_Class_4
Can you make reservations for a party of eight in Iowa,1,1,0,0.0002608627,5,OOD_Class_4
Give the current essay 5 out of 6 points .,4,4,1,0.0036251426,5,OOD_Class_4
rate the current saga 4 of 6,4,4,1,0.000120025565,5,OOD_Class_4
Swine Not ? deserves four points,4,4,1,0.0007828906,5,OOD_Class_4
"give 5 out of 6 points to Absolutely, Positively Not series",4,4,1,0.0013209699,5,OOD_Class_4
Rate this album zero stars,4,4,1,0.00050699624,5,OOD_Class_4
What time is The Rumyantsev Case playing at the closest cinema,6,5,0,0.00016902825,5,OOD_Class_4
rate the Beyond Black saga a one,4,4,1,0.00017321378,5,OOD_Class_4
give one out of 6 points to The Psychopathic God series,4,4,1,0.0012369241,5,OOD_Class_4
put this artist onto political punks .,0,0,0,0.00025698546,5,OOD_Class_4
Play Cherry Pink by Trapp Mendoza on Iheart,3,3,0,0.0002101423,5,OOD_Class_4
Play Halid 08 by video game pianist on Pandora,3,3,0,0.0001418985,5,OOD_Class_4
Play shadowplay by Dana on Deezer .,3,3,0,0.00020468152,5,OOD_Class_4
What's the forecast for MT next week ?,2,2,0,0.00013160212,5,OOD_Class_4
I think this album deserves 0 points,4,0,1,0.00038510034,5,OOD_Class_4
what is the forecast for Orienta for hotter weather,2,2,0,0.0001336747,5,OOD_Class_4
Show me Rapid City Muscle Car .,5,4,0,0.0003122636,5,OOD_Class_4
Rate Religion and Dharma saga 1 points,4,4,1,0.00013693394,5,OOD_Class_4
Please look up the song The Mad Magician .,5,4,0,0.00013605368,5,OOD_Class_4
What will the weather be nineteen seconds from now from the Little Manatee River State Park,2,2,0,0.00012484235,5,OOD_Class_4
"Give three stars / 6 to My Sister, My Love",4,0,1,0.0014977016,5,OOD_Class_4
Rate the current novel 5 of 6 points,4,4,1,0.00028733155,5,OOD_Class_4
rate Licence Renewed a 4,4,4,1,0.0002842311,5,OOD_Class_4
rate the current novel 1,4,4,1,0.00014085292,5,OOD_Class_4
find Santikos Theatres showing animated movies,6,5,0,0.00015465888,5,OOD_Class_4
rate this novel 5 stars,4,4,1,0.00029084386,5,OOD_Class_4
rate Mus of Kerbridge a one,4,4,1,0.00052791956,5,OOD_Class_4
Look up the Hard to Handle TV show,5,4,0,0.00017883145,5,OOD_Class_4
find soundtrack titled The House of the Yellow Carpet,5,4,0,0.00016409125,5,OOD_Class_4
She me the game called Knowledge and Decisions,5,4,0,0.00019594893,5,OOD_Class_4
Use Netflix to play In The Arms Of A Woman playlist,3,3,0,0.00036074923,5,OOD_Class_4
Give the current series a two,4,4,1,0.0006593664,5,OOD_Class_4
Find the movie schedule .,6,5,0,0.0001303645,5,OOD_Class_4
give this novel 3 of 6,4,4,1,0.0018132263,5,OOD_Class_4
show schedule for Loved by Thousands,5,4,0,0.0001258078,5,OOD_Class_4
I want to give this textbook 3 out of 6 points,4,0,1,0.0023122737,5,OOD_Class_4
What is the closest movie theatre that is playing Moment to Moment ?,6,5,0,0.00015420871,5,OOD_Class_4
"I'd give With Lee in Virginia, A Story of the American Civil War chronicle 4 of 6",4,4,1,0.00020772277,5,OOD_Class_4
"what will the weather be in Lago Vista on October fourteenth, 2022",2,2,0,0.00013179527,5,OOD_Class_4
"Can you find a photograph entitled, Beneath the Harvest Sky",5,4,0,0.00014811846,5,OOD_Class_4
What's the weather in Kiahsville in the Cayman Islands,2,2,0,0.00013295832,5,OOD_Class_4
I want to give Panther in the Basement four points,4,4,1,0.0057701124,5,OOD_Class_4
Give this series 3 stars,4,4,1,0.00087968545,5,OOD_Class_4
I give this album a 0 of 6 stars,4,0,1,0.0046692607,5,OOD_Class_4
Where to buy book Bright Ambush,5,4,0,0.00014709943,5,OOD_Class_4
"When will it be warmer in White Horse , Mauritius",2,2,0,0.0001365756,5,OOD_Class_4
rate the following series five points,4,4,1,0.00013716625,5,OOD_Class_4
play a movement from top-20 1983 by Baruch Chait,3,3,0,0.00017774271,5,OOD_Class_4
What movies are playing in the neighborhood,6,5,0,0.00015879134,5,OOD_Class_4
Add sara hickman to my Targeted list,0,0,0,0.00020893756,5,OOD_Class_4
Rate this series one stars,4,4,1,0.0001839948,5,OOD_Class_4
listen to Westbam alumb Allergic on Google Music,3,3,0,0.00016591292,5,OOD_Class_4
rate the book Pimpernel and Rosemary 1 out of 6,4,4,1,0.00038547805,5,OOD_Class_4
Rate the current essay 4 out of 6,4,4,1,0.00053035864,5,OOD_Class_4
Will there be rainfall four weeks from now in Tehama Bahamas,2,2,0,0.00012320602,5,OOD_Class_4
Play some Oleg Anofriyev from 1960 .,3,3,0,0.00019359757,5,OOD_Class_4
Rate the current textbook 4 of 6,4,4,1,0.00043899025,5,OOD_Class_4
I want to give The Pilgrims of Rayne three out of 6 stars,4,4,1,0.0049078935,5,OOD_Class_4
Play music from the seventies for me.,3,3,0,0.00015601335,5,OOD_Class_4
Can you find Fire Escape in the Sky The Godlike Genius of Scott Walker,5,4,0,0.00014479793,5,OOD_Class_4
rate this book titled Sombrero Fallout A Japanese Novel 0 points,4,4,1,0.00026638617,5,OOD_Class_4
Rate Illness as Metaphor 5 of 6,4,0,1,0.0071981135,5,OOD_Class_4
find the album The Peace-Maker,5,4,0,0.00012064029,5,OOD_Class_4
I gave Joseph Andrews a 0 out of 6,4,3,1,0.007119278,5,OOD_Class_4
Play some Maynard James Keenan songs from Scenes From The Big Chair,3,3,0,0.00015539354,5,OOD_Class_4
Rate this album a 3,4,0,1,0.0011909973,5,OOD_Class_4
Play the song Victim Of Changes from Hawkshaw Hawkins on Spotify,3,3,0,0.00015631033,5,OOD_Class_4
Rate my current textbook three out of 6,4,3,1,0.0020256806,5,OOD_Class_4
book a spot at a highly rated tavern in Colombia,1,1,0,0.00026079165,5,OOD_Class_4
"What's the weather like in Tyonek , New Jersey",2,2,0,0.0001436218,5,OOD_Class_4
Add the name Shall We Dance to playlist Rock,0,0,0,0.00022558583,5,OOD_Class_4
add this MakSim tune to Trad Folk,0,0,0,0.00021441634,5,OOD_Class_4
Book a table for 3 at a top-rated restaurant .,1,1,0,0.00028629325,5,OOD_Class_4
rate this novel four points,4,4,1,0.00042174038,5,OOD_Class_4
rating points for Castles of Steel out of 6 are 5,4,4,1,0.0027219187,5,OOD_Class_4
Add bryan gregory to the playlist Emily Dickinson,0,0,0,0.00021811256,5,OOD_Class_4
I give The Blood Book five stars,4,4,1,0.0032936856,5,OOD_Class_4
Can you help me find the television show Women and Death,5,4,0,0.0001812845,5,OOD_Class_4
"Is it warmer in Monson , U.S. Minor Outlying Islands",2,2,0,0.00013038087,5,OOD_Class_4
Give The Neon Bible three stars / 6,4,4,1,0.00029646707,5,OOD_Class_4
for this series The Magical Revival out of 6 give it a 5,4,4,1,0.00051448774,5,OOD_Class_4
What is the temperature at Eifel National Park,2,2,0,0.00014839624,5,OOD_Class_4
Play eighties music,3,3,0,0.00020567035,5,OOD_Class_4
I'm looking for River Disturbance,5,4,0,0.00013000492,5,OOD_Class_4
the stars for this are 4 for a textbook,4,0,1,0.0007580097,5,OOD_Class_4
Is it freezing in Vega Alta,2,2,0,0.00013791677,5,OOD_Class_4
What time is The Face in the Moonlight showing?,6,5,0,0.00021112768,5,OOD_Class_4
For the current essay I give a total of 1 stars,4,4,1,0.0018372168,5,OOD_Class_4
Give this current textbook zero out of 6 points .,4,0,1,0.006407481,5,OOD_Class_4
Book restaurnt at N9NE Group in Loogootee UT,1,1,0,0.00018969485,5,OOD_Class_4
"Book a table at Top Pot Doughnuts in Greensburg , AMerican Samoa",1,1,0,0.00017810502,5,OOD_Class_4
"Is there an expected blizzard in Brook , Tennessee today ?",2,2,0,0.000138998,5,OOD_Class_4
add five stars to my current chronicle,4,0,1,0.00020211261,5,OOD_Class_4
play David Banner on Netflix,3,3,0,0.00018070791,5,OOD_Class_4
where is My Song Goes Forth playing,6,5,0,0.00019615704,5,OOD_Class_4
Locate the Koi to Senkyo to Chocolate television show,5,4,0,0.00016717435,5,OOD_Class_4
I give The Road from Elephant Pass four stars,4,4,1,0.0020769623,5,OOD_Class_4
Book a restaurant at Tennessee,1,1,0,0.00019487459,5,OOD_Class_4
book a spot for seven in 8 seconds from now,1,1,0,0.00019370529,5,OOD_Class_4
Add a rating of 0 out of 6 stars to The Lady of The Aroostook,4,0,1,0.00023058755,5,OOD_Class_4
rate this essay two points out of 6,4,4,1,0.0006775129,5,OOD_Class_4
Rate Dictionary of the English Language a 4,4,4,1,0.00025346887,5,OOD_Class_4
rate this novel 0 of 6 stars,4,4,1,0.00039313946,5,OOD_Class_4
I want to give Three Days Before the Shooting... one out of 6 stars,4,4,1,0.0021197372,5,OOD_Class_4
I want to add Black Ribbons to the i love my neo soul playlist,0,0,0,0.00021160868,5,OOD_Class_4
I give this novel a 5 out of 6 .,4,4,1,0.0035307165,5,OOD_Class_4
Rate Political Liberalism 1 out 6 stars,4,4,1,0.0009528788,5,OOD_Class_4
book a spot for selma and molly at a steakhouse with saucisse that is close-by McSherrystown,1,1,0,0.0003047557,5,OOD_Class_4
Show me the movie schedules for the nearest movie theatre in Invasion U.S.A. .,6,5,0,0.00014095861,5,OOD_Class_4
Book a table for a party of twelve in Lewisville AMerican Samoa for a party of 7 at the Ballachulish House,1,1,0,0.00024267961,5,OOD_Class_4
I'd like a movie schedule for a close by movies,6,5,0,0.00014514753,5,OOD_Class_4
Give The Turning Point a 0 out of 6 .,4,4,1,0.01015884,5,OOD_Class_4
"Play my Hardstyle, Baby playlist on Netflix",3,3,0,0.00015983236,5,OOD_Class_4
I'd rate the current essay as a 2,4,0,1,0.0011023827,5,OOD_Class_4
Show me a video game made by TMPGEnc .,5,4,0,0.00042609812,5,OOD_Class_4
add the artist a j pero to my Country Gold playlist,0,0,0,0.00022079126,5,OOD_Class_4
play the 2014 album from la lupe,3,3,0,0.00013673342,5,OOD_Class_4
I need a restaurant that has internet access for a party of six,1,1,0,0.00029422846,5,OOD_Class_4
rate this album 2 of 6,4,0,1,0.003953499,5,OOD_Class_4
I give this current textbook a rating value of 1 and a best rating of 6,4,0,1,0.0046663443,5,OOD_Class_4
I would like to book a brasserie for nine in AR,1,1,0,0.00022259759,5,OOD_Class_4
Is it snowy in Audra State Park or within the same area,2,2,0,0.00013386508,5,OOD_Class_4
what films are showing nearby,6,5,0,0.00015526247,5,OOD_Class_4
Give the current novel 3 stars .,4,4,1,0.0013656125,5,OOD_Class_4
Rate What Is Called Thinking ? 0 stars,4,4,1,0.0011176261,5,OOD_Class_4
what is the weather forecast for La Cienega,2,2,0,0.0001336745,5,OOD_Class_4
I want to give the current textbook 2 out of 6,4,0,1,0.0069712116,5,OOD_Class_4
Will there be fog in Tahquamenon Falls State Park ?,2,2,0,0.00013784913,5,OOD_Class_4
Play music on groove shark,3,3,0,0.00020150184,5,OOD_Class_4
rate this with zero points for the saga called A Good Recovery out of 6,4,4,1,0.002042783,5,OOD_Class_4
Rate The Gorilla Hunters 0 stars,4,4,1,0.00019439396,5,OOD_Class_4
Incorporate a russel walder track onto gay's Funk Rock playlist.,0,0,0,0.00021735766,5,OOD_Class_4
For this series I give the rating of four of 6 stars,4,4,1,0.0010615328,5,OOD_Class_4
add A Compilation of Warped Music II to workout twerkout playlist,0,0,0,0.0002245958,5,OOD_Class_4
Find an album called Just Call Me Stupid .,5,4,0,0.00018885062,5,OOD_Class_4
Find movie times for close by films .,6,5,0,0.00013904374,5,OOD_Class_4
give this textbook a 5 out of 6 rating,4,4,1,0.003314758,5,OOD_Class_4
look for the saga called Death in Paradise,5,4,0,0.00016783578,5,OOD_Class_4
this track should go into my playlist called This Is Beethoven,0,0,0,0.00021449204,5,OOD_Class_4
Please look up for Disney Universe .,5,4,0,0.00012544991,5,OOD_Class_4
How is the weather going to be on child health day in Trinidad and Tobago ?,2,2,0,0.00014036207,5,OOD_Class_4
Play Shinehead 's music from the twenties on Slacker .,3,3,0,0.0002000378,5,OOD_Class_4
add track to my Las Canciones Más Lindas Del Mundo playlist,0,0,0,0.00021993017,5,OOD_Class_4
Is it going to be hotter within walking distance of Ohio on 3/22/2038,2,2,0,0.00013276107,5,OOD_Class_4
Rate DNA Repair and Mutagenesis four stars,4,4,1,0.00088055007,5,OOD_Class_4
give 4 out of 6 stars to this textbook,4,0,1,0.0013736968,5,OOD_Class_4
Add the entire album into indie español,0,0,0,0.00020842961,5,OOD_Class_4
Please get me Infernal Devices game .,5,4,0,0.00020343358,5,OOD_Class_4
Rate my current book one stars,4,4,1,0.00022499185,5,OOD_Class_4
where do I see the trailer for Live Dates,5,4,0,0.00015967438,5,OOD_Class_4
Rate Tropic of Capricorn two stars,4,4,1,0.00016772789,5,OOD_Class_4
what is the nearest movie house showing animated movies,6,5,0,0.00015063772,5,OOD_Class_4
Rate The Tritonian Ring zero,4,4,1,0.00036975523,5,OOD_Class_4
Use netflix to play a record by Emil Gilels from year 2015,3,3,0,0.00017311717,5,OOD_Class_4
give 2 stars to Mulligan Stew series,4,4,1,0.0018930292,5,OOD_Class_4
I want the photograph of Walt Before Mickey,5,4,0,0.00014018,5,OOD_Class_4
Play Slow Rock on Lastfm .,3,3,0,0.00018773152,5,OOD_Class_4
Give this novel 5 stars,4,4,1,0.0007962527,5,OOD_Class_4
What time is The Graduates of Malibu High playing at Cobb Theatres,6,5,0,0.00019133958,5,OOD_Class_4
add this Roy Orbison song onto Women of Comedy,0,0,0,0.00022602583,5,OOD_Class_4
Add all together now to my playlist the road to punk rock,0,0,0,0.00022198059,5,OOD_Class_4
Does Wildorado have a hot temperature,2,2,0,0.00014270798,5,OOD_Class_4
Rate Secret Weapon a four,4,4,1,0.00015681575,5,OOD_Class_4
Give this book a rating of four out of 6 .,4,4,1,0.0031817257,5,OOD_Class_4
Play Lorenzo Palacios Quispe,3,3,0,0.00014827821,5,OOD_Class_4
show me the movie schedule in the neighbourhood movies,6,5,0,0.00014444393,5,OOD_Class_4
The previous essay gets 0 out of 6 possible stars,4,4,1,0.0017867982,5,OOD_Class_4
rate the book saga A Coin in Nine Hands 0 points,4,4,1,0.0001566425,5,OOD_Class_4
Look for the Editor & Publisher TV series,5,4,0,0.00016426382,5,OOD_Class_4
book a restaurant that serves trottole in Tillicum,1,1,0,0.0002212074,5,OOD_Class_4
I'd rate this novel a five,4,0,1,0.0018583075,5,OOD_Class_4
Use Itunes to play a soundtrack from the year 1954,3,3,0,0.00014498396,5,OOD_Class_4
Please provide the Rainbow Mars series a zero out of 6 points .,4,4,1,0.0033487496,5,OOD_Class_4
Find the work Compiled fragments 1997-2003,5,4,0,0.00012679376,5,OOD_Class_4
Book me a table at a Tartinery Restaurant not far from my home in Elk Rapids .,1,1,0,0.00021458509,5,OOD_Class_4
Rate the At the Villa Rose series 3 of 6,4,4,1,0.00014484773,5,OOD_Class_4
rate this book series zero out of 6 points,4,4,1,0.000262646,5,OOD_Class_4
add the song don't drink the water to my playlist,0,0,0,0.00022317594,5,OOD_Class_4
What are the animated movies in the neighbourhood for the recent movie times,6,5,0,0.00016969025,5,OOD_Class_4
I gave the current chronicle a 3 of 6,4,4,1,0.0020424894,5,OOD_Class_4
Play music on the playlist Electronic Gaming,3,3,0,0.00015297337,5,OOD_Class_4
Rate The Coming of Bill 3 of 6 stars,4,4,1,0.0001707883,5,OOD_Class_4
rate this book chronicle 1 points,4,4,1,0.00020874475,5,OOD_Class_4
I want to give Science Fiction Adventures in Mutation 0 stars,4,4,1,0.00031233154,5,OOD_Class_4
Will it be freezing on 4/20/2038 in AMerican Beach NC,2,2,0,0.0001357125,5,OOD_Class_4
give 5 stars to this book,4,0,1,0.003105863,5,OOD_Class_4
What is the weather forecast in Canfield at 222322,2,2,0,0.0001248416,5,OOD_Class_4
I would give this current novel one stars,4,0,1,0.0017996544,5,OOD_Class_4
rate Black Boy 4 out of 6,4,4,1,0.00080305716,5,OOD_Class_4
Book me a restaurant that serves festoni for eight in New Hampshire,1,1,0,0.00022651021,5,OOD_Class_4
The current textbook gets a 2 rating.,4,0,1,0.0028035606,5,OOD_Class_4
Give this album 5 points .,4,0,1,0.0038988166,5,OOD_Class_4
give 5 out of 6 points to Thorn Castle,4,4,1,0.0011956355,5,OOD_Class_4
Which animated movies are being screened at Marcus Corporation ?,6,5,0,0.00017405377,5,OOD_Class_4
book a highly rated bar in Curacao for one,1,1,0,0.0002211157,5,OOD_Class_4
What movie times are Harkins Theatres,6,5,0,0.0001732079,5,OOD_Class_4
Give 1 out of 6 rating to the current textbook,4,4,1,0.0026400606,5,OOD_Class_4
rate Beaver Towers five out of 6 stars,4,4,1,0.0011172143,5,OOD_Class_4
find a painting called Songs from Tsongas,5,4,0,0.00013913159,5,OOD_Class_4
The book Organization of Behavior deserves two points .,4,0,1,0.020169096,5,OOD_Class_4
Rate the book An Appeal from the New to the Old Whigs a 0,4,4,1,0.0004119108,5,OOD_Class_4
give 5 out of 6 to this album,4,0,1,0.0024874343,5,OOD_Class_4
find Some of My Best Friends Are...The Piano Players,5,4,0,0.001995562,5,OOD_Class_4
Play concerto from the eighties,3,3,0,0.0001834683,5,OOD_Class_4
Reminiscences of the Anti-Japanese Guerillas chronicle deserves zero points out of 6 for a rating.,4,4,1,0.00073771836,5,OOD_Class_4
I feel that The Loveday Trials is rated at a one out of 6 points .,4,4,1,0.0028169267,5,OOD_Class_4
Add ana carolina to chill,0,0,0,0.0002035962,5,OOD_Class_4
Show movies in the neighborhood,6,5,0,0.00013782515,5,OOD_Class_4
Is it warm at seven AM in Greenland,2,2,0,0.00013798253,5,OOD_Class_4
Rate this textbook four of 6 points,4,4,1,0.003989572,5,OOD_Class_4
I want a table for eight at GU,1,1,0,0.00026921567,5,OOD_Class_4
play the most popular Miles Jones track,3,3,0,0.00022898882,5,OOD_Class_4
Give the current chronicle 2 stars .,4,4,1,0.0003456289,5,OOD_Class_4
"What will the weather be in Montevallo on july ninth, 2018 ?",2,2,0,0.00012742885,5,OOD_Class_4
give four out of 6 points to this essay,4,0,1,0.0067150425,5,OOD_Class_4
I need a table for 4 at The Brass Rail .,1,1,0,0.00027980958,5,OOD_Class_4
What's the weather in Timbo ?,2,2,0,0.00012551497,5,OOD_Class_4
I give One Clear Call zero out of 6 points,4,4,1,0.0038678818,5,OOD_Class_4
I want to give the following essay five points out of 6,4,4,1,0.0067934426,5,OOD_Class_4
Rate The Secret of Dr. Honigberger 2 points out of 6,4,4,1,0.00038922078,5,OOD_Class_4
Show Famous Classic Tales television show,5,4,0,0.00013913432,5,OOD_Class_4
Play some tango .,3,3,0,0.00013567237,5,OOD_Class_4
Add rev-raptor to 90s Indie,0,0,0,0.00022958459,5,OOD_Class_4
Add J J Cale to my heavy gamer playlist.,0,0,0,0.00021736749,5,OOD_Class_4
Rate The Honourable Jim a three,4,4,1,0.00075885607,5,OOD_Class_4
Search for Chasing Fortune a TV series .,5,4,0,0.00016520744,5,OOD_Class_4
What is A Romance of the Halifax Disaster,5,4,0,0.00016682241,5,OOD_Class_4
Put some Stu Phillips in the women of acoustic playlist.,0,0,0,0.00022382144,5,OOD_Class_4
Rate The Costs of Accidents a three,4,4,1,0.0007485896,5,OOD_Class_4
Will there be snowfall this month in UT,2,2,0,0.0001363093,5,OOD_Class_4
Tell me the weather forecast for Korona,2,2,0,0.00013478745,5,OOD_Class_4
book a table in Sterling Run for two with a pool and food court,1,1,0,0.00028118372,5,OOD_Class_4
Rate the current series a 4,4,4,1,0.00024581834,5,OOD_Class_4
Find a video game called The Mysterious Castle in the Carpathians .,5,4,0,0.00015982767,5,OOD_Class_4
find animated movies nearest at a movie house,6,5,0,0.00015166822,5,OOD_Class_4
Put something by Noah Wuv Bernardo on my Humor playlist,0,0,0,0.00022250017,5,OOD_Class_4
Rate Nuclear Terrorism The Ultimate Preventable Catastrophe 5 stars,4,4,1,0.00027326372,5,OOD_Class_4
Give Waiting for the Mahatma 5 out of 6 points .,4,4,1,0.0019815438,5,OOD_Class_4
rate The Odd Angry Shot five points,4,4,1,0.00039403376,5,OOD_Class_4
I am giving this current textbook 4 stars,4,0,1,0.0012955896,5,OOD_Class_4
Is it snowy in Fort Ross State Historic Park ?,2,2,0,0.00013657147,5,OOD_Class_4
Tell me if it'll blizzard in KS,2,2,0,0.0001253908,5,OOD_Class_4
I need a weather forecast for Tallahassee-St. Marks Historic Railroad State Trail,2,2,0,0.00013025645,5,OOD_Class_4
Find Confusion Bay .,5,4,0,0.0005023556,5,OOD_Class_4
rate the book The Egoist five out of 6,4,4,1,0.0002099492,5,OOD_Class_4
I need a reservation for 8 at a top-rated restaurant in Hagaman,1,1,0,0.0002459387,5,OOD_Class_4
add space cowboy to my the funny thing about football is playlist,0,0,0,0.00022868972,5,OOD_Class_4
rate the current novel five out of 6 stars,4,4,1,0.00045364,5,OOD_Class_4
Show the Three Tales album,5,4,0,0.00011478697,5,OOD_Class_4
Rate current novel one stars .,4,4,1,0.00021063768,5,OOD_Class_4
Add this album to my orgánica playlist.,0,0,0,0.00023479878,5,OOD_Class_4
Play the last song by Goldie,3,3,0,0.00014929214,5,OOD_Class_4
find the video game The Sims 3 Generations,5,4,0,0.00017743699,5,OOD_Class_4
Taken at the Flood only gets 2 points out of 6 .,4,4,1,0.0005191761,5,OOD_Class_4
I giv the current novel a four,4,4,1,0.00029326702,5,OOD_Class_4
Rate the previous essay 5 out of 6,4,4,1,0.00047817992,5,OOD_Class_4
Find The Ghost of Tom Joad,5,4,0,0.00035550928,5,OOD_Class_4
give 3 out of 6 points to The Secrets of Love,4,4,1,0.00040053262,5,OOD_Class_4
I want to rate the current textbook with 4,4,3,1,0.003543042,5,OOD_Class_4
"I want to take christy, louise and alexandra to eat at 173804 anywhere in NE",1,1,0,0.00022969372,5,OOD_Class_4
Give me Pacific Theatres movie schedules,6,5,0,0.00014220465,5,OOD_Class_4
Can you give this textbook a 2 out of 6 ?,4,0,1,0.0064331815,5,OOD_Class_4
I need a painting called Brubeck Plays Brubeck,5,4,0,0.0002229123,5,OOD_Class_4
Make me a reservation at a bar for a party of 7 in indonesian,1,1,0,0.00035007758,5,OOD_Class_4
add the artist Pete Murray to my relaxing playlist,0,0,0,0.00021368558,5,OOD_Class_4
this album is five stars .,4,0,1,0.0017695533,5,OOD_Class_4
I want to give The Coming of the Terraphiles a rating of 1 .,4,4,1,0.004928181,5,OOD_Class_4
Look for the show V-The New Mythology Suite,5,4,0,0.00015250435,5,OOD_Class_4
Rate this current novel one points,4,4,1,0.00035035965,5,OOD_Class_4
I give this current textbook five stars,4,0,1,0.0013766617,5,OOD_Class_4
I gave the current album two stars,4,0,1,0.0037435775,5,OOD_Class_4
Rate this album a 3,4,0,1,0.0011909973,5,OOD_Class_4
Rate this essay five stars,4,4,1,0.00032182323,5,OOD_Class_4
What are the timings for Starship Troopers 2 ?,6,5,0,0.00020497675,5,OOD_Class_4
"find The Living Room Tapes , a TV series",5,4,0,0.0001317343,5,OOD_Class_4
Find Business Ethics A European Review .,5,4,0,0.0002915241,5,OOD_Class_4
Please book me a table for three at an american gastropub,1,1,0,0.000333407,5,OOD_Class_4
Give five out of 6 points to this album,4,0,1,0.0031076602,5,OOD_Class_4
play some Annie Herring beat street on itunes,3,3,0,0.00018427269,5,OOD_Class_4
Please help me search the TV series A Mouse Divided .,5,4,0,0.00018357438,5,OOD_Class_4
add go to The MetalSucks Playlist,0,0,0,0.00021993085,5,OOD_Class_4
Can you help me find the We No Who U R game ?,5,4,0,0.00015813779,5,OOD_Class_4
show me the movie schedule,6,5,0,0.00013608781,5,OOD_Class_4
add the album by Cham to my Cloud Rap playlist,0,0,0,0.00023127337,5,OOD_Class_4
Find the movie schedules for me,6,5,0,0.00013622228,5,OOD_Class_4
"Give The Crisis , one / 6 points",4,4,1,0.00043015386,5,OOD_Class_4
find Half a Truth,6,4,0,0.00039252848,5,OOD_Class_4
Shw the picture Twin Husbands,5,4,0,0.00019045992,5,OOD_Class_4
four out of 6 stars for the previous essay,4,4,1,0.0017074001,5,OOD_Class_4
Book a bar in Holtville ND for 7 people.,1,1,0,0.00021531932,5,OOD_Class_4
I would give this current textbook a rating of 1 points and a best rating of 6,4,0,1,0.002517617,5,OOD_Class_4
Give The American Scene 2 of 6 stars,4,4,1,0.0011480307,5,OOD_Class_4
Find the From the Hut TV series,5,4,0,0.00015537126,5,OOD_Class_4
put four rating on The Raging Quiet,4,0,1,0.00020457762,5,OOD_Class_4
whats the movie schedules for General Cinema Corporation,6,5,0,0.0001566387,5,OOD_Class_4
What's the weather in Singapore,2,2,0,0.00013276428,5,OOD_Class_4
Give this album 4 of 6 points,4,4,1,0.0067026266,5,OOD_Class_4
rate the book Line to Tomorrow three stars,4,4,1,0.00018116919,5,OOD_Class_4
I give The Elegant Universe five out of 6 stars,4,4,1,0.0035817206,5,OOD_Class_4
I'd like a table at a restaurant in KS in 5 hours from now,1,1,0,0.00020648414,5,OOD_Class_4
Rate the current novel three points,4,4,1,0.00013923715,5,OOD_Class_4
Give this essay four stars / 6 .,4,4,1,0.0030585397,5,OOD_Class_4
add Chrome Reflection to my throwback thursday playlist,0,0,0,0.00022813275,5,OOD_Class_4
Pull up the trailer for 2000 Years – The Millennium Concert,5,4,0,0.00015221669,5,OOD_Class_4
"Out of a possiable 6 I give Jip, His Story a 0",4,0,1,0.00075043325,5,OOD_Class_4
I would say this essay deserves four points,4,0,1,0.00071381836,5,OOD_Class_4
Rate this book four stars out of 6,4,4,1,0.00066695624,5,OOD_Class_4
give 5 rating for this textbook,4,4,1,0.002634618,5,OOD_Class_4
rate The Descendants two points,4,4,1,0.00023055753,5,OOD_Class_4
I want to hear some The Roches,3,3,0,0.00013579769,5,OOD_Class_4
show me the movie called People and Masks Part 2,5,4,0,0.0001671811,5,OOD_Class_4
I'd say Life in the Iron Mills was a five,4,0,1,0.0035163488,5,OOD_Class_4
book a table in Connecticut in Robinette for one second from now,1,1,0,0.00020898892,5,OOD_Class_4
I want to hear a 1976 symphony by Jam Master Jay,3,3,0,0.00017001266,5,OOD_Class_4
give 2 out of 6 to Smoke in the Forest,4,4,1,0.0024863433,5,OOD_Class_4
Find the movie schedule in the area .,6,5,0,0.00013254915,5,OOD_Class_4
Will it be hot in the Netherlands on February 16th ?,2,2,0,0.000117106356,5,OOD_Class_4
I want to listen to the song Only the Greatest,5,4,0,0.00027394146,5,OOD_Class_4
rate this textbook 4 out of 6 stars,4,4,1,0.0010950462,5,OOD_Class_4
give two points out of 6 to this essay,4,0,1,0.0070715565,5,OOD_Class_4
"Rate Small Screen, Big Picture a 0 out of 6 .",4,4,1,0.00034018164,5,OOD_Class_4
stars for this album are one for the current 6 ratings,4,0,1,0.0010106922,5,OOD_Class_4
I give Why Orwell Matters a rating value of 2 and a best rating of 6,4,4,1,0.0039144694,5,OOD_Class_4
"book a table for June the thirteenth, 2033 in Saint Barthélemy for 6 at an indoor tea house",1,1,0,0.00027880317,5,OOD_Class_4
Please make reservations for a bar close-by in Lake Alfred .,1,1,0,0.00023685735,5,OOD_Class_4
Add this tune to retrowave outrun,0,0,0,0.00022426742,5,OOD_Class_4
Rate The Mills of The Kavanaughs series a one,4,4,1,0.00021616492,5,OOD_Class_4
Rate this album a one,4,0,1,0.00065800233,5,OOD_Class_4
Please search the Live from Leeds album .,5,4,0,0.00018849918,5,OOD_Class_4
Find me the book with the title of The Rainwater LP,5,4,0,0.00015326269,5,OOD_Class_4
I am rating this book titled A History of Warfare under the war series 1 out of 6 stars,4,4,1,0.0008558987,5,OOD_Class_4
Is Redacted playing at the closest cinema ?,6,5,0,0.00017653232,5,OOD_Class_4
Can I get the movies showtimes for the closest movie house .,6,5,0,0.0001555665,5,OOD_Class_4
I give The Alchemyst The Secrets of the Immortal Nicholas Flamel 2 out of 6 stars .,4,4,1,0.0006492489,5,OOD_Class_4
book a brasserie for one,1,1,0,0.00026435178,5,OOD_Class_4
give the current chronicle three points,4,4,1,0.00020103584,5,OOD_Class_4
List movie schedules,6,5,0,0.00013931331,5,OOD_Class_4
Give The Phantom Ship a zero .,4,4,1,0.003840534,5,OOD_Class_4
rate the current essay one out of 6,4,4,1,0.0004976174,5,OOD_Class_4
I give The Lacuna a rating of 5 stars under the chronicle rated at 6,4,4,1,0.0030218153,5,OOD_Class_4
Is it warm in Vietnam,2,2,0,0.00013933722,5,OOD_Class_4
play Netflix tunes from 2003 on an album,3,3,0,0.00015646702,5,OOD_Class_4
Book a bar that serves ribs for 5 people.,1,1,0,0.00031428685,5,OOD_Class_4
rate this chronicle 3 stars,4,4,1,0.00024377537,5,OOD_Class_4
Add bret mckenzie to my Pop Commute playlist,0,0,0,0.00022317578,5,OOD_Class_4
"I want to rate Nathaniel Fludd, Beastologist 1 out of 6",4,4,1,0.00090891804,5,OOD_Class_4
Play a new song form the eighties,3,3,0,0.00013200716,5,OOD_Class_4
Rate The Strange Death of Tory England 1 stars,4,4,1,0.00014370361,5,OOD_Class_4
Get me the Trick or Treats soundtrack .,5,4,0,0.000170316,5,OOD_Class_4
Play a sixties song .,3,3,0,0.00015047535,5,OOD_Class_4
A novel of this quality deserves your rating of four points,4,0,1,0.0027653638,5,OOD_Class_4
Give Whispers in the Graveyard a five .,4,1,1,0.0008048982,5,OOD_Class_4
For this current essay I give 5 of 6 points,4,0,1,0.0074152155,5,OOD_Class_4
Play concerto from 1951,3,3,0,0.00019149373,5,OOD_Class_4
play an album on Netflix by chris castle from 2011,3,3,0,0.00015388968,5,OOD_Class_4
I want to listen to some Saori Atsumi from the twenties on Deezer,3,3,0,0.00017618475,5,OOD_Class_4
The current album deserves 0 stars,4,0,1,0.0003399958,5,OOD_Class_4
rate this book saga 3 out of 6 stars,4,4,1,0.00027468306,5,OOD_Class_4
Please help me find the Short Program saga .,5,4,0,0.00018576306,5,OOD_Class_4
rate this book 5 of 6 points,4,4,1,0.0011697795,5,OOD_Class_4
what animated movies are showing at Star Theatres,6,5,0,0.00015678947,5,OOD_Class_4
give The Rosales Saga 2 of 6,4,4,1,0.00029321192,5,OOD_Class_4
Rate the current book 0 stars,4,4,1,0.00013547814,5,OOD_Class_4
this novel should get zero points for how intrepid it is.,4,0,1,0.000571876,5,OOD_Class_4
find close by movie schedule movies,6,5,0,0.00014458215,5,OOD_Class_4
Rate this essay 4 of 6 stars,4,4,1,0.00064508925,5,OOD_Class_4
I'd like to see the book The Royal Thousand,5,4,0,0.000114892966,5,OOD_Class_4
rate this novel five points,4,4,1,0.00033652745,5,OOD_Class_4
Play chant music by Ira Losco on Iheart .,3,3,0,0.00020200112,5,OOD_Class_4
rate this essay a two,4,4,1,0.0016304047,5,OOD_Class_4
Rate The Country Blues 3 out of 6 stars,4,4,1,0.0014655635,5,OOD_Class_4
I'd like to watch movies at KB Theatres,6,5,0,0.00013890726,5,OOD_Class_4
"The book Dying, In Other Words deserves at least five points on a 6 point scale.",4,0,1,0.00076037674,5,OOD_Class_4
I give the previous album a zero .,4,0,1,0.0010460016,5,OOD_Class_4
give this album a 4 out of 6,4,4,1,0.0039421553,5,OOD_Class_4
give 0 out od 6 stars to Mystery of the Desert Giant,4,0,1,0.0015677365,5,OOD_Class_4
play the album Journeyman,5,3,0,0.00024960708,5,OOD_Class_4
What's the weather like in Topock,2,2,0,0.00013211794,5,OOD_Class_4
I need seats for five at a place five and a half months from now,1,1,0,0.00024861583,5,OOD_Class_4
add Steve Jordan to inez's tgif,0,0,0,0.00021875004,5,OOD_Class_4
rate the current album one points,4,4,1,0.0010085828,5,OOD_Class_4
Put this tune on dancePOP,0,0,0,0.0002367432,5,OOD_Class_4
"this album is hot trash, it's totally zero stars .",4,0,1,0.00045898496,5,OOD_Class_4
Play me the last 1980 record by Brenda Kahn,3,3,0,0.00010888701,5,OOD_Class_4
Play music from 2012 on google music,3,3,0,0.0002174501,5,OOD_Class_4
Play music by Damien Rice,3,3,0,0.00021366081,5,OOD_Class_4
The book the Gardens of the Moon deserves only 1 stars .,4,1,1,0.0018134224,5,OOD_Class_4
Find Drowning with Land in Sight .,5,4,0,0.00045777802,5,OOD_Class_4
book a table for my step father and I,1,1,0,0.00024681192,5,OOD_Class_4
Play The XYY Man soundtrack,5,4,0,0.0006150866,5,OOD_Class_4
this album deserves to be rated one out of 6 !,4,0,1,0.0006218561,5,OOD_Class_4
I want to see the television show called Cuts Both Ways,5,4,0,0.00017536913,5,OOD_Class_4
what is the Coulee City MT forecast,2,2,0,0.00012936635,5,OOD_Class_4
Find a TV show called Frontiers in Ecology and the Environment .,5,4,0,0.00020744013,5,OOD_Class_4
Is it colder faraway from my current spot ?,2,2,0,0.00011664666,5,OOD_Class_4
I think that The Wizard is a four of 6 .,4,4,1,0.007124501,5,OOD_Class_4
Play any music on Spotify,3,3,0,0.00018635804,5,OOD_Class_4
Give the current album 1 star,4,4,1,0.0022895383,5,OOD_Class_4
Give Miso Soup a rating of one points .,4,3,1,0.012724042,5,OOD_Class_4
what movies at Star Theatres .,6,5,0,0.00014599969,5,OOD_Class_4
Let me know the weather forecast around ten Pm faraway from here in Park Narodowy Brimstone Hill Fortress .,2,2,0,0.00012404799,5,OOD_Class_4
The Complex How the Military Invades Our Everyday Lives has a best rating of 6 stars but I will give it zero,4,4,1,0.0020791988,5,OOD_Class_4
give 1 points to The Duel Pakistan on the Flight Path of American Power saga,4,4,1,0.00045344888,5,OOD_Class_4
Give the current novel 5 points,4,4,1,0.0003667055,5,OOD_Class_4
I want another artist on my atmospheric black metal playlist,0,0,0,0.00018827213,5,OOD_Class_4
I would give Sentenced to Prism a rating of zero and a best rating of 6,4,4,1,0.0055098175,5,OOD_Class_4
rate the current album two points,4,4,1,0.0010708135,5,OOD_Class_4
I would give The Lady of the Rivers 0 stars,4,4,1,0.00055968494,5,OOD_Class_4
Can you find me the My Father My King game ?,5,4,0,0.00014314514,5,OOD_Class_4
Give this album 2 / 6 .,4,0,1,0.0025922998,5,OOD_Class_4
I'd give The Jewel in the Crown saga four of 6 stars,4,4,1,0.0005653502,5,OOD_Class_4
Show me the nearest movie house showing He Won a Ranch,6,5,0,0.0001413648,5,OOD_Class_4
I want to rate the Children of This Earth chronicle a rating value of 1 and a best rating of 6,4,4,1,0.00039652913,5,OOD_Class_4
rate the current textbook 2 out of 6,4,4,1,0.0011999519,5,OOD_Class_4
Book the Union Oyster House in Guanica Puerto Rico .,1,1,0,0.00022662562,5,OOD_Class_4
Will there be a blizzard in Saudi Arabia around 2 o'clock,2,2,0,0.00014271113,5,OOD_Class_4
this saga deserves a score of four,4,0,1,0.0017150545,5,OOD_Class_4
What kind of weather will be in VA 12 years from now ?,2,2,0,0.00012405172,5,OOD_Class_4
For Adaptive Coloration in Animals I give 4 points,4,6,1,0.8278293,5,OOD_Class_4
Which cinema can I go to to see Lilly the Witch The Dragon and the Magic Book ?,6,5,0,0.00015061624,5,OOD_Class_4
I give the following saga a 5 .,4,4,1,0.00239628,5,OOD_Class_4
what is a weather of Martinique a month from now,2,2,0,0.00012880401,5,OOD_Class_4
I want to rate The Turbulent Term of Tyke Tiler a 3,4,0,1,0.003673546,5,OOD_Class_4
For the saga The End of a Family Story I give 0 stars,4,4,1,0.00017366651,5,OOD_Class_4
Rate 12 Great Classics of Science Fiction zero out of 6 points,4,4,1,0.00031573413,5,OOD_Class_4
Rate A Handful of Darkness a value of 3,4,4,1,0.0002926644,5,OOD_Class_4
I'd like to see showings for All the Way Home at Kerasotes Theatres .,6,5,0,0.00014946096,5,OOD_Class_4
Give 2 out of 6 points to A Tale of Time City,4,4,1,0.00040086097,5,OOD_Class_4
book a restaurant for four in Burundi,1,1,0,0.00022235289,5,OOD_Class_4
I give The Spirit of St. Louis a 1,4,4,1,0.003045791,5,OOD_Class_4
Find the movie schedule .,6,5,0,0.0001303645,5,OOD_Class_4
I need a table at a cafe that serves baeckeoffe,1,1,0,0.0002618237,5,OOD_Class_4
For this current textbook I give 4 stars,4,0,1,0.003416624,5,OOD_Class_4
add sweets edison to relaxing playlist,0,0,0,0.00022790929,5,OOD_Class_4
When will the Santikos Theatres be showing animated movies,6,5,0,0.00018482524,5,OOD_Class_4
Looking for the trailer for Shaolin Temple,5,4,0,0.00016815955,5,OOD_Class_4
I want to book Tupelo Honey Cafe in New Jersey for five people.,1,1,0,0.00024624064,5,OOD_Class_4
Can I get the weather forecast for Benin in 32 days ?,2,2,0,0.00012082237,5,OOD_Class_4
Rate the current novel one of 6,4,4,1,0.00032979454,5,OOD_Class_4
Rate the current book 3 of 6,4,4,1,0.0001969032,5,OOD_Class_4
Turn on Spotify to Tiny Tim ep,3,0,0,0.00027166063,5,OOD_Class_4
I'd like to find the Days of Glory saga,5,4,0,0.00012706309,5,OOD_Class_4
Can you find me the Restless Natives ?,5,4,0,0.000103382816,5,OOD_Class_4
rate this book titled The Silver Chalice a 1,4,4,1,0.00068723643,5,OOD_Class_4
Tell me if it will storm at my current location,2,2,0,0.00013243829,5,OOD_Class_4
Rate The Cherryh Odyssey three of 6 stars,4,4,1,0.0011876414,5,OOD_Class_4
For the book The Conduct of Major Maxim I give a five of 6 rating,4,4,1,0.0010526836,5,OOD_Class_4
Rate Encyclopedia of Domestic Animation four out of 6 stars,4,4,1,0.00026597423,5,OOD_Class_4
Book a table for January the twentieth at a place far from your daughter's campus,1,1,0,0.00022315078,5,OOD_Class_4
book me a reservation at an oyster bar that serves crab cake for two people,1,1,0,0.0003098665,5,OOD_Class_4
Play me a song from Luxury Liner,3,3,0,0.0001031864,5,OOD_Class_4
give 2 out of 6 stars to current chronicle,4,4,1,0.0018708437,5,OOD_Class_4
Add Sheila to enamorándose,0,0,0,0.00021181161,5,OOD_Class_4
Rate the current essay 0 .,4,4,1,0.00030607646,5,OOD_Class_4
Rate Definitely Dead saga 5 points out of 6,4,4,1,0.00018176957,5,OOD_Class_4
Add As I Was Going to St Ives to the fantasía playlist.,0,0,0,0.00021006241,5,OOD_Class_4
Rate this saga two out of 6 points,4,4,1,0.0005058774,5,OOD_Class_4
Play some thrash metal .,3,3,0,0.00014230912,5,OOD_Class_4
what movies are close by,6,5,0,0.00014585724,5,OOD_Class_4
this album deserves a 0 of 6 possible,4,0,1,0.00028341266,5,OOD_Class_4
Play the latest ep from Lobby Loyde on Netflix,3,3,0,0.0001691038,5,OOD_Class_4
Folk and Fairy Tales gets 1 out of 6 points,4,4,1,0.0004197321,5,OOD_Class_4
I want to book a restaurant with creamed eggs on toast on Kansas Day within walking distance of British Indian Ocean Territory,1,1,0,0.0002407371,5,OOD_Class_4
How will the weather be at 9 am in Anguilla ?,2,2,0,0.00012441624,5,OOD_Class_4
I would rate the Animal Liberation chronicle 0 points and a best rating of 6,4,4,1,0.00046844396,5,OOD_Class_4
I would give the series History Decoded The 10 Greatest Conspiracies of All Time a rating of 3 points,4,4,1,0.00029429534,5,OOD_Class_4
What is the weather like in Detroit Lakes,2,2,0,0.00012937312,5,OOD_Class_4
Show The Kindness of Women picture,5,4,0,0.00016282301,5,OOD_Class_4
Rate this novel a 4,4,4,1,0.0009338429,5,OOD_Class_4
rate this series 4 stars,4,4,1,0.0002360413,5,OOD_Class_4
what is the weather starting at 114752 for South Africa,2,2,0,0.0001330232,5,OOD_Class_4
Give The CIA and the Cult of Intelligence a rating of 5 .,4,4,1,0.00037984585,5,OOD_Class_4
this saga is definitely worth 4 stars .,4,0,1,0.0017029821,5,OOD_Class_4
rate the current essay three of 6 points,4,4,1,0.00038439347,5,OOD_Class_4
I'd like to hear the song Daimidaler Prince vs Penguin Empire,5,4,0,0.00012201029,5,OOD_Class_4
add ian north to my Autumn Lounge playlist,0,0,0,0.00023070925,5,OOD_Class_4
rate Winnie-the-Pooh four out of 6,4,4,1,0.0008424745,5,OOD_Class_4
Add Buddy DeSylva to my this is j balvin playlist,0,0,0,0.00021907128,5,OOD_Class_4
add Armen Movsessian to this is skepta playlist,0,0,0,0.00021212614,5,OOD_Class_4
For the book The Sting of the Scorpion I give three of a possiable 6 rating,4,4,1,0.0015248781,5,OOD_Class_4
I'm looking for the saga The Hardest Part,5,4,0,0.00014825545,5,OOD_Class_4
Rate this album a five,4,0,1,0.0013023525,5,OOD_Class_4
Rate my current book five points out of 6,4,4,1,0.0007009019,5,OOD_Class_4
I give Nothing Lasts Forever 5 out of 6 points .,4,4,1,0.004846556,5,OOD_Class_4
Find Five Came Back for me,5,4,0,0.00013341404,5,OOD_Class_4
Are there any animated movies playing at the closest cinema ?,6,5,0,0.00015286004,5,OOD_Class_4
I'd like to see movie times for animated movies playing in the neighborhood that are starting now .,6,5,0,0.00016319056,5,OOD_Class_4
I would rate this novel a 5 and a best rating of 6,4,4,1,0.0031648641,5,OOD_Class_4
add thomas anders to my crossroad blues,0,0,0,0.00023183733,5,OOD_Class_4
one stars for the following album,4,4,1,0.0005606034,5,OOD_Class_4
I want to give the chronicle Zombie Bums from Uranus 3 points,4,4,1,0.00045350395,5,OOD_Class_4
I want to book a restaurant in Frenier 12 years from now for 4 people.,1,1,0,0.00020719368,5,OOD_Class_4
What is the movie schedule for the B&B Theatres,6,5,0,0.00015211567,5,OOD_Class_4
Give this novel two points,4,4,1,0.0016942589,5,OOD_Class_4
Start up my Independent Music Monday playlist.,3,3,0,0.00012853007,5,OOD_Class_4
Show me Tears On My Pillow .,5,4,0,0.00054737413,5,OOD_Class_4
What are the movie times at Landmark Theatres,6,5,0,0.00015048923,5,OOD_Class_4
I rate Cold Tom four points and a best value of 6,4,4,1,0.0063967155,5,OOD_Class_4
I want to listen to a concerto from Timour Moutsouraev .,3,3,0,0.00014741464,5,OOD_Class_4
Put this tune on my get your mind right playlist,0,0,0,0.00025275757,5,OOD_Class_4
rate the Which Moped with Chrome-plated Handlebars at the Back of the Yard ? saga a one,4,4,1,0.00013499658,5,OOD_Class_4
rate The Writing on the Hearth 2 out of 6 points,4,4,1,0.00051731075,5,OOD_Class_4
Rate this essay 4 out of 6 stars,4,4,1,0.00055164716,5,OOD_Class_4
Give the current novel a rating of 5 out of 6 .,4,4,1,0.0011627786,5,OOD_Class_4
give this album three out of 6 points,4,4,1,0.0020987873,5,OOD_Class_4
add an album in Sweet Soul Chillout,0,0,0,0.00022591311,5,OOD_Class_4
I need to book a Theme restaurant this month in Chile,1,1,0,0.000253094,5,OOD_Class_4
Add Jon McLaughlin to my forever country playlist.,0,0,0,0.00023240296,5,OOD_Class_4
Can you look up the Molecular Oncology saga ?,5,4,0,0.00017232833,5,OOD_Class_4
Give the Catedral series four stars .,4,4,1,0.0005934189,5,OOD_Class_4
rate the current book series 4 out of 6,4,4,1,0.00015906667,5,OOD_Class_4
Please play me a top nineties theme song,3,3,0,0.00011820722,5,OOD_Class_4
Where can I purchase the TV series The Royal Sessions,5,4,0,0.00016601758,5,OOD_Class_4
Rate the City of Lost Souls one of 6 points,4,4,1,0.0008665743,5,OOD_Class_4
"Please pull up the album , The Last War",5,4,0,0.00016168086,5,OOD_Class_4
rate the next book four stars,4,4,1,0.0002077168,5,OOD_Class_4
I'd like johnny nash to be put into my playlist Always Pop Punk,0,0,0,0.00020808518,5,OOD_Class_4
Will it snowstorm next week in West Winfield Finland ?,2,2,0,0.00012612934,5,OOD_Class_4
Rate The Life and Loves of a She-Devil two stars,4,4,1,0.000114847986,5,OOD_Class_4
I give this series a one out of 6,4,4,1,0.0013321177,5,OOD_Class_4
"add Hello Central, Give Me Heaven to Indie Pop",0,0,0,0.00022328462,5,OOD_Class_4
Can you rate this current essay with zero stars ?,4,4,1,0.0031592234,5,OOD_Class_4
Can I get the movie schedules for Southern Theatres at around 1502,6,5,0,0.00014137334,5,OOD_Class_4
I am rating this current novel three out of 6 points .,4,0,1,0.0051919324,5,OOD_Class_4
Give Home Is the Hunter zero stars,4,4,1,0.00011804881,5,OOD_Class_4
I want to book a joint in a spa .,1,1,0,0.00023973,5,OOD_Class_4
rate First Man The Life of Neil A. Armstrong three of 6,4,4,1,0.00015566166,5,OOD_Class_4
Give the current novel four points .,4,4,1,0.0016627476,5,OOD_Class_4
rate Betrayer of Worlds 1 out of 6,4,4,1,0.00024568464,5,OOD_Class_4
rate The Gift Imagination and the Erotic Life of Property five stars,4,4,1,0.00012665715,5,OOD_Class_4
add the artist to the 90's Baby Makers playlist,0,0,0,0.00021389397,5,OOD_Class_4
How do I get the game Still on It ?,5,4,0,0.00024410863,5,OOD_Class_4
Rate Cold Comfort Farm a three out of 6 total,4,4,1,0.00065485475,5,OOD_Class_4
give four out of 6 star to this novel,4,4,1,0.0036334149,5,OOD_Class_4
My current textbook should have a rating value of 5 and a best rating of 6,4,0,1,0.00070068776,5,OOD_Class_4
"rate the book Magic History, Theory and Practice five stars",4,4,1,0.00018220153,5,OOD_Class_4
Rate The Ultimate Revelations saga four,4,4,1,0.00011807577,5,OOD_Class_4
I want to add michelle heaton to this is chopin,0,0,0,0.00020640022,5,OOD_Class_4
I give The Penalty three stars,4,4,1,0.0041572587,5,OOD_Class_4
Incorporate time warp into my fairy tales playlist.,0,0,0,0.00027515573,5,OOD_Class_4
play Pop 2017 Picks,3,3,0,0.00012235147,5,OOD_Class_4
What's the forecast for the weather at eight am in Oxford ?,2,2,0,0.00012911932,5,OOD_Class_4
rate This Is How You Die chronicle a one,4,4,1,0.0003630754,5,OOD_Class_4
Play some seventies track from top Rie Tomosaka,3,3,0,0.00018518583,5,OOD_Class_4
I think this novel only deserves 2 points out of 6 .,4,0,1,0.0019158219,5,OOD_Class_4
I give The Beatrice Letters 2 out of 6 stars .,4,4,1,0.0044450206,5,OOD_Class_4
Rate The Anatomy of Melancholy 1 stars,4,4,1,0.00014574915,5,OOD_Class_4
rate this book titled The Improvisatore five stars,4,4,1,0.00024293637,5,OOD_Class_4
Rate this album a one,4,0,1,0.00065800233,5,OOD_Class_4
rate this album book zero out of 6 points,4,4,1,0.0009884291,5,OOD_Class_4
Give The Body Artist a 5 .,4,4,1,0.0007762851,5,OOD_Class_4
give this textbook a five,4,0,1,0.0033812257,5,OOD_Class_4
Show me the closest movie house playing animated movies please.,6,5,0,0.00015300662,5,OOD_Class_4
I need a reservation for Red Square on aug. the 9th,1,1,0,0.00020484593,5,OOD_Class_4
Give the current series four / 6 points .,4,4,1,0.0007249216,5,OOD_Class_4
give Begums Thugs and White Mughals four points,4,4,1,0.00054904365,5,OOD_Class_4
Rate the current chronicle a two,4,4,1,0.00015485383,5,OOD_Class_4
Find the Apple Address Book television show,5,4,0,0.00015133164,5,OOD_Class_4
rate this album one stars,4,4,1,0.0010543225,5,OOD_Class_4
rate this saga 0 out of 6,4,4,1,0.00027807706,5,OOD_Class_4
Play symphony music from 1991 by Irvin Mayfield,3,3,0,0.00023523322,5,OOD_Class_4
Find the closest movie house that plays animated movies,6,5,0,0.000147001,5,OOD_Class_4
I would rate this chronicle a value of 1 and a best rating of 6,4,4,1,0.0028078393,5,OOD_Class_4
add The Rough Guide to the Music of Eastern Europe to my This Is Philip Glass playlist,0,0,0,0.0002259136,5,OOD_Class_4
Play a movement from the nineties,3,3,0,0.00016993386,5,OOD_Class_4
Please rate Think Like a Freak 3 points out of 6 .,4,4,1,0.0023452067,5,OOD_Class_4
I want to give this essay zero out of 6,4,0,1,0.0040613264,5,OOD_Class_4
Give this current novel a 4 .,4,0,1,0.0050289393,5,OOD_Class_4
What will the weather be in Totowa Guernsey ?,2,2,0,0.00012141583,5,OOD_Class_4
Book a restaurant in Pinecliffe Missouri this month .,1,1,0,0.0002624351,5,OOD_Class_4
book a spot that is faraway from the Municipal Borough of Farnworth in 16 minutes,1,1,0,0.00022021563,5,OOD_Class_4
Please play something on Last Fm,3,3,0,0.00017311145,5,OOD_Class_4
Rate Richard Carvel 4 out of 6,4,3,1,0.00021824003,5,OOD_Class_4
Can I get the movie schedules in the neighbourhood for the newest films,6,5,0,0.00014529204,5,OOD_Class_4
"How's the weather in Grisdale , Bangladesh ?",2,2,0,0.0001288041,5,OOD_Class_4
rate this current novel a 3,4,4,1,0.0010625903,5,OOD_Class_4
"Please search for the television show , Episodi di The Blacklist .",5,4,0,0.00017112125,5,OOD_Class_4
find the video game The Tomb,5,4,0,0.00017847918,5,OOD_Class_4
give Wannabe How The Spice Girls Reinvented Pop Fame 2 points,4,4,1,0.0007183551,5,OOD_Class_4
Rate current novel two stars,4,4,1,0.00010980394,5,OOD_Class_4
I want to book Coney I-Lander for 10 people.,1,1,0,0.00020220222,5,OOD_Class_4
give 4 out of 6 points to current essay,4,4,1,0.0024200955,5,OOD_Class_4
"rate the book A Girl, a Man, and a River a five",4,4,1,0.0010747558,5,OOD_Class_4
Play Brian Clifton off Groove Shark .,3,3,0,0.0001826704,5,OOD_Class_4
what is the forecast for here at tea time,2,2,0,0.00013102448,5,OOD_Class_4
Add give us rest to my 70s Smash Hits playlist.,0,0,0,0.00022133028,5,OOD_Class_4
book Itsu for Tonight,1,1,0,0.00029402794,5,OOD_Class_4
I would give this current novel a value of 3 and a rating of 6,4,0,1,0.003085662,5,OOD_Class_4
Play music from the artist Joe Sample,3,3,0,0.00019040894,5,OOD_Class_4
Who published the novel JamesEdition ?,5,4,0,0.00014776197,5,OOD_Class_4
Add the album to the top 100 country tracks on spotify playlist.,0,0,0,0.00023308117,5,OOD_Class_4
rate this current album 0 stars,4,4,1,0.001881736,5,OOD_Class_4
Can I get a table at The Fort ?,1,1,0,0.00020007568,5,OOD_Class_4
"Book the Chapter One in Bosnia and Herzegovina for patti, hester richardson and camille",1,1,0,0.00027784202,5,OOD_Class_4
add the artist joseph meyer to my mad cool festival 2017 playlist,0,0,0,0.00021811154,5,OOD_Class_4
rate the following novel one of 6,4,4,1,0.0002800783,5,OOD_Class_4
Can I watch The Sound of War in thirteen minutes at the nearest cinema,6,5,0,0.00013345684,5,OOD_Class_4
"How temperate is it in Lopeno , Thailand ?",2,2,0,0.00012117601,5,OOD_Class_4
book in Southern Shores for 8 at Ariston Cafe,1,1,0,0.00022444075,5,OOD_Class_4
i give The Aquariums of Pyongyang 3 out of 6 stars,4,4,1,0.0055305082,5,OOD_Class_4
what time is The Eddy Duchin Story playing,6,5,0,0.00021719631,5,OOD_Class_4
"On Jun. the sixteenth, 2032 I'd like to go to Dillard House in Putnam Hall",1,1,0,0.00020041627,5,OOD_Class_4
put this album on my dubstep dangles dirty playlist,0,0,0,0.00024763032,5,OOD_Class_4
Rate the current novel 5 of 6,4,4,1,0.000170449,5,OOD_Class_4
Play music on Spotify .,3,3,0,0.0002044752,5,OOD_Class_4
give 5 star to the book The Knight of Newts,4,4,1,0.000746606,5,OOD_Class_4
Play Is This My World ? by Leo Arnaud,3,3,0,0.00015752086,5,OOD_Class_4
I give the Journal of a Sad Hermaphrodite a 0 out of 6 points .,4,4,1,0.001400555,5,OOD_Class_4
What are the movie times at the Malco Theatres ?,6,5,0,0.00015526479,5,OOD_Class_4
Rate The Young Elites series 1 of 6 points,4,4,1,0.00012553716,5,OOD_Class_4
book a table for five at a restaurant with the best rating,1,1,0,0.00023618933,5,OOD_Class_4
Play Ik Hou Van Jou by Elena Temnikova,3,3,0,0.00017558025,5,OOD_Class_4
I'd like t add Day After Day to evangeline's Party of the Century playlist,0,0,0,0.00024177809,5,OOD_Class_4
I want to rate A Long Short War series a four out of 6 .,4,4,1,0.0008003752,5,OOD_Class_4
Play some caribou from the sixties,3,3,0,0.00020387425,5,OOD_Class_4
rate Darth Maul Shadow Hunter one out 6 stars,4,4,1,0.0003751784,5,OOD_Class_4
Add rating of 5 to this novel,4,0,1,0.00023070438,5,OOD_Class_4
I give the next novel two stars,4,4,1,0.0005345163,5,OOD_Class_4
Rate The children of Niobe 1 out of 6 points .,4,4,1,0.0052459743,5,OOD_Class_4
put this frederick knight track on my the midnight hour playlist,0,0,0,0.00024036423,5,OOD_Class_4
Rate the current chronicle 0 out 6 stars,4,4,1,0.00017735681,5,OOD_Class_4
whats the forecast for Redby,2,2,0,0.00012924537,5,OOD_Class_4
Rate this essay 3 of 6 points,4,4,1,0.0011419331,5,OOD_Class_4
Rate this essay with three of 6 .,4,0,1,0.003019365,5,OOD_Class_4
When is The Pirate Fairy playing at AMC Theaters ?,6,5,0,0.00019481967,5,OOD_Class_4
Rate this album a 2,4,0,1,0.0008316683,5,OOD_Class_4
I need a reservation for 0253 at Hotel Arctic in State Road,1,1,0,0.00020486872,5,OOD_Class_4
find the book Metallica Through the Never,5,4,0,0.00013926544,5,OOD_Class_4
show me the schedule of films in the neighbourhood,6,5,0,0.00015724817,5,OOD_Class_4
Rate Real World four out of 6,4,4,1,0.00031740626,5,OOD_Class_4
Find me Recorder and Randsell,5,4,0,0.00013412275,5,OOD_Class_4
I would like to rate this album 3 points and a best rating of 6,4,0,1,0.0046502594,5,OOD_Class_4
Rate The Reader is Warned four out of 6 points,4,4,1,0.0008413634,5,OOD_Class_4
add artist steve cropper to Rhythm and Blues,0,0,0,0.00024060109,5,OOD_Class_4
Reserve a place to eat on march fifteenth in China within the same area .,1,1,0,0.00023404094,5,OOD_Class_4
This current album deserves only a one rating,4,0,1,0.0002672376,5,OOD_Class_4
Give Highways in Hiding a 5 out of 6 points .,4,4,1,0.002017087,5,OOD_Class_4
Play the music of Aphex Twin 's good Album,3,3,0,0.0001289451,5,OOD_Class_4
Give this novel 5 stars,4,4,1,0.0007962527,5,OOD_Class_4
What time is Unholy Women playing?,6,5,0,0.00021675415,5,OOD_Class_4
I want to go see The Trouble with Girls,6,4,0,0.00055219413,5,OOD_Class_4
give four points to current essay,4,4,1,0.003913064,5,OOD_Class_4
"Add another tune to my songs for you, not your parents playlist.",0,0,0,0.00022869038,5,OOD_Class_4
Contemporary Religious Satanism gets a 3 rating,4,3,1,0.00054708397,5,OOD_Class_4
"book a restaurant in North Dakota for my child and I on november seventh, 2037",1,1,0,0.00018353004,5,OOD_Class_4
rate the chronicle Ten from Tomorrow a 2,4,4,1,0.00015434463,5,OOD_Class_4
Rate the current textbook one stars,4,4,1,0.00021048475,5,OOD_Class_4
Add this track to my Rock Hard playlist,0,0,0,0.0002314993,5,OOD_Class_4
I want to see the trailer for The Entity,5,4,0,0.00017013503,5,OOD_Class_4
Rate the current novel 3 points .,4,4,1,0.00044283556,5,OOD_Class_4
Add Geschwisterliebe to my string theory playlist.,0,0,0,0.00022913695,5,OOD_Class_4
Rate Body of Secrets one stars,4,4,1,9.428483e-05,5,OOD_Class_4
Add this track to the playlist kickass metal,0,0,0,0.00022969753,5,OOD_Class_4
Please find the Packed to the Rafters work.,5,4,0,0.000112635425,5,OOD_Class_4
Find time for College Rock Stars at any movie theatre,6,5,0,0.00014303342,5,OOD_Class_4
I want to listen to the song The Loving Spirit,5,4,0,0.00018725875,5,OOD_Class_4
give The Creator zero points out of 6,4,4,1,0.00044192397,5,OOD_Class_4
Can you add something by the artist Paul Cargnello to my Chill Tracks playlist,0,0,0,0.00021620325,5,OOD_Class_4
rate this textbook 3 out 6,4,4,1,0.00212819,5,OOD_Class_4
put Anna Grigorjewna Semenowitsch in all out 00s list,0,0,0,0.00021556407,5,OOD_Class_4
find the movie Don’t Break the Heart That Loves You,5,4,0,0.00015162281,5,OOD_Class_4
find a book called Tron Legacy Reconfigured,5,4,0,0.00019036132,5,OOD_Class_4
give this textbook 0 of 6 stars,4,4,1,0.005629505,5,OOD_Class_4
play a top Ryuichi Kawamura chant on Groove Shark,3,3,0,0.00016639939,5,OOD_Class_4
give zero points out of 6 to The Devil in a Forest,4,4,1,0.0010954478,5,OOD_Class_4
Will it rain in Barberville,2,2,0,0.0001393343,5,OOD_Class_4
Please find me Phineas Redux .,5,4,0,0.00015085477,5,OOD_Class_4
Book a reservation for a top-rated lebanese fast food place,1,1,0,0.00030475712,5,OOD_Class_4
I need a reservation for a coffeehouse with nine people within the same area as Midland Park,1,1,0,0.00027708276,5,OOD_Class_4
Rate this album a 4,4,0,1,0.0011974312,5,OOD_Class_4
what is the weather forecast for Latvia Strasburg,2,2,0,0.00013038736,5,OOD_Class_4
Where can I locate the game Legion of Mary The Jerry Garcia Collection,5,4,0,0.00014781873,5,OOD_Class_4
I need a table for 9,1,1,0,0.0002274982,5,OOD_Class_4
Give The Abstinence Teacher 4 out of 6,4,4,1,0.001442478,5,OOD_Class_4
Rate The Making of a Teacher a two,4,4,1,0.00018102687,5,OOD_Class_4
Rate this album zero of 6,4,0,1,0.0023822247,5,OOD_Class_4
A Sport and a Pastime is a solid 5 out of 6 points,4,0,1,0.0023119394,5,OOD_Class_4
Show the Bean and the Boys painting,5,4,0,0.00014174003,5,OOD_Class_4
play Miguelito top charting album,3,3,0,0.00014389522,5,OOD_Class_4
Add this tune to my playlist named Women of Fresh Finds,0,0,0,0.00023445504,5,OOD_Class_4
Rate The Myth of Matriarchal Prehistory series a four,4,4,1,0.000246751,5,OOD_Class_4
Need book a restaurant for this Autumn in Illinois,1,1,0,0.00026694333,5,OOD_Class_4
I'd like to watch films anywhere nearby,6,5,0,0.0001401259,5,OOD_Class_4
Rate In the Company of Cheerful Ladies a zero out of 6,4,4,1,0.000764497,5,OOD_Class_4
I want to rate Pontypool Changes Everything a zero out of 6 points,4,0,1,0.0012286081,5,OOD_Class_4
Rate The Black Mask 1 of 6 stars,4,4,1,0.00033866038,5,OOD_Class_4
Add track to Hit Remix,0,0,0,0.00021694212,5,OOD_Class_4
showtimes for the closest movie theatre that is showing Operation Autumn,6,5,0,0.00014234119,5,OOD_Class_4
Add rosemary clooney to Pura Vida playlist,0,0,0,0.00022924831,5,OOD_Class_4
Play music by Paul Mccartney,3,3,0,0.00025051023,5,OOD_Class_4
Warren Island State Park distant Weather forecast for 11 am,2,2,0,0.0001598136,5,OOD_Class_4
I think the Dictionary of New Zealand Biography deserves 2 points,4,4,1,0.0016660175,5,OOD_Class_4
I need a reservation for the Oasis Drive-In for a party of four,1,1,0,0.00035395287,5,OOD_Class_4
The Half-Life chronicle deserves 3 points,4,4,1,0.00023575107,5,OOD_Class_4
Rate The Warrior Prophet 3 of 6 stars,4,4,1,0.0005773927,5,OOD_Class_4
Rate The Purcell Papers two out of 6 stars,4,4,1,0.00033665728,5,OOD_Class_4
"book tea at The Hamburger Wagon for 3 vickie reed, melody and I in Georgia",1,1,0,0.00026774136,5,OOD_Class_4
add git to Domingo Indie,0,0,0,0.00021483639,5,OOD_Class_4
i want the movie schedules for movies around here,6,5,0,0.00014276049,5,OOD_Class_4
open the Canciones del Recuerdo playlist and play songs,3,3,0,0.00014805971,5,OOD_Class_4
Is Prophecy playing at Malco Theatres,6,5,0,0.00017800098,5,OOD_Class_4
Rate The Lie Tree five,4,4,1,0.00024503702,5,OOD_Class_4
play track Her Majesty,3,3,0,0.00014866664,5,OOD_Class_4
give 1 point to current textbook,4,0,1,0.003525156,5,OOD_Class_4
Is it supposed to snow in NV,2,2,0,0.00013127916,5,OOD_Class_4
Tell me if it'll be freezing here in 21 seconds,2,2,0,0.00012248245,5,OOD_Class_4
Find me a table for a cafe during my Guinea trip for one .,1,1,0,0.00028939883,5,OOD_Class_4
This current album deserve 0 points and a best rating of 6,4,0,1,0.0003600156,5,OOD_Class_4
What's the weather at my current location,2,2,0,0.00013354389,5,OOD_Class_4
"I want to see the novel , The Green",5,4,0,0.00011959465,5,OOD_Class_4
Can you find me the Magic Hour song ?,5,4,0,0.000110393914,5,OOD_Class_4
Is it chilly in Nightmute,2,2,0,0.00014132481,5,OOD_Class_4
When is The Blood of Others playing?,6,5,0,0.00029291055,5,OOD_Class_4
what is the weather forecast for Cuba at eleven am,2,2,0,0.00013302322,5,OOD_Class_4
I need a party of two reservation faraway from Atlantic Av-Barclays Ctr at a spa for fast food,1,1,0,0.00035712676,5,OOD_Class_4
play music by Francis Healy,3,3,0,0.00019876687,5,OOD_Class_4
add track to dance playlist,0,0,0,0.00023849729,5,OOD_Class_4
Give Upon Some Midnights Clear chronicle four out of 6 for a rating.,4,4,1,0.0029429437,5,OOD_Class_4
rate the Broke Who Killed the Middle Classes? chronicle a five,4,4,1,0.0001194251,5,OOD_Class_4
Show me the video game The Stillest Hour,5,4,0,0.00017536627,5,OOD_Class_4
Give a four rating to A World Apart .,4,0,1,0.0037376215,5,OOD_Class_4
Give The Pirates of Manhattan a 1,4,4,1,0.00029941215,5,OOD_Class_4
Rate my current essay zero out of 6,4,4,1,0.000629188,5,OOD_Class_4
"I didn't like the book Nobody Lives For Ever , I give it a 2 .",4,4,1,0.000831879,5,OOD_Class_4
Weather for Faroe Islands,2,2,0,0.00013347215,5,OOD_Class_4
rate New History of the Five Dynasties 1 points,4,4,1,0.00012553357,5,OOD_Class_4
Rate this book a five,4,4,1,0.0010297028,5,OOD_Class_4
Rate the current essay 5 stars,4,4,1,0.0002661631,5,OOD_Class_4
Find the movie times for North American Cinemas .,6,5,0,0.00014585914,5,OOD_Class_4
rate this essay four stars,4,4,1,0.0003267985,5,OOD_Class_4
I want to give the current textbook 0 stars,4,4,1,0.0023786935,5,OOD_Class_4
Is it going to get windy today in Tunisia ?,2,2,0,0.00012861588,5,OOD_Class_4
Will it get hotter in Hext ?,2,2,0,0.0001314697,5,OOD_Class_4
I give this book a 5 .,4,0,1,0.005235851,5,OOD_Class_4
play them by Guy-manuel De Homem-christo,3,3,0,0.00014570581,5,OOD_Class_4
This current book only nets 3 out of 6 points,4,4,1,0.0025816201,5,OOD_Class_4
Add Milas Poli to my Indie Bluegrass,0,0,0,0.00022426635,5,OOD_Class_4
"is it going to be chillier in Saint Augustine , WY on may 3rd",2,2,0,0.00012332568,5,OOD_Class_4
What's the weather in Castle at 1743,2,2,0,0.00012674475,5,OOD_Class_4
Play any track by Flame,3,3,0,0.00012956966,5,OOD_Class_4
Rate Making Sense of Marx 2 stars .,4,4,1,0.013659636,5,OOD_Class_4
Rate this novel 1 of 6,4,4,1,0.000599916,5,OOD_Class_4
Rate my current essay 1 out of 6 stars,4,4,1,0.00059638394,5,OOD_Class_4
I want this chronicle to get a rating of 4,4,4,1,0.0018543709,5,OOD_Class_4
put this song in the playlist Trap Land,0,0,0,0.00024094695,5,OOD_Class_4
"How is the weather in Getzville , Minnesota ?",2,2,0,0.00012606714,5,OOD_Class_4
Is People of the Cumberland playing at Landmark Theatres now,6,5,0,0.00016787431,5,OOD_Class_4
I want to rate Hostile Waters chronicle book with five out of 6,4,4,1,0.001133102,5,OOD_Class_4
Will it be freezing in New Preston Venezuela ?,2,2,0,0.00012526983,5,OOD_Class_4
Rate this current essay four out of 6 .,4,4,1,0.0030568708,5,OOD_Class_4
Add Tranquility to the Latin Pop Rising playlist.,0,0,0,0.00021578092,5,OOD_Class_4
I would give this current novel two points or a rating of 6,4,0,1,0.0028322982,5,OOD_Class_4
I give Out of Sync zero out of 6 points .,4,3,1,0.002410492,5,OOD_Class_4
"Who rated the book Women, Culture, and Society only 3 stars ?",4,4,1,0.0010961968,5,OOD_Class_4
play a tune from 2000 by Bronislau Kaper,3,3,0,0.0002021942,5,OOD_Class_4
this book gets out of a total of 6 stars only 1,4,4,1,0.003694158,5,OOD_Class_4
Book a brasserie type restaurant that serves pizzas in AMerican Samoa,1,1,0,0.00026654763,5,OOD_Class_4
What is the Read All About It picture ?,5,4,0,0.00016928809,5,OOD_Class_4
Give Northern Lights Audio 5 / 6 points,4,3,1,0.0008601604,5,OOD_Class_4
Give the current album a 2,4,0,1,0.0015815806,5,OOD_Class_4
Rate this saga 0 stars,4,4,1,0.0001605821,5,OOD_Class_4
Rate The Grisly Wife three points out of 6,4,4,1,0.00093967794,5,OOD_Class_4
give a 1 to A Thousand Lies,4,0,1,0.0013718455,5,OOD_Class_4
Find the novel WWE Legends of WrestleMania,5,4,0,0.00012956616,5,OOD_Class_4
find the painting Sleeping in Your Hand,5,4,0,0.00014148277,5,OOD_Class_4
Will it hail in Rush Valley Denmark on 6/21/2035,2,2,0,0.00013960978,5,OOD_Class_4
rate The Confidence-Man 3 points,4,4,1,0.00026825274,5,OOD_Class_4
I want to hear music from carman from the 1966 album,3,3,0,0.00020396705,5,OOD_Class_4
find The Loving Spirit,5,4,0,0.00097063737,5,OOD_Class_4
play Latin Dinner,3,3,0,0.00013287278,5,OOD_Class_4
Book a table for 1 person at a popular brasserie in Jansen that serves english food,1,1,0,0.0002810459,5,OOD_Class_4
What's the weather forecast for tomorrow around Sankertown ?,2,2,0,0.00012393124,5,OOD_Class_4
What is the movie schedule at MJR Theatres ?,6,5,0,0.00015481246,5,OOD_Class_4
I want to hear a 1957 theme song,3,3,0,0.00015384716,5,OOD_Class_4
I'd like to see the movie schedule for movies in the area,6,5,0,0.00014628976,5,OOD_Class_4
Rate They Came from the Sea 1 of 6 points,4,4,1,0.00024378453,5,OOD_Class_4
I give Jonathan Livingston le goéland 2 of 6 points,4,3,1,0.01097739,5,OOD_Class_4
find the game Saturday Review,5,4,0,0.00011071207,5,OOD_Class_4
Look for the trailer to Hickory Daily Record .,5,4,0,0.00018252342,5,OOD_Class_4
play Lastfm tunes from 1997,3,3,0,0.00024881156,5,OOD_Class_4
What time is the Wanda Group playing The Honor of an Outlaw,6,5,0,0.00021974952,5,OOD_Class_4
Rate The Agent of Death with five stars out of 6,4,4,1,0.0008786819,5,OOD_Class_4
I'd give the current essay five points,4,0,1,0.0025798143,5,OOD_Class_4
I rate this novel 5 of 6,4,4,1,0.002597722,5,OOD_Class_4
play Itunes songs by Gerard Way,3,3,0,0.00018195363,5,OOD_Class_4
Will it be hot at 1319 in De Funiak Springs Serbia and Montenegro ?,2,2,0,0.000129623,5,OOD_Class_4
Rate the Nova Scotia New Scottish Speculative Fiction saga a 5,4,4,1,0.00014793956,5,OOD_Class_4
Rate The Best American Short Stories 2007 one out of 6 points,4,4,1,0.00025601612,5,OOD_Class_4
Find a table for 2 at a restaurant in Saint Vincent and the Grenadines,1,1,0,0.000257226,5,OOD_Class_4
Add genocide to electronic bliss,0,0,0,0.00022339003,5,OOD_Class_4
Which movies are playing at AMC Theaters 1 second from now ?,6,5,0,0.00016820632,5,OOD_Class_4
give this current essay five out of 6 stars,4,4,1,0.0018390386,5,OOD_Class_4
Rate my current book 1 out of 6,4,4,1,0.0005062741,5,OOD_Class_4
Give Anatomy of a Typeface a 1 rating.,4,4,1,0.0063205883,5,OOD_Class_4
Play Seasons In The Sun by Rosco Gordon on iheart,3,3,0,0.00023260491,5,OOD_Class_4
"find Face the Truth , a TV show",5,4,0,0.00015952568,5,OOD_Class_4
Rate the My Beloved World saga a one,4,4,1,0.00015785905,5,OOD_Class_4
Can you find the soundtrack for Westcountry Live,5,4,0,0.00015537787,5,OOD_Class_4
I want to rate this novel three out of 6,4,4,1,0.002223874,5,OOD_Class_4
Can you pull up a track on Zvooq by Graham Mcpherson,3,3,0,0.00014497341,5,OOD_Class_4
what kind of films are at the closest movie house,6,5,0,0.00014643025,5,OOD_Class_4
Give this album three out of 6 points,4,4,1,0.0020987873,5,OOD_Class_4
I'd rate this essay 1 out of 6,4,0,1,0.0032030756,5,OOD_Class_4
I give The Prestige a rating of 5,4,4,1,0.0044176164,5,OOD_Class_4
four out of 6 stars for Special Assignments,4,4,1,0.0028307687,5,OOD_Class_4
Play a top five Linda Strawberry ep,3,3,0,0.00014900879,5,OOD_Class_4
rate the Beyonders A World Without Heroes saga 1 out of 6 stars,4,4,1,0.00017496273,5,OOD_Class_4
Book a reservation for a party of four within the same area of Districts of Sweden,1,1,0,0.00023565802,5,OOD_Class_4
give four out of 6 stars for this chronicle,4,4,1,0.0012158295,5,OOD_Class_4
give this textbook zero out of 6,4,0,1,0.007695927,5,OOD_Class_4
Play my springtime playlist.,3,3,0,0.000156011,5,OOD_Class_4
I'd like a table for 3 at an outdoor restaurant,1,1,0,0.00032156968,5,OOD_Class_4
Book a restaurant in WI at 132234 for 9 people.,1,1,0,0.00022109407,5,OOD_Class_4
what time can i see Older Office Lady Using Her Seductive Tongue at Star Theatres,6,5,0,0.00019330763,5,OOD_Class_4
add 157 Riverside Avenue to leticia's animal humor playlist,0,0,0,0.00022328382,5,OOD_Class_4
Turn on Last Fm,3,3,0,0.00011454531,5,OOD_Class_4
Play good Pure Soul on netflix,3,3,0,0.00017446627,5,OOD_Class_4
Give this essay 1 out of 6 .,4,4,1,0.0053620404,5,OOD_Class_4
Rate The Bell Curve a three .,4,4,1,0.018948965,5,OOD_Class_4
rate this novel four stars,4,4,1,0.0003128806,5,OOD_Class_4
I would rate the Executive Power a four and a best rating of 6,4,4,1,0.004052424,5,OOD_Class_4
Play me a track by Steve Souza,3,3,0,0.0001260859,5,OOD_Class_4
I want to know the weather in ten weeks from now in John N and Melba S Anderson Memorial Conservation Area,2,2,0,0.000112287285,5,OOD_Class_4
Will there be snowfall in Kitlope Heritage Conservancy,2,2,0,0.00013717517,5,OOD_Class_4
add Michael Hayvoronsky to Lo Que Suena Los Angeles,0,0,0,0.00021368277,5,OOD_Class_4
Rate Wolves Eat Dogs 5 out of 6 points,4,4,1,0.0059535042,5,OOD_Class_4
What is the cloud coverage in my current place,2,2,0,0.00015483449,5,OOD_Class_4
Use itunes to play dancing playlist,3,3,0,0.0001483826,5,OOD_Class_4
Rate Cuisines of the Axis of Evil and Other Irritating States one out of 6,4,4,1,0.000813907,5,OOD_Class_4
my father in law and I would like to go to a highly rated bar,1,1,0,0.0004052759,5,OOD_Class_4
Can you play a chant by Butch Trucks on Spotify,3,3,0,0.0001758417,5,OOD_Class_4
rate the current essay a three,4,4,1,0.00028436905,5,OOD_Class_4
I think this saga only deserves a 0 out of 6 .,4,0,1,0.0013071997,5,OOD_Class_4
Give A History of the Mind a 2 out of 6 points .,4,4,1,0.00087732694,5,OOD_Class_4
Out of 6 stars the last novel gets only four,4,4,1,0.00043670885,5,OOD_Class_4
how much hotter will it be once close to Namibia,2,2,0,0.0001407029,5,OOD_Class_4
Show me a copy of the picture Double Deal .,5,4,0,0.00021213804,5,OOD_Class_4
I give The Battle of Bretton Woods saga two of 6 stars,4,4,1,0.0007865049,5,OOD_Class_4
Rate the Parable of the Sower a 2 out of 6,4,4,1,0.00027877963,5,OOD_Class_4
What is the weather looking like in Prosser on feb. the 18th ?,2,2,0,0.00012338797,5,OOD_Class_4
Is it supposed to hail in Rosenberg in the French Polynesia,2,2,0,0.00012550585,5,OOD_Class_4
Rate Canto for a Gypsy two of 6 stars,4,4,1,0.0017564405,5,OOD_Class_4
Please search the Karobar Economic Daily picture .,5,4,0,0.00015177042,5,OOD_Class_4
Is The Young Guard playing at the closest cinema,6,5,0,0.00015755747,5,OOD_Class_4
Play me a song by Avispa Music from 1965,3,3,0,0.00013085581,5,OOD_Class_4
Play the top-5 songs from Paddy Reilly on zvooq,3,3,0,0.00019751099,5,OOD_Class_4
Get me the Procession of Ants TV show .,5,4,0,0.00018869925,5,OOD_Class_4
What are the movie times for films nearby ?,6,5,0,0.00014657447,5,OOD_Class_4
"Can I get a restaurant reserved in Luquillo , District Of Columbia ?",1,1,0,0.00017155104,5,OOD_Class_4
add rob tyner to betsy's We Everywhere,0,0,0,0.0002095465,5,OOD_Class_4
I give the book The Silence of the Lambs a rating of zero of a possiable 6,4,4,1,0.005893208,5,OOD_Class_4
What time is film showing at Southern Theatres,6,5,0,0.00016223655,5,OOD_Class_4
Rate the current textbook a 5 .,4,4,1,0.002218613,5,OOD_Class_4
Rate The Demolished Man a five,4,4,1,0.0003548309,5,OOD_Class_4
Rate this novel a 3,4,4,1,0.0009989998,5,OOD_Class_4
Weather for Cougar Canyon Wilderness,2,2,0,0.00015020496,5,OOD_Class_4
Search for To Heart 2,5,4,0,0.00015177563,5,OOD_Class_4
give this current essay a 3 out of 6,4,4,1,0.003236278,5,OOD_Class_4
Put this track on Musica Española 2017,0,0,0,0.00028793438,5,OOD_Class_4
Find a reservation within walking distance of pauline's place for a party of 10 at fourteen o'clock at a restaurant that serves aioli,1,1,0,0.00019516288,5,OOD_Class_4
what is the forecast for Turtle Islands National Park,2,2,0,0.00014180953,5,OOD_Class_4
rate The Pig Scrolls one of 6 points,4,4,1,0.00040579127,5,OOD_Class_4
I'd rate Glaring Through Oblivion a zero of 6,4,0,1,0.0023242973,5,OOD_Class_4
List films at Pacific Theatres,6,5,0,0.00013010931,5,OOD_Class_4
This current essay deserves only a three rating,4,0,1,0.00048979395,5,OOD_Class_4
Give The Toynbee Convector four of 6,4,4,1,0.0016608862,5,OOD_Class_4
Find a book called The Echo Chamber .,5,4,0,0.00015690553,5,OOD_Class_4
does Red e Toby nemiciamici start thirteen hours from now,6,5,0,0.00028423403,5,OOD_Class_4
book a table for seven in Walpole,1,1,0,0.00021236241,5,OOD_Class_4
rate this album one out of 6,4,4,1,0.0024532755,5,OOD_Class_4
Rate A Faint Cold Fear 0 points,4,4,1,0.00018462361,5,OOD_Class_4
Play something by Chris Knight,3,3,0,0.0002108599,5,OOD_Class_4
Is it going to storm in Black Rock Alaska,2,2,0,0.000134787,5,OOD_Class_4
Rate this textbook 5 points out of 6 .,4,4,1,0.0032781567,5,OOD_Class_4
four points for this essay,4,4,1,0.032272395,5,OOD_Class_4
What's the weather in New Beaver,2,2,0,0.00013295878,5,OOD_Class_4
Find the movie times at Harkins Theatres .,6,5,0,0.0001494638,5,OOD_Class_4
book me and my grandparents a restaurant in Saint Helens South Dakota,1,1,0,0.00022535762,5,OOD_Class_4
What is on the movie schedule for four AM at Landmark Theatres,6,5,0,0.00014830282,5,OOD_Class_4
I would give Things Fall Apart 3 stars,4,4,1,0.0052339705,5,OOD_Class_4
Find the movie schedule for animated movies in the neighbourhood .,6,5,0,0.00014686058,5,OOD_Class_4
I would rate this textbook 5 points and a rating value of 6,4,0,1,0.0035731522,5,OOD_Class_4
Rate Cotton Comes to Harlem a 2,4,0,1,0.0018085579,5,OOD_Class_4
Is Green Grass Widows playing at the cinema,6,5,0,0.00016886099,5,OOD_Class_4
Play my Fusion Fest playlist on Youtube,3,3,0,0.00015895633,5,OOD_Class_4
susanne and carey phillips want to go to a brasserie not far from Pricedale that serves southern brazilian,1,1,0,0.00034890816,5,OOD_Class_4
Give me a link to the A Little Something for Us Tempunauts soundtrack .,5,4,0,0.00028796177,5,OOD_Class_4
Give me the showtimes for Sign of the Anchor .,6,5,0,0.00017816525,5,OOD_Class_4
Play some gothic rock .,3,3,0,0.00015876938,5,OOD_Class_4
What will the weather be like 20 minutes from now in Homestead Meadows in Martinique,2,2,0,0.0001235688,5,OOD_Class_4
Play some 1959 songs on Iheart,3,3,0,0.00018355745,5,OOD_Class_4
rate this current saga 3 out of 6 points,4,4,1,0.0005241315,5,OOD_Class_4
Play a song from Helena Iren Michaelsen on Spotify,3,3,0,0.00018527465,5,OOD_Class_4
I rate Step by Wicked Step 1 stars,4,0,1,0.0011209928,5,OOD_Class_4
rate the current essay 5 points,4,4,1,0.00021149249,5,OOD_Class_4
Give 99 Coffins 0 stars out of 6 .,4,4,1,0.0027703587,5,OOD_Class_4
Rate The Hollow Man 5 points,4,4,1,0.00046061905,5,OOD_Class_4
I this this current essay should be rated a three,4,0,1,0.0006913755,5,OOD_Class_4
give three stars to Talbot Mundy Messenger of Destiny,4,4,1,0.0015214557,5,OOD_Class_4
Fine the movie schedule for Warren Theatres .,6,5,0,0.00013569386,5,OOD_Class_4
Rate Decoding Reality 0 points,4,4,1,0.00044123337,5,OOD_Class_4
For the current chronicle I give five of 6,4,4,1,0.00039491162,5,OOD_Class_4
Rate The Australian Ugliness 3 points,4,4,1,0.00043748424,5,OOD_Class_4
Give Hornblower in the West Indies 0 / 6 points,4,4,1,0.002946987,5,OOD_Class_4
I give this last novel only 1 points,4,0,1,0.0022631628,5,OOD_Class_4
Rate Short Trips Destination Prague five out of 6,4,4,1,0.0010053602,5,OOD_Class_4
Rate The Book of Three a five,4,4,1,0.0001226559,5,OOD_Class_4
Book a popular restaurant for 5 people,1,1,0,0.00025044286,5,OOD_Class_4
add abacab to beryl's party on fridays playlist,0,0,0,0.00022646693,5,OOD_Class_4
add artist to lo mejor de los 00's,0,0,0,0.00022003803,5,OOD_Class_4
find Valley of the Dolls,5,4,0,0.0007737834,5,OOD_Class_4
Add this tune to the Duetos playlist,0,0,0,0.00022328456,5,OOD_Class_4
add Hot House to Have You Met Miss Jones,0,0,0,0.00020024345,5,OOD_Class_4
Rate Incomplete Nature three of 6 stars,4,4,1,0.00020913099,5,OOD_Class_4
Will there be a snowstorm in Taberville,2,2,0,0.0001400866,5,OOD_Class_4
"book a brasserie at Turtle Creek neighboring on march sixth, 2038 for eight",1,1,0,0.00016840729,5,OOD_Class_4
add Vicky Leandros to my piano ballads playlist,0,0,0,0.00023791582,5,OOD_Class_4
I need a weather forecast for Laos at one am,2,2,0,0.00012974173,5,OOD_Class_4
I give a zero rating for this essay,4,0,1,0.0026840738,5,OOD_Class_4
Play music off Itunes .,3,3,0,0.00020012869,5,OOD_Class_4
book a restaurant on next fall for 5,1,1,0,0.00021516507,5,OOD_Class_4
Rate this textbook four points,4,4,1,0.0021750508,5,OOD_Class_4
Play hanging in the balance by Nik Kershaw on Zvooq .,3,3,0,0.00024412134,5,OOD_Class_4
I want to play the video game The Coyote Kings of the Space-Age Bachelor Pad,5,4,0,0.00016583128,5,OOD_Class_4
For the book The Flash Stop Motion I give a rating of 5 points,4,4,1,0.00035655973,5,OOD_Class_4
Find movie schedules .,6,5,0,0.0001351616,5,OOD_Class_4
Please tell me movie times,6,5,0,0.00014247926,5,OOD_Class_4
Is Gods of Metal playing,6,5,0,0.00021979335,5,OOD_Class_4
"Is it supposed to be colder at lunch time in Schuyler , Venezuela ?",2,2,0,0.00011825225,5,OOD_Class_4
Please help me find the video game John Michael Montgomery discography .,5,4,0,0.00019427076,5,OOD_Class_4
Give this book a rating of four out of 6 .,4,4,1,0.0031817257,5,OOD_Class_4
rate this book 0 out of 6,4,4,1,0.0005837422,5,OOD_Class_4
"Please find the TV show , The Dreamstone",5,4,0,0.000178656,5,OOD_Class_4
Give the current novel a one out of 6 rating.,4,4,1,0.0010570987,5,OOD_Class_4
For the book Deception I rate it four points,4,4,1,0.00034494445,5,OOD_Class_4
rate this essay zero of 6 points,4,4,1,0.00045991395,5,OOD_Class_4
Add the rating for this current series a four out of 6 points,4,0,1,0.00020268932,5,OOD_Class_4
whats the closest movie house showing Medal of Honor,6,5,0,0.00014472622,5,OOD_Class_4
Rate the current novel 1 of 6,4,4,1,0.0001701181,5,OOD_Class_4
The current series deserves three stars .,4,0,1,0.0012940442,5,OOD_Class_4
give 0 points to current series,4,4,1,0.0029857918,5,OOD_Class_4
Give Letty Fox Her Luck 4 out of 6 stars,4,4,1,0.0011034507,5,OOD_Class_4
rate the book chronicle The Obama Nation a 4,4,4,1,0.00021284193,5,OOD_Class_4
Which cinema is showing A Dedicated Life starting at eleven PM,6,5,0,0.0001560241,5,OOD_Class_4
give two out of 6 points to current textbook,4,0,1,0.0032782655,5,OOD_Class_4
I'd rate this book 1 of 6 stars,4,0,1,0.0071199904,5,OOD_Class_4
Rate this album 3 out of 6,4,4,1,0.002066354,5,OOD_Class_4
is it going to be foggy in Jewell Cemetery State Historic Site 7 weeks from now,2,2,0,0.00011641876,5,OOD_Class_4
Give Drift The Unmooring of American Military Power 0 out of 6 points .,4,4,1,0.001399154,5,OOD_Class_4
Rate the current novel a 3,4,4,1,0.0002764559,5,OOD_Class_4
Rate the current essay three of 6 points,4,4,1,0.00038439347,5,OOD_Class_4
Tell me the weather forecast here,2,2,0,0.00013211556,5,OOD_Class_4
Want a work called Walk the River,5,4,0,0.00016661546,5,OOD_Class_4
Add the song to the soundscapes for gaming playlist.,0,0,0,0.00024727138,5,OOD_Class_4
Play some music from 1962 from Adeyto,3,3,0,0.00019808757,5,OOD_Class_4
Rate this essay a 3,4,4,1,0.0015596205,5,OOD_Class_4
give The Enemy Within saga 3 stars for me,4,4,1,0.00036190252,5,OOD_Class_4
give 3 out of 6 stars to The Submarine Caper chronicle,4,4,1,0.0004831972,5,OOD_Class_4
this album is rated at a 0 out of a possible 6 .,4,0,1,0.0023412465,5,OOD_Class_4
I would like to book a restaurant for two in 42 weeks from now in Wagram,1,1,0,0.00020926318,5,OOD_Class_4
Rate Book of the Dead three stars,4,4,1,0.00019256532,5,OOD_Class_4
Add this track to my Tropical Morning playlist,0,0,0,0.00024024985,5,OOD_Class_4
Play a symphony from 2013 .,3,3,0,0.00018319889,5,OOD_Class_4
Can you get me the Message from God saga ?,5,4,0,0.00015462753,5,OOD_Class_4
Play anything from Hiromitsu Agatsuma off iHeart .,3,3,0,0.00018663699,5,OOD_Class_4
I want to listen to seventies music.,3,3,0,0.00012694394,5,OOD_Class_4
book a gratin serving tea house in Bushkill,1,1,0,0.00024364537,5,OOD_Class_4
I give this series a value of one and a best rating of 6,4,4,1,0.0022613674,5,OOD_Class_4
"Would like a table right now for leonor mendoza, imogene and lisa sanchez",1,1,0,0.00036432713,5,OOD_Class_4
I give the current essay a two,4,4,1,0.0029213808,5,OOD_Class_4
Rate Ruth five out of 6 points .,4,3,1,0.002163723,5,OOD_Class_4
play a tune by Syreeta Wright from twenties from the top,3,3,0,0.00017748238,5,OOD_Class_4
find Cover Her Face,5,4,0,0.00029613794,5,OOD_Class_4
Give this book five / 6 points .,4,4,1,0.004862985,5,OOD_Class_4
Rate this album 0 points out of 6,4,4,1,0.0019412397,5,OOD_Class_4
current album gets a value of 0,4,3,1,0.0013377883,5,OOD_Class_4
I need a table booking for a highly rated sardinian pub .,1,1,0,0.0003574978,5,OOD_Class_4
find a video game called A Stroll in the Pork,5,4,0,0.00016425597,5,OOD_Class_4
I would give this novel four stars,4,0,1,0.0033754641,5,OOD_Class_4
What is the weather forecast for Maryland,2,2,0,0.0001349865,5,OOD_Class_4
find a novel called Best Hits Live Save the Children Speed Live 2003,5,4,0,0.00014652983,5,OOD_Class_4
add kurious jorge to my synth pop,0,0,0,0.00023172477,5,OOD_Class_4
Rate this book 3 of 6 points,4,4,1,0.002040902,5,OOD_Class_4
add what if punk never happened to autumn,0,0,0,0.00021232845,5,OOD_Class_4
Add an andy hurley album to my transatlantic lullaby list,0,0,0,0.00022558558,5,OOD_Class_4
Rate In Enemy Hands five stars out of 6,4,4,1,0.0005555003,5,OOD_Class_4
play Luis Alfonzo Larrain from 1995,3,3,0,0.0001901282,5,OOD_Class_4
Will it blizzard today in Sint Maarten,2,2,0,0.00012490206,5,OOD_Class_4
Rate the current album 3 points,4,3,1,0.0008238291,5,OOD_Class_4
Play Elkie Brooks seventies sound track,3,3,0,0.00018473118,5,OOD_Class_4
Look up The Gun soundtrack,5,4,0,0.0001235135,5,OOD_Class_4
Please play This Is The Day by Brian Robertson .,3,3,0,0.0001702658,5,OOD_Class_4
give this book one star out of 6 stars,4,4,1,0.0021718496,5,OOD_Class_4
Show the Immortal Grand Prix,5,4,0,0.0001353284,5,OOD_Class_4
Play the latest music by Martin Luther Mccoy,3,3,0,0.00022033651,5,OOD_Class_4
Give this album 1 stars .,4,4,1,0.0049949214,5,OOD_Class_4
What films start at eighteen at Caribbean Cinemas,6,5,0,0.00015166737,5,OOD_Class_4
this chronicle gets a three out of 6 .,4,4,1,0.00080582214,5,OOD_Class_4
Give Hindu Temples What Happened to Them a 5 out of 6 stars .,4,4,1,0.003568942,5,OOD_Class_4
rate this series chronicle 0 points,4,4,1,0.00017768647,5,OOD_Class_4
Find Beavis and Butt-head,5,4,0,0.0009282722,5,OOD_Class_4
add this artist to cynthia's fresh finds,0,0,0,0.00020903877,5,OOD_Class_4
I want to give The First Person and Other Stories 0 out of 6 stars,4,4,1,0.00055561675,5,OOD_Class_4
Where can I watch the picture I’ll Take Care of You ?,5,4,0,0.000113590475,5,OOD_Class_4
show song schedule of Shoot for the Moon,5,4,0,0.00012905576,5,OOD_Class_4
I want to rate the current chronicle a two,4,4,1,0.00035574965,5,OOD_Class_4
Rate Gilgamesh the King 5 out of 6,4,4,1,0.00059550424,5,OOD_Class_4
I want this artist on the Cena Elegante playlist,0,0,0,0.00021323853,5,OOD_Class_4
what films are playing at the nearest movie house,6,5,0,0.00014844723,5,OOD_Class_4
How will the weather be in six minutes close to Moosic,2,2,0,0.00012212945,5,OOD_Class_4
Is A Short Film About Killing at North American Cinemas,6,4,0,0.0004903792,5,OOD_Class_4
"find Journal of the European Economic Association , a movie I want to see",5,4,0,0.00013498892,5,OOD_Class_4
I want to give this novel a four out of 6 stars,4,4,1,0.0041774996,5,OOD_Class_4
rate the current essay with 4 points,4,4,1,0.0012274581,5,OOD_Class_4
is it overcast close-by in Illinois,2,2,0,0.0001443221,5,OOD_Class_4
Rate the Apocalisse saga one out of 6 points,4,4,1,0.00034722622,5,OOD_Class_4
Rate the current textbook 3 of 6 stars,4,4,1,0.0003142193,5,OOD_Class_4
Book a restaurant in Almyra in 10 years,1,1,0,0.00021271197,5,OOD_Class_4
I want to rate this current series a value of five and a best rating of 6,4,4,1,0.0026537885,5,OOD_Class_4
rate The Lotus and the Storm zero of 6,4,4,1,0.00026540115,5,OOD_Class_4
add this album to my de camino a clase playlist,0,0,0,0.00021875197,5,OOD_Class_4
find The Good Wife,5,4,0,0.0008284708,5,OOD_Class_4
I want to add something by Jarvis Cocker to my rock español playlist,0,0,0,0.00021337085,5,OOD_Class_4
Rate this album 4 points,4,4,1,0.0029383267,5,OOD_Class_4
Where can I find the game Skip to the End ?,5,4,0,0.00015384184,5,OOD_Class_4
Is Covered Wagon Days playing at B&B Theatres in 1 second ?,6,5,0,0.00019040667,5,OOD_Class_4
give The Council of Dads 1 out of 6 stars,4,4,1,0.0011264494,5,OOD_Class_4
"I liked Ports of Call , I'd give it a 5 out of 6 .",4,4,1,0.0017164891,5,OOD_Class_4
"Out of 6 , give Rivers of Babylon a 1",4,4,1,0.005777832,5,OOD_Class_4
Give this chronicle a 4,4,4,1,0.0012616203,5,OOD_Class_4
Rate Peter and the Sword of Mercy 3 of 6 stars,4,4,1,0.0009337545,5,OOD_Class_4
I'd give The Cricket in Times Square 3 stars,4,0,1,0.0041938922,5,OOD_Class_4
Rate this album zero of 6 points,4,0,1,0.0038019277,5,OOD_Class_4
Book a reservation for nine people at a bakery in Nunez,1,1,0,0.0002453128,5,OOD_Class_4
I would rate this current textbook four stars,4,0,1,0.0012369507,5,OOD_Class_4
I'm looking for the work titled Converging Conspiracies,5,4,0,0.00015356597,5,OOD_Class_4
Find the movie schedule .,6,5,0,0.0001303645,5,OOD_Class_4
play the Ocelot record using Zvooq,3,3,0,0.00013212913,5,OOD_Class_4
Rate The Art of Struggle 3,4,4,1,0.00018281705,5,OOD_Class_4
is the weather freezing in AK,2,2,0,0.00013697745,5,OOD_Class_4
Add Shangri-La to the African Heat playlist.,0,0,0,0.00023138546,5,OOD_Class_4
Rate Who Moved My Cheese? a one,4,4,1,0.00041167592,5,OOD_Class_4
Find a painting called Satisfaction Is the Death of Desire .,5,4,0,0.00016832279,5,OOD_Class_4
Give the current novel I am reading a five stars rating.,4,4,1,0.00117901,5,OOD_Class_4
Show the Innocent When You Dream saga,5,4,0,0.000105745596,5,OOD_Class_4
Rate this novel 1 out of 6 points,4,4,1,0.00039881226,5,OOD_Class_4
play Khujo eighties track song,3,3,0,0.00015208714,5,OOD_Class_4
play fifties track music,3,3,0,0.00019217971,5,OOD_Class_4
Rate Witchcraft and Paganism in Australia 1 points out of 6,4,4,1,0.0033166227,5,OOD_Class_4
I want to hear Song For Adam,3,3,0,0.00061820756,5,OOD_Class_4
show the trailer of Rugrats Go Wild,5,4,0,0.00017519944,5,OOD_Class_4
I give The Cat and the King 2 stars .,4,4,1,0.006332907,5,OOD_Class_4
rate this current album five out of 6 points,4,4,1,0.002987992,5,OOD_Class_4
play a concerto that was most popular in 1958 by mickey hart,3,3,0,0.00014683929,5,OOD_Class_4
I need a photograph of The Oregon Desert,5,4,0,0.00019021126,5,OOD_Class_4
I give the previous series four stars .,4,4,1,0.0005077415,5,OOD_Class_4
book a spot for elise and alma at a brasserie in Ravensdale MH for this week,1,1,0,0.00028614944,5,OOD_Class_4
Play music on Netflix by Don Kikas,3,3,0,0.00021904656,5,OOD_Class_4
Is it humid in Charenton,2,2,0,0.00013697619,5,OOD_Class_4
For the saga Magic in Ithkar 2 I give two stars,4,4,1,0.00035902526,5,OOD_Class_4
Rate this textbook 5 stars out of 6,4,4,1,0.0008673068,5,OOD_Class_4
I'd like to give a rating of 4 to this current book .,4,0,1,0.0013313824,5,OOD_Class_4
What is the movie schedule at Douglas Theatre Company,6,5,0,0.00016035084,5,OOD_Class_4
I want to know the temperate from January the twentieth in Brazil,2,2,0,0.00012961535,5,OOD_Class_4
play Steven Reineke greatest soundtrack on Youtube,3,3,0,0.0001774757,5,OOD_Class_4
"Book a table at the Eighth Step Coffee House that isn't too far from Vineyard Haven for candace phillips, debbie and sondra",1,1,0,0.00017914908,5,OOD_Class_4
find the closest movie theatre with animated movies,6,5,0,0.00014529028,5,OOD_Class_4
Add artist hex hector to my old school death metal playlist,0,0,0,0.00022746649,5,OOD_Class_4
add post mortem to my timeless love songs playlist,0,0,0,0.00022880267,5,OOD_Class_4
Please play songs by Lil Jon,3,3,0,0.00016333442,5,OOD_Class_4
Rate the following series a one out of 6,4,4,1,0.0002529065,5,OOD_Class_4
Book The Electric Banana in Ewen for crystal and brittney .,1,1,0,0.00030870383,5,OOD_Class_4
Rate the current series a one .,4,4,1,0.00018605465,5,OOD_Class_4
The Amityville The Evil Escapes chronicle is only a 1 out of 6 .,4,4,1,0.00028063284,5,OOD_Class_4
Rate the Beyond This Place chronicle three of 6,4,4,1,0.00013945672,5,OOD_Class_4
rate The Stone Key a 5,4,3,1,0.00078830303,5,OOD_Class_4
I want to give the current novel 4 stars,4,4,1,0.0028223442,5,OOD_Class_4
What will the weather be nineteen hours from now neighboring Saint Kitts and Nevis ?,2,2,0,0.00012082435,5,OOD_Class_4
Give this novel two out of 6 stars,4,4,1,0.000915319,5,OOD_Class_4
find animated movies movie schedule in the neighborhood,6,5,0,0.00014401876,5,OOD_Class_4
add the artist Jamie T to hallie's winter music playlist,0,0,0,0.00022273864,5,OOD_Class_4
add tune to my relax & unwind playlist,0,0,0,0.00023434157,5,OOD_Class_4
Rate this book 0 points out of 6,4,4,1,0.0005182669,5,OOD_Class_4
add this song to my southern gothic playlist,0,0,0,0.00024237018,5,OOD_Class_4
Rate this album two out of 6,4,4,1,0.0020438542,5,OOD_Class_4
rate Orion in the Dying Time four stars,4,4,1,0.00012211909,5,OOD_Class_4
Rate The Vanishing Thieves 4 out of 6,4,4,1,0.00053454284,5,OOD_Class_4
Add impossible is nothing to SPA Treatment,0,0,0,0.00023228476,5,OOD_Class_4
rate the current essay 2 out of 6,4,4,1,0.00042089153,5,OOD_Class_4
Give this series three points out of 6 .,4,4,1,0.0019543576,5,OOD_Class_4
Add When You Come Back to the jazz for loving couples playlist.,0,0,0,0.00022437559,5,OOD_Class_4
Is it hot here,2,2,0,0.00015280567,5,OOD_Class_4
find a movie house with Colic The Movie that is nearest,6,5,0,0.00014108141,5,OOD_Class_4
I would rate Tree of Smoke a value of two or a best rating of 6,4,4,1,0.0033959716,5,OOD_Class_4
Rate the current novel 3 of 6 stars,4,4,1,0.00039713073,5,OOD_Class_4
What is the movie schedule for Loews Cineplex Entertainment,6,5,0,0.00017186216,5,OOD_Class_4
Rate The Man Who Sold the Moon a 5 .,4,4,1,0.00029856813,5,OOD_Class_4
Play bebob on Iheart,3,3,0,0.00020850464,5,OOD_Class_4
I need a reservation for a highly rated bistro for a party of 10 .,1,1,0,0.00035697984,5,OOD_Class_4
Add Grey Cloudy Lies to the hip hop playlist.,0,0,0,0.00022679998,5,OOD_Class_4
Rate this textbook four of 6,4,4,1,0.0009094354,5,OOD_Class_4
Search for Police Women of Cincinnati,5,4,0,0.000133241,5,OOD_Class_4
Award a rating of 2 stars out of 6 to Confessions of an economic hit man,4,4,1,0.0012029553,5,OOD_Class_4
Can you get me seating for 5 people 1 minute from now in Tuvalu,1,1,0,0.00022512897,5,OOD_Class_4
Play the latest ep by Joel Hastings on Itunes .,3,3,0,0.00017396716,5,OOD_Class_4
Is The Mystical Adventures of Billy Owens playing at the closest movie house,6,5,0,0.00015390378,5,OOD_Class_4
add album to my piano ballads,0,0,0,0.0002267999,5,OOD_Class_4
Rate the current album 2 stars,4,3,1,0.0010858654,5,OOD_Class_4
I am rating this book 5 out 6 points,4,4,1,0.009922884,5,OOD_Class_4
add lunacy to my chill out playlist,0,0,0,0.00024072072,5,OOD_Class_4
Rate this essay two out of 6 stars,4,4,1,0.0004688755,5,OOD_Class_4
add song to Trap Land,0,0,0,0.00020730955,5,OOD_Class_4
give five star to The Second Angel series,4,4,1,0.0006517045,5,OOD_Class_4
show creativity of novel Lock,5,4,0,0.00016250735,5,OOD_Class_4
please rate this textbook five stars out of 6,4,4,1,0.0023026613,5,OOD_Class_4
Play the Instrumental Study on Vimeo .,3,3,0,0.00015121195,5,OOD_Class_4
Weather for Marshall,2,2,0,0.00013771074,5,OOD_Class_4
this current book is worth five,4,0,1,0.0010218063,5,OOD_Class_4
I'd like to watch films at the closest movie theatre,6,5,0,0.00014095996,5,OOD_Class_4
Play some music from Victor Kunonga .,3,3,0,0.00018994384,5,OOD_Class_4
When is Romance on the Range playing at movie house ?,6,5,0,0.00018142308,5,OOD_Class_4
I want to hear that track from 1991,3,3,0,0.00015986187,5,OOD_Class_4
I rate the saga Wahhabi Islam From Revival and Reform to Global Jihad three out of 6,4,4,1,0.0017817932,5,OOD_Class_4
Rate this textbook one stars out of 6,4,4,1,0.0008614396,5,OOD_Class_4
Add anti ep to esenciales,0,0,0,0.00021557216,5,OOD_Class_4
give 0 out of 6 points to current textbook,4,0,1,0.0023539602,5,OOD_Class_4
is Tarzan of the Apes playing at Cobb Theatres,6,5,0,0.0001686929,5,OOD_Class_4
Rate this book five out of 6,4,4,1,0.00071316044,5,OOD_Class_4
rate The Citadel 1 out of 6 points,4,4,1,0.0006141279,5,OOD_Class_4
how's the weather looking in Pheba,2,2,0,0.00012742884,5,OOD_Class_4
Add radhae unakku kobam aagathadi to my Women of Metal playlist,0,0,0,0.0002316113,5,OOD_Class_4
add this tune to my It's a Southern Thing playlist,0,0,0,0.0002299211,5,OOD_Class_4
I'd like to book a reservation for next Spring for nine people at Shore Club .,1,1,0,0.00026214897,5,OOD_Class_4
Please tell me the forecast for Guinea-Bissau,2,2,0,0.00015727106,5,OOD_Class_4
What time are the animated movies starting at the nearest movie house ?,6,5,0,0.00015988249,5,OOD_Class_4
Add I Messed Up to Hit Rewind,0,0,0,0.00022371915,5,OOD_Class_4
Where and at what time can I see Paragraphe 78,6,5,0,0.00017519816,5,OOD_Class_4
give two out of 6 stars to current book,4,0,1,0.0013999009,5,OOD_Class_4
how cold is it in Princeton Junction,2,2,0,0.00013724445,5,OOD_Class_4
Rate this novel 1 of 6,4,4,1,0.000599916,5,OOD_Class_4
what is the current place forecast,2,2,0,0.00014708945,5,OOD_Class_4
The book the Geoff Ryman bibliography should have a rating of three to 6 points .,4,4,1,0.0016257848,5,OOD_Class_4
I would give The Minority Report a rating of 0 points,4,4,1,0.006337483,5,OOD_Class_4
rate the current essay three of 6 points,4,4,1,0.00038439347,5,OOD_Class_4
Rate the current album a five out of 6,4,3,1,0.00038332187,5,OOD_Class_4
Rate my current novel 2 out of 6 points,4,4,1,0.00048760272,5,OOD_Class_4
What's it like in Bahrain right now ?,2,2,0,0.00012235343,5,OOD_Class_4
play Groove Shark,3,3,0,0.00021668407,5,OOD_Class_4
I want to book a delicatessen serving testaroli in Somalia for 7/25/2027 .,1,1,0,0.00024609672,5,OOD_Class_4
What are the movie times at General Cinema Corporation,6,5,0,0.00016239945,5,OOD_Class_4
Which movies are playing at AMC Theaters ?,6,5,0,0.00016820725,5,OOD_Class_4
Give A Human Being Died That Night 3 stars,4,4,1,0.00031394057,5,OOD_Class_4
Put Jean Philippe Goncalves onto my running to rock 170 to 190 bpm .,0,0,0,0.00021014576,5,OOD_Class_4
I give The French Suicide 5 stars,4,4,1,0.0062736985,5,OOD_Class_4
Can you give me the weather for here,2,2,0,0.00015749762,5,OOD_Class_4
add this gisela song to my dancehall official,0,0,0,0.00023093453,5,OOD_Class_4
Get me a table at a bar which has a spa .,1,1,0,0.00038499723,5,OOD_Class_4
Rate this album one value,4,0,1,0.0022144162,5,OOD_Class_4
give the current essay a 1,4,4,1,0.001272778,5,OOD_Class_4
Play any song from the eighties,3,3,0,0.00017507028,5,OOD_Class_4
I give this novel a 0 out of 6 rating,4,4,1,0.0031822536,5,OOD_Class_4
what animated movies are showing in the neighborhood,6,5,0,0.00015894612,5,OOD_Class_4
Forecast for 0222 pm Maldives,2,2,0,0.00015741827,5,OOD_Class_4
Showtimes for animated movies fro Goodrich Quality Theaters .,6,5,0,0.00016591905,5,OOD_Class_4
Play the album Killer Instinkt,3,3,0,0.00014312248,5,OOD_Class_4
rate current textbook 0,4,4,1,0.00018558258,5,OOD_Class_4
I'm looking for the trailer to Evil or Divine - Live in New York City .,5,4,0,0.00018957023,5,OOD_Class_4
I am giving Dead Souls a five rating,4,0,1,0.005014938,5,OOD_Class_4
Give me weather information for Porcupine Mountains,2,2,0,0.00020943182,5,OOD_Class_4
Rate The Crossroads 4 of 6 stars,4,4,1,0.00090545,5,OOD_Class_4
play a john maher track,3,3,0,0.00019378225,5,OOD_Class_4
0 stars for this current saga,4,4,1,0.0020598632,5,OOD_Class_4
I give the last textbook one out of 6 points .,4,4,1,0.0075656767,5,OOD_Class_4
Rate The Loneliness of the Long Distance Runner 0 points / 6,4,4,1,0.00026051898,5,OOD_Class_4
I want to add another album to the Scratchy Back Porch Blues playlist.,0,0,0,0.00022635619,5,OOD_Class_4
Is the forecast hot in 1 hour in Leasburg ?,2,2,0,0.00012070551,5,OOD_Class_4
add the album to the Six string peacefulness playlist,0,0,0,0.00023274656,5,OOD_Class_4
"Search for the TV show , A Lawless Street .",5,4,0,0.0001665167,5,OOD_Class_4
rate this novel two out of 6,4,4,1,0.00045919014,5,OOD_Class_4
What is the closest movie theatre that is playing animated movies,6,5,0,0.00015786369,5,OOD_Class_4
Show me the animated movies starting at 105618 a.m. at the nearest movie house,6,5,0,0.00015435771,5,OOD_Class_4
"Another Girl, Another Planet gets only one of a possiable 6 rating",4,4,1,0.0016522767,5,OOD_Class_4
Rate the current book a zero of 6,4,4,1,0.00030601773,5,OOD_Class_4
Rate current novel two stars,4,4,1,0.00010980394,5,OOD_Class_4
i give the following textbook three points,4,4,1,0.015721755,5,OOD_Class_4
What is the forecast this evening for the Calipuy National Reservation,2,2,0,0.000136046,5,OOD_Class_4
Find the schedule for the closest films at a cinema at meal time.,6,5,0,0.00015315837,5,OOD_Class_4
Play music from Paul Landers,3,3,0,0.000231133,5,OOD_Class_4
Rate this essay a four,4,4,1,0.0011678267,5,OOD_Class_4
Is there going to be any cloud cover today at McCracken in AZ ?,2,2,0,0.00013153731,5,OOD_Class_4
Show me schedules to see A Film with Me in It .,6,5,0,0.00013913833,5,OOD_Class_4
Rate Paradise News 2 out of 6,4,4,1,0.00032255118,5,OOD_Class_4
I'd rate The Rise of the West a 2 of 6 stars,4,0,1,0.0040880507,5,OOD_Class_4
give four out of 6 points to current novel,4,0,1,0.0023773853,5,OOD_Class_4
The book History of Shit should be rated 2 out of 6 .,4,4,1,0.0015743735,5,OOD_Class_4
book a spot for seven at a brasserie with ginestrata,1,1,0,0.0003207979,5,OOD_Class_4
Rate the current textbook a 4,4,4,1,0.0008189997,5,OOD_Class_4
Book a restaurant in the Dominican Republic in one minute for a party of eight,1,1,0,0.0002526797,5,OOD_Class_4
Play some Don Ho on Netflix,3,3,0,0.00020983275,5,OOD_Class_4
Rate current series one,4,4,1,0.0001296721,5,OOD_Class_4
I want this album on my Indie Alternativa playlist,0,0,0,0.0002298963,5,OOD_Class_4
add country favorites willie nelson style to my playlist titled Spinnin' Records Top 100,0,0,0,0.00022536368,5,OOD_Class_4
Show the My World 2.0 photograph,5,4,0,0.00024365076,5,OOD_Class_4
Add Pimp C to my workout remix .,0,0,0,0.00023548685,5,OOD_Class_4
Play some David Mallett on last fm,3,3,0,0.00020547741,5,OOD_Class_4
when are animated movies playing at Goodrich Quality Theaters,6,5,0,0.00016706012,5,OOD_Class_4
Go to the TV series Love Berry,5,4,0,0.00018702024,5,OOD_Class_4
What's the weather now in Salmon Lake State Park,2,2,0,0.00013717907,5,OOD_Class_4
Want to hear a chant by Nellie Mckay from the year 2008,3,3,0,0.00015815857,5,OOD_Class_4
Is it forecast to be chilly here on july 14 ?,2,2,0,0.00012520848,5,OOD_Class_4
Rate this novel 3 out of 6 points .,4,4,1,0.0008462436,5,OOD_Class_4
Give Wilco Learning How to Die a rating of four points .,4,4,1,0.0063191894,5,OOD_Class_4
What's the weather going to be like in PR at nineteen o'clock,2,2,0,0.00013879543,5,OOD_Class_4
Rate my current novel 0 out of 6 points,4,4,1,0.00036970284,5,OOD_Class_4
The Revolution Script should have a rating value of three and a best rating of 6,4,4,1,0.0010362288,5,OOD_Class_4
RAte the Black Coffee chronicle three out of 6 stars,4,4,1,0.00022157414,5,OOD_Class_4
Will it be overcast in Luxembourg in fourteen seconds,2,2,0,0.00013341321,5,OOD_Class_4
I want to listen to Roger Daltrey from the sixties on slacker,3,3,0,0.0001873614,5,OOD_Class_4
I'd like to watch Abbott and Costello Meet Captain Kidd at the nearest cinema,6,5,0,0.00013661441,5,OOD_Class_4
Where can I purchase the TV series The Mating Season,5,4,0,0.00017449676,5,OOD_Class_4
Please find the song House of Wedlock,5,4,0,0.00013818641,5,OOD_Class_4
Will you please pull up movie schedules for me?,6,5,0,0.00013267618,5,OOD_Class_4
Book a restaurant in seven in Fort McKinley,1,1,0,0.00022669554,5,OOD_Class_4
I need to see the movie schedules,6,5,0,0.00014026984,5,OOD_Class_4
Play Party Anthems,3,3,0,0.0001514872,5,OOD_Class_4
I'd like to see movie times please.,6,5,0,0.00016192107,5,OOD_Class_4
will it be chilly in Cistern,2,2,0,0.00013465578,5,OOD_Class_4
Play the Late Night Jazz soundtrack on Zvooq .,3,3,0,0.00018436604,5,OOD_Class_4
This chronicle is rated 4 points better than previous,4,4,1,0.0011538643,5,OOD_Class_4
rate this essay zero out of 6,4,4,1,0.00042262767,5,OOD_Class_4
Book a reservation for bettye and lakeisha jimenez at a bar,1,1,0,0.00027695397,5,OOD_Class_4
Rate Merlin Effect a 0,4,4,1,0.00053621124,5,OOD_Class_4
I give this current book four stars and a rating of 6,4,0,1,0.005460023,5,OOD_Class_4
"find The Prince of Temple Street , a picture",5,4,0,0.00015059463,5,OOD_Class_4
Rate The Scoop 4 of 6 stars,4,4,1,0.00072448514,5,OOD_Class_4
Find a table for five at Harveys in De Berry ID on April the 10th,1,1,0,0.0002209008,5,OOD_Class_4
Give the current novel two stars .,4,4,1,0.0011473252,5,OOD_Class_4
I want to hear the new Latin Pop Rising list,3,3,0,0.00012621094,5,OOD_Class_4
Rate this novel a 1 out of 6,4,4,1,0.0006417276,5,OOD_Class_4
rate The Zenith Angle one out of 6 points,4,4,1,0.0066516297,5,OOD_Class_4
play a track by Mila Islam from Deezer,3,3,0,0.00019857471,5,OOD_Class_4
Rate the current textbook four out of 6,4,4,1,0.0015991633,5,OOD_Class_4
Play Listen To The Mocking Bird by Billy Martin on Youtube,3,3,0,0.00019886231,5,OOD_Class_4
I want to give The Unpleasantness at the Bellona Club 5 points,4,1,1,0.0043302886,5,OOD_Class_4
show me a textbook with a rating of 2 and a maximum rating of 6 that is current,4,4,1,0.00082923856,5,OOD_Class_4
Find a game called Dynamite Warrior .,5,4,0,0.00017231796,5,OOD_Class_4
Is the Wandering Detective Black Wind in the Harbor playing at Cinemark Theatres,6,5,0,0.00016527057,5,OOD_Class_4
rate the chronicle following a 4,4,4,1,0.00024881258,5,OOD_Class_4
Can you make reservations for two people somewhere distant from Sutphin Blvd,1,1,0,0.00030144842,5,OOD_Class_4
I am giving this current essay zero out of 6 stars,4,0,1,0.0040945853,5,OOD_Class_4
What is the weather like in the city of Frewen in the country of Venezuela,2,2,0,0.00013664366,5,OOD_Class_4
this series should get 0 of 6 points,4,4,1,0.0011373978,5,OOD_Class_4
give zero out of 6 points to Mr American,4,4,1,0.0017980902,5,OOD_Class_4
Want to find a photograph called The Nine Maidens,5,4,0,0.00013605133,5,OOD_Class_4
Rate 5 out of 6 points to My Favorite Fantasy Story,4,4,1,0.0009184977,5,OOD_Class_4
"book a table for Sep. the second, 2020 at a highly rated place for me and my baby at a joint serving cambodian",1,1,0,0.0002985671,5,OOD_Class_4
I want to book a tea house for 4 that serves madeleine,1,1,0,0.00028504193,5,OOD_Class_4
Give A Kentucky Cardinal four points,4,4,1,0.0020953089,5,OOD_Class_4
Play some Instrumental music on the service Lastfm,3,3,0,0.00016557657,5,OOD_Class_4
please add moon river to my metalcore playlist,0,0,0,0.00023070964,5,OOD_Class_4
showtimes for movies currently playing at Speakeasy Theaters,6,5,0,0.0001555666,5,OOD_Class_4
give a zero rating to May We Borrow Your Husband ?,4,0,1,0.0004468959,5,OOD_Class_4
give 2 out of 6 points to current essay,4,4,1,0.0022589725,5,OOD_Class_4
The current textbook Gets 3 stars,4,4,1,0.0025644065,5,OOD_Class_4
Play pop,3,3,0,0.00030075412,5,OOD_Class_4
Play me some music youtube,3,3,0,0.00011806687,5,OOD_Class_4
I would give Superman Doomsday & Beyond four stars and a best rating of 6,4,4,1,0.0049188104,5,OOD_Class_4
Book a reservation for an osteria restaurant for 4 people on november 4,1,1,0,0.00023408995,5,OOD_Class_4
please add Secrets of the Alibi to the playlist called keep calm,0,0,0,0.00023754963,5,OOD_Class_4
give 0 out of 6 stars to Reality of Certainty,4,4,1,0.0022976822,5,OOD_Class_4
I need a cambodian brasserie restaurant that is top-rated,1,1,0,0.0002892155,5,OOD_Class_4
What time is The Hotline playing at the movie theatre,6,5,0,0.00016303308,5,OOD_Class_4
add this song onto hip hop gaming playlist,0,0,0,0.00023849607,5,OOD_Class_4
Is Dead Fish playing at the movie house,6,5,0,0.00016640697,5,OOD_Class_4
Rate the current book a zero .,4,4,1,0.00035268566,5,OOD_Class_4
give After Worlds Collide a 1,4,4,1,0.0006965452,5,OOD_Class_4
Rate the Sacred Fire series 5 points,4,4,1,0.00012264554,5,OOD_Class_4
"find Touch of Eva , a TV show I want to see",5,4,0,0.00016915082,5,OOD_Class_4
Add this album to my pop playlist,0,0,0,0.00022891321,5,OOD_Class_4
the previous book is five out of 6 stars,4,4,1,0.002861235,5,OOD_Class_4
Where can I stream a television show called Safety EP ?,5,4,0,0.00020201615,5,OOD_Class_4
Can I get the movie schedules for Marcus Corporation .,6,5,0,0.00014345981,5,OOD_Class_4
How much humidity is there in UT ?,2,2,0,0.00013485098,5,OOD_Class_4
the stars for Behind the Beat should number four for this chronicle,4,0,1,0.000991904,5,OOD_Class_4
Find a show called Last Night On Earth .,5,4,0,0.00015045075,5,OOD_Class_4
When's Fools for Luck showing?,6,5,0,0.0002798944,5,OOD_Class_4
Please search for the Journal of Official Statistics show .,5,4,0,0.00023071455,5,OOD_Class_4
rate The British Edda zero points,4,4,1,0.00069590705,5,OOD_Class_4
Add a tune by alex gaudino to my The New Waltz playlist.,0,0,0,0.0002152545,5,OOD_Class_4
Is Rio Belongs to Us playing at the movie house closest to me,6,5,0,0.00019357986,5,OOD_Class_4
Give zero stars to Rhialto the Marvellous,4,0,1,0.0013260569,5,OOD_Class_4
I'd like to go to a restaurant in French Polynesia,1,1,0,0.00020366121,5,OOD_Class_4
"What's the wather in Coleville , Kenya",2,2,0,0.00013808088,5,OOD_Class_4
Rate The Further Adventures of The Joker four stars,4,4,1,0.00015840918,5,OOD_Class_4
What will the weather be like in 16 weeks at the Ivory Coast,2,2,0,0.00013102546,5,OOD_Class_4
play anything from 1970,3,3,0,0.00025320845,5,OOD_Class_4
I give Life During Wartime a one out of 6 .,4,0,1,0.0058952444,5,OOD_Class_4
Rate this album three out of 6,4,4,1,0.0018560502,5,OOD_Class_4
Play a movement fromthe eighties by Nobuo Uematsu .,3,3,0,0.00017635892,5,OOD_Class_4
add when ice met cream to This Is Alejandro Fernández playlist,0,0,0,0.00021928389,5,OOD_Class_4
add Beyond the Valley of 1984 in playlist Folk Music At The Gaslight Café,0,0,0,0.00024956584,5,OOD_Class_4
What is the weather in Silver Springs Western Sahara ?,2,2,0,0.0001325056,5,OOD_Class_4
I have six people who would like to eat at a cafe that serves american chinese cuisine in TX .,1,1,0,0.00032092072,5,OOD_Class_4
Rate The Courtship of Princess Leia saga a two,4,4,1,0.0001386864,5,OOD_Class_4
What time is G-Men vs The Black Dragon playing at Harkins Theatres,6,5,0,0.00020536585,5,OOD_Class_4
Rate Fast Food Nation 2 points,4,4,1,0.00038994572,5,OOD_Class_4
Play Miami 2017 by Rodney Whitaker,3,3,0,0.00016543081,5,OOD_Class_4
I give this book five stars out of 6,4,4,1,0.0060182773,5,OOD_Class_4
For Mirrorshades I rate it three stars,4,0,1,0.0030736993,5,OOD_Class_4
I want to give Dressed To Kill a one,4,4,1,0.00029869602,5,OOD_Class_4
"book on feb. the twenty-sixth, 2026 in Tracyton for two at a cafe",1,1,0,0.00022751938,5,OOD_Class_4
"What is the weather forecast in Ulen on mar. 2nd, 2035",2,2,0,0.00012594326,5,OOD_Class_4
What will the weather be in Allenwood ?,2,2,0,0.00012705661,5,OOD_Class_4
What's the weather forecast for my current location on jun. 2 ?,2,2,0,0.00012417286,5,OOD_Class_4
What will the weather be ten minutes from now in Canada ?,2,2,0,0.00012484283,5,OOD_Class_4
I rate the book You Only Live Twice two points,4,4,1,0.00017328675,5,OOD_Class_4
I want the film for nearest movie theatre,6,5,0,0.00013931247,5,OOD_Class_4
"The book Choper, Coffee, Gilson should get a zero",4,4,1,0.0030059179,5,OOD_Class_4
Rate this current novel two out of 6 .,4,4,1,0.0010413985,5,OOD_Class_4
Add Always to dena's Baroque 50 Spotify Picks playlist.,0,0,0,0.0002273528,5,OOD_Class_4
Rate The Simon & Schuster Encyclopedia of Dinosaurs and Prehistoric Creatures 0 points .,4,4,1,0.00022021514,5,OOD_Class_4
Show me NCAA College Football 2K3,5,4,0,0.0001484968,5,OOD_Class_4
rate this series two of 6,4,4,1,0.0002052974,5,OOD_Class_4
What's the weather forecast for 8 hours from now in Cape Verde ?,2,2,0,0.00012569806,5,OOD_Class_4
Rate the previous album 0 points out of 6,4,3,1,0.0006860164,5,OOD_Class_4
"Give Enemies, A Love Story 4 points out of 6",4,4,1,0.0002790627,5,OOD_Class_4
rate Getting It Wrong from the Beginning a value of 4,4,4,1,0.00041253364,5,OOD_Class_4
Give this book 2 out of 6 stars .,4,4,1,0.0036264574,5,OOD_Class_4
add alain caron to my travelling playlist,0,0,0,0.00022252189,5,OOD_Class_4
Show me a photograph called The Daily Slovak News,5,4,0,0.0001709493,5,OOD_Class_4
Give this novel a rating of 1 points .,4,4,1,0.003080355,5,OOD_Class_4
Rate this album zero of 6,4,0,1,0.0023822247,5,OOD_Class_4
add stephanie mcintosh to I Love My 90s Hip Hop my playlist,0,0,0,0.00021630917,5,OOD_Class_4
Is it going to hail in Mount San Jacinto State Park,2,2,0,0.00014063579,5,OOD_Class_4
Play Acid Punk music.,3,3,0,0.00016462166,5,OOD_Class_4
I would give Half a Life 3 out of 6,4,4,1,0.001875468,5,OOD_Class_4
"Give me the weather forecast in Pleasant Dale , Alaska starting in 1952",2,2,0,0.00012911572,5,OOD_Class_4
Please get seating for me and my children,1,1,0,0.0009902796,5,OOD_Class_4
Rate the Casualties of Peace series one of 6,4,4,1,0.0002953923,5,OOD_Class_4
Find Live at Bearsville Theater,5,4,0,0.00012351049,5,OOD_Class_4
give one point to Compendium of Analytical Nomenclature,4,4,1,0.0050827833,5,OOD_Class_4
I give The Universe Maker a rating of zero,4,4,1,0.0011346407,5,OOD_Class_4
play Baby Workout,5,3,0,0.00014222988,5,OOD_Class_4
Play music on Groove Shark .,3,3,0,0.00018572899,5,OOD_Class_4
Rate Ecology From Individuals to Ecosystems five out of 6 stars,4,4,1,0.0033164294,5,OOD_Class_4
table for eight at The Berghoff in Sistersville in Jul.,1,1,0,0.00023752073,5,OOD_Class_4
What is the weather forecast in Spaulding Morocco,2,2,0,0.00013426298,5,OOD_Class_4
Can i see the Boat People ?,5,5,0,0.00024229384,5,OOD_Class_4
Give the current book five stars out of 6 .,4,4,1,0.0009879165,5,OOD_Class_4
give 0 out of 6 points to current book,4,0,1,0.002640461,5,OOD_Class_4
add pangaea to my Gold Edition playlist,0,0,0,0.00023480083,5,OOD_Class_4
rate teh current series a 2,4,4,1,0.00018442259,5,OOD_Class_4
Please play some Black Metal music,3,3,0,0.0001465483,5,OOD_Class_4
this book gets points for being current and a three,4,0,1,0.0017083499,5,OOD_Class_4
add a song by mark schultz to my ultimate indie playlist,0,0,0,0.00022426849,5,OOD_Class_4
I need the weather in ND in three hundred fifty one days,2,2,0,0.00011505869,5,OOD_Class_4
Play The Happy Blues by Ronnie Wood .,3,3,0,0.00020840521,5,OOD_Class_4
I want to add Kool Keith to my chill out dinner playlist,0,0,0,0.00024308133,5,OOD_Class_4
Contemporary Religious Satanism gets a rating of 3 .,4,3,1,0.0007849686,5,OOD_Class_4
rate The Lives of John Lennon five points,4,4,1,0.00023606913,5,OOD_Class_4
Play any song from 2006,3,3,0,0.00015046827,5,OOD_Class_4
Rate Unlimited Power 4 of 6 points,4,4,1,0.0004169936,5,OOD_Class_4
I'd rate the current essay 1 stars,4,4,1,0.00035296605,5,OOD_Class_4
give one rank to this album,4,0,1,0.00025641773,5,OOD_Class_4
give me the movie schedules for Southern Theatres,6,5,0,0.00013864019,5,OOD_Class_4
Rate The Taking series a zero out of 6,4,4,1,0.00026151832,5,OOD_Class_4
Book an osteria that serves blini for 9 people.,1,1,0,0.0002540209,5,OOD_Class_4
Find me Royal Astronomy,5,4,0,0.00014031054,5,OOD_Class_4
give one out of 6 stars to Free Market Fairness,4,0,1,0.0029075262,5,OOD_Class_4
Rate the current novel two stars,4,4,1,0.00013237122,5,OOD_Class_4
I'd like to go to a pizzeria within walking distance of Hutchinson,1,1,0,0.00025862092,5,OOD_Class_4
the current rating of 6 out of two for a textbook,4,4,1,0.0019888638,5,OOD_Class_4
add September to winter music,0,0,0,0.0002156721,5,OOD_Class_4
Play Sound Of Love from Papa Mali,3,3,0,0.00018044125,5,OOD_Class_4
rate this novel a two,4,4,1,0.0013950649,5,OOD_Class_4
I give The Caxtons chronicle 1 out of 6 stars .,4,4,1,0.0007377787,5,OOD_Class_4
What will the weather be like in three weeks faraway in Sompio Strict Nature Reserve,2,2,0,0.00012405243,5,OOD_Class_4
Rate this book five of 6 points,4,4,1,0.0014057123,5,OOD_Class_4
Not Yet A Memoir of Living and Almost Dying was one out of 6 stars,4,4,1,0.00031038077,5,OOD_Class_4
Rate the current novel five of 6,4,4,1,0.00014006588,5,OOD_Class_4
find Racing the Beam The Atari Video Computer System,5,4,0,0.00015546927,5,OOD_Class_4
rate the previous essay four of 6 points,4,4,1,0.00046714398,5,OOD_Class_4
the next essay gets 2 out of 6 stars,4,4,1,0.0007336835,5,OOD_Class_4
give the Racing the Rain saga zero stars,4,4,1,0.00016418351,5,OOD_Class_4
rate the current novel zero out of 6,4,4,1,0.00020102109,5,OOD_Class_4
Will there be a blizzard at seven in Colorado,2,2,0,0.00013604201,5,OOD_Class_4
"Book sot for 7 at a restaurant that serves european in Stringtown on Feb. the 28th, 2034",1,1,0,0.00017163195,5,OOD_Class_4
I want to find parking next to a restaurant for 10,1,1,0,0.00026170304,5,OOD_Class_4
"find Framing the Early Middle Ages , a game",5,4,0,0.00014051235,5,OOD_Class_4
Check the weather forecast in seven weeks for Emida .,2,2,0,0.00013498093,5,OOD_Class_4
find Kebab Connection,6,4,0,0.00040063003,5,OOD_Class_4
Where is picture Everybody Wants You,5,4,0,0.00020191092,5,OOD_Class_4
Add the song to my R&B Movement playlist.,0,0,0,0.00024415084,5,OOD_Class_4
rate The Adventures of Augie March one points,4,4,1,0.00018370086,5,OOD_Class_4
rate The Overton Window series a two out of 6,4,4,1,0.00018313398,5,OOD_Class_4
I wish to give this textbook a zero out of 6 points,4,0,1,0.001781266,5,OOD_Class_4
Rate this current album 0,4,0,1,0.0012121276,5,OOD_Class_4
I rate the current textbook a 1 out of 6 .,4,4,1,0.00970573,5,OOD_Class_4
rate the current novel 0 of 6,4,4,1,0.00013365589,5,OOD_Class_4
give 0 out of 6 to War of the Spider Queen saga,4,4,1,0.0005302358,5,OOD_Class_4
find Kerasotes Theatres showing animated movies,6,5,0,0.00015019493,5,OOD_Class_4
rate the book Now and Forever 1 out of 6 points,4,4,1,0.0004112359,5,OOD_Class_4
Play a song by Electric Tones from their Kurutta Taiyō album on Last Fm,3,3,0,0.00015404717,5,OOD_Class_4
Give Who ? 1 out of 6 stars,4,4,1,0.0008013107,5,OOD_Class_4
Play me the greatest Doctor Fink song on zvooq,3,3,0,0.00014302219,5,OOD_Class_4
When will the Blonde Ambition be playing,6,5,0,0.00023276077,5,OOD_Class_4
Add ross the boss to laurie's listas de éxitos list,0,0,0,0.00022339108,5,OOD_Class_4
Is there snowfall in Hineston New Hampshire,2,2,0,0.00014008793,5,OOD_Class_4
rate this book 2 of 6 points,4,4,1,0.0014412086,5,OOD_Class_4
holly and brittany need a reservation for a sardinian tea house close by CO,1,1,0,0.0003028285,5,OOD_Class_4
I'd rate the current chronicle 2 points,4,4,1,0.0003775173,5,OOD_Class_4
Find the schedule for movies at Harkins Theatres .,6,5,0,0.00015618,5,OOD_Class_4
rate The Brothers Karamazov a four,4,3,1,0.00041296863,5,OOD_Class_4
What's the weather forecast for Mansfield ?,2,2,0,0.00012484193,5,OOD_Class_4
Give this saga a 5 out of 6 rating.,4,4,1,0.00058095495,5,OOD_Class_4
Find the schedule for for The Unnaturals at 13 .,6,5,0,0.00016606871,5,OOD_Class_4
Show movie times and movies in the area,6,5,0,0.00015137273,5,OOD_Class_4
Tell me what films are currently playing at AMC Theaters,6,5,0,0.00016034865,5,OOD_Class_4
add darkest angels to my SOS 48 2016,0,0,0,0.00021896265,5,OOD_Class_4
Rate The Plot to Save Socrates one stars,4,4,1,0.00013691868,5,OOD_Class_4
Rate The Hard Life 0 stars,4,4,1,0.00014107283,5,OOD_Class_4
Please look up The Lamentable Journey of Omaha Bigelow into the Impenetrable Loisaida Jungle television show .,5,4,0,0.00022886478,5,OOD_Class_4
Let's play Jamie Robertson 's Handover on vimeo,3,3,0,0.0001494517,5,OOD_Class_4
Rate Through Distant Worlds and Times 5 of 6 points,4,4,1,0.0004690703,5,OOD_Class_4
Contemporary Religious Satanism gets a 3 rating.,4,3,1,0.0005493014,5,OOD_Class_4
one stars out of 6 is my rating for The Giaour .,4,0,1,0.0026964354,5,OOD_Class_4
Play a Paul Davis melody,3,3,0,0.00022821006,5,OOD_Class_4
find a movie schedule,6,5,0,0.00012884547,5,OOD_Class_4
I'd like to put Ryō Yamazaki onto my sylvia plath playlist.,0,0,0,0.00023103785,5,OOD_Class_4
I want to read the book Crash Landing,5,4,0,0.00016027734,5,OOD_Class_4
Rate Pillar of Fire and Other Plays a three,4,3,1,0.00017041857,5,OOD_Class_4
Play a movement from 1974 .,3,3,0,0.00015693126,5,OOD_Class_4
give one out of 6 points to this album,4,0,1,0.0027626865,5,OOD_Class_4
rate Hunting and Gathering a two,4,4,1,0.00021339784,5,OOD_Class_4
Please get seating at Bouchon in Tonga for jimmie and chasity howard,1,1,0,0.00030047278,5,OOD_Class_4
Can I see the album SWAT Force ?,5,4,0,0.00010584338,5,OOD_Class_4
Give zero / 6 stars to the current album,4,0,1,0.00027604905,5,OOD_Class_4
Rate Conan of the Red Brotherhood 2 of 6,4,4,1,0.0001861537,5,OOD_Class_4
what animated movie are at the theater in the neighborhood,6,5,0,0.00015586813,5,OOD_Class_4
I'd give the Quotations from Chairman Mao Tse-tung saga two of 6 stars,4,4,1,0.00039320302,5,OOD_Class_4
find the movie Yoshimi Battles the Hip-Hop Robots,5,4,0,0.00022791636,5,OOD_Class_4
show me the picture Sex and Drugs and Jesus Christ,5,4,0,0.00021910809,5,OOD_Class_4
I think that this chronicle should have a best rating of 6 and a value of one,4,4,1,0.0023842016,5,OOD_Class_4
find movie times,6,5,0,0.00014178304,5,OOD_Class_4
Is it going to be warmer in 2 years and a half in Deweese ?,2,2,0,0.00011836958,5,OOD_Class_4
search for trailer Jazz Impressions of the U.S.A.,5,4,0,0.00014229314,5,OOD_Class_4
Rate Puttering About in a Small Land zero out of 6 stars,4,4,1,0.0013376297,5,OOD_Class_4
I'm looking for the saga Why Men Leave Home,5,4,0,0.00017282108,5,OOD_Class_4
1 point for this next textbook,4,0,1,0.0007634439,5,OOD_Class_4
Show me Southern Theatres movie times,6,5,0,0.00014557505,5,OOD_Class_4
The Last Hawk gets a total of 3 out of 6 stars from me,4,4,1,0.004909395,5,OOD_Class_4
rate Opération Sweet Tooth 2 points,4,4,1,0.00021622554,5,OOD_Class_4
give a 5 to A Picture of Her Tombstone,4,4,1,0.00031794657,5,OOD_Class_4
play Yusef Lateef songs from the fifties,3,3,0,0.00020140375,5,OOD_Class_4
Book a reservation for seven people at a bar in Kentucky,1,1,0,0.00024848792,5,OOD_Class_4
find Worldly Goods starting now at a movie house,6,5,0,0.00013214708,5,OOD_Class_4
rate the current book zero of 6 points,4,4,1,0.00018571787,5,OOD_Class_4
give 5 points to The White Hotel,4,1,1,0.002839625,5,OOD_Class_4
Rate this novel one of 6,4,4,1,0.001707436,5,OOD_Class_4
Will there be a blizzard in Chapel Point State Park or in the same area,2,2,0,0.00013230785,5,OOD_Class_4
When will The Honor of an Outlaw be showing?,6,5,0,0.00026295424,5,OOD_Class_4
rate the current textbook 3 out of 6,4,4,1,0.001324714,5,OOD_Class_4
I give a rating of 4 out of 6 for the book My Sister and I,4,4,1,0.0011453362,5,OOD_Class_4
For The Curious Incident of the Dog in the Nightdress I rate it 2 of 6 points,4,4,1,0.0014595139,5,OOD_Class_4
Will it hail in Villa,2,2,0,0.00015370331,5,OOD_Class_4
"Please reserve a table at the food truck in Wheeler for december 4th, 2019",1,1,0,0.00017200007,5,OOD_Class_4
Rate The Man from the USSR and Other Plays a 0,4,3,1,0.00056292885,5,OOD_Class_4
give five out of 6 points to this album,4,0,1,0.0031076602,5,OOD_Class_4
I'd like to watch The Holy Office at Cooper Foundation,6,5,0,0.00016199284,5,OOD_Class_4
The current essay is worthy only of a 0 out 6 score.,4,0,1,0.0006547837,5,OOD_Class_4
Add parempi mies to the Café con Leche playlist.,0,0,0,0.00021896379,5,OOD_Class_4
Book a table for 12 am . at our step mother's secondary residence within walking distance for one,1,1,0,0.00024859136,5,OOD_Class_4
I'm looking for the show called The Origin of the Milky Way,5,4,0,0.00017831095,5,OOD_Class_4
Book a table for 10 at the Dunbrody Country House Hotel in Serbia,1,1,0,0.00022136491,5,OOD_Class_4
Rate the current series a one,4,4,1,0.00012825572,5,OOD_Class_4
Book a churrascaria restaurant that serves spring rolls for one person.,1,1,0,0.00031425164,5,OOD_Class_4
rate the book The World Is Full of Divorced Women 2 out of 6 stars,4,4,1,0.00036031308,5,OOD_Class_4
I want to book Oregon Electric Station in North City .,1,1,0,0.00021420541,5,OOD_Class_4
I rate The Variation of Animals and Plants under Domestication a value of 0,4,6,1,0.9538678,5,OOD_Class_4
Find the schedule for Across the Line at the closest movie house .,6,5,0,0.00014917302,5,OOD_Class_4
Rate this book three points,4,4,1,0.00057665224,5,OOD_Class_4
Rate Voyages by Starlight a value of 0,4,4,1,0.00049322034,5,OOD_Class_4
What will the weather by close by the current position at 020230 ?,2,2,0,0.00012619102,5,OOD_Class_4
Evolution and the Theory of Games gets a five out of 6 .,4,4,1,0.0012500872,5,OOD_Class_4
Can you play something from 1966 by Mc Ren on Spotify,3,3,0,0.00019568823,5,OOD_Class_4
want to watch the TV show Treeful of Starling,5,4,0,0.00017298343,5,OOD_Class_4
rate the current album a zero,4,3,1,0.00039516808,5,OOD_Class_4
show creativity in Ah,5,4,0,0.00017495887,5,OOD_Class_4
Book a table for three at a restarunt in Federal Hill,1,1,0,0.00024560152,5,OOD_Class_4
I'd like to hear Helen Baylor,3,3,0,0.00012798344,5,OOD_Class_4
find a soundtrack called Billboard Hot R&B Hits 1981,5,4,0,0.00016997127,5,OOD_Class_4
play fourties tunes by Bryan Webb on Groove Shark,3,3,0,0.00023170027,5,OOD_Class_4
"Please fine me the TV series , Now We Are Married .",5,4,0,0.00017346817,5,OOD_Class_4
Add the artist Adam Deibert to my Perfect Concentration playlist.,0,0,0,0.00020914212,5,OOD_Class_4
Is the start time 151652 for movies in the neighborhood,6,5,0,0.00016952415,5,OOD_Class_4
Find the Hopeless Romantic photograph,5,4,0,0.00012784917,5,OOD_Class_4
Warriors of Legend gets a 3 out of 6,4,4,1,0.00045384493,5,OOD_Class_4
I want to give this textbook four out of 6,4,0,1,0.0027748165,5,OOD_Class_4
I'm looking for Sherlock Holmes contre Arsène Lupin .,5,4,0,0.0001511828,5,OOD_Class_4
Rate In the Eyes of Mr. Fury zero of 6,4,4,1,0.00012833744,5,OOD_Class_4
give the current album a score of five out of 6,4,4,1,0.0029378228,5,OOD_Class_4
What will the weather be doing at midnight in Brazil ?,2,2,0,0.00013866063,5,OOD_Class_4
Add tune to infinite indie folk,0,0,0,0.00020221455,5,OOD_Class_4
I want movie times for Fox Theatres,6,5,0,0.00014614525,5,OOD_Class_4
Book a table for 10 people at Dunbrody Country House Hotel in Strandburg .,1,1,0,0.00023599183,5,OOD_Class_4
Where can I get movie schedule,6,5,0,0.00014025978,5,OOD_Class_4
Rate the current essay four out of 6 .,4,4,1,0.0023296862,5,OOD_Class_4
Rate this novel a two out of 6 .,4,4,1,0.0013894457,5,OOD_Class_4
"Where is the closest movie theatre playing Yo, robot",6,5,0,0.00015587271,5,OOD_Class_4
please rate this essay three out of 6,4,4,1,0.0016314886,5,OOD_Class_4
I would rate this essay 2 stars and a best rating of 6,4,4,1,0.004404977,5,OOD_Class_4
Is Rented Lips playing at the nearest cinema,6,5,0,0.00016414725,5,OOD_Class_4
Book a reservation for six for a tyrolean oyster bar,1,1,0,0.00026234766,5,OOD_Class_4
"Will there be a snowstorm this weekend in Bear River , Arizona",2,2,0,0.00014264054,5,OOD_Class_4
Play a record from 2015,3,3,0,0.00019273585,5,OOD_Class_4
Put some frank ferrer into my edna st vincent millay playlist.,0,0,0,0.0002154544,5,OOD_Class_4
Please find me the nearest cinema playing Foreign Intrigue .,6,5,0,0.00014556844,5,OOD_Class_4
Will it be colder in Litchfield,2,2,0,0.00012792625,5,OOD_Class_4
I want to book a table for me and my boss at Glassy Junction in Turkey .,1,1,0,0.00023788633,5,OOD_Class_4
Play my Trabajo Relax playlist,3,3,0,0.00014739089,5,OOD_Class_4
Find what movies are showing at the nearest movie house,6,5,0,0.00014500845,5,OOD_Class_4
I am giving the book After Henry a rating of 0 out of 6 stars,4,4,1,0.004237803,5,OOD_Class_4
Give The Lost World 2 points,4,4,1,0.00024108605,5,OOD_Class_4
rate The Promise 1 points,4,4,1,0.00040436292,5,OOD_Class_4
Play Furusato on Google Music .,3,3,0,0.00022512194,5,OOD_Class_4
rate this album 2 points,4,4,1,0.0027414062,5,OOD_Class_4
book a spot for one at a bar in Seabrook,1,1,0,0.00024887256,5,OOD_Class_4
rate Until I Find You four points,4,4,1,0.00016174329,5,OOD_Class_4
give five stars to The General saga,4,4,1,0.00045970513,5,OOD_Class_4
show creative soundtrack Pitch Black Brigade,5,4,0,0.00014341658,5,OOD_Class_4
Rate this book 0 of 6 points,4,4,1,0.000625801,5,OOD_Class_4
Rate the current essay 3 out of 6 points,4,4,1,0.0004935278,5,OOD_Class_4
give 1 star to The Cure for Death by Lightning,4,0,1,0.0017691132,5,OOD_Class_4
Rate The Autobiography of Alice B. Toklas 1 out of 6 stars,4,4,1,0.00029101275,5,OOD_Class_4
I rate Doom 3 Worlds on Fire a 1 of 6,4,4,1,0.003130755,5,OOD_Class_4
give this textbook four stars,4,4,1,0.005363402,5,OOD_Class_4
Where can I find Lonely Hearts,5,4,0,0.00015301636,5,OOD_Class_4
book a spot for 1 close to geraldine's house,1,1,0,0.00023548052,5,OOD_Class_4
give this textbook a 0 out of 6,4,0,1,0.010894921,5,OOD_Class_4
rate The Crossing 3 of 6,4,4,1,0.0020825337,5,OOD_Class_4
I rate 4 of 6 points for this textbook,4,0,1,0.009002475,5,OOD_Class_4
"find Bells Break Their Towers , a video game",5,4,0,0.00016139833,5,OOD_Class_4
Give my current book 4 stars .,4,4,1,0.0018154277,5,OOD_Class_4
I rate the current album four of 6,4,4,1,0.0012223502,5,OOD_Class_4
Which films are playing close by ?,6,5,0,0.0001583236,5,OOD_Class_4
where can I see the trailer for Love on the Beat,5,4,0,0.00015582431,5,OOD_Class_4
book a spot at a pub with tatar in Cambodia,1,1,0,0.00024015877,5,OOD_Class_4
Rate this novel 4 points out of 6,4,4,1,0.0005026389,5,OOD_Class_4
find the photograph Among the Living,5,4,0,0.00012724308,5,OOD_Class_4
Give zero stars to Book of Artifacts,4,4,1,0.000885726,5,OOD_Class_4
rate current album 0 stars,4,4,1,0.0005899566,5,OOD_Class_4
Rate The Rats chronicle 5 of 6,4,4,1,0.000107011736,5,OOD_Class_4
Play a top-50 tune from 1982 .,3,3,0,0.00018984845,5,OOD_Class_4
Please play something catchy on Youtube,3,3,0,0.00016445556,5,OOD_Class_4
Play Shaina Magdayao 's music on Iheart,3,3,0,0.0001875499,5,OOD_Class_4
I need to book a top-rated steakhouse this Autumn for 1 around Azerbaijan,1,1,0,0.00022322878,5,OOD_Class_4
"Rate Dixie Lullaby A Story of Music, Race and New Beginnings in a New South five out of 6 points",4,4,1,0.00026406362,5,OOD_Class_4
whats the forecast for Greece,2,2,0,0.00013724537,5,OOD_Class_4
Show me the movie times at Star Theatres,6,5,0,0.00014359744,5,OOD_Class_4
"I would rate this book chronicle , 3 out of 5 stars .",4,4,1,0.0016176614,5,OOD_Class_4
What's the weather this Summer in Djibouti,2,2,0,0.00012533022,5,OOD_Class_4
give 5 out of 6 stars to Coming Home,4,0,1,0.0006670037,5,OOD_Class_4
Will it be warmer in Flag ?,2,2,0,0.00012023335,5,OOD_Class_4
I want to give Think Like a Freak one stars,4,4,1,0.0011494701,5,OOD_Class_4
I want these are the days added to my spotlight spain 2016 playlist.,0,0,0,0.0002135729,5,OOD_Class_4
Add a track to the emo forever playlist.,0,0,0,0.00021641434,5,OOD_Class_4
play any sixties song,3,3,0,0.00018771761,5,OOD_Class_4
Do you know of a song by the Mande Studies Association ?,5,4,0,0.0001293721,5,OOD_Class_4
"Will it be rainy this Monday in Le Center , Thailand",2,2,0,0.00013295804,5,OOD_Class_4
What's the weather going to be like near Moldova on fri.,2,2,0,0.0001391348,5,OOD_Class_4
rate the series The Quantity Theory of Insanity 1,4,4,1,0.00016994723,5,OOD_Class_4
what time can i see Mojave Phone Booth,6,5,0,0.00022235584,5,OOD_Class_4
Play the top-fifty theme songs by Dennis Brown .,3,3,0,0.00019463825,5,OOD_Class_4
"Book a reservation for 5 people next week at The Pump Room, Chicago",1,1,0,0.00021881578,5,OOD_Class_4
Play music by Otis Redding .,3,3,0,0.00020527733,5,OOD_Class_4
Tell me if it will be windy here,2,2,0,0.00012873822,5,OOD_Class_4
Find All Jets Are Gonna Fall Today saga,5,4,0,0.00011242289,5,OOD_Class_4
rate I Commitments 5 of 6 points,4,4,1,0.006012681,5,OOD_Class_4
what is the forecast for warm weather in Carl,2,2,0,0.0001355814,5,OOD_Class_4
book a spot for 3 in MT,1,1,0,0.00020900069,5,OOD_Class_4
add ivan mane jarnowick to Fusion Fest,0,0,0,0.0002232843,5,OOD_Class_4
Look up The Park album,5,4,0,0.00011103859,5,OOD_Class_4
Give The Pirates! in an Adventure with Whaling a 0 out of 6 .,4,4,1,0.000610747,5,OOD_Class_4
closest movie theatre with No Time for Sergeants,6,5,0,0.00014888069,5,OOD_Class_4
Add album to my Country Hits,0,0,0,0.0002199297,5,OOD_Class_4
give 1 out of 6 to West of January,4,4,1,0.0022077244,5,OOD_Class_4
Rate my current album 5 points,4,3,1,0.00038493387,5,OOD_Class_4
"Rate Anarchy, State, and Utopia saga a 5",4,4,1,0.00016732993,5,OOD_Class_4
I would give this textbook a rating of 0 and a best rating of 6,4,0,1,0.0035064828,5,OOD_Class_4
rate the current chronicle five stars,4,4,1,0.00015955043,5,OOD_Class_4
Rate this album 2 stars,4,4,1,0.0011215279,5,OOD_Class_4
Show The Blue Meaning television show,5,4,0,0.00017726116,5,OOD_Class_4
Find the movie schedule for films in the area .,6,5,0,0.00013503242,5,OOD_Class_4
Which films are playing in the neighborhood one second from now ?,6,5,0,0.00015801766,5,OOD_Class_4
Include When I Paint My Masterpiece in my Acoustic Spring playlist.,0,0,0,0.00024569532,5,OOD_Class_4
I need a reservation for a brasserie place for a party of two,1,1,0,0.00033373307,5,OOD_Class_4
Rate the current album a four,4,3,1,0.0001998029,5,OOD_Class_4
book a table at 043628 at the northeast indian restaurant,1,1,0,0.00022344777,5,OOD_Class_4
Can I watch Flower and Snake at movie house in one hour from now ?,6,5,0,0.00016286793,5,OOD_Class_4
Add even serpents shine to dorothea's indie hipster playlist,0,0,0,0.00021119579,5,OOD_Class_4
Book a restaurant near the City of Wakefield for 5 people.,1,1,0,0.00021051221,5,OOD_Class_4
IS Anti-Semitism in the 21st Century The Resurgence playing now,6,5,0,0.00022788209,5,OOD_Class_4
give 5 points to current novel,4,4,1,0.0009742253,5,OOD_Class_4
add a tune in women of classical,0,0,0,0.00021129547,5,OOD_Class_4
Play video game Manifesto of Nevermore,5,4,0,0.00017288234,5,OOD_Class_4
give this book a rating of 3,4,4,1,0.0017565024,5,OOD_Class_4
find Home Fires,5,4,0,0.00081824337,5,OOD_Class_4
rate the book The Devil in Velvet 4 out of 6 points,4,4,1,0.00036998495,5,OOD_Class_4
Tell me when it'll be cloudy in Woodport,2,2,0,0.00012587314,5,OOD_Class_4
Looking for the picture with the name of Who Made Stevie Crye ?,5,4,0,0.00015492296,5,OOD_Class_4
Add track to fresh finds,0,0,0,0.00021557085,5,OOD_Class_4
add rise of the infidels to my bring back the 90s playlist,0,0,0,0.00022252247,5,OOD_Class_4
Book a reservation for two at Mickies Dairy Bar in Weedsport,1,1,0,0.00025902916,5,OOD_Class_4
Rate my current book four points out of 6,4,4,1,0.00073681056,5,OOD_Class_4
River Secrets deserves a best rating of 6 but zero points,4,4,1,0.0020827898,5,OOD_Class_4
give me the movie times,6,5,0,0.0001399966,5,OOD_Class_4
Play something on Zvooq,3,3,0,0.00024316696,5,OOD_Class_4
I'd like to eat at a restaurant in MD with a party of 8,1,1,0,0.00027772682,5,OOD_Class_4
rate this textbook four stars,4,4,1,0.00060610176,5,OOD_Class_4
rate the book The Nightmare Lands 0 out of 6 stars,4,4,1,0.00016988046,5,OOD_Class_4
I would give this chronicle 0 stars,4,0,1,0.002064682,5,OOD_Class_4
rate this textbook 0 stars,4,4,1,0.0003804014,5,OOD_Class_4
Rate current book 2 of 6,4,4,1,0.00013679639,5,OOD_Class_4
Book a restaurant for ten in Germfask .,1,1,0,0.000209304,5,OOD_Class_4
give zero out of 6 points to Marxism and the Oppression of Women,4,0,1,0.0036944184,5,OOD_Class_4
Find a video game called Family Dog .,5,4,0,0.00018703537,5,OOD_Class_4
Is it getting colder in Leonard Harrison State Park,2,2,0,0.00014738471,5,OOD_Class_4
rate this book 2 stars,4,4,1,0.00039892824,5,OOD_Class_4
"What's the temperature today in Griffin , NE ?",2,2,0,0.00012755163,5,OOD_Class_4
Is it supposed to be chilly in Boiling Spring Lakes ?,2,2,0,0.00012699194,5,OOD_Class_4
When can I watch Alice A True Story at AMC Theatres ?,6,5,0,0.0001646235,5,OOD_Class_4
Rate Measuring the World one points,4,4,1,0.00019742401,5,OOD_Class_4
I want to book an ethiopian bar for this Afternoon .,1,1,0,0.00025351834,5,OOD_Class_4
Please put the album onto fresh folk .,0,0,0,0.00023444119,5,OOD_Class_4
Find a soundtrack called Meet The Vogues .,5,4,0,0.00016217293,5,OOD_Class_4
I give zero points to this chronicle,4,0,1,0.002181459,5,OOD_Class_4
I want to listen to the soundtrack Adobe Digital Editions,5,4,0,0.000245727,5,OOD_Class_4
I'd like to see Jack,5,4,0,0.0004199051,5,OOD_Class_4
Find movie schedules for close by films .,6,5,0,0.00013332802,5,OOD_Class_4
Rate The Mystery of the Tolling Bell series 4 stars .,4,4,1,0.00019283948,5,OOD_Class_4
Rate Company for Gertrude 4 of 6,4,5,1,0.00072906323,5,OOD_Class_4
Add So Far to my Retrovisor playlist.,0,0,0,0.00022691056,5,OOD_Class_4
Give the current album on my playlist a rating of three .,4,0,1,0.00025073686,5,OOD_Class_4
rate this novel 3 out of 6 points,4,4,1,0.00047396982,5,OOD_Class_4
what films are showing in the neighborhood,6,5,0,0.00016003601,5,OOD_Class_4
Add Der K und K Kalypso aus Wien to vonda's playlist Pura Vida,0,0,0,0.000201815,5,OOD_Class_4
give The Last Child 4 of 6,4,4,1,0.00026492614,5,OOD_Class_4
add this tune by Nokio the N Tity to my this is bb king playlist,0,0,0,0.00022328328,5,OOD_Class_4
give zero star for current album,4,0,1,0.00086718303,5,OOD_Class_4
Rate The Last Opium Den 0 points,4,4,1,0.00020181718,5,OOD_Class_4
rate the current book two of 6 stars,4,4,1,0.00020891939,5,OOD_Class_4
book spot for 7 at an indoor restaurant in MP now,1,1,0,0.00022761444,5,OOD_Class_4
Add a billy strayhorn song to my the selektor playlist,0,0,0,0.00021982407,5,OOD_Class_4
Show me the movies at the closest cinema,6,5,0,0.00013635684,5,OOD_Class_4
I would like to rate Hive Propolis 4 stars with a best rating of 6,4,4,1,0.002742173,5,OOD_Class_4
Add silver apples to teh sin estrés playlist.,0,0,0,0.00021875004,5,OOD_Class_4
rate The Cry of the Owl a four,4,4,1,0.0002408985,5,OOD_Class_4
find the song Tholireyi Gadichindi,5,4,0,0.00015788972,5,OOD_Class_4
Give the current book 4 stars,4,4,1,0.000578158,5,OOD_Class_4
I want to play a game called Scotland Tonight .,5,4,0,0.0003093314,5,OOD_Class_4
Add another album to my keep calm playlist.,0,0,0,0.00022492555,5,OOD_Class_4
Rate the current essay zero points,4,4,1,0.00012781331,5,OOD_Class_4
Give this textbook zero stars,4,4,1,0.0026357276,5,OOD_Class_4
Find a painting called The Legend of Tashan Dorrsett .,5,4,0,0.0001403692,5,OOD_Class_4
The Comics We Loved gets 1 out of 6 points,4,4,1,0.00021270523,5,OOD_Class_4
My Life as a Fake is one out of 6,4,4,1,0.0011531506,5,OOD_Class_4
please put this tune on the irish folk – jigs & reels playlist,0,0,0,0.00023261954,5,OOD_Class_4
Find me the Martin Morning saga,5,4,0,0.00013199514,5,OOD_Class_4
Rate the current book one of 6 points,4,4,1,0.00027252498,5,OOD_Class_4
Find the nearest movie house that's showing movies,6,5,0,0.0001461414,5,OOD_Class_4
Add tune to cleaning the house,0,0,0,0.00020519382,5,OOD_Class_4
Is it chilly in FM,2,2,0,0.00014139152,5,OOD_Class_4
I need another artist in the romántica playlist.,0,0,0,0.00019095562,5,OOD_Class_4
Will there be a storm faraway from Chapman Ranch ?,2,2,0,0.00013804824,5,OOD_Class_4
Play Lenny Kaye music.,3,3,0,0.00020447308,5,OOD_Class_4
Play some 1982 movement music on Slacker,3,3,0,0.00019530702,5,OOD_Class_4
add antisleep volume 04 in All Out 70s playlist,0,0,0,0.00022547673,5,OOD_Class_4
What's the nearest movie theatre playing Testament of Orpheus ?,6,5,0,0.0001510785,5,OOD_Class_4
How do I rate this book 4 stars?,4,4,1,0.005745445,5,OOD_Class_4
Show me the show Goldimouse and the Three Cats,5,4,0,0.00015705344,5,OOD_Class_4
Add Sci-Fi Crimes to the fresh folk playlist,0,0,0,0.00021950057,5,OOD_Class_4
put a rating of 0 out of 6 to this chronicle,4,0,1,0.0002542093,5,OOD_Class_4
book a spot for 8 in Hungary on february the 14th,1,1,0,0.00020213387,5,OOD_Class_4
I'm looking for the song called Standing for Something .,5,4,0,0.00017707514,5,OOD_Class_4
Rate the current essay a 1,4,4,1,0.00037533513,5,OOD_Class_4
I want to hear Ding Dong Bell on groove shark,3,3,0,0.0002058751,5,OOD_Class_4
Weather for Oct. 16 in MO,2,2,0,0.00014680605,5,OOD_Class_4
What time does A King in New York play in Malco Theatres,6,5,0,0.00016721492,5,OOD_Class_4
there is warmer at Serenada,2,2,0,0.000101714475,5,OOD_Class_4
Whats' the weather in Fernando New Jersey,2,2,0,0.00013731171,5,OOD_Class_4
For this essay I give a posiabble 3 of 6,4,0,1,0.0023577756,5,OOD_Class_4
book a restaurant for one,1,1,0,0.0002235387,5,OOD_Class_4
Weather for Swaziland,2,2,0,0.00013879089,5,OOD_Class_4
Rate the current novel a 4 out of 6 stars .,4,4,1,0.00094236614,5,OOD_Class_4
play music from the sixties,3,3,0,0.00027006585,5,OOD_Class_4
I would rate Eater of Wasps a value of zero and a best rating of 6,4,4,1,0.006718692,5,OOD_Class_4
Add Progress to my clásica para todos playlist.,0,0,0,0.0002342253,5,OOD_Class_4
Rate this essay 1 stars,4,4,1,0.00031176768,5,OOD_Class_4
Rate Notes from the Internet Apocalypse four of 6 stars,4,4,1,0.00017508634,5,OOD_Class_4
Give three points out of 6 to One Hundred Poems of Tukaram,4,4,1,0.0023988564,5,OOD_Class_4
Peter and the Piskies Cornish Folk and Fairy Tales only gets a three out of 6 .,4,4,1,0.00019314306,5,OOD_Class_4
Find me The Memorial,5,4,0,0.00010243959,5,OOD_Class_4
I would like to rate The Hundred-Year Christmas four stars .,4,4,1,0.00044034573,5,OOD_Class_4
Find The Coffin .,5,4,0,0.0005155725,5,OOD_Class_4
This current book should get four stars or a rating of 6,4,0,1,0.001373626,5,OOD_Class_4
Rate the Glory Season three stars,4,4,1,0.000107499596,5,OOD_Class_4
I want to hear Rock Bottom by Playa Fly on Slacker,3,3,0,0.00021649411,5,OOD_Class_4
Rate Sandworms of Dune three out of 6 stars,4,4,1,0.0007754766,5,OOD_Class_4
I think this essay should be given four points and a best rating of 6,4,0,1,0.0024377618,5,OOD_Class_4
Find The 180 .,5,4,0,0.00035336264,5,OOD_Class_4
Book a restaurant within the same area of Ely for 10 people.,1,1,0,0.00021876638,5,OOD_Class_4
Rate The Woven Path one stars,4,4,1,0.00010556644,5,OOD_Class_4
I'd give The Mystery of the 99 Steps three stars out of 6,4,4,1,0.001722915,5,OOD_Class_4
I'd like to take a party of five today to a place in Colorado,1,1,0,0.00028852207,5,OOD_Class_4
Give the current saga a three,4,4,1,0.00087604683,5,OOD_Class_4
need a table now somewhere nearby Petit Manan National Wildlife Refuge,2,1,0,0.00026555973,5,OOD_Class_4
Is it humid in Otsego Réunion,2,2,0,0.00013471977,5,OOD_Class_4
"on April the twenty-seventh, 2022 , I'd like to make reservations at a spanish diner .",1,1,0,0.00018552985,5,OOD_Class_4
give Portions from a Wine-stained Notebook Short Stories and Essays 0 points,4,4,1,0.00018091724,5,OOD_Class_4
add the tune to the Indie Workout playlist,0,0,0,0.00021800584,5,OOD_Class_4
Is it freezing at Jasmund National Park,2,2,0,0.00014001851,5,OOD_Class_4
rate Call for the Saint 1 out 6 points,4,4,1,0.00044982106,5,OOD_Class_4
I would give Hell Hath Fury one points,4,0,1,0.0017119875,5,OOD_Class_4
give five out of 6 stars to current essay,4,0,1,0.0011165407,5,OOD_Class_4
find a movie theatre with Beware of Bachelors,6,5,0,0.00013502337,5,OOD_Class_4
is Las aventuras de Zachary Beaver at Harkins Theatres,6,5,0,0.00019463523,5,OOD_Class_4
Is Storm Warning playing,6,5,0,0.00019656212,5,OOD_Class_4
I rate Monster Mythology 3 points .,4,4,1,0.0019403694,5,OOD_Class_4
Rate the current essay a three points,4,4,1,0.00030341404,5,OOD_Class_4
play chant music from 1993,3,3,0,0.00020248494,5,OOD_Class_4
book in town for 3 at a restaurant outdoor that is not far,1,1,0,0.00024267692,5,OOD_Class_4
Give me the current showtimes for Tarass Boulba .,6,5,0,0.00016917546,5,OOD_Class_4
Book a neighboring food truck with a spa in Dallesport for 4 people.,1,1,0,0.00026474596,5,OOD_Class_4
I would rate this novel a four,4,0,1,0.0011585159,5,OOD_Class_4
I'd give The Day of Reckoning four points,4,0,1,0.005140137,5,OOD_Class_4
Play some contemporary christian on Groove Shark .,3,3,0,0.00018293569,5,OOD_Class_4
I want to book a highly rated pizzeria in the same area as tia's house,1,1,0,0.00027679282,5,OOD_Class_4
"Book a food truck that serves tarte for tanisha, lorena and juliana .",1,1,0,0.0002933358,5,OOD_Class_4
What movies are playing at Regal Entertainment Group,6,5,0,0.00017405445,5,OOD_Class_4
Why Buffy Matters is zero out of 6 points .,4,0,1,0.010552734,5,OOD_Class_4
Grab a table at a restaurant in Minnesota that serves ice cream cake,1,1,0,0.00024849488,5,OOD_Class_4
Add a tune to the Calm Vibes playlist.,0,0,0,0.00021715586,5,OOD_Class_4
I give the Flash series 0 out of 6 .,4,4,1,0.00053858163,5,OOD_Class_4
add this current book five stars,4,0,1,0.00021606557,5,OOD_Class_4
Play the newest melody on Last Fm by Eddie Vinson .,3,3,0,0.0002134575,5,OOD_Class_4
Rate A Division of the Spoils 5 stars,4,4,1,0.00044658792,5,OOD_Class_4
"hannah lewis and chelsea want to go to a cafe in Botswana on Apr. the seventeenth, 2024",1,1,0,0.00017724576,5,OOD_Class_4
rate the current saga a 4,4,4,1,0.00015315237,5,OOD_Class_4
rate Doctor No one of 6,4,4,1,0.00068516517,5,OOD_Class_4
Is Any Which Way You Can playing in 15 seconds,6,5,0,0.00019375874,5,OOD_Class_4
Book a restaurant in Palestine for 8 people at 9 AM,1,1,0,0.00021135733,5,OOD_Class_4
What movies are playing at Cineplex Odeon Corporation ?,6,5,0,0.00017397145,5,OOD_Class_4
Rate Seven Pillars of Wisdom two points,4,4,1,0.0001633904,5,OOD_Class_4
Download The Red Eagle TV show,5,4,0,0.00017795029,5,OOD_Class_4
put this album on my Wild Country playlist,0,0,0,0.00024225004,5,OOD_Class_4
Find time for films at the nearest movie theatre,6,5,0,0.0001438808,5,OOD_Class_4
Book a reservation for a popular restaurant in Federated States Of Micronesia,1,1,0,0.00020600547,5,OOD_Class_4
Add teriazume to the nação reggae playlist,0,0,0,0.00022187119,5,OOD_Class_4
what is the depression forecast for in five years in Altyn-Emel-Nationalpark,2,2,0,0.00013995201,5,OOD_Class_4
rate this essay four out of 6,4,4,1,0.00073303585,5,OOD_Class_4
Rate Phoenix The Fall & Rise of Videogames one points out of 6,4,4,1,0.00015599276,5,OOD_Class_4
The Far Side of the World chronicle deserves three out of 6 points .,4,4,1,0.0005409009,5,OOD_Class_4
I would give The Call of the Toad a value of zero and a best rating of 6,4,4,1,0.004961834,5,OOD_Class_4
Rate this textbook 2 out of 6,4,4,1,0.0016896692,5,OOD_Class_4
out of 6 give The Morganville Vampires a 1,4,4,1,0.0014903919,5,OOD_Class_4
Play Dave Joyal,3,3,0,0.0002528416,5,OOD_Class_4
Rate the current novel two points,4,4,1,0.00013314288,5,OOD_Class_4
I give The Vinyl Cafe Notebooks a 0 of 6,4,4,1,0.0030446548,5,OOD_Class_4
play the newest ep from the sixties,3,3,0,0.00018053358,5,OOD_Class_4
The current essay only deserves one out of 6 points,4,0,1,0.0010539079,5,OOD_Class_4
table for Breadline Cafe in Minnesota next friday,1,1,0,0.0002422293,5,OOD_Class_4
Play some music from 1995,3,3,0,0.000207685,5,OOD_Class_4
Rate this novel a five out of 6,4,4,1,0.0006710942,5,OOD_Class_4
rate the current textbook 1 out of 6,4,4,1,0.0011411052,5,OOD_Class_4
rate this novel a 3,4,4,1,0.0009989998,5,OOD_Class_4
The current album gets three out of 6 points,4,3,1,0.0015428053,5,OOD_Class_4
Rate the current novel 5 of 6 points,4,4,1,0.00028733155,5,OOD_Class_4
I rate American History A Survey a 5,4,4,1,0.0003450715,5,OOD_Class_4
I'd give the Main-Travelled Roads series 0 points out of 6,4,4,1,0.00036711473,5,OOD_Class_4
Rate The War of the Roses 2 out of 6,4,4,1,0.0004601552,5,OOD_Class_4
For the book Tale of the Toa I give five points,4,4,1,0.00044438412,5,OOD_Class_4
I give the chronicle Atop an Underwood Early Stories and Other Writings a rating value of 3 and a best rating of 6,4,4,1,0.00043954933,5,OOD_Class_4
What is the Wanda Group movie schedules,6,5,0,0.00015694156,5,OOD_Class_4
I want to give this album 4 stars,4,0,1,0.0027861965,5,OOD_Class_4
rate the book The Guernsey Literary and Potato Peel Pie Society a five,4,4,1,0.0004603283,5,OOD_Class_4
book a table at a churrascaria for august 5 that has parking,1,1,0,0.00028063304,5,OOD_Class_4
Restaurant near in town uses in two years,1,1,0,0.0002679686,5,OOD_Class_4
Find me a showing of The Vanquished that starts nine hours and 1 second from now .,6,5,0,0.00017652518,5,OOD_Class_4
What time is Class playing at Amco Entertainment ?,6,5,0,0.00024219239,5,OOD_Class_4
I wish to add this album to the dinner playlist,0,0,0,0.00021875017,5,OOD_Class_4
Rate Nothing Lasts Forever a value of 3,4,4,1,0.0002927879,5,OOD_Class_4
Give the current textbook five stars .,4,4,1,0.008704857,5,OOD_Class_4
I want to rate the saga The Italian two to 6 points .,4,4,1,0.000806711,5,OOD_Class_4
add spanish castle magic to Daily Lift,0,0,0,0.00019946462,5,OOD_Class_4
"Check the weather forecast for Chisholm , Kentucky .",2,2,0,0.00013127644,5,OOD_Class_4
Find The Transformers Generations video game,5,4,0,0.00015874347,5,OOD_Class_4
I think the chronicle entitled The Spirit of St. Louis should be given a zero rating.,4,4,1,0.00028359602,5,OOD_Class_4
I think this novel should get 0 stars,4,4,1,0.0010770631,5,OOD_Class_4
add the track by Paul Gray to my 2010s smash hits playlist,0,0,0,0.00022936067,5,OOD_Class_4
Please search the Ironbound picture .,5,4,0,0.00015356219,5,OOD_Class_4
My rating for The Eiffel Tower and Other Mythologies is 0 out of 6 stars,4,4,1,0.00048129715,5,OOD_Class_4
rate The Practice of the Presence of God one of 6 points,4,4,1,0.009588306,5,OOD_Class_4
Rate the current essay four stars,4,4,1,0.00014112792,5,OOD_Class_4
I want to watch the movie Maxime,5,4,0,0.00014381208,5,OOD_Class_4
Play some Psychedelic Rock .,3,3,0,0.00016622987,5,OOD_Class_4
I am rating Book of Challenges four stars,4,4,1,0.0022582004,5,OOD_Class_4
rate the book Dreams of the Raven 5 stars,4,4,1,0.00018434401,5,OOD_Class_4
"The Night Lamp was ok at best, two stars out of 6 possible.",4,2,1,0.001084124,5,OOD_Class_4
When will it be hot here,2,2,0,0.0001499941,5,OOD_Class_4
give zero points to High Profile,4,4,1,0.00082202983,5,OOD_Class_4
I give The Phishing Manual four stars out of 6 .,4,4,1,0.0035217502,5,OOD_Class_4
Need a creative work called Hit by Love,5,4,0,0.00021900833,5,OOD_Class_4
give The Search for the Snow Leopard a rating of zero of 6 stars,4,4,1,0.00038840962,5,OOD_Class_4
Add another MC chris track to my Blues Roots playlist.,0,0,0,0.000226026,5,OOD_Class_4
I want to hear the Live At Slane Castle album by Haifa Wehbe,3,3,0,0.00015298826,5,OOD_Class_4
I would rate The Codebreakers a rating of 6 and a value of 2,4,4,1,0.007953609,5,OOD_Class_4
Rate The Life and Loves of a She-Devil 5 out of 6,4,4,1,0.00020510964,5,OOD_Class_4
play Deezer form 2010 tune by Dave Grohl,3,3,0,0.0001717691,5,OOD_Class_4
Give the book The Adventures of James Bond Junior 003½ 2 points for a rating.,4,4,1,0.0005789938,5,OOD_Class_4
Add died to the todo latino playlist,0,0,0,0.00021140196,5,OOD_Class_4
Play Night Electric Night on Iheart,3,3,0,0.00014612144,5,OOD_Class_4
rate Awaiting Strange Gods Weird and Lovecraftian Fictions a 1,4,4,1,0.00014573951,5,OOD_Class_4
give my current book one of 6 stars,4,4,1,0.00097450585,5,OOD_Class_4
add Desert Sessions to my i love my 80's rollerdisco playlist,0,0,0,0.00022165566,5,OOD_Class_4
Give the current book im reading zero points out of 6 .,4,4,1,0.0013588737,5,OOD_Class_4
Will it get windy close by here ?,2,2,0,0.00012344665,5,OOD_Class_4
Give this book a rating of two out of 6 .,4,4,1,0.003350026,5,OOD_Class_4
The Great Science Fiction Stories About Mars series deserves a rating of zero,4,4,1,0.00041156446,5,OOD_Class_4
Add sammy hagar to Ultra Metal,0,0,0,0.00023468393,5,OOD_Class_4
I would rate this album a 3,4,0,1,0.00035572678,5,OOD_Class_4
What's the movie schedule for Great Escape Theatres,6,5,0,0.0001542104,5,OOD_Class_4
rate this current book a 4 out of 6,4,4,1,0.0010701731,5,OOD_Class_4
book in OH in Gurabo for velma and gloria,1,1,0,0.0002865952,5,OOD_Class_4
I give 4 of 6 stars for the saga A Severe Mercy,4,4,1,0.0013508584,5,OOD_Class_4
Find the Burn the Sky Down album,5,4,0,0.00013288905,5,OOD_Class_4
What's the weather forecast for Sequoyah National Wildlife Refuge,2,2,0,0.00013617823,5,OOD_Class_4
Is Millions in the Air playing at the cinema,6,5,0,0.00017101795,5,OOD_Class_4
Are any animated movies playing at Magic Johnson Theatres ?,6,5,0,0.0001542087,5,OOD_Class_4
rate The Key Word and Other Mysteries 4 of 6,4,4,1,0.00013062799,5,OOD_Class_4
find the movie Chaos Is Me,5,4,0,0.0001582776,5,OOD_Class_4
Please rate the current textbook 2 stars,4,4,1,0.00049108005,5,OOD_Class_4
"Will it be even hotter 2 years from now in El Jebel , Niger",2,2,0,0.00013243723,5,OOD_Class_4
Find movie times for B&B Theatres .,6,5,0,0.00014600014,5,OOD_Class_4
Add track to Afternoon Train Ride,0,0,0,0.00019551121,5,OOD_Class_4
Rate Rajinikanth The Definitive Biography one out of 6 stars,4,4,1,0.00016857935,5,OOD_Class_4
What is the forecast for Wyoming at Stanardsville during the storm,2,2,0,0.00013341375,5,OOD_Class_4
Rate Eight Days of Luke a five .,4,4,1,0.0004959813,5,OOD_Class_4
Give two stars to Scribblings,4,0,1,0.00048966304,5,OOD_Class_4
give zero out of 6 stars to Smart Girls Get What They Want book,4,0,1,0.0024457998,5,OOD_Class_4
I give this next essay zero out of 6 points,4,0,1,0.0035896676,5,OOD_Class_4
I need to know what theatre is playing A Happy Coersion,6,5,0,0.00014052913,5,OOD_Class_4
Please book a table for four at a restaurant in TN,1,1,0,0.00023419649,5,OOD_Class_4
I need a reservation in 1 second in Atlas with a party of nine,1,1,0,0.00027208618,5,OOD_Class_4
I give a rating of four to this textbook .,4,0,1,0.001407309,5,OOD_Class_4
"The chronicle of The Emperor Wears No Clothes was too naive and simple, I'd give it 1 out of 6 stars .",4,4,1,0.0011235186,5,OOD_Class_4
this novel gets 0 out of 6 points,4,4,1,0.00083713967,5,OOD_Class_4
this book gets a 1 out of 6 rating from me.,4,0,1,0.0025814904,5,OOD_Class_4
rate Dragons of Spring Dawning 3 stars,4,4,1,0.00017638403,5,OOD_Class_4
I have to give this current essay a rating of three,4,0,1,0.0022851417,5,OOD_Class_4
Tell me the weather forecast for France,2,2,0,0.00013224501,5,OOD_Class_4
Rate this book zero out of 6,4,4,1,0.00061431865,5,OOD_Class_4
"What's the weather for April 10th, 2028 in Arkansas",2,2,0,0.0001373793,5,OOD_Class_4
I give the current chronicle one of 6 stars,4,4,1,0.0007154805,5,OOD_Class_4
play the video game The Genesis Machine,5,4,0,0.00020175357,5,OOD_Class_4
Play music from Alison Sudol,3,3,0,0.00022076823,5,OOD_Class_4
Asiate restaurant in Sturgeon for 7,1,1,0,0.000200454,5,OOD_Class_4
find Warren Theatres films,6,5,0,0.00013701334,5,OOD_Class_4
rate this novel 4 out of 6,4,4,1,0.00040213345,5,OOD_Class_4
when is Red Shirts showing at Dickinson Theatres,6,5,0,0.00017834989,5,OOD_Class_4
"Give The Frog Prince, Continued 2 points out of 6 .",4,4,1,0.00081173127,5,OOD_Class_4
Give The Diamond Chariot a 0 out of 6 .,4,4,1,0.0023521269,5,OOD_Class_4
Rate this essay four out of 6,4,4,1,0.00073303585,5,OOD_Class_4
Will it be warm in Cotati in Guinea-Bissau,2,2,0,0.0001339996,5,OOD_Class_4
Rate 3 out of 6 points to Darkworld Detective,4,4,1,0.0012500084,5,OOD_Class_4
Is it going to be hot in Lexington-Fayette,2,2,0,0.00013865875,5,OOD_Class_4
rate the previous novel a 1 out of 6,4,4,1,0.00039304816,5,OOD_Class_4
give one out of 6 to Encyclopedia Magica chronicle,4,4,1,0.00047904148,5,OOD_Class_4
Find the schedule for The Comedian at Santikos Theatres .,6,5,0,0.00016935545,5,OOD_Class_4
Play me a Patrick Cowley ballad,3,3,0,0.000108869615,5,OOD_Class_4
Include dschiwan gasparjan in beth's rare groove playlist.,0,0,0,0.00023824102,5,OOD_Class_4
Diana in Search of Herself is average and gets a 3 out of 6 points,4,4,1,0.0006536031,5,OOD_Class_4
I think that this novel should get 2 points and a rating of 6,4,4,1,0.002725254,5,OOD_Class_4
I want to give Select Conversations with an Uncle 5 stars,4,4,1,0.0024782044,5,OOD_Class_4
rate The Detective a 3 out of 6,4,4,1,0.0007009299,5,OOD_Class_4
Rate the chronicle current 1 star,4,4,1,0.0001398012,5,OOD_Class_4
Is it cold in the current location more than it was in 3 years,2,2,0,0.00013108813,5,OOD_Class_4
rate this textbook two of 6 stars,4,4,1,0.001099122,5,OOD_Class_4
I need a table for 4 in Pelland,1,1,0,0.00020043593,5,OOD_Class_4
Rate The Fall-Down Artist 5 stars .,4,3,1,0.0019860766,5,OOD_Class_4
rate this book a 4 out of 6,4,4,1,0.000974675,5,OOD_Class_4
Play the best ballad by The Rascals .,3,3,0,0.0001352739,5,OOD_Class_4
Rate The Masks of Time zero of 6 stars,4,4,1,0.00013936138,5,OOD_Class_4
using stars the current object gets four for the textbook out of 6,4,0,1,0.0016070763,5,OOD_Class_4
Give the current textbook four stars,4,4,1,0.0013474172,5,OOD_Class_4
rate Covering The Hidden Assault on Our Civil Rights 1 point,4,4,1,0.00028115086,5,OOD_Class_4
Add New Wave Blues to my Push Button Funk playlist,0,0,0,0.00023048442,5,OOD_Class_4
I am giving this current novel 4 out of 6 stars,4,0,1,0.0047624093,5,OOD_Class_4
rate this current book five,4,4,1,0.0003293934,5,OOD_Class_4
Book a highly rated restaurant .,1,1,0,0.00024021244,5,OOD_Class_4
Add a song to my playlist Impulso Creativo,0,0,0,0.00021599328,5,OOD_Class_4
I would give The Northern Reaches a rating of one,4,4,1,0.0019255921,5,OOD_Class_4
Give the current album 0 out of 6 stars,4,4,1,0.0028332656,5,OOD_Class_4
I want to give Nautch Girls of India four out of 6 points,4,4,1,0.0030842216,5,OOD_Class_4
Book reservations at a tea house in Lodi with my granddaughter and I,1,1,0,0.0002841732,5,OOD_Class_4
add flying to my Women of Rock playlist,0,0,0,0.00022624688,5,OOD_Class_4
rate The Ghost House series a one,4,4,1,0.00014514315,5,OOD_Class_4
I need a restaurant now for a party of ten,1,1,0,0.00027104106,5,OOD_Class_4
rate Six Months in Mexico 1 out of 6,4,2,1,0.0065863715,5,OOD_Class_4
Is it forecast to be stormy close to Nimule-Nationalpark 1 hour from now ?,2,2,0,0.00012618986,5,OOD_Class_4
They Knew Mr. Knight should get out of 6 a rating of two,4,4,1,0.0055755237,5,OOD_Class_4
Rate current book two points,4,4,1,0.00011082271,5,OOD_Class_4
Find the schedule for The Voice in the Fog at night at the closest movie house .,6,5,0,0.00014757809,5,OOD_Class_4
Go to The Devil in the Deal50 Secrets to Successful Dealmaking,5,4,0,0.00024939177,5,OOD_Class_4
book a taverna for a party of 10,1,1,0,0.00023244049,5,OOD_Class_4
play some Prabha Atre,3,3,0,0.00014898629,5,OOD_Class_4
Show me It Might as Well Rain Until September,5,2,0,0.0003926137,5,OOD_Class_4
Tell me the weather forecast for here,2,2,0,0.00013032228,5,OOD_Class_4
book a table for nine PM at a pub in MA,1,1,0,0.00023503037,5,OOD_Class_4
give the current chronicle five of 6 points,4,4,1,0.00021058075,5,OOD_Class_4
Play the album 21st Century Live by Chet Lam on Itunes .,3,3,0,0.0001543473,5,OOD_Class_4
I give the following album a zero .,4,0,1,0.0011764958,5,OOD_Class_4
Look up the game called The Long Morrow,5,4,0,0.00015014745,5,OOD_Class_4
Can you play top Zvooq by Fink ?,3,3,0,0.00016918627,5,OOD_Class_4
Show me the song The Incredible Hulk Returns,5,4,0,0.00013592256,5,OOD_Class_4
I need to add to my Infinite Indie Folk list the works of Rahim Shah,0,0,0,0.00021056923,5,OOD_Class_4
"Assign 4 stars out of 6 to the chronicle , God and Man at Yale .",4,4,1,0.0013967316,5,OOD_Class_4
Rate the text book New Finnish Grammar a four out of 6,4,4,1,0.0002788481,5,OOD_Class_4
give 3 points to current textbook,4,4,1,0.0065466412,5,OOD_Class_4
find the television show Birth of the Cool,5,4,0,0.0001607748,5,OOD_Class_4
I would give this current book a rating a five and a best rating of 6,4,0,1,0.0018890316,5,OOD_Class_4
Will you play me the most popular sound track from 2006,3,3,0,0.00013821047,5,OOD_Class_4
The current essay is a three of 6,4,4,1,0.0020056292,5,OOD_Class_4
What animated movies are playing at IMAX Corporation ?,6,5,0,0.00016399058,5,OOD_Class_4
Award Blood tables 2 points,4,4,1,0.00016491095,5,OOD_Class_4
Rate this album 3 stars,4,4,1,0.0012574854,5,OOD_Class_4
rate American Tabloid a 0,4,4,1,0.00033149731,5,OOD_Class_4
Rate To Live and Die in L.A. a four out of 6 .,4,4,1,0.0026716804,5,OOD_Class_4
give four stars to current novel,4,0,1,0.0005083686,5,OOD_Class_4
I need a table for a party of 2 at Co-operative Block Building in Old Glory,1,1,0,0.00029409974,5,OOD_Class_4
I want to watch the television show Little Things,5,4,0,0.00017214315,5,OOD_Class_4
Rate Lords of the Rim zero stars,4,4,1,0.00011702161,5,OOD_Class_4
what is the Afternoon forecast for Shannon and Pitcairn Islands,2,2,0,0.00013852534,5,OOD_Class_4
I would like to find a cafe that serves grilled meat close by in Tunisia and need a table for 2 one second from now .,1,1,0,0.00025166338,5,OOD_Class_4
Can you get me the Starcross saga ?,5,4,0,0.0001364586,5,OOD_Class_4
give 4 out of 6 stars to current chronicle,4,4,1,0.0018666136,5,OOD_Class_4
add joshua radin to my playlist called Futuros Hits,0,0,0,0.00022057568,5,OOD_Class_4
Play music on the playlist Urban Hits,3,3,0,0.00015356774,5,OOD_Class_4
give 2 out of 6 points to current book,4,4,1,0.0031765592,5,OOD_Class_4
Play some eighties movement music,3,3,0,0.00018320471,5,OOD_Class_4
rate this textbook 5 out of 6,4,4,1,0.0011686767,5,OOD_Class_4
Give the current essay 5 / 6 stars,4,4,1,0.00038156865,5,OOD_Class_4
I want to hear some Boris Grebenchtchikov on Zvooq,3,3,0,0.00021397155,5,OOD_Class_4
I'd like to watch The Slender Thread at 6 PM,6,5,0,0.00012882367,5,OOD_Class_4
Rate The Scarab Murder Case a one,4,4,1,0.00022007355,5,OOD_Class_4
Play top-50 Peter Frampton songs,3,3,0,0.00019491737,5,OOD_Class_4
Where can I watch the TV series The Trifecta ?,5,4,0,0.00017229901,5,OOD_Class_4
is Cape Mount Nature Conservation Unit has storm weather,2,2,0,0.00015800001,5,OOD_Class_4
show the show The Son of Tarzan,5,4,0,0.00016265782,5,OOD_Class_4
I want to give Gay Male Pornography An Issue of Sex Discrimination a 1,4,0,1,0.0018644205,5,OOD_Class_4
"find Donkey Town , a show",5,4,0,0.00015177118,5,OOD_Class_4
rate current album five,4,4,1,0.00077193294,5,OOD_Class_4
4 stars out of 6 is the rating for Fires of Azeroth,4,4,1,0.001358254,5,OOD_Class_4
Get me a Johnny Cool photograph,5,4,0,0.00013142305,5,OOD_Class_4
rate this novel a four,4,4,1,0.00075241696,5,OOD_Class_4
I want to hear Dave Seaman 's ep,3,3,0,0.00018873416,5,OOD_Class_4
I want to take me and my momy to eat in Flossmoor,1,1,0,0.00019891764,5,OOD_Class_4
add this song to the Pre-Party playlist,0,0,0,0.00023943046,5,OOD_Class_4
give three out of 6 points to Blackbox,4,4,1,0.003644493,5,OOD_Class_4
Rate this textbook 2 points .,4,4,1,0.0063947393,5,OOD_Class_4
This current textbook deserves a rating of 3 points and a best rating of 6,4,0,1,0.0014454724,5,OOD_Class_4
Rate Therapy a zero,4,4,1,0.00053879386,5,OOD_Class_4
Book a food truck that is highly rated in Honduras,1,1,0,0.00022351612,5,OOD_Class_4
give Death on the Nile a three,4,4,1,0.005472451,5,OOD_Class_4
How will snowfall be here in 2/21/2022 ?,2,2,0,0.00012094129,5,OOD_Class_4
Rate The Joy of Gay Sex a 5 out of 6,4,4,1,0.0011558093,5,OOD_Class_4
Rate the current essay a three,4,4,1,0.00028436905,5,OOD_Class_4
rate the current novel 5 stars,4,4,1,0.00028335088,5,OOD_Class_4
find The Magical World of Roger Whittaker,5,4,0,0.00020971692,5,OOD_Class_4
Give A Brief Stop on the Road from Auschwitz 1 out of 6 stars,4,4,1,0.00086327846,5,OOD_Class_4
"find Long Walk to Forever , a novel",5,4,0,0.00012893463,5,OOD_Class_4
"Please help me find, Bend It Like Beckham the Musical .",5,4,0,0.0002182509,5,OOD_Class_4
I would give Feast of the Innocents a value of 1,4,0,1,0.0032393069,5,OOD_Class_4
add this artist to Spain Top 50,0,0,0,0.00022241332,5,OOD_Class_4
book a table at a restaurant in Saudi Arabia that serves presskopf,1,1,0,0.00021519905,5,OOD_Class_4
Add this song to Blues Roots,0,0,0,0.00023059681,5,OOD_Class_4
rate this essay 2 points,4,4,1,0.0005810181,5,OOD_Class_4
Please give me the movie schedules .,6,5,0,0.00014178792,5,OOD_Class_4
Add artist to laundry,0,0,0,0.00021108969,5,OOD_Class_4
I would rate The Door to December 3 points and a best rating of 6,4,4,1,0.0043657585,5,OOD_Class_4
get me the trailer of Good Morning Sunshine,5,4,0,0.00016108937,5,OOD_Class_4
rate this saga 1 points,4,4,1,0.0002966123,5,OOD_Class_4
find the photograph The Air Is on Fire Soundscape,5,4,0,0.0001357669,5,OOD_Class_4
I would like to rate Tar A Midwest Childhood a value of 1 and a best rating of 6,4,4,1,0.0027017281,5,OOD_Class_4
Add Tony McGuinness to my playlist I Love My 90s Hip Hop,0,0,0,0.00022459678,5,OOD_Class_4
Play a symphony from Bob Hardy please,3,3,0,0.00020871105,5,OOD_Class_4
What's the weather going to be like not far from East Timor,2,2,0,0.00013426406,5,OOD_Class_4
rate If Tomorrow Comes 2 of 6 stars,4,4,1,0.00028328292,5,OOD_Class_4
Play the newest chant by John Doyle on Zvooq,3,3,0,0.00021138092,5,OOD_Class_4
Where is Road to the Stage playing,6,5,0,0.000214107,5,OOD_Class_4
Rate the current book one of 6 points,4,4,1,0.00027252498,5,OOD_Class_4
I would like Ignacio Figueredo 's tune added to electroNOW .,0,0,0,0.00019124254,5,OOD_Class_4
add song to Rocksteady playlist,0,0,0,0.00022713329,5,OOD_Class_4
"book spot for four at Cliff House, San Francisco in Martinique",1,1,0,0.00022551102,5,OOD_Class_4
I'm giving this book series four points,4,4,1,0.0033237122,5,OOD_Class_4
I want to hear a nineties track by stat quo on Deezer,3,3,0,0.0002002276,5,OOD_Class_4
Is it supposed to be chillier in Favoretta,2,2,0,0.00012344524,5,OOD_Class_4
rate the book Whit a zero,4,4,1,0.0001921729,5,OOD_Class_4
Is there going to be a depression in my current location on nov. the ninth,2,2,0,0.0001298112,5,OOD_Class_4
is there expected of rainfall in Horton of Connecticut,2,2,0,0.00013458876,5,OOD_Class_4
rate the current book 0 of 6,4,4,1,0.00021266234,5,OOD_Class_4
Can I get the showtimes for films at Malco Theatres .,6,5,0,0.00014571403,5,OOD_Class_4
Rate Of the Subcontract a 0,4,4,1,0.04343535,5,OOD_Class_4
rate the next book 0 of 6,4,4,1,0.00022639506,5,OOD_Class_4
Estelle should be on my spring playlist,0,0,0,0.00020082419,5,OOD_Class_4
Rate this current essay three out of 6 stars,4,4,1,0.00084202044,5,OOD_Class_4
Is it going to be warmer 165 days from now at Nairobi National Park,2,2,0,0.0001302584,5,OOD_Class_4
What's the forecast for my current place at five pm ?,2,2,0,0.0001186005,5,OOD_Class_4
What time are the animated movies playing at Mann Theatres ?,6,5,0,0.00016303423,5,OOD_Class_4
Rate A Tale of Love and Darkness 0 points,4,4,1,0.00018839279,5,OOD_Class_4
Give the current album a five .,4,0,1,0.0016411177,5,OOD_Class_4
I'd rate Shohola Falls a two out of 6 .,4,4,1,0.006257219,5,OOD_Class_4
Can you rate this novel as a four ?,4,0,1,0.002365389,5,OOD_Class_4
show me the schedule of movie Thirty Two Short Films About Glenn Gould in 14 minutes,6,5,0,0.00015480015,5,OOD_Class_4
Rate this series five out of 6,4,4,1,0.00023454176,5,OOD_Class_4
Will the weather be the same here in one week in the same area,2,2,0,0.000119884164,5,OOD_Class_4
give Mistborn The Well of Ascension four out of 6,4,4,1,0.0004319357,5,OOD_Class_4
add artist post metal to playlist,0,0,0,0.00022046773,5,OOD_Class_4
Rate this current essay 1 out of 6 points,4,4,1,0.0007041537,5,OOD_Class_4
Give 0 rating to In the Heart of the Country,4,0,1,0.0016200729,5,OOD_Class_4
this is a 6 rating for the album down to one,4,0,1,0.002395464,5,OOD_Class_4
Tell me the predicted weather once I travel faraway to Crimson Lake Provincial Park .,2,2,0,0.00014637673,5,OOD_Class_4
Rate Competitors 2 stars out of 6,4,4,1,0.0017350807,5,OOD_Class_4
give 1 star to this album,4,0,1,0.0003312948,5,OOD_Class_4
give one out of 6 star to A Girl Is a Half-formed Thing chronicle,4,4,1,0.00048582657,5,OOD_Class_4
Where can I purchase the book Scales of Justice,5,4,0,0.00016106978,5,OOD_Class_4
Rate The Documents in the Case series two of 6,4,4,1,0.00014437058,5,OOD_Class_4
Play a tune by Houston on Spotify,3,3,0,0.00018545262,5,OOD_Class_4
I'm rating the book Tomorrow two out of 6 stars,4,4,1,0.0046278406,5,OOD_Class_4
"What will the weather be like on january 16, 2030 in Rainbow Falls State Park",2,2,0,0.00014285216,5,OOD_Class_4
Can i get the movie schedules for Speakeasy Theaters ?,6,5,0,0.00015093268,5,OOD_Class_4
give four star to current novel,4,0,1,0.00033152642,5,OOD_Class_4
Add dr know to my TODO ALTERNATIVO playlist.,0,0,0,0.00022602368,5,OOD_Class_4
Rate this book a four .,4,4,1,0.0022764392,5,OOD_Class_4
I am giving this current novel 1 out of 6 stars,4,0,1,0.0042930567,5,OOD_Class_4
Play a sixties track by Noam Pikelny on iheart .,3,3,0,0.00021335439,5,OOD_Class_4
Play my 88 Keys playlist.,3,3,0,0.0001540439,5,OOD_Class_4
Add our little corner of the world music from gilmore girls to my The Funny Thing About Football Is playlist.,0,0,0,0.0002166169,5,OOD_Class_4
"Will there be a lot of wind far away from here on Sep. the twenty-third, 2021",2,2,0,0.00011641925,5,OOD_Class_4
What time is Sontha Ooru playing,6,5,0,0.00022214517,5,OOD_Class_4
rate this essay 5 of 6,4,4,1,0.0005592456,5,OOD_Class_4
this chronicle of The Origins and History of Consciousness is a three,4,4,1,0.0014321458,5,OOD_Class_4
rate The Beggar of Volubilis 1 out of 6,4,4,1,0.00060954917,5,OOD_Class_4
Rate The First Death 1 stars,4,4,1,0.00013474262,5,OOD_Class_4
show me the schedule of movie The Duchess of Langeais in cinema,6,5,0,0.00017541581,5,OOD_Class_4
what is the forecast for hot temps at Bowman Bay Wildlife Sanctuary,2,2,0,0.0001303233,5,OOD_Class_4
Give the chronicle Fathers and Crows a 5 out of 6 .,4,4,1,0.00031274193,5,OOD_Class_4
Know Ye Not Agincourt? gets 4 out of 6 points,4,4,1,0.00034669912,5,OOD_Class_4
I want to book a restaurant in Bosnia and Herzegovina .,1,1,0,0.00025269526,5,OOD_Class_4
is Ce cher intrus at IMAX Corporation,6,5,0,0.00022386943,5,OOD_Class_4
Give Conan the Buccaneer 5 of 6 points,4,4,1,0.0010596837,5,OOD_Class_4
give 4 star for this album,4,0,1,0.0007417502,5,OOD_Class_4
rate The Tom Thomson Mystery 1 stars,4,4,1,0.00012698516,5,OOD_Class_4
Rate Shadow of Night a 1,4,4,1,0.00019916947,5,OOD_Class_4
Please rate the current textbook with 5 stars out o 6,4,3,1,0.00092616107,5,OOD_Class_4
play some Gary Lee Conner,3,3,0,0.00021776099,5,OOD_Class_4
Is Judgment Day The John List Story playing at Megaplex Theatres ?,6,5,0,0.00017017683,5,OOD_Class_4
the series City on Fire is a four,4,4,1,0.00025452333,5,OOD_Class_4
Rate the Why Is Sex Fun? saga two of 6,4,4,1,0.00019575105,5,OOD_Class_4
give this a four for the next series of points,4,4,1,0.014478782,5,OOD_Class_4
book a tea house on 5/20/2028 in Pataskala that serves crepe in NC for five,1,1,0,0.0002445742,5,OOD_Class_4
Give Modern Glamour The Art of Unexpected Style three out of 6 stars,4,4,1,0.0004314367,5,OOD_Class_4
Rate this novel 4 out of 6,4,4,1,0.00040213345,5,OOD_Class_4
Rate the current book zero of 6,4,4,1,0.00013329416,5,OOD_Class_4
Tell me the weather forecast for my current spot,2,2,0,0.00012962356,5,OOD_Class_4
Give zero / 6 stars to this album,4,0,1,0.00039124925,5,OOD_Class_4
Find the TV show titled Timerider The Adventure of Lyle Swann,5,4,0,0.00017315737,5,OOD_Class_4
Rate A Taste of Blackberries a three,4,3,1,0.0015544689,5,OOD_Class_4
Cock-A-Doodle-Doo! was awful. I'm giving it a 0 out of 6 .,4,3,1,0.0032339268,5,OOD_Class_4
Add Atticus Ross to the playlist electrosafari,0,0,0,0.00022122245,5,OOD_Class_4
Can you put live in detroit on the playlist Peaceful Piano,0,0,0,0.00022879605,5,OOD_Class_4
Give Souls in Metal four out of 6 points,4,4,1,0.0018937697,5,OOD_Class_4
"find Do You Wanna Touch Me , a song",5,4,0,0.00012096834,5,OOD_Class_4
Rate the Under the Sign of Saturn 0 of 6,4,4,1,0.0011655613,5,OOD_Class_4
Give one start to the current book,4,0,1,0.0019909968,5,OOD_Class_4
find Andreas Hofer at elevenses,6,5,0,0.00068109215,5,OOD_Class_4
I rate The Blood of Others series only five points .,4,4,1,0.00030164243,5,OOD_Class_4
Is it snowy in Ocean Shores,2,2,0,0.00013524812,5,OOD_Class_4
I want lance king in my list called One Love,0,0,0,0.00017655343,5,OOD_Class_4
Put the frl menke song in my comedy top tracks,0,0,0,0.00021864097,5,OOD_Class_4
play chant by Nigger Kojak on Itunes,3,3,0,0.00018419143,5,OOD_Class_4
Rate this essay a four,4,4,1,0.0011678267,5,OOD_Class_4
I give it a rating value of four to 6 to a book called Liberalism and the Limits of Justice,4,4,1,0.0024216403,5,OOD_Class_4
ad Czarna dziewczyna to instrumental madness playlist,0,0,0,0.00015476812,5,OOD_Class_4
give zero points to this essay,4,4,1,0.004025638,5,OOD_Class_4
Give five points to An Ice-Cream War,4,4,1,0.002074881,5,OOD_Class_4
give five points to The Tenor Wore Tapshoes,4,4,1,0.0015537413,5,OOD_Class_4
Rate current textbook 5 out of 6,4,4,1,0.00067915313,5,OOD_Class_4
I give this book a 3 out of 6 .,4,1,1,0.008835319,5,OOD_Class_4
What animated movies are playing at IMAX Corporation,6,5,0,0.00016640985,5,OOD_Class_4
Rate the current book 5 of 6 points,4,4,1,0.00031764098,5,OOD_Class_4
what will the weather be like in fourteen hours in Eastville,2,2,0,0.00012724318,5,OOD_Class_4
"The Naked and the Dead was pretty good, I'd give it four stars .",4,4,1,0.0029358098,5,OOD_Class_4
play Seven Steps To Heaven by Wikluh Sky,3,3,0,0.00016316619,5,OOD_Class_4
Put this artist in Pachangueo Total,0,0,0,0.00022557913,5,OOD_Class_4
give The Englishman of the Bones 2 stars out of 6 .,4,4,1,0.0011254682,5,OOD_Class_4
rate The Sea of Trolls 1 stars out of 6,4,4,1,0.00025774384,5,OOD_Class_4
Rate The Hindus An Alternative History 3 of 6 stars,4,4,1,0.00013363913,5,OOD_Class_4
I want to give this current textbook 4 points .,4,0,1,0.0013503617,5,OOD_Class_4
Tell me if it'll be colder next November in Granite-steppe lands of Buh,2,2,0,0.00012392782,5,OOD_Class_4
Play the most popular music by Ronald Isley on Google Music,3,3,0,0.00023294809,5,OOD_Class_4
Rate A Spot of Bother 3 stars,4,4,1,0.0002104536,5,OOD_Class_4
What films are playing at the nearest movie theatre,6,5,0,0.00014786988,5,OOD_Class_4
I am giving the book Dorothy and the Wizard in Oz a zero out of 6 rating,4,4,1,0.0050889854,5,OOD_Class_4
Rate this novel four stars,4,4,1,0.0003128806,5,OOD_Class_4
I give the previous album one out of 6 points .,4,0,1,0.004335954,5,OOD_Class_4
give five stars to current album,4,0,1,0.00022256268,5,OOD_Class_4
Give zero stars to this textbook,4,0,1,0.0005929372,5,OOD_Class_4
Rate Maps for Lost Lovers 1 of 6,4,4,1,0.00027867814,5,OOD_Class_4
Find me a table at a javanese brasserie,1,1,0,0.00030551525,5,OOD_Class_4
Can I get the movie schedule for the Bow Tie Cinemas .,6,5,0,0.00015556999,5,OOD_Class_4
give four out of 6 rating to The Cattle King,4,4,1,0.0029159884,5,OOD_Class_4
Can I rate the current textbook three to 6 stars ?,4,4,1,0.0012995683,5,OOD_Class_4
Rate this book a 0,4,4,1,0.0014740844,5,OOD_Class_4
Find a video game called New York 911 .,5,4,0,0.00017969418,5,OOD_Class_4
I think The Turbulent Term of Tyke Tiler is a rating of 3 .,4,0,1,0.0015743155,5,OOD_Class_4
Give 2 points to Khaled A Tale of Arabia,4,4,1,0.0019032095,5,OOD_Class_4
rate this book titled The Gray Prince 5 points,4,4,1,0.00020992976,5,OOD_Class_4
Please get me Rough and Ready saga .,5,4,0,0.00022803825,5,OOD_Class_4
Add Metal Gear Solid 2 Sons of Liberty Soundtrack 2 The Other Side to edna st vincent millay,0,0,0,0.00023858684,5,OOD_Class_4
Add artist to my Broken Heart,0,0,0,0.00020005145,5,OOD_Class_4
Play Stefon Harris 's song .,3,3,0,0.00014358602,5,OOD_Class_4
Rate Primal Fear one of 6,4,4,1,0.0006934663,5,OOD_Class_4
Play Still Life 1,3,4,0,0.00014286382,5,OOD_Class_4
Play the most popular twenties record from Leland Sklar,3,3,0,0.00020983725,5,OOD_Class_4
Find me the novel titled Fertile Ground,5,4,0,0.00014397872,5,OOD_Class_4
Book a table for 0445 pm at a restaurant in Washington .,1,1,0,0.00021972279,5,OOD_Class_4
Rate Battle Hymn of China five of 6 points,4,4,1,0.00027816548,5,OOD_Class_4
Rate Mimi and the Biscuit Factory 5 out of 6,4,4,1,0.0010751748,5,OOD_Class_4
rate the current saga one stars,4,4,1,0.000117605545,5,OOD_Class_4
Add r u still in 2 it to the under the surface playlist,0,0,0,0.00020914275,5,OOD_Class_4
this album is the last and rated five,4,0,1,0.0007917471,5,OOD_Class_4
Show me the movie times for animated movies in the area .,6,5,0,0.00015270659,5,OOD_Class_4
What's the weather in Organ Pipe Cactus National Monument,2,2,0,0.00013604546,5,OOD_Class_4
I want to hear the new Vasilis Tsitsanis ep,3,3,0,0.00014366374,5,OOD_Class_4
I want to give this book zero,4,4,1,0.0014035545,5,OOD_Class_4
What Can I watch watch the television show Catch,5,4,0,0.00014839902,5,OOD_Class_4
where is Puthri playing,6,5,0,0.00026976975,5,OOD_Class_4
I rate Vivian Grey three .,4,3,1,0.0022841967,5,OOD_Class_4
find the show titled Hell on Earth 2006,5,4,0,0.00016315067,5,OOD_Class_4
Rate the chronicle Tarzan the Terrible a 4 out of 6,4,4,1,0.00018137142,5,OOD_Class_4
give one out of 6 points to current series,4,0,1,0.0014259635,5,OOD_Class_4
Play my playlist springtime,3,3,0,0.00013417487,5,OOD_Class_4
rate this chronicle a 0,4,4,1,0.0007068193,5,OOD_Class_4
whats the nearest movie house showing animated movies,6,5,0,0.0001552675,5,OOD_Class_4
I'd like to eat english cuisine at a restaurant in Ettrick,1,1,0,0.00020725717,5,OOD_Class_4
Rate this textbook 4 out of 6 stars,4,4,1,0.0010950462,5,OOD_Class_4
add this artist to Pop 2017 Picks,0,0,0,0.00022393711,5,OOD_Class_4
Rate current novel 3 stars,4,4,1,0.00020693892,5,OOD_Class_4
Play the top Maynard James Keenan .,3,3,0,0.00020140156,5,OOD_Class_4
give two out of 6 points to current album,4,0,1,0.0011544147,5,OOD_Class_4
add sam sparro to my playlist called Beach Vibes,0,0,0,0.00022382945,5,OOD_Class_4
Add Madman to Trap Land playlist,0,0,0,0.00023115907,5,OOD_Class_4
Play me some Terror music,3,3,0,0.0001083888,5,OOD_Class_4
Give zero stars to Halo Ghosts of Onyx,4,0,1,0.0011483313,5,OOD_Class_4
give 5 out of 6 points to Myths of the Hindus & Buddhists,4,4,1,0.0025683816,5,OOD_Class_4
Play show of Cissy Houston,5,4,0,0.00021223328,5,OOD_Class_4
rate this book four out of 6 points,4,4,1,0.0011327716,5,OOD_Class_4
Rate The Summer Job 5 stars,4,4,1,0.0002323423,5,OOD_Class_4
find a soundtrack called Fast as You,5,4,0,0.0001850153,5,OOD_Class_4
Need find the book called Hollywood Connection,5,4,0,0.00014300509,5,OOD_Class_4
Rate The White Abacus zero out of 6 points,4,4,1,0.0006732113,5,OOD_Class_4
Tell me the weather forecast for WY,2,2,0,0.00012924487,5,OOD_Class_4
Book a table at Crown Candy Kitchen for lacy and I,1,1,0,0.00023071878,5,OOD_Class_4
book a spot at a restaurant within walking distance of Palau,1,1,0,0.0001909133,5,OOD_Class_4
Season of the Witch How the Occult Saved Rock and Roll gets five points,4,4,1,0.0001626015,5,OOD_Class_4
"Is there any predicted snowfall in 2 months in Vandalia , El Salvador",2,2,0,0.00014481311,5,OOD_Class_4
What time is Sontha Ooru playing,6,5,0,0.00022214517,5,OOD_Class_4
Add One Good Reason to the bachelor party playlist,0,0,0,0.00020429783,5,OOD_Class_4
Will there be a cloud in Kiribati,2,2,0,0.00015362962,5,OOD_Class_4
book for 2 at a cafe for burgers in Gasport,1,1,0,0.00023115842,5,OOD_Class_4
What is the nearest movie theatre playing Stray Cat Rock Wild Jumbo in 7 seconds,6,5,0,0.00014714494,5,OOD_Class_4
when can i see Dinosaur from the Deep,6,5,0,0.00023380302,5,OOD_Class_4
I want to book the best steakhouse with south american cuisines in Alaska,1,1,0,0.00021769316,5,OOD_Class_4
Give Summer of the Swans 1 points .,4,4,1,0.0013756418,5,OOD_Class_4
book a meal for four in DC,1,1,0,0.00019492368,5,OOD_Class_4
The Bone Season is worth at least three points,4,4,1,0.0008499812,5,OOD_Class_4
I rate the current saga 0 points and a best rating of 6,4,4,1,0.0004271921,5,OOD_Class_4
play a new soundtrack by Benjamin Darvill on Groove Shark,3,3,0,0.0001836538,5,OOD_Class_4
I would rate this novel 2 points and a best rating of 6,4,4,1,0.0037000973,5,OOD_Class_4
I give this textbook a four,4,0,1,0.0013085457,5,OOD_Class_4
Where is the closest cinema that features animated movies,6,5,0,0.00016952089,5,OOD_Class_4
I would give Sixty Lights chronicle a rating of five and a best rating of 6,4,4,1,0.002163701,5,OOD_Class_4
"Pull up the video game , Apothecary Rx",5,4,0,0.00017397587,5,OOD_Class_4
Is The Unnaturals showing at 13 .,6,5,0,0.00018552944,5,OOD_Class_4
rate the current album two out of 6,4,3,1,0.0006925899,5,OOD_Class_4
Play my inventive playlist,3,3,0,0.00014939051,5,OOD_Class_4
I want to find the show From Where to Eternity .,5,4,0,0.00015551691,5,OOD_Class_4
Rate the current textbook five of 6,4,4,1,0.00035722923,5,OOD_Class_4
is it going to be cold in Readstown at 4 AM,2,2,0,0.00012356782,5,OOD_Class_4
play Signe Anderson chant music that is newest,3,3,0,0.00017218468,5,OOD_Class_4
Play a track by Ishmon Bracey on Iheart .,3,3,0,0.00018054438,5,OOD_Class_4
I give the previous saga 4 out of 6,4,4,1,0.0006240421,5,OOD_Class_4
rate the next essay five of 6,4,4,1,0.0002590869,5,OOD_Class_4
I'd like to eat at a restaurant around China with a party of 7 anywhere that serves ouzeri,1,1,0,0.0003037141,5,OOD_Class_4
give the current album a 1,4,0,1,0.0013696753,5,OOD_Class_4
Give two stars out of 6 to 36 Children,4,4,1,0.0034387247,5,OOD_Class_4
I would rate this album 3 stars,4,0,1,0.0016091705,5,OOD_Class_4
The book The Chymical Wedding is only worth 3 points .,4,1,1,0.0033550004,5,OOD_Class_4
the next novel is 4 stars,4,4,1,0.0004671724,5,OOD_Class_4
Please book me seating at the food court in Hazel Green for nine,1,1,0,0.00027465232,5,OOD_Class_4
Tell me if it'll be freezing next month in Rhode Island,2,2,0,0.000122008176,5,OOD_Class_4
Book me a reservation for 10 in Oman,1,1,0,0.00020974167,5,OOD_Class_4
Rate this chronicle three of 6 stars,4,4,1,0.0002666295,5,OOD_Class_4
Rate the current novel a one,4,4,1,0.00023126903,5,OOD_Class_4
What time are films showing in the neighborhood,6,5,0,0.0001569409,5,OOD_Class_4
Info on show Natural Language and Linguistic Theory,5,4,0,0.0001944921,5,OOD_Class_4
Is it forecast to be chilly in Iowa ?,2,2,0,0.0001328935,5,OOD_Class_4
I want to give this current saga 6 points and a rating value of 1,4,0,1,0.0044882116,5,OOD_Class_4
rate Tropic of Orange a three,4,4,1,0.00017481169,5,OOD_Class_4
What's the weather in the Marshall Islands in sixteen hours,2,2,0,0.00012874213,5,OOD_Class_4
I give the current book two out of 6,4,4,1,0.0025982393,5,OOD_Class_4
Rate the current essay 0 of 6,4,4,1,0.00021010109,5,OOD_Class_4
Rate The 8-Week Cholesterol Cure three out of 6 .,4,4,1,0.09536035,5,OOD_Class_4
Give the Televised Morality series a one .,4,4,1,0.0003576201,5,OOD_Class_4
what is the Johnson Creek forecast for chilly weather,2,2,0,0.00013940575,5,OOD_Class_4
Rate the current chronicle a one,4,4,1,0.00019543892,5,OOD_Class_4
add eric johnson song to my The Refugee Playlist playlist,0,0,0,0.00022274014,5,OOD_Class_4
"Will there be a blizzard next winter in Visalia , Idaho",2,2,0,0.00014257207,5,OOD_Class_4
add keltech to my 70s road trip playlist,0,0,0,0.00022869097,5,OOD_Class_4
I'd rate the chronicle called The Art of Loving 3 points out of 6,4,4,1,0.0002480728,5,OOD_Class_4
Show me Skyfall Original Motion Picture Soundtrack,5,4,0,0.00017813148,5,OOD_Class_4
rate the current essay 2 stars,4,4,1,0.00018848419,5,OOD_Class_4
When will The Flower and the Angry Waves be showing?,6,5,0,0.0002582376,5,OOD_Class_4
I want to hear Box Of Rain by Skeets Mcdonald,3,3,0,0.00014218324,5,OOD_Class_4
put donnie g don gorilla on my classical romance playlist,0,0,0,0.00022868761,5,OOD_Class_4
Can I get the showtimes for The Man Who Could Talk to Kids ?,6,5,0,0.00016803216,5,OOD_Class_4
I give the previous novel one out of 6 stars .,4,4,1,0.0018222011,5,OOD_Class_4
"I want to book the distant downtown Tribeca Grill for august the twenty-third, 2025 for wilda and jacklyn",1,1,0,0.00017261428,5,OOD_Class_4
What is the weather in Deeth,2,2,0,0.00013432949,5,OOD_Class_4
Play Who Knows Where The Time Goes ? by Grigory Leps,3,3,0,0.00015792329,5,OOD_Class_4
Play me a song by Carol Arnauld from 2003,3,3,0,0.00012486137,5,OOD_Class_4
Play music from 2005 by Justin Broadrick,3,3,0,0.00023000746,5,OOD_Class_4
Rate this novel 5 of 6,4,4,1,0.00048757406,5,OOD_Class_4
rate Scarecrow and the Army of Thieves a three,4,4,1,0.00023432911,5,OOD_Class_4
Add album to Acoustic Spring,0,0,0,0.00021285139,5,OOD_Class_4
"Please look up the song , Twist of shadows .",5,4,0,0.00016506389,5,OOD_Class_4
What are the weather conditions in Noel ?,2,2,0,0.00012441656,5,OOD_Class_4
add young maylay to Club Hits,0,0,0,0.00023138637,5,OOD_Class_4
"Tell me the weather forecast one year from now in Kulpsville , Togo",2,2,0,0.00012356737,5,OOD_Class_4
Play the playlist Feel Good Dinner .,3,3,0,0.00011791623,5,OOD_Class_4
Play the soundtrack for The Lord of the Rings Conquest,5,4,0,0.00016944174,5,OOD_Class_4
I think this textbook should have four stars and a best rating of 6,4,0,1,0.0033726809,5,OOD_Class_4
How will the weather be in 11 years from now in the same area of Florida ?,2,2,0,0.00012441521,5,OOD_Class_4
What's the weather here ?,2,2,0,0.0001273666,5,OOD_Class_4
put this tune by ross the boss onto nação reggae,0,0,0,0.00023387445,5,OOD_Class_4
Add this artist to piano chill,0,0,0,0.00021993017,5,OOD_Class_4
add this artist to the This Is Dirty Projectors playlist,0,0,0,0.00023837939,5,OOD_Class_4
"I need a table in Ottoville on Feb. 15th, 2029 at Gus Stevens Seafood Restaurant & Buccaneer Lounge",1,1,0,0.00017115653,5,OOD_Class_4
Give one out of 6 to A Week in the Woods,4,4,1,0.0020787697,5,OOD_Class_4
give 0 out of 6 points to this essay,4,0,1,0.0050946027,5,OOD_Class_4
"I need a highly rated oyster bar in AR in a month for jeanne collins, amy and I",1,1,0,0.000221726,5,OOD_Class_4
Book me a table for two in Oakes .,1,1,0,0.00022789875,5,OOD_Class_4
add this track to Punk Rock Workout,0,0,0,0.0002195018,5,OOD_Class_4
Rate The Rules of Survival a 5 value,4,4,1,0.00035069528,5,OOD_Class_4
rate The Sail and Steam Navy List 5 stars,4,4,1,0.00017351347,5,OOD_Class_4
rate this essay 3 out of 6 points,4,4,1,0.0006135994,5,OOD_Class_4
Add Troy van Leeuwen to my nu metal list,0,0,0,0.00023183806,5,OOD_Class_4
give 5 out of 6 points to Short Trips A Universe of Terrors,4,4,1,0.0020757166,5,OOD_Class_4
what is the 11 pm forecast for here and far,2,2,0,0.00013134556,5,OOD_Class_4
The Law of Dreams gets a low rating of one,4,4,1,0.0005645936,5,OOD_Class_4
"Is there a freezing forecast for Minto , Nicaragua ?",2,2,0,0.00013852386,5,OOD_Class_4
add satisfied to my Rockin' Vibes playlist,0,0,0,0.00022295806,5,OOD_Class_4
add track Nature Noise to my playlist,0,0,0,0.00022404999,5,OOD_Class_4
Give the current essay a rating of zero out of 6 stars .,4,4,1,0.0013359031,5,OOD_Class_4
List movie schedule,6,5,0,0.0001383614,5,OOD_Class_4
Play some music from the fourties .,3,3,0,0.00020739147,5,OOD_Class_4
I think this book should have a rating value of 1 and a best rating of 6,4,0,1,0.0038072164,5,OOD_Class_4
play Zvooq,3,3,0,0.00024855262,5,OOD_Class_4
Give The Whisperer a rating of 0 .,4,4,1,0.001421346,5,OOD_Class_4
I'm looking for local movie schedules .,6,5,0,0.00014067724,5,OOD_Class_4
What time is Do Sher playing,6,5,0,0.00019700585,5,OOD_Class_4
add Georgetown University Alma Mater to my evening acoustic playlist,0,0,0,0.00022187116,5,OOD_Class_4
is it going to be hot in Luambe-Nationalpark,2,2,0,0.00014992595,5,OOD_Class_4
how's the weather in Brookdale Zimbabwe,2,2,0,0.00013025975,5,OOD_Class_4
Add Roel van Velzen to my party of the century playlist.,0,0,0,0.00022902465,5,OOD_Class_4
Weather for my current location tomorrow,2,2,0,0.0001334728,5,OOD_Class_4
I want to rate The Ingenuity Gap 3 out of 6,4,4,1,0.0026927933,5,OOD_Class_4
Please help me search The Banker television show .,5,4,0,0.00018486203,5,OOD_Class_4
show me PhotoScape,5,4,0,0.0003320592,5,OOD_Class_4
"Will it be warmer in the District Of Columbia on may 25, 2033 ?",2,2,0,0.00012600406,5,OOD_Class_4
Give this textbook a four .,4,0,1,0.01789608,5,OOD_Class_4
Open Pandora and play Reggaeton 2017 y Baila !,3,3,0,0.00015627233,5,OOD_Class_4
Play music from 1960,3,3,0,0.00021785562,5,OOD_Class_4
Rate Leap into Darkness 1 points,4,4,1,0.00016969458,5,OOD_Class_4
Play Strength of Street Knowledge on Groove Shark,3,3,0,0.00015506244,5,OOD_Class_4
I would rate this essay four stars,4,0,1,0.0015901374,5,OOD_Class_4
rate the current textbook 4 of 6 points,4,4,1,0.00094487524,5,OOD_Class_4
What's the weather on august seventh for Crystal Lawns Guam,2,2,0,0.00013218101,5,OOD_Class_4
Rate the book White Girl Bleed a Lot only two points .,4,4,1,0.0002577807,5,OOD_Class_4
Add this artist to my garage jams,0,0,0,0.00023525805,5,OOD_Class_4
Rate this novel 5 out of 6 stars,4,4,1,0.00037128964,5,OOD_Class_4
Rate the current novel a two,4,4,1,0.00018057824,5,OOD_Class_4
Give one out of 6 stars to The Shiva Option,4,0,1,0.0027092763,5,OOD_Class_4
rate The Fairy Caravan 5 of 6 stars,4,4,1,0.00029819575,5,OOD_Class_4
I give 0 points to the book The Eleventh Hour,4,4,1,0.0010359164,5,OOD_Class_4
give 0 out of 6 stars to this album,4,0,1,0.0016960013,5,OOD_Class_4
Will it be cloudy on Sep. 16 in Palau,2,2,0,0.00013230756,5,OOD_Class_4
What is the forcast now in Kansas,2,2,0,0.0001391337,5,OOD_Class_4
Rate The Simplest Words a four out of 6 .,4,3,1,0.0018716162,5,OOD_Class_4
Find me the show Krypto the Superdog,5,4,0,0.00014753979,5,OOD_Class_4
I need a 6 rating or five with something like a saga in The Best Science Fiction of the Year 13,4,0,1,0.00066503044,5,OOD_Class_4
Rate this essay two points,4,4,1,0.0006342007,5,OOD_Class_4
I want The Complete Global Albums Collection,5,4,0,0.00011850617,5,OOD_Class_4
Rate The Seventh Decade two of 6 points,4,4,1,0.00024774106,5,OOD_Class_4
Find a TV show called The God Boy .,5,4,0,0.00018814018,5,OOD_Class_4
Give a rating of 2 to Juneteenth .,4,0,1,0.0015120836,5,OOD_Class_4
Find a photograph called Shout It Out .,5,4,0,0.00016124398,5,OOD_Class_4
Play ep from Quasimoto from the nineties,3,3,0,0.00020417862,5,OOD_Class_4
Rate this book 3 of 6,4,4,1,0.0005368234,5,OOD_Class_4
Is it going to be colder in Queen Anne on Mon .?,2,2,0,0.00011848601,5,OOD_Class_4
rate the current album 2 points out of 6,4,3,1,0.000978523,5,OOD_Class_4
Can you play a song from the fourties by George Martin,3,3,0,0.00016254482,5,OOD_Class_4
rate the current series a zero,4,4,1,0.000118667514,5,OOD_Class_4
What time is Pussyfoot playing at Pacific Theatres ?,6,5,0,0.00018080122,5,OOD_Class_4
my rating for Some Doves and Pythons is four,4,4,1,0.0032648086,5,OOD_Class_4
how's the forecast looking for supper time in Dresbach Vanuatu,2,2,0,0.00012805105,5,OOD_Class_4
Rate the current essay 5 of 6,4,4,1,0.00028039972,5,OOD_Class_4
I want to give the current novel zero points,4,4,1,0.00039503415,5,OOD_Class_4
Rate Wielding a Red Sword 0 stars,4,4,1,0.00017501577,5,OOD_Class_4
Rate People of the Lakes 2 of 6,4,4,1,0.00066496496,5,OOD_Class_4
Is it humid in Parc national de Killarney,2,2,0,0.00014397058,5,OOD_Class_4
rate The Eighth Day three stars out of 6,4,4,1,0.001093126,5,OOD_Class_4
What is Fantasy Zone II The Tears of Opa-Opa,5,4,0,0.00015288677,5,OOD_Class_4
play the best album from the seventies,3,3,0,0.00017729207,5,OOD_Class_4
I need to book a restaurant at supper time in IL,1,1,0,0.00021355304,5,OOD_Class_4
"I give The History of the Saracens a three , or 6 points",4,4,1,0.001487663,5,OOD_Class_4
Please give me the weather for Federated States Of Micronesia .,2,2,0,0.00015742236,5,OOD_Class_4
rate The Braindead Megaphone series zero out of 6 points,4,4,1,0.00016254418,5,OOD_Class_4
Show me the television show The Angry Mob .,5,4,0,0.00019353375,5,OOD_Class_4
add this album to tgif,0,0,0,0.0002184317,5,OOD_Class_4
I think the current album should get a four out of 6 rating.,4,0,1,0.0015996026,5,OOD_Class_4
book a table in Cottondale not far for in two hundred sixty nine days,1,1,0,0.00017424827,5,OOD_Class_4
add villotta to The MetalSucks Playlist playlist,0,0,0,0.00022295707,5,OOD_Class_4
rate The Pagan Christ zero points out of 6,4,4,1,0.00038157232,5,OOD_Class_4
I am giving the current novel a four out of 6 rating.,4,4,1,0.003970851,5,OOD_Class_4
Can you add a song by Bill Frisell to my Top Latin Alternative playlist,0,0,0,0.000221222,5,OOD_Class_4
I want to see Medal for the General,6,5,0,0.00041751555,5,OOD_Class_4
The current novel in this series gets zero points from me.,4,0,1,0.0016074111,5,OOD_Class_4
what is the forecast in Admire in TX starting at seventeen,2,2,0,0.00012392878,5,OOD_Class_4
Rate this chronicle 0,4,4,1,0.00024654448,5,OOD_Class_4
book in Falkland Islands at Atomic Cafe,1,1,0,0.00017760202,5,OOD_Class_4
Play a 2009 concerto on Deezer .,3,3,0,0.00018177854,5,OOD_Class_4
Find a video game called No Parking on the Dance Floor .,5,4,0,0.00018502354,5,OOD_Class_4
play a chant by Sonsee,3,3,0,0.00013686497,5,OOD_Class_4
Rate this textbook 5 out of 6 points,4,4,1,0.0010173075,5,OOD_Class_4
Give this essay a rating of 5 .,4,4,1,0.0045383326,5,OOD_Class_4
Book a reservation for 6 people for a creole tavern in Montenegro,1,1,0,0.00024558796,5,OOD_Class_4
Book a restaurant in Darnell .,1,1,0,0.00023656276,5,OOD_Class_4
What does it feel like in Alloway,2,2,0,0.00022215147,5,OOD_Class_4
Play music by Sarah Connor,3,3,0,0.00020547131,5,OOD_Class_4
give one to this novel,4,4,1,0.00076460687,5,OOD_Class_4
Rate The Slap five of 6,4,4,1,0.00027631037,5,OOD_Class_4
I want to give the book Heart and Soul three stars .,4,4,1,0.0022132685,5,OOD_Class_4
Rate Peddling Prosperity zero stars,4,4,1,0.00022323892,5,OOD_Class_4
I give Rogue Ship 5 out of 6 .,4,4,1,0.008507814,5,OOD_Class_4
rate the current album 2 out of 6,4,3,1,0.0005924682,5,OOD_Class_4
give Power of Faerûn two of 6,4,4,1,0.00041812687,5,OOD_Class_4
add time flies 1994-2009 to the Jazzy Romance playlist,0,0,0,0.0002151506,5,OOD_Class_4
Find the schedule for Ghost World .,6,5,0,0.00014623131,5,OOD_Class_4
I want to give the chronicle What We Talk About When We Talk About Love 4 out of 6,4,4,1,0.0004942103,5,OOD_Class_4
Play tuomas holopainen 's The 21 Project .,3,3,0,0.0001314847,5,OOD_Class_4
Find me the picture entitled I’ll Take Care of You .,5,4,0,0.00016832625,5,OOD_Class_4
What is the movie times for General Cinema Corporation,6,5,0,0.00016145027,5,OOD_Class_4
What's the weather forecast for Nishi Sonogi Hantō Prefectural Natural Park three years from now ?,2,2,0,0.00012655983,5,OOD_Class_4
I'd like to see the picture Chrome Dreams,5,4,0,0.00016061681,5,OOD_Class_4
What's the humidity now in NH ?,2,2,0,0.00012836435,5,OOD_Class_4
I would give The Case of the Late Pig a best rating of 6 and a five for value,4,4,1,0.0012731177,5,OOD_Class_4
rate this book 4 out of 6,4,4,1,0.0007785899,5,OOD_Class_4
rate this textbook two out of 6 points,4,4,1,0.0019096879,5,OOD_Class_4
"I want to hear Jimmy James from the thirties , play a song on Groove Shark .",3,3,0,0.00017861242,5,OOD_Class_4
Rate the current book 2 points,4,4,1,0.00015609061,5,OOD_Class_4
I give The Tin Can Tree a five of 6,4,1,1,0.006033363,5,OOD_Class_4
Can you let me know the films that are on the movie schedules in the area at noon ?,6,5,0,0.00014137318,5,OOD_Class_4
Show me the saga St. Elsewhere,5,4,0,0.00014328,5,OOD_Class_4
Book the Last Exit on Brooklyn 5 hours from now for one person.,1,1,0,0.00020325463,5,OOD_Class_4
put this song on my NTC High Intensity Training Tracks playlist,0,0,0,0.00025900558,5,OOD_Class_4
What films are playing at 1 PM at Showcase Cinemas,6,5,0,0.00016641014,5,OOD_Class_4
Book COVA in Frisco City for me and therese at eight pm,1,1,0,0.00018788551,5,OOD_Class_4
put this artist on Domingo Indie,0,0,0,0.00022857219,5,OOD_Class_4
Can you play The Change Is Made on Netflix,3,3,0,0.00012491143,5,OOD_Class_4
rate current essay 1 stars,4,4,1,0.00015673663,5,OOD_Class_4
please give a 2 out of 6 to House of Many Ways,4,0,1,0.0041296626,5,OOD_Class_4
Find a reservation at a restaurant that serves gougère in Laneville with a party of nine,1,1,0,0.00031503369,5,OOD_Class_4
play Isaac Yamma Slut,3,3,0,0.0001459866,5,OOD_Class_4
SHow me the nearest movie house showing Moron 5 and the Crying Lady,6,5,0,0.00014486366,5,OOD_Class_4
add tune to my metal crash course playlist,0,0,0,0.00022680071,5,OOD_Class_4
Add an album by Liza Oumarova to the Steampunk playlist.,0,0,0,0.00022459462,5,OOD_Class_4
rate the current book novel 5 out of 6,4,4,1,0.0002457899,5,OOD_Class_4
search for television show Windows Live TV,5,4,0,0.00016250674,5,OOD_Class_4
I want to watch Strange Brother,5,5,0,0.0005371072,5,OOD_Class_4
For this book I rate four points,4,4,1,0.0037197333,5,OOD_Class_4
Play some Matthew Sweet music from around 1996 on Spotify,3,3,0,0.00021660488,5,OOD_Class_4
1 points for Victory for Us Is to See You Suffer,4,4,1,0.0008232126,5,OOD_Class_4
What movies are showing at the nearest movie theatre in 8 minutes ?,6,5,0,0.00015360967,5,OOD_Class_4
Is Black & White The Dawn of Justice playing at the movie theatre ?,6,5,0,0.00016689296,5,OOD_Class_4
Play dhafer youssef top-twenty on netflix,3,3,0,0.00017755813,5,OOD_Class_4
find a television show called Tiny Dancer,5,4,0,0.00018649573,5,OOD_Class_4
What is the weather in Arkansas the city of Morrison,2,2,0,0.00011953175,5,OOD_Class_4
"I want to eat Louisiana Fried Chicken in McColl , IA",1,1,0,0.00022157635,5,OOD_Class_4
The Battle for Skies gets a three,4,4,1,0.00021327005,5,OOD_Class_4
Show me the movie schedule,6,5,0,0.00013608781,5,OOD_Class_4
give 4 points to this novel,4,4,1,0.0046727387,5,OOD_Class_4
I give a rating of 2 to the book Swine Not?,4,4,1,0.0020298853,5,OOD_Class_4
I want a table for seven at twenty three o'clock in Angola .,1,1,0,0.00015935022,5,OOD_Class_4
What is the weather forecast 131 days from now in Atanassow-See,2,2,0,0.00012459837,5,OOD_Class_4
Play the greatest record by Joe Purdy on Google Music,3,3,0,0.00020189949,5,OOD_Class_4
Play some Paul Stookey from the sixties,3,3,0,0.00022097788,5,OOD_Class_4
Rate the current book zero of 6 stars,4,4,1,0.00022177874,5,OOD_Class_4
I give the next textbook a 2 .,4,4,1,0.014050264,5,OOD_Class_4
Will it be cloudy by five PM in Gobler Jersey,2,2,0,0.000123204,5,OOD_Class_4
book a sushis serving restaurant in Uzbekistan,1,1,0,0.00023598,5,OOD_Class_4
Can you add some morton feldman piano and string quartet to my global funk playlist,0,0,0,0.00021620345,5,OOD_Class_4
the previous textbook is a 3,4,4,1,0.0062615047,5,OOD_Class_4
rate What the Dog Saw a two,4,5,1,0.0006541806,5,OOD_Class_4
score this album 5 stars,4,4,1,0.0012979772,5,OOD_Class_4
When is The Jailbird showing at United Paramount Theatres,6,5,0,0.0001693552,5,OOD_Class_4
Give this album 4 out of 6 stars,4,4,1,0.0020625598,5,OOD_Class_4
Put new page onto my latin jazz playlist.,0,0,0,0.00023388094,5,OOD_Class_4
What time is movies playing around here,6,5,0,0.00016176174,5,OOD_Class_4
book a restaurant for 4 of us,1,1,0,0.00021870458,5,OOD_Class_4
Rate this album five out of 6 stars .,4,4,1,0.0033804162,5,OOD_Class_4
I gave the current series 0 points,4,4,1,0.00073257834,5,OOD_Class_4
rate The Gutting of Couffignal one points,4,4,1,0.0009979645,5,OOD_Class_4
rate this novel a 4,4,4,1,0.0009338429,5,OOD_Class_4
"I need a reservation for Arcadian Court on June the fifth, 2035",1,1,0,0.00017327632,5,OOD_Class_4
Add to playlist Confidence Boost Here Comes Santa Claus,0,0,0,0.00020914087,5,OOD_Class_4
show the movie schedules at United Paramount Theatres,6,5,0,0.00013864014,5,OOD_Class_4
When is Old Enough showing at the movie house ?,6,5,0,0.00016952136,5,OOD_Class_4
Can you get me a table at a tavern in Slovakia,1,1,0,0.00023492138,5,OOD_Class_4
Please rate the current album 4 stars .,4,3,1,0.00048607288,5,OOD_Class_4
Show me the trailer A Self Made Hero,5,4,0,0.00015890166,5,OOD_Class_4
I would rate this current series I'm reading a two out of 6,4,4,1,0.0006212043,5,OOD_Class_4
Play the Knockabout soundtrack,5,4,0,0.0007180795,5,OOD_Class_4
Bring up the book Perfume The Story of a Murderer,5,4,0,0.00016324177,5,OOD_Class_4
Mars Probes gets a 1 rating.,4,4,1,0.001392812,5,OOD_Class_4
play music by Bryan Maclean,3,3,0,0.0002073921,5,OOD_Class_4
Please play a song by Ahmad Jamal,3,3,0,0.00014555687,5,OOD_Class_4
Rate this textbook 2 stars out of 6,4,4,1,0.0009977991,5,OOD_Class_4
I want to add a tune by Damon Johnson to my frescura indie playlist,0,0,0,0.0002137888,5,OOD_Class_4
Give Mason & Dixon a rating of three .,4,3,1,0.0023879914,5,OOD_Class_4
I want do you want to build a snowman in my Hip Hop 2017 New School playlist,0,0,0,0.00020755077,5,OOD_Class_4
Rate my current novel 3 out of 6,4,4,1,0.0005636129,5,OOD_Class_4
rate this saga 4 out of 6 stars,4,4,1,0.00029557906,5,OOD_Class_4
rate the current book 3 out of 6 stars,4,4,1,0.0005192843,5,OOD_Class_4
mark the current textbook a 1 from the total of 6,4,0,1,0.0009964099,5,OOD_Class_4
what is the forecast for Lille in Norway,2,2,0,0.00013128165,5,OOD_Class_4
Will it be stormy in distant Holly River State Park,2,2,0,0.00013906506,5,OOD_Class_4
find a movie schedule for United Paramount Theatres,6,5,0,0.00013972785,5,OOD_Class_4
Use the service Zvooq to play top-10 by artist Coolio,3,3,0,0.00016127367,5,OOD_Class_4
Play Socialism Is Good by terje bakken on Spotify .,3,3,0,0.00020861135,5,OOD_Class_4
"Tell me the weather forecast for apr. twenty-fourth, 2028 in San Diego",2,2,0,0.00013637304,5,OOD_Class_4
Where and when is Polish Economy playing?,6,5,0,0.00032001585,5,OOD_Class_4
Play thirties concerto music on Google Music,3,3,0,0.00023800373,5,OOD_Class_4
Give this book four stars as a rating review.,4,4,1,0.0033633406,5,OOD_Class_4
what is the weather like now in AK,2,2,0,0.00012886876,5,OOD_Class_4
Give 2 stars to The Doom Brigade,4,4,1,0.00097380084,5,OOD_Class_4
I would like to book a restaurant within the same area as Myrtle Av for 6,1,1,0,0.0002188362,5,OOD_Class_4
Rate Voyage in the Dark 3 of 6,4,4,1,0.00014680218,5,OOD_Class_4
rate The Long Dark Tea-Time of the Soul 5 stars,4,4,1,0.00012633156,5,OOD_Class_4
Rate From a Buick 8 0 out of 6,4,3,1,0.00041375475,5,OOD_Class_4
I want to give the current album 2 stars,4,0,1,0.0023656245,5,OOD_Class_4
"book a table at an oyster bar that serves apple butter on Jul. 10th, 2028",1,1,0,0.0001606933,5,OOD_Class_4
Book a reservation for eight people in North Dakota,1,1,0,0.00021027942,5,OOD_Class_4
rate this essay one out of 6 stars,4,4,1,0.00049230916,5,OOD_Class_4
What is the forecast next year in McGee,2,2,0,0.00013577814,5,OOD_Class_4
Look for a photograph of Tailwind,5,4,0,0.00019280263,5,OOD_Class_4
book a spot for six friends,1,1,0,0.00023414649,5,OOD_Class_4
The Private Patient gets a rating of 5,4,4,1,0.0012551268,5,OOD_Class_4
Rate the current essay four out of 6 .,4,4,1,0.0023296862,5,OOD_Class_4
"Is it going to be foggy in Box Elder , Rhode Island",2,2,0,0.00013406605,5,OOD_Class_4
book a brasserie with internet fascility for 5 in a year in Oklahoma,1,1,0,0.00022414418,5,OOD_Class_4
Play eighties music on Groove Shark .,3,3,0,0.00020150807,5,OOD_Class_4
Give the current part of the saga 4 points out of 6 .,4,4,1,0.0007506668,5,OOD_Class_4
I'd like to give a two rating to The Abolition of Britain .,4,0,1,0.00031792338,5,OOD_Class_4
this horrible textbook deserves a 0 rating,4,0,1,0.0007061614,5,OOD_Class_4
Is it warm in Albania at noon,2,2,0,0.00013764658,5,OOD_Class_4
book me a restaurant at Sint Maarten on sun .,1,1,0,0.00021064948,5,OOD_Class_4
Add Steve Jones to my chill list,0,0,0,0.00025462094,5,OOD_Class_4
Find The Mary Van Note Show,5,4,0,0.00012617867,5,OOD_Class_4
Book a table for two at a restaurant faraway from office in California .,1,1,0,0.00024116853,5,OOD_Class_4
play some rap on Pandora,3,3,0,0.00017756555,5,OOD_Class_4
Rate The Stars Shine Down 5,4,4,1,0.00012878841,5,OOD_Class_4
Can I see the movie times for the Great Escape Theatres,6,5,0,0.00014137385,5,OOD_Class_4
For this current saga I give 5 out of 6 possiable points,4,0,1,0.0026859373,5,OOD_Class_4
Give me the movie schedule for Cineplex Odeon Corporation,6,5,0,0.00016223843,5,OOD_Class_4
Show GD&TOP painting,5,4,0,0.00016668526,5,OOD_Class_4
Rate The Nightmare Fair five out of 6 stars,4,4,1,0.0003687372,5,OOD_Class_4
rate this textbook 2 stars,4,4,1,0.00064550294,5,OOD_Class_4
Can you tell me the weather forecast for Samoa,2,2,0,0.00013988267,5,OOD_Class_4
I want to rate the Selected Letters of H. P. Lovecraft I saga 3 stars,4,4,1,0.00027351905,5,OOD_Class_4
Rate this book four points,4,4,1,0.00071794604,5,OOD_Class_4
I need a table somewhere in Culver City WA,1,1,0,0.00016155919,5,OOD_Class_4
For my playlist chill add the name Cater Fe She,0,0,0,0.00023259416,5,OOD_Class_4
I need a reservation for The French Laundry in OH for six,1,1,0,0.00022784437,5,OOD_Class_4
add Curse song to my playlist Guest List Engadget,0,0,0,0.00023127269,5,OOD_Class_4
I'd give the Mandaean Book of John 4 points,4,4,1,0.00294767,5,OOD_Class_4
Give this chronicle a 4 out of 6,4,4,1,0.000551023,5,OOD_Class_4
give it a 0 for this essay,4,0,1,0.004863998,5,OOD_Class_4
I rate Naked in Death a 5,4,4,1,0.0021300097,5,OOD_Class_4
Give a 4 star rating to Fear and Loathing on the Campaign Trail ’72,4,4,1,0.0009108172,5,OOD_Class_4
I give Obama From Promise to Power 6 points and a rating value of 1,4,0,1,0.0040036333,5,OOD_Class_4
I want to rate The Obama Syndrome zero of 6,4,4,1,0.001953807,5,OOD_Class_4
Add Fair Charlotte to the We Everywhere playlist.,0,0,0,0.00022382945,5,OOD_Class_4
"I need a table for ten on april the eighteenth, 2030",1,1,0,0.00016437228,5,OOD_Class_4
Where can I purchase the Twenty Chickens for a Saddle saga ?,5,4,0,0.00018706052,5,OOD_Class_4
"Of a total possible of 6 , I think the current book is a five .",4,0,1,0.002535388,5,OOD_Class_4
The book History by Contract is rated five stars in my opinion.,4,4,1,0.0030780106,5,OOD_Class_4
Book a highly rated restaurant for one person in Rainbow Lakes .,1,1,0,0.00023490247,5,OOD_Class_4
Book the City Tavern in Holiday KS .,1,1,0,0.00018622864,5,OOD_Class_4
phyllis ward and veronica need a table at a restaurant in 152 days,1,1,0,0.00020306623,5,OOD_Class_4
Please add Ruud Jolie to my playlist Guest List Polygon,0,0,0,0.00022958539,5,OOD_Class_4
Add Sunday Express Live to workout playlist,0,0,0,0.00022547603,5,OOD_Class_4
I give The Savage Mind a rating of zero out of 6 points .,4,4,1,0.0037847399,5,OOD_Class_4
"book for jessie, dale wright and lupe at a bistro on feb. 20, 2040",1,1,0,0.00020633118,5,OOD_Class_4
"I need a reservation for a restaurant in Bangladesh on feb. the 11th, 2032",1,1,0,0.0001753787,5,OOD_Class_4
what is the nearby forecast for here at 152611,2,2,0,0.00012798926,5,OOD_Class_4
Listen to Power Gaming playlist,3,3,0,0.00014257416,5,OOD_Class_4
"book a spot for 8 at a tavern on Jun. the 11th, 2034",1,1,0,0.00016209451,5,OOD_Class_4
add maggie mcgill to my night vibes,0,0,0,0.00021651837,5,OOD_Class_4
What animated movies are showing in the neighborhood,6,5,0,0.00015894612,5,OOD_Class_4
Give four stars out of 6 to Practice to Deceive,4,0,1,0.0047421795,5,OOD_Class_4
Book a restaurant for 7 people.,1,1,0,0.00023879304,5,OOD_Class_4
rate With Kitchener in the Soudan 2 stars out of 6,4,4,1,0.0014216942,5,OOD_Class_4
Find me a table for me and my grandkid in Union Square Cafe,1,1,0,0.00027507747,5,OOD_Class_4
What are the movies scheduled to play at General Cinema Corporation,6,5,0,0.00016479571,5,OOD_Class_4
When is His English Wife showing at the Neighborhood Cinema Group ?,6,5,0,0.00018985146,5,OOD_Class_4
Play The Galway Races on Netflix .,3,3,0,0.00016988521,5,OOD_Class_4
Go to my all out 00s and add brian wilson,0,0,0,0.00022613422,5,OOD_Class_4
Play the song Drifting On A Reed by Bobby G,3,3,0,0.00015329025,5,OOD_Class_4
Rate this album 4 out of 6 stars,4,4,1,0.0017194122,5,OOD_Class_4
What films are playing at the nearest movie theatre,6,5,0,0.00014786988,5,OOD_Class_4
Give the current book 5 out of 6 points .,4,4,1,0.002573079,5,OOD_Class_4
Show movie times of movies in the neighbourhood,6,5,0,0.00015435967,5,OOD_Class_4
Play best fourties from david izquierdo on album,3,3,0,0.00019236669,5,OOD_Class_4
Book a table for 8 people at Robinson House .,1,1,0,0.0002782817,5,OOD_Class_4
I want to give the current textbook 0 out of 6 stars,4,4,1,0.0053605204,5,OOD_Class_4
I would rate The Story of the Glittering Plain a zero,4,4,1,0.0019450987,5,OOD_Class_4
This current book deserves 3 points,4,0,1,0.00057612016,5,OOD_Class_4
Please shoe me the movie schedule for today.,6,5,0,0.00015078181,5,OOD_Class_4
"Make me a reservation at Illinois Central Railroad Freight Depot in Singapore with vickie rodriguez, lila reyes and ruby",1,1,0,0.00030827866,5,OOD_Class_4
Rate The Crocus List five out of 6,4,4,1,0.0006150476,5,OOD_Class_4
Rate the current novel five of 6 points,4,4,1,0.00024675974,5,OOD_Class_4
rate the book Joyful Noise Poems for Two Voices 3 points,4,4,1,0.00031790076,5,OOD_Class_4
I want to give The Garin Death Ray series 1 stars,4,4,1,0.0003283309,5,OOD_Class_4
rate the current book a four,4,4,1,0.0002679831,5,OOD_Class_4
My Idea of Fun is a book that should get 2 stars .,4,4,1,0.0029700212,5,OOD_Class_4
What is the forecast at four AM in Zambia,2,2,0,0.00012668368,5,OOD_Class_4
The current series only deserves two out of 6 .,4,0,1,0.0016116721,5,OOD_Class_4
Where can I watch The Sword of Ali Baba at two p.m. ?,6,5,0,0.00014301584,5,OOD_Class_4
What films are showing at the closest movie theatre ?,6,5,0,0.00014686346,5,OOD_Class_4
Give this book a rating of 3 out of 6 points .,4,4,1,0.00379573,5,OOD_Class_4
Book the Light Horse Tavern for 4 people.,1,1,0,0.00025514938,5,OOD_Class_4
I'm looking to book a reservation in Aruba at a place nearby .,1,1,0,0.00022816916,5,OOD_Class_4
Is it chillier in Hong Kong than it is here,2,2,0,0.0001229623,5,OOD_Class_4
I'd give the Embers of War saga a rating of 2 points .,4,4,1,0.0005774826,5,OOD_Class_4
I want to hear a Gucci Mane song from Last Fm from 2002,3,3,0,0.00018554207,5,OOD_Class_4
Book a churrascaria restaurant for 2 which serves mezes,1,1,0,0.00024921575,5,OOD_Class_4
rate The Bunce 1 stars,4,4,1,0.00019481133,5,OOD_Class_4
Rate the current book 1 points,4,4,1,0.00016390128,5,OOD_Class_4
show song Black Heart White Soul,5,4,0,9.6369215e-05,5,OOD_Class_4
Book a restaurant in San Juan Capistrano for 6 people at ten am,1,1,0,0.00021276106,5,OOD_Class_4
Give this textbook four stars .,4,0,1,0.019065324,5,OOD_Class_4
What time is The Sea Chase playing,6,5,0,0.00020225928,5,OOD_Class_4
Rate this book 3 out of 6,4,4,1,0.0008281821,5,OOD_Class_4
A Day No Pigs Would Die deserves a best rating of 6 and a value of 4,4,0,1,0.0016831446,5,OOD_Class_4
Rate In Search of Our Origins two points out of 6 .,4,4,1,0.0008494959,5,OOD_Class_4
Book a highly rated coffeehouse for four people.,1,1,0,0.0003308032,5,OOD_Class_4
play a ballad by Chick Corea,3,3,0,0.00016607324,5,OOD_Class_4
I would give French Poets and Novelists a best rating of 6 and a value of three,4,0,1,0.0028129946,5,OOD_Class_4
Book reservation in Gasconade at the best restaurant in DC,1,1,0,0.000228001,5,OOD_Class_4
I think this textbook should have a rating of four and a best rating of 6,4,0,1,0.0026843657,5,OOD_Class_4
Tell me the weather forecast for Mokena,2,2,0,0.00012780077,5,OOD_Class_4
show creativity of song A Discord Electric,5,4,0,0.00013374921,5,OOD_Class_4
"I want to book a restaurant in Wallsburg , Missouri for michele, diann and pam",1,1,0,0.00017292272,5,OOD_Class_4
Play the playlist spring,3,3,0,0.00015326448,5,OOD_Class_4
Rate this textbook a 1,4,0,1,0.0025149467,5,OOD_Class_4
How temperate will it be here this week ?,2,2,0,0.000118949465,5,OOD_Class_4
Add the track to the drum & breaks playlist.,0,0,0,0.00023206485,5,OOD_Class_4
Rate Deception a one,4,4,1,0.00079872936,5,OOD_Class_4
"rate the book series I, Robot one out of 6 stars",4,4,1,0.00015896243,5,OOD_Class_4
give this novel a score of 5,4,4,1,0.0016862885,5,OOD_Class_4
I am giving the current book two stars,4,4,1,0.0012070041,5,OOD_Class_4
"For the textbook , out of 6 possible I give the following one a 3 .",4,0,1,0.007625308,5,OOD_Class_4
Rate The Bourne Deception 4 of 6,4,4,1,0.00071150437,5,OOD_Class_4
Will it be foggy at sunset in Red Devil,2,2,0,0.00012129146,5,OOD_Class_4
out of 6 The Black Unicorn rates points of 2,4,4,1,0.0019059642,5,OOD_Class_4
Where can I find the painting of Without Condition,5,4,0,0.00011367688,5,OOD_Class_4
Rate this novel three out of 6,4,4,1,0.00044649336,5,OOD_Class_4
Fine movie times for animated movies in the neighborhood .,6,5,0,0.00015816519,5,OOD_Class_4
I need to know the weather for Jan. the 3rd in Mexico when I go to Port Vue,2,2,0,0.00011824949,5,OOD_Class_4
rate tune to my natalie macmaster viajes,0,0,0,0.00017135173,5,OOD_Class_4
I want to listen to some Aaliyah,3,3,0,0.00013820521,5,OOD_Class_4
Rate this textbook 1 stars,4,4,1,0.00066781626,5,OOD_Class_4
Find a painting called Beyond the Neighbourhood .,5,4,0,0.00013765061,5,OOD_Class_4
What is the movie schedule of animated movies nearby,6,5,0,0.00016255869,5,OOD_Class_4
The Forest should be rated a four,4,2,1,0.003489817,5,OOD_Class_4
Rate the current textbook 4 out of 6 points,4,4,1,0.0011830606,5,OOD_Class_4
Add this tune to The Refugee Playlist,0,0,0,0.00022057566,5,OOD_Class_4
rate the current textbook zero out of 6 points,4,4,1,0.0007277111,5,OOD_Class_4
I would like a table at a taverna with croquembouche for 1 minute from now,1,1,0,0.0003115243,5,OOD_Class_4
I would rate That Old Ace in the Hole one stars and a best rating of 6,4,4,1,0.0028626123,5,OOD_Class_4
this novel deserves 4 to 6 stars for its writing.,4,0,1,0.0014401486,5,OOD_Class_4
Rate the current novel a zero .,4,4,1,0.0002594238,5,OOD_Class_4
rate Secrets and Lies 2 of 6 stars,4,4,1,0.00040222134,5,OOD_Class_4
Will it be chillier at 060548 in Wagener Réunion,2,2,0,0.000121650846,5,OOD_Class_4
Give this textbook one stars out of 6,4,4,1,0.0035003803,5,OOD_Class_4
I'd like to hear Cry Baby Cry by Ally Kerr .,3,3,0,0.00016932942,5,OOD_Class_4
Rate The Penelopiad zero out of 6 .,4,4,1,0.0008670284,5,OOD_Class_4
rate The Little Book four stars,4,4,1,0.00022980593,5,OOD_Class_4
rate this chronicle two points,4,4,1,0.00033884426,5,OOD_Class_4
find the soundtrack titled This Side of Paradise,5,4,0,0.00018234935,5,OOD_Class_4
Rate this book 1 of 6 points,4,4,1,0.0012920094,5,OOD_Class_4
forecast for Addo-Elefanten-Nationalpark,2,2,0,0.00016872335,5,OOD_Class_4
Is the film Goodrich Quality Theaters playing at 1226 AM ?,6,5,0,0.00016350967,5,OOD_Class_4
add Animal Stories to maryanne's by Per Yngve Ohlin,0,0,0,0.00021778996,5,OOD_Class_4
rate the saga In Mortal Hands five out of 6 stars,4,4,1,0.0005044621,5,OOD_Class_4
What's the weather in Koontz Lake,2,2,0,0.00013295872,5,OOD_Class_4
Rate The Removers 4 out of 6,4,3,1,0.001581343,5,OOD_Class_4
For the book Icon of Evil I rate a 2,4,4,1,0.001043686,5,OOD_Class_4
rate this book titled Cold two stars,4,4,1,0.00019034918,5,OOD_Class_4
For the book The Mirrored Heavens I give one of a possiable 6 stars,4,4,1,0.001108069,5,OOD_Class_4
Will it be warmer in AMnicon Falls State Park ?,2,2,0,0.0001281128,5,OOD_Class_4
rate this novel a three,4,4,1,0.0008416972,5,OOD_Class_4
Play any album from the twenties,3,3,0,0.00012917985,5,OOD_Class_4
add Troy Andrews to my pop punk powerhouses,0,0,0,0.00022079084,5,OOD_Class_4
add this song by torch to my Sing Along playlist,0,0,0,0.00023422884,5,OOD_Class_4
play a top twenty symphony of 2010,3,3,0,0.00015509411,5,OOD_Class_4
I'd like to watch movies at the nearest movie house,6,5,0,0.00014415578,5,OOD_Class_4
I feel that Sons and Lovers deserves a rating of 2 .,4,4,1,0.004542089,5,OOD_Class_4
give 2 for this essay,4,4,1,0.0015164693,5,OOD_Class_4
can you add xanadu to Latin Alternative Music,0,0,0,0.00022262924,5,OOD_Class_4
Show me movie schedules,6,5,0,0.00015816903,5,OOD_Class_4
Give the current part of the series 1 points .,4,4,1,0.0003039188,5,OOD_Class_4
I give this current novel 0 points,4,0,1,0.0025260348,5,OOD_Class_4
Tell me the movie schedule for Warren Theatres,6,5,0,0.00014082486,5,OOD_Class_4
I need a pub with a smoking room in Ucolo reserved.,1,1,0,0.00029551802,5,OOD_Class_4
Rate The Watsons four of 6 stars,4,4,1,0.0005428081,5,OOD_Class_4
Book a table for 6 in Verona .,1,1,0,0.00021722549,5,OOD_Class_4
give 4 out of 6 stars to The Nightmare Lands,4,4,1,0.00051665667,5,OOD_Class_4
Rate Cotton Comes to Harlem a 2,4,0,1,0.0018085579,5,OOD_Class_4
Assign 5 stars to Lincoln at Gettysburg,4,0,1,0.00034255369,5,OOD_Class_4
I am giving this current book album 0 out of 6 stars,4,4,1,0.0031921277,5,OOD_Class_4
please add this artist to my Zen Focus playlist,0,0,0,0.00021982176,5,OOD_Class_4
give 3 out of 6 series of The Africa House,4,4,1,0.00016068638,5,OOD_Class_4
rate Mandela The Authorised Biography a one,4,4,1,0.00020131732,5,OOD_Class_4
Rate Blood and Gold saga 0 points,4,4,1,0.000116441544,5,OOD_Class_4
add Joe Gibbs to my The Bachelor Party playlist,0,0,0,0.00022219692,5,OOD_Class_4
gve 2 points to The Stinky Cheese Man and Other Fairly Stupid Tales,4,4,1,0.00022748315,5,OOD_Class_4
Play music off the track Child Maurice,3,3,0,0.00011978298,5,OOD_Class_4
Can you help me find the Author! Author ! trailer ?,5,4,0,0.0001342103,5,OOD_Class_4
rate the current essay a one,4,4,1,0.00032057252,5,OOD_Class_4
rate the Always Running series 0 points,4,4,1,0.00011507564,5,OOD_Class_4
need a table for nine in East Prairie LA,1,1,0,0.00019746019,5,OOD_Class_4
I want to give A Mortal Flower a two,4,0,1,0.0020619838,5,OOD_Class_4
find movie schedules for AMC Theaters,6,5,0,0.00016673122,5,OOD_Class_4
Put this tune onto the signed xoxo playlist.,0,0,0,0.00023570376,5,OOD_Class_4
"add Hello, My Lover, Goodbye to my Deathcore playlist",0,0,0,0.00024582646,5,OOD_Class_4
Give two points to One Virgin Too Many,4,0,1,0.0009851665,5,OOD_Class_4
I would rate the chronicle The Monks of Thelema a 2,4,4,1,0.000569223,5,OOD_Class_4
I want to give this novel zero,4,4,1,0.0005604614,5,OOD_Class_4
I would give the book Lavender and Old Lace a rating of three,4,0,1,0.0029727465,5,OOD_Class_4
I'd like to know what films are scheduled at Alamo Drafthouse Cinema .,6,5,0,0.00017992269,5,OOD_Class_4
Please look up Amrithavaahini,5,4,0,0.000111437344,5,OOD_Class_4
I want to listen to a popular melody by David Bazan,3,3,0,0.00015539523,5,OOD_Class_4
add cross bones style to Guest List TaKe,0,0,0,0.00020389866,5,OOD_Class_4
For the Star Theatres is The Belles of St. Clements playing in 8 minutes,6,5,0,0.000171682,5,OOD_Class_4
Assign three stars out of 6 to The Dune Encyclopedia,4,4,1,0.0014148181,5,OOD_Class_4
find Hear Me Good,6,4,0,0.00015212894,5,OOD_Class_4
Give Wilco Learning How to Die a rating of four points .,4,4,1,0.0063191894,5,OOD_Class_4
Search for The Sound of One Hand Clapping,5,4,0,0.00016071362,5,OOD_Class_4
"What's the forecast for Francisco , Netherlands Antilles around eleven pm ?",2,2,0,0.00012724043,5,OOD_Class_4
I want to add Kiara to my Digster Future Hits playlist,0,0,0,0.00022757772,5,OOD_Class_4
I want to watch the TV show Official Detective,5,4,0,0.00017298025,5,OOD_Class_4
I need a reservation for ten at a tavern in West Virginia,1,1,0,0.00022636271,5,OOD_Class_4
What are the movie schedules for animated movies close by,6,5,0,0.00015910216,5,OOD_Class_4
I rate this essay a two of 6 points,4,0,1,0.0020606893,5,OOD_Class_4
give 0 out of 6 star to Religion and Dharma series,4,4,1,0.0007440615,5,OOD_Class_4
I want to read the book The Minotaur,5,4,0,0.00013430133,5,OOD_Class_4
Add the album to my Perfect Concentration playlist.,0,0,0,0.00021907191,5,OOD_Class_4
Play new Ian Mclagan,3,3,0,0.00022753407,5,OOD_Class_4
rate this essay a 1,4,4,1,0.0017480759,5,OOD_Class_4
play No More Sorrow,3,3,0,0.0009137889,5,OOD_Class_4
play 1970 trunes,3,3,0,0.00019319456,5,OOD_Class_4
What movie theatre playing animated movies is the closest,6,5,0,0.00015925814,5,OOD_Class_4
The horrible book The Black Gryphon only gets 2 out of 6 .,4,4,1,0.0011560651,5,OOD_Class_4
I want to eat by five pm in NE for a six people,1,1,0,0.00022879126,5,OOD_Class_4
Is it warm in Sierra Blanca now,2,2,0,0.00013604444,5,OOD_Class_4
Is there a storm now in NC ?,2,2,0,0.00014285016,5,OOD_Class_4
Find A World Apart .,5,4,0,0.00014037186,5,OOD_Class_4
Can you play a sound track from 1963 ?,3,3,0,0.00014134646,5,OOD_Class_4
Rate Seeing the Big Picture a zero out of 6 points,4,4,1,0.00049827195,5,OOD_Class_4
Play 2012 symphony music by Nardwuar The Human Serviette on Netflix .,3,3,0,0.00019022386,5,OOD_Class_4
give two out of 6 to current book,4,4,1,0.0029436492,5,OOD_Class_4
rate the current saga zero of 6 stars,4,4,1,0.00012384821,5,OOD_Class_4
Rate the current textbook a 0 out of 6 .,4,4,1,0.004158328,5,OOD_Class_4
When Religion Becomes Evil is only worth 1 stars,4,4,1,0.00019049273,5,OOD_Class_4
Can I see the the TV series The Late Music ?,5,4,0,0.00016569618,5,OOD_Class_4
"find The Most Important People , a television show",5,4,0,0.00017282247,5,OOD_Class_4
Give the current essay five points / 6 .,4,4,1,0.0042663286,5,OOD_Class_4
Rate this textbook 4 stars .,4,4,1,0.003020879,5,OOD_Class_4
"What is the weather for Cormorant , ME",2,2,0,0.00013282894,5,OOD_Class_4
I'd give The Hundred Thousand Kingdoms a three of 6,4,0,1,0.003931214,5,OOD_Class_4
Let me hear Chris Knight music,3,3,0,0.00012437213,5,OOD_Class_4
What is the weather forecast for Siler City Russia,2,2,0,0.00013651155,5,OOD_Class_4
What are the movie schedules for Speakeasy Theaters,6,5,0,0.0001667369,5,OOD_Class_4
Add the current tune to my Evening Groove list,0,0,0,0.00023003452,5,OOD_Class_4
I'd like to add this album to funtime .,0,0,0,0.00022003606,5,OOD_Class_4
give one out of 6 points to this essay,4,0,1,0.0066145095,5,OOD_Class_4
The Postman is awful and only gets a 1 out of 6 .,4,4,1,0.00097406644,5,OOD_Class_4
Make me a reservation in Crugers at Marlton Circle for a party of eight,1,1,0,0.00030788605,5,OOD_Class_4
I want to give the current saga a five,4,4,1,0.0020833868,5,OOD_Class_4
Give Grand Conspiracy zero out of 6 points .,4,4,1,0.0023737266,5,OOD_Class_4
rate this book four of 6 points,4,4,1,0.001772684,5,OOD_Class_4
Book a reservation at a restaurant nearby their airbnb,1,1,0,0.00021959636,5,OOD_Class_4
Will it be chilly at Boggs Mountain Demonstration State Forest,2,2,0,0.00013393378,5,OOD_Class_4
what is the forecast for Costa Rica,2,2,0,0.00014077526,5,OOD_Class_4
Play something off my New Boots playlist,3,3,0,0.00015705527,5,OOD_Class_4
Rate the Deception chronicle one of 6 points,4,4,1,0.00027819737,5,OOD_Class_4
Where can I view the photograph The Phantom Horse,5,4,0,0.00013778772,5,OOD_Class_4
What is the nearest movie theatre playing Kate y Leopold ?,6,5,0,0.00015511547,5,OOD_Class_4
Want to eat at The Meatball Shop that's within walking distance of erica's campus,1,1,0,0.0002818419,5,OOD_Class_4
I'd give the current essay a four,4,0,1,0.0018532496,5,OOD_Class_4
What will the weather be in the Flight Park State Recreation Area ?,2,2,0,0.00013671108,5,OOD_Class_4
"What will the weather be like in the Falkland Islands starting may 25, 2022",2,2,0,0.00013995284,5,OOD_Class_4
Put say it ain’t so into my Trap Land playlist.,0,0,0,0.00023893468,5,OOD_Class_4
Rate The Bishop a 1,4,4,1,0.00038743898,5,OOD_Class_4
"How is the weather going to be this week in Roseau , IA .",2,2,0,0.00013295692,5,OOD_Class_4
Rate The Scoop 5 out of 6 points,4,4,1,0.0007749815,5,OOD_Class_4
this series gets 2 out of 6 stars,4,4,1,0.0003243595,5,OOD_Class_4
What is the weather iN Gipsy-Gordon Wildland Park,2,2,0,0.00013967814,5,OOD_Class_4
Find the schedule for movies at the nearest cinema .,6,5,0,0.00014859329,5,OOD_Class_4
add The Darkest Red to this is jennifer lopez,0,0,0,0.0002187496,5,OOD_Class_4
rate The Archivist three out of 6 stars,4,4,1,0.0006438207,5,OOD_Class_4
Give this novel four out of 6 stars .,4,4,1,0.0017831561,5,OOD_Class_4
rate The Road to Reality A Complete Guide to the Laws of the Universe two points,4,4,1,0.00018764677,5,OOD_Class_4
I'd like to watch Monk Comes Down the Mountain,6,5,0,0.00015262324,5,OOD_Class_4
Is it going to be nicer next week in Hamel Belize,2,2,0,0.00011328028,5,OOD_Class_4
rate the book The Rod of Seven Parts 4 points,4,4,1,0.0001861358,5,OOD_Class_4
I give Benson-Meditation 1 out of 6 stars .,4,3,1,0.005319127,5,OOD_Class_4
Rate this chronicle one of 6 points,4,4,1,0.00045376734,5,OOD_Class_4
what is the weather forecast for Kinbrae,2,2,0,0.00012824075,5,OOD_Class_4
show me the photograph with the title The Denial,5,4,0,0.00017935582,5,OOD_Class_4
add song by ian mcdonald to an instrumental sunday,0,0,0,0.00021704765,5,OOD_Class_4
I give Warheart 5 stars .,4,4,1,0.009103025,5,OOD_Class_4
I would like to rate the current book I am reading 0 stars .,4,4,1,0.00024147201,5,OOD_Class_4
Can you play Deezer from 2007 ?,3,3,0,0.00016762348,5,OOD_Class_4
play a seventies ballad by Annunzio Paolo Mantovani on Groove Shark,3,3,0,0.00019492453,5,OOD_Class_4
I give the Ways of Escape chronicle zero out of 6,4,4,1,0.0009187613,5,OOD_Class_4
Play White Noise .,3,3,0,0.00015998761,5,OOD_Class_4
I give Ruled Britannia a rating of five out of 6 .,4,4,1,0.0065887277,5,OOD_Class_4
Give the current book a one out of 6 .,4,4,1,0.0018168368,5,OOD_Class_4
Rate this book three out of 6,4,4,1,0.0008463957,5,OOD_Class_4
I would give Dead Man Falling 5 points and a best rating of 6,4,4,1,0.004450808,5,OOD_Class_4
Play Pacific Ocean Blues by John Doe on Lastfm,3,3,0,0.00022799717,5,OOD_Class_4
This current album would get 6 stars or a rating value of 1,4,0,1,0.00047812358,5,OOD_Class_4
Rate the current saga four stars out of 6,4,4,1,0.00026501945,5,OOD_Class_4
Can you play Halloween by Ajinoam Nini,3,3,0,0.00013673154,5,OOD_Class_4
Use Itunes to play music,3,3,0,0.0001675255,5,OOD_Class_4
rate Peveril of the Peak a five,4,4,1,0.0005752749,5,OOD_Class_4
Book me a reservation for Ad Hoc in Brazil for a party of 7,1,1,0,0.00028113558,5,OOD_Class_4
I want to give The Canon of Medicine one out of 6 stars,4,4,1,0.002009146,5,OOD_Class_4
"book a restaurant for me, angela and mercedes in Cimarron City , Colorado",1,1,0,0.00018173365,5,OOD_Class_4
Rate the current book 1 of 6 points,4,4,1,0.00022713997,5,OOD_Class_4
I need movie times at Fox Theatres around zero PM,6,5,0,0.00014614199,5,OOD_Class_4
I rate three points for the book The Early Coorgs,4,4,1,0.00069355493,5,OOD_Class_4
Rate this book one stars,4,4,1,0.00032984198,5,OOD_Class_4
Play Robin Hood Rescuing Three Squires by Bhupinder Singh,3,3,0,0.00015483199,5,OOD_Class_4
Give the current chronicle a three .,4,4,1,0.0005096017,5,OOD_Class_4
Rate the current novel a 3 .,4,4,1,0.00037149707,5,OOD_Class_4
rate Atop an Underwood Early Stories and Other Writings 0 out of 6 stars,4,4,1,0.000111496425,5,OOD_Class_4
rate this book The Book of Snobs 1 points,4,4,1,0.00032952966,5,OOD_Class_4
Rate the current book a three,4,4,1,0.0002567021,5,OOD_Class_4
Can you look for the creative work called No Gravity,5,4,0,0.00016636905,5,OOD_Class_4
"I'd like a reservation at a place in Iran for neva, alice and maggie parker .",1,1,0,0.00026386164,5,OOD_Class_4
And a body to remember with gets a full 5 stars .,4,0,1,0.0015059581,5,OOD_Class_4
Play Larry Graham sound track,3,3,0,0.00022021853,5,OOD_Class_4
I would give this book a value of 2 and a best rating of 6,4,0,1,0.0065337457,5,OOD_Class_4
Rate Battleaxe five out of 6,4,3,1,0.0010890635,5,OOD_Class_4
rate The Princess Mouse A Tale of Finland one of 6,4,4,1,0.00017783337,5,OOD_Class_4
Rate Adventures in Stationery saga 5 stars,4,4,1,0.000112826885,5,OOD_Class_4
add this song by Chieko Ochi to the drum & breaks playlist,0,0,0,0.00022371972,5,OOD_Class_4
Out of 6 stars I give the chronicle three and look forward to what's next .,4,4,1,0.0006255807,5,OOD_Class_4
Rate this chronicle 0 stars,4,4,1,0.00016193777,5,OOD_Class_4
"I'd like a table for ten in 2 minutes at French Horn, Sonning Eye",1,1,0,0.00022503592,5,OOD_Class_4
find Google News,5,4,0,0.00023344746,5,OOD_Class_4
I rate the book Time and Stars two points,4,4,1,0.00018830146,5,OOD_Class_4
Will it get windy in Ocean Breeze Park ?,2,2,0,0.00013152978,5,OOD_Class_4
I am looking for The Complete Fillmore East Concerts,5,4,0,0.00010951681,5,OOD_Class_4
Rate The Principle of Hope 1 out of 6 stars,4,4,1,0.0008628005,5,OOD_Class_4
I give Cross Country four out of 6 .,4,4,1,0.012901016,5,OOD_Class_4
Play an ep from Mike Harding .,3,3,0,0.00016143941,5,OOD_Class_4
book indian food at a highly rated pub for 1 for 0222 pm,1,1,0,0.0002591574,5,OOD_Class_4
what are the movie times for United Paramount Theatres,6,5,0,0.00014830318,5,OOD_Class_4
Give four / 6 points to Empire of Death,4,0,1,0.003134305,5,OOD_Class_4
Play the top track by Claudja Barry on Last Fm,3,3,0,0.00019597505,5,OOD_Class_4
rate Personal Demons 0 out of 6 points,4,4,1,0.00045192405,5,OOD_Class_4
The Mystery of the Brass Bound Trunk deserves only a 1 star rating.,4,4,1,0.0014852139,5,OOD_Class_4
I rate this essay 5 of 6 points,4,0,1,0.005261015,5,OOD_Class_4
whats the movie schedules for animated movies close by,6,5,0,0.00015879326,5,OOD_Class_4
what movie is playing at Showcase Cinemas,6,5,0,0.00015956868,5,OOD_Class_4
rate Of Old Hearts and Swords a 0,4,4,1,0.0001916581,5,OOD_Class_4
Rate this awful book called Cold with 0 out of 6 points,4,4,1,0.00037291815,5,OOD_Class_4
Rate The Keys to the White House a zero,4,4,1,0.00036849154,5,OOD_Class_4
Give Home from the Hill a 3,4,4,1,0.00059321563,5,OOD_Class_4
What song is Detective Conan Dimensional Sniper,5,4,0,0.00015641481,5,OOD_Class_4
I'd like to find the soundtrack Tianjin Today Evening News,5,4,0,0.00010218654,5,OOD_Class_4
rate this textbook a 4,4,4,1,0.0027439466,5,OOD_Class_4
I am giving this current album a rating of four out of 6 points,4,0,1,0.003415689,5,OOD_Class_4
rate Special Assignments 0 of 6 points,4,4,1,0.0007803039,5,OOD_Class_4
Rate this album three of 6 points,4,4,1,0.0044978876,5,OOD_Class_4
Book a reservation for nine at an outdoor restaurant,1,1,0,0.00025723298,5,OOD_Class_4
I want to hear a top five ballad from 2002,3,3,0,0.00016712694,5,OOD_Class_4
give 1 stars to book Mr Ponsonby,4,0,1,0.0023218112,5,OOD_Class_4
Rate the current essay 5 of 6 points,4,4,1,0.0003294415,5,OOD_Class_4
Play While We Were Waiting by Sippie Wallace on Vimeo,3,3,0,0.00016397753,5,OOD_Class_4
"Will there be a blizzard here on dec. 26, 2027 ?",2,2,0,0.00012798916,5,OOD_Class_4
rate The White Goddess 2 of 6,4,4,1,0.0004224249,5,OOD_Class_4
What time is The Message playing at Loews Cineplex ?,6,5,0,0.00019510867,5,OOD_Class_4
Play the playlist funtime activity,3,3,0,0.00012468874,5,OOD_Class_4
Give the current essay 3,4,4,1,0.00023048697,5,OOD_Class_4
Rate Seeing with the Eyes of Love 5 points,4,4,1,0.00037371492,5,OOD_Class_4
Can you find me the Spectres television show ?,5,4,0,0.00015705235,5,OOD_Class_4
book a diner for 1 in Green Isle,1,1,0,0.00020342438,5,OOD_Class_4
Rate The Philosophic Thought of Ayn Rand three of 6 stars,4,4,1,0.00016854255,5,OOD_Class_4
add this album to Digster Future Hits,0,0,0,0.00022768836,5,OOD_Class_4
Rate The Desert Column 3 out of 6,4,4,1,0.0004807402,5,OOD_Class_4
Rate 12 The Elements of Great Managing a 0,4,4,1,0.00047909422,5,OOD_Class_4
Rate the current essay 4 stars,4,4,1,0.00027530105,5,OOD_Class_4
this is a 1 star textbook,4,4,1,0.0014683662,5,OOD_Class_4
Please add a track by david freiberg to my workout playlist.,0,0,0,0.00022558172,5,OOD_Class_4
I would rate The Best Science Fiction Stories and Novels Ninth Series 5 points,4,4,1,0.00016683796,5,OOD_Class_4
add track to Punk Essentials,0,0,0,0.00022768759,5,OOD_Class_4
Play something from 2004 by Imogen Heap on spotify,3,3,0,0.0002108651,5,OOD_Class_4
Give me some movie schedules .,6,5,0,0.00014486628,5,OOD_Class_4
Rate Recovery Road a three,4,4,1,0.00025879967,5,OOD_Class_4
Rate my current textbook four out of 6,4,3,1,0.002163176,5,OOD_Class_4
Ethiopia Ellenton has snow weather at eight PM,2,2,0,0.00011561297,5,OOD_Class_4
rate the book Dies the Fire one points,4,4,1,0.000121677775,5,OOD_Class_4
Give 2 out of 6 points to the following textbook .,4,0,1,0.06693763,5,OOD_Class_4
rate this textbook 2 out of 6,4,4,1,0.0016896692,5,OOD_Class_4
Rate The Empty Throne a 4,4,4,1,0.0006615763,5,OOD_Class_4
Rate this album 4 points,4,4,1,0.0029383267,5,OOD_Class_4
I want to give the current novel 5 out of 6 points,4,4,1,0.002793749,5,OOD_Class_4
PLpay the top ten track from Asia Nitollano on spotify .,3,3,0,0.00016332557,5,OOD_Class_4
Rate this essay four out of 6,4,4,1,0.00073303585,5,OOD_Class_4
what is the freezing forecast for British Virgin Islands,2,2,0,0.00013617813,5,OOD_Class_4
Play some rock music on Youtube,3,3,0,0.00018791156,5,OOD_Class_4
Tell me the weather for Sewickley at twelve am,2,2,0,0.00013334388,5,OOD_Class_4
give five out of 6 to this book,4,4,1,0.0031877554,5,OOD_Class_4
Give The Fox and the Hound a 1,4,4,1,0.00026525915,5,OOD_Class_4
Rate And No More Shall We Part chronicle 4,4,4,1,0.00019583775,5,OOD_Class_4
Play the heinz strobl ep from 2016 on Groove Shark,3,3,0,0.0001643828,5,OOD_Class_4
I would give this current chronicle three points,4,0,1,0.0018401988,5,OOD_Class_4
What time is Mighty Morphin Power Rangers The Movie at Magic Johnson Theatres ?,6,5,0,0.00017336078,5,OOD_Class_4
book fast food that is highly rated,1,1,0,0.00024604992,5,OOD_Class_4
Will it be cloudy in Tatamy ?,2,2,0,0.00012296613,5,OOD_Class_4
Add this tune to the Spinnin' Records Top 100 list,0,0,0,0.00023410885,5,OOD_Class_4
book me a restaurant,1,1,0,0.00020254496,5,OOD_Class_4
Show the forecast nearby in twenty two minutes in French Polynesia,2,2,0,0.0001450914,5,OOD_Class_4
give two out of 6 to A Christmas Carol,4,4,1,0.0014930455,5,OOD_Class_4
How will the weather be on May 9 in Wyoming ?,2,2,0,0.00012780291,5,OOD_Class_4
I want to book a table at a nearby restaurant in Andorra for me and my kids .,1,1,0,0.00023627107,5,OOD_Class_4
give five points to current textbook,4,4,1,0.007812933,5,OOD_Class_4
give 3 out of 6 points to current novel,4,4,1,0.0021444024,5,OOD_Class_4
What movies are starting in 1 second at a theater in the neighborhood ?,6,5,0,0.00015106236,5,OOD_Class_4
find TV series titled Sonata Mix Dwarf Cosmos,5,4,0,0.000158115,5,OOD_Class_4
rate the last saga 3,4,4,1,0.00013455357,5,OOD_Class_4
rate the current book 5 of 6 points,4,4,1,0.00031764098,5,OOD_Class_4
Book a restaurant .,1,1,0,0.00018646325,5,OOD_Class_4
rate the current essay three points,4,4,1,0.00017172856,5,OOD_Class_4
"Book a table at Central Grocery on Mar. 22nd, 2020",1,1,0,0.00017552768,5,OOD_Class_4
Find a reservation at Fish Express,1,1,0,0.00022241779,5,OOD_Class_4
book a spot for ten at a pub that has umbrian in NV on feb. the fourth,1,1,0,0.00024002173,5,OOD_Class_4
I give 3 of 6 stars for the current textbook,4,4,1,0.0033825338,5,OOD_Class_4
Give Physics of the Impossible four points .,4,6,1,0.79504746,5,OOD_Class_4
I would rate this current essay a 0,4,0,1,0.00042099718,5,OOD_Class_4
rate the book saga West with the Night a 2,4,4,1,0.00018635957,5,OOD_Class_4
Give this album a rating of 4 .,4,4,1,0.0063242195,5,OOD_Class_4
Play the album Have Another Ball,3,3,0,0.0001448456,5,OOD_Class_4
"Will the weather be temperate on jan. the thirteenth, 2028 at Christmas Island ?",2,2,0,0.000117106036,5,OOD_Class_4
Give this saga a 1 .,4,0,1,0.0070253536,5,OOD_Class_4
Is The Ghost playing,6,5,0,0.00021557446,5,OOD_Class_4
rate Tragedy Day a 4,4,4,1,0.00011669717,5,OOD_Class_4
rate this essay three of 6 stars,4,4,1,0.00038903783,5,OOD_Class_4
Rate this essay a 1,4,4,1,0.0017480759,5,OOD_Class_4
book a table around London Borough of Ealing that is highly rated in a gluten free bar,1,1,0,0.00020491504,5,OOD_Class_4
Find a show called Friday Download .,5,4,0,0.0001751955,5,OOD_Class_4
I'd give A Man Called Ove a 1,4,0,1,0.0016539568,5,OOD_Class_4
Make reservations at a restaurant in Adrian that serves cheese steak,1,1,0,0.00024499503,5,OOD_Class_4
What films are showing at National Amusements,6,5,0,0.00016287513,5,OOD_Class_4
I give a rating of 3 to The Ultimate Resource .,4,0,1,0.0023201653,5,OOD_Class_4
give four out of 6 stars to current essay,4,0,1,0.0011021493,5,OOD_Class_4
Show The Matrix Revolutions,5,4,0,0.00024436042,5,OOD_Class_4
Rate the Tropic of Cancer book a 2 out of 6,4,4,1,0.0007218734,5,OOD_Class_4
give four stars out of 6 to current book,4,0,1,0.001972208,5,OOD_Class_4
Freud The Mind of the Moralist should be rated 2 stars with a best rating of 6,4,4,1,0.00092549564,5,OOD_Class_4
Add inconfundible to Stomp & Holler,0,0,0,0.00025054993,5,OOD_Class_4
I'm looking for the show Pulse 2 Afterlife,5,4,0,0.00016092225,5,OOD_Class_4
Add knocked out loaded to the spring vibes playlist.,0,0,0,0.0002288024,5,OOD_Class_4
find movie times,6,5,0,0.00014178304,5,OOD_Class_4
I am giving Paedophilia The Radical Case a rating of 2 out of 6 points,4,4,1,0.003702067,5,OOD_Class_4
give the current book 0 out of 6 points,4,4,1,0.0006775164,5,OOD_Class_4
Find time for The Thirty Nine Steps,6,5,0,0.00017197334,5,OOD_Class_4
give one star to The Indestructible Man,4,4,1,0.00035111714,5,OOD_Class_4
Play the album Qr Iii by bobby bare,3,3,0,0.00016175602,5,OOD_Class_4
rate the current novel one out of 6,4,4,1,0.0003110294,5,OOD_Class_4
add Bedroom Jams to album,0,0,0,0.00022328347,5,OOD_Class_4
Rate the Blood on the Moon saga a three,4,4,1,0.00012939094,5,OOD_Class_4
Play me a song from the twenties by Randy Bachman,3,3,0,0.00012933274,5,OOD_Class_4
give 5 out of 6 stars to The Intimidators chronicle,4,4,1,0.00075786706,5,OOD_Class_4
give the current book a zero of 6,4,4,1,0.0008002255,5,OOD_Class_4
I give The Monkey and the Tiger a rating of 2 points .,4,4,1,0.0031349037,5,OOD_Class_4
I rate the book Rusty String Quartet a 4,4,4,1,0.0005836068,5,OOD_Class_4
find a cinema closest with animated movies,6,5,0,0.00014628212,5,OOD_Class_4
Play the most popular ep by marcel khalife on Netflix,3,3,0,0.000188282,5,OOD_Class_4
play a top 50 tune from the twenties by Willi Williams,3,3,0,0.00018124728,5,OOD_Class_4
play the album by Paul Barker playing the greatest from 1978,3,3,0,0.00016478426,5,OOD_Class_4
When is Twentynine Palms playing at Plitt Theatres ?,6,5,0,0.0001838296,5,OOD_Class_4
rate Girls Forever Brave and True zero points,4,4,1,0.0001237643,5,OOD_Class_4
rate the current book series two out of 6 stars,4,4,1,0.00014788465,5,OOD_Class_4
Give this album one stars,4,4,1,0.0010338884,5,OOD_Class_4
Dragon Age The Stolen Throne gets 1 points,4,4,1,0.00018475918,5,OOD_Class_4
play Chance Of A Lifetime on Zvooq,3,3,0,0.0001989351,5,OOD_Class_4
add farruko presenta los menores to my amor amor playlist,0,0,0,0.00022068268,5,OOD_Class_4
Find Pat Garrett y Billy the Kid .,5,4,0,0.00017762798,5,OOD_Class_4
I want to add Sin rencor to my playlist entitled te quiero,0,0,0,0.00021139935,5,OOD_Class_4
add a tune in Chill Vibes,0,0,0,0.00023104674,5,OOD_Class_4
zero points for Birds of South Asia. The Ripley Guide,4,4,1,0.0003256279,5,OOD_Class_4
book a restaurant in AL at Oak Ridge,1,1,0,0.0002276607,5,OOD_Class_4
give 4 out of 6 stars to this textbook,4,0,1,0.0013736968,5,OOD_Class_4
Which cinema is currently showing The Youngest Profession ?,6,5,0,0.00014742932,5,OOD_Class_4
mark The Final Battle score two out of 6,4,4,1,0.00013474119,5,OOD_Class_4
Rate the current novel one points,4,4,1,0.00013976792,5,OOD_Class_4
Will it storm in Kinder Russia,2,2,0,0.00015758137,5,OOD_Class_4
give 3 out of 6 to current textbook,4,4,1,0.003017747,5,OOD_Class_4
Rate this saga two out of 6 .,4,4,1,0.00044437888,5,OOD_Class_4
what is the forecast for Montana at dinner,2,2,0,0.00013960946,5,OOD_Class_4
Rate this album 0 points,4,4,1,0.0015630889,5,OOD_Class_4
Play celtic music,3,3,0,0.00021224718,5,OOD_Class_4
book a spot at an osteria that has goiano in Ward Springs,1,1,0,0.00022725518,5,OOD_Class_4
"Book The Crown at Whitebrook in the Solomon Islands for Dec. the twenty-third, 2029 .",1,1,0,0.00021469219,5,OOD_Class_4
Rate The Doomsters four out of 6 stars,4,4,1,0.0013040319,5,OOD_Class_4
Add autry inman to my Hanging Out and Relaxing playlist.,0,0,0,0.00022869004,5,OOD_Class_4
I give the saga to The Woven Path 1 stars and a best rating of 6,4,4,1,0.0004112393,5,OOD_Class_4
Book a restaurant on san jacinto day in Anderson for me and my colleagues .,1,1,0,0.00022729622,5,OOD_Class_4
need a table somewhere in McLaurin Connecticut,1,1,0,0.00015224669,5,OOD_Class_4
I wish to rate zero points out of 6 to The Crack in Space .,4,0,1,0.0029816688,5,OOD_Class_4
add apathy to my electro sur playlist,0,0,0,0.00022284963,5,OOD_Class_4
What is the forecast on 12/9/2039 at Florida Caverns State Park,2,2,0,0.00014298971,5,OOD_Class_4
rate the current chronicle a five,4,4,1,0.00019614058,5,OOD_Class_4
Add Tunnel of Love to ethel's metal crash course palylist,0,0,0,0.000211708,5,OOD_Class_4
play Bliss Torn from Emptiness,5,3,0,0.0004828685,5,OOD_Class_4
rate The Knife That Killed Me a three,4,4,1,0.00018082275,5,OOD_Class_4
What is the movie schedule at Cineplex Odeon Corporation 12 hours from now,6,5,0,0.00018196263,5,OOD_Class_4
Rate Lamy of Santa Fe 5 of 6 stars,4,4,1,0.0060108006,5,OOD_Class_4
Give zero out of 6 to the current album,4,0,1,0.00049248344,5,OOD_Class_4
Play mere lapsed by Marilyn Moore .,3,3,0,0.00016885917,5,OOD_Class_4
Play an album from 1987 .,3,3,0,0.00013566908,5,OOD_Class_4
Rate this book a zero,4,4,1,0.0006420375,5,OOD_Class_4
play The Nubians of Plutonia trailer,5,4,0,0.00018427947,5,OOD_Class_4
Show films at the nearest cinema,6,5,0,0.00013529348,5,OOD_Class_4
Rate Gota’s War a one,4,4,1,0.00036025402,5,OOD_Class_4
Book a reservation at a restaraunt in CT,1,1,0,0.00023066695,5,OOD_Class_4
I am rating this book named The Infinite Man 5 stars,4,4,1,0.0031771814,5,OOD_Class_4
give one points to current book,4,4,1,0.0005726738,5,OOD_Class_4
rate this textbook a four,4,4,1,0.0024671683,5,OOD_Class_4
rate The Breaking Point a three,4,4,1,0.00023967614,5,OOD_Class_4
Give this album a five out of 6,4,4,1,0.0040218905,5,OOD_Class_4
What movies are playing at Dipson Theatres,6,5,0,0.0001534575,5,OOD_Class_4
"What's the forecast for Emily , Florida for aug. 17th, 2020 ?",2,2,0,0.00012949709,5,OOD_Class_4
Rate Lost Boys Why Our Sons Turn Violent and How We Can Save Them zero of 6,4,4,1,0.00035882197,5,OOD_Class_4
rate this album a 1,4,0,1,0.00075258926,5,OOD_Class_4
What's the weather in Low Moor,2,2,0,0.0001280528,5,OOD_Class_4
Big Breasts and Wide Hips is terrible and 1 out of 6,4,4,1,0.006367441,5,OOD_Class_4
Rate my current book 3 out of 6,4,4,1,0.00064275216,5,OOD_Class_4
"I want to book a bar in Bow Mar , New Mexico",1,1,0,0.0001764891,5,OOD_Class_4
add megon mcdonough indie songs for slackers to my playlist artist,0,0,0,0.0002310482,5,OOD_Class_4
I want to give this current novel 4 points,4,0,1,0.0030665658,5,OOD_Class_4
What are the movie times at Caribbean Cinemas,6,5,0,0.00016495385,5,OOD_Class_4
this essay should get 1 of the points,4,0,1,0.0017665558,5,OOD_Class_4
find Harry Potter and the Deathly Hallows – Part 2,5,4,0,0.00016098673,5,OOD_Class_4
"Tell me the humidity index for Elizabethville , Indiana",2,2,0,0.00021450612,5,OOD_Class_4
Play some Armik from the fourties,3,3,0,0.00022033442,5,OOD_Class_4
Rate The Postman Always Rings Twice zero stars out of 6 .,4,4,1,0.0005487523,5,OOD_Class_4
add 9th Inning to my bossa nova dinner playlist,0,0,0,0.00023779777,5,OOD_Class_4
this essay deserves 0 stars .,4,0,1,0.00043322568,5,OOD_Class_4
Rate this novel five of 6,4,4,1,0.00038917793,5,OOD_Class_4
rate the previous essay 1 of 6 stars,4,4,1,0.00021448724,5,OOD_Class_4
What is the weather like in North Salt Lake and Afghanistan ?,2,2,0,0.00013160234,5,OOD_Class_4
Rate The Abyss of Wonders 4 out of 6 .,4,4,1,0.00081242376,5,OOD_Class_4
rate the current novel a 2,4,4,1,0.00024705258,5,OOD_Class_4
Show Panic in the Streets,5,4,0,0.0001547668,5,OOD_Class_4
Book a reservation for Clinton Street Baking Company & Restaurant distant from downtown,1,1,0,0.00021859728,5,OOD_Class_4
Rate Star Wars - The Old Republic Revan 1 points,4,4,1,0.00019315736,5,OOD_Class_4
Rate The High Deeds of Finn MacCool one out of 6,4,4,1,0.00030918128,5,OOD_Class_4
Book a table for 8 at a restaurant that serves far breton .,1,1,0,0.0002582534,5,OOD_Class_4
Give this textbook 0 out of 6 stars,4,4,1,0.003588013,5,OOD_Class_4
"What will the humidity be like in VI on june the fourteenth, 2020 ?",2,2,0,0.00012176941,5,OOD_Class_4
"Will it be windy in Breaux Bridge , Turks and Caicos Islands eleven hours from now ?",2,2,0,0.00012153123,5,OOD_Class_4
Give this chronicle 4 stars,4,4,1,0.00057087856,5,OOD_Class_4
Ad Amal Hijazi tune to my Pura Vida,0,0,0,0.0001635331,5,OOD_Class_4
Find me The Rise and Fall of the Great Lakes saga .,5,4,0,0.00015859584,5,OOD_Class_4
show movie schedule of films in the area,6,5,0,0.00015586945,5,OOD_Class_4
Make this essay two out 6 stars,4,0,1,0.001514723,5,OOD_Class_4
Rate my current textbook 1 out of 6 points,4,4,1,0.0019244164,5,OOD_Class_4
What is the movie schedules for movies in the neighbourhood,6,5,0,0.00015910108,5,OOD_Class_4
find the song Occasional Wife,5,4,0,0.0001277609,5,OOD_Class_4
play a track by Alpha Blondy with Deezer,3,3,0,0.00014799988,5,OOD_Class_4
Rate The Drowning a 3 .,4,4,1,0.0022087013,5,OOD_Class_4
Please book me a table for next week at a top-rated restaurant,1,1,0,0.00027545376,5,OOD_Class_4
Add artist to playlist Epic Gaming,0,0,0,0.00021832432,5,OOD_Class_4
Rate this textbook 3 of 6,4,4,1,0.00082161033,5,OOD_Class_4
Please rate this book and album 4 to 6 stars .,4,4,1,0.0032793016,5,OOD_Class_4
The Coming Insurrection should get a rating of 1,4,0,1,0.0010620983,5,OOD_Class_4
Will it be freezing here at 063122 am,2,2,0,0.00013315243,5,OOD_Class_4
I give the current textbook a four points rating,4,4,1,0.006794412,5,OOD_Class_4
Book a table for cherie and josephine in Indonesia,1,1,0,0.00021343469,5,OOD_Class_4
find a saga with 0 rating called Poems for Midnight,4,4,1,0.00015874395,5,OOD_Class_4
add ojuelegba to trabajo ritmos dance,0,0,0,0.00022122212,5,OOD_Class_4
I want to book an indoor brasserie within walking distance in ME .,1,1,0,0.00021361392,5,OOD_Class_4
I would rate this essay a one and a best rating of 6,4,0,1,0.003417215,5,OOD_Class_4
Show the forecast for two years from now in Lake Telemark Sudan,2,2,0,0.00013878878,5,OOD_Class_4
Will it snow in my current location,2,2,0,0.00013744419,5,OOD_Class_4
Rate this album 2 stars,4,4,1,0.0011215279,5,OOD_Class_4
I would give Basic Battle Skills a rating of four,4,0,1,0.006154374,5,OOD_Class_4
Find movie schedules .,6,5,0,0.0001351616,5,OOD_Class_4
I would rate this book a value of 3 and a best rating of 6,4,4,1,0.0074821087,5,OOD_Class_4
What's the weather at four pm in Honduras,2,2,0,0.00013465704,5,OOD_Class_4
Rate this book 3 out of 6 points,4,4,1,0.0008644212,5,OOD_Class_4
Is it cloudy in Tingley ?,2,2,0,0.00012405118,5,OOD_Class_4
rate Lone Wolf 3 points,4,4,1,0.0004882924,5,OOD_Class_4
"book for six on jan. 18, 2029",1,1,0,0.00023225775,5,OOD_Class_4
I give The Homo Handbook saga 3 of 6 stars,4,4,1,0.0005711942,5,OOD_Class_4
play shara worden,3,3,0,0.00016001776,5,OOD_Class_4
Where can I see the show Latin for Lovers ?,5,4,0,0.00013819417,5,OOD_Class_4
give The Zenith Angle one out of 6 points,4,4,1,0.023935499,5,OOD_Class_4
this textbook rates a 4 of 6 .,4,4,1,0.005203551,5,OOD_Class_4
The Only Snow in Havana deserves a best rating of 6 and 5 points,4,2,1,0.0003571631,5,OOD_Class_4
Make me a reservation in TN somewhere nearby for a party of 4,1,1,0,0.00026116747,5,OOD_Class_4
I would rate The Persistence of Vision 1 stars and a best rating of 6,4,4,1,0.0013339012,5,OOD_Class_4
I'd like to rate the book White Dawns at zero of 6 stars .,4,4,1,0.00072448177,5,OOD_Class_4
Can i get the showtimes for Man in Blues ?,6,5,0,0.00015632118,5,OOD_Class_4
Book a table for tomorrow for five people.,1,1,0,0.00027831178,5,OOD_Class_4
rate the last textbook three stars,4,4,1,0.00017926525,5,OOD_Class_4
give four points to this novel,4,4,1,0.00830342,5,OOD_Class_4
Rate The Guilty 0 of 6 points,4,4,1,0.00034002287,5,OOD_Class_4
I rate this novel 2 of 6 points,4,4,1,0.003747078,5,OOD_Class_4
rate the last book 0 stars,4,4,1,0.0001590574,5,OOD_Class_4
find The Terror Within,6,5,0,0.0011434527,5,OOD_Class_4
show animated movie at Century Theatres,6,5,0,0.00014829029,5,OOD_Class_4
Programming the Universe is average and deserves three stars out of 6 .,4,4,1,0.0021204154,5,OOD_Class_4
the points given are five for Dust and Shadow,4,4,1,0.006943566,5,OOD_Class_4
Please put another tune into the laundry playlist.,0,0,0,0.00021409352,5,OOD_Class_4
table for 4 in Sparks,1,1,0,0.00016795316,5,OOD_Class_4
rate this album three stars,4,4,1,0.0012556472,5,OOD_Class_4
Rate the Rogue Lawyer 4 out of 6,4,4,1,0.0005411276,5,OOD_Class_4
table for nine at an internet pub,1,1,0,0.00038541912,5,OOD_Class_4
Play Iheart,3,3,0,0.00020105434,5,OOD_Class_4
0 stars for this textbook,4,0,1,0.0019916925,5,OOD_Class_4
Play some chant music from 2008 .,3,3,0,0.00018222176,5,OOD_Class_4
What's the weather going to be like around Lewis and Clark Trail sixteen hours from now ?,2,2,0,0.00012981589,5,OOD_Class_4
Find me the movie schedules at Fox Theatres,6,5,0,0.00014614624,5,OOD_Class_4
Rate the current novel 3 stars,4,4,1,0.00029194992,5,OOD_Class_4
Give zero out of 6 stars to this album,4,0,1,0.0008279097,5,OOD_Class_4
rate the current album 5 out of 6 points,4,3,1,0.00072478544,5,OOD_Class_4
give five stars to The Songlines,4,0,1,0.0017812105,5,OOD_Class_4
give Song of Scarabaeus five of 6 stars,4,4,1,0.0012108026,5,OOD_Class_4
Play me a seventies ep,3,3,0,0.00010889192,5,OOD_Class_4
rate this book 5 stars out of 6,4,4,1,0.00052761013,5,OOD_Class_4
A Writing Kind of Day deserves three points and a best rating of 6,4,0,1,0.0014046727,5,OOD_Class_4
give five out of 6 stars to The Arrows of Hercules,4,4,1,0.0022649013,5,OOD_Class_4
Give the current book four stars,4,4,1,0.0005556078,5,OOD_Class_4
Find the movie schedule .,6,5,0,0.0001303645,5,OOD_Class_4
Play music from 1996 .,3,3,0,0.00019992821,5,OOD_Class_4
Freud A Life for Our Time deserves a solid 4,4,0,1,0.0017479988,5,OOD_Class_4
What movie theatre is palying The Hurricane five hours from now,6,5,0,0.00015786111,5,OOD_Class_4
Add louis nelson delisle to the pulse of americana,0,0,0,0.00022846555,5,OOD_Class_4
Rate this textbook 1 of 6,4,4,1,0.0007691192,5,OOD_Class_4
Add Cleo Laine to psychedelic rock,0,0,0,0.00023104536,5,OOD_Class_4
rate The Plutonium Files a five,4,4,1,8.976219e-05,5,OOD_Class_4
I need reservations at Khedive Palace that's close in town .,1,1,0,0.00029705616,5,OOD_Class_4
What movies are showing now at the closest cinema ?,6,5,0,0.00015226613,5,OOD_Class_4
Is The Little Irish Girl playing,6,5,0,0.00020989034,5,OOD_Class_4
What's the cloud forecast now for Sierra Leone ?,2,2,0,0.00013413228,5,OOD_Class_4
"Check the forecast for Hulmeville , WV .",2,2,0,0.000141458,5,OOD_Class_4
find Reproductions Songs of The Human League,5,4,0,0.000120033095,5,OOD_Class_4
I give the Knife of Dreams saga a 0 of 6,4,4,1,0.0005492593,5,OOD_Class_4
rate the current novel zero points,4,4,1,0.00014785325,5,OOD_Class_4
What time is Swarna Trishna playinh at Loews Cineplex,6,5,0,0.00021053829,5,OOD_Class_4
give this saga a 4,4,4,1,0.0022947358,5,OOD_Class_4
I am giving Fifty Years a Hunter and Trapper a 1 rating.,4,0,1,0.001751304,5,OOD_Class_4
Play the last 1954 ep by Povel Ramel .,3,3,0,0.0001457064,5,OOD_Class_4
rate this current textbook 0 points,4,4,1,0.0010247914,5,OOD_Class_4
search for a painting of The Wannadies,5,4,0,0.000144261,5,OOD_Class_4
the current saga gets 0 out of 6,4,4,1,0.00033875936,5,OOD_Class_4
What movies are currently playing at the Caribbean Cinemas,6,5,0,0.00016560103,5,OOD_Class_4
the following essay is worth four out 6,4,0,1,0.0019686366,5,OOD_Class_4
add this song to my Love Hurts playlist,0,0,0,0.00023721898,5,OOD_Class_4
I give The Lady Decides a rating value of 4 and a best rating of 6,4,4,1,0.0039950185,5,OOD_Class_4
Find a trailer called Storm Center .,5,4,0,0.00017812292,5,OOD_Class_4
Please search Cardin in Australia saga,5,4,0,0.00017958251,5,OOD_Class_4
Give this book zero stars,4,4,1,0.00054983574,5,OOD_Class_4
"I need a weather forecast for São Tomé and Príncipe on December 8th, 2026",2,2,0,0.00014097094,5,OOD_Class_4
Give the current novel 4 of 6 stars,4,4,1,0.00087321136,5,OOD_Class_4
play Are & Be,3,3,0,0.00013580706,5,OOD_Class_4
"my rating for Dilvish, the Damned is 4 out of 6",4,4,1,0.0018055923,5,OOD_Class_4
Make a reservation for 7 people at a gastropub on Isle of Man .,1,1,0,0.00028476006,5,OOD_Class_4
I want to watch Manthan,5,5,0,0.0001678497,5,OOD_Class_4
find a photograph called The Wish List,5,4,0,0.00014496094,5,OOD_Class_4
Give Star Trek The Motion Picture a five out of 6 .,4,4,1,0.0004613891,5,OOD_Class_4
Add this artist to my This Is Philip Glass playlist,0,0,0,0.00021875091,5,OOD_Class_4
Will it be warmer in five years in Slemp Kansas,2,2,0,0.00012284594,5,OOD_Class_4
Is there a lot of sun in Qatar ?,2,2,0,0.00013439053,5,OOD_Class_4
I want a song by john schlitt in the bajo las estrellas playlist.,0,0,0,0.0001868959,5,OOD_Class_4
What is the local movie times,6,5,0,0.00015496138,5,OOD_Class_4
give The Judas Tree a zero,4,4,1,0.00043886778,5,OOD_Class_4
rate Break No Bones series a 1 of 6,4,4,1,0.0001381124,5,OOD_Class_4
book a cafe for one in the Cocos Islands,1,1,0,0.0002063954,5,OOD_Class_4
Put another track in the keep calm playlist.,0,0,0,0.00023331019,5,OOD_Class_4
Give Bruce Lee The Man Only I Knew 5 points .,4,4,1,0.00047520825,5,OOD_Class_4
Show me when and where I can see Song of Summer,6,5,0,0.0002857662,5,OOD_Class_4
Book a steakhouse with a pool for eight people.,1,1,0,0.00032187134,5,OOD_Class_4
Give this essay a 2 out of 6 .,4,4,1,0.0056418944,5,OOD_Class_4
rate this book called The Last of the Wine two out of 6 points,4,4,1,0.00043224444,5,OOD_Class_4
Rate CIA World Factbook five out of 6 stars,4,4,1,0.00016056835,5,OOD_Class_4
Give me an album from 1972 to listen to.,3,4,0,0.0014154523,5,OOD_Class_4
How can I rate the current chronicle 5 stars ?,4,4,1,0.00039583593,5,OOD_Class_4
I want to give The Plague Lords of Ruel 0 stars,4,4,1,0.00026973875,5,OOD_Class_4
Add ricky nelson to my Classical X playist,0,0,0,0.00022947139,5,OOD_Class_4
Is Blood Is Not Fresh Water playing at this movie theatre at 2 AM ?,6,5,0,0.00017202769,5,OOD_Class_4
rate How to Eat Fried Worms two stars,4,4,1,0.00026409054,5,OOD_Class_4
Play Tujiko Noriko 's Ten Years And Running .,3,3,0,0.00014885112,5,OOD_Class_4
give Rathinirvedam a rating of 3 out of 6,4,4,1,0.0018341024,5,OOD_Class_4
Add gregory douglass to my WHM list,0,0,0,0.00023342804,5,OOD_Class_4
Rate this current novel 5 points,4,4,1,0.0004421654,5,OOD_Class_4
show creativity of The Force Behind the Power,5,4,0,0.00018068754,5,OOD_Class_4
I want to hear Ready by Frankenstein Drag Queens From Planet 13,3,3,0,0.00015862363,5,OOD_Class_4
Rate the current album 4 out of 6 stars,4,3,1,0.00089807226,5,OOD_Class_4
"Rate The Astonishing Life of Octavian Nothing, Traitor to the Nation, Volume II The Kingdom on the Waves series 2 points",4,4,1,0.00023325236,5,OOD_Class_4
Where can I watch the TV series Breed the Pain ?,5,4,0,0.00017449966,5,OOD_Class_4
Will it be windy at Medicine Rocks State Park on May 24,2,2,0,0.00012987654,5,OOD_Class_4
Can I listen to Dj Vibe 's top 10 ?,3,3,0,0.00013134327,5,OOD_Class_4
look up Holy Water,5,4,0,0.00014978433,5,OOD_Class_4
Add kjetil vidar haraldstad to my para entrenar playlist.,0,0,0,0.00022154405,5,OOD_Class_4
add tune to my this is john williams playlist,0,0,0,0.00021556971,5,OOD_Class_4
five points for this novel,4,0,1,0.004200114,5,OOD_Class_4
Please look up the Beauty on the Fire show .,5,4,0,0.00014328421,5,OOD_Class_4
give four out of 6 points to current album,4,0,1,0.0012871454,5,OOD_Class_4
I am rating this book called Nuclear War Survival Skills zero stars,4,4,1,0.00048392633,5,OOD_Class_4
rate Eleanor Rigby a 3,4,3,1,0.00022132871,5,OOD_Class_4
what time is The Challenge showing at the local movie house,6,5,0,0.00016608372,5,OOD_Class_4
I'd like to see the show Onion SportsDome,5,4,0,0.00015103257,5,OOD_Class_4
Please book a room to accommodate one in 11 weeks near Bahamas restaurant,1,1,0,0.00021426727,5,OOD_Class_4
3 out of 6 for the last album,4,4,1,0.0013670793,5,OOD_Class_4
Rate this series a 5,4,4,1,0.0006732609,5,OOD_Class_4
is it warm in Fernandina Beach Slovakia,2,2,0,0.00013295532,5,OOD_Class_4
Find a book called Environment and Behavior .,5,4,0,0.00024802383,5,OOD_Class_4
restaurant in Bulgaria this week party for 9 numbers,1,1,0,0.0002163446,5,OOD_Class_4
Rate the White Lies chronicle 0 stars,4,4,1,0.000113092006,5,OOD_Class_4
is it going to be hot here in 8 years,2,2,0,0.00013127904,5,OOD_Class_4
Rate Myths of the Near Future three points,4,4,1,9.8808254e-05,5,OOD_Class_4
Can you use Pandora to play a soundtrack from 1999 by David Sitek ?,3,3,0,0.00016318036,5,OOD_Class_4
Book a pub for eight people in the Pitcairn Islands .,1,1,0,0.00020714742,5,OOD_Class_4
The Cool World gets 4 points,4,4,1,0.00034121258,5,OOD_Class_4
The Execution of Justice only deserves 2 points,4,4,1,0.0030079295,5,OOD_Class_4
give Life A Natural History of the First Four Billion Years of Life on Earth 1 points out of 6,4,4,1,0.00094682677,5,OOD_Class_4
Book a restaurant with a spa in Connecticut,1,1,0,0.00022570787,5,OOD_Class_4
book for sherry and concepcion in Nunam Iqua at the best restaurant,1,1,0,0.00022372606,5,OOD_Class_4
book a restaurant for 6,1,1,0,0.00021857904,5,OOD_Class_4
Please put David Van Tieghem onto my throwback party playlist.,0,0,0,0.00024236442,5,OOD_Class_4
"How is the weather in Edesville , MN ?",2,2,0,0.00012643645,5,OOD_Class_4
restaurant in Watauga for me and my aunt,1,1,0,0.00018345697,5,OOD_Class_4
I feel that zero out of 6 points would be the rating of Queen of the Dawn .,4,4,1,0.0033667348,5,OOD_Class_4
Give the current album a three .,4,0,1,0.0014152784,5,OOD_Class_4
I would give the Living Dead in Dallas chronicle zero points,4,4,1,0.0012841194,5,OOD_Class_4
Rate my current essay a 2,4,4,1,0.0008822656,5,OOD_Class_4
Play the most popular song from Chae Yeon off of Spotify,3,3,0,0.00016745793,5,OOD_Class_4
I would rate this album 1 points,4,0,1,0.00041075493,5,OOD_Class_4
The current saga deserves a 5 rating.,4,0,1,0.0011106338,5,OOD_Class_4
What are the movie schedules,6,5,0,0.00014643019,5,OOD_Class_4
