text,true_label_original,pred_label_mapped,is_ood_true,ood_score,fold,scenario
Tell me if it will rain on 4/19/2030 in Angola,2,2,0,0.00015605606,4,OOD_Class_3
Is it going to be colder in Queen Anne on Mon .?,2,2,0,0.00012006526,4,OOD_Class_3
Play show of Cissy Houston,5,4,0,0.0002100565,4,OOD_Class_3
Play the latest music by Martin Luther Mccoy,3,4,1,0.00018858069,4,OOD_Class_3
Play a Bob Burns song,3,4,1,0.00015997131,4,OOD_Class_3
find the painting Strong Enough,5,4,0,0.00012535321,4,OOD_Class_3
I need reservations at Khedive Palace that's close in town .,1,1,0,0.00024422386,4,OOD_Class_3
Play movement music from Sheryfa Luna,3,4,1,0.0001477986,4,OOD_Class_3
on Deezer play fourties tunes by Jona Bechtolt and a ballad,3,4,1,0.00023190862,4,OOD_Class_3
I'd like to see the show Onion SportsDome,5,4,0,8.5231004e-05,4,OOD_Class_3
Play the music of Filipp Bedrossowitsch Kirkorow 's theme,3,4,1,0.0001282976,4,OOD_Class_3
I want a table for seven at twenty three o'clock in Angola .,1,1,0,0.00014109598,4,OOD_Class_3
play something from the twenties,3,4,1,0.00014579254,4,OOD_Class_3
play songs by Sarah Harding,3,4,1,0.00014397556,4,OOD_Class_3
I'd like to add this album to my Siesta playlist,0,0,0,0.00017231017,4,OOD_Class_3
I give the Budayeen Nights saga five out of 6 points .,4,3,0,0.0001158223,4,OOD_Class_3
add the artist joseph meyer to my mad cool festival 2017 playlist,0,0,0,0.00017264803,4,OOD_Class_3
I need a reservation for a coffeehouse with nine people within the same area as Midland Park,1,1,0,0.00016160944,4,OOD_Class_3
What will the weather be doing at midnight in Brazil ?,2,2,0,0.00012712528,4,OOD_Class_3
is it chillier at Narew National Park,2,2,0,0.00011484527,4,OOD_Class_3
Rate The Vanishing Thieves 4 out of 6,4,3,0,0.00011397112,4,OOD_Class_3
What are the movie times for the Caribbean Cinemas ?,6,5,0,0.000136745,4,OOD_Class_3
rate the current album 5 out of 6 points,4,3,0,0.00011787632,4,OOD_Class_3
play Kings Of The Wild Frontier by Andrea Bocelli,3,4,1,0.00013339316,4,OOD_Class_3
play robin hood and the bishop of hereford by Jon Mayer,3,4,1,0.00017803798,4,OOD_Class_3
Play the top ten theme music from 1975 by Tom Baxter,3,4,1,0.00014201592,4,OOD_Class_3
I want to listen to nineties chant songs,3,4,1,0.00018451244,4,OOD_Class_3
Play a record from 2015,3,4,1,0.0004140052,4,OOD_Class_3
add this matt bachand tune to pure rock & roll,0,0,0,0.00016906008,4,OOD_Class_3
What is the weather forecast for Siler City Russia,2,2,0,0.00012718645,4,OOD_Class_3
Play the symphony by Tetsuya Ogawa from 1953,3,4,1,0.000135985,4,OOD_Class_3
Play music from the eighties on Slacker .,3,0,1,0.00075168203,4,OOD_Class_3
I need a table for 4 in Pelland,1,1,0,0.00015496727,4,OOD_Class_3
give me the movie times,6,5,0,0.00012523796,4,OOD_Class_3
Play me the newest fourties symphony,3,4,1,0.0001385937,4,OOD_Class_3
what is the Coulee City MT forecast,2,2,0,0.0001303917,4,OOD_Class_3
Play some chanson music,3,4,1,0.00020841975,4,OOD_Class_3
Book a popular restaurant for 5 people,1,1,0,0.00014572381,4,OOD_Class_3
Play the most popular stuff by Tina Dico,3,4,1,0.00025871195,4,OOD_Class_3
Play some tango .,3,4,1,0.00042307962,4,OOD_Class_3
play Tonight Only! by Nastya Kamenskih,3,4,1,0.00031914542,4,OOD_Class_3
Play Suite Sudarmoricaine by Afi on itunes,3,4,1,0.0014825192,4,OOD_Class_3
Give this textbook 3 stars .,4,3,0,0.00011242316,4,OOD_Class_3
Show The Caveman television show,5,4,0,0.00012089956,4,OOD_Class_3
play Long Way To Go by Keita Tachibana,3,4,1,0.0003223891,4,OOD_Class_3
play Vimeo 2009 by Desmond Dekker,3,4,1,0.0002502999,4,OOD_Class_3
Want to eat at The Meatball Shop that's within walking distance of erica's campus,1,1,0,0.0001733728,4,OOD_Class_3
Play music on Iheart,3,4,1,0.0021182117,4,OOD_Class_3
Where can I watch the picture I’ll Take Care of You ?,5,4,0,0.000114564325,4,OOD_Class_3
Please find the Packed to the Rafters work.,5,4,0,0.00011167676,4,OOD_Class_3
What is the weather doing in South Carolina right now ?,2,2,0,0.00012613548,4,OOD_Class_3
play some latin on Zvooq,3,0,1,0.00020851378,4,OOD_Class_3
play 90s Love Songs on Youtube,3,0,1,0.0012091211,4,OOD_Class_3
Open up Lastfm and play some songs.,3,4,1,0.0003400501,4,OOD_Class_3
Add Ashley McIsaac to my r&b party classics playlist,0,0,0,0.00017230613,4,OOD_Class_3
I need to hear the new Kevin Fowler album,3,4,1,0.00012996729,4,OOD_Class_3
add la voce to my Dubstep Dangles Dirty playlist,0,0,0,0.00017987433,4,OOD_Class_3
Play ep from Quasimoto from the nineties,3,4,1,0.00025214115,4,OOD_Class_3
Play Noctámbulo playlist,3,0,1,0.00021836835,4,OOD_Class_3
What is the current temperature here,2,2,0,0.00013276958,4,OOD_Class_3
I want to give The Cat Who Walks Through Walls a 1,4,3,0,0.00011885821,4,OOD_Class_3
play Moustapha Amar Make It Rain,3,4,1,0.00023739529,4,OOD_Class_3
rate the current saga a 4,4,3,0,0.00011565261,4,OOD_Class_3
Play the album alas y raíces by Dave Pybus .,3,4,1,0.00017604047,4,OOD_Class_3
Play new melody by Kenji Ito on Itunes .,3,0,1,0.00047958808,4,OOD_Class_3
I want to hear some Bill Black chant music,3,4,1,0.00013447186,4,OOD_Class_3
play Angelo Amorevoli,3,4,1,0.00015734218,4,OOD_Class_3
Add Falcon to the Top Tracks in Metal playlist.,0,0,0,0.0001764799,4,OOD_Class_3
play Joey Fatone soundtrack tunes from Google Music from 1972,3,4,1,0.0003476508,4,OOD_Class_3
The Battle for Skies gets a three,4,3,0,0.000112312686,4,OOD_Class_3
Book a table for a party of twelve in Lewisville AMerican Samoa for a party of 7 at the Ballachulish House,1,1,0,0.00015840937,4,OOD_Class_3
Is it freezing at Jasmund National Park,2,2,0,0.000111530055,4,OOD_Class_3
show the movies at the nearest movie house,6,5,0,0.00013754857,4,OOD_Class_3
I want to book Meriton Grand Hotel Tallinn in New Jersey for four people.,1,1,0,0.00014585105,4,OOD_Class_3
Play Russell Morris 's The Singer And The Song on Netflix .,3,4,1,0.00035535498,4,OOD_Class_3
Play music from 2000 on spotify,3,0,1,0.0011893898,4,OOD_Class_3
Play something by Louisiana Blues,3,4,1,0.00024674932,4,OOD_Class_3
Find a TV series called All Time Greatest Movie Songs .,5,4,0,0.00012869753,4,OOD_Class_3
Play me the best Charles Neidich song,3,4,1,0.00014038112,4,OOD_Class_3
"Make me a reservation at Illinois Central Railroad Freight Depot in Singapore with vickie rodriguez, lila reyes and ruby",1,1,0,0.00022764833,4,OOD_Class_3
Tell me the weather forecast for here,2,2,0,0.00013685101,4,OOD_Class_3
Play Deezer,3,4,1,0.00038758677,4,OOD_Class_3
open Spotify and play a couple of celtic songs,3,4,1,0.0006207437,4,OOD_Class_3
Use Spotify to play me music,3,0,1,0.00072255346,4,OOD_Class_3
current album gets a value of 0,4,3,0,0.000121795005,4,OOD_Class_3
What movie theatre has A Matter of Wife... And Death,6,5,0,0.00011771568,4,OOD_Class_3
I would rate this novel a four,4,3,0,0.00012462269,4,OOD_Class_3
Can I listen to merengue style music?,3,4,1,0.0005209297,4,OOD_Class_3
Play Acid Punk music.,3,4,1,0.00081106706,4,OOD_Class_3
Add another MC chris track to my Blues Roots playlist.,0,0,0,0.00017673986,4,OOD_Class_3
what films are playing at the nearest movie house,6,5,0,0.00014053623,4,OOD_Class_3
Can I get the movie schedule for the Bow Tie Cinemas .,6,5,0,0.00013396812,4,OOD_Class_3
Play a tune by Layne Staley,3,4,1,0.00027180533,4,OOD_Class_3
play the top-twenty margaret becker songs with google music,3,0,1,0.0019183435,4,OOD_Class_3
show me the schedule of movie The Da Vinci Code,6,5,0,0.00013378251,4,OOD_Class_3
I want to hear the top 5 Jamie Lidell songs,3,4,1,0.0002511405,4,OOD_Class_3
rate in stars as a 6 for Lord of the Shadows which gets a four,4,3,0,0.00011833735,4,OOD_Class_3
Play symphony music from Joe Dolce,3,4,1,0.00014005943,4,OOD_Class_3
I'd like to hear Infinite Indie Folk on Slacker .,3,0,1,0.0004067706,4,OOD_Class_3
Rate the current essay 4 out of 6,4,3,0,0.000114528826,4,OOD_Class_3
Play my funtime playlist on lastfm .,3,0,1,0.00018951931,4,OOD_Class_3
play Christina Milian latest music,3,4,1,0.00038327897,4,OOD_Class_3
Play music from the track She Came In Through The Bathroom Window,3,4,1,0.00011235638,4,OOD_Class_3
Play the most popular song by espen lind,3,4,1,0.0001714645,4,OOD_Class_3
Play Inside The Eye by twinkie clark,3,4,1,0.00016520571,4,OOD_Class_3
"What's the temperature today in Griffin , NE ?",2,2,0,0.000117456664,4,OOD_Class_3
Play a record from 2010 .,3,4,1,0.0003085587,4,OOD_Class_3
Give the current novel two stars .,4,3,0,0.00011758863,4,OOD_Class_3
Play some Rumba Africana .,3,4,1,0.00043776573,4,OOD_Class_3
Play Les Pauvres Riches by Pan Mei Chen .,3,4,1,0.00023633984,4,OOD_Class_3
play The Song Remains The Same with Pandora,3,4,1,0.00015810422,4,OOD_Class_3
I'd like to hear Ami Suzuki 's latest record,3,4,1,0.00012931932,4,OOD_Class_3
Play a fifties theme on lastfm,3,4,1,0.00030267713,4,OOD_Class_3
Play the Knockabout soundtrack,5,4,0,0.00019016898,4,OOD_Class_3
Use Spotify to play Who Was In My Room Last Night ?,3,0,1,0.0018851964,4,OOD_Class_3
give zero point to this textbook,4,3,0,0.00011313862,4,OOD_Class_3
Open Pandora and play music from the fifties .,3,4,1,0.00016696767,4,OOD_Class_3
I'd like to see Jack,5,4,0,0.00040412488,4,OOD_Class_3
Will it be stormy in distant Holly River State Park,2,2,0,0.000117341435,4,OOD_Class_3
add this tune by Hal Patino to my Ambiente RnB playlist,0,0,0,0.0001775174,4,OOD_Class_3
Play some Ven A Mi,3,4,1,0.0006636209,4,OOD_Class_3
play good Classified songs on Vimeo,3,0,1,0.0018799811,4,OOD_Class_3
Play some folk-rock music,3,4,1,0.00021714008,4,OOD_Class_3
Play the top-twenty from Tony Calder off Slacker .,3,0,1,0.0019272529,4,OOD_Class_3
Play me an ep from 2005 .,3,4,1,0.0004196625,4,OOD_Class_3
Play some Krzysztof Penderecki on Last Fm,3,0,1,0.00069508783,4,OOD_Class_3
Play some music on Last Fm,3,4,1,0.00062944926,4,OOD_Class_3
What time is film showing at Southern Theatres,6,5,0,0.00012946693,4,OOD_Class_3
Rate What Is Called Thinking ? 0 stars,4,3,0,0.000118684286,4,OOD_Class_3
Find the movie times for North American Cinemas .,6,5,0,0.0001388976,4,OOD_Class_3
play Wow by Jon Theodore,3,4,1,0.00031015687,4,OOD_Class_3
Add a track to Fusion Fest,0,0,0,0.00020055598,4,OOD_Class_3
Add Yuna Ito to the hot rods & horror shows playlist.,0,0,0,0.0001734048,4,OOD_Class_3
Add anti ep to esenciales,0,0,0,0.00018486148,4,OOD_Class_3
"I want to hear Leroi Moore on vimeo , play the song Chance Of A Lifetime .",3,4,1,0.00021381235,4,OOD_Class_3
add Georgetown University Alma Mater to my evening acoustic playlist,0,0,0,0.00018040188,4,OOD_Class_3
For this novel I give a rating of 4 out of 6,4,3,0,0.00011973216,4,OOD_Class_3
play valerij kipelov on Vimeo,3,0,1,0.00054029434,4,OOD_Class_3
What time is The Bride Wore Boots playing,6,5,0,0.00011337785,4,OOD_Class_3
I want to book a table for me and my boss at Glassy Junction in Turkey .,1,1,0,0.00014388269,4,OOD_Class_3
find Worldly Goods starting now at a movie house,6,5,0,0.00012019295,4,OOD_Class_3
Give four points to Leven Thumps and the Gateway to Foo,4,3,0,0.00012395483,4,OOD_Class_3
find Hear Me Good,6,4,0,0.000100012076,4,OOD_Class_3
Play Talking To The Universe on Itunes,3,4,1,0.00079442427,4,OOD_Class_3
Will you play me the most popular sound track from 2006,3,4,1,0.00021589447,4,OOD_Class_3
I'd like to see movie times for animated movies playing in the neighborhood that are starting now .,6,5,0,0.00013835603,4,OOD_Class_3
Play some sister rosetta tharpe songs from the eighties,3,4,1,0.00017110759,4,OOD_Class_3
Play some Katiejane Garside on Vimeo .,3,0,1,0.00041162793,4,OOD_Class_3
find the book Time and Again,5,4,0,0.00011833035,4,OOD_Class_3
play a chant by Marina Verenikina,3,4,1,0.00023154047,4,OOD_Class_3
play Jeff Pilson on Youtube,3,0,1,0.00088590255,4,OOD_Class_3
Play some blues britânico .,3,4,1,0.00025008808,4,OOD_Class_3
"book for six on jan. 18, 2029",1,1,0,0.000144418,4,OOD_Class_3
What's the weather in Castle at 1743,2,2,0,0.00011757174,4,OOD_Class_3
Will it be hot during Winter ?,2,2,0,0.0001279335,4,OOD_Class_3
What's the cloud forecast now for Sierra Leone ?,2,2,0,0.00013538913,4,OOD_Class_3
Play top-five concerto music from 1992,3,4,1,0.00024606875,4,OOD_Class_3
I would give Basic Battle Skills a rating of four,4,3,0,0.00012492713,4,OOD_Class_3
Let's listen to the most popular Marty Friedman songs on Zvooq .,3,4,1,0.010935214,4,OOD_Class_3
"Can you find a photograph entitled, Beneath the Harvest Sky",5,4,0,0.00012523151,4,OOD_Class_3
I want to see animated movie in the neighbourhood,6,5,0,0.000120731595,4,OOD_Class_3
Play Taiwan Is Good by Kotoko .,3,4,1,0.0010115096,4,OOD_Class_3
I'd like to eat at an outdoor restaurant,1,1,0,0.00013931873,4,OOD_Class_3
play Wolves by Larry Gatlin,3,4,1,0.00015976957,4,OOD_Class_3
Play top music from Charles L. Johnson on vimeo,3,0,1,0.00061941677,4,OOD_Class_3
I want to see Married to the Enemy 2 at a cinema .,6,5,0,0.00013380597,4,OOD_Class_3
What will the weather be ten minutes from now in Canada ?,2,2,0,0.000119189484,4,OOD_Class_3
find the painting Sleeping in Your Hand,5,4,0,0.00012757682,4,OOD_Class_3
Play Maggot Brain by Albano Carrisi,3,4,1,0.00023125726,4,OOD_Class_3
add a song by mark schultz to my ultimate indie playlist,0,0,0,0.00017391672,4,OOD_Class_3
Will it be warm in Cotati in Guinea-Bissau,2,2,0,0.000117571166,4,OOD_Class_3
add this album to tgif,0,0,0,0.00018503875,4,OOD_Class_3
Start playing something off Spotify,3,4,1,0.0013767263,4,OOD_Class_3
Play the best songs by Jes Brieden,3,4,1,0.00024580178,4,OOD_Class_3
What's the weather in Organ Pipe Cactus National Monument,2,2,0,0.0001214222,4,OOD_Class_3
I need a table for 5 at the restaurant I ate at last Oct.,1,1,0,0.00014658242,4,OOD_Class_3
Play Johnny Gimble,3,4,1,0.0001757129,4,OOD_Class_3
Give this album a rating of 4 .,4,3,0,0.000115765695,4,OOD_Class_3
I want to book a delicatessen serving testaroli in Somalia for 7/25/2027 .,1,1,0,0.00017455712,4,OOD_Class_3
rate this essay four out of 6,4,3,0,0.000116332674,4,OOD_Class_3
I need the weather in ND in three hundred fifty one days,2,2,0,0.00012786788,4,OOD_Class_3
Open Pandora and play Reggaeton 2017 y Baila !,3,4,1,0.001298006,4,OOD_Class_3
play a symphonic rock on Pandora,3,4,1,0.00047854686,4,OOD_Class_3
book a table for seven in Walpole,1,1,0,0.00014416779,4,OOD_Class_3
Play music from 1964,3,4,1,0.0001385931,4,OOD_Class_3
Put nothing remains the same on my summer music playlist,0,0,0,0.0001639379,4,OOD_Class_3
Add bryan gregory to the playlist Emily Dickinson,0,0,0,0.00016939,4,OOD_Class_3
Play some music from 1989 by Sanjeev Abhyankar .,3,4,1,0.00016904349,4,OOD_Class_3
add darkest angels to my SOS 48 2016,0,0,0,0.00018208032,4,OOD_Class_3
Play a ballad form 2014 by Double on Google Music,3,0,1,0.0015246955,4,OOD_Class_3
Can I get the movie schedules for Southern Theatres at around 1502,6,5,0,0.00013331551,4,OOD_Class_3
Add Always to dena's Baroque 50 Spotify Picks playlist.,0,0,0,0.00017751724,4,OOD_Class_3
Play The New Retro playlist on Netflix .,3,0,1,0.00018969127,4,OOD_Class_3
book a diner for 1 in Green Isle,1,1,0,0.00013958584,4,OOD_Class_3
play Heavy Machinery by Phil Spector on Zvooq,3,0,1,0.00202321,4,OOD_Class_3
I would like Ignacio Figueredo 's tune added to electroNOW .,0,0,0,0.00018767823,4,OOD_Class_3
table for 4 in Sparks,1,1,0,0.0001586421,4,OOD_Class_3
Play Sound Of Love from Papa Mali,3,4,1,0.00016565286,4,OOD_Class_3
Play a song by David Silveria from 2002 on Zvooq .,3,4,1,0.00067498535,4,OOD_Class_3
Play some acapella music,3,4,1,0.0002633927,4,OOD_Class_3
When is Twentynine Palms playing at Plitt Theatres ?,6,5,0,0.00012101908,4,OOD_Class_3
Play Shoo on iheart from greatest record,3,4,1,0.0009802437,4,OOD_Class_3
Find the book A Glorious Way to Die,5,4,0,0.00012621268,4,OOD_Class_3
I want to play the video game The Coyote Kings of the Space-Age Bachelor Pad,5,4,0,0.00011325262,4,OOD_Class_3
Play a new song form the eighties,3,4,1,0.00018676904,4,OOD_Class_3
Play the top caleigh peters .,3,4,1,0.0004400499,4,OOD_Class_3
Play music from 1954,3,4,1,0.00012111724,4,OOD_Class_3
What is the movie schedules for movies in the neighbourhood,6,5,0,0.00013410037,4,OOD_Class_3
Give me the movie schedule for Cineplex Odeon Corporation,6,5,0,0.00013714246,4,OOD_Class_3
what time is The Eddy Duchin Story playing,6,5,0,0.00013095795,4,OOD_Class_3
rate Cock and Bull 5 of 6 points,4,3,0,0.00012102508,4,OOD_Class_3
Is there going to be a depression in my current location on nov. the ninth,2,2,0,0.00014160617,4,OOD_Class_3
I want to find the show called Fresh Aire 7 .,5,4,0,0.00014259959,4,OOD_Class_3
Where to buy book Bright Ambush,5,4,0,0.00017888122,4,OOD_Class_3
Play me a 1990 sound track,3,4,1,0.00014940368,4,OOD_Class_3
I want to watch Escape the Fate discography,5,4,0,0.00015952268,4,OOD_Class_3
Add this artist to my This Is Philip Glass playlist,0,0,0,0.00017247752,4,OOD_Class_3
Play music from 2007 .,3,4,1,0.00023028642,4,OOD_Class_3
I need to hear a thirties soundtrack,3,4,1,0.00012584013,4,OOD_Class_3
Find time for The Thirty Nine Steps,6,5,0,0.00010479089,4,OOD_Class_3
Add Geschwisterliebe to my string theory playlist.,0,0,0,0.00018377925,4,OOD_Class_3
"find Bells Break Their Towers , a video game",5,4,0,0.00011880149,4,OOD_Class_3
I need a table at a cafe that serves baeckeoffe,1,1,0,0.00015910654,4,OOD_Class_3
I'd like to go to a restaurant in French Polynesia,1,1,0,0.0001460409,4,OOD_Class_3
Play me a Maia Hirasawa soundtrack from 1951,3,4,1,0.00018322535,4,OOD_Class_3
Is it warm in Albania at noon,2,2,0,0.0001201246,4,OOD_Class_3
book a table for five at a restaurant with the best rating,1,1,0,0.00013876992,4,OOD_Class_3
What's the movie schedule for Great Escape Theatres,6,5,0,0.00012186028,4,OOD_Class_3
Please play music off the soundtrack by Beau Jocque,3,4,1,0.00017861578,4,OOD_Class_3
Play 1958 by wayne petti,3,4,1,0.0001778898,4,OOD_Class_3
What time is Mighty Morphin Power Rangers The Movie at Magic Johnson Theatres ?,6,5,0,0.000117400115,4,OOD_Class_3
Book The Electric Banana in Ewen for crystal and brittney .,1,1,0,0.00016042616,4,OOD_Class_3
What's the forecast for AL twenty one minutes from now ?,2,2,0,0.00013212352,4,OOD_Class_3
Rate Peddling Prosperity zero stars,4,3,0,0.0001152013,4,OOD_Class_3
I need a reservation for a highly rated bistro for a party of 10 .,1,1,0,0.00016560654,4,OOD_Class_3
play some fourties Andrew Lloyd Webber on Groove Shark,3,4,1,0.00023232306,4,OOD_Class_3
Play some Glenn Miller .,3,4,1,0.00015547288,4,OOD_Class_3
"on April the twenty-seventh, 2022 , I'd like to make reservations at a spanish diner .",1,1,0,0.00016830179,4,OOD_Class_3
rate This Is How You Die chronicle a one,4,3,0,0.0001289522,4,OOD_Class_3
I want to watch Strange Brother,5,5,0,0.0005895482,4,OOD_Class_3
Will there be a storm nearby,2,2,0,0.00013873186,4,OOD_Class_3
Play the most popular ep by marcel khalife on Netflix,3,4,1,0.00023081675,4,OOD_Class_3
Please help me find the Short Program saga .,5,4,0,0.00013383257,4,OOD_Class_3
Add Milas Poli to my Indie Bluegrass,0,0,0,0.00016897479,4,OOD_Class_3
Look up The Park album,5,4,0,0.0001549323,4,OOD_Class_3
Play a top-ten chant by Kelly Groucutt from 1964,3,4,1,0.000373337,4,OOD_Class_3
Which animated movies are being screened at Marcus Corporation ?,6,5,0,0.00013060543,4,OOD_Class_3
Play the theme music from 1963 by Yuki Koyanagi,3,4,1,0.00016011848,4,OOD_Class_3
what is the forecast for Tschetter Colony on Ascension Day in Oregon,2,2,0,0.00013173766,4,OOD_Class_3
Play the Ricky Wilson album Spectral Dusk,3,4,1,0.0001432837,4,OOD_Class_3
Is it going to storm in Black Rock Alaska,2,2,0,0.00012071114,4,OOD_Class_3
Play 2011 music,3,4,1,0.00021610492,4,OOD_Class_3
play Realization by Randy Jackson,3,4,1,0.00022304841,4,OOD_Class_3
what is the weather like now in AK,2,2,0,0.0001158623,4,OOD_Class_3
"I want to hear Aki Nawaz , play the song fair annie .",3,4,1,0.00015312896,4,OOD_Class_3
Play Kim Wilde by Mike Scott on Slacker,3,0,1,0.0007790827,4,OOD_Class_3
Is Rented Lips playing at the nearest cinema,6,5,0,0.00012757945,4,OOD_Class_3
Book a table for 10 people at Dunbrody Country House Hotel in Strandburg .,1,1,0,0.00014655094,4,OOD_Class_3
Can you play a sonata,3,4,1,0.00014581779,4,OOD_Class_3
Make me a reservation at a bar for a party of 7 in indonesian,1,1,0,0.00015710555,4,OOD_Class_3
What movie times,6,5,0,0.000112368296,4,OOD_Class_3
Is it cold in the current location more than it was in 3 years,2,2,0,0.000121065874,4,OOD_Class_3
find a movie theatre showing The Tailor of Panama,6,5,0,0.000120779274,4,OOD_Class_3
put United Abominations onto my rare groove playlist,0,0,0,0.0001677439,4,OOD_Class_3
Play any song from 2001,3,4,1,0.0001570421,4,OOD_Class_3
Tell me the weather forecast for my current spot,2,2,0,0.00014140116,4,OOD_Class_3
I would rate this current essay a 0,4,3,0,0.00011955648,4,OOD_Class_3
Play some gangsta music,3,4,1,0.00022822125,4,OOD_Class_3
table for Breadline Cafe in Minnesota next friday,1,1,0,0.00018151225,4,OOD_Class_3
Give Upon Some Midnights Clear chronicle four out of 6 for a rating.,4,3,0,0.000112643495,4,OOD_Class_3
I want to listen to Speed Metal Symphony,3,4,1,0.00019185398,4,OOD_Class_3
Please play a sound track from the fifties that's on Iheart,3,4,1,0.00016676687,4,OOD_Class_3
Play some The Lady Is A Tramp from Timour Moutsouraev,3,4,1,0.00017825868,4,OOD_Class_3
Play a song by Rahsaan Patterson .,3,4,1,0.00022980414,4,OOD_Class_3
whats the movie schedules for General Cinema Corporation,6,5,0,0.00012821043,4,OOD_Class_3
"use netflix to play Bizzy Bone Kiss Me Goodnight, Sergeant Major",3,4,1,0.0005695572,4,OOD_Class_3
Play Anweshaa by the new first.,3,4,1,0.00020157442,4,OOD_Class_3
play music by Charlie Adams from 1954,3,4,1,0.00021352044,4,OOD_Class_3
Play some chanson style music.,3,4,1,0.0004982397,4,OOD_Class_3
Book reservations at a tea house in Lodi with my granddaughter and I,1,1,0,0.00017397218,4,OOD_Class_3
Rate this novel 1 out of 6 points,4,3,0,0.00011874294,4,OOD_Class_3
add album to my classical essentials playlist,0,0,0,0.00017433887,4,OOD_Class_3
Rate the current essay a three,4,3,0,0.00011984893,4,OOD_Class_3
Give The Dark Abode chronicle 2 out of 6 points .,4,3,0,0.00011520185,4,OOD_Class_3
play some movement by Dj Spinna,3,4,1,0.00030079627,4,OOD_Class_3
Play some seventies music by Janne Puurtinen on Youtube .,3,0,1,0.00091550977,4,OOD_Class_3
put this track by Tony Bevilacqua into joan's playlist with the title women of folk & americana,0,0,0,0.00015460557,4,OOD_Class_3
Play some Retro music.,3,4,1,0.00027473774,4,OOD_Class_3
Please add a track by david freiberg to my workout playlist.,0,0,0,0.00018270673,4,OOD_Class_3
Can you find the soundtrack for Westcountry Live,5,4,0,0.0001308552,4,OOD_Class_3
Add artist to playlist Epic Gaming,0,0,0,0.00017891286,4,OOD_Class_3
Find me The Memorial,5,4,0,0.000110704466,4,OOD_Class_3
play Going Down To The River on Pandora,3,4,1,0.00020771445,4,OOD_Class_3
play Té Para Tres,3,4,1,0.000358999,4,OOD_Class_3
Play music from Lastfm .,3,4,1,0.00039206943,4,OOD_Class_3
Play the seventies album on last fm,3,4,1,0.00020052974,4,OOD_Class_3
play Seven Steps To Heaven by Wikluh Sky,3,4,1,0.00034230214,4,OOD_Class_3
Show me movie schedules,6,5,0,0.000113693925,4,OOD_Class_3
Play The Cherry-tree Carol by Edwin Mccain,3,4,1,0.00015157463,4,OOD_Class_3
Tell me the weather forecast for Korona,2,2,0,0.0001357869,4,OOD_Class_3
Can I hear Jeremy Taggart 's newest chant on Deezer ?,3,4,1,0.0004977921,4,OOD_Class_3
add a tune in women of classical,0,0,0,0.00018092636,4,OOD_Class_3
in one hour find King of Hearts,6,4,0,8.832263e-05,4,OOD_Class_3
What animated movies are there nearby ?,6,5,0,0.00012173855,4,OOD_Class_3
What is the forecast next year in McGee,2,2,0,0.0001433485,4,OOD_Class_3
Play me a nineties sound track,3,4,1,0.0001692849,4,OOD_Class_3
What is on the movie schedule for four AM at Landmark Theatres,6,5,0,0.00013714677,4,OOD_Class_3
For The Curious Incident of the Dog in the Nightdress I rate it 2 of 6 points,4,3,0,0.00011302928,4,OOD_Class_3
find a Consolidated Theatres showing The Good Old Naughty Days,6,5,0,0.00012832221,4,OOD_Class_3
Rate the book Post Office four points,4,3,0,0.00012191501,4,OOD_Class_3
rate the current textbook 1 out of 6,4,3,0,0.00011520193,4,OOD_Class_3
What movie theatre is palying The Hurricane five hours from now,6,5,0,0.00012462366,4,OOD_Class_3
Play This Is Animal Collective please,3,4,1,0.00021186739,4,OOD_Class_3
this essay is five stars for sure,4,3,0,0.00012323128,4,OOD_Class_3
play the top five songs by Isaac Hayes,3,4,1,0.00023699467,4,OOD_Class_3
Is Rumor Has It playing,6,5,0,0.00014949513,4,OOD_Class_3
I'd like a table for 3 at an outdoor restaurant,1,1,0,0.00016609389,4,OOD_Class_3
Add track to Hit Remix,0,0,0,0.00019081894,4,OOD_Class_3
Play rhythmic,3,4,1,0.00033127054,4,OOD_Class_3
Please play some Bill Evans music.,3,4,1,0.00021863122,4,OOD_Class_3
play some rap on Pandora,3,4,1,0.00044545805,4,OOD_Class_3
add this song to the Pre-Party playlist,0,0,0,0.0001792612,4,OOD_Class_3
Is it freezing in Vega Alta,2,2,0,0.00011780005,4,OOD_Class_3
I want to book a brasserie for 3 people in Netherlands Antilles .,1,1,0,0.00013398095,4,OOD_Class_3
can you get me the trailer of The Multiversity ?,5,4,0,0.00013123713,4,OOD_Class_3
Play christian gangsta rap,3,4,1,0.00048503382,4,OOD_Class_3
Play some 50 Shades of Love,3,4,1,0.00018721807,4,OOD_Class_3
Please play something on Last Fm,3,4,1,0.0010011441,4,OOD_Class_3
play Courting The Squall on Slacker,3,4,1,0.0021706733,4,OOD_Class_3
Make a reservation for eunice thompson and elisa martin in the Virgin Islands in one minute .,1,1,0,0.00016505671,4,OOD_Class_3
Play me a Felix Kubin from No Light on Spotify,3,4,1,0.0007799108,4,OOD_Class_3
"book tea at The Hamburger Wagon for 3 vickie reed, melody and I in Georgia",1,1,0,0.00020660182,4,OOD_Class_3
Show me a video game made by TMPGEnc .,5,4,0,0.00018094286,4,OOD_Class_3
add joshua radin to my playlist called Futuros Hits,0,0,0,0.00017570828,4,OOD_Class_3
Play the best Sebastian Karlsson melody on Youtube,3,0,1,0.0015360729,4,OOD_Class_3
play Angela Winbush ep that is popular,3,4,1,0.00024725264,4,OOD_Class_3
I want to hear music by Madeleine Peyroux from 1991 on Youtube .,3,0,1,0.0016237819,4,OOD_Class_3
Give Letty Fox Her Luck 4 out of 6 stars,4,3,0,0.00013073074,4,OOD_Class_3
For this book I rate four points,4,3,0,0.0001209658,4,OOD_Class_3
book a gratin serving tea house in Bushkill,1,1,0,0.00015286304,4,OOD_Class_3
Play prints in the stone by Helen Baylor,3,4,1,0.00017633667,4,OOD_Class_3
rate New History of the Five Dynasties 1 points,4,3,0,0.00012311079,4,OOD_Class_3
Play 2003 Ben Burnley on Spotify,3,0,1,0.00080466026,4,OOD_Class_3
table for nine at an internet pub,1,1,0,0.0001798477,4,OOD_Class_3
find an album called From the Terrace,5,4,0,0.0001438467,4,OOD_Class_3
Book a restaurant in WI at 132234 for 9 people.,1,1,0,0.00013823403,4,OOD_Class_3
Will it be freezing in the city of Sardis,2,2,0,0.00012333297,4,OOD_Class_3
Add Buddy DeSylva to my this is j balvin playlist,0,0,0,0.00017408389,4,OOD_Class_3
Play Junun by Noam Kaniel .,3,4,1,0.00026235875,4,OOD_Class_3
I want to book Tupelo Honey Cafe in New Jersey for five people.,1,1,0,0.00015226698,4,OOD_Class_3
Play twenties on Groove Shark,3,0,1,0.000661282,4,OOD_Class_3
"Check the forecast for Hulmeville , WV .",2,2,0,0.00014112251,4,OOD_Class_3
add the tune to the Indie Workout playlist,0,0,0,0.00017691411,4,OOD_Class_3
Add Sunday Express Live to workout playlist,0,0,0,0.00017691404,4,OOD_Class_3
Open Spotify and play a song from the twenties by Richard Harvey,3,4,1,0.00037307807,4,OOD_Class_3
Book a highly rated restaurant for one person in Rainbow Lakes .,1,1,0,0.00015151016,4,OOD_Class_3
Play got to be free by Madeleine Peyroux,3,4,1,0.00020534346,4,OOD_Class_3
Please add Ruud Jolie to my playlist Guest List Polygon,0,0,0,0.0001703026,4,OOD_Class_3
use Deezer to play top five Moya Brennan,3,0,1,0.00077662384,4,OOD_Class_3
Play All Things Must Pass .,3,4,1,0.00026889183,4,OOD_Class_3
I'd like to hear Cry Baby Cry by Ally Kerr .,3,4,1,0.00031434244,4,OOD_Class_3
Play the album Have Another Ball,3,4,1,0.0001470975,4,OOD_Class_3
Play a song on zvooq,3,4,1,0.000502357,4,OOD_Class_3
what time is Bhoot Returns showing at Douglas Theatre Company,6,5,0,0.00012411246,4,OOD_Class_3
Play sixties on Spotify,3,0,1,0.00029245476,4,OOD_Class_3
Play music from the list Indie Electronics,3,4,1,0.0007583913,4,OOD_Class_3
"Play something from my Songs For You, Not Your Parents playlist",3,0,1,0.00025208184,4,OOD_Class_3
Play the last soundtrack from the sixties,3,4,1,0.00012818695,4,OOD_Class_3
Play Dave Joyal,3,4,1,0.00026992816,4,OOD_Class_3
play southern rock tunes,3,4,1,0.00023102821,4,OOD_Class_3
I'd like for you to put this artist to my Evening Commute playlist.,0,0,0,0.00018395987,4,OOD_Class_3
Show me the movie schedules,6,5,0,0.00011627706,4,OOD_Class_3
I want to hear Ready by Frankenstein Drag Queens From Planet 13,3,4,1,0.00029383003,4,OOD_Class_3
Book a restaurant that serves capicollo in Kit Carson with ilene and aisha .,1,1,0,0.00018402301,4,OOD_Class_3
play some Deezer oldies music,3,4,1,0.0002137093,4,OOD_Class_3
book a spot at a pub with tatar in Cambodia,1,1,0,0.00013743428,4,OOD_Class_3
Play a music theme by Anna Nikolajewna Jessipowa,3,4,1,0.00021209575,4,OOD_Class_3
Play Miyavi 's music from seventies on Google Music .,3,0,1,0.00027287495,4,OOD_Class_3
Play the sound track by Ferry Corsten,3,4,1,0.00019632414,4,OOD_Class_3
Tell me the weather forecast for France,2,2,0,0.00013772248,4,OOD_Class_3
Find the novel WWE Legends of WrestleMania,5,4,0,0.00013175848,4,OOD_Class_3
play I Could Write A Book,3,4,1,0.00013499873,4,OOD_Class_3
Please add carmel to my lunchtime playlist.,0,0,0,0.00017493375,4,OOD_Class_3
Play some music on groove shark .,3,0,1,0.0029294016,4,OOD_Class_3
How chilly will it be at 093206 am in Moncove Lake State Park ?,2,2,0,0.00012024134,4,OOD_Class_3
Play my Fusion Fest playlist on Youtube,3,0,1,0.00018987218,4,OOD_Class_3
Play Paul Mccartney,3,4,1,0.00021585991,4,OOD_Class_3
Can you play something off Johan Larsson 's Travelers And Thieves,3,4,1,0.00023359152,4,OOD_Class_3
What films are playing at the closest cinema,6,5,0,0.00013541746,4,OOD_Class_3
Play a song by Electric Tones from their Kurutta Taiyō album on Last Fm,3,4,1,0.00028723545,4,OOD_Class_3
rate The Road to Reality A Complete Guide to the Laws of the Universe two points,4,3,0,0.0001548634,4,OOD_Class_3
can you put on Like A Hurricane by Paul Landers,3,0,1,0.0009171936,4,OOD_Class_3
Play a popular Gurdas Maan track,3,4,1,0.00020677765,4,OOD_Class_3
find Valley of the Dolls,5,4,0,0.00017191062,4,OOD_Class_3
what is the nine AM weather forecast for Nationalpark Midongy du Sud,2,2,0,0.00013505784,4,OOD_Class_3
rate the current essay a 0 for me,4,3,0,0.000120965844,4,OOD_Class_3
I want to watch Wide-Eyed and Ignorant,5,4,0,0.00074600615,4,OOD_Class_3
"What will the humidity be like in VI on june the fourteenth, 2020 ?",2,2,0,0.00013173699,4,OOD_Class_3
Play anything Jd Natasha did in the thirties,3,4,1,0.00019031383,4,OOD_Class_3
Play chant music by Ira Losco on Iheart .,3,0,1,0.0006829423,4,OOD_Class_3
Play the greatest melody from Paul Wright on Pandora,3,4,1,0.000919185,4,OOD_Class_3
I need a reservation for an indoor restaurant in China,1,1,0,0.00013727069,4,OOD_Class_3
Find me the movie schedules at Fox Theatres,6,5,0,0.00012103162,4,OOD_Class_3
Book a tyrolean restaurant in Crocker Indiana now for 3 people.,1,1,0,0.00014068482,4,OOD_Class_3
Is Cowboy Canteen playing,6,5,0,0.000115676135,4,OOD_Class_3
Play me a song from Voices & Images,3,4,1,0.00020861115,4,OOD_Class_3
Play 2004 Guy Sebastian on Itunes,3,4,1,0.0014885754,4,OOD_Class_3
Play Who Knows Where The Time Goes ? by Grigory Leps,3,4,1,9.2636736e-05,4,OOD_Class_3
Play a Mike Osborne song,3,4,1,0.00018957438,4,OOD_Class_3
give Begums Thugs and White Mughals four points,4,3,0,0.000109017325,4,OOD_Class_3
Where can I purchase the Twenty Chickens for a Saddle saga ?,5,4,0,0.00013776761,4,OOD_Class_3
is it overcast close-by in Illinois,2,2,0,0.00012950464,4,OOD_Class_3
Where can I watch the TV series Breed the Pain ?,5,4,0,0.00011138213,4,OOD_Class_3
Play 1952 Yusef Lateef on Netflix,3,4,1,0.000420742,4,OOD_Class_3
Want a work called Walk the River,5,4,0,0.00012869886,4,OOD_Class_3
I rate the book You Only Live Twice two points,4,3,0,0.00012462282,4,OOD_Class_3
Play some fourties music on Zvooq,3,0,1,0.00064153067,4,OOD_Class_3
add this tune by hart wand on this is wagner,0,0,0,0.00016881152,4,OOD_Class_3
Book a reservation for 10 people at an oyster bar with a pool within the same area of Cowansburg for 10 Pm,1,1,0,0.00014191617,4,OOD_Class_3
Play the top 5 by Akira The Don .,3,4,1,0.00033634435,4,OOD_Class_3
Rate this essay a four,4,3,0,0.00012323144,4,OOD_Class_3
add this artist to my the road to punk rock playlist,0,0,0,0.00017795329,4,OOD_Class_3
I would like this song added to my princesas indie playlist.,0,0,0,0.00017425492,4,OOD_Class_3
Play Hasan Saltik from 2004,3,4,1,0.00015168882,4,OOD_Class_3
play the Música Da Série De Filmes O Hobbit album by Alex Otaola,3,4,1,0.0002315751,4,OOD_Class_3
play fifties track music,3,4,1,0.00029258078,4,OOD_Class_3
book a spot for six in Greece,1,1,0,0.0001331952,4,OOD_Class_3
"Book a food truck that serves tarte for tanisha, lorena and juliana .",1,1,0,0.00023812536,4,OOD_Class_3
Open The Second Adventure album by Hans Nilsson,3,4,1,0.00020579417,4,OOD_Class_3
play a chant by Sonsee,3,4,1,0.00025430764,4,OOD_Class_3
find the television show Birth of the Cool,5,4,0,0.0001492997,4,OOD_Class_3
Play me a top 20 chant by Ruwanga Samath on Lastfm,3,4,1,0.0025162469,4,OOD_Class_3
Play eighties music,3,4,1,0.00020005245,4,OOD_Class_3
I want to hear music on Itunes,3,4,1,0.00091996294,4,OOD_Class_3
Is it supposed to be chillier in Favoretta,2,2,0,0.00012594757,4,OOD_Class_3
Add david axelrod to my Futuros Hits list,0,0,0,0.00017323205,4,OOD_Class_3
I'm hoping you can find a photograph from Live At The Isle Of Wight 1970 .,5,4,0,0.00020600078,4,OOD_Class_3
Can you add a song by Bill Frisell to my Top Latin Alternative playlist,0,0,0,0.0001705508,4,OOD_Class_3
Play music off Netflix .,3,4,1,0.00028957534,4,OOD_Class_3
I give the saga to The Woven Path 1 stars and a best rating of 6,4,3,0,0.00011932389,4,OOD_Class_3
Play music from 2011 .,3,4,1,0.00024849642,4,OOD_Class_3
Play music from 1977,3,4,1,0.00014174993,4,OOD_Class_3
"How temperate is it in Lopeno , Thailand ?",2,2,0,0.00010487507,4,OOD_Class_3
Play a symphony from the thirties .,3,4,1,0.00017724668,4,OOD_Class_3
play the album Sauna on Zvooq,3,4,1,0.00020639651,4,OOD_Class_3
Play a record from 1950 .,3,4,1,0.0002203622,4,OOD_Class_3
Play Igor Nikolayev music from the fourties,3,4,1,0.00011479658,4,OOD_Class_3
Can you let me know the films that are on the movie schedules in the area at noon ?,6,5,0,0.00013754904,4,OOD_Class_3
Play a song off Get Up Offa That Thing by Doseone on Last Fm,3,4,1,0.00046104507,4,OOD_Class_3
I want to hear the album Suites & Sweets,3,4,1,0.00011391303,4,OOD_Class_3
I rate A Moment in Time a 5,4,3,0,0.0001238336,4,OOD_Class_3
Play Annet Artani soundtrack on Slacker,3,4,1,0.00029862532,4,OOD_Class_3
play Morning Song,3,4,1,0.00021967513,4,OOD_Class_3
Book a table for mamie and maria at a south tyrolean restaurant within walking distance from Fisk Av-69th St .,1,1,0,0.00016772357,4,OOD_Class_3
find The Loving Spirit,5,4,0,0.00018290227,4,OOD_Class_3
Play any chanson,3,4,1,0.00019636335,4,OOD_Class_3
"add this album to my playlist named Café, Libros",0,0,0,0.00018172899,4,OOD_Class_3
Is it freezing near Medley ?,2,2,0,0.00011055514,4,OOD_Class_3
play the last 1957 movement,3,4,1,0.00013123314,4,OOD_Class_3
Fine a movie schedule .,6,5,0,0.000101113284,4,OOD_Class_3
I want to book a restaurant in Frenier 12 years from now for 4 people.,1,1,0,0.00012960796,4,OOD_Class_3
book a restaurant for 6,1,1,0,0.00012128313,4,OOD_Class_3
what is the forecast for Turtle Islands National Park,2,2,0,0.0001359853,4,OOD_Class_3
Play the song Little Robin Redbreast,3,4,1,0.00012657422,4,OOD_Class_3
play falco on Zvooq for Good Hit,3,0,1,0.00018847531,4,OOD_Class_3
Find me Royal Astronomy,5,4,0,0.00013057112,4,OOD_Class_3
This current album would get 6 stars or a rating value of 1,4,3,0,0.00012096602,4,OOD_Class_3
Play The XYY Man soundtrack,5,4,0,0.00016880999,4,OOD_Class_3
Play music on groove shark,3,4,1,0.002280071,4,OOD_Class_3
where's the nearest movie house playing No Trains No Planes,6,5,0,0.00012820313,4,OOD_Class_3
"I need a table for ten on april the eighteenth, 2030",1,1,0,0.00016097924,4,OOD_Class_3
Use the service Itunes to play melody from 1998,3,4,1,0.0010200079,4,OOD_Class_3
What films are playing in the neighbourhood,6,5,0,0.00012695922,4,OOD_Class_3
Play Saturday Nights & Sunday Mornings,3,4,1,0.00018374769,4,OOD_Class_3
Play the greatest record by Leroi Moore,3,4,1,0.00031459413,4,OOD_Class_3
play Fernando Olvera,3,4,1,0.00026310273,4,OOD_Class_3
Play Lukasz Gottwald album on Zvooq,3,4,1,0.000790586,4,OOD_Class_3
I would rate The Door to December 3 points and a best rating of 6,4,3,0,0.00010848604,4,OOD_Class_3
I want to hear a Gucci Mane song from Last Fm from 2002,3,4,1,0.0001961923,4,OOD_Class_3
Add Cleo Laine to psychedelic rock,0,0,0,0.00017760397,4,OOD_Class_3
What will the weather be in Allenwood ?,2,2,0,0.00012448391,4,OOD_Class_3
Play eighties music on Groove Shark .,3,0,1,0.00040463574,4,OOD_Class_3
I would rate this album 1 points,4,3,0,0.00012084765,4,OOD_Class_3
Please help me find the Selections from the Arista Years video game .,5,4,0,0.00015356726,4,OOD_Class_3
Add Buddy Tate to just dance by aftercluv list,0,0,0,0.00017357325,4,OOD_Class_3
Play the top 20 ep from the fifties by John Bundrick .,3,4,1,0.0002496835,4,OOD_Class_3
add this track to the playlist named cali fire,0,0,0,0.00016997062,4,OOD_Class_3
Find Five Came Back for me,5,4,0,0.00014445817,4,OOD_Class_3
Where can I find Lonely Hearts,5,4,0,0.00010573593,4,OOD_Class_3
"Will it be rainy this Monday in Le Center , Thailand",2,2,0,0.00011597479,4,OOD_Class_3
Play me a twenties tune on Deezer,3,4,1,0.0009572742,4,OOD_Class_3
Give the book Buzz about Bees a 2 star rating out of 6 .,4,3,0,0.00011944073,4,OOD_Class_3
Include When I Paint My Masterpiece in my Acoustic Spring playlist.,0,0,0,0.00017450978,4,OOD_Class_3
I'd say Life in the Iron Mills was a five,4,3,0,0.000105198,4,OOD_Class_3
Book me a reservation for Ad Hoc in Brazil for a party of 7,1,1,0,0.00015123251,4,OOD_Class_3
"book a highly rated gastropub that has a pastelaria in Blue Anchor , MD in 55 weeks for my brother in law and I",1,1,0,0.00014713053,4,OOD_Class_3
Book a jewish churrascaria in Minnesota for 9 people.,1,1,0,0.0001540642,4,OOD_Class_3
give four out of 6 points to current novel,4,3,0,0.000121025165,4,OOD_Class_3
What films are playing at Pacific Theatres,6,5,0,0.00013137855,4,OOD_Class_3
Show me the photograph Rock You Baby,5,4,0,0.00015030043,4,OOD_Class_3
Play a chant from the fifties,3,4,1,0.00015071726,4,OOD_Class_3
Play me a song by Stephen Jones,3,4,1,0.00023986433,4,OOD_Class_3
Use Pandora to play music from Maki Onaga from the album made in the nineties,3,4,1,0.00023113326,4,OOD_Class_3
Show the Whispering Willows novel,5,4,0,0.00013356285,4,OOD_Class_3
Add this track to anochecer urbano,0,0,0,0.00020134516,4,OOD_Class_3
Let me use netflix to listen to the last soundtrack from Out Of Eden .,3,4,1,0.00039064416,4,OOD_Class_3
What's the snowfall at noon in IN,2,2,0,0.00011218594,4,OOD_Class_3
when can iw atch Great Balls of Fire! - Vampate di fuoco,6,4,0,0.0008033518,4,OOD_Class_3
book me a restaurant,1,1,0,0.00011060359,4,OOD_Class_3
Play Lorenzo Palacios Quispe,3,4,1,0.00022093074,4,OOD_Class_3
give 0 points to current series,4,3,0,0.00011116751,4,OOD_Class_3
Play a sound track from 1952 .,3,4,1,0.00016946721,4,OOD_Class_3
Book a restaurant for 9 people.,1,1,0,0.00012440224,4,OOD_Class_3
where do I see the trailer for Live Dates,5,4,0,0.000113799026,4,OOD_Class_3
is there expected of rainfall in Horton of Connecticut,2,2,0,0.000119072305,4,OOD_Class_3
I want to read the book The Minotaur,5,4,0,9.974927e-05,4,OOD_Class_3
Rate The Doors of Perception 3 stars,4,3,0,0.00013409228,4,OOD_Class_3
Please book me seating at the food court in Hazel Green for nine,1,1,0,0.00018295029,4,OOD_Class_3
Play Geddy Lee music on Spotify sort by top,3,0,1,0.00023516038,4,OOD_Class_3
What is the Read All About It picture ?,5,4,0,0.00014246129,4,OOD_Class_3
play music using Groove Shark,3,4,1,0.0015542742,4,OOD_Class_3
play chant from the nineties with Last Fm,3,4,1,0.00039031781,4,OOD_Class_3
play a 1994 tune by Lena Horne,3,4,1,0.00017189808,4,OOD_Class_3
book a table for 6 at a restaurant in Nebraska,1,1,0,0.00014193523,4,OOD_Class_3
Play my Futuros Hits playlist on Spotify .,3,0,1,0.0001796105,4,OOD_Class_3
Find a video game called Family Dog .,5,4,0,0.0001566068,4,OOD_Class_3
Play best fourties from david izquierdo on album,3,4,1,0.00045460166,4,OOD_Class_3
Rate The Making of a Teacher a two,4,3,0,0.000122213,4,OOD_Class_3
book a spot for seven in 8 seconds from now,1,1,0,0.00012696309,4,OOD_Class_3
book a brasserie for one,1,1,0,0.00017019443,4,OOD_Class_3
Play the most popular Johnny Clarke on Deezer .,3,4,1,0.0013999887,4,OOD_Class_3
play music by Christian Bautista,3,4,1,0.00041438072,4,OOD_Class_3
Play a track from 1985 .,3,4,1,0.0002652602,4,OOD_Class_3
play fifties movement songs by Fabio on Last Fm,3,0,1,0.0012485652,4,OOD_Class_3
play some dance on Groove Shark,3,4,1,0.0006331297,4,OOD_Class_3
Play the heinz strobl ep from 2016 on Groove Shark,3,4,1,0.00033621042,4,OOD_Class_3
Play my Mellow Beats playlist please,3,0,1,0.00020456407,4,OOD_Class_3
Play track Real Talk,3,4,1,0.0006297841,4,OOD_Class_3
Put this tune onto the signed xoxo playlist.,0,0,0,0.00017691178,4,OOD_Class_3
Is The Young Guard playing at the closest cinema,6,5,0,0.00012745662,4,OOD_Class_3
What is the movie schedule at the IMAX Corporation three minutes from now,6,5,0,0.00013449127,4,OOD_Class_3
Play music from 1996 .,3,4,1,0.00021174154,4,OOD_Class_3
I'd like to hear Don Airey 's Gonna Raise Hell,3,4,1,9.137015e-05,4,OOD_Class_3
Put another track in the keep calm playlist.,0,0,0,0.00016839823,4,OOD_Class_3
where can I see the trailer for Love on the Beat,5,4,0,0.00011446241,4,OOD_Class_3
Let me know the weather forecast around ten Pm faraway from here in Park Narodowy Brimstone Hill Fortress .,2,2,0,0.00012411889,4,OOD_Class_3
Play Shinji Miyazaki 's music on netflix,3,4,1,0.00030233798,4,OOD_Class_3
play the last chant from the fourties,3,4,1,0.00014298917,4,OOD_Class_3
Play a popular ballad by Amanda,3,4,1,0.0003440222,4,OOD_Class_3
Do you have something like Impossible Is Nothing by Abderrahmane Abdelli ?,3,4,1,0.00024555938,4,OOD_Class_3
Find Games Wizards Play TV series,5,4,0,0.00012608901,4,OOD_Class_3
I need a reservation for National Coney Island with a party of 8 in NV,1,1,0,0.00015526464,4,OOD_Class_3
me and aisha and craving cordon bleu and need to book a table at a brasserie .,1,1,0,0.00016821446,4,OOD_Class_3
Play hanging in the balance by Nik Kershaw on Zvooq .,3,4,1,0.0027503744,4,OOD_Class_3
Play the top five songs from Robert Lockwood Junior .,3,4,1,0.00030348622,4,OOD_Class_3
Play chant from Freddy Fender on iheart,3,4,1,0.0017176094,4,OOD_Class_3
I'd give the current essay a four,4,3,0,0.00011961507,4,OOD_Class_3
I want to listen to some Saori Atsumi from the twenties on Deezer,3,4,1,0.00031981897,4,OOD_Class_3
Add the big mama thornton song to cassie's Punk Rock Workout playlist,0,0,0,0.00017130376,4,OOD_Class_3
Play the latest 1973 album by Peter Derose .,3,4,1,0.00027129397,4,OOD_Class_3
Is Romulus and the Sabines playing at the nearest cinema at ten,6,5,0,0.00013794599,4,OOD_Class_3
Find Drowning with Land in Sight .,5,4,0,0.00051682914,4,OOD_Class_3
how cold is it in Princeton Junction,2,2,0,0.0001108801,4,OOD_Class_3
add lil armstrong to my Adrenaline Workout playlist,0,0,0,0.00017272859,4,OOD_Class_3
Play a seventies Tom Thacker ballad,3,4,1,0.00018108613,4,OOD_Class_3
Will there be a blizzard in Saudi Arabia around 2 o'clock,2,2,0,0.0001226127,4,OOD_Class_3
Use Deezer to play music by Kimberley Walsh,3,4,1,0.000624152,4,OOD_Class_3
Is Race Gurram playing,6,5,0,0.00016113368,4,OOD_Class_3
Is Flow For Love of Water playing at Southern Theatres at 2 am,6,5,0,0.0001347404,4,OOD_Class_3
Is it snowy in Audra State Park or within the same area,2,2,0,0.000110445355,4,OOD_Class_3
How can I rate the current chronicle 5 stars ?,4,3,0,0.00011678772,4,OOD_Class_3
book a socca serving steakhouse for 2 in Saint James Alabama,1,1,0,0.00016169417,4,OOD_Class_3
Rate my current essay a 2,4,3,0,0.00013156245,4,OOD_Class_3
four out of 6 stars for Special Assignments,4,3,0,0.00012108401,4,OOD_Class_3
Play Bald by Kaskade .,3,4,1,0.00019599505,4,OOD_Class_3
I need a table in TN that's not to far for a party of ten,1,1,0,0.00014012764,4,OOD_Class_3
open Fadl Shaker on Spotify and play a melody starting with the newest,3,0,1,0.00027138356,4,OOD_Class_3
book a table for 4 at Fish Express,1,1,0,0.00016690594,4,OOD_Class_3
Book a restaurant in Gate City for 5 people.,1,1,0,0.00012342406,4,OOD_Class_3
Include dschiwan gasparjan in beth's rare groove playlist.,0,0,0,0.00017682461,4,OOD_Class_3
Add New Wave Blues to my Push Button Funk playlist,0,0,0,0.00017323706,4,OOD_Class_3
Add genocide to electronic bliss,0,0,0,0.00017960952,4,OOD_Class_3
play Darude,3,4,1,0.00029269513,4,OOD_Class_3
What are the Mann Theatres showtimes for Secret Sunshine,6,5,0,0.00012921116,4,OOD_Class_3
Book the tea house on North River,1,1,0,0.00014190994,4,OOD_Class_3
Add the Nastya Kamenskih song to my The Martin Garrix Show playlist.,0,0,0,0.0001685646,4,OOD_Class_3
"Book a table at the Eighth Step Coffee House that isn't too far from Vineyard Haven for candace phillips, debbie and sondra",1,1,0,0.00017355796,4,OOD_Class_3
Book a table for tomorrow for five people.,1,1,0,0.00015710434,4,OOD_Class_3
Book me a table for a party of eight in Germany .,1,1,0,0.00014179433,4,OOD_Class_3
search for television show Windows Live TV,5,4,0,0.00012486201,4,OOD_Class_3
Play me Benjamin Kowalewicz 's top hits,3,4,1,0.00022196842,4,OOD_Class_3
"Where is the closest movie theatre playing Yo, robot",6,5,0,0.00012486834,4,OOD_Class_3
Play Rap Album One by Gene Vincent .,3,4,1,0.0004124881,4,OOD_Class_3
What are the weather conditions in Noel ?,2,2,0,0.00011826276,4,OOD_Class_3
is Cape Mount Nature Conservation Unit has storm weather,2,2,0,0.00011665063,4,OOD_Class_3
Play the most popular Coti songs on Pandora,3,4,1,0.0011582909,4,OOD_Class_3
How is the weather going to be on child health day in Trinidad and Tobago ?,2,2,0,0.00013479525,4,OOD_Class_3
Find movie times for close by films .,6,5,0,0.00013795283,4,OOD_Class_3
Book a reservation for eight people in North Dakota,1,1,0,0.00013461235,4,OOD_Class_3
add the essential jacksons to my Perfect Concentration,0,0,0,0.0001974533,4,OOD_Class_3
What's the weather forecast for 3 hours from now at Christmas Island ?,2,2,0,0.00012533757,4,OOD_Class_3
What does it feel like in Alloway,2,2,0,0.00024203598,4,OOD_Class_3
What time is Unholy Women playing?,6,5,0,0.00013249049,4,OOD_Class_3
Ply best 1973 sound track,3,4,1,0.00026968942,4,OOD_Class_3
book me a restaurant at Sint Maarten on sun .,1,1,0,0.00014298252,4,OOD_Class_3
Play the last Wellman Braud album relaesd,3,4,1,0.00012895146,4,OOD_Class_3
What films are showing at the closest movie theatre ?,6,5,0,0.00014081101,4,OOD_Class_3
show movie times,6,5,0,0.0001231434,4,OOD_Class_3
rate this novel a two,4,3,0,0.00012437944,4,OOD_Class_3
I want to hear some twenties music off of Deezer,3,4,1,0.0001786311,4,OOD_Class_3
Is The Butcher Boy playing anywhere at supper time?,6,5,0,0.00012133099,4,OOD_Class_3
Look for the album called The Tale of Mr. Jeremy Fisher,5,4,0,0.00012882978,4,OOD_Class_3
play music by Bryan Maclean,3,4,1,0.00020416702,4,OOD_Class_3
add track to my Las Canciones Más Lindas Del Mundo playlist,0,0,0,0.00017349109,4,OOD_Class_3
Open Vimeo and play Lee Mellor good songs,3,4,1,0.00079300796,4,OOD_Class_3
Find the schedule for The Voice in the Fog at night at the closest movie house .,6,5,0,0.000121501704,4,OOD_Class_3
Use Youtube to play music from Dorothy Ashby from the year 2002,3,0,1,0.0016650773,4,OOD_Class_3
I want to hear opera on Netflix,3,4,1,0.00010375265,4,OOD_Class_3
Play The Fool On The Hill by Khwaja Ghulam Farid,3,4,1,0.0001694295,4,OOD_Class_3
Find movie times .,6,5,0,0.00012365318,4,OOD_Class_3
how much hotter will it be once close to Namibia,2,2,0,0.00013039148,4,OOD_Class_3
Play a top fifty ballad by Linda Strawberry on Google Music,3,0,1,0.000271684,4,OOD_Class_3
"what is the weather forecast for WA on september 11, 2021",2,2,0,0.00014023286,4,OOD_Class_3
Will it rain in Barberville,2,2,0,0.00011930426,4,OOD_Class_3
Book a bar in Holtville ND for 7 people.,1,1,0,0.00013676098,4,OOD_Class_3
Will there be rainfall faraway from Uganda,2,2,0,0.00012656573,4,OOD_Class_3
Give me some movie schedules .,6,5,0,0.00012634398,4,OOD_Class_3
give four stars out of 6 to current book,4,3,0,0.00012061212,4,OOD_Class_3
play the top song by Amon Amarth on Groove Shark,3,4,1,0.0023116264,4,OOD_Class_3
show me the schedule of movie Thirty Two Short Films About Glenn Gould in 14 minutes,6,5,0,0.00012845185,4,OOD_Class_3
Play a top twenty symphony by Bumble Bee Slim,3,4,1,0.0002702898,4,OOD_Class_3
Find a reservation at a restaurant that serves gougère in Laneville with a party of nine,1,1,0,0.00015005795,4,OOD_Class_3
What is the forecast on 12/9/2039 at Florida Caverns State Park,2,2,0,0.0001415393,4,OOD_Class_3
I want to hear the new Vasilis Tsitsanis ep,3,4,1,0.0001365942,4,OOD_Class_3
Play a Ladyhawke record,3,4,1,0.00017485596,4,OOD_Class_3
I'm looking to book a reservation in Aruba at a place nearby .,1,1,0,0.00019641116,4,OOD_Class_3
Is it humid in Parc national de Killarney,2,2,0,0.00012625592,4,OOD_Class_3
Play some nineties music on Zvooq,3,0,1,0.0008197466,4,OOD_Class_3
I need the movie schedules for Century Theatres,6,5,0,0.00012934108,4,OOD_Class_3
Can you play a Sammy Fain ep,3,4,1,0.00017331367,4,OOD_Class_3
Book a reservation for two at Mickies Dairy Bar in Weedsport,1,1,0,0.00016747921,4,OOD_Class_3
I'd like to go to a pizzeria within walking distance of Hutchinson,1,1,0,0.0001430365,4,OOD_Class_3
Play my Acoustic Covers playlist on Spotify .,3,0,1,0.00018703364,4,OOD_Class_3
Play a Loretta Lynn tune on Groove Shark,3,0,1,0.0018662736,4,OOD_Class_3
Give two points to One Virgin Too Many,4,3,0,0.00012126131,4,OOD_Class_3
play a top-twenty tune by Noor Jehan,3,4,1,0.00045107896,4,OOD_Class_3
Fine movie times for animated movies in the neighborhood .,6,5,0,0.00014302888,4,OOD_Class_3
Rate Blood and Gold saga 0 points,4,3,0,0.00011089686,4,OOD_Class_3
Book the City Tavern in Holiday KS .,1,1,0,0.00013812585,4,OOD_Class_3
Show me the nearest movie house showing He Won a Ranch,6,5,0,0.00012882355,4,OOD_Class_3
play the top-twenty songs by The Kleptones on Spotify,3,0,1,0.00041892077,4,OOD_Class_3
Which movies are playing at AMC Theaters ?,6,5,0,0.00012365945,4,OOD_Class_3
Play the top hits of 2016,3,4,1,0.0002550862,4,OOD_Class_3
play All Of Your Toys by Chris Ledoux,3,4,1,0.0003357154,4,OOD_Class_3
I want to eat panisses the nearby cafeteria in Naytahwaush,1,1,0,0.00016751111,4,OOD_Class_3
search for trailer Jazz Impressions of the U.S.A.,5,4,0,0.00013448427,4,OOD_Class_3
Please play some music for me on Netflix,3,4,1,0.00020409041,4,OOD_Class_3
How can I see the TV series Mothstorm ?,5,4,0,0.0001249937,4,OOD_Class_3
Play genre opera,3,4,1,0.00015703466,4,OOD_Class_3
play a Samira Said ballad from the nineties,3,4,1,0.00085698935,4,OOD_Class_3
I want to hear a 1976 symphony by Jam Master Jay,3,4,1,0.00024175797,4,OOD_Class_3
Play The Galway Races on Netflix .,3,4,1,0.0011186592,4,OOD_Class_3
I want to hear theme songs from zeebra from the sixties on Slacker,3,4,1,0.00014101184,4,OOD_Class_3
I want to book a highly rated pizzeria in the same area as tia's house,1,1,0,0.00013702636,4,OOD_Class_3
play music by Billy Powell,3,4,1,0.0001576246,4,OOD_Class_3
"Can you play a song off the album , jungle",3,4,1,0.0001499693,4,OOD_Class_3
Please play This Is The Day by Brian Robertson .,3,4,1,0.00013563762,4,OOD_Class_3
rate The Princess Mouse A Tale of Finland one of 6,4,3,0,0.00011548379,4,OOD_Class_3
Weather for East Peru Bolivia 3 years and a half from now,2,2,0,0.00011907258,4,OOD_Class_3
Can you give me a forecast for weather at night in my current position,2,2,0,0.00015597812,4,OOD_Class_3
Play soundtrack by Armand Van Helden,3,4,1,0.00016652723,4,OOD_Class_3
Play some music from 1993 on Itunes .,3,4,1,0.00210314,4,OOD_Class_3
Play Modern Psychedelia .,3,4,1,0.00030231962,4,OOD_Class_3
Add Shangri-La to the African Heat playlist.,0,0,0,0.00017196822,4,OOD_Class_3
rate Shockscape five stars,4,3,0,0.00012640015,4,OOD_Class_3
play music from the twenties with Slacker,3,4,1,0.00016328704,4,OOD_Class_3
Play a melody by Shada Hassoun,3,4,1,0.0002794039,4,OOD_Class_3
3 out of 6 for the last album,4,3,0,0.00010801088,4,OOD_Class_3
play a track by Alpha Blondy with Deezer,3,4,1,0.0003628909,4,OOD_Class_3
I rate Step by Wicked Step 1 stars,4,3,0,0.00012155628,4,OOD_Class_3
Show me the saga St. Elsewhere,5,4,0,0.00012645494,4,OOD_Class_3
Add this album to jenifer's mellow dinner playlist,0,0,0,0.00017315416,4,OOD_Class_3
Play some dance music,3,4,1,0.00024626317,4,OOD_Class_3
"What's the forecast for Francisco , Netherlands Antilles around eleven pm ?",2,2,0,0.00012638139,4,OOD_Class_3
Rate the current book one of 6 points,4,3,0,0.00011856893,4,OOD_Class_3
give four out of 6 stars for this chronicle,4,3,0,0.000115709,4,OOD_Class_3
Where is picture Everybody Wants You,5,4,0,0.00018397249,4,OOD_Class_3
Play Have You Met Miss Jones by Nicole from Google Music .,3,0,1,0.0027616692,4,OOD_Class_3
Play Dawn Richard song White Summer,3,4,1,0.0001229077,4,OOD_Class_3
Can you make reservations for two people somewhere distant from Sutphin Blvd,1,1,0,0.00017219513,4,OOD_Class_3
"find The Great Hydration , a TV series",5,4,0,0.0001292102,4,OOD_Class_3
Play the song American Patrol by lauryn hill,3,4,1,0.00014722154,4,OOD_Class_3
Add When You Come Back to the jazz for loving couples playlist.,0,0,0,0.00017298174,4,OOD_Class_3
use Netflix to play Michael White tune from 1955,3,4,1,0.0010628956,4,OOD_Class_3
I need a weather forecast for Tallahassee-St. Marks Historic Railroad State Trail,2,2,0,0.00013691437,4,OOD_Class_3
Play Dj Shadow 's A Love Hate Masquerade .,3,4,1,0.00031293716,4,OOD_Class_3
Will it be hot in the Netherlands on February 16th ?,2,2,0,0.00012442245,4,OOD_Class_3
Play rich sex on Iheart,3,4,1,0.00046994502,4,OOD_Class_3
Play Still Life 1,3,4,1,0.00022713668,4,OOD_Class_3
find Andreas Hofer at elevenses,6,5,0,0.00068095507,4,OOD_Class_3
Book a reservation for six for a tyrolean oyster bar,1,1,0,0.00017525656,4,OOD_Class_3
play Takes Place In Your Work Space by Eddie Kendricks,3,4,1,0.0002588041,4,OOD_Class_3
show Under the Sea creative video game,5,4,0,0.000114141214,4,OOD_Class_3
Play Night Electric Night on Iheart,3,4,1,0.00018787761,4,OOD_Class_3
Rate this book one stars,4,3,0,0.00011920703,4,OOD_Class_3
Use Netflix to play In The Arms Of A Woman playlist,3,0,1,0.00019770289,4,OOD_Class_3
Play Vic Ruggiero music from 2007,3,4,1,0.00020260991,4,OOD_Class_3
Give The Slap 0 stars,4,3,0,0.00011324939,4,OOD_Class_3
what is the forecast for colder temps beginning on Law Day here,2,2,0,0.00012749748,4,OOD_Class_3
What's the weather at four pm in Honduras,2,2,0,0.00011889982,4,OOD_Class_3
Can I watch Flower and Snake at movie house in one hour from now ?,6,5,0,0.00013149543,4,OOD_Class_3
Will it snow in my current location,2,2,0,0.00012669012,4,OOD_Class_3
Tell me if it'll blizzard in KS,2,2,0,0.00013440076,4,OOD_Class_3
showtimes for movies currently playing at Speakeasy Theaters,6,5,0,0.00013985037,4,OOD_Class_3
Play Praise The Lord And Pass The Ammunition .,3,4,1,0.0001814698,4,OOD_Class_3
Play popular eighties record,3,4,1,0.00029069406,4,OOD_Class_3
Open Netflix and play David Frizzell,3,4,1,0.00016862704,4,OOD_Class_3
Add song to my Club Hits,0,0,0,0.00018110545,4,OOD_Class_3
Book a reservation at a restaraunt in CT,1,1,0,0.00012871773,4,OOD_Class_3
Can you play me songs from the Estado de ánimo playlist?,3,0,1,0.0002612928,4,OOD_Class_3
add country favorites willie nelson style to my playlist titled Spinnin' Records Top 100,0,0,0,0.00016799035,4,OOD_Class_3
What's the humidity now in NH ?,2,2,0,0.000117915755,4,OOD_Class_3
book a spot for ten at a pub that has umbrian in NV on feb. the fourth,1,1,0,0.00015542452,4,OOD_Class_3
What are the movie times at Landmark Theatres,6,5,0,0.00013515231,4,OOD_Class_3
I'd like to put Ryō Yamazaki onto my sylvia plath playlist.,0,0,0,0.00017306594,4,OOD_Class_3
Add Madman to Trap Land playlist,0,0,0,0.00017726059,4,OOD_Class_3
Find the movie schedule for animated movies in the neighbourhood .,6,5,0,0.00014039858,4,OOD_Class_3
Play Classical X,3,4,1,0.00043564118,4,OOD_Class_3
Book a table for 12 am . at our step mother's secondary residence within walking distance for one,1,1,0,0.0001785371,4,OOD_Class_3
Play a symphony from Bob Hardy please,3,4,1,0.00014057368,4,OOD_Class_3
I want to give the current essay a five,4,3,0,0.000124684,4,OOD_Class_3
book a highly rated restaurant in Central African Republic for 5 people on sep. the second,1,1,0,0.0001697868,4,OOD_Class_3
Play a 1958 soundtrack by Rudolf Schenker on Netflix .,3,4,1,0.00017790623,4,OOD_Class_3
play music by Odd Nosdam,3,4,1,0.00021313569,4,OOD_Class_3
When is For Lovers Only playing?,6,5,0,0.00015311323,4,OOD_Class_3
I would give The Lady of the Rivers 0 stars,4,3,0,0.00011336029,4,OOD_Class_3
I need some Hardcore Hip Hop,3,4,1,0.00051936053,4,OOD_Class_3
Play Richard Fortus ' Live Collection .,3,4,1,0.00014927372,4,OOD_Class_3
"I need a reservation for a restaurant in Bangladesh on feb. the 11th, 2032",1,1,0,0.0001514174,4,OOD_Class_3
Where can I purchase the TV series The Mating Season,5,4,0,0.00012316775,4,OOD_Class_3
add tune to my metal crash course playlist,0,0,0,0.00017417113,4,OOD_Class_3
I want some fusil contra fusil added to my dance hits playlist.,0,0,0,0.00017247602,4,OOD_Class_3
Anything close to Smith-9th St that can seat two people about one minute from now ?,1,1,0,0.00014668803,4,OOD_Class_3
Open Deezer and play top 40 hits,3,4,1,0.0005045067,4,OOD_Class_3
Play something by Holly Cole on lastfm,3,0,1,0.0018490285,4,OOD_Class_3
what is the forecast for here at tea time,2,2,0,0.00013007599,4,OOD_Class_3
I want to give this current novel 4 points,4,3,0,0.00012572284,4,OOD_Class_3
Find the show Manthan,5,4,0,0.00011182099,4,OOD_Class_3
Is it going to be rainy here one second from now,2,2,0,0.000121480996,4,OOD_Class_3
Which cinema is currently showing The Youngest Profession ?,6,5,0,0.00012485018,4,OOD_Class_3
give 4 out of 6 stars to current chronicle,4,3,0,0.00011369313,4,OOD_Class_3
there is warmer at Serenada,2,2,0,0.000107777254,4,OOD_Class_3
Play me a 1986 Jim Root,3,4,1,0.00024849013,4,OOD_Class_3
Play me a song from the fourties movement,3,4,1,0.00019088603,4,OOD_Class_3
Play some music using slacker,3,4,1,0.00050795294,4,OOD_Class_3
Play fourties record,3,4,1,0.00020182408,4,OOD_Class_3
I'm wondering when I can see Beating Heart at the nearest cinema .,6,5,0,0.00013929704,4,OOD_Class_3
Will there be fog in Tahquamenon Falls State Park ?,2,2,0,0.00013705167,4,OOD_Class_3
Play fifties music by Ahmed Abdul Malik,3,4,1,0.00015313647,4,OOD_Class_3
Play some music by Mark Heard .,3,4,1,0.00017012491,4,OOD_Class_3
I want to book a joint in a spa .,1,1,0,0.000133191,4,OOD_Class_3
Play Adieu by Al Arsenault,3,4,1,0.00020488139,4,OOD_Class_3
Open groove shark and play Jason Mizell,3,4,1,0.00019862274,4,OOD_Class_3
Play me a symphony by Ricky Bell,3,4,1,0.0001450637,4,OOD_Class_3
book a spot for seven at a brasserie with ginestrata,1,1,0,0.00020407815,4,OOD_Class_3
Play some James Cleveland .,3,4,1,0.00024828676,4,OOD_Class_3
Play March Of The Soviet Tankmen from Gloria Gaither,3,4,1,0.00013692907,4,OOD_Class_3
Where can I find Richard the Lionheart Rebellion ?,5,4,0,0.00011330823,4,OOD_Class_3
what is the storm forecast in the same area of Honduras,2,2,0,0.00013499176,4,OOD_Class_3
play some tango on iheart,3,4,1,0.0008793614,4,OOD_Class_3
Sort eighties ep from the last,3,4,1,0.00027665801,4,OOD_Class_3
play pandora tracks by Akhtar Sadmani,3,4,1,0.00033243405,4,OOD_Class_3
Can I listen to music from the Easy Listening genre?,3,4,1,0.0005107801,4,OOD_Class_3
listen to Vertexguy track,3,4,1,0.00024727112,4,OOD_Class_3
Rate Voyage in the Dark 3 of 6,4,3,0,0.00011441723,4,OOD_Class_3
"book for jessie, dale wright and lupe at a bistro on feb. 20, 2040",1,1,0,0.00017551647,4,OOD_Class_3
Find the schedule for for The Unnaturals at 13 .,6,5,0,0.00011774906,4,OOD_Class_3
play track Her Majesty,3,4,1,0.00044668192,4,OOD_Class_3
Play some Sonu Niigaam from the fifties,3,4,1,0.00010686889,4,OOD_Class_3
"I need a highly rated oyster bar in AR in a month for jeanne collins, amy and I",1,1,0,0.00016960359,4,OOD_Class_3
Play a song from 1973 .,3,4,1,0.00024107852,4,OOD_Class_3
What theater is playing Death Drums Along the River at 5 PM,6,5,0,0.00012314702,4,OOD_Class_3
what is the freezing forecast for British Virgin Islands,2,2,0,0.00011837761,4,OOD_Class_3
Is The Umbrellas of Cherbourg playing near me?,6,5,0,0.00014004602,4,OOD_Class_3
The Half-Life chronicle deserves 3 points,4,3,0,0.00011903217,4,OOD_Class_3
I want do you want to build a snowman in my Hip Hop 2017 New School playlist,0,0,0,0.00015078037,4,OOD_Class_3
Find the schedule for Metallica Through the Never .,6,5,0,0.00013970389,4,OOD_Class_3
Please find me the book Step Into My Groove .,5,4,0,0.00016637475,4,OOD_Class_3
Play some music from 1985 by Rolf Harris,3,4,1,0.00013980416,4,OOD_Class_3
rate this essay 3 out of 6 points,4,3,0,0.0001186269,4,OOD_Class_3
Open pandora and play udhreko choli from Chowdiah,3,4,1,0.00021909832,4,OOD_Class_3
Add I Messed Up to Hit Rewind,0,0,0,0.00017987337,4,OOD_Class_3
play some King Tubby from the eighties,3,4,1,0.00035485273,4,OOD_Class_3
Go to Itunes and play Dr. Lecter by David Hodges,3,0,1,0.0012728682,4,OOD_Class_3
Play fifties music,3,4,1,0.0001335288,4,OOD_Class_3
Is there going to be a depression in Point Washington State Forest,2,2,0,0.00014222984,4,OOD_Class_3
Rate In Enemy Hands five stars out of 6,4,3,0,0.00011341608,4,OOD_Class_3
Play some music on Slacker,3,4,1,0.0016030823,4,OOD_Class_3
Rate this novel five of 6,4,3,0,0.0001173023,4,OOD_Class_3
Play a 2014 theme from Greg Pattillo,3,4,1,0.0002158244,4,OOD_Class_3
add the album to the Six string peacefulness playlist,0,0,0,0.00016905961,4,OOD_Class_3
Find the movie schedules for me,6,5,0,0.00011927073,4,OOD_Class_3
Play jazz music by Zvooq,3,4,1,0.0002428103,4,OOD_Class_3
play Lighter by Pamela Jintana Racine,3,4,1,0.00020772428,4,OOD_Class_3
Play some David Mallett on last fm,3,0,1,0.00063908077,4,OOD_Class_3
Add Tranquility to the Latin Pop Rising playlist.,0,0,0,0.00017519231,4,OOD_Class_3
play the greatest james yorkston song,3,4,1,0.00015583355,4,OOD_Class_3
Will it be chilly at Boggs Mountain Demonstration State Forest,2,2,0,0.00012100771,4,OOD_Class_3
"How's the weather in Grisdale , Bangladesh ?",2,2,0,0.000113178336,4,OOD_Class_3
Play my 70s Smash Hits playlist.,3,0,1,0.00018189447,4,OOD_Class_3
mark the current textbook a 1 from the total of 6,4,3,0,0.00011678743,4,OOD_Class_3
what is the movie schedules for movies in the area,6,5,0,0.00013112274,4,OOD_Class_3
Play them the greatest music by Chris Frantz .,3,4,1,0.00017263509,4,OOD_Class_3
Add an andy hurley album to my transatlantic lullaby list,0,0,0,0.00016955244,4,OOD_Class_3
I need to see the movie schedules,6,5,0,0.00011914887,4,OOD_Class_3
Find the photograph A Little Less Sixteen Candles,5,4,0,0.0001185594,4,OOD_Class_3
add Hot House to Have You Met Miss Jones,0,0,0,0.00017908197,4,OOD_Class_3
play Bra Vibrationer by Dean,3,4,1,0.00045484223,4,OOD_Class_3
Find me the Extreme Ghostbusters game .,5,4,0,0.00014204372,4,OOD_Class_3
What is the weather like in Detroit Lakes,2,2,0,0.00011677064,4,OOD_Class_3
play some Prabha Atre,3,4,1,0.00015518769,4,OOD_Class_3
Play some music from Miss Platnum,3,4,1,0.00018960387,4,OOD_Class_3
Show me Skyfall Original Motion Picture Soundtrack,5,4,0,0.00015328203,4,OOD_Class_3
Book a reservation at a restaurant nearby their airbnb,1,1,0,0.00013409907,4,OOD_Class_3
I want to hear Somi 's songs from the twenties,3,4,1,0.00014294707,4,OOD_Class_3
Play any song from the eighties,3,4,1,0.00016796126,4,OOD_Class_3
book a table in Connecticut in Robinette for one second from now,1,1,0,0.00013487214,4,OOD_Class_3
find the closest movie theatre with animated movies,6,5,0,0.00013048324,4,OOD_Class_3
Play top-twenty fourties movement music by Mohammad Reza Lotfi .,3,4,1,0.0003077059,4,OOD_Class_3
find the movie Ircle,5,4,0,0.00012895683,4,OOD_Class_3
Play Shinehead 's music from the twenties on Slacker .,3,0,1,0.0025140562,4,OOD_Class_3
find The Terror Within,6,5,0,0.00061136903,4,OOD_Class_3
Please play a song by Everlast,3,4,1,0.00022166569,4,OOD_Class_3
Give my current book 4 stars .,4,3,0,0.00011374818,4,OOD_Class_3
Play the song Drifting On A Reed by Bobby G,3,4,1,0.00019085244,4,OOD_Class_3
show creativity of photograph of My Wonderful Day,5,4,0,0.00014052345,4,OOD_Class_3
play the best Becca,3,4,1,0.00045140734,4,OOD_Class_3
Play slow rock music on Vimeo,3,0,1,0.0010629502,4,OOD_Class_3
"I want to book a restaurant in Wallsburg , Missouri for michele, diann and pam",1,1,0,0.00014456475,4,OOD_Class_3
book a cafe for one in the Cocos Islands,1,1,0,0.00015180193,4,OOD_Class_3
Find the movie schedules for Cobb Theatres .,6,5,0,0.00013279733,4,OOD_Class_3
Play music from 1964 .,3,4,1,0.00019621116,4,OOD_Class_3
book a spot for 2 at a restaurant in Mayotte at 0613 AM,1,1,0,0.00013957218,4,OOD_Class_3
"What is the midday weather forecast for Chalkyitsik , Palestine",2,2,0,0.00013218874,4,OOD_Class_3
This current album deserve 0 points and a best rating of 6,4,3,0,0.00011582218,4,OOD_Class_3
book a restaurant for 4 by shawn's work close by,1,1,0,0.00015678773,4,OOD_Class_3
Play me the greatest Doctor Fink song on zvooq,3,4,1,0.00022463329,4,OOD_Class_3
play some Industrial music on Lastfm,3,0,1,0.0026084264,4,OOD_Class_3
Please put David Van Tieghem onto my throwback party playlist.,0,0,0,0.00016433779,4,OOD_Class_3
Find time for College Rock Stars at any movie theatre,6,5,0,0.00012621672,4,OOD_Class_3
Is it warm faraway in Niger ?,2,2,0,0.00010937343,4,OOD_Class_3
Play movement music by Monk Boudreaux on youtube,3,0,1,0.0011493773,4,OOD_Class_3
Will it get windy in Ocean Breeze Park ?,2,2,0,0.000131222,4,OOD_Class_3
Show GD&TOP painting,5,4,0,0.0001609458,4,OOD_Class_3
Add inconfundible to Stomp & Holler,0,0,0,0.00018270401,4,OOD_Class_3
Use the service Lastfm to play music by the artist ai kago,3,4,1,0.00045887774,4,OOD_Class_3
I want to play music from iheart,3,4,1,0.00016491547,4,OOD_Class_3
Is it supposed to be hotter today in IL,2,2,0,0.00012284955,4,OOD_Class_3
Play a record from 2005 by Ruslana Lyschytschko .,3,4,1,0.00036672605,4,OOD_Class_3
Book a restaurant in Pinecliffe Missouri this month .,1,1,0,0.00021009169,4,OOD_Class_3
Play me a sound track by Bert Mccracken on zvooq,3,4,1,0.00030027464,4,OOD_Class_3
rate the saga In Mortal Hands five out of 6 stars,4,3,0,0.00012603041,4,OOD_Class_3
What will the weather be in the current position on Dec. 23 ?,2,2,0,0.00013880288,4,OOD_Class_3
add when ice met cream to This Is Alejandro Fernández playlist,0,0,0,0.00017357398,4,OOD_Class_3
What is the movie schedule for films nearby,6,5,0,0.00012390137,4,OOD_Class_3
find the movie Take Another Picture,5,4,0,9.6582495e-05,4,OOD_Class_3
Play some Sam Moore .,3,4,1,0.0002323982,4,OOD_Class_3
"Play Chantal Kreviazuk , Sister Ray",3,4,1,0.0002356902,4,OOD_Class_3
Play some seventies music on netflix .,3,4,1,0.00029432913,4,OOD_Class_3
Please play a song from the thirties by Peter Murphy on Last Fm,3,4,1,0.00022466382,4,OOD_Class_3
Play the artist Tei last concert on Netflix,3,4,1,0.00015774775,4,OOD_Class_3
"Is it going to be foggy in Box Elder , Rhode Island",2,2,0,0.00012183788,4,OOD_Class_3
Which cinema is showing A Dedicated Life starting at eleven PM,6,5,0,0.00012291936,4,OOD_Class_3
Play me some grunge music,3,4,1,0.00013631939,4,OOD_Class_3
play Only Hope by Graham Bonnet,3,4,1,0.00014187359,4,OOD_Class_3
Play me a song from 1976 by Bennie Moten,3,4,1,0.00022357755,4,OOD_Class_3
Can you play top Zvooq by Fink ?,3,4,1,0.00016792618,4,OOD_Class_3
this track should go into my playlist called This Is Beethoven,0,0,0,0.00016562329,4,OOD_Class_3
Play Intense Studying playlist on Itunes .,3,0,1,0.0002090397,4,OOD_Class_3
Can I see the TV show The Closer I Get ?,5,4,0,0.000110846835,4,OOD_Class_3
Play the top symphony music from Ejigayehu Shibabaw,3,4,1,0.00011893149,4,OOD_Class_3
find a cinema closest with animated movies,6,5,0,0.00012462898,4,OOD_Class_3
is it going to be foggy in Jewell Cemetery State Historic Site 7 weeks from now,2,2,0,0.00011889867,4,OOD_Class_3
play some fifties tunes by Mike Mccready,3,4,1,0.00016360926,4,OOD_Class_3
Play a ballad from 1997 .,3,4,1,0.0002793572,4,OOD_Class_3
Play a Paolo Gregoletto song,3,4,1,0.00021623923,4,OOD_Class_3
Will the weather be the same here in one week in the same area,2,2,0,0.00011682776,4,OOD_Class_3
play The Insoc Ep,3,4,1,0.00023596521,4,OOD_Class_3
this album is the last and rated five,4,3,0,0.000118677934,4,OOD_Class_3
show freezing forcast now within the same area in North Dakota,2,2,0,0.00012056108,4,OOD_Class_3
Please look up the Beauty on the Fire show .,5,4,0,0.00015892067,4,OOD_Class_3
play Ebony Bones on Itunes,3,0,1,0.0006877552,4,OOD_Class_3
Play music from Lynn & Wade Llp .,3,4,1,0.0003959109,4,OOD_Class_3
Play the newest melody by Cisco Adler on pandora,3,4,1,0.0012362587,4,OOD_Class_3
phyllis ward and veronica need a table at a restaurant in 152 days,1,1,0,0.00019971335,4,OOD_Class_3
table for eight at The Berghoff in Sistersville in Jul.,1,1,0,0.00017119708,4,OOD_Class_3
give me some Hank Shermann from 1975 on Lastfm,3,4,1,0.00023910268,4,OOD_Class_3
Play me a popular Ronnie Wood soundtrack,3,4,1,0.00011027789,4,OOD_Class_3
Find the movie schedules at Goodrich Quality Theaters .,6,5,0,0.00013462572,4,OOD_Class_3
Play my Jazz Brasileiro playlist,3,0,1,0.00017759758,4,OOD_Class_3
give this textbook a 5 out of 6 rating,4,3,0,0.000118164106,4,OOD_Class_3
Play the thirties soundtrack by ghader abdollahzadeh on Youtube,3,4,1,0.00043364614,4,OOD_Class_3
Play any chant from 1973,3,4,1,0.00013263716,4,OOD_Class_3
Play shining down by Tsukiko Amano on pandora .,3,4,1,0.0009380363,4,OOD_Class_3
Book a steakhouse with a pool for eight people.,1,1,0,0.00015802462,4,OOD_Class_3
What's the weather in Timbo ?,2,2,0,0.00011948196,4,OOD_Class_3
play drive playlist,3,0,1,0.0002405543,4,OOD_Class_3
"What will the weather be like on january 16, 2030 in Rainbow Falls State Park",2,2,0,0.00013122379,4,OOD_Class_3
play a ballad from 2000,3,4,1,0.00020360538,4,OOD_Class_3
Play me a nineties ep,3,4,1,0.00021192913,4,OOD_Class_3
Weather for Marshall,2,2,0,0.00011884056,4,OOD_Class_3
"I need reservations for a party of 3 on all souls' day in Temperance , North Dakota",1,1,0,0.00017855538,4,OOD_Class_3
I wish to listen to eighties music by Mike Dean .,3,4,1,0.00029588843,4,OOD_Class_3
Rate this novel one of 6,4,3,0,0.00011799154,4,OOD_Class_3
Play some Paul Stookey from the sixties,3,4,1,0.00017117818,4,OOD_Class_3
Play twenties symphony from Robert Walter,3,4,1,0.00016315625,4,OOD_Class_3
I want to hear some music from Groove Shark,3,4,1,0.00019336097,4,OOD_Class_3
Play industrial music.,3,4,1,0.00037040366,4,OOD_Class_3
find me a game called Thesis Eleven,5,4,0,0.00015178764,4,OOD_Class_3
rate this current book a 4 out of 6,4,3,0,0.00011793394,4,OOD_Class_3
play some Classical music on Spotify,3,0,1,0.00038825694,4,OOD_Class_3
Add this album to my orgánica playlist.,0,0,0,0.00017760444,4,OOD_Class_3
1 point for this next textbook,4,3,0,0.00013560365,4,OOD_Class_3
Play Humour,3,4,1,0.00015311138,4,OOD_Class_3
play Sunshine Reggae on youtube,3,0,1,0.00076113094,4,OOD_Class_3
Can I hear a movement by rookantha gunathilake on the Vimeo service?,3,4,1,0.00051916775,4,OOD_Class_3
Use Spotify to play music,3,0,1,0.0010427238,4,OOD_Class_3
Find The American Journal of Economics and Sociology .,5,4,0,0.0004993921,4,OOD_Class_3
find the soundtrack titled This Side of Paradise,5,4,0,0.00012462189,4,OOD_Class_3
Play Metal Crash Course playlist.,3,0,1,0.00020240499,4,OOD_Class_3
give 5 out of 6 stars to The Intimidators chronicle,4,3,0,0.00011616216,4,OOD_Class_3
find films at Showcase Cinemas,6,5,0,0.00012721066,4,OOD_Class_3
Tell me if there's be a depression in Brazil,2,2,0,0.00022058633,4,OOD_Class_3
play a top Ryuichi Kawamura chant on Groove Shark,3,4,1,0.0012694263,4,OOD_Class_3
Will it be warmer in five years in Slemp Kansas,2,2,0,0.00011688383,4,OOD_Class_3
search for a painting of The Wannadies,5,4,0,0.000108582884,4,OOD_Class_3
find the song Tholireyi Gadichindi,5,4,0,0.0001470914,4,OOD_Class_3
Play Me Against The World from Glukoza,3,4,1,0.00019925732,4,OOD_Class_3
I need to know the weather for Jan. the 3rd in Mexico when I go to Port Vue,2,2,0,0.0001163151,4,OOD_Class_3
How do I get the game Still on It ?,5,4,0,0.000143424,4,OOD_Class_3
I want to put Paul Young onto all new all now .,0,0,0,0.0001867559,4,OOD_Class_3
Play the best sort by Jan Robbe on pandora,3,4,1,0.00033280868,4,OOD_Class_3
On Itunes play the latest Anna Yesipova ep,3,4,1,0.0002688738,4,OOD_Class_3
Book a reservation for a top-rated lebanese fast food place,1,1,0,0.00015588137,4,OOD_Class_3
Book a table for three at a restarunt in Federal Hill,1,1,0,0.00016788668,4,OOD_Class_3
Can you add some morton feldman piano and string quartet to my global funk playlist,0,0,0,0.00016988468,4,OOD_Class_3
Tell me when it will be hotter in China,2,2,0,0.00013257477,4,OOD_Class_3
play the top-twenty tune by Masaharu Fukuyama on Slacker,3,0,1,0.0008293771,4,OOD_Class_3
Show me the television show The Angry Mob .,5,4,0,0.00012879839,4,OOD_Class_3
"I want to listen to Lastfm , play A Drop Of The Hard Stuff by Joi Chua .",3,4,1,0.00025244144,4,OOD_Class_3
I rate Mosses from an Old Manse a 0,4,3,0,0.000113691225,4,OOD_Class_3
add the wee wee man to pamela's Stress Relief playlist,0,0,0,0.00017121842,4,OOD_Class_3
Add J J Cale to my heavy gamer playlist.,0,0,0,0.0001794334,4,OOD_Class_3
movie schedules at Southern Theatres,6,5,0,0.00012770979,4,OOD_Class_3
what is the 11 pm forecast for here and far,2,2,0,0.00012768441,4,OOD_Class_3
add this artist to Spain Top 50,0,0,0,0.00017794663,4,OOD_Class_3
Play sweet shanghai devil by Teddy Diaz .,3,4,1,0.00031950162,4,OOD_Class_3
"What's the weather for April 10th, 2028 in Arkansas",2,2,0,0.00013148058,4,OOD_Class_3
I want to watch the movie Maxime,5,4,0,9.78168e-05,4,OOD_Class_3
What is the weather iN Gipsy-Gordon Wildland Park,2,2,0,0.00012527629,4,OOD_Class_3
play Latina,3,4,1,0.0003440637,4,OOD_Class_3
Find The Mary Van Note Show,5,4,0,0.00012980476,4,OOD_Class_3
Play a 1950 album on Iheart,3,4,1,0.00021644856,4,OOD_Class_3
Play some music on spotify,3,0,1,0.0012210676,4,OOD_Class_3
"Book the Chapter One in Bosnia and Herzegovina for patti, hester richardson and camille",1,1,0,0.00015665135,4,OOD_Class_3
I rate the saga Wahhabi Islam From Revival and Reform to Global Jihad three out of 6,4,3,0,0.00011030259,4,OOD_Class_3
Play sixties music by giovanni battista guadagnini .,3,4,1,0.00020658049,4,OOD_Class_3
I want to listen to a concerto from Timour Moutsouraev .,3,4,1,0.0002247741,4,OOD_Class_3
Play some music on Netflix,3,4,1,0.00013328363,4,OOD_Class_3
Play some 1954 songs on my Itunes .,3,0,1,0.0004605558,4,OOD_Class_3
Will there be snowfall this month in UT,2,2,0,0.00013413768,4,OOD_Class_3
Add this artist to piano chill,0,0,0,0.00018101989,4,OOD_Class_3
Play me an eighties song by Wes Dakus,3,4,1,0.0002890034,4,OOD_Class_3
Play my Still Got the Blues playlist.,3,0,1,0.00018711614,4,OOD_Class_3
Play 1958 music,3,4,1,0.00015222136,4,OOD_Class_3
book in South Dakota for lobster newberg at a pub,1,1,0,0.00014874256,4,OOD_Class_3
Play something by Daisy Voisin on google music,3,0,1,0.00032623345,4,OOD_Class_3
play a top 50 tune from the twenties by Willi Williams,3,4,1,0.00022240073,4,OOD_Class_3
Give this book a rating of 3 out of 6 points .,4,3,0,0.000117015596,4,OOD_Class_3
"whats the forecast for January 21, 2035 in Dubach",2,2,0,0.0001441899,4,OOD_Class_3
Show me schedules to see A Film with Me in It .,6,5,0,0.00013085427,4,OOD_Class_3
I need to book a Theme restaurant this month in Chile,1,1,0,0.00055678946,4,OOD_Class_3
book in OH in Gurabo for velma and gloria,1,1,0,0.00015417185,4,OOD_Class_3
I want to listen to something on Youtube,3,4,1,0.00026128825,4,OOD_Class_3
Book a bar that serves ribs for 5 people.,1,1,0,0.00015972939,4,OOD_Class_3
"Play Liubi, Liubi, I Love You by Farah Asyikin Binti Zulkifli on Netflix",3,4,1,0.00027683534,4,OOD_Class_3
Search for Police Women of Cincinnati,5,4,0,0.00014513763,4,OOD_Class_3
I want another song in the Women of Latin Music playlist.,0,0,0,0.00017441832,4,OOD_Class_3
book a spot at a highly rated tavern in Colombia,1,1,0,0.00013516659,4,OOD_Class_3
I would give Bones of the Earth 2 points,4,3,0,0.000120435994,4,OOD_Class_3
put Before the Eulogy onto Acoustic Blues,0,0,0,0.0001728149,4,OOD_Class_3
Play some acapella music on Iheart,3,0,1,0.00070101576,4,OOD_Class_3
play Jawad Ahmad,3,4,1,0.00021799095,4,OOD_Class_3
I want to hear Box Of Rain by Skeets Mcdonald,3,4,1,0.00015028883,4,OOD_Class_3
"is it going to be chillier in Saint Augustine , WY on may 3rd",2,2,0,0.00012644242,4,OOD_Class_3
Play top-50 eighties theme from Alain Caron,3,4,1,0.00039167513,4,OOD_Class_3
What's it like in Bahrain right now ?,2,2,0,0.00013289068,4,OOD_Class_3
Use Deezer to play music,3,4,1,0.00052244205,4,OOD_Class_3
play Groove Shark,3,4,1,0.00031697177,4,OOD_Class_3
Play tune from Sonny Stitt,3,4,1,0.00030477333,4,OOD_Class_3
Look for the TV series The Stars at Saint Andrea,5,4,0,0.000101309575,4,OOD_Class_3
Use service Vimeo the genre slow rock,3,4,1,0.00039158948,4,OOD_Class_3
Can I see the movie times for the Great Escape Theatres,6,5,0,0.00013727666,4,OOD_Class_3
book spot for 7 at an indoor restaurant in MP now,1,1,0,0.00012883592,4,OOD_Class_3
Play the playlist Tropical Morning on Pandora,3,0,1,0.00020486665,4,OOD_Class_3
Play the album Cara De Dios .,3,4,1,0.00020683522,4,OOD_Class_3
Book the Light Horse Tavern for 4 people.,1,1,0,0.00014730051,4,OOD_Class_3
Play Yung Joc on slacker,3,0,1,0.0002339518,4,OOD_Class_3
Find me a table at a javanese brasserie,1,1,0,0.00017576423,4,OOD_Class_3
Play all music Alan released in 1997,3,4,1,0.00019017355,4,OOD_Class_3
Play the top five Cemil Bey songs,3,4,1,0.00026029404,4,OOD_Class_3
give four star to current novel,4,3,0,0.00012456148,4,OOD_Class_3
Give me an album from 1972 to listen to.,3,4,1,0.0003002744,4,OOD_Class_3
Rate Encyclopedia of Domestic Animation four out of 6 stars,4,3,0,0.00013143448,4,OOD_Class_3
Find a painting called Mr. Scarface Is Back .,5,4,0,0.00015752649,4,OOD_Class_3
Search for the video game The Book of Heroic Failures,5,4,0,0.00012031585,4,OOD_Class_3
When is The Pirate Fairy playing at AMC Theaters ?,6,5,0,0.00012148107,4,OOD_Class_3
I'd like a table at a restaurant in KS in 5 hours from now,1,1,0,0.00014019504,4,OOD_Class_3
Play some 1993 concerto off of Slacker,3,4,1,0.00015397093,4,OOD_Class_3
I want to hear Song For Adam,3,4,1,0.00010033072,4,OOD_Class_3
I give this book a 3 out of 6 .,4,3,0,0.00012132107,4,OOD_Class_3
Is it supposed to be chilly in Boiling Spring Lakes ?,2,2,0,0.00013199294,4,OOD_Class_3
Play Murder The Mountains by Mana on Netflix,3,4,1,0.00017111367,4,OOD_Class_3
play 1990 tunes on Groove Shark,3,4,1,0.0010836615,4,OOD_Class_3
I give 4 of 6 stars for the saga A Severe Mercy,4,3,0,0.00012377428,4,OOD_Class_3
find the novel Playlist The Very Best of Brad Paisley,5,4,0,0.0008458738,4,OOD_Class_3
Find Conker Live and Reloaded,5,4,0,0.0001662249,4,OOD_Class_3
Can you help me find ScholarMate ?,5,4,0,0.00015834263,4,OOD_Class_3
"What's the wather in Coleville , Kenya",2,2,0,0.00010069573,4,OOD_Class_3
Please put an album by Joseph Meyer on my POP GOES THE 80s playlist,0,0,0,0.00016108049,4,OOD_Class_3
What is the weather forecast in Spaulding Morocco,2,2,0,0.00013342046,4,OOD_Class_3
Find the schedule for Ghost World .,6,5,0,0.00012417806,4,OOD_Class_3
What is the weather in Silver Springs Western Sahara ?,2,2,0,0.00011699919,4,OOD_Class_3
Play Sergei Anatoljewitsch Kurjochin 's music on Groove Shark .,3,4,1,0.0017325645,4,OOD_Class_3
Give me the showtimes for Sign of the Anchor .,6,5,0,0.00015207584,4,OOD_Class_3
Can you book a table for eight people at a spa type restaurant within walking distance of the Metropolitan Borough of Lambeth,1,1,0,0.00013751065,4,OOD_Class_3
Please show me the movie schedule for animated movies playing in the neighborhood .,6,5,0,0.00014012426,4,OOD_Class_3
I'm looking to book a seat at a bakery that serves coleslaw at 194458 .,1,1,0,0.00018572815,4,OOD_Class_3
play the album Winner Takes All by Takuro with Last Fm,3,4,1,0.00020419416,4,OOD_Class_3
Play some Drum & Bass,3,4,1,0.00033029847,4,OOD_Class_3
Will it hail today in West Point at 113648,2,2,0,0.0001344004,4,OOD_Class_3
find The Good Wife,5,4,0,0.0005444845,4,OOD_Class_3
Please get seating at Bouchon in Tonga for jimmie and chasity howard,1,1,0,0.00027892189,4,OOD_Class_3
Play Harel Skaat,3,4,1,0.00015734811,4,OOD_Class_3
play Robert Stoddard from 1988,3,4,1,0.00012893091,4,OOD_Class_3
Rate She A History of Adventure a one of 6,4,3,0,0.00013428874,4,OOD_Class_3
"Play music from jeremy taylor on the album Dormi Amore, La Situazione Non È Buona on Groove Shark",3,4,1,0.0002814618,4,OOD_Class_3
Play some 1959 songs on Iheart,3,4,1,0.00021276384,4,OOD_Class_3
add this track to my flamenco pa ti,0,0,0,0.00017536453,4,OOD_Class_3
What movie schedules are at National Amusements,6,5,0,0.00012946919,4,OOD_Class_3
Play me the greatest track of 1966,3,4,1,0.00016508425,4,OOD_Class_3
add this song by Chieko Ochi to the drum & breaks playlist,0,0,0,0.00016872858,4,OOD_Class_3
Play a nineties tune by Sugar Minott on Netflix,3,4,1,0.00048336477,4,OOD_Class_3
Please book a room to accommodate one in 11 weeks near Bahamas restaurant,1,1,0,0.00014694419,4,OOD_Class_3
play eighties track,3,4,1,0.00037916456,4,OOD_Class_3
play In Your Eyes by gareth gates on Netflix,3,4,1,0.0002053114,4,OOD_Class_3
play Deezer form 2010 tune by Dave Grohl,3,4,1,0.00032777194,4,OOD_Class_3
Play my playlist springtime,3,0,1,0.00018347372,4,OOD_Class_3
Book a churrascaria restaurant for 2 which serves mezes,1,1,0,0.00016846105,4,OOD_Class_3
play Piano Ballads on Netflix,3,4,1,0.0002599836,4,OOD_Class_3
have Zvooq play songs from the fifties,3,4,1,0.0001262516,4,OOD_Class_3
Where can I watch the latest episode of the TV show Chu Chu and the Philly Flash ?,5,4,0,0.000104571925,4,OOD_Class_3
Play music from Paul Landers,3,4,1,0.00021108842,4,OOD_Class_3
play melody music from the thirties,3,4,1,0.00013817394,4,OOD_Class_3
add album to my Deathcore playlist,0,0,0,0.00017055136,4,OOD_Class_3
give me the movie schedules for Southern Theatres,6,5,0,0.00013099401,4,OOD_Class_3
"What are the weather conditions going to be like in Manhasset , Vermont on Dec. the 6th, 2036 ?",2,2,0,0.0001274976,4,OOD_Class_3
"Will there be a blizzard next winter in Visalia , Idaho",2,2,0,0.00012375438,4,OOD_Class_3
What will the weather be in Croatia ?,2,2,0,0.00012279289,4,OOD_Class_3
Rate Half Past Human three stars,4,3,0,0.00011369262,4,OOD_Class_3
Play Furusato on Google Music .,3,0,1,0.00025940262,4,OOD_Class_3
rate this novel 3 out of 6 points,4,3,0,0.00011845331,4,OOD_Class_3
Please play an album from 1987,3,4,1,0.00024945356,4,OOD_Class_3
Play sound track music from the twenties,3,4,1,0.00023020155,4,OOD_Class_3
Play Crucifixion on Deezer .,3,0,1,0.0010235675,4,OOD_Class_3
"Play my Hardstyle, Baby playlist on Netflix",3,0,1,0.0001900404,4,OOD_Class_3
"Play Fight On, State .",3,4,1,0.00059449935,4,OOD_Class_3
"I want to take christy, louise and alexandra to eat at 173804 anywhere in NE",1,1,0,0.00020279507,4,OOD_Class_3
Play me a twenties song,3,4,1,0.0001931442,4,OOD_Class_3
I want to hear that tune from 2010,3,4,1,0.00016169983,4,OOD_Class_3
Can you play a song by Ken,3,4,1,0.00019108127,4,OOD_Class_3
Book a table for two at a restaurant faraway from office in California .,1,1,0,0.00013412023,4,OOD_Class_3
Play These Four Walls by Yummy Bingham .,3,4,1,0.0004333357,4,OOD_Class_3
play latest George Ducas music,3,4,1,0.00030559534,4,OOD_Class_3
I want hear some Junior Murvin off of Youtube,3,4,1,0.0010357103,4,OOD_Class_3
I want to hear This Is The Night from Proof,3,4,1,0.00018758343,4,OOD_Class_3
Play record from the seventies,3,4,1,0.00018375421,4,OOD_Class_3
Look for the Learning & Behavior picture,5,4,0,0.00016079002,4,OOD_Class_3
"I'm craving mac and cheese . Book a table at a Portland Mills , KS restaurant . I need it for one second from now",1,1,0,0.00015068683,4,OOD_Class_3
I want to hear the top Tim Madison,3,4,1,0.0001749605,4,OOD_Class_3
Play On My Own,3,4,1,0.00017922472,4,OOD_Class_3
What's the weather in Pugu Hills Forest Reserve,2,2,0,0.000116656454,4,OOD_Class_3
Give this book a 2 .,4,3,0,0.000121320765,4,OOD_Class_3
Can I hear tod ashley music from 1953 ?,3,4,1,0.00035536345,4,OOD_Class_3
Play the greatest Ricky Bell music,3,4,1,0.00017744185,4,OOD_Class_3
Play music from 1968 on Vimeo .,3,4,1,0.0018244945,4,OOD_Class_3
Add this tune to The Refugee Playlist,0,0,0,0.0001704682,4,OOD_Class_3
book a table around London Borough of Ealing that is highly rated in a gluten free bar,1,1,0,0.00013214555,4,OOD_Class_3
Play the music Hands Up,3,4,1,0.00019947035,4,OOD_Class_3
Play a movement from 1974 .,3,4,1,0.00026474526,4,OOD_Class_3
Open Lastfm and play Hot Lips Page from the sixties,3,4,1,0.00080190925,4,OOD_Class_3
I need a reservation for around London Borough,1,1,0,0.00013043241,4,OOD_Class_3
Find Clash of the Codes .,5,4,0,0.0002793172,4,OOD_Class_3
Book me a restaurant ten minutes from now,1,1,0,0.00011632045,4,OOD_Class_3
Play the last theme by Behzad Mirkhani .,3,4,1,0.00016322578,4,OOD_Class_3
Find a TV show called The Extraordinary .,5,4,0,0.000116045776,4,OOD_Class_3
Please use pandora to play a record from 1993,3,4,1,0.00030823465,4,OOD_Class_3
Give this album three / 6 points,4,3,0,0.00012299127,4,OOD_Class_3
add tune to African Heat,0,0,0,0.00016465699,4,OOD_Class_3
Play a new song from 1976 .,3,4,1,0.00022185776,4,OOD_Class_3
I'd like to eat at a restaurant far from Grantsburg,1,1,0,0.00014529885,4,OOD_Class_3
Add Jon McLaughlin to my forever country playlist.,0,0,0,0.00016864366,4,OOD_Class_3
add rise of the infidels to my bring back the 90s playlist,0,0,0,0.00017197459,4,OOD_Class_3
What's the weather going to be like around Lewis and Clark Trail sixteen hours from now ?,2,2,0,0.00012261404,4,OOD_Class_3
I am giving this book called The Wide Window one out of 6 stars,4,3,0,0.00012438015,4,OOD_Class_3
play a music ballad from the sixties,3,4,1,0.00017638532,4,OOD_Class_3
I'd like to watch The Freckled Fish at 004743 at Magic Johnson Theatres,6,5,0,0.00014093633,4,OOD_Class_3
I'd like to watch Wish You Were Dead,6,5,0,0.00046626743,4,OOD_Class_3
what time can i see Mojave Phone Booth,6,5,0,0.00012135379,4,OOD_Class_3
add the man who never lied to my current comedy top tracks,0,0,0,0.00018530882,4,OOD_Class_3
"I'd like to hear music from 1951 , preferably a soundtrack .",3,4,1,0.00012066656,4,OOD_Class_3
What's the forecast for my current place at five pm ?,2,2,0,0.00012893695,4,OOD_Class_3
Play something off Google Music,3,4,1,0.0015530722,4,OOD_Class_3
book a table for 2 guests at a restaurant in Lazy Mountain NY,1,1,0,0.00014902998,4,OOD_Class_3
Play some music from Roberto Carlos,3,4,1,0.00014881231,4,OOD_Class_3
Play Sense Tu from Ebi Hamedi,3,4,1,0.0005349043,4,OOD_Class_3
What will the weather be in Tajikistan on Dec. twentieth ?,2,2,0,0.0001274979,4,OOD_Class_3
Is The Little Irish Girl playing,6,5,0,0.00013450415,4,OOD_Class_3
Play thirties concerto music on Google Music,3,0,1,0.0003139415,4,OOD_Class_3
Rate the current novel two stars,4,3,0,0.0001239553,4,OOD_Class_3
Book a churrascaria restaurant that serves spring rolls for one person.,1,1,0,0.00017423228,4,OOD_Class_3
For the current essay I give a total of 1 stars,4,3,0,0.00012143955,4,OOD_Class_3
Book a reservation for a popular restaurant in Federated States Of Micronesia,1,1,0,0.00016349061,4,OOD_Class_3
find the photograph Among the Living,5,4,0,9.9356e-05,4,OOD_Class_3
I want to hear Papa Mali 's songs from the fifties,3,4,1,0.00015809924,4,OOD_Class_3
I want to hear some freestyle music.,3,4,1,0.00031683073,4,OOD_Class_3
Give ma list of films at Harkins Theatres,6,5,0,0.00014513364,4,OOD_Class_3
play Spotify,3,4,1,0.0021313075,4,OOD_Class_3
Play a fairouz tune on Deezer,3,0,1,0.0017032885,4,OOD_Class_3
I want to hear the album Insult To Injury by Narayana Tirtha .,3,4,1,0.00018651107,4,OOD_Class_3
play Victoria Banks 's album,3,4,1,0.00018232608,4,OOD_Class_3
She me the movie times,6,5,0,0.000118569216,4,OOD_Class_3
where can i see animated movies in the neighborhood,6,5,0,0.00013422874,4,OOD_Class_3
Is Storm Warning playing,6,5,0,0.00018627782,4,OOD_Class_3
"find Back for Good , a novel I want to read",5,4,0,0.00012523518,4,OOD_Class_3
play some new Les Vandyke on Slacker,3,0,1,0.00030404393,4,OOD_Class_3
"Play some 2011 chant music, new first, by Shaggy .",3,4,1,0.0002820522,4,OOD_Class_3
Play some Last Fm music like the 1992 ep from Peaches,3,4,1,0.00014969436,4,OOD_Class_3
Play Gloria on last fm,3,0,1,0.0009963941,4,OOD_Class_3
Play Expresión from Mickey Finn,3,4,1,0.00036155162,4,OOD_Class_3
I gave The Hand of Zei series three of 6 stars,4,3,0,0.000116105446,4,OOD_Class_3
Play me the track Mama Liked The Roses,3,4,1,0.00013264625,4,OOD_Class_3
Play the Busco Un Pueblo album,3,4,1,0.00017079167,4,OOD_Class_3
Play the greatest music by Phoebe Snow,3,4,1,0.00015535757,4,OOD_Class_3
Play a 2011 ballad by Evil Jared Hasselhoff on Lastfm .,3,4,1,0.0012355188,4,OOD_Class_3
find a television show called Tiny Dancer,5,4,0,0.00013700213,4,OOD_Class_3
Rate The Best American Short Stories 2007 one out of 6 points,4,3,0,0.00013285347,4,OOD_Class_3
Show the movie schedules at KB Theatres,6,5,0,0.00012634385,4,OOD_Class_3
I want to listen to an ep from 1998 .,3,4,1,0.0004785071,4,OOD_Class_3
Add Metal Gear Solid 2 Sons of Liberty Soundtrack 2 The Other Side to edna st vincent millay,0,0,0,0.00018989173,4,OOD_Class_3
I'd like to eat english cuisine at a restaurant in Ettrick,1,1,0,0.00014612936,4,OOD_Class_3
Give the Catedral series four stars .,4,3,0,0.00011856902,4,OOD_Class_3
What's the weather in Gabon,2,2,0,0.000121541234,4,OOD_Class_3
Play a track by Yui on Vimeo,3,4,1,0.0006172303,4,OOD_Class_3
play the album a kiss before you go by Bt,3,4,1,0.00017176304,4,OOD_Class_3
"Book PM Park, Clear Lake, Iowa at 5 am for 6 people.",1,1,0,0.00017824316,4,OOD_Class_3
Play some movement from the fourties,3,4,1,0.00012891153,4,OOD_Class_3
Please play some music from the seventies movement,3,4,1,0.00017639958,4,OOD_Class_3
Add a track to the emo forever playlist.,0,0,0,0.00017891017,4,OOD_Class_3
Play music on Netflix .,3,4,1,0.0003838219,4,OOD_Class_3
find a soundtrack called Billboard Hot R&B Hits 1981,5,4,0,0.00014188747,4,OOD_Class_3
show creative work or Miami Vice Theme,5,4,0,0.00013780776,4,OOD_Class_3
Find me the documentary A Winter of Cyclists,5,4,0,0.000107329506,4,OOD_Class_3
Will it get hotter in Hext ?,2,2,0,0.00011791219,4,OOD_Class_3
Play me Hier Encore by greydon square,3,4,1,0.00024518822,4,OOD_Class_3
play Escapada,3,4,1,0.00027074182,4,OOD_Class_3
Will there be a snowstorm in Taberville,2,2,0,0.00013026549,4,OOD_Class_3
Play the album Qr Iii by bobby bare,3,4,1,0.00013765055,4,OOD_Class_3
I'd like to listen to opera on Youtube,3,4,1,0.0011834058,4,OOD_Class_3
Play a good ep from the eighties by Peter Murphy .,3,4,1,0.00028428758,4,OOD_Class_3
"Tell me the humidity index for Elizabethville , Indiana",2,2,0,0.0002337719,4,OOD_Class_3
Add the name Shall We Dance to playlist Rock,0,0,0,0.00016725331,4,OOD_Class_3
"Please find me the work, Instrumental Directions .",5,4,0,0.00014175785,4,OOD_Class_3
Play music from Lastfm and Deezer .,3,4,1,0.0005048772,4,OOD_Class_3
Check the weather forecast in seven weeks for Emida .,2,2,0,0.00015446299,4,OOD_Class_3
Play something from 1985 by Billy Werner,3,4,1,0.00015278546,4,OOD_Class_3
play top tunes by Joseph Utsler,3,4,1,0.0004216178,4,OOD_Class_3
Add ana carolina to chill,0,0,0,0.00016651335,4,OOD_Class_3
Play Goa music on Google Music .,3,0,1,0.00028133657,4,OOD_Class_3
book for one in Indiana at a restaurant,1,1,0,0.00012960532,4,OOD_Class_3
Use service Vimeo to play music from the artist Mick track Now We Are 5,3,4,1,0.001366549,4,OOD_Class_3
Estelle should be on my spring playlist,0,0,0,0.00014977067,4,OOD_Class_3
Rate the current novel a 4 out of 6 stars .,4,3,0,0.000119090924,4,OOD_Class_3
what is the forecast for hot temps at Bowman Bay Wildlife Sanctuary,2,2,0,0.00012650584,4,OOD_Class_3
"Book a reservation for 5 people next week at The Pump Room, Chicago",1,1,0,0.00015167281,4,OOD_Class_3
what is the forecast in Texas,2,2,0,0.00013975399,4,OOD_Class_3
I rate three points for the book The Early Coorgs,4,3,0,0.000115652474,4,OOD_Class_3
Play ballad from Mandy Moore,3,4,1,0.00024697452,4,OOD_Class_3
Where can I find Thor Meets Captain America ?,5,4,0,0.00015755703,4,OOD_Class_3
Show me the album Andrews University Seminary Studies,5,4,0,0.00013252963,4,OOD_Class_3
Add As I Was Going to St Ives to the fantasía playlist.,0,0,0,0.00017777547,4,OOD_Class_3
She me movie schedules for the movies close by at sunset,6,5,0,0.00012972175,4,OOD_Class_3
Book a restaurant with a spa in Connecticut,1,1,0,0.0001300821,4,OOD_Class_3
Add a rachael price album to TODO EDM,0,0,0,0.00017323601,4,OOD_Class_3
Show me the TV show My Only Wish,5,4,0,0.00012219633,4,OOD_Class_3
I want to book the best steakhouse with south american cuisines in Alaska,1,1,0,0.0001468388,4,OOD_Class_3
Book a table for doris and I in New Tulsa,1,1,0,0.00014932669,4,OOD_Class_3
Play the track That Would Be Something from Eden Ahbez,3,4,1,0.00027896682,4,OOD_Class_3
Play A Sudden Rainstorm playlist.,3,0,1,0.0002016921,4,OOD_Class_3
Play a concerto from the nineties,3,4,1,0.0001185506,4,OOD_Class_3
Play a top fifty track from the twenties,3,4,1,0.00036568654,4,OOD_Class_3
Play 2004 on pandora,3,4,1,0.000282544,4,OOD_Class_3
List films at Pacific Theatres,6,5,0,0.0001326656,4,OOD_Class_3
I want to add Digital Line to my playlist called Infantil,0,0,0,0.00017648234,4,OOD_Class_3
find The Valentyne Suite,5,5,0,0.00038221106,4,OOD_Class_3
add lunacy to my chill out playlist,0,0,0,0.00017332249,4,OOD_Class_3
Find me The Twinkler playing at National Amusements in 2 minutes,6,5,0,0.000125477,4,OOD_Class_3
rate this book a zero,4,3,0,0.00011486446,4,OOD_Class_3
Play chant 's from 1973 .,3,4,1,0.00018738463,4,OOD_Class_3
Tell me when it'll be cloudy in Woodport,2,2,0,0.00012351414,4,OOD_Class_3
rate First Man The Life of Neil A. Armstrong three of 6,4,3,0,0.0001296506,4,OOD_Class_3
book in Falkland Islands at Atomic Cafe,1,1,0,0.0001497185,4,OOD_Class_3
I give The Alchemyst The Secrets of the Immortal Nicholas Flamel 2 out of 6 stars .,4,3,0,0.00011220442,4,OOD_Class_3
Can you play me some britpop music,3,4,1,0.00025935995,4,OOD_Class_3
please put this tune on the irish folk – jigs & reels playlist,0,0,0,0.00015773342,4,OOD_Class_3
Add this marilyn manson tune to Latin Party Anthems,0,0,0,0.00017691212,4,OOD_Class_3
Play the red room sessions from chris cunningham,3,4,1,0.00024601072,4,OOD_Class_3
what is the weather starting at 114752 for South Africa,2,2,0,0.0001253371,4,OOD_Class_3
search for the painting Smart Money,5,4,0,0.0001283252,4,OOD_Class_3
add Daedelus to my Lazy Chill Afternoon,0,0,0,0.00017038154,4,OOD_Class_3
"what will the weather be in Lago Vista on October fourteenth, 2022",2,2,0,0.00013525716,4,OOD_Class_3
"Please search for the TV show , The Best of White Lion .",5,4,0,0.00011569429,4,OOD_Class_3
when can i see Dinosaur from the Deep,6,5,0,0.00016162686,4,OOD_Class_3
play robert fripp sound track on Pandora,3,4,1,0.0011805925,4,OOD_Class_3
what is the forecast for january twenty-eighth in Kentmore Park,2,2,0,0.00012918958,4,OOD_Class_3
Add rosemary clooney to Pura Vida playlist,0,0,0,0.00016922432,4,OOD_Class_3
add young maylay to Club Hits,0,0,0,0.00017803638,4,OOD_Class_3
I would like to book a brasserie for nine in AR,1,1,0,0.00014729374,4,OOD_Class_3
Use Itunes to play a soundtrack from the year 1954,3,4,1,0.00021322997,4,OOD_Class_3
I want to hear Rock Bottom by Playa Fly on Slacker,3,4,1,0.0012695895,4,OOD_Class_3
Show the Immortal Grand Prix,5,4,0,0.00014841947,4,OOD_Class_3
Book a restaurant in Botswana for seven people.,1,1,0,0.00012944928,4,OOD_Class_3
I want to hear music from the sixties .,3,4,1,0.00017080651,4,OOD_Class_3
Please look up and find me Monty Python Live at the Hollywood Bowl .,5,4,0,0.00014604446,4,OOD_Class_3
Play easy listening,3,4,1,0.00028663105,4,OOD_Class_3
Where is the nearest movie theatre that is playing Honeysuckle Rose,6,5,0,0.00012634143,4,OOD_Class_3
I would like to book a restaurant in Tanzania that is within walking distance for my mom and I,1,1,0,0.00015505648,4,OOD_Class_3
Please play Kabhi Jo Baadal Barse by Ruth Lorenzo,3,4,1,0.00021692077,4,OOD_Class_3
Is it sunny 1 second from now in the Pitcairn Islands,2,2,0,0.00010314811,4,OOD_Class_3
Book me a reservation for 10 in Oman,1,1,0,0.00013059466,4,OOD_Class_3
Play my Piano Ballads playlist.,3,0,1,0.00019257974,4,OOD_Class_3
Please show me the films playing at Loews Cineplex Entertainment .,6,5,0,0.00013606962,4,OOD_Class_3
I want to hear gothic rock on Lastfm,3,0,1,0.0003756535,4,OOD_Class_3
Add the artist to my Metal playlist.,0,0,0,0.0001777771,4,OOD_Class_3
I need a 6 rating or five with something like a saga in The Best Science Fiction of the Year 13,4,3,0,0.00012269126,4,OOD_Class_3
Where can I find the movie schedules,6,5,0,0.000112805814,4,OOD_Class_3
Find Beavis and Butt-head,5,5,0,0.0003119277,4,OOD_Class_3
What movie house is playing Something for the Birds,6,5,0,0.00011491094,4,OOD_Class_3
Play a song off Ian Stuart Donaldson 's Nature Nurture album on Itunes,3,4,1,0.00045519316,4,OOD_Class_3
Play Pride Of The Prairie from Johnny Burke,3,4,1,0.00016791625,4,OOD_Class_3
"Can you please look up the TV series , An Experiment with Time ?",5,4,0,0.00013847988,4,OOD_Class_3
add tune to Electro Workout,0,0,0,0.00018603468,4,OOD_Class_3
Play some chant from 1974,3,4,1,0.0001274326,4,OOD_Class_3
play songs from Youtube,3,4,1,0.00032180056,4,OOD_Class_3
I give the previous saga 4 out of 6,4,3,0,0.00011914889,4,OOD_Class_3
Look up The Gun soundtrack,5,4,0,0.00014148487,4,OOD_Class_3
Is it forecast to be chilly in Iowa ?,2,2,0,0.0001363169,4,OOD_Class_3
"What will the weather be like on aug. the 8th, 2032 here",2,2,0,0.00012743576,4,OOD_Class_3
I'd like to listen to Space music,3,4,1,0.00016523908,4,OOD_Class_3
play Paula Campbell music from 1993,3,4,1,0.00020295956,4,OOD_Class_3
How will the weather be in six minutes close to Moosic,2,2,0,0.00012387731,4,OOD_Class_3
Open Netflix and play Kan Man Gifta Sig I Jeans ?,3,4,1,0.00016360343,4,OOD_Class_3
Find a soundtrack called New Religion .,5,4,0,0.00012844351,4,OOD_Class_3
find the album The Peace-Maker,5,4,0,0.00010912464,4,OOD_Class_3
What are the movie times at General Cinema Corporation,6,5,0,0.00014094864,4,OOD_Class_3
I want lance king in my list called One Love,0,0,0,0.0006979292,4,OOD_Class_3
I'd like to hear one of Eric Clapton 's most popular melody on Pandora .,3,4,1,0.00025987552,4,OOD_Class_3
I'd rate Shohola Falls a two out of 6 .,4,3,0,0.00011302894,4,OOD_Class_3
Please get me Infernal Devices game .,5,4,0,0.00017049143,4,OOD_Class_3
Play some happy gabber .,3,4,1,0.00024485157,4,OOD_Class_3
i give The Aquariums of Pyongyang 3 out of 6 stars,4,3,0,0.000106335945,4,OOD_Class_3
Start playing my Disney playlist.,3,0,1,0.0001764791,4,OOD_Class_3
Play 25 To Life by Paul Riley on Deezer .,3,0,1,0.001930217,4,OOD_Class_3
Is there any hail in Monterey Bay National Marine Sanctuary,2,2,0,0.00013309187,4,OOD_Class_3
Play the album Vibrations by Marion Elise Raven,3,4,1,0.00018774891,4,OOD_Class_3
Play music from the artist Joe Sample,3,4,1,0.00022006489,4,OOD_Class_3
rate Awaiting Strange Gods Weird and Lovecraftian Fictions a 1,4,3,0,0.00013814445,4,OOD_Class_3
Can you play the greatest sarah brightman song,3,4,1,0.00014106194,4,OOD_Class_3
"Book a table at Top Pot Doughnuts in Greensburg , AMerican Samoa",1,1,0,0.00018587202,4,OOD_Class_3
listen to Westbam alumb Allergic on Google Music,3,0,1,0.00022320147,4,OOD_Class_3
What movies are scheduled in the neighbourhood ?,6,5,0,0.00012708564,4,OOD_Class_3
When can I watch Prince Daewon at movie house ?,6,5,0,0.00013484548,4,OOD_Class_3
Play Pacific Ocean Blues by John Doe on Lastfm,3,0,1,0.00066121377,4,OOD_Class_3
I need a table for 4 at a place not far from Palau .,1,1,0,0.00012935302,4,OOD_Class_3
Play some Eddie Vinson on Deezer,3,4,1,0.0014820262,4,OOD_Class_3
add album to Ultra Metal,0,0,0,0.00017604906,4,OOD_Class_3
Book a restaurant .,1,1,0,0.000110281726,4,OOD_Class_3
Is it chilly in FM,2,2,0,0.00012899922,4,OOD_Class_3
book a table in Sterling Run for two with a pool and food court,1,1,0,0.00016399524,4,OOD_Class_3
Play a concerto top ten sort by Lloyd .,3,4,1,0.00020730366,4,OOD_Class_3
Will it be freezing on 4/20/2038 in AMerican Beach NC,2,2,0,0.00012793306,4,OOD_Class_3
play 1951 tunes,3,4,1,0.00015024438,4,OOD_Class_3
What is the forecast for Wyoming at Stanardsville during the storm,2,2,0,0.000127436,4,OOD_Class_3
play music by Helen Ward,3,4,1,0.00020042299,4,OOD_Class_3
Play Out From Under from Hurricane Chris,3,4,1,0.00019140898,4,OOD_Class_3
Play a chant from 1978 .,3,4,1,0.00023663208,4,OOD_Class_3
Play Remains of the Day,5,4,0,9.7815646e-05,4,OOD_Class_3
Play Shinya Yamada music from 1962 on Groove Shark,3,4,1,0.00021731707,4,OOD_Class_3
book a popular restaurant of thai cuisine,1,1,0,0.00014600396,4,OOD_Class_3
add ojuelegba to trabajo ritmos dance,0,0,0,0.00017717035,4,OOD_Class_3
rate Winnie-the-Pooh four out of 6,4,3,0,0.00012084779,4,OOD_Class_3
play some 2002 music,3,4,1,0.00015523081,4,OOD_Class_3
Play me Sun Ra songs from the fifties,3,4,1,0.0001368328,4,OOD_Class_3
Please get me The Sacred and Profane Love Machine game .,5,4,0,0.00013700436,4,OOD_Class_3
Play Strength of Street Knowledge on Groove Shark,3,4,1,0.0015261755,4,OOD_Class_3
Please play my ecstatic playlist.,3,0,1,0.00018987607,4,OOD_Class_3
Play me songs from agreable,3,4,1,0.00020102825,4,OOD_Class_3
"Book me a reservation at a burger joint close-by Choate on july 16th, 2022",1,1,0,0.0001447247,4,OOD_Class_3
What are the movie schedules for movies showing in the neighbourhood ?,6,5,0,0.00013383904,4,OOD_Class_3
play This Is Colour by Panda Bear,3,4,1,0.00025427787,4,OOD_Class_3
Go to the photograph The Inflated Tear,5,4,0,0.00011071095,4,OOD_Class_3
add naomi schemer to my Hanging Out and Relaxing,0,0,0,0.00018988509,4,OOD_Class_3
Add this tune to the Leche con Chocolate playlist,0,0,0,0.00017349154,4,OOD_Class_3
Play music by Paulinho Da Viola from 1965,3,4,1,0.000244804,4,OOD_Class_3
Can you play some fifties music by lavern baker,3,4,1,0.00014342036,4,OOD_Class_3
"find Journal of the European Economic Association , a movie I want to see",5,4,0,8.7757784e-05,4,OOD_Class_3
Please get me Rough and Ready saga .,5,4,0,0.00023094311,4,OOD_Class_3
I want to give Among the Enemy 4 out of 6 points,4,3,0,0.000118049036,4,OOD_Class_3
Rate this album 4 points,4,3,0,0.000116673684,4,OOD_Class_3
Book the Slippery Noodle Inn in Gober .,1,1,0,0.00014424376,4,OOD_Class_3
I'd like to listen to Tom Cochrane 's 1990 ep on Zvooq .,3,4,1,0.0003336123,4,OOD_Class_3
find animated movies close by with a movie schedule,6,5,0,0.00012390153,4,OOD_Class_3
Find the schedule for The Solitude of Prime Numbers at the nearest cinema in 1 hour .,6,5,0,0.00013061003,4,OOD_Class_3
What is the local movie times,6,5,0,0.00012871138,4,OOD_Class_3
Play a melody from Leigh Nash using Lastfm,3,4,1,0.002081094,4,OOD_Class_3
Rate current series one,4,3,0,0.00011718438,4,OOD_Class_3
play some Sia Furler on Last Fm,3,0,1,0.0002772338,4,OOD_Class_3
Play some seventies track from top Rie Tomosaka,3,4,1,0.00019464815,4,OOD_Class_3
I'd like to hear some trip-hop,3,4,1,0.00012718367,4,OOD_Class_3
Play me a song on Pandora,3,4,1,0.00043536237,4,OOD_Class_3
Rate the following series a one out of 6,4,3,0,0.00011559633,4,OOD_Class_3
Play Nick Hexum latest album,3,4,1,0.00028986335,4,OOD_Class_3
rate the book Who Will Cry When You Die one out of 6 stars,4,3,0,0.00012161783,4,OOD_Class_3
listen to ballad songs from the twenties,3,4,1,0.00019445865,4,OOD_Class_3
"Play a 1969 ballad by beth nielsen chapman , new first.",3,4,1,0.0003028795,4,OOD_Class_3
what is the weather forecast for Cuba at eleven am,2,2,0,0.00012830988,4,OOD_Class_3
what is the forecast in Admire in TX starting at seventeen,2,2,0,0.00012539828,4,OOD_Class_3
Play celtic music,3,4,1,0.00016554532,4,OOD_Class_3
I want a song by john schlitt in the bajo las estrellas playlist.,0,0,0,0.00016233661,4,OOD_Class_3
Find the schedule for movies at the nearest cinema .,6,5,0,0.00013998801,4,OOD_Class_3
rate Galactic Pot-Healer two points,4,3,0,0.00011127612,4,OOD_Class_3
add song to Rocksteady playlist,0,0,0,0.00017113636,4,OOD_Class_3
Play a song from 1994 .,3,4,1,0.0002763781,4,OOD_Class_3
What's the weather in Singapore,2,2,0,0.00012219572,4,OOD_Class_3
Play a popular chant by Brian Epstein,3,4,1,0.00019495517,4,OOD_Class_3
where can i see A Slice of Life,6,4,0,0.00010280763,4,OOD_Class_3
The current album gets three out of 6 points,4,3,0,0.00012492738,4,OOD_Class_3
Look for a photograph of Tailwind,5,4,0,0.0001375364,4,OOD_Class_3
Play the most popular track from Valery Alexandrovich Kipelov,3,4,1,0.00023055502,4,OOD_Class_3
Add Manuelita la tortuga to my Nuestros 80 playlist,0,0,0,0.00017917168,4,OOD_Class_3
"Will it be windy in Breaux Bridge , Turks and Caicos Islands eleven hours from now ?",2,2,0,0.000120122626,4,OOD_Class_3
Play me the most popular Lillian Hardin song on Itunes,3,4,1,0.0003347582,4,OOD_Class_3
play Google Music tunes,3,4,1,0.00083434966,4,OOD_Class_3
play a top-10 ballad from 1995,3,4,1,0.000528521,4,OOD_Class_3
play a tune from 2000 by Bronislau Kaper,3,4,1,0.00019841216,4,OOD_Class_3
Give Home Is the Hunter zero stars,4,3,0,0.000110734414,4,OOD_Class_3
Find me a movie with the name Oshin,5,4,0,9.868102e-05,4,OOD_Class_3
Weather for Swaziland,2,2,0,0.00011361967,4,OOD_Class_3
Need a table for a party of 3 in Laos at a Theme restaurant,1,1,0,0.00017784716,4,OOD_Class_3
Give me weather information for Porcupine Mountains,2,2,0,0.00019803012,4,OOD_Class_3
"Will there be a snowstorm this weekend in Bear River , Arizona",2,2,0,0.00013071051,4,OOD_Class_3
Play music from 1959 by Lenny Leblanc on Pandora .,3,4,1,0.0013838002,4,OOD_Class_3
play Make The Cowboy Robots Cry by Sabin Rai on Vimeo,3,4,1,0.00043500413,4,OOD_Class_3
I want to hear some psychedelic rock,3,4,1,0.00014749743,4,OOD_Class_3
Where can I purchase the book Scales of Justice,5,4,0,0.00014798237,4,OOD_Class_3
play The Nubians of Plutonia trailer,5,4,0,0.00019774886,4,OOD_Class_3
book a spot for 3 in MT,1,1,0,0.00013986563,4,OOD_Class_3
Find the nearest movie house that's showing movies,6,5,0,0.00012414352,4,OOD_Class_3
Play some chant music from 2008 .,3,4,1,0.00023619673,4,OOD_Class_3
I give The Cat and the King 2 stars .,4,3,0,0.00011019442,4,OOD_Class_3
Let me listen to The Music Of Nature album by Paul Draper .,3,4,1,0.00022803548,4,OOD_Class_3
play an eighties song by Ler Lalonde,3,4,1,0.00023613023,4,OOD_Class_3
"How is the weather going to be this week in Roseau , IA .",2,2,0,0.0001286239,4,OOD_Class_3
Play me something on Last Fm,3,4,1,0.00044614123,4,OOD_Class_3
play There Must Be More To Life Than This,3,4,1,0.0002701152,4,OOD_Class_3
Play some Rui Da Silva .,3,4,1,0.00030545113,4,OOD_Class_3
Play Tujiko Noriko 's Ten Years And Running .,3,4,1,0.00012412205,4,OOD_Class_3
I want to hear some The Roches,3,4,1,0.00011512214,4,OOD_Class_3
I want to hear something off Fist For Fight by Rushton Moreve on Youtube,3,4,1,0.0014151264,4,OOD_Class_3
Is it going to hail in Mount San Jacinto State Park,2,2,0,0.0001281817,4,OOD_Class_3
Play Party Through The Decades on Deezer,3,4,1,0.0017023835,4,OOD_Class_3
I want to listen to Swing music on Iheart,3,4,1,0.0018740951,4,OOD_Class_3
Rate this saga two out of 6 .,4,3,0,0.00011804882,4,OOD_Class_3
Search for the television show Me and my guitar,5,4,0,0.00013162513,4,OOD_Class_3
play the Caps Lock trailer,5,4,0,0.00016637065,4,OOD_Class_3
Will there be rainfall four weeks from now in Tehama Bahamas,2,2,0,0.00012669021,4,OOD_Class_3
I'm looking for the show called The Origin of the Milky Way,5,4,0,0.00012683669,4,OOD_Class_3
Play tuomas holopainen 's The 21 Project .,3,4,1,0.0001504443,4,OOD_Class_3
what is the forecast for Lille in Norway,2,2,0,0.00012925266,4,OOD_Class_3
Play some music on Vimeo,3,4,1,0.0011101069,4,OOD_Class_3
Can i use Lastfm to listen to Twilight Time by Dj Khalil ?,3,0,1,0.0028517062,4,OOD_Class_3
find Warren Theatres films,6,5,0,0.00011880201,4,OOD_Class_3
Play the top chant music from 2014 .,3,4,1,0.00023344507,4,OOD_Class_3
Open Lastfm and start playing whatever,3,5,1,0.0008646435,4,OOD_Class_3
Play Step Up Your Game by Marc Cohn .,3,4,1,0.000834418,4,OOD_Class_3
"I need a weather forecast for São Tomé and Príncipe on December 8th, 2026",2,2,0,0.00014077689,4,OOD_Class_3
what is the Johnson Creek forecast for chilly weather,2,2,0,0.00012787234,4,OOD_Class_3
Play the album Shooting Silvio by Dave Sabo,3,4,1,0.00016947734,4,OOD_Class_3
What movies are playing at Marcus Corporation ?,6,5,0,0.0001241412,4,OOD_Class_3
Play me a song by Dj Paul Elstak in 1988 on Zvooq,3,4,1,0.0005268447,4,OOD_Class_3
Please play a song for me from 1959,3,4,1,0.00015888426,4,OOD_Class_3
find the show titled Hell on Earth 2006,5,4,0,0.000117874275,4,OOD_Class_3
rate The Brothers Karamazov a four,4,3,0,0.00011621779,4,OOD_Class_3
What time is Sontha Ooru playing,6,5,0,0.00012870328,4,OOD_Class_3
add time flies 1994-2009 to the Jazzy Romance playlist,0,0,0,0.00016234448,4,OOD_Class_3
Play mere lapsed by Marilyn Moore .,3,4,1,0.00031697212,4,OOD_Class_3
book a table at 043628 at the northeast indian restaurant,1,1,0,0.00013346091,4,OOD_Class_3
Will it be hot near Calakmul Biosphere Reserve 3 seconds from now,2,2,0,0.00012899852,4,OOD_Class_3
Play some Mike Burney on Google Music .,3,0,1,0.00021419012,4,OOD_Class_3
What's the weather in Kiahsville in the Cayman Islands,2,2,0,0.00012213604,4,OOD_Class_3
What's the weather forecast for my current location on jun. 2 ?,2,2,0,0.00013571989,4,OOD_Class_3
Play music on Spotify .,3,0,1,0.00043996406,4,OOD_Class_3
play Neutrons by Seun Kuti,3,4,1,0.00021100168,4,OOD_Class_3
Give zero stars to Book of Artifacts,4,3,0,0.00011885838,4,OOD_Class_3
What is the song The Beast from 20 ?,5,4,0,0.000110177134,4,OOD_Class_3
Play the newest twenties melody .,3,4,1,0.00028035638,4,OOD_Class_3
I give The Lacuna a rating of 5 stars under the chronicle rated at 6,4,3,0,0.00011143933,4,OOD_Class_3
Play me a concerto by Jethro Burns from Zvooq,3,4,1,0.00018639611,4,OOD_Class_3
Play the newest ballad from Chad Urmston,3,4,1,0.00038961333,4,OOD_Class_3
What's the weather like in Kaltag ?,2,2,0,0.000118031705,4,OOD_Class_3
find the video game The Tomb,5,4,0,0.00013409196,4,OOD_Class_3
Play That Stubborn Kinda Fellow by Michael Amott,3,4,1,0.00044955986,4,OOD_Class_3
Are there any animated movies playing at the closest cinema ?,6,5,0,0.00013768334,4,OOD_Class_3
What is the weather like in North Salt Lake and Afghanistan ?,2,2,0,0.00011142264,4,OOD_Class_3
Rate this album a five,4,3,0,0.000119032586,4,OOD_Class_3
Play music from Tommy Ridgley .,3,4,1,0.00023660852,4,OOD_Class_3
What's the weather 1 minute from now in Mount Nimba Strict Nature Reserve,2,2,0,0.00012381609,4,OOD_Class_3
Open Netflix and find a movie with the song heartful,3,4,1,9.3578245e-05,4,OOD_Class_3
Play Red Barchetta by Blind Lemon Jefferson .,3,4,1,0.000541254,4,OOD_Class_3
show creativity of All for One,5,4,0,0.00037219241,4,OOD_Class_3
What will the weather be like in three weeks faraway in Sompio Strict Nature Reserve,2,2,0,0.00011965599,4,OOD_Class_3
Play new music from Liang Wern Fook,3,4,1,0.00018991479,4,OOD_Class_3
use Spotify to play Nina Persson from 1962,3,0,1,0.0003388493,4,OOD_Class_3
rate Animals of the Bible one of 6 points,4,3,0,0.00011684498,4,OOD_Class_3
find Half a Truth,6,4,0,0.00012193456,4,OOD_Class_3
what is the depression forecast for in five years in Altyn-Emel-Nationalpark,2,2,0,0.00012925187,4,OOD_Class_3
play primus,3,4,1,0.00023751857,4,OOD_Class_3
Play some music from the twenties .,3,4,1,0.00016442644,4,OOD_Class_3
I want to give Elephants Can Remember 4 out of 6 points,4,3,0,0.00011514559,4,OOD_Class_3
play Women of Jazz,3,4,1,0.00016586491,4,OOD_Class_3
Rate Dictionary of the English Language a 4,4,3,0,0.00013047461,4,OOD_Class_3
Play some music from 1958 on Deezer .,3,4,1,0.00029972947,4,OOD_Class_3
play the Ocelot record using Zvooq,3,4,1,0.0016156458,4,OOD_Class_3
Play some Instrumental music on the service Lastfm,3,4,1,0.00026458528,4,OOD_Class_3
Play some music by Karl Blau .,3,4,1,0.00018391677,4,OOD_Class_3
show me the TV series called Take Me to Your Heaven,5,4,0,0.00014076331,4,OOD_Class_3
Add the unraveling to marina's playlist It's a Southern Thing,0,0,0,0.00017700078,4,OOD_Class_3
give The Judas Tree a zero,4,3,0,0.00011781836,4,OOD_Class_3
Add kent james to the disney soundtrack.,0,0,0,0.00018767812,4,OOD_Class_3
Play some nineties music on Pandora,3,4,1,0.002121904,4,OOD_Class_3
Play pop,3,4,1,0.00075526786,4,OOD_Class_3
Add Grey Cloudy Lies to the hip hop playlist.,0,0,0,0.00018066406,4,OOD_Class_3
Play a theme from Walerij Leontjew,3,4,1,0.00016090173,4,OOD_Class_3
the previous novel is worth two out of 6,4,3,0,0.00013162705,4,OOD_Class_3
Play some new age music,3,4,1,0.00020681549,4,OOD_Class_3
show me the picture Unfinished Monkey Business,5,4,0,0.000120077406,4,OOD_Class_3
add this gisela song to my dancehall official,0,0,0,0.0001828832,4,OOD_Class_3
Play a record from the seventies,3,4,1,0.00016093119,4,OOD_Class_3
I feel that Sons and Lovers deserves a rating of 2 .,4,3,0,0.0001124229,4,OOD_Class_3
Add to my Rumba y más playlist the song by haley scarnato,0,0,0,0.00016758041,4,OOD_Class_3
Is it hot here,2,2,0,0.00012706117,4,OOD_Class_3
Add autry inman to my Hanging Out and Relaxing playlist.,0,0,0,0.00017527606,4,OOD_Class_3
Play One Good Reason by Tommy Flanagan on Itunes,3,4,1,0.001702835,4,OOD_Class_3
Weather forecast for snowstorm on Feb. fourth in Virgin Islands,2,2,0,0.00012012267,4,OOD_Class_3
Rate Phoenix The Fall & Rise of Videogames one points out of 6,4,3,0,0.00012789019,4,OOD_Class_3
play The New Timer by Augustus Pablo with Itunes,3,0,1,0.0009507748,4,OOD_Class_3
Add track to Afternoon Train Ride,0,0,0,0.00017934783,4,OOD_Class_3
Play 1958 music on Iheart,3,4,1,0.0002927859,4,OOD_Class_3
Show me the soundtrack The Phoenix,5,4,0,0.00013097163,4,OOD_Class_3
Please help me search the TV series A Mouse Divided .,5,4,0,0.00012819511,4,OOD_Class_3
Repeat the track of music,3,4,1,0.00014227389,4,OOD_Class_3
Play music from 2012 on google music,3,0,1,0.00044287415,4,OOD_Class_3
What's the weather going to be like near Moldova on fri.,2,2,0,0.00013342086,4,OOD_Class_3
use Iheart radio to play eighties music from Hugh Masekela .,3,0,1,0.0008645181,4,OOD_Class_3
I want to hear some music from Spotify,3,4,1,0.00033048826,4,OOD_Class_3
Please play a song by Ahmad Jamal,3,4,1,0.00023823437,4,OOD_Class_3
Play the top Maynard James Keenan .,3,4,1,0.0001507387,4,OOD_Class_3
Play songs by Naomi Schemer,3,4,1,0.00027715618,4,OOD_Class_3
find the photograph The Air Is on Fire Soundscape,5,4,0,0.00013239027,4,OOD_Class_3
play newest soundtrack from 2008,3,4,1,0.00021165585,4,OOD_Class_3
play a Keith Richards album,3,4,1,0.00019147893,4,OOD_Class_3
Play me a bluegrass song,3,4,1,0.00018775497,4,OOD_Class_3
Play Is This My World ? by Leo Arnaud,3,4,1,0.00017615425,4,OOD_Class_3
She me the game called Knowledge and Decisions,5,4,0,0.00014106133,4,OOD_Class_3
I want to hear Major Harris 's songs from the fifties,3,4,1,0.0001347087,4,OOD_Class_3
play Doctor Fink if i could choose,3,4,1,0.00030103605,4,OOD_Class_3
Play All The Way My Savior Leads Me on Spotify,3,0,1,0.0012497753,4,OOD_Class_3
What's the movie schedule,6,5,0,0.00010933267,4,OOD_Class_3
Play twenties from Ken Floyd,3,4,1,0.00041889664,4,OOD_Class_3
Book a table for 6 in Verona .,1,1,0,0.00014658294,4,OOD_Class_3
Use Last Fm to play artist Kawabata Makoto from their record,3,4,1,0.0005872201,4,OOD_Class_3
Add this track to my lo que suena new york playlist,0,0,0,0.0001764824,4,OOD_Class_3
play music on Netflix,3,4,1,0.00016448484,4,OOD_Class_3
Please find me The Purple Vigilantes book .,5,4,0,0.0001413475,4,OOD_Class_3
I would like to rate the current chronicle 4 to 6 stars .,4,3,0,0.00010853981,4,OOD_Class_3
I would like to book a restaurant in Singapore for nine in 19 hours and 1 second,1,1,0,0.00014572022,4,OOD_Class_3
I would like a restaurant reservation for this year for 4 people.,1,1,0,0.00014529088,4,OOD_Class_3
Play the last 1954 ep by Povel Ramel .,3,4,1,0.00020085223,4,OOD_Class_3
I want to hear a seventies sound track .,3,4,1,0.00015829418,4,OOD_Class_3
Find All Jets Are Gonna Fall Today saga,5,4,0,0.00012644281,4,OOD_Class_3
Play me something from the thirties by Candi Staton on Vimeo,3,4,1,0.0006442246,4,OOD_Class_3
What movie theatre is playing The Missing Picture,6,5,0,0.000119127566,4,OOD_Class_3
give 1 out of 6 stars to current book,4,3,0,0.00011874272,4,OOD_Class_3
I want to hear De Eerste Keer from Paul Caiafa off of Google Music,3,0,1,0.00022194666,4,OOD_Class_3
Please play a movement from george formby jr .,3,4,1,0.00017841991,4,OOD_Class_3
play Who Do You Think You Are by Magnifico with spotify,3,4,1,0.0014711269,4,OOD_Class_3
What is the nearest movie theatre playing Stray Cat Rock Wild Jumbo in 7 seconds,6,5,0,0.0001311154,4,OOD_Class_3
Where is The Beach of Lost Children playing,6,5,0,0.00012667353,4,OOD_Class_3
"Please look up the song , Twist of shadows .",5,4,0,0.00012681774,4,OOD_Class_3
PLay some fourties music from Erin Harkes,3,4,1,0.00018938031,4,OOD_Class_3
Play some nineties chant music from Nicoleta Nicola,3,4,1,0.0001803604,4,OOD_Class_3
For the book The Sting of the Scorpion I give three of a possiable 6 rating,4,3,0,0.000120907454,4,OOD_Class_3
Get me the Secret South song .,5,4,0,0.00012720526,4,OOD_Class_3
I want to book a restaurant with creamed eggs on toast on Kansas Day within walking distance of British Indian Ocean Territory,1,1,0,0.0006009267,4,OOD_Class_3
Please get me Exploring the Reef TV show,5,4,0,0.00016317258,4,OOD_Class_3
Play any nineties music,3,4,1,0.00025483052,4,OOD_Class_3
Book me a table for two in Oakes .,1,1,0,0.00013622885,4,OOD_Class_3
play a song by Fats Waller,3,4,1,0.00022799398,4,OOD_Class_3
Look for a photograph of I Wanna Sex You Up,5,4,0,0.00014957564,4,OOD_Class_3
Book a table for 1 person at a popular brasserie in Jansen that serves english food,1,1,0,0.00016706996,4,OOD_Class_3
add this tune by Nokio the N Tity to my this is bb king playlist,0,0,0,0.00017656846,4,OOD_Class_3
I would give this current novel 4 points,4,3,0,0.00012221224,4,OOD_Class_3
"Will there be a lot of wind far away from here on Sep. the twenty-third, 2021",2,2,0,0.00013532063,4,OOD_Class_3
i wanna listen to a the top-twenty track of Denniz Pop in Pandora,3,4,1,0.0007531474,4,OOD_Class_3
Play Wynton Kelly music on Netflix sort by popular,3,4,1,0.0009179691,4,OOD_Class_3
play my Madrugando playlist on Groove Shark,3,0,1,0.00017873195,4,OOD_Class_3
Find Confusion Bay .,5,4,0,0.00038357978,4,OOD_Class_3
play some Origa on Google Music,3,0,1,0.0003359031,4,OOD_Class_3
Play me a seventies song,3,4,1,0.00014623668,4,OOD_Class_3
What will the weather be like in twenty two minutes at San Pasqual Battlefield State Historic Park,2,2,0,0.00012454434,4,OOD_Class_3
rate this novel 0 of 6 stars,4,3,0,0.00011724488,4,OOD_Class_3
Play some twenties chant music on Slacker,3,4,1,0.0013314727,4,OOD_Class_3
Play the playlist Feel Good Dinner .,3,0,1,0.00024802762,4,OOD_Class_3
Play the best ballad by The Rascals .,3,4,1,0.00019889216,4,OOD_Class_3
play a new soundtrack by Benjamin Darvill on Groove Shark,3,4,1,0.00053670217,4,OOD_Class_3
Give 2 out of 6 points to the following textbook .,4,3,0,0.000115089344,4,OOD_Class_3
Rate this novel at 2,4,3,0,0.00012031712,4,OOD_Class_3
Play a 2009 concerto on Deezer .,3,4,1,0.00023267337,4,OOD_Class_3
find the book Metallica Through the Never,5,4,0,0.00013659896,4,OOD_Class_3
book a restaurant table at the food court in the spa sixteen hours from now,1,1,0,0.0001315136,4,OOD_Class_3
add dj clay to my canciones del recuerdo,0,0,0,0.00018612521,4,OOD_Class_3
Where can I get movie schedule,6,5,0,0.00010647749,4,OOD_Class_3
I want movie times for Fox Theatres,6,5,0,0.00012245678,4,OOD_Class_3
Play  music from the thirties .,3,4,1,0.00016298234,4,OOD_Class_3
I'd like to eat at a restaurant in MD with a party of 8,1,1,0,0.00013986582,4,OOD_Class_3
I'd like a table for Midday at The Unseen Bean,1,1,0,0.00018519573,4,OOD_Class_3
Play a Martyn Bennett from 1957 on Pandora,3,4,1,0.00017937428,4,OOD_Class_3
Use Groove Shark to play music from the eighties,3,4,1,0.00082494295,4,OOD_Class_3
"Can you tell me the forecast for East Falmouth , Hungary",2,2,0,0.00015251667,4,OOD_Class_3
Look for the American Journal of Sociology,5,4,0,0.00017452879,4,OOD_Class_3
Play The Lamentation Of Cloris,3,4,1,0.00014312816,4,OOD_Class_3
Put some Stu Phillips in the women of acoustic playlist.,0,0,0,0.0001598246,4,OOD_Class_3
What will the weather by close by the current position at 020230 ?,2,2,0,0.00013499249,4,OOD_Class_3
Is The Angelus playing at the movie house at dinner time?,6,5,0,0.00013290303,4,OOD_Class_3
I need a table for 9,1,1,0,0.0001516705,4,OOD_Class_3
Play the song vodka by Kunal Ganjawala on Itunes,3,4,1,0.0002660618,4,OOD_Class_3
where is Puthri playing,6,5,0,0.00020176267,4,OOD_Class_3
is The Singing Nun at Regal Entertainment Group,6,5,0,0.00014080216,4,OOD_Class_3
Play a cohesive playlist for me,3,0,1,0.00027419793,4,OOD_Class_3
play Roy Orbison tunes now,3,4,1,0.0002844838,4,OOD_Class_3
add ian north to my Autumn Lounge playlist,0,0,0,0.00016872866,4,OOD_Class_3
play Luis Alfonzo Larrain from 1995,3,4,1,0.00016297333,4,OOD_Class_3
play soem nineties Charles Thompson,3,4,1,0.00019403857,4,OOD_Class_3
Play Stefon Harris 's song .,3,4,1,0.00023820788,4,OOD_Class_3
Play Iheart,3,4,1,0.00024245122,4,OOD_Class_3
Play some twenties theme music on Google Music .,3,0,1,0.0005120668,4,OOD_Class_3
the points given are five for Dust and Shadow,4,3,0,0.000114750925,4,OOD_Class_3
Let's hear good Mohammad Mamle on Vimeo .,3,0,1,0.00022669946,4,OOD_Class_3
play Isaac Yamma Slut,3,4,1,0.00025024838,4,OOD_Class_3
Find the movie schedule for films in the area .,6,5,0,0.00013318755,4,OOD_Class_3
Show me the A-Myin-thit TV series,5,4,0,0.00013262013,4,OOD_Class_3
Please play something catchy on Youtube,3,4,1,0.00042344222,4,OOD_Class_3
Play Turbulence Wild Streetdanz from Jeff Buckley,3,4,1,0.0002715932,4,OOD_Class_3
add this artist to the This Is Dirty Projectors playlist,0,0,0,0.00017830188,4,OOD_Class_3
play My Back Pages by Paul Young on vimeo,3,0,1,0.0016024777,4,OOD_Class_3
What film is playing at Landmark Theatres,6,5,0,0.00012523643,4,OOD_Class_3
Please play Bitch Please Ii,3,4,1,0.00038210154,4,OOD_Class_3
I gave Chart Throb 4 of 6 stars,4,3,0,0.00011024887,4,OOD_Class_3
Play Barbra Streisand music from 1997 .,3,4,1,0.00028570008,4,OOD_Class_3
I want to listen to some music from 2003 on Pandora from them,3,4,1,0.00022001092,4,OOD_Class_3
Play Kk on Zvooq .,3,0,1,0.00021581315,4,OOD_Class_3
I need some ambient music.,3,4,1,0.0029098236,4,OOD_Class_3
Want to find a photograph called The Nine Maidens,5,4,0,0.00011616209,4,OOD_Class_3
What's the weather like in Topock,2,2,0,0.00011608849,4,OOD_Class_3
play some Stephen Jones on Youtube,3,0,1,0.001263983,4,OOD_Class_3
Play Bitch Please Ii from Julee Cruise on Iheart,3,0,1,0.0014572522,4,OOD_Class_3
play Fereydoun Farrokhzad best track,3,4,1,0.00058967224,4,OOD_Class_3
show me the photograph with the title The Denial,5,4,0,0.0001160366,4,OOD_Class_3
Rate A Conspiracy of Paper 4 of 6,4,3,0,0.00011827983,4,OOD_Class_3
Play some thirties music on Netflix .,3,4,1,0.0005680697,4,OOD_Class_3
Give me the weather forecast for Somiedo Natural Park,2,2,0,0.00013052074,4,OOD_Class_3
party of two for a food truck on december 22 that serves chicken french in Bolivia,1,1,0,0.00015794,4,OOD_Class_3
Play some psychadelic music.,3,4,1,0.00034022165,4,OOD_Class_3
Play movement music from 1954,3,4,1,0.00014131231,4,OOD_Class_3
play Party Ben on Slacker,3,0,1,0.00025617177,4,OOD_Class_3
Play some music from 1995,3,4,1,0.00014725156,4,OOD_Class_3
Add artist to laundry,0,0,0,0.00018049033,4,OOD_Class_3
Play me the dinner playlist,3,0,1,0.0003090068,4,OOD_Class_3
what is the weather forecast for La Cienega,2,2,0,0.00013605165,4,OOD_Class_3
play 1962 music on Netflix,3,4,1,0.00014987272,4,OOD_Class_3
play Joshua Homme Belle And Sebastian Write About Love,3,4,1,0.00014783524,4,OOD_Class_3
Can I see the album SWAT Force ?,5,4,0,0.000114253984,4,OOD_Class_3
I want to get reservations at a place close by for 6 people to eat in SC .,1,1,0,0.00013931307,4,OOD_Class_3
Look for the trailer to Hickory Daily Record .,5,4,0,0.00015388055,4,OOD_Class_3
Add album to my Country Hits,0,0,0,0.00016831617,4,OOD_Class_3
Is it supposed to hail in Rosenberg in the French Polynesia,2,2,0,0.000115405644,4,OOD_Class_3
Play the album Jack Takes The Floor by Tom Lehrer on netflix,3,4,1,0.0001236019,4,OOD_Class_3
Rate The Sneetches and Other Stories a three,4,3,0,0.000113637165,4,OOD_Class_3
Rate the current novel four of 6 stars,4,3,0,0.00012025965,4,OOD_Class_3
Rate the current novel 1 of 6,4,3,0,0.00011990793,4,OOD_Class_3
play Vanlose Stairway by Janove Ottesen,3,4,1,0.00019008837,4,OOD_Class_3
Give The CIA and the Cult of Intelligence a rating of 5 .,4,3,0,0.00011347096,4,OOD_Class_3
Please put the album onto fresh folk .,0,0,0,0.00018075266,4,OOD_Class_3
what is the Poland forecast for next January,2,2,0,0.00013077683,4,OOD_Class_3
need a table now somewhere nearby Petit Manan National Wildlife Refuge,2,2,0,0.0005572287,4,OOD_Class_3
Play the top five melody from 2000,3,4,1,0.00021454644,4,OOD_Class_3
Play music by Paul Mccartney,3,4,1,0.000178095,4,OOD_Class_3
I want to know the weather in ten weeks from now in John N and Melba S Anderson Memorial Conservation Area,2,2,0,0.00011866689,4,OOD_Class_3
I want to add un jour dans notre vie to my list running to rock 170 to 190 bpm,0,0,0,0.00018457197,4,OOD_Class_3
play Glenn Yarbrough tunes,3,4,1,0.00020766849,4,OOD_Class_3
Play some seventies songs from Joseph Genaro on Google Music,3,0,1,0.00025816818,4,OOD_Class_3
"Please find the TV show , The Dreamstone",5,4,0,0.000114356364,4,OOD_Class_3
book a table in Cottondale not far for in two hundred sixty nine days,1,1,0,0.00015239579,4,OOD_Class_3
I want to add something by Jarvis Cocker to my rock español playlist,0,0,0,0.0001692235,4,OOD_Class_3
What's the weather in Low Moor,2,2,0,0.00011541043,4,OOD_Class_3
Play music by Joy Nilo .,3,4,1,0.00037799578,4,OOD_Class_3
rate the current chronicle five stars,4,3,0,0.00011713005,4,OOD_Class_3
show me the Everybody Wants You picture,5,4,0,0.00021193958,4,OOD_Class_3
"Will it be chilly in Penuelas Indonesia on Nov. 26th, 2030",2,2,0,0.0001255203,4,OOD_Class_3
Rate the current novel 3 points .,4,3,0,0.00011531405,4,OOD_Class_3
Let's play Jamie Robertson 's Handover on vimeo,3,4,1,0.00094293634,4,OOD_Class_3
Help me find the saga titled The Eternal Return,5,4,0,0.00011845468,4,OOD_Class_3
Find the movie schedule .,6,5,0,0.0001123663,4,OOD_Class_3
play a track from 2004,3,4,1,0.00019257354,4,OOD_Class_3
Open Lastfm and play a voluntad del cielo from Wax,3,4,1,0.0017301709,4,OOD_Class_3
play Lastfm pop tunes,3,4,1,0.0012365148,4,OOD_Class_3
I want to hear that track from 1991,3,4,1,0.0001438398,4,OOD_Class_3
Show me movie schedule,6,5,0,0.000109532964,4,OOD_Class_3
Play music from the twenties .,3,4,1,0.00017829964,4,OOD_Class_3
Can you play the latest faust soundtrack from 1967 ?,3,4,1,0.00013806263,4,OOD_Class_3
Add this tune to the Heavy Gamer playlist.,0,0,0,0.00017256121,4,OOD_Class_3
I need a pub with a smoking room in Ucolo reserved.,1,1,0,0.00013100509,4,OOD_Class_3
I rate The Variation of Animals and Plants under Domestication a value of 0,4,3,0,0.00015075415,4,OOD_Class_3
Will you please pull up movie schedules for me?,6,5,0,0.00013187472,4,OOD_Class_3
Looking for the painting Last Flight To Abuja,5,4,0,0.0001219541,4,OOD_Class_3
Find movie schedules for close by films .,6,5,0,0.00013292808,4,OOD_Class_3
find a movie theatre with Beware of Bachelors,6,5,0,0.00012089822,4,OOD_Class_3
Find a picture called Neighbourhood .,5,4,0,0.0001745352,4,OOD_Class_3
I want to listen to the soundtrack Adobe Digital Editions,5,4,0,0.00020066509,4,OOD_Class_3
Play top Martin Solveig on deezer,3,0,1,0.00046005283,4,OOD_Class_3
What will the weather be in the Flight Park State Recreation Area ?,2,2,0,0.00012656738,4,OOD_Class_3
Wish to hear a concerto by Diplo from 1952,3,4,1,0.00015715665,4,OOD_Class_3
play songs by Wise,3,4,1,0.00018394116,4,OOD_Class_3
play Fey 's album Diamond Head on Zvooq,3,4,1,0.00017185682,4,OOD_Class_3
"I need to book a table at a bar in Micronesia for tia, madeline and estela",1,1,0,0.00017526081,4,OOD_Class_3
Is it hot in Zephyrhills ?,2,2,0,0.00012219383,4,OOD_Class_3
add back on the dancefloor to my bajo las estrellas playlist,0,0,0,0.00017622112,4,OOD_Class_3
play some Nastya Kamenskih on Zvooq,3,0,1,0.000529963,4,OOD_Class_3
Play a tune by Houston on Spotify,3,0,1,0.00038164872,4,OOD_Class_3
Rate this textbook a three,4,3,0,0.00012389467,4,OOD_Class_3
Play cheerful playlist,3,0,1,0.0002038573,4,OOD_Class_3
Put Mike McCready in the kitchen swagger playlist.,0,0,0,0.00017222585,4,OOD_Class_3
Play the top-ten soundtrack from Kiara .,3,4,1,0.00018144601,4,OOD_Class_3
Play the soundtrack for The Lord of the Rings Conquest,5,4,0,0.00010648811,4,OOD_Class_3
Pull up the trailer for 2000 Years – The Millennium Concert,5,4,0,0.00014217198,4,OOD_Class_3
"Can I get a restaurant reserved in Luquillo , District Of Columbia ?",1,1,0,0.00017063698,4,OOD_Class_3
What is the temperature at Eifel National Park,2,2,0,0.00012424061,4,OOD_Class_3
Play Kisaki on Pandora,3,4,1,0.0014111353,4,OOD_Class_3
whats the nearest movie house showing animated movies,6,5,0,0.00012646917,4,OOD_Class_3
Find movie times for B&B Theatres .,6,5,0,0.00013821984,4,OOD_Class_3
Play some Tony Grant .,3,4,1,0.00012929518,4,OOD_Class_3
what is the nearby forecast for here at 152611,2,2,0,0.00013812554,4,OOD_Class_3
Can you play the newest record from 1966 by Tony Lee,3,4,1,0.00023614278,4,OOD_Class_3
"On Jun. the sixteenth, 2032 I'd like to go to Dillard House in Putnam Hall",1,1,0,0.0001596592,4,OOD_Class_3
add Chrome Reflection to my throwback thursday playlist,0,0,0,0.0001693903,4,OOD_Class_3
show me the schedule of movie Warning from Space closest to movie house,6,5,0,0.00012958924,4,OOD_Class_3
Play music from the seventies,3,4,1,0.00012077669,4,OOD_Class_3
I want to book Coney I-Lander for 10 people.,1,1,0,0.0001451389,4,OOD_Class_3
What's the weather in Singapore,2,2,0,0.00012219572,4,OOD_Class_3
Please play some fourties music on Spotify,3,0,1,0.0005287541,4,OOD_Class_3
Play the Mother Lode by Tamio Okuda,3,4,1,0.00019013575,4,OOD_Class_3
I want to play music off Deezer,3,4,1,0.00018105413,4,OOD_Class_3
Find me a showing of The Vanquished that starts nine hours and 1 second from now .,6,5,0,0.00027566747,4,OOD_Class_3
Play the newest chant by John Doyle on Zvooq,3,4,1,0.0012553999,4,OOD_Class_3
play the last Niney The Observer song,3,4,1,0.00015074587,4,OOD_Class_3
rate this novel 2 out of 6 points,4,3,0,0.00011920761,4,OOD_Class_3
I need a restaurant now for a party of ten,1,1,0,0.00013850204,4,OOD_Class_3
Add ross the boss to laurie's listas de éxitos list,0,0,0,0.00017604863,4,OOD_Class_3
Play Elysium from Ryan Cayabyab,3,4,1,0.0002554858,4,OOD_Class_3
Use Itunes to play artist Ringo Shiina track In Heaven,3,0,1,0.0016495251,4,OOD_Class_3
Play me some seventies music with a good melody,3,4,1,0.00017461469,4,OOD_Class_3
play 1977 good track tunes,3,4,1,0.00022034136,4,OOD_Class_3
Make me a reservation in Hardesty at a joint the is indoor,1,1,0,0.00015941802,4,OOD_Class_3
Find a saga called Night Life .,5,4,0,0.00013383066,4,OOD_Class_3
I need to hear some music from Spotify,3,4,1,0.0003681848,4,OOD_Class_3
Book a table at any restaurant for eight people,1,1,0,0.00014917846,4,OOD_Class_3
"book a restaurant in North Dakota for my child and I on november seventh, 2037",1,1,0,0.00015594884,4,OOD_Class_3
Play the last ep from 1999,3,4,1,0.00019774323,4,OOD_Class_3
add Billy Martin album to my legendary guitar solos playlist,0,0,0,0.00016123659,4,OOD_Class_3
Add an album by m g sreekumar to my laidback acoustic playlist.,0,0,0,0.00017751938,4,OOD_Class_3
add tune by Leonard Cohen to road trip,0,0,0,0.0001720578,4,OOD_Class_3
play Are & Be,3,4,1,0.00027798218,4,OOD_Class_3
Play my Frescura Indie playlist,3,0,1,0.00021252352,4,OOD_Class_3
Play Kaori Mochida 's most popular music on Google Music .,3,0,1,0.00025832336,4,OOD_Class_3
Can you play music from 2003 on Netflix,3,4,1,0.00012604192,4,OOD_Class_3
play my melodious playlist,3,0,1,0.00018171112,4,OOD_Class_3
add track Nature Noise to my playlist,0,0,0,0.00017434155,4,OOD_Class_3
"add Hey, Johnnie Cope, Are Ye Waking Yet to year in metal 2016 playlist",0,0,0,0.00016131844,4,OOD_Class_3
I need a party of two reservation faraway from Atlantic Av-Barclays Ctr at a spa for fast food,1,1,0,0.00016177158,4,OOD_Class_3
Use Deezer to play the last song from Lee Dorrian,3,4,1,0.00017715195,4,OOD_Class_3
Play music from the punk genre on Last Fm .,3,0,1,0.0021380654,4,OOD_Class_3
rate this novel five points,4,3,0,0.00011758869,4,OOD_Class_3
What movies are playing at Cineplex Odeon Corporation ?,6,5,0,0.00013554233,4,OOD_Class_3
Is the film Goodrich Quality Theaters playing at 1226 AM ?,6,5,0,0.00013021822,4,OOD_Class_3
Find the schedule for movies at Harkins Theatres .,6,5,0,0.00013661201,4,OOD_Class_3
Give this textbook a four,4,3,0,0.000121558165,4,OOD_Class_3
Please play Jag Vill Leva I Europa by porta,3,4,1,0.00017255297,4,OOD_Class_3
play 1981 music on Last Fm,3,4,1,0.00028661295,4,OOD_Class_3
play a seventies ballad by Annunzio Paolo Mantovani on Groove Shark,3,4,1,0.0014542353,4,OOD_Class_3
find Reproductions Songs of The Human League,5,4,0,0.00017332281,4,OOD_Class_3
Play Noctámbulo pl,3,4,1,0.00031840173,4,OOD_Class_3
play the greatest 1972 album by Wes Dakus,3,4,1,0.00023525667,4,OOD_Class_3
play the top twenty movement songs from Roberto Valverde,3,4,1,0.00018393462,4,OOD_Class_3
What films are playing at the nearest movie theatre,6,5,0,0.00014528011,4,OOD_Class_3
add this MakSim tune to Trad Folk,0,0,0,0.0001682344,4,OOD_Class_3
Use Google Music to play some songs by Dr John,3,0,1,0.0015309261,4,OOD_Class_3
rate this essay 2 points,4,3,0,0.000118742704,4,OOD_Class_3
I want to book Oregon Electric Station in North City .,1,1,0,0.00027036073,4,OOD_Class_3
Open deezer and play Curtain Call The Hits by Junichi Okada .,3,4,1,0.00014312415,4,OOD_Class_3
Give me a link to the A Little Something for Us Tempunauts soundtrack .,5,4,0,0.00013669106,4,OOD_Class_3
Play a song by Juanes on Last Fm,3,4,1,0.00038308714,4,OOD_Class_3
Add impossible is nothing to SPA Treatment,0,0,0,0.000188774,4,OOD_Class_3
What's the weather forecast for Mansfield ?,2,2,0,0.00012912702,4,OOD_Class_3
Play the newest Phil Stacey .,3,4,1,0.00031894498,4,OOD_Class_3
the last essay is a 2 out of 6,4,3,0,0.000121261706,4,OOD_Class_3
I want to hear a track by Ryohei Yamamoto on Vimeo,3,4,1,0.0007146661,4,OOD_Class_3
At four pm . I need a table for 8 at a restaurant in Guernsey that serves salade .,1,1,0,0.00016082621,4,OOD_Class_3
What's the weather on august seventh for Crystal Lawns Guam,2,2,0,0.00011677095,4,OOD_Class_3
book a taverna for a party of 10,1,1,0,0.00014332565,4,OOD_Class_3
Rate this current essay four out of 6 .,4,3,0,0.00011542721,4,OOD_Class_3
play playlist The Realest Down South,3,0,1,0.00025635507,4,OOD_Class_3
Where can I find the painting RSS tracking,5,4,0,0.00013200924,4,OOD_Class_3
Play Supernaut by Armand Van Helden,3,4,1,0.00025948646,4,OOD_Class_3
book a brasserie with internet fascility for 5 in a year in Oklahoma,1,1,0,0.00016609301,4,OOD_Class_3
play the greatest Vimeo tunes by angelo amorevoli on soundtrack,3,4,1,0.00019569947,4,OOD_Class_3
give Portions from a Wine-stained Notebook Short Stories and Essays 0 points,4,3,0,0.0001413515,4,OOD_Class_3
Play me a song from 2008,3,4,1,0.00022273783,4,OOD_Class_3
PLay a track by deeyah khan .,3,4,1,0.00031379855,4,OOD_Class_3
how's the weather looking in Pheba,2,2,0,0.000119598706,4,OOD_Class_3
Play music from the year 1964,3,4,1,0.00013819755,4,OOD_Class_3
Show me the movie times at Star Theatres,6,5,0,0.00013150589,4,OOD_Class_3
Play music off Youtube .,3,4,1,0.0020204103,4,OOD_Class_3
Add the da brat track to the Soak Up The Sun playlist.,0,0,0,0.00017434033,4,OOD_Class_3
play music by Cass Elliot,3,4,1,0.00021182465,4,OOD_Class_3
play Calico Skies by John Feinstein with Netflix,3,4,1,0.00029905056,4,OOD_Class_3
Give me the weather forecast in Zimbabwe .,2,2,0,0.00015311329,4,OOD_Class_3
Play Used To Love Her by Dara .,3,4,1,0.00030183035,4,OOD_Class_3
Play my Sophisticated Dinner playlist on Slacker,3,0,1,0.00018621798,4,OOD_Class_3
I want to hear music from carman from the 1966 album,3,4,1,0.00012669544,4,OOD_Class_3
Play Chad I Ginsburg,3,4,1,0.0002722797,4,OOD_Class_3
Play some movement from 1959 on deezer .,3,4,1,0.0003167973,4,OOD_Class_3
Find the From the Hut TV series,5,4,0,0.0001346065,4,OOD_Class_3
Please play a 1997 record .,3,4,1,0.00024107717,4,OOD_Class_3
add The Darkest Red to this is jennifer lopez,0,0,0,0.00017622217,4,OOD_Class_3
Play the latest Joan Baez .,3,4,1,0.00020145238,4,OOD_Class_3
Put this tune on my get your mind right playlist,0,0,0,0.00016938963,4,OOD_Class_3
Rate this album 3 stars,4,3,0,0.000117187556,4,OOD_Class_3
add track to dance playlist,0,0,0,0.00018163942,4,OOD_Class_3
Will there be a blizzard at 2 am in my current place,2,2,0,0.00012118417,4,OOD_Class_3
please add Secrets of the Alibi to the playlist called keep calm,0,0,0,0.00017648372,4,OOD_Class_3
Play music on the playlist Electronic Gaming,3,0,1,0.00020807362,4,OOD_Class_3
book a restaurant on next fall for 5,1,1,0,0.000120670884,4,OOD_Class_3
I need a table for 4 in Florida,1,1,0,0.0001497607,4,OOD_Class_3
find Set the Thames on Fire for seventeen,6,4,0,9.405315e-05,4,OOD_Class_3
Play music from 1969 on lastfm .,3,4,1,0.00065481645,4,OOD_Class_3
Add this track to the Sin Ti playlist,0,0,0,0.00017147022,4,OOD_Class_3
What is the movie schedule for films in the neighbourhood,6,5,0,0.00013215056,4,OOD_Class_3
I want to add another album to the Scratchy Back Porch Blues playlist.,0,0,0,0.00016914116,4,OOD_Class_3
add this tune to my It's a Southern Thing playlist,0,0,0,0.00017172149,4,OOD_Class_3
Play the most popular 1956 record .,3,4,1,0.00014037927,4,OOD_Class_3
Can you put live in detroit on the playlist Peaceful Piano,0,0,0,0.00015711834,4,OOD_Class_3
Play some 1962 theme music.,3,4,1,0.00013886759,4,OOD_Class_3
Please play something on Iheart from artist Ari Gold last album,3,4,1,0.00046270472,4,OOD_Class_3
add Michael Hayvoronsky to Lo Que Suena Los Angeles,0,0,0,0.00016676012,4,OOD_Class_3
find a novel called Best Hits Live Save the Children Speed Live 2003,5,4,0,0.0001399769,4,OOD_Class_3
whats the forecast for Greece,2,2,0,0.00014426069,4,OOD_Class_3
Find The 180 .,5,4,0,0.00024069834,4,OOD_Class_3
Play Moondog 's Chupacabra .,3,4,1,0.0001893934,4,OOD_Class_3
Add the 40 cal tune to the laundry playlist.,0,0,0,0.00017544958,4,OOD_Class_3
Play some P. J. Proby,3,4,1,0.00028168975,4,OOD_Class_3
I want to listen to my Spain Top 50 playlist on groove shark,3,0,1,0.00018458688,4,OOD_Class_3
Play 1966 theme music on Slacker .,3,4,1,0.00018013886,4,OOD_Class_3
Rate The Warrior Prophet 3 of 6 stars,4,3,0,0.000112259324,4,OOD_Class_3
I want to hear soundtrack music on Youtube from Helena Iren Michaelsen,3,4,1,0.00029635802,4,OOD_Class_3
Play me a 2003 song by Charles Neidich,3,4,1,0.00024870274,4,OOD_Class_3
What will the weather be in Lamar ?,2,2,0,0.00012787175,4,OOD_Class_3
Rate The Scarab Murder Case a one,4,3,0,0.00011553901,4,OOD_Class_3
Lets hear some booty bass,3,4,1,0.00016364813,4,OOD_Class_3
some me a Healthy picture,5,4,0,0.0009624234,4,OOD_Class_3
Play Dj Scratch 's eighties music on Iheart .,3,0,1,0.00024310945,4,OOD_Class_3
I would like you to add now the hits of winter 2008 onto my ntc studio sounds playlist.,0,0,0,0.000177778,4,OOD_Class_3
Is it getting colder in Leonard Harrison State Park,2,2,0,0.00012255137,4,OOD_Class_3
Play some songs from 1958,3,4,1,0.00013886315,4,OOD_Class_3
I want to book a reservation within the same area of AMelia Court House for 4 .,1,1,0,0.00015019972,4,OOD_Class_3
Play the most popular music by Ronald Isley on Google Music,3,0,1,0.00031506363,4,OOD_Class_3
Add Kd lang to my Deep Focus playlist,0,0,0,0.0001793478,4,OOD_Class_3
play Solange 2016 album,3,4,1,0.00020662755,4,OOD_Class_3
Play music by Ian Haugland,3,4,1,0.00022292462,4,OOD_Class_3
I want to hear secrets on parade from Tommy Walter,3,4,1,0.00020267053,4,OOD_Class_3
I want to hear a good song from 2016,3,4,1,0.00019716186,4,OOD_Class_3
Where can I see the trailer of Take Me to the King,5,4,0,0.00011225276,4,OOD_Class_3
Tell me if it'll be colder next November in Granite-steppe lands of Buh,2,2,0,0.00014782348,4,OOD_Class_3
I want to hear Shooby Taylor 's Tearing Up The Album Charts .,3,4,1,0.0001397898,4,OOD_Class_3
I want to hear music from the Lotus Flower album by Andy Mccoy,3,4,1,0.00017898467,4,OOD_Class_3
play an eighties track,3,4,1,0.0002545014,4,OOD_Class_3
Add the track to the drum & breaks playlist.,0,0,0,0.00016627336,4,OOD_Class_3
Play Entre Raices Y Antenas by Lynn & Wade Llp .,3,4,1,0.00063905574,4,OOD_Class_3
I want to play a game called Scotland Tonight .,5,4,0,0.00011193134,4,OOD_Class_3
I'd rate the chronicle called The Art of Loving 3 points out of 6,4,3,0,0.00011701637,4,OOD_Class_3
I'm looking for Sherlock Holmes contre Arsène Lupin .,5,4,0,0.0002180187,4,OOD_Class_3
I'd like to add this album to funtime .,0,0,0,0.00019476969,4,OOD_Class_3
I'd like to watch Bound for Glory at the closest movie theatre at 214108,6,5,0,0.0001354084,4,OOD_Class_3
Play the best 1981 sound track from Ric Fierabracci,3,4,1,0.00031617528,4,OOD_Class_3
Play How Does It Work by Helen Carter .,3,4,1,0.00022338852,4,OOD_Class_3
Add javine hylton to my evening playlist,0,0,0,0.00016988502,4,OOD_Class_3
What time is The Rumyantsev Case playing at the closest cinema,6,5,0,0.00012510615,4,OOD_Class_3
Book the Union Oyster House in Guanica Puerto Rico .,1,1,0,0.00015815218,4,OOD_Class_3
play 1960 chant music by Hermann Baumann,3,4,1,0.00014591898,4,OOD_Class_3
show the movie Move Any Mountain,5,4,0,0.00012137154,4,OOD_Class_3
Play the music of melody of 1997 in Itunes,3,4,1,0.00045236698,4,OOD_Class_3
Play that new song from 1970,3,4,1,0.00014129789,4,OOD_Class_3
Play Mea Culpa by Rahim Shah,3,4,1,0.0002710076,4,OOD_Class_3
play Zvooq Night Rider list,3,4,1,0.00027120713,4,OOD_Class_3
What is the forecast here for September 16,2,2,0,0.0001373868,4,OOD_Class_3
is Tarzan of the Apes playing at Cobb Theatres,6,5,0,0.00012460643,4,OOD_Class_3
play Matt Walker tunes,3,4,1,0.0002671615,4,OOD_Class_3
Tell me if it will be windy here,2,2,0,0.00015636122,4,OOD_Class_3
Play Trace Adkins ' music from the thirties .,3,4,1,0.00018413094,4,OOD_Class_3
Play a top symphony sort form 1959 by Stuart Garrard .,3,4,1,0.00017208395,4,OOD_Class_3
listen to Pmd symphony,3,4,1,0.0002516463,4,OOD_Class_3
Please play something good from U-roy .  Any song from 1975 on Zvooq will do.,3,4,1,0.00030723988,4,OOD_Class_3
Find movie times for nine PM .,6,5,0,0.0001333131,4,OOD_Class_3
Rate A Division of the Spoils 5 stars,4,3,0,0.00012431885,4,OOD_Class_3
what is the current place forecast,2,2,0,0.00013598402,4,OOD_Class_3
Play music off Itunes .,3,4,1,0.0027807904,4,OOD_Class_3
Book a table for 3 at a top-rated restaurant .,1,1,0,0.00014658387,4,OOD_Class_3
Please play me Jerry Lee Lewis 's If You Say So track .,3,4,1,0.00020888483,4,OOD_Class_3
Do you know if it will be chilly today in Puerto Rico,2,2,0,0.0001397538,4,OOD_Class_3
Lets go to the Rainforest Cafe that is in the same area as 135th St,1,1,0,0.0001864629,4,OOD_Class_3
Play the song gangsta ? by Siavash Ghomayshi,3,4,1,0.00016425953,4,OOD_Class_3
Play the newest melody from Corey Clark on Lastfm,3,0,1,0.0009132396,4,OOD_Class_3
I give Cross Country four out of 6 .,4,3,0,0.000114305134,4,OOD_Class_3
rate this book saga 3 out of 6 stars,4,3,0,0.00012275133,4,OOD_Class_3
Can you play the greatest songs by Mauro Picotto,3,4,1,0.00015385174,4,OOD_Class_3
I want to give the current textbook 0 out of 6 stars,4,3,0,0.00011718771,4,OOD_Class_3
"Will it be warmer in the District Of Columbia on may 25, 2033 ?",2,2,0,0.00013631646,4,OOD_Class_3
Play music by artist mark ashley,3,4,1,0.00027165393,4,OOD_Class_3
Play the top-5 sort of ballad music from 2012 .,3,4,1,0.0008997914,4,OOD_Class_3
play something from 1971 by John Bonham,3,4,1,0.000165677,4,OOD_Class_3
"Find me a bar in Eagle Pass , Vermont that serves noodle dishes, that will take reservations for 2/21/2021 .",1,1,0,0.00016451415,4,OOD_Class_3
add tune to my relax & unwind playlist,0,0,0,0.00017172194,4,OOD_Class_3
Play top-50 Peter Frampton songs,3,4,1,0.0014038687,4,OOD_Class_3
I want to play the video game Miss Castaway And The Island Girls,5,4,0,0.00013136982,4,OOD_Class_3
Rate the current essay four stars,4,3,0,0.000118394724,4,OOD_Class_3
Play Tooh by Eric Bazilian on Google Music .,3,0,1,0.00023008464,4,OOD_Class_3
I rate Monster Mythology 3 points .,4,3,0,0.000111005014,4,OOD_Class_3
Can you play some Synthpop music on Youtube,3,4,1,0.0022755347,4,OOD_Class_3
Play some Hong Junyang .,3,4,1,0.00023111173,4,OOD_Class_3
Play Marche Lorraine by Rachael Lampa,3,4,1,0.00021158073,4,OOD_Class_3
Find the TV show titled Timerider The Adventure of Lyle Swann,5,4,0,0.00011926367,4,OOD_Class_3
"find the nearest movie house showing Good Morning, Babylon",6,5,0,0.00012757092,4,OOD_Class_3
play Lastfm tunes from 1997,3,4,1,0.00023563969,4,OOD_Class_3
Play some sixties music by gaudi on last fm,3,0,1,0.0012641934,4,OOD_Class_3
Rate Richard Carvel 4 out of 6,4,3,0,0.00011441685,4,OOD_Class_3
Where to get painting of Channel 4 News,5,4,0,0.00013685292,4,OOD_Class_3
Play a 1964 track from Shahram Nazeri on Pandora .,3,4,1,0.00026845298,4,OOD_Class_3
Open itunes and play Ben Burnley Ready To Die,3,4,1,0.0018168762,4,OOD_Class_3
Add Sci-Fi Crimes to the fresh folk playlist,0,0,0,0.00017349247,4,OOD_Class_3
I want to add Kool Keith to my chill out dinner playlist,0,0,0,0.0001707164,4,OOD_Class_3
Where can I see the show Latin for Lovers ?,5,4,0,9.876808e-05,4,OOD_Class_3
play Hardcore music,3,4,1,0.00037647315,4,OOD_Class_3
I'd like to see a TV series called Countdown The Savoy Sessions,5,4,0,0.00010827764,4,OOD_Class_3
Where can I see Travelling Light ?,6,5,0,0.000409274,4,OOD_Class_3
Play some Game music.,3,4,1,0.0004404319,4,OOD_Class_3
play music by Amii Stewart with Itunes,3,4,1,0.0015089645,4,OOD_Class_3
I need movie times at Fox Theatres around zero PM,6,5,0,0.00013370745,4,OOD_Class_3
"I need a table in Ottoville on Feb. 15th, 2029 at Gus Stevens Seafood Restaurant & Buccaneer Lounge",1,1,0,0.00017515937,4,OOD_Class_3
Play some music from 1962 from Adeyto,3,4,1,0.00015733362,4,OOD_Class_3
play Soheila Zaland,3,4,1,0.00024504293,4,OOD_Class_3
I want to hear some acid punk music,3,4,1,0.0001384629,4,OOD_Class_3
play Roland Alphonso tunes that are most popular,3,4,1,0.00048821885,4,OOD_Class_3
play 2007 tunes by Bunny Berigan,3,4,1,0.0003070114,4,OOD_Class_3
Play any music on Spotify,3,0,1,0.0009594861,4,OOD_Class_3
Make reservations at a restaurant in Adrian that serves cheese steak,1,1,0,0.00013542954,4,OOD_Class_3
I want toi hear some Pop Punk Perfection off of Deezer,3,4,1,0.00037870297,4,OOD_Class_3
find movie times,6,5,0,0.00010997567,4,OOD_Class_3
Play some eighties music.,3,4,1,0.00022403,4,OOD_Class_3
Can you play something off my Kids Workout playlist on Groove Shark,3,0,1,0.00018730233,4,OOD_Class_3
what kind of films are at the closest movie house,6,5,0,0.0001394423,4,OOD_Class_3
I give the Flash series 0 out of 6 .,4,3,0,0.00012161777,4,OOD_Class_3
play me music by Whip with Zvooq,3,4,1,0.00039558922,4,OOD_Class_3
Will it be windy at 7 AM in Dong Phou Vieng National Protected Area,2,2,0,0.000126133,4,OOD_Class_3
Play paul ortiz music from 1990,3,4,1,0.00019427971,4,OOD_Class_3
What is weather in Azerbaijan 16 seconds from now,2,2,0,0.00012478785,4,OOD_Class_3
Play some music on Itunes,3,4,1,0.0007380561,4,OOD_Class_3
Use Deezer service to play Opera,3,0,1,0.001573983,4,OOD_Class_3
I want this tune on my Most Necessary playlist,0,0,0,0.00017230658,4,OOD_Class_3
Play a track by Ishmon Bracey on Iheart .,3,0,1,0.002652611,4,OOD_Class_3
Please find me the video game titled 20 Hours in America .,5,4,0,0.00014498344,4,OOD_Class_3
Play music from Lastfm,3,4,1,0.0002740853,4,OOD_Class_3
Find the schedule for A Kiss Before Dying .,6,5,0,0.000112651236,4,OOD_Class_3
Play me a top-ten song by Phil Ochs on Groove Shark,3,4,1,0.0011755666,4,OOD_Class_3
What's the weather in Meherrin,2,2,0,0.000116429444,4,OOD_Class_3
Play Ciribiribin by Sandeep Khare,3,4,1,0.0003234988,4,OOD_Class_3
Play music on Lastfm,3,4,1,0.0022170215,4,OOD_Class_3
Play music by Daddy Yankee,3,4,1,0.0002513469,4,OOD_Class_3
Play some Techno,3,4,1,0.00043479007,4,OOD_Class_3
Play a new tune by louis silvers .,3,4,1,0.00025856338,4,OOD_Class_3
play scott la rock from Stella on Slacker,3,0,1,0.00026606268,4,OOD_Class_3
Play music by Brian Chase .,3,4,1,0.00026472923,4,OOD_Class_3
I'd like a table for 10 at a distant place downtown for next fall,1,1,0,0.00014845325,4,OOD_Class_3
Play movement by Duane Allman .,3,4,1,0.00016121702,4,OOD_Class_3
"Add Star Light, Star Bright to my jazz classics playlist.",0,0,0,0.00016930338,4,OOD_Class_3
Play some music from the sixties,3,4,1,0.00013290027,4,OOD_Class_3
show song schedule of Shoot for the Moon,5,4,0,0.00012020257,4,OOD_Class_3
play a Morton Downey record with Slacker,3,4,1,0.00020099441,4,OOD_Class_3
Show me It Might as Well Rain Until September,5,2,0,0.00020868027,4,OOD_Class_3
I want to hear something from the nineties by Alissa Musto on Groove Shark,3,4,1,0.0005494027,4,OOD_Class_3
give 1 out of 6 points to Revolution World,4,3,0,0.00011514573,4,OOD_Class_3
Play my Trapeo playlist.,3,0,1,0.00018675927,4,OOD_Class_3
I'd like to hear Nas 's greatest ballad,3,4,1,0.00012137337,4,OOD_Class_3
I want to see Far Cry Vengeance,5,4,0,0.0001107661,4,OOD_Class_3
Give The Abstinence Teacher 4 out of 6,4,3,0,0.00011347134,4,OOD_Class_3
play anything from 1970,3,4,1,0.00013315519,4,OOD_Class_3
Will there be wind in AS,2,2,0,0.00014057496,4,OOD_Class_3
Play ballad music by Jeff Lynne .,3,4,1,0.0002593455,4,OOD_Class_3
Play my entertaining playlist,3,0,1,0.0001924752,4,OOD_Class_3
Play music off the track Child Maurice,3,4,1,0.00015932032,4,OOD_Class_3
Can you play me something from the eighties on Youtube,3,4,1,0.0002347001,4,OOD_Class_3
Play my Hot 50 playlist.,3,0,1,0.00018039823,4,OOD_Class_3
Can you play me some Pop-folk music,3,4,1,0.00019384662,4,OOD_Class_3
Play the track R U Professional by Roberto Carlos Braga,3,4,1,0.0001563997,4,OOD_Class_3
Play the top track by Claudja Barry on Last Fm,3,0,1,0.00091812154,4,OOD_Class_3
Find the nearest cinema with movies playing,6,5,0,0.00012269747,4,OOD_Class_3
Play a movement from the nineties,3,4,1,0.00013210786,4,OOD_Class_3
Play me a track by Steve Souza,3,4,1,0.0002518297,4,OOD_Class_3
listen to ballad songs from 1999,3,4,1,0.00020399642,4,OOD_Class_3
play Punk Essentials on Zvooq,3,0,1,0.0002601375,4,OOD_Class_3
What is the weather forecast 131 days from now in Atanassow-See,2,2,0,0.00012243468,4,OOD_Class_3
Play me a song by Kevin Cadogan,3,4,1,0.00018901285,4,OOD_Class_3
Play Rain by Subliminal on Groove Shark,3,0,1,0.0010456975,4,OOD_Class_3
Play fifties from Sirusho Harutyunyan,3,4,1,0.00014697094,4,OOD_Class_3
"Play an album from the fourties , new first.",3,4,1,0.00023207659,4,OOD_Class_3
Play Alles Heeft Ritme by Liu Tianhua .,3,4,1,0.0003818762,4,OOD_Class_3
I give the previous novel one out of 6 stars .,4,3,0,0.00012155828,4,OOD_Class_3
Is it snowy in Fort Ross State Historic Park ?,2,2,0,0.00011098698,4,OOD_Class_3
Play ballad music from 1958,3,4,1,0.00016155416,4,OOD_Class_3
Play melody music from the fourties .,3,4,1,0.00019697646,4,OOD_Class_3
play Pandora Christian Gangsta Rap,3,4,1,0.0004642571,4,OOD_Class_3
Play me a song by Hank Thompson from Moa Anbessa,3,4,1,0.0003123852,4,OOD_Class_3
Is The Unnaturals showing at 13 .,6,5,0,0.0001281761,4,OOD_Class_3
Rate this textbook 2 points .,4,3,0,0.00011436079,4,OOD_Class_3
show schedule for Loved by Thousands,5,4,0,0.00014496912,4,OOD_Class_3
Can you play that last ep from the twenties,3,4,1,0.00017952762,4,OOD_Class_3
add Animal Stories to maryanne's by Per Yngve Ohlin,0,0,0,0.0001808419,4,OOD_Class_3
what is the forecast for warm weather in Carl,2,2,0,0.00013033078,4,OOD_Class_3
Play something by Brian Chase .,3,4,1,0.0002482488,4,OOD_Class_3
Is The Mystical Adventures of Billy Owens playing at the closest movie house,6,5,0,0.00013591684,4,OOD_Class_3
The book the Gardens of the Moon deserves only 1 stars .,4,3,0,0.000114696064,4,OOD_Class_3
Play some music on Lastfm,3,4,1,0.0013743346,4,OOD_Class_3
Play a popular melody by Lindsay Lohan on Youtube .,3,4,1,0.0015539603,4,OOD_Class_3
What is the weather like in the city of Frewen in the country of Venezuela,2,2,0,0.000115408664,4,OOD_Class_3
Play some good music from 2012 .,3,4,1,0.00023991885,4,OOD_Class_3
Play Funky Heavy Bluesy,3,4,1,0.0010281475,4,OOD_Class_3
Find the Youth Against Christ saga,5,4,0,0.0001321397,4,OOD_Class_3
Play POP GOES THE 80s .,3,4,1,0.0010427884,4,OOD_Class_3
What time are the animated movies starting at the nearest movie house ?,6,5,0,0.00013781709,4,OOD_Class_3
Will it hail in Rush Valley Denmark on 6/21/2035,2,2,0,0.00012805824,4,OOD_Class_3
I want to hear a top ten soundtrack from 1984 by Shinehead,3,4,1,0.00021780956,4,OOD_Class_3
Can you find Fire Escape in the Sky The Godlike Genius of Scott Walker,5,4,0,0.00013434973,4,OOD_Class_3
book in Southern Shores for 8 at Ariston Cafe,1,1,0,0.0001775835,4,OOD_Class_3
"Book me a reservation for an osteria campanian on Jun. the 7th, 2022",1,1,0,0.00014856644,4,OOD_Class_3
play chant by Nigger Kojak on Itunes,3,4,1,0.001479894,4,OOD_Class_3
Play an ep by Zak Starkey .,3,4,1,0.00028347116,4,OOD_Class_3
put Pause on my Días de Frío playlist,0,0,0,0.00017230958,4,OOD_Class_3
play the track Asleep In The Deep,3,4,1,0.00014134077,4,OOD_Class_3
Play the top-5 songs from Paddy Reilly on zvooq,3,0,1,0.0007995863,4,OOD_Class_3
Put What Color Is Your Sky by Alana Davis on the stereo.,3,0,1,0.00017262352,4,OOD_Class_3
Please shoe me the movie schedule for today.,6,5,0,0.00013250334,4,OOD_Class_3
want to watch the TV show Treeful of Starling,5,4,0,0.00011259316,4,OOD_Class_3
play a john maher track,3,4,1,0.0001479281,4,OOD_Class_3
Can you find me the Spectres television show ?,5,4,0,0.0001284577,4,OOD_Class_3
Add this artist to my feel good dinner playlist,0,0,0,0.00018324364,4,OOD_Class_3
Book a restaurant in San Juan Capistrano for 6 people at ten am,1,1,0,0.00015633283,4,OOD_Class_3
Play music by Deenanath Mangeshkar,3,4,1,0.00025548192,4,OOD_Class_3
put this song on my NTC High Intensity Training Tracks playlist,0,0,0,0.0001753648,4,OOD_Class_3
Play music on my Itunes,3,0,1,0.0010001152,4,OOD_Class_3
What films are there being played at Megaplex Theatres ?,6,5,0,0.00013449334,4,OOD_Class_3
Play an Alla Pougatcheva ballad on Pandora,3,4,1,0.00032719143,4,OOD_Class_3
Add album to Pop Rising,0,0,0,0.00018137293,4,OOD_Class_3
Give me the schedule for animated movies at the nearest cinema,6,5,0,0.00014094813,4,OOD_Class_3
Is it supposed to be chilly in Kuwait ?,2,2,0,0.00012601077,4,OOD_Class_3
Where can I find a photograph of The Lieutenant of Inishmore ?,5,4,0,0.00012657906,4,OOD_Class_3
Add Hallucinations of Despair to my this is trey songz playlist.,0,0,0,0.00018351132,4,OOD_Class_3
Add So Far to my Retrovisor playlist.,0,0,0,0.00017138384,4,OOD_Class_3
Find a reservation within walking distance of pauline's place for a party of 10 at fourteen o'clock at a restaurant that serves aioli,1,1,0,0.00017211722,4,OOD_Class_3
Play music from the sixties,3,4,1,0.00013007187,4,OOD_Class_3
Play some gothic rock .,3,4,1,0.00049443205,4,OOD_Class_3
play Yusef Lateef songs from the fifties,3,4,1,0.00012182553,4,OOD_Class_3
Play The Happy Blues by Ronnie Wood .,3,4,1,0.00020063647,4,OOD_Class_3
Find me the picture The Id,5,4,0,0.00011972695,4,OOD_Class_3
Play some theme songs from the fourties,3,4,1,0.0001205379,4,OOD_Class_3
Add Atticus Ross to the playlist electrosafari,0,0,0,0.00017648094,4,OOD_Class_3
Play Elliot Easton 's album Beautiful,3,4,1,0.00016553255,4,OOD_Class_3
Rate Voyages by Starlight a value of 0,4,3,0,0.00012751594,4,OOD_Class_3
Can you place a reservation for me at Ariston Cafe,1,1,0,0.00020408635,4,OOD_Class_3
"Play me Gil Parris 's A Cup Of Coffee, A Sandwich And You",3,1,1,0.0026126462,4,OOD_Class_3
book a food truck for greek food for 7,1,1,0,0.00019032785,4,OOD_Class_3
Need book a restaurant for this Autumn in Illinois,1,1,0,0.00023469875,4,OOD_Class_3
fimd films around here,6,5,0,0.00012643664,4,OOD_Class_3
Play an Asha Bhosle song from around 1964,3,4,1,0.00021940873,4,OOD_Class_3
I'm looking for the show Pulse 2 Afterlife,5,4,0,0.00012671025,4,OOD_Class_3
Play the latest ep by Joel Hastings on Itunes .,3,4,1,0.0008236256,4,OOD_Class_3
Play Halid 08 by video game pianist on Pandora,3,4,1,0.00026677418,4,OOD_Class_3
What Are the showings for The Natural History of Parking Lots movie house,6,5,0,0.00013631638,4,OOD_Class_3
"find Do You Wanna Touch Me , a song",5,4,0,0.0001620507,4,OOD_Class_3
Play a song from 1950,3,4,1,0.00015658654,4,OOD_Class_3
I'd like to hear Helen Baylor,3,4,1,0.0001499046,4,OOD_Class_3
Will it hail in Villa,2,2,0,0.0001249085,4,OOD_Class_3
I want to hear popular music from Martin Lopez,3,4,1,0.00022867983,4,OOD_Class_3
Add the album to the hot 50 playlist.,0,0,0,0.00017716775,4,OOD_Class_3
Can I see the movie schedules ?,6,5,0,0.00012413904,4,OOD_Class_3
Play One Way Ticket by Ray Kennedy .,3,4,1,0.0003006088,4,OOD_Class_3
Tell me if it'll be freezing here in 21 seconds,2,2,0,0.00015998854,4,OOD_Class_3
Play an album from Nithyasree Mahadevan .,3,4,1,0.0003953793,4,OOD_Class_3
book a restaurant for 4 of us,1,1,0,0.00013864427,4,OOD_Class_3
Play Robin Hood Rescuing Three Squires by Bhupinder Singh,3,4,1,0.00025154502,4,OOD_Class_3
Play me a Cinder Block movement,3,4,1,0.00018038624,4,OOD_Class_3
I want to hear jon sholle 's stuff from 2009 on Groove Shark,3,4,1,0.00052240875,4,OOD_Class_3
Bring up the book Perfume The Story of a Murderer,5,4,0,0.00014189153,4,OOD_Class_3
Play a 2007 track from Adam Jones,3,4,1,0.00027065747,4,OOD_Class_3
what movie is playing at Showcase Cinemas,6,5,0,0.00012293251,4,OOD_Class_3
When is Romance on the Range playing at movie house ?,6,5,0,0.00011900921,4,OOD_Class_3
What will the weather be like here next week ?,2,2,0,0.00013238192,4,OOD_Class_3
I wish to listen to good symphony music by mi lu bing .,3,4,1,0.0002023982,4,OOD_Class_3
Please tell me movie times,6,5,0,0.000115930394,4,OOD_Class_3
Put Jean Philippe Goncalves onto my running to rock 170 to 190 bpm .,0,0,0,0.00018411347,4,OOD_Class_3
Play Yuauea by Rick Ross,3,4,1,0.00016367278,4,OOD_Class_3
Play me a song from the fourties,3,4,1,0.00013845546,4,OOD_Class_3
Play Andy Williams Sings Rodgers And Hammerstein by elica todorova,3,4,1,0.0002226776,4,OOD_Class_3
Rate Cold Light 5 out of 6 points .,4,3,0,0.00010992635,4,OOD_Class_3
Can you rate this novel as a four ?,4,3,0,0.00012492714,4,OOD_Class_3
Can you pull up and play something on Itunes,3,4,1,0.0009926816,4,OOD_Class_3
Make and play a new playlis with the theme songs released in 1968,3,4,1,0.00013698211,4,OOD_Class_3
I need to hear some r&b music off of iheart,3,4,1,0.00022622358,4,OOD_Class_3
play the top-20 Nawang Khechog soundtrack,3,4,1,0.00018993331,4,OOD_Class_3
Add cecil womack to my 50 Great Female Voices playlist.,0,0,0,0.00017374275,4,OOD_Class_3
Is it chilly in Nightmute,2,2,0,0.0001229715,4,OOD_Class_3
Play music from my relentless playlist,3,0,1,0.00021967205,4,OOD_Class_3
Add knocked out loaded to the spring vibes playlist.,0,0,0,0.00017605194,4,OOD_Class_3
add the song to my We Everywhere playlist,0,0,0,0.00017417001,4,OOD_Class_3
Show The Kindness of Women picture,5,4,0,0.00023781467,4,OOD_Class_3
What is the movie schedule for Loews Cineplex Entertainment,6,5,0,0.00012782738,4,OOD_Class_3
Add De Principii Evangelikum to my Domingo Indie palylist,0,0,0,0.00017882432,4,OOD_Class_3
Please play Every Woman In Me,3,4,1,0.00017516188,4,OOD_Class_3
Play a sixties song .,3,4,1,0.00019145926,4,OOD_Class_3
play some Spotify by Danni Bassan,3,0,1,0.0016082637,4,OOD_Class_3
Play Pura Vida .,3,4,1,0.0002382811,4,OOD_Class_3
Rate Fast Food Nation 2 points,4,3,0,0.00011712947,4,OOD_Class_3
What will the weather be like 20 minutes from now in Homestead Meadows in Martinique,2,2,0,0.000117686664,4,OOD_Class_3
show weather forecast close-by MS in 48 and a half weeks,2,2,0,0.00013920468,4,OOD_Class_3
Play the last Jonny Wickersham song,3,4,1,0.00013187093,4,OOD_Class_3
play a top twenty symphony of 2010,3,3,1,0.00225065,4,OOD_Class_3
What movie theatre playing animated movies is the closest,6,5,0,0.0001288374,4,OOD_Class_3
Book the Last Exit on Brooklyn 5 hours from now for one person.,1,1,0,0.00013614024,4,OOD_Class_3
Put li yuchun 's album onto the kickass metal playlist.,0,0,0,0.00017105072,4,OOD_Class_3
can you find me a showing for Before the Music Dies in one second ?,6,5,0,0.00015697475,4,OOD_Class_3
Rate the current essay three of 6 points,4,3,0,0.000117588854,4,OOD_Class_3
Rate the current textbook five of 6,4,3,0,0.00011503315,4,OOD_Class_3
Is Dead Fish playing at the movie house,6,5,0,0.00012352754,4,OOD_Class_3
"Book a reservation for 1 at PM Park, Clear Lake, Iowa in Mongolia in 1 hour",1,1,0,0.00019963022,4,OOD_Class_3
play the album by Paul Barker playing the greatest from 1978,3,4,1,0.00023090573,4,OOD_Class_3
play Netflix ballad by Mike Shinoda that is popular,3,4,1,0.00021688142,4,OOD_Class_3
add the album by Cham to my Cloud Rap playlist,0,0,0,0.00017708642,4,OOD_Class_3
Play the greatest music from Bryan Maclean .,3,4,1,0.0002509124,4,OOD_Class_3
Play a song from 2003,3,4,1,0.00020320812,4,OOD_Class_3
play Innovations by Kokia,3,4,1,0.00039820466,4,OOD_Class_3
play symphony music from the fourties with google music,3,4,1,0.0011970589,4,OOD_Class_3
I am looking for The Complete Fillmore East Concerts,5,4,0,0.00015178553,4,OOD_Class_3
Play Skin & Bone by Jess Stacy on Deezer,3,0,1,0.00053375046,4,OOD_Class_3
Play a song of I Myself And Me on Youtube,3,4,1,0.000321502,4,OOD_Class_3
Play my Trabajo Relax playlist,3,0,1,0.0002026683,4,OOD_Class_3
Give me showtimes for The Tenth Woman at the movie house .,6,5,0,0.00013794842,4,OOD_Class_3
Play my Pandora app,3,4,1,0.0017720088,4,OOD_Class_3
add kurious jorge to my synth pop,0,0,0,0.00018558174,4,OOD_Class_3
"find The Most Important People , a television show",5,4,0,0.000127956,4,OOD_Class_3
Rate The Masks of Time zero of 6 stars,4,3,0,0.00012173686,4,OOD_Class_3
Play the soundtrack that Tom Bellamy contributed to,3,4,1,0.00020121719,4,OOD_Class_3
add the artist Jamie T to hallie's winter music playlist,0,0,0,0.00017553795,4,OOD_Class_3
Play a track by Titiyo,3,4,1,0.00023995292,4,OOD_Class_3
restaurant in Watauga for me and my aunt,1,1,0,0.00015375613,4,OOD_Class_3
book a table in Fleetwood at a nearby deli,1,1,0,0.00015093936,4,OOD_Class_3
Can I get the movie schedules for Megaplex Theatres ?,6,5,0,0.00013060993,4,OOD_Class_3
me and deanna want to book a restaurant in Malawi,1,1,0,0.0001467856,4,OOD_Class_3
I want to hear something by Joe Dolce on Google Music,3,0,1,0.00019367448,4,OOD_Class_3
play pandora,3,4,1,0.00037942184,4,OOD_Class_3
Play Clásicos del Hip Hop Español,3,4,1,0.0022738155,4,OOD_Class_3
Play Music From Van-pires by Dmitry Malikov .,3,4,1,0.00022524499,4,OOD_Class_3
What is the forcast now in Kansas,2,2,0,0.00011406356,4,OOD_Class_3
book a restaurant for four in Burundi,1,1,0,0.00012487656,4,OOD_Class_3
Show movie times at Kerasotes Theatres,6,5,0,0.0001362055,4,OOD_Class_3
Play new Ian Mclagan,3,4,1,0.00022049664,4,OOD_Class_3
what is the Fiji forecast for warm temps,2,2,0,0.00012644421,4,OOD_Class_3
Find Live at Bearsville Theater,5,4,0,0.00015690041,4,OOD_Class_3
Book an osteria that serves blini for 9 people.,1,1,0,0.00018055527,4,OOD_Class_3
open lastfm play top hits of Simon Webbe,3,4,1,0.0003155717,4,OOD_Class_3
Play Magic Sam from the thirties,3,4,1,0.00015980066,4,OOD_Class_3
I want to hear the Jody Williams sound track,3,4,1,0.0001465443,4,OOD_Class_3
"Please look up the TV show , Vanity .",5,4,0,0.00012558242,4,OOD_Class_3
Find a game called Dynamite Warrior .,5,4,0,0.00015075933,4,OOD_Class_3
I need to know what theatre is playing A Happy Coersion,6,5,0,0.00011102943,4,OOD_Class_3
I need seats for five at a place five and a half months from now,1,1,0,0.00014331982,4,OOD_Class_3
Play the song Long Live Love,3,4,1,0.00012571714,4,OOD_Class_3
Play theme music from 2011 .,3,4,1,0.00022603794,4,OOD_Class_3
Play music on Deezer .,3,0,1,0.0021657334,4,OOD_Class_3
Use Google Music to play a song,3,4,1,0.0006665083,4,OOD_Class_3
Find the schedule for nearby animated movies .,6,5,0,0.00013010144,4,OOD_Class_3
Book a restaurant for ten in Germfask .,1,1,0,0.00020156761,4,OOD_Class_3
I'd like for you to add bobby brown to my enamorándose playlist.,0,0,0,0.0001835113,4,OOD_Class_3
What time is The Face in the Moonlight showing?,6,5,0,0.00012059265,4,OOD_Class_3
play melody music from 1988,3,4,1,0.0001541627,4,OOD_Class_3
book a spot for nine in Lavalette Guam,1,1,0,0.00015208215,4,OOD_Class_3
Get me the Trick or Treats soundtrack .,5,4,0,0.00013447236,4,OOD_Class_3
Play some amber kuo from the eighties on Spotify .,3,0,1,0.00022751122,4,OOD_Class_3
give a 1 to A Thousand Lies,4,3,0,0.00011932239,4,OOD_Class_3
What animated movies are playing at IMAX Corporation,6,5,0,0.00013304876,4,OOD_Class_3
What's the weather forecast in Humphrey ?,2,2,0,0.00012363597,4,OOD_Class_3
Play the best music from Klaus Badelt .,3,4,1,0.00020844079,4,OOD_Class_3
add track to Punk Essentials,0,0,0,0.00019382361,4,OOD_Class_3
play the latest Thelma Aoyama,3,4,1,0.00016864034,4,OOD_Class_3
play Iheart,3,4,1,0.00024245122,4,OOD_Class_3
Find the movie schedule .,6,5,0,0.0001123663,4,OOD_Class_3
Rate Real World four out of 6,4,3,0,0.0001131394,4,OOD_Class_3
what animated movie are at the theater in the neighborhood,6,5,0,0.00012401055,4,OOD_Class_3
Book a restaurant on san jacinto day in Anderson for me and my colleagues .,1,1,0,0.000185616,4,OOD_Class_3
Play music which has humour on Youtube .,3,4,1,0.0014611285,4,OOD_Class_3
Find me an album called Rejoicing with the Light,5,4,0,0.0001570702,4,OOD_Class_3
Play a top symphony from the fourties,3,4,1,0.00012242136,4,OOD_Class_3
Play the next ep by Video Game Pianist on netflix,3,4,1,0.00016554237,4,OOD_Class_3
"book on feb. the twenty-sixth, 2026 in Tracyton for two at a cafe",1,1,0,0.00014873722,4,OOD_Class_3
give 5 out of 6 points to Thorn Castle,4,3,0,0.00011391505,4,OOD_Class_3
Play a track from 1959 .,3,4,1,0.00022579497,4,OOD_Class_3
play Robin Trower Unravel,3,4,1,0.00018074331,4,OOD_Class_3
Play fourties soundtrack from Hamish Maccunn,3,4,1,0.00021023974,4,OOD_Class_3
"Book The Crown at Whitebrook in the Solomon Islands for Dec. the twenty-third, 2029 .",1,1,0,0.0001529622,4,OOD_Class_3
Is Black & White The Dawn of Justice playing at the movie theatre ?,6,5,0,0.00013302213,4,OOD_Class_3
Play Listen To The Mocking Bird by Billy Martin on Youtube,3,4,1,0.0010209224,4,OOD_Class_3
Play 2012 symphony music by Nardwuar The Human Serviette on Netflix .,3,4,1,0.0002128383,4,OOD_Class_3
Can I hear a tune from Vladimir Vysotski ?,3,4,1,0.00010788875,4,OOD_Class_3
I need to find a table for 4 at a brasserie that has fondue,1,1,0,0.0001849166,4,OOD_Class_3
can you add xanadu to Latin Alternative Music,0,0,0,0.00018859647,4,OOD_Class_3
Play the music of Tupac Shakur,3,4,1,0.00018922647,4,OOD_Class_3
What's the nearest movie theatre playing Testament of Orpheus ?,6,5,0,0.00012413575,4,OOD_Class_3
Play music from 2012 on Netflix .,3,4,1,0.0002458559,4,OOD_Class_3
Play Nightbirds on Nantucket soundtrack,5,4,0,0.00015628635,4,OOD_Class_3
is it going to be chillier at 10 pm in Texas,2,2,0,0.00012357411,4,OOD_Class_3
play songs from the sixties,3,4,1,0.00013083703,4,OOD_Class_3
find movies at Amco Entertainment starting in 8 seconds from now,6,5,0,0.00012946619,4,OOD_Class_3
book a spot for selma and molly at a steakhouse with saucisse that is close-by McSherrystown,1,1,0,0.00016937067,4,OOD_Class_3
Play a tune by Mc Hawking,3,4,1,0.00017544461,4,OOD_Class_3
"How is the weather in Edesville , MN ?",2,2,0,0.00011273712,4,OOD_Class_3
Play Portsmouth by Paul Smith on Google Music .,3,0,1,0.0002850285,4,OOD_Class_3
I think the Dictionary of New Zealand Biography deserves 2 points,4,3,0,0.0001081674,4,OOD_Class_3
play any sixties song,3,4,1,0.00015611867,4,OOD_Class_3
Play Oliver Cheatham 's symphony from the thirties .,3,4,1,0.00013897628,4,OOD_Class_3
I need a reservation for Red Square on aug. the 9th,1,1,0,0.00013394344,4,OOD_Class_3
Where can I locate the game Legion of Mary The Jerry Garcia Collection,5,4,0,0.00012807816,4,OOD_Class_3
I give this current novel zero stars and a best rating of 6,4,3,0,0.00011520182,4,OOD_Class_3
add this song to my southern gothic playlist,0,0,0,0.00017298454,4,OOD_Class_3
To johnnie's funtime activity playlist add the name The Best of Guitar Shorty,0,0,0,0.00018404875,4,OOD_Class_3
Rate the current saga four stars out of 6,4,3,0,0.00011627551,4,OOD_Class_3
find Jono and Ben,5,5,0,0.00044309025,4,OOD_Class_3
play Zvooq,3,4,1,0.000291198,4,OOD_Class_3
Is it supposed to snow in NV,2,2,0,0.00011803015,4,OOD_Class_3
play In The Arms Of God on Zvooq by Nimal Mendis,3,4,1,0.00012642886,4,OOD_Class_3
Play music from the album Evolution Of A Man by Joey Ramone,3,4,1,0.00015506468,4,OOD_Class_3
play the song Shine A Light,3,4,1,0.00014510767,4,OOD_Class_3
movie schedule of films around here,6,5,0,0.00012269204,4,OOD_Class_3
Please find me the nearest cinema playing Foreign Intrigue .,6,5,0,0.00012113913,4,OOD_Class_3
Can I get the movie schedules for Marcus Corporation .,6,5,0,0.00013462247,4,OOD_Class_3
Play Giovanni Battista Guadagnini 's 1982 tracks .,3,4,1,0.0001729543,4,OOD_Class_3
They Knew Mr. Knight should get out of 6 a rating of two,4,3,0,0.00011684475,4,OOD_Class_3
"show cold weather forecast in five hours and 1 minute in Hokendauqua , Mongolia",2,2,0,0.00012333138,4,OOD_Class_3
"Play Alone, Again from Mike Viola",3,4,1,0.000291132,4,OOD_Class_3
Add this lbc crew tune to my Rock Argentino Vol I playlist,0,0,0,0.000176309,4,OOD_Class_3
Will it be warmer in AMnicon Falls State Park ?,2,2,0,0.00012249257,4,OOD_Class_3
Give the current chronicle 2 stars .,4,3,0,0.00010753752,4,OOD_Class_3
Play music from the artist Taktloss from the record in the thirties,3,4,1,0.00013738724,4,OOD_Class_3
Play Soldier Boy from Melody Gardot,3,4,1,0.00020024722,4,OOD_Class_3
Play my New Indie Mix on Google Music .,3,0,1,0.00022503673,4,OOD_Class_3
I give the following album two out of 6 stars .,4,3,0,0.00011542702,4,OOD_Class_3
Add Tony McGuinness to my playlist I Love My 90s Hip Hop,0,0,0,0.00016353682,4,OOD_Class_3
book a spot that is faraway from the Municipal Borough of Farnworth in 16 minutes,1,1,0,0.00023035398,4,OOD_Class_3
play 1988 chant music on Itunes,3,4,1,0.0015181054,4,OOD_Class_3
Play artist stu davis from the album Dub Chamber 3 on Netflix,3,4,1,0.0002782985,4,OOD_Class_3
Give this saga a 5 out of 6 rating.,4,3,0,0.00011565264,4,OOD_Class_3
Put this tune on dancePOP,0,0,0,0.00018066396,4,OOD_Class_3
play some papoose from 2003 on youtube,3,0,1,0.0012660575,4,OOD_Class_3
Play a top twenty sort by Akinyele .,3,4,1,0.0012392688,4,OOD_Class_3
rate the current essay a three,4,3,0,0.00011984893,4,OOD_Class_3
rate the Beyond Black saga a one,4,3,0,0.00012395509,4,OOD_Class_3
Is it humid in Otsego Réunion,2,2,0,0.00011350854,4,OOD_Class_3
patty and I need a table booked at a highly rated restaurant in Sandstone .,1,1,0,0.00013945106,4,OOD_Class_3
find the video game The Sims 3 Generations,5,4,0,0.0001623726,4,OOD_Class_3
What is the weather like in Midfield Iowa today,2,2,0,0.000121244855,4,OOD_Class_3
can i get the showtimes for films in the neighbourhood,6,5,0,0.00013048176,4,OOD_Class_3
Play opera music on google music,3,0,1,0.0004867018,4,OOD_Class_3
What kind of weather will be in VA 12 years from now ?,2,2,0,0.0001291893,4,OOD_Class_3
I want to listen to Born On The Bayou on Iheart,3,4,1,0.00045317062,4,OOD_Class_3
Play playlist riveting,3,0,1,0.00021392739,4,OOD_Class_3
I would like a cafeteria at 104151 am for seven,1,1,0,0.00014303393,4,OOD_Class_3
"find The Ultimate Gift , a television show",5,4,0,0.00013567829,4,OOD_Class_3
rate The Other Wind 2 of 6,4,3,0,0.00011637901,4,OOD_Class_3
Play some Geir Jenssen .,3,4,1,0.00022204264,4,OOD_Class_3
Which movies are playing at the closest cinema ?,6,5,0,0.00013331724,4,OOD_Class_3
Book reservation in Gasconade at the best restaurant in DC,1,1,0,0.00014527346,4,OOD_Class_3
"I need a reservation for Arcadian Court on June the fifth, 2035",1,1,0,0.0001803745,4,OOD_Class_3
Play rie fu music sorted by the best .,3,4,1,0.00037062293,4,OOD_Class_3
Play some Rachel Stevens off of Itunes,3,4,1,0.0014784342,4,OOD_Class_3
rate this essay 5 of 6,4,3,0,0.00011770379,4,OOD_Class_3
play a tune by Syreeta Wright from twenties from the top,3,4,1,0.00048266567,4,OOD_Class_3
Play a movement fromthe eighties by Nobuo Uematsu .,3,4,1,0.00023716087,4,OOD_Class_3
Will it be warmer in Flag ?,2,2,0,0.0001229125,4,OOD_Class_3
Add One Good Reason to the bachelor party playlist,0,0,0,0.00016839923,4,OOD_Class_3
Will it be cloudy by five PM in Gobler Jersey,2,2,0,0.00012136254,4,OOD_Class_3
Play me the last 1980 record by Brenda Kahn,3,4,1,0.00022249961,4,OOD_Class_3
Use Groove Shark to play Krizz Kaliko,3,4,1,0.0024110381,4,OOD_Class_3
add farruko presenta los menores to my amor amor playlist,0,0,0,0.00017579355,4,OOD_Class_3
I would like to find a cafe that serves grilled meat close by in Tunisia and need a table for 2 one second from now .,1,1,0,0.00013945701,4,OOD_Class_3
play caitlin cary from the fourties,3,4,1,0.0001435629,4,OOD_Class_3
play an album on Netflix by chris castle from 2011,3,4,1,0.0002332714,4,OOD_Class_3
Play a Wendy Carlos song from 2002,3,4,1,0.00018958552,4,OOD_Class_3
find the game Selling Blue Elephants,5,4,0,0.00013394706,4,OOD_Class_3
I want to play the game Guitar Heaven ... The Greatest Guitar Classics of All Time,5,4,0,0.00012757818,4,OOD_Class_3
What Can I watch watch the television show Catch,5,4,0,9.854592e-05,4,OOD_Class_3
Play some Robbie Merrill .,3,4,1,0.0004177591,4,OOD_Class_3
add sweets edison to relaxing playlist,0,0,0,0.00017425294,4,OOD_Class_3
Play a soundtrack by musical artist Jimmy James,3,4,1,0.00017047286,4,OOD_Class_3
Can you play an ep by Tatjana Iwanowna Bulanowa,3,4,1,0.00024580993,4,OOD_Class_3
Please book a table for four at a restaurant in TN,1,1,0,0.00014458768,4,OOD_Class_3
I'd like to watch Abbott and Costello Meet Captain Kidd at the nearest cinema,6,5,0,0.00014244438,4,OOD_Class_3
Book a restaurant for a party of 7 in Paraguay on Saturday,1,1,0,0.00015466042,4,OOD_Class_3
add how to my week end playlist,0,0,0,0.00017665394,4,OOD_Class_3
how's the weather in Brookdale Zimbabwe,2,2,0,0.00011688485,4,OOD_Class_3
Play me some chant from the last half of the sixties,3,4,1,0.00014793675,4,OOD_Class_3
Is it going to be warmer 165 days from now at Nairobi National Park,2,2,0,0.00012363386,4,OOD_Class_3
I want to listen to the song The Loving Spirit,5,4,0,0.00011855837,4,OOD_Class_3
Play some 1970 Antero Manninen on zvooq .,3,0,1,0.0011910007,4,OOD_Class_3
Give this album 0 stars,4,3,0,0.00011525834,4,OOD_Class_3
Play the most popular sound track from the 2006,3,4,1,0.00023273511,4,OOD_Class_3
Play a song off The Best Of Siouxsie & The Banshees by Faustino Oramas,3,4,1,0.00018584136,4,OOD_Class_3
Open Groove Shark and play sound track from Dj Cameo,3,4,1,0.00042958232,4,OOD_Class_3
Play a symphony from 2013 .,3,4,1,0.00021525277,4,OOD_Class_3
Play Magic Time by Phoebus,3,4,1,0.00023361524,4,OOD_Class_3
Play music from 2016 .,3,4,1,0.00026866782,4,OOD_Class_3
I have six people who would like to eat at a cafe that serves american chinese cuisine in TX .,1,1,0,0.00016391634,4,OOD_Class_3
Play the latest ballad by September,3,4,1,0.00023508075,4,OOD_Class_3
I want to hear a full album on youtube by Jem Godfrey,3,4,1,0.00033819815,4,OOD_Class_3
play Mohammed Abdu from top 20,3,0,1,0.0015221285,4,OOD_Class_3
Tell me where I can watch Common Law Cabin,6,5,0,0.0001351355,4,OOD_Class_3
Can you play a chant by Butch Trucks on Spotify,3,0,1,0.0016460204,4,OOD_Class_3
I want to hear a soundtrack by dj ozma from the sixties .,3,4,1,0.0001503096,4,OOD_Class_3
play Signe Anderson chant music that is newest,3,4,1,0.0003544859,4,OOD_Class_3
book for 2 at a cafe for burgers in Gasport,1,1,0,0.00015346204,4,OOD_Class_3
what movies are playing in the area ?,6,5,0,0.00012414005,4,OOD_Class_3
Find the schedule for Across the Line at the closest movie house .,6,5,0,0.0001360793,4,OOD_Class_3
Find a video game called No Parking on the Dance Floor .,5,4,0,0.00020763946,4,OOD_Class_3
Please get seating for me and my children,1,1,0,0.00030767522,4,OOD_Class_3
Find a table for five at Harveys in De Berry ID on April the 10th,1,1,0,0.00016944887,4,OOD_Class_3
Play Always Pop Punk .,3,4,1,0.0007764199,4,OOD_Class_3
I need a reservation in Steele City,1,1,0,0.00029698192,4,OOD_Class_3
Show films at the nearest cinema,6,5,0,0.00013849062,4,OOD_Class_3
add décadas to my list Neo da Matrix,0,0,0,0.00018531033,4,OOD_Class_3
I want to hear something from Post-punk Revival,3,4,1,0.00044732285,4,OOD_Class_3
Plays some akb48 on Youtube,3,4,1,0.001054926,4,OOD_Class_3
Book a reservation for an osteria restaurant for 4 people on november 4,1,1,0,0.00014165323,4,OOD_Class_3
Rate The Watsons four of 6 stars,4,3,0,0.00011787594,4,OOD_Class_3
play music from the twenties,3,4,1,0.0001567384,4,OOD_Class_3
Add radhae unakku kobam aagathadi to my Women of Metal playlist,0,0,0,0.00017952191,4,OOD_Class_3
Add silver apples to teh sin estrés playlist.,0,0,0,0.00018252773,4,OOD_Class_3
Play the best Bruce Ruffin music on Youtube .,3,0,1,0.0017442451,4,OOD_Class_3
"Please reserve a table at the food truck in Wheeler for december 4th, 2019",1,1,0,0.00017938053,4,OOD_Class_3
Could you find the TV series The Approach,5,4,0,0.00012498263,4,OOD_Class_3
Can you get me the Rakuen Tsuihou Expelled from Paradise television show ?,5,4,0,0.00013713911,4,OOD_Class_3
Give the saga called The Bridges of Madison County four of 6 stars .,4,3,0,0.000117646334,4,OOD_Class_3
Put gregory douglass in Halloween Teens please,0,0,0,0.00015482721,4,OOD_Class_3
Play the best music by Arthur Johnston .,3,4,1,0.00015889751,4,OOD_Class_3
"Can you play something from the fourties , preferably a symphony ?",3,4,1,0.00014479118,4,OOD_Class_3
When can I watch Alice A True Story at AMC Theatres ?,6,5,0,0.00012957025,4,OOD_Class_3
I want to hear some theme music by Edsel Dope,3,4,1,0.00013712596,4,OOD_Class_3
I'd like to play the top ten Mickdeth on Google Music,3,0,1,0.00034683594,4,OOD_Class_3
Play Punk Rock music,3,4,1,0.00033514242,4,OOD_Class_3
Play music from Art Porter Junior movie sound track using Vimeo,3,4,1,0.0012914311,4,OOD_Class_3
Find me Recorder and Randsell,5,4,0,0.00010169312,4,OOD_Class_3
Play some good movement music by Brian Littrell from around 2001,3,4,1,0.00022822883,4,OOD_Class_3
Play Regulate…g Funk Era by artist Iouri Bachmet on groove shark,3,0,1,0.0004089219,4,OOD_Class_3
I want to hear a Silvia Night ep from the sixties,3,4,1,0.00027910093,4,OOD_Class_3
Play the latest songs by Larry Gatlin on Iheart,3,4,1,0.0015737333,4,OOD_Class_3
play an Masaki Aiba tune,3,4,1,0.00031157187,4,OOD_Class_3
Find a show called Last Night On Earth .,5,4,0,0.00012732756,4,OOD_Class_3
Play the album Killer Instinkt,3,4,1,0.00015523036,4,OOD_Class_3
Play some Dj Qbert .,3,4,1,0.0028363315,4,OOD_Class_3
Play the concert from Philip Oakey 1973 concert on Netflix,3,4,1,0.00014530003,4,OOD_Class_3
give three stars out of 6 in current essay,4,3,0,0.00011862648,4,OOD_Class_3
Play music on Itunes,3,4,1,0.0014135063,4,OOD_Class_3
Play Salmonella Dub Dvd by mario rubalcaba on Vimeo,3,4,1,0.0008374411,4,OOD_Class_3
play the last song from the thirties by Airto Moreira,3,4,1,0.00012827653,4,OOD_Class_3
The current textbook gets a 2 rating.,4,3,0,0.000118394615,4,OOD_Class_3
I need a table booking for a highly rated sardinian pub .,1,1,0,0.0001488896,4,OOD_Class_3
I'd like to find the soundtrack Tianjin Today Evening News,5,4,0,0.00011879151,4,OOD_Class_3
Is fog forecast close-by to Pakistan ?,2,2,0,0.00012706278,4,OOD_Class_3
Play funtime activity,3,4,1,0.00018997793,4,OOD_Class_3
Play a top-50 tune from 1982 .,3,4,1,0.0002786682,4,OOD_Class_3
Open Vimeo and paly every song released in 1986,3,4,1,0.00014854931,4,OOD_Class_3
play a symphony that is good from 2000,3,4,1,0.00015413048,4,OOD_Class_3
Please play the newest music by Evil Jared Hasselhoff,3,4,1,0.00025994185,4,OOD_Class_3
what movies are playing in the neighborhood,6,5,0,0.00012634124,4,OOD_Class_3
I need a weather forecast for Laos at one am,2,2,0,0.00012880779,4,OOD_Class_3
I want to watch the TV show Official Detective,5,4,0,0.000106080755,4,OOD_Class_3
I want 4813 added to my Rhythm and Blues playlist,0,0,0,0.00016897604,4,OOD_Class_3
find films in 12 hours at the nearest movie theatre,6,5,0,0.00015121326,4,OOD_Class_3
What's the weather now in Salmon Lake State Park,2,2,0,0.00011913179,4,OOD_Class_3
Give Northern Lights Audio 5 / 6 points,4,3,0,0.00011095101,4,OOD_Class_3
"hannah lewis and chelsea want to go to a cafe in Botswana on Apr. the seventeenth, 2024",1,1,0,0.00017096204,4,OOD_Class_3
Play Goldie Hill 's record on Google Music .,3,0,1,0.00022981915,4,OOD_Class_3
add cross bones style to Guest List TaKe,0,0,0,0.00017468205,4,OOD_Class_3
Play Bob Hilliard top-twenty music,3,4,1,0.00035049653,4,OOD_Class_3
Live In L.a Joseph Meyer please,3,4,1,0.00014985882,4,OOD_Class_3
please put this track onto letha's signed xoxo playlist,0,0,0,0.0001773457,4,OOD_Class_3
What is the films with movie times in the area,6,5,0,0.00013862748,4,OOD_Class_3
Play music using Last Fm,3,4,1,0.002271176,4,OOD_Class_3
Play music from 1960,3,4,1,0.00013485279,4,OOD_Class_3
Play a melody from Elmer Bernstein,3,4,1,0.0001308606,4,OOD_Class_3
Search for Big Ideas painting,5,4,0,0.00013124173,4,OOD_Class_3
Show the Innocent When You Dream saga,5,4,0,0.00020765724,4,OOD_Class_3
Play Llegando a Casa playlist,3,0,1,0.0001849274,4,OOD_Class_3
What is the forecast at four AM in Zambia,2,2,0,0.00013103125,4,OOD_Class_3
Rate current book 0,4,3,0,0.00011937898,4,OOD_Class_3
is it going to be hot here in 8 years,2,2,0,0.0001353205,4,OOD_Class_3
Play some chant music by Kevin Jonas on deezer .,3,0,1,0.0011564515,4,OOD_Class_3
book a delicatessen that is indoor for 3,1,1,0,0.00015725718,4,OOD_Class_3
Can you find me the work titled Music for Millions ?,5,4,0,0.00013726958,4,OOD_Class_3
what time can i see Girls to Marry,6,5,0,0.0001267715,4,OOD_Class_3
is it going to be cold in Readstown at 4 AM,2,2,0,0.00011959786,4,OOD_Class_3
I would give Feast of the Innocents a value of 1,4,3,0,0.00011380339,4,OOD_Class_3
Play Seaside by Don Cherry .,3,4,1,0.00019976043,4,OOD_Class_3
Can i get the showtimes for films at Dickinson Theatres ?,6,5,0,0.0001398504,4,OOD_Class_3
Is there going to be any cloud cover today at McCracken in AZ ?,2,2,0,0.00015214508,4,OOD_Class_3
Play some 2011 music by Dan Healy .,3,4,1,0.0002167004,4,OOD_Class_3
Play some seventies music on Netflix .,3,4,1,0.00029432913,4,OOD_Class_3
Play a Scott Lafaro soundtrack,3,4,1,0.00016012402,4,OOD_Class_3
add this artist to cynthia's fresh finds,0,0,0,0.00018423056,4,OOD_Class_3
What's the weather forecast for tomorrow around Sankertown ?,2,2,0,0.00012843555,4,OOD_Class_3
Play me a Jill Scott sound track on deezer,3,4,1,0.00040271107,4,OOD_Class_3
What is the movie schedule at MJR Theatres ?,6,5,0,0.00012972133,4,OOD_Class_3
play Say A Word by La India,3,4,1,0.0003009146,4,OOD_Class_3
play a song by Ramesh Narayan from 1960,3,4,1,0.0002486231,4,OOD_Class_3
Play track Ai Se Eu Te Pego on google music from artist Maestro,3,0,1,0.00033847222,4,OOD_Class_3
Grab a table at a restaurant in Minnesota that serves ice cream cake,1,1,0,0.00013229685,4,OOD_Class_3
Please give me the weather for Federated States Of Micronesia .,2,2,0,0.00015484258,4,OOD_Class_3
Play the top of emil de cou,3,4,1,0.00018449289,4,OOD_Class_3
Book a reservation for seven people at a bar in Kentucky,1,1,0,0.00014600989,4,OOD_Class_3
How will the weather be at 9 am in Anguilla ?,2,2,0,0.0001194233,4,OOD_Class_3
Play While The Gate Is Open .,3,4,1,0.00034831342,4,OOD_Class_3
Plya a tune by Kancherla Gopanna from 1951 on Zvooq,3,4,1,0.0006216047,4,OOD_Class_3
Find movie times .,6,5,0,0.00012365318,4,OOD_Class_3
What's the weather forecast for Sequoyah National Wildlife Refuge,2,2,0,0.00013077672,4,OOD_Class_3
Show me the closest movie house playing animated movies please.,6,5,0,0.00013383829,4,OOD_Class_3
Add Magnifico to michele's playlist called 88 keys .,0,0,0,0.00017459557,4,OOD_Class_3
this textbook only gets two out of 6 stars,4,3,0,0.00012658518,4,OOD_Class_3
play some Alte Kameraden music,3,4,1,0.00023443927,4,OOD_Class_3
Play While We Were Waiting by Sippie Wallace on Vimeo,3,0,1,0.0006280206,4,OOD_Class_3
need a table for nine in East Prairie LA,1,1,0,0.00015740465,4,OOD_Class_3
Play music by Keren Woodward,3,4,1,0.0002781801,4,OOD_Class_3
Play something from 2004 by Imogen Heap on spotify,3,0,1,0.00092528056,4,OOD_Class_3
Reservea  table for five people on september second in Gabon .,1,1,0,0.00016029303,4,OOD_Class_3
Please play me a popular track from 1984 .,3,4,1,0.00032527358,4,OOD_Class_3
Play music by Sha Money Xl sort by good .,3,4,1,0.0006759102,4,OOD_Class_3
Is it going to be warmer in 2 years and a half in Deweese ?,2,2,0,0.00012345321,4,OOD_Class_3
add this Roy Orbison song onto Women of Comedy,0,0,0,0.00017264349,4,OOD_Class_3
I'd like to book a table at a restaurant for a group of 4,1,1,0,0.00013973277,4,OOD_Class_3
Play tribal,3,4,1,0.00018216042,4,OOD_Class_3
Add artist Matt Noveskey to journey,0,0,0,0.00017864998,4,OOD_Class_3
Find The Coffin .,5,4,0,0.00037048216,4,OOD_Class_3
Can you play me some eighties music by Adele,3,4,1,0.00014376201,4,OOD_Class_3
Play The Cross And The Crucible by Angela Au Man Sze on Google Music,3,0,1,0.00030048745,4,OOD_Class_3
Play the top music from The Railway Children off Last Fm .,3,4,1,0.00020929413,4,OOD_Class_3
I want to hear a top-50 track from Takahito Eguchi on Google Music,3,0,1,0.00027590597,4,OOD_Class_3
Play some indie music on spotify .,3,0,1,0.0003159511,4,OOD_Class_3
Play 1993 theme music,3,4,1,0.00014497727,4,OOD_Class_3
Please play the most popular ep from 1998 by Mc Frontalot,3,4,1,0.00034864267,4,OOD_Class_3
Tell me the weather for Sewickley at twelve am,2,2,0,0.0001252142,4,OOD_Class_3
Play the most popular twenties record from Leland Sklar,3,4,1,0.0003087828,4,OOD_Class_3
Add an album by Liza Oumarova to the Steampunk playlist.,0,0,0,0.00017969897,4,OOD_Class_3
Is The Belles of St. Clements playing at Star Theatres in 8 minutes ?,6,5,0,0.00013201471,4,OOD_Class_3
give the current series 3 points,4,3,0,0.000116502764,4,OOD_Class_3
Play Henrie Mutuku album from 1957,3,4,1,0.00019109028,4,OOD_Class_3
add this album to my de camino a clase playlist,0,0,0,0.00018306536,4,OOD_Class_3
Book a reservation for nine at an outdoor restaurant,1,1,0,0.00015588023,4,OOD_Class_3
play Miguelito top charting album,3,4,1,0.00021903477,4,OOD_Class_3
I need a cambodian brasserie restaurant that is top-rated,1,1,0,0.00014586338,4,OOD_Class_3
Play top 20 from frank farian,3,4,1,0.0019404244,4,OOD_Class_3
Add another album to my keep calm playlist.,0,0,0,0.00016905912,4,OOD_Class_3
Use the service Zvooq to play merengue music,3,4,1,0.0013561413,4,OOD_Class_3
book for sherry and concepcion in Nunam Iqua at the best restaurant,1,1,0,0.0001499885,4,OOD_Class_3
I want to go see The Trouble with Girls,6,4,0,0.0008773481,4,OOD_Class_3
I want to listen to seventies music.,3,4,1,0.00032394403,4,OOD_Class_3
"book a restaurant for me, angela and mercedes in Cimarron City , Colorado",1,1,0,0.00016010828,4,OOD_Class_3
I want to watch the television show Symphony for Solo Piano,5,4,0,0.000106388274,4,OOD_Class_3
I want to listen to some Aaliyah,3,4,1,0.00021198833,4,OOD_Class_3
play Dick Marx,3,4,1,0.00013485977,4,OOD_Class_3
Show Famous Classic Tales television show,5,4,0,0.00010618387,4,OOD_Class_3
Book a restaurant that serves scampi for 10 people.,1,1,0,0.00016272228,4,OOD_Class_3
I want to hear a good album from Toni Cottura .,3,4,1,0.00034828458,4,OOD_Class_3
Book a table for 6 at a top-rated restaurant in North AMityville MA that serves south tyrolean food,1,1,0,0.00016200141,4,OOD_Class_3
play music from 1950,3,4,1,0.00012606072,4,OOD_Class_3
what films are showing in the neighborhood,6,5,0,0.00012720257,4,OOD_Class_3
Play the track titled Faget,3,4,1,0.00021779185,4,OOD_Class_3
Play music from 2005 by Justin Broadrick,3,4,1,0.00020162114,4,OOD_Class_3
Play me some Goa,3,4,1,0.00019273699,4,OOD_Class_3
Can you find the show The Dumping Ground Survival Files,5,4,0,0.0001057661,4,OOD_Class_3
Rate The Art of Nijinsky 5 points,4,3,0,0.000120083765,4,OOD_Class_3
What's the weather in the Marshall Islands in sixteen hours,2,2,0,0.00012012487,4,OOD_Class_3
Will there be a snowstorm in NC 6 years from now,2,2,0,0.00013968542,4,OOD_Class_3
I need a reservation for my teens and I six months from now in Tennessee,1,1,0,0.00014550307,4,OOD_Class_3
add go to The MetalSucks Playlist,0,0,0,0.00016758023,4,OOD_Class_3
I'm looking for a table of eight at The Alley .,1,1,0,0.00015801872,4,OOD_Class_3
Add this tune to the Spinnin' Records Top 100 list,0,0,0,0.00016806007,4,OOD_Class_3
Play Zvooq,3,4,1,0.000291198,4,OOD_Class_3
put this tune by ross the boss onto nação reggae,0,0,0,0.00018022466,4,OOD_Class_3
Can you play a 1967 soundtrack on Slacker,3,4,1,0.00015950513,4,OOD_Class_3
Add artist hex hector to my old school death metal playlist,0,0,0,0.00017485363,4,OOD_Class_3
Can I hear a Da Brat ep ?,3,4,1,0.00017401075,4,OOD_Class_3
play Top 100 Indie Tracks on Spotify on Lastfm,3,0,1,0.00019428409,4,OOD_Class_3
Play anything from Hiromitsu Agatsuma off iHeart .,3,4,1,0.0011736756,4,OOD_Class_3
I want to hear the newest music from The Railway Children,3,4,1,0.00045588534,4,OOD_Class_3
Show me the song The Incredible Hulk Returns,5,4,0,0.00010072331,4,OOD_Class_3
play a sixties song by George Sanger,3,4,1,0.0002179172,4,OOD_Class_3
what is the weather forecast for Latvia Strasburg,2,2,0,0.00012570518,4,OOD_Class_3
Show me the animated movies starting at 105618 a.m. at the nearest movie house,6,5,0,0.00015180558,4,OOD_Class_3
book a table for nine PM at a pub in MA,1,1,0,0.00013891762,4,OOD_Class_3
Please tune into Chieko Ochi 's good music,3,0,1,0.0012955803,4,OOD_Class_3
rate the book Dreams of the Raven 5 stars,4,3,0,0.0001246842,4,OOD_Class_3
Play me a song by Michael Diamond,3,4,1,0.00024747843,4,OOD_Class_3
Play music by Don Cherry .,3,4,1,0.0002484384,4,OOD_Class_3
Play music on Itunes .,3,0,1,0.0024927766,4,OOD_Class_3
Find Stays in Mexico .,5,4,0,0.0005286368,4,OOD_Class_3
Play some Rockwell from around 1996,3,4,1,0.0002111953,4,OOD_Class_3
Play a Paul Davis melody,3,4,1,0.00023909366,4,OOD_Class_3
Will it be rainy at Sunrise in Ramey Saudi Arabia ?,2,2,0,0.0001214221,4,OOD_Class_3
find Some of My Best Friends Are...The Piano Players,5,4,0,0.00017231161,4,OOD_Class_3
I need a reservation for a brasserie place for a party of two,1,1,0,0.00016224741,4,OOD_Class_3
I want to hear symphony songs from Rebecca Cartwright on Last Fm,3,0,1,0.0003869669,4,OOD_Class_3
Play the best songs of 2016,3,4,1,0.00027962998,4,OOD_Class_3
Show me movie times,6,5,0,0.00011937822,4,OOD_Class_3
Play Crossroad Blues .,3,4,1,0.00025660105,4,OOD_Class_3
find the trailer for Hit the Ice,5,4,0,0.00015706729,4,OOD_Class_3
I need another artist in the romántica playlist.,0,0,0,0.00016988389,4,OOD_Class_3
Book a table for January the twentieth at a place far from your daughter's campus,1,1,0,0.00016043517,4,OOD_Class_3
Play satire,3,4,1,0.00014884162,4,OOD_Class_3
Add bilal to winter,0,0,0,0.00016425079,4,OOD_Class_3
Play music by Raheem Devaughn .,3,4,1,0.00030763441,4,OOD_Class_3
For my playlist chill add the name Cater Fe She,0,0,0,0.00017622305,4,OOD_Class_3
Check the weather for Faroe Islands .,2,2,0,0.0001405712,4,OOD_Class_3
Get me a Johnny Cool photograph,5,4,0,0.0001345977,4,OOD_Class_3
Weather for this Winter here,2,2,0,0.00010559301,4,OOD_Class_3
Start up my Independent Music Monday playlist.,3,0,1,0.00019639565,4,OOD_Class_3
Play something off Rage Radio,3,4,1,0.00054043886,4,OOD_Class_3
What is the movie schedule,6,5,0,0.00011159884,4,OOD_Class_3
Play playlist funtime,3,0,1,0.00021644449,4,OOD_Class_3
Add ricky nelson to my Classical X playist,0,0,0,0.00017205422,4,OOD_Class_3
play Ngola Ritmos top-ten songs,3,4,1,0.0016958995,4,OOD_Class_3
What's the weather in Wisconsin on National Maritime Day,2,2,0,0.00012035992,4,OOD_Class_3
Play a twenties tune by Jodie Aysha .,3,4,1,0.0003510019,4,OOD_Class_3
I want to see the television show called Cuts Both Ways,5,4,0,0.00011525868,4,OOD_Class_3
Where can I buy a hardcover copy of the book The Intangibles of Leadership ?,5,4,0,0.00018523066,4,OOD_Class_3
Play music by blowfly from the seventies,3,4,1,0.00017948485,4,OOD_Class_3
When is The Blood of Others playing?,6,5,0,0.00031796718,4,OOD_Class_3
What are the movie times for Megaplex Theatres,6,5,0,0.00013661207,4,OOD_Class_3
Find The Photographic Journal .,5,4,0,0.000164663,4,OOD_Class_3
Will it be hot at 1319 in De Funiak Springs Serbia and Montenegro ?,2,2,0,0.00011711012,4,OOD_Class_3
Can you pull up a track on Zvooq by Graham Mcpherson,3,4,1,0.00025261365,4,OOD_Class_3
I want to hear Steven Harwell from the thirties,3,4,1,0.00011442832,4,OOD_Class_3
Show me Tears On My Pillow .,5,4,0,0.00013564024,4,OOD_Class_3
I'd like to hear chant songs from nineties,3,4,1,0.000105556755,4,OOD_Class_3
Is it cloudy in Tingley ?,2,2,0,0.000120417535,4,OOD_Class_3
Play something off my New Boots playlist,3,0,1,0.00019888105,4,OOD_Class_3
Please open pandora for me,3,4,1,0.00034228314,4,OOD_Class_3
Book a brasserie type restaurant that serves pizzas in AMerican Samoa,1,1,0,0.00016936392,4,OOD_Class_3
"Is there an expected blizzard in Brook , Tennessee today ?",2,2,0,0.0001230921,4,OOD_Class_3
Would like to find the trailer for An Experiment with Time,5,4,0,0.00014900381,4,OOD_Class_3
Add a tune by alex gaudino to my The New Waltz playlist.,0,0,0,0.00018128492,4,OOD_Class_3
Is the films 19 hours from now playing at Landmark Theatres,6,5,0,0.00013423192,4,OOD_Class_3
Rate Through Distant Worlds and Times 5 of 6 points,4,3,0,0.00011182156,4,OOD_Class_3
Give 3 / 6 stars to Doctor in the House,4,3,0,0.000110896726,4,OOD_Class_3
rate this textbook two of 6 stars,4,3,0,0.00012215337,4,OOD_Class_3
I want to hear something eclectic,3,4,1,0.00013914546,4,OOD_Class_3
Add r u still in 2 it to the under the surface playlist,0,0,0,0.00017777017,4,OOD_Class_3
play the last Chris Douglas on Slacker,3,0,1,0.001814186,4,OOD_Class_3
what is the weather forecast for Kinbrae,2,2,0,0.00012900092,4,OOD_Class_3
play fourties chant music on Last Fm,3,4,1,0.0015996894,4,OOD_Class_3
Play me a Frank Farian ep,3,4,1,0.00023092283,4,OOD_Class_3
Play the Late Night Jazz soundtrack on Zvooq .,3,4,1,0.0002942863,4,OOD_Class_3
play the last Rocko music with deezer,3,4,1,0.0001469562,4,OOD_Class_3
Play Dave Mason 's soundtrack on Last Fm .,3,4,1,0.0001932281,4,OOD_Class_3
Folk and Fairy Tales gets 1 out of 6 points,4,3,0,0.00012952351,4,OOD_Class_3
Will it be chillier in La Mesa ?,2,2,0,0.00013007471,4,OOD_Class_3
what is the forecast in North Carolina,2,2,0,0.00012893704,4,OOD_Class_3
Book a spot for one at a fish restaurant,1,1,0,0.00015512048,4,OOD_Class_3
What's the weather supposed to be like in Elmer City,2,2,0,0.00012724807,4,OOD_Class_3
Play concerto from 1951,3,4,1,0.00013561817,4,OOD_Class_3
I would like to book a restaurant for two in 42 weeks from now in Wagram,1,1,0,0.00015303258,4,OOD_Class_3
Play music from Carina Round,3,4,1,0.00021309382,4,OOD_Class_3
I need a reservation for ten at a tavern in West Virginia,1,1,0,0.00013973225,4,OOD_Class_3
Add what child is this to Dark Dance Floors,0,0,0,0.00017391301,4,OOD_Class_3
Where is Nichiren to Mōko Daishūrai playing,6,5,0,0.00014813662,4,OOD_Class_3
Play some music from the last album of 1988 on Lastfm,3,4,1,0.00020358013,4,OOD_Class_3
Play Leanne Dobinson Right To Dream,3,4,1,0.00032510658,4,OOD_Class_3
I want to find a book called Cash-Cash,5,4,0,0.00015119546,4,OOD_Class_3
use Lastfm to play Attack Of The Planet Smashers,3,4,1,0.0002836139,4,OOD_Class_3
Give this chronicle 4 stars,4,3,0,0.00011909085,4,OOD_Class_3
need a table somewhere in McLaurin Connecticut,1,1,0,0.0001566401,4,OOD_Class_3
What are the movie schedules,6,5,0,0.0001141398,4,OOD_Class_3
add this song by torch to my Sing Along playlist,0,0,0,0.00017545227,4,OOD_Class_3
Play music by Nick La Rocca,3,4,1,0.00030622949,4,OOD_Class_3
I'd like a movie schedule for a close by movies,6,5,0,0.00013292699,4,OOD_Class_3
play songs by Sammy Fain,3,4,1,0.00015642408,4,OOD_Class_3
"I want to book a bar in Bow Mar , New Mexico",1,1,0,0.00017220585,4,OOD_Class_3
Play Post Garage Wave Revival playlist.,3,0,1,0.00019155869,4,OOD_Class_3
I want to hear some of David Gilmour 's music from 1973,3,4,1,0.00014104084,4,OOD_Class_3
add song to Women of SXSW,0,0,0,0.00017891172,4,OOD_Class_3
"Is there a freezing forecast for Minto , Nicaragua ?",2,2,0,0.00013545388,4,OOD_Class_3
Play a melody from Elmer Bernstein,3,4,1,0.0001308606,4,OOD_Class_3
Can you play Maggie Mae on Netflix,3,4,1,0.00013921704,4,OOD_Class_3
I'd like to see movie times please.,6,5,0,0.00012831915,4,OOD_Class_3
rate the Which Moped with Chrome-plated Handlebars at the Back of the Yard ? saga a one,4,3,0,0.00012072709,4,OOD_Class_3
show creative video game The Boat Is Full,5,4,0,0.000118224794,4,OOD_Class_3
"The chronicle of The Emperor Wears No Clothes was too naive and simple, I'd give it 1 out of 6 stars .",4,3,0,0.000119440774,4,OOD_Class_3
Play some music from Victor Kunonga .,3,4,1,0.00020716708,4,OOD_Class_3
find Loved Ones for me,5,4,0,0.00013936117,4,OOD_Class_3
book fast food that is highly rated,1,1,0,0.00013100648,4,OOD_Class_3
Play Tenerife Sea by Daniel Salomon on Lastfm,3,0,1,0.0014446365,4,OOD_Class_3
I want to hear Dave Seaman 's ep,3,4,1,0.0001487083,4,OOD_Class_3
Play some music on Lastfm .,3,0,1,0.0029368512,4,OOD_Class_3
Play the most popular soundtrack by Elena Paparizou on youtube,3,4,1,0.00030778834,4,OOD_Class_3
Reserve a place to eat on march fifteenth in China within the same area .,1,1,0,0.0001428437,4,OOD_Class_3
Book a restaurant within the same area of Ely for 10 people.,1,1,0,0.00013227985,4,OOD_Class_3
Where can I find the game Skip to the End ?,5,4,0,0.00012633805,4,OOD_Class_3
Play some Ray Williams music from the nineties on spotify,3,0,1,0.00031586416,4,OOD_Class_3
Add Pimp C to my workout remix .,0,0,0,0.00020302235,4,OOD_Class_3
Play my Black Sabbath The Dio Years playlist.,3,0,1,0.00019604713,4,OOD_Class_3
Will it storm in Kinder Russia,2,2,0,0.00012675214,4,OOD_Class_3
Play something by Chris Knight,3,4,1,0.00018451705,4,OOD_Class_3
Turn on Spotify to Tiny Tim ep,3,0,1,0.00041320384,4,OOD_Class_3
I want to hear Nokko 's songs from the twenties,3,4,1,0.00011539377,4,OOD_Class_3
Play the most popular song from Chae Yeon off of Spotify,3,4,1,0.0012825682,4,OOD_Class_3
"find Long Walk to Forever , a novel",5,4,0,0.00012572389,4,OOD_Class_3
Play some Avantgarde music on Netflix .,3,4,1,0.0010480139,4,OOD_Class_3
find a TV show called Full House,5,4,0,0.00012316642,4,OOD_Class_3
Add Troy van Leeuwen to my nu metal list,0,0,0,0.00017314607,4,OOD_Class_3
Play some music from 2011 on lastfm,3,4,1,0.00071997615,4,OOD_Class_3
Add a song to my playlist Impulso Creativo,0,0,0,0.00017545237,4,OOD_Class_3
Please tell me the forecast for Guinea-Bissau,2,2,0,0.00016611854,4,OOD_Class_3
put this tune playing into my La Mejor Música Dance 2017 playlist,0,0,0,0.00017630926,4,OOD_Class_3
Check the forecast for Keene .,2,2,0,0.00015850923,4,OOD_Class_3
add satisfied to my Rockin' Vibes playlist,0,0,0,0.0001717198,4,OOD_Class_3
rate What the Dog Saw a two,4,3,0,0.00011684373,4,OOD_Class_3
give 3 out of 6 series of The Africa House,4,3,0,0.00011313913,4,OOD_Class_3
"Add another tune to my songs for you, not your parents playlist.",0,0,0,0.0001797875,4,OOD_Class_3
add Teddy Boy to my Irish Folk – Jigs & Reels playlist,0,0,0,0.00016905849,4,OOD_Class_3
rate Personal Demons 0 out of 6 points,4,3,0,0.00010753762,4,OOD_Class_3
Play the top song by Jack Grisham,3,4,1,0.00024219786,4,OOD_Class_3
Can you play something from 1966 by Mc Ren on Spotify,3,0,1,0.0013761709,4,OOD_Class_3
give the current album a score of five out of 6,4,3,0,0.00011955679,4,OOD_Class_3
play a tune from 1973,3,4,1,0.00012544803,4,OOD_Class_3
Open Groove Shark and play native us,3,4,1,0.0002221721,4,OOD_Class_3
Play me a song from Movies For The Blind on Pandora,3,4,1,0.0001953757,4,OOD_Class_3
Check the forecast for Orson for around 9 PM,2,2,0,0.00012189193,4,OOD_Class_3
find the picture Louder Than Bombs,5,4,0,0.00013713156,4,OOD_Class_3
Add artist to my Broken Heart,0,0,0,0.00017926174,4,OOD_Class_3
I am giving the current book two stars,4,3,0,0.00012233158,4,OOD_Class_3
"find Wild Solutions , a saga",5,4,0,0.00014025506,4,OOD_Class_3
what is the twenty one o'clock forecast for the current spot,2,2,0,0.00013361542,4,OOD_Class_3
show me the movie called People and Masks Part 2,5,4,0,0.00013238295,4,OOD_Class_3
Can i see the Boat People ?,5,5,0,0.0002544514,4,OOD_Class_3
I give The Universe Maker a rating of zero,4,3,0,0.000114026385,4,OOD_Class_3
find the painting ICAC Investigators 2014,5,4,0,0.00013567247,4,OOD_Class_3
Include Hermann Baumann in my Texas Red Dirt list,0,0,0,0.00015718544,4,OOD_Class_3
Add patti page album to i love my neo soul,0,0,0,0.00017113463,4,OOD_Class_3
play steve harris False Gestures For A Devious Public album,3,4,1,0.00022690708,4,OOD_Class_3
Play sixties theme music,3,4,1,0.00014682159,4,OOD_Class_3
find Harry Potter and the Deathly Hallows – Part 2,5,4,0,0.0001594145,4,OOD_Class_3
Can you play me the latest theme song by Warren Vache,3,4,1,0.00015398434,4,OOD_Class_3
Play Dj Cameo on itunes .,3,0,1,0.001291031,4,OOD_Class_3
Book a table for 0445 pm at a restaurant in Washington .,1,1,0,0.00014960903,4,OOD_Class_3
play the greatest Adrian Kowanek music,3,4,1,0.00023639313,4,OOD_Class_3
Find the work Compiled fragments 1997-2003,5,4,0,0.00016634207,4,OOD_Class_3
Play seventies music please.,3,4,1,0.00023818194,4,OOD_Class_3
Add all together now to my playlist the road to punk rock,0,0,0,0.00017502476,4,OOD_Class_3
Play the latest ep from Lobby Loyde on Netflix,3,4,1,0.0003007047,4,OOD_Class_3
play a 1988 soundtrack,3,4,1,0.00015476548,4,OOD_Class_3
book a tea house on 5/20/2028 in Pataskala that serves crepe in NC for five,1,1,0,0.00017506607,4,OOD_Class_3
I want to hear a top five ballad from 2002,3,4,1,0.00041098328,4,OOD_Class_3
"add Hello Central, Give Me Heaven to Indie Pop",0,0,0,0.00018603845,4,OOD_Class_3
play the 2014 album from la lupe,3,4,1,0.0002415186,4,OOD_Class_3
I'd like to hear songs from Iheart,3,4,1,0.000113794675,4,OOD_Class_3
Show me the movie schedules for movies playing around here today.,6,5,0,0.00014684898,4,OOD_Class_3
What is the cloud coverage in my current place,2,2,0,0.00014257841,4,OOD_Class_3
Use itunes to play dancing playlist,3,0,1,0.00019126774,4,OOD_Class_3
Find a song called In Your Eyes .,5,4,0,0.00013487165,4,OOD_Class_3
Play Michael Angelo Batio,3,4,1,0.00018905567,4,OOD_Class_3
Find a TV show called The God Boy .,5,4,0,0.00012008307,4,OOD_Class_3
play a song by Busta Rhymes,3,4,1,0.00034083184,4,OOD_Class_3
Play the top-fifty theme songs by Dennis Brown .,3,4,1,0.00020418846,4,OOD_Class_3
When Religion Becomes Evil is only worth 1 stars,4,3,0,0.000116786665,4,OOD_Class_3
play some Gary Lee Conner,3,4,1,0.00027441359,4,OOD_Class_3
the stars for Behind the Beat should number four for this chronicle,4,3,0,0.00012335133,4,OOD_Class_3
Add Kirk Hammett to Calm Down,0,0,0,0.00018234973,4,OOD_Class_3
Play some seventies songs from Luke Haines off of youtube,3,4,1,0.0009910618,4,OOD_Class_3
book a table at a restaurant in Saudi Arabia that serves presskopf,1,1,0,0.00013783261,4,OOD_Class_3
I need to book a top-rated steakhouse this Autumn for 1 around Azerbaijan,1,1,0,0.00013138373,4,OOD_Class_3
I want to find parking next to a restaurant for 10,1,1,0,0.00013463663,4,OOD_Class_3
Play the greatest Nicholaus Arson concerto from around 2000,3,4,1,0.00015490214,4,OOD_Class_3
Play some music from the thirties .,3,4,1,0.00015552512,4,OOD_Class_3
play twenties tunes,3,4,1,0.00017640313,4,OOD_Class_3
add pangaea to my Gold Edition playlist,0,0,0,0.00017899899,4,OOD_Class_3
give three stars to Talbot Mundy Messenger of Destiny,4,3,0,0.000116787276,4,OOD_Class_3
Play me the greatest Howard Levy song,3,4,1,0.00013330269,4,OOD_Class_3
Play Change Has Come on Google Music .,3,0,1,0.00025907246,4,OOD_Class_3
add an album in Sweet Soul Chillout,0,0,0,0.00018449982,4,OOD_Class_3
Rate the current album a four,4,3,0,0.00012020039,4,OOD_Class_3
play Khujo eighties track song,3,4,1,0.0003670047,4,OOD_Class_3
What animated movies are showing in the neighborhood,6,5,0,0.00013009828,4,OOD_Class_3
I would like to rate Tar A Midwest Childhood a value of 1 and a best rating of 6,4,3,0,0.0001177032,4,OOD_Class_3
find a soundtrack called Fast as You,5,4,0,0.00016220767,4,OOD_Class_3
add album to my piano ballads,0,0,0,0.00017987326,4,OOD_Class_3
Use Pandora to play Korean OSTs,3,4,1,0.0013272746,4,OOD_Class_3
"Play Paul Landers , O Rio, A Cidade, A Árvore on slacker",3,4,1,0.0005082977,4,OOD_Class_3
Play Divine from Vinnie Roslin,3,4,1,0.0005294796,4,OOD_Class_3
put donnie g don gorilla on my classical romance playlist,0,0,0,0.00016546522,4,OOD_Class_3
"Please look up the work, Prophets .",5,4,0,0.00012844642,4,OOD_Class_3
Open Youtube and play Nanana from Massimo Altomare,3,0,1,0.0015182913,4,OOD_Class_3
rate this series chronicle 0 points,4,3,0,0.00011187531,4,OOD_Class_3
Show me NCAA College Football 2K3,5,4,0,0.00013766653,4,OOD_Class_3
Find the movie schedule .,6,5,0,0.0001123663,4,OOD_Class_3
Play some Laurie Anderson .,3,4,1,0.0002147525,4,OOD_Class_3
Rate the current textbook 3 of 6,4,3,0,0.00011363746,4,OOD_Class_3
show Investigating Sex album,5,4,0,0.00016999226,4,OOD_Class_3
Asiate restaurant in Sturgeon for 7,1,1,0,0.00013566087,4,OOD_Class_3
play chant music by David Cook,3,4,1,0.00020120485,4,OOD_Class_3
Get me the Elvis' Christmas Album TV show .,5,4,0,0.00011071978,4,OOD_Class_3
I think this album deserves 0 points,4,3,0,0.000117588526,4,OOD_Class_3
Play the most popular Puretone,3,4,1,0.0002836297,4,OOD_Class_3
Can I see Ellis Island Revisited in 1 minute,6,5,0,0.00012231467,4,OOD_Class_3
Locate the Koi to Senkyo to Chocolate television show,5,4,0,0.00014597166,4,OOD_Class_3
Play an ep from Mike Harding .,3,4,1,0.00030588478,4,OOD_Class_3
"book a latin cuisine pub for 2 on September the 13th, 2037 in Kazakhstan",1,1,0,0.00014248081,4,OOD_Class_3
"Give three stars / 6 to My Sister, My Love",4,3,0,0.00011497701,4,OOD_Class_3
play ep by Arjen Anthony Lucassen,3,4,1,0.00037308017,4,OOD_Class_3
I want to hear a Joel Hastings melody .,3,4,1,0.00015720344,4,OOD_Class_3
look for the saga called Death in Paradise,5,4,0,0.00010062317,4,OOD_Class_3
I want to add michelle heaton to this is chopin,0,0,0,0.0001687251,4,OOD_Class_3
"I need a top-rated gastropub for 5 in DC in Conshohocken on Jul. the 18th, 2024",1,1,0,0.00016434812,4,OOD_Class_3
What's the weather forecast for 8 hours from now in Cape Verde ?,2,2,0,0.00012881166,4,OOD_Class_3
Give A History of the Mind a 2 out of 6 points .,4,3,0,0.000117187905,4,OOD_Class_3
play Groove Shark,3,4,1,0.00031697177,4,OOD_Class_3
I'd like to watch Monk Comes Down the Mountain,6,5,0,0.0004038466,4,OOD_Class_3
Play music from the playlist Get Your Mind Right,3,0,1,0.0005296526,4,OOD_Class_3
Will there be a blizzard at seven in Colorado,2,2,0,0.00012183686,4,OOD_Class_3
play By The Sleepy Lagoon by Greg Kurstin,3,4,1,0.00019028585,4,OOD_Class_3
Play Cherry Pink by Trapp Mendoza on Iheart,3,0,1,0.0002676321,4,OOD_Class_3
Play Circus Farm by Deana Carter .,3,4,1,0.00023792202,4,OOD_Class_3
show creative soundtrack Pitch Black Brigade,5,4,0,0.00015938666,4,OOD_Class_3
"I'd like a table for ten in 2 minutes at French Horn, Sonning Eye",1,1,0,0.00019114799,4,OOD_Class_3
Add this song to Blues Roots,0,0,0,0.00017674007,4,OOD_Class_3
Rate the current textbook 0 out of 6 .,4,3,0,0.00011469694,4,OOD_Class_3
rate current textbook 0,4,3,0,0.000112145426,4,OOD_Class_3
Play a melody by Colin Blunstone,3,4,1,0.00021225246,4,OOD_Class_3
Book a pub for eight people in the Pitcairn Islands .,1,1,0,0.000135126,4,OOD_Class_3
Play music by Susumu Hirasawa .,3,4,1,0.00027127174,4,OOD_Class_3
Play me a Patrick Cowley ballad,3,4,1,0.00019405603,4,OOD_Class_3
Will there be a blizzard at a 4 AM in Sky Valley,2,2,0,0.000117226475,4,OOD_Class_3
Play the most popular Grace Slick song that has a symphony sound,3,4,1,0.00026448152,4,OOD_Class_3
I need the movie Kids in Love at the movie house,6,5,0,0.00012160198,4,OOD_Class_3
I want to listen to a popular melody by David Bazan,3,4,1,0.00019158365,4,OOD_Class_3
Rate this textbook a 2 .,4,3,0,0.00012492735,4,OOD_Class_3
Can you play me a track from the nineties ?,3,4,1,0.00012716165,4,OOD_Class_3
play the latest Thelma Aoyama,3,4,1,0.00016864034,4,OOD_Class_3
play the top twenty tracks of Ron Jarzombek,3,4,1,0.0002754821,4,OOD_Class_3
Play Making Out by Alexander Rosenbaum off Google Music .,3,0,1,0.0012387126,4,OOD_Class_3
what is the Afternoon forecast for Shannon and Pitcairn Islands,2,2,0,0.00012261413,4,OOD_Class_3
Find a picture called Blink of an Eye .,5,4,0,0.00014669842,4,OOD_Class_3
I want to hear music from Allen Toussaint from the fifties,3,4,1,0.000111329675,4,OOD_Class_3
Play the newest music by Gladys Knight,3,4,1,0.00017661117,4,OOD_Class_3
what is the forecast for Orienta for hotter weather,2,2,0,0.00012466635,4,OOD_Class_3
What animated movies are at Pacific Theatres,6,5,0,0.00013202148,4,OOD_Class_3
put this artist on Domingo Indie,0,0,0,0.00018154836,4,OOD_Class_3
play deezer top 20 by Natasja,3,4,1,0.0012464141,4,OOD_Class_3
add Jacob Hoggard to my get going playlist,0,0,0,0.00017769165,4,OOD_Class_3
Will it be freezing in New Preston Venezuela ?,2,2,0,0.00012136203,4,OOD_Class_3
Play some melody from the eighties on Spotify,3,0,1,0.00044142304,4,OOD_Class_3
Find Once Upon a Time in the West,5,4,0,0.00021572085,4,OOD_Class_3
play the top five songs by Gad Elbaz,3,4,1,0.00024098123,4,OOD_Class_3
I want to listen to Roger Daltrey from the sixties on slacker,3,4,1,0.00049093855,4,OOD_Class_3
For the book Deception I rate it four points,4,3,0,0.00012287105,4,OOD_Class_3
Where can I stream a television show called Safety EP ?,5,4,0,0.00013317862,4,OOD_Class_3
Play instrumental pop,3,4,1,0.00038820045,4,OOD_Class_3
Tell me the movie schedule for Warren Theatres,6,5,0,0.00012833481,4,OOD_Class_3
show animated movie at Century Theatres,6,5,0,0.00013137014,4,OOD_Class_3
Show movies in the neighborhood,6,5,0,0.00011971529,4,OOD_Class_3
Play some music by beverley martyn,3,4,1,0.0001786015,4,OOD_Class_3
Play some music by Daniel Carter,3,4,1,0.00017392452,4,OOD_Class_3
Rate Sandworms of Dune three out of 6 stars,4,3,0,0.00012215374,4,OOD_Class_3
play The Trail Of The Lonesome Pine on Netflix,3,4,1,0.00018300024,4,OOD_Class_3
"book a table at an oyster bar that serves apple butter on Jul. 10th, 2028",1,1,0,0.00015451737,4,OOD_Class_3
Play music from Hide,3,4,1,0.00017951982,4,OOD_Class_3
Find me The Age for Love playing at the closest movie house .,6,5,0,0.0001380835,4,OOD_Class_3
"How is the weather in Getzville , Minnesota ?",2,2,0,0.00011175085,4,OOD_Class_3
When's Fools for Luck showing?,6,5,0,0.00015763746,4,OOD_Class_3
rate A Thousand Lies series a 3,4,3,0,0.0001238949,4,OOD_Class_3
play the top-20 Rita Macneil songs,3,4,1,0.00029248407,4,OOD_Class_3
Play Dance With The Devil by Mr. Lordi,3,4,1,0.00019886078,4,OOD_Class_3
book a gluten free restaurant in Arp,1,1,0,0.00014532979,4,OOD_Class_3
Play me a Xuefei Yang symphony on Groove Shark,3,4,1,0.00023658856,4,OOD_Class_3
Start up my nostalgic playlist.,3,0,1,0.0001844999,4,OOD_Class_3
Can you play any chant from the fourties ?,3,4,1,0.00013736151,4,OOD_Class_3
Play music from 2015,3,4,1,0.0001996697,4,OOD_Class_3
Is it humid in Charenton,2,2,0,0.00012047548,4,OOD_Class_3
Play any album from the twenties,3,4,1,0.00018740694,4,OOD_Class_3
Add this album to my pop playlist,0,0,0,0.00017459453,4,OOD_Class_3
Book a table for 8 at a restaurant that serves far breton .,1,1,0,0.0001522726,4,OOD_Class_3
Play some Christian Rock,3,4,1,0.00057154935,4,OOD_Class_3
Play music from 1989 by Maya .,3,4,1,0.0002458302,4,OOD_Class_3
rate Doctor No one of 6,4,3,0,0.00011385999,4,OOD_Class_3
Lets hear some Dawood Sarkhosh from their The Power Of Your Love album from Groove Shark,3,4,1,0.00026738024,4,OOD_Class_3
Find a television show called Merced Sun-Star .,5,4,0,0.00013874877,4,OOD_Class_3
Rate current book 2 of 6,4,3,0,0.000118279546,4,OOD_Class_3
Open iheart and play Té Para Tres,3,4,1,0.0003386318,4,OOD_Class_3
Play my Éxitos España playlist,3,0,1,0.00019702081,4,OOD_Class_3
what films are showing nearby,6,5,0,0.00012757682,4,OOD_Class_3
Play track Cabbage by Keiji Haino,3,4,1,0.00094524433,4,OOD_Class_3
Can I hear the latest music from Bahar Kizil ?,3,4,1,0.0001245024,4,OOD_Class_3
play shara worden,3,4,1,0.00031947362,4,OOD_Class_3
Will it be cloudy in Tatamy ?,2,2,0,0.0001334859,4,OOD_Class_3
play the most popular album on Google Music by sasu ripatti,3,0,1,0.00073924975,4,OOD_Class_3
Play Donna Summer,3,4,1,0.00014753045,4,OOD_Class_3
I want to hear the Fear The Boom And Bust song from haruka shimotsuki off of Spotify,3,4,1,0.00027772167,4,OOD_Class_3
play Femme Fatale by Bonobo,3,4,1,0.000205548,4,OOD_Class_3
Book me a table at a Tartinery Restaurant not far from my home in Elk Rapids .,1,1,0,0.00014822488,4,OOD_Class_3
Rate my current novel one out of 6 points,4,3,0,0.00012084826,4,OOD_Class_3
"Is it supposed to be colder at lunch time in Schuyler , Venezuela ?",2,2,0,0.000110770954,4,OOD_Class_3
Rate 5 out of 6 points to My Favorite Fantasy Story,4,3,0,0.00011673098,4,OOD_Class_3
I want to hear music from 1975,3,4,1,0.0001283057,4,OOD_Class_3
add paulinho da viola to my Radio Rock song list,0,0,0,0.00017690675,4,OOD_Class_3
book a restaurant that serves trottole in Tillicum,1,1,0,0.00015848732,4,OOD_Class_3
give 1 out of 6 points to this novel,4,3,0,0.00011804916,4,OOD_Class_3
"book a table for June the thirteenth, 2033 in Saint Barthélemy for 6 at an indoor tea house",1,1,0,0.00017052662,4,OOD_Class_3
Play Progressive Metal .,3,4,1,0.0011408826,4,OOD_Class_3
I want to hear a nineties track by stat quo on Deezer,3,4,1,0.0007727555,4,OOD_Class_3
I want to hear a fourties ballad by Luciano,3,4,1,0.00021027244,4,OOD_Class_3
Let me hear an ep from the thirties era of music.,3,4,1,0.0002470606,4,OOD_Class_3
Play my inventive playlist,3,0,1,0.00020329458,4,OOD_Class_3
Play shadowplay by Dana on Deezer .,3,0,1,0.0013799226,4,OOD_Class_3
Play music from 2012 by Yossif Kobzon on last fm .,3,0,1,0.0019520079,4,OOD_Class_3
Please play good music by Will Oldham .,3,4,1,0.00024966963,4,OOD_Class_3
What time is The Graduates of Malibu High playing at Cobb Theatres,6,5,0,0.00013123917,4,OOD_Class_3
play a good 1952 symphony,3,4,1,0.00012644837,4,OOD_Class_3
show creativity of Your Body Above Me,5,4,0,0.00022012592,4,OOD_Class_3
Play some Antony Harding songs from the eighties,3,4,1,0.00013536181,4,OOD_Class_3
Rate this book zero out of 6,4,3,0,0.00011319478,4,OOD_Class_3
Play album from Maureen Mcgovern,3,4,1,0.00026085335,4,OOD_Class_3
What animated movies are at the closest movie theatre,6,5,0,0.0001454216,4,OOD_Class_3
I need a table for a party of 2 at Co-operative Block Building in Old Glory,1,1,0,0.00018126087,4,OOD_Class_3
Show me Rapid City Muscle Car .,5,4,0,0.00025340033,4,OOD_Class_3
play some gotye,3,4,1,0.00022686123,4,OOD_Class_3
Find the movie schedule close by,6,5,0,0.00011413969,4,OOD_Class_3
Open the playlist from Sergei Chatschatrjan,3,0,1,0.00018885898,4,OOD_Class_3
find animated movies nearest at a movie house,6,5,0,0.00013687855,4,OOD_Class_3
play some eighties by Amirbai Karnataki,3,4,1,0.00021886606,4,OOD_Class_3
find a book called Tron Legacy Reconfigured,5,4,0,0.00015908029,4,OOD_Class_3
play a 2006 chant,3,4,1,0.00021232324,4,OOD_Class_3
rate this chronicle two points,4,3,0,0.00011193046,4,OOD_Class_3
is it going to be windy faraway from the Valley of Fire,2,2,0,0.0001314144,4,OOD_Class_3
show weather while Sunset in the same area in South Carolina,2,2,0,0.00012947952,4,OOD_Class_3
Give the current textbook four stars,4,3,0,0.00011576557,4,OOD_Class_3
play music by Rodney Whitaker,3,4,1,0.00019367642,4,OOD_Class_3
Play new movement from Mike Oldfield on Vimeo,3,0,1,0.00092700386,4,OOD_Class_3
I wish to listen to some instrumental music.,3,4,1,0.0004099256,4,OOD_Class_3
Can you help me find the Author! Author ! trailer ?,5,4,0,0.0001374014,4,OOD_Class_3
play a chant by Mike Jones,3,4,1,0.00020352103,4,OOD_Class_3
I want to hear Sarban 's greatest hits,3,4,1,0.0001103798,4,OOD_Class_3
Play The Birds And The Bees by Ceca .,3,4,1,0.00019180973,4,OOD_Class_3
Please add Emanuel Kiriakou to my playlist llegando a casa,0,0,0,0.0001715532,4,OOD_Class_3
"Give me the weather forecast in Pleasant Dale , Alaska starting in 1952",2,2,0,0.00012681414,4,OOD_Class_3
Can you help me search the album titled PlayMaker Football ?,5,4,0,0.00015814432,4,OOD_Class_3
show the trailer of Deadly Skies,5,4,0,0.00013902411,4,OOD_Class_3
Play The Monkeys Have No Tails In Zamboanga on Google Music .,3,0,1,0.00023819764,4,OOD_Class_3
Add from the ashes to my rock gaming playlist,0,0,0,0.00017408589,4,OOD_Class_3
Play the top twenty chant by Wise .,3,4,1,0.00027040966,4,OOD_Class_3
Play me the greatest chant by Laurel Aitken on lastfm,3,4,1,0.00043083762,4,OOD_Class_3
add this song to my Love Hurts playlist,0,0,0,0.00017622387,4,OOD_Class_3
I need a reservation for 8 at a top-rated restaurant in Hagaman,1,1,0,0.00014487095,4,OOD_Class_3
Play the most popular chant song by Hossein Alizadeh from around 2009,3,4,1,0.0002185842,4,OOD_Class_3
Play the music from the playlist Get Lit,3,0,1,0.0013280838,4,OOD_Class_3
Book a restaurant in Almyra in 10 years,1,1,0,0.0006862553,4,OOD_Class_3
Play some tune from 2011 on Youtube,3,0,1,0.0012812415,4,OOD_Class_3
play Disney Sing It! – High School Musical 3 Senior Year,5,4,0,0.00018979688,4,OOD_Class_3
ad Czarna dziewczyna to instrumental madness playlist,0,0,0,0.00017943382,4,OOD_Class_3
Play some movement music by Perez Prado on Iheart,3,0,1,0.0010797203,4,OOD_Class_3
play some dream music,3,4,1,0.00017232072,4,OOD_Class_3
Include Sean Yseult in kaitlin's metal overload playlist.,0,0,0,0.0001691403,4,OOD_Class_3
Rate the current textbook a 0 out of 6 .,4,3,0,0.00011833741,4,OOD_Class_3
Play Keep Their Heads Ringin’,5,4,0,0.00026282514,4,OOD_Class_3
Play Dj Drama from the 1976,3,4,1,0.00018573183,4,OOD_Class_3
I give the current essay a two,4,3,0,0.00012480539,4,OOD_Class_3
Play new track from the fifties,3,4,1,0.00027624617,4,OOD_Class_3
find animated movies movie schedule in the neighborhood,6,5,0,0.00012257688,4,OOD_Class_3
Play fifties music on Deezer,3,4,1,0.0011503677,4,OOD_Class_3
play Tom Jones album from the twenties,3,4,1,0.00016251497,4,OOD_Class_3
Play songs by Cheryl Wheeler,3,4,1,0.00023405747,4,OOD_Class_3
What is the weather going to be like in Flint Hill in 9 years,2,2,0,0.00012762201,4,OOD_Class_3
I would give this current novel a value of 3 and a rating of 6,4,3,0,0.00012341198,4,OOD_Class_3
Fine the movie schedule for Warren Theatres .,6,5,0,0.00012845895,4,OOD_Class_3
play music by Bonobo,3,4,1,0.0002057877,4,OOD_Class_3
use Slacker to listen to seventies music,3,4,1,0.0009895271,4,OOD_Class_3
"Play the playlist, Hardstyle, Baby .",3,0,1,0.00020994837,4,OOD_Class_3
Rate The Grisly Wife three points out of 6,4,3,0,0.00011209458,4,OOD_Class_3
find A man needs a maid,5,4,0,0.00023973854,4,OOD_Class_3
Use netflix to play a record by Emil Gilels from year 2015,3,4,1,0.0006977303,4,OOD_Class_3
Play Ramakadha by Karl Davydov please,3,4,1,0.00021434699,4,OOD_Class_3
"Play the track Fight On, State by Yuvan Shankar Raja",3,4,1,0.0001674858,4,OOD_Class_3
Add tune to my Is It New Wave,0,0,0,0.00016889145,4,OOD_Class_3
Rate this current essay three out of 6 stars,4,3,0,0.000116901676,4,OOD_Class_3
Play a soundtrack by Mike Hindert on Spotify .,3,4,1,0.00088610844,4,OOD_Class_3
Play Brian Clifton off Groove Shark .,3,4,1,0.0009998769,4,OOD_Class_3
Find time for the movie schedule at Cineplex Odeon Corporation,6,5,0,0.00013594324,4,OOD_Class_3
play the newest Martin Solveig sound track,3,4,1,0.00023400671,4,OOD_Class_3
What films are playing close by,6,5,0,0.00012449999,4,OOD_Class_3
add September to winter music,0,0,0,0.00016765839,4,OOD_Class_3
"Blood Colony was awful, I'd give it one stars at most.",4,3,0,0.00011084158,4,OOD_Class_3
Rate current essay a zero,4,3,0,0.00011369217,4,OOD_Class_3
Play the best chant of 1975,3,4,1,0.00015402318,4,OOD_Class_3
"I want to see the novel , The Green",5,4,0,9.984408e-05,4,OOD_Class_3
Play some sixties music.,3,4,1,0.00019966008,4,OOD_Class_3
Book me a reservation for the best bistro,1,1,0,0.00014515565,4,OOD_Class_3
play classic rock on Slacker,3,0,1,0.00021269574,4,OOD_Class_3
add picasso baby to Digster Reggae playlist,0,0,0,0.00017700013,4,OOD_Class_3
Play That Stubborn Kinda Fellow by Michael Amott,3,4,1,0.00044955986,4,OOD_Class_3
Play the last sound track by Soko from around 1975,3,4,1,0.00020239386,4,OOD_Class_3
find a movie schedule for United Paramount Theatres,6,5,0,0.00012746066,4,OOD_Class_3
Play some fifties music by Chris Brown .,3,4,1,0.00022907712,4,OOD_Class_3
Add a derek watkins tune to This Is Johnny Cash,0,0,0,0.00015920203,4,OOD_Class_3
I'd like to eat at the Original Spanish Kitchen in North Carolina,1,1,0,0.00015343126,4,OOD_Class_3
play Techno music,3,4,1,0.00054032175,4,OOD_Class_3
book a spot for six at Bear Hotel in 5 seconds,1,1,0,0.0001625577,4,OOD_Class_3
When is Watchman Vadivel playing?,6,5,0,0.00017229757,4,OOD_Class_3
"Check the weather forecast for Chisholm , Kentucky .",2,2,0,0.00014216192,4,OOD_Class_3
I need a table somewhere in Culver City WA,1,1,0,0.00015667443,4,OOD_Class_3
I rate Naked in Death a 5,4,3,0,0.00010008722,4,OOD_Class_3
Find a book called Environment and Behavior .,5,4,0,0.00024442782,4,OOD_Class_3
closest movie theatre with No Time for Sergeants,6,5,0,0.0001393018,4,OOD_Class_3
Will it be cloudy on Sep. 16 in Palau,2,2,0,0.00013032959,4,OOD_Class_3
Find a photograph called Shout It Out .,5,4,0,0.00015463121,4,OOD_Class_3
I Need rave Slacker to play,3,4,1,0.0002479957,4,OOD_Class_3
Play the album Will Rap Over Hard Rock For Food,3,4,1,0.00021141862,4,OOD_Class_3
Please book me a table for next week at a top-rated restaurant,1,1,0,0.00013823557,4,OOD_Class_3
play a sixties soundtrack,3,4,1,0.0001395507,4,OOD_Class_3
play Mikazuki Sunset,3,4,1,0.00022531796,4,OOD_Class_3
Will it be chilly at 4 in Druid Hills AMerican Samoa,2,2,0,0.00011745573,4,OOD_Class_3
Give this chronicle 4 stars .,4,3,0,0.00011220424,4,OOD_Class_3
Rate the City of Lost Souls one of 6 points,4,3,0,0.00011548393,4,OOD_Class_3
rate The Wimpy Kid Movie Diary saga 4 out of 6,4,3,0,0.00012895568,4,OOD_Class_3
I want to add a tune by Damon Johnson to my frescura indie playlist,0,0,0,0.0001766551,4,OOD_Class_3
play some Kansas Joe Mccoy,3,4,1,0.00022741195,4,OOD_Class_3
Listen to music from 1975,3,4,1,0.00013316402,4,OOD_Class_3
add Desert Sessions to my i love my 80's rollerdisco playlist,0,0,0,0.00016708893,4,OOD_Class_3
Play the track Pocahontas John Farnham,3,4,1,0.00012632208,4,OOD_Class_3
Play a top-five song by Pete Candoli .,3,4,1,0.00037784022,4,OOD_Class_3
give two out of 6 points to current textbook,4,3,0,0.00011644579,4,OOD_Class_3
Please look up for Disney Universe .,5,4,0,0.00014987723,4,OOD_Class_3
what is the forecast for Costa Rica,2,2,0,0.00013225322,4,OOD_Class_3
rate this current textbook 0 points,4,3,0,0.000113359536,4,OOD_Class_3
Make me a reservation at a fast food restaurant for elba and corina at a restaurant with parking,1,1,0,0.00018728359,4,OOD_Class_3
I'd like to see movie times at Santikos Theatres,6,5,0,0.00014288504,4,OOD_Class_3
Which films are playing close by ?,6,5,0,0.00012209138,4,OOD_Class_3
what are the movie times,6,5,0,0.0001202031,4,OOD_Class_3
I would rate this album a 3,4,3,0,0.000120907,4,OOD_Class_3
I'm looking for the trailer to Evil or Divine - Live in New York City .,5,4,0,0.00014798222,4,OOD_Class_3
play a concerto from sam sparro,3,4,1,0.00016688049,4,OOD_Class_3
Play a song by Nash The Slash,3,4,1,0.0001855633,4,OOD_Class_3
Play the 1991 soundtrack from Ian Mcdonald,3,4,1,0.00014064024,4,OOD_Class_3
I want to book a tea house for 4 that serves madeleine,1,1,0,0.00016895792,4,OOD_Class_3
Play a tune by Andrew Findon,3,4,1,0.00018955364,4,OOD_Class_3
Add parempi mies to the Café con Leche playlist.,0,0,0,0.00017527584,4,OOD_Class_3
Play some music on Slacker,3,4,1,0.0016030823,4,OOD_Class_3
I want to hear Richard Falomir 's best song on Pandora,3,4,1,0.00022225609,4,OOD_Class_3
Will there be snowfall in Kitlope Heritage Conservancy,2,2,0,0.00012862212,4,OOD_Class_3
Play me a fifties song by Chingy,3,4,1,0.00025577226,4,OOD_Class_3
Play twenties chant from Lagaylia Frazier on Itunes,3,0,1,0.00083126663,4,OOD_Class_3
Play music on itunes from artist Jessica Delfino,3,4,1,0.0013827833,4,OOD_Class_3
play a tune from 1962,3,4,1,0.000117488344,4,OOD_Class_3
Will you play my Nuestros 80 playlist,3,0,1,0.00017567597,4,OOD_Class_3
play them by Guy-manuel De Homem-christo,3,4,1,0.00039387122,4,OOD_Class_3
rate this current saga 3 out of 6 points,4,3,0,0.00011492121,4,OOD_Class_3
where is My Song Goes Forth playing,6,4,0,0.0006182468,4,OOD_Class_3
I wanna hear something on Spotify by Eddie Vinson,3,0,1,0.001886862,4,OOD_Class_3
Play The Way It Has To Be by Tom G Warrior on Zvooq,3,0,1,0.0015624162,4,OOD_Class_3
play the top song from Damon Albarn using Slacker,3,4,1,0.0010239711,4,OOD_Class_3
I'm wondering if you can give me the movie times for films in the neighborhood .,6,5,0,0.00014247006,4,OOD_Class_3
Play Deezer,3,4,1,0.00038758677,4,OOD_Class_3
Play a sixties song by Classified,3,4,1,0.00032173435,4,OOD_Class_3
put this song in the playlist Trap Land,0,0,0,0.00016554495,4,OOD_Class_3
Can you get me seating for a party of 5,1,1,0,0.00018600539,4,OOD_Class_3
put this track on my infinite indie folk playlist,0,0,0,0.00017147051,4,OOD_Class_3
play a ballad by Bob Johnston,3,4,1,0.00021457992,4,OOD_Class_3
Get me a table at a bar which has a spa .,1,1,0,0.00013636348,4,OOD_Class_3
Please play some music from 1996,3,4,1,0.00017571177,4,OOD_Class_3
play Sivamani,3,4,1,0.00019888462,4,OOD_Class_3
play the latest melody from Cliff Edwards on Deezer,3,4,1,0.0010163799,4,OOD_Class_3
Will there be a fog here this week ?,2,2,0,0.00013585153,4,OOD_Class_3
Will it be colder in Litchfield,2,2,0,0.00011574841,4,OOD_Class_3
find Plitt Theatres showing animated movies,6,5,0,0.0001240209,4,OOD_Class_3
When is The Jailbird showing at United Paramount Theatres,6,5,0,0.000120192846,4,OOD_Class_3
Play the song Victim Of Changes from Hawkshaw Hawkins on Spotify,3,4,1,0.0008000802,4,OOD_Class_3
Find me the book with the title of The Rainwater LP,5,4,0,0.00012757271,4,OOD_Class_3
how's the forecast looking for supper time in Dresbach Vanuatu,2,2,0,0.00011077245,4,OOD_Class_3
Play something from the jonathon lee movement,3,4,1,0.00018051178,4,OOD_Class_3
Will there be a cloud in Kiribati,2,2,0,0.00013276984,4,OOD_Class_3
I want to the latest ballad from Ira Losco,3,4,1,0.00033017236,4,OOD_Class_3
What films are showing at National Amusements,6,5,0,0.00013541385,4,OOD_Class_3
Play thirties on Lastfm,3,0,1,0.0009694097,4,OOD_Class_3
find the They Came from Somewhere Else saga,5,4,0,0.00014245631,4,OOD_Class_3
I need to book a restaurant for seven people at elevenses Seafood restaurant,1,1,0,0.00016772417,4,OOD_Class_3
Rate this novel 1 of 6,4,3,0,0.00011799168,4,OOD_Class_3
give Private Games 3 stars out of 6,4,3,0,0.0001110054,4,OOD_Class_3
Can you help me find the television show Women and Death,5,4,0,0.00012820221,4,OOD_Class_3
Rate the current saga a two,4,3,0,0.00012173596,4,OOD_Class_3
I'm in the mood to listen to meditative music.,3,4,1,0.0006024803,4,OOD_Class_3
show creativity in Cross Currents,5,4,0,0.00046433398,4,OOD_Class_3
Weather for Cougar Canyon Wilderness,2,2,0,0.00011055353,4,OOD_Class_3
The chronicle Charlie Peace earns 4 stars from me,4,3,0,0.00011391505,4,OOD_Class_3
this saga is definitely worth 4 stars .,4,3,0,0.00012263069,4,OOD_Class_3
Give this textbook 0 out of 6 stars,4,3,0,0.000118106494,4,OOD_Class_3
book me and my grandparents a restaurant in Saint Helens South Dakota,1,1,0,0.00019224112,4,OOD_Class_3
play David Banner on Netflix,3,4,1,0.00012937335,4,OOD_Class_3
Book a restaurant in Palestine for 8 people at 9 AM,1,1,0,0.00013062159,4,OOD_Class_3
Show me the Only the Strong Survive photograph,5,4,0,0.00013318195,4,OOD_Class_3
add thomas anders to my crossroad blues,0,0,0,0.00017433972,4,OOD_Class_3
add rob tyner to betsy's We Everywhere,0,0,0,0.000168971,4,OOD_Class_3
Play a song off the Nicht Sprechen album,3,4,1,0.00017602147,4,OOD_Class_3
book in town for 3 at a restaurant outdoor that is not far,1,1,0,0.0001375678,4,OOD_Class_3
Give this book chronicle four stars,4,3,0,0.00012965023,4,OOD_Class_3
Play some dance music.,3,4,1,0.00042201765,4,OOD_Class_3
Play the top 1991 sound track,3,4,1,0.00018197893,4,OOD_Class_3
Play something on my Classic Jazz Funk playlist on Zvooq,3,0,1,0.00017306641,4,OOD_Class_3
Play a new symphony by Perfecto De Castro on Lastfm,3,0,1,0.001158533,4,OOD_Class_3
Play my Electro Sur playlist.,3,0,1,0.00019429607,4,OOD_Class_3
Play me a song from the sixties,3,4,1,0.00012867257,4,OOD_Class_3
Book a restaurant in the Dominican Republic in one minute for a party of eight,1,1,0,0.0001425972,4,OOD_Class_3
Like to book a seat in Monaco for the Yankee Doodle Coffee Shop,1,1,0,0.00015587838,4,OOD_Class_3
Put something by Noah Wuv Bernardo on my Humor playlist,0,0,0,0.00017005269,4,OOD_Class_3
What is the movie schedule for movies in the neighbourhood,6,5,0,0.00013240913,4,OOD_Class_3
Please search Cardin in Australia saga,5,4,0,0.0001217324,4,OOD_Class_3
Play some John Oates on Youtube .,3,0,1,0.00077839545,4,OOD_Class_3
I'd like to watch the TV show Hola Mary Lou Prom Night II,5,4,0,0.00010587148,4,OOD_Class_3
is it warm in Fernandina Beach Slovakia,2,2,0,0.00011012153,4,OOD_Class_3
What will the weather be nineteen hours from now neighboring Saint Kitts and Nevis ?,2,2,0,0.00011044817,4,OOD_Class_3
find Cover Her Face,5,4,0,0.00010534366,4,OOD_Class_3
Rate this album 2 stars,4,3,0,0.000118742326,4,OOD_Class_3
use Spotify to play greatest songs from Kailash Kher,3,0,1,0.0004607076,4,OOD_Class_3
I want television show Come Again Smith,5,4,0,0.00013409134,4,OOD_Class_3
Add the song to my R&B Movement playlist.,0,0,0,0.0001760487,4,OOD_Class_3
Play a 2001 tune,3,4,1,0.00021000905,4,OOD_Class_3
book me a reservation at an oyster bar that serves crab cake for two people,1,1,0,0.00016208952,4,OOD_Class_3
Play a song from the seventies by Pepe Aguilar,3,4,1,0.00017844785,4,OOD_Class_3
Rate Short Trips Destination Prague five out of 6,4,3,0,0.00010448365,4,OOD_Class_3
Showtimes for the Alamo Drafthouse Cinema for todays movies .,6,5,0,0.00013903044,4,OOD_Class_3
Rate this album three of 6 points,4,3,0,0.00011891667,4,OOD_Class_3
I want to find an oyster bar with tetrazzini for 9 people,1,1,0,0.00017456095,4,OOD_Class_3
add sam sparro to my playlist called Beach Vibes,0,0,0,0.00017130184,4,OOD_Class_3
Play Tanti Auguri A Te from Bruce Gilbert,3,4,1,0.001072906,4,OOD_Class_3
Play music on Spotify .,3,0,1,0.00043996406,4,OOD_Class_3
Can you get me a table at a tavern in Slovakia,1,1,0,0.00011916002,4,OOD_Class_3
Book a restaurant for 9 at 0037 PM,1,1,0,0.00014182695,4,OOD_Class_3
Will it be chillier at 060548 in Wagener Réunion,2,2,0,0.00012291262,4,OOD_Class_3
Can you play a melody from the fifties on Last Fm ?,3,4,1,0.00023532374,4,OOD_Class_3
Start up my Pachangueo Total playlist.,3,0,1,0.00018226136,4,OOD_Class_3
Play music by mina caputo on Lastfm,3,0,1,0.0017023366,4,OOD_Class_3
Play me some music on Deezer,3,4,1,0.00044732448,4,OOD_Class_3
Play Within You Without You by Distance on zvooq .,3,0,1,0.0006977046,4,OOD_Class_3
add 157 Riverside Avenue to leticia's animal humor playlist,0,0,0,0.0001764814,4,OOD_Class_3
"play Isaac Hayes on Pandora from love, sweat and beer ep",3,4,1,0.00078117877,4,OOD_Class_3
Is it forecast to be windy here in seven seconds ?,2,2,0,0.00013512331,4,OOD_Class_3
I'm looking for River Disturbance,5,4,0,0.00011715563,4,OOD_Class_3
play a track by Mila Islam from Deezer,3,4,1,0.0004212436,4,OOD_Class_3
What's the weather going to be like in PR at nineteen o'clock,2,2,0,0.00012071322,4,OOD_Class_3
Find the book called Black Wings of Destiny,5,4,0,0.00012401781,4,OOD_Class_3
Will it be overcast in Luxembourg in fourteen seconds,2,2,0,0.00012662853,4,OOD_Class_3
Play Burhøns by Ernie C .,3,4,1,0.00024624213,4,OOD_Class_3
Please search the Karobar Economic Daily picture .,5,4,0,0.00014942413,4,OOD_Class_3
find The World Is a Game,5,4,0,0.000176741,4,OOD_Class_3
When is Cooper Foundation on the movie schedule ?,6,5,0,0.00011028541,4,OOD_Class_3
play Andy White,3,4,1,0.00019068793,4,OOD_Class_3
Add this track to my Tropical Morning playlist,0,0,0,0.00017391502,4,OOD_Class_3
I give this next essay zero out of 6 points,4,3,0,0.00012067108,4,OOD_Class_3
my Disco Forever playlist needs an album by sawai gandharva .,0,0,0,0.00021253806,4,OOD_Class_3
Want to hear a chant by Nellie Mckay from the year 2008,3,4,1,0.000247714,4,OOD_Class_3
Play Verjamem track by Hong Junyang .,3,4,1,0.0004552116,4,OOD_Class_3
I need a reservation in 1 second in Atlas with a party of nine,1,1,0,0.00015122091,4,OOD_Class_3
Can you play some Andrew Cash music on Slacker,3,0,1,0.00077091716,4,OOD_Class_3
Play sound track music from the twenties,3,4,1,0.00023020155,4,OOD_Class_3
put this album on my Wild Country playlist,0,0,0,0.00016123781,4,OOD_Class_3
Book a restaurant in Switzerland for 3 .,1,1,0,0.00013190793,4,OOD_Class_3
Please play Different Slanguages by Fred Labour .,3,4,1,0.00066025875,4,OOD_Class_3
What time is Swarna Trishna playinh at Loews Cineplex,6,5,0,0.0001213536,4,OOD_Class_3
Can I hear a symphony from the seventies on Youtube ?,3,4,1,0.0005052001,4,OOD_Class_3
I wish to listen to some fifties music.,3,4,1,0.0002388097,4,OOD_Class_3
Play concerto from the eighties,3,4,1,0.00014650007,4,OOD_Class_3
"Please find the movie , A Jingle with Jillian .",5,4,0,0.00010082041,4,OOD_Class_3
Book a neighboring food truck with a spa in Dallesport for 4 people.,1,1,0,0.000141222,4,OOD_Class_3
Will it be cloudy in Guadeloupe next year,2,2,0,0.00013387694,4,OOD_Class_3
Play Dave Wyndorf album,3,4,1,0.00021993209,4,OOD_Class_3
what is the Bahamas forecast for stormy weather at 074321,2,2,0,0.0001345325,4,OOD_Class_3
Play some chanson music.,3,4,1,0.00027634043,4,OOD_Class_3
will it be colder this Saturday in NC,2,2,0,0.00012267241,4,OOD_Class_3
Play the song I Get Ideas as performed by Richard Kruspe,3,4,1,0.0001714709,4,OOD_Class_3
What's the weather in the current place ?,2,2,0,0.00012837216,4,OOD_Class_3
what will the weather be like in fourteen hours in Eastville,2,2,0,0.00011907338,4,OOD_Class_3
Play Punk Essentials on google music,3,0,1,0.00024557114,4,OOD_Class_3
Play In Every Dream Home A Heartache by vincent paul abbott,3,4,1,0.00013897463,4,OOD_Class_3
Find me a table for a cafe during my Guinea trip for one .,1,1,0,0.0001605122,4,OOD_Class_3
Can you play some eighties music,3,4,1,0.00015566692,4,OOD_Class_3
Play some music by Jody Williams from 2001,3,4,1,0.000187174,4,OOD_Class_3
Find the movie schedule at twelve AM .,6,5,0,0.00012305503,4,OOD_Class_3
Give me the current showtimes for Tarass Boulba .,6,5,0,0.00013888913,4,OOD_Class_3
Play any track by Flame,3,4,1,0.00026832218,4,OOD_Class_3
Find a reservation at Boone Tavern for 4 people in 1024,1,1,0,0.00014686756,4,OOD_Class_3
Rate Earth Made of Glass 1 of 6,4,3,0,0.00012646236,4,OOD_Class_3
put this track on operación bikini,0,0,0,0.00019250365,4,OOD_Class_3
does Red e Toby nemiciamici start thirteen hours from now,6,5,0,0.00011297726,4,OOD_Class_3
add space cowboy to my the funny thing about football is playlist,0,0,0,0.00016980407,4,OOD_Class_3
find meal time movie times close by for movies,6,5,0,0.00012609932,4,OOD_Class_3
Are any animated movies playing at Magic Johnson Theatres ?,6,5,0,0.00012585256,4,OOD_Class_3
Forecast for 0222 pm Maldives,2,2,0,0.00013354633,4,OOD_Class_3
I'd like t add Day After Day to evangeline's Party of the Century playlist,0,0,0,0.00018576685,4,OOD_Class_3
Open pandora and play the top five melody by Hanna Sjedokowa,3,4,1,0.0001834115,4,OOD_Class_3
Book me a restaurant that serves festoni for eight in New Hampshire,1,1,0,0.00015301374,4,OOD_Class_3
"I want to book the distant downtown Tribeca Grill for august the twenty-third, 2025 for wilda and jacklyn",1,1,0,0.0001682767,4,OOD_Class_3
Play fourties music on Pandora .,3,0,1,0.00051569025,4,OOD_Class_3
Showtimes for animated movies fro Goodrich Quality Theaters .,6,5,0,0.00013227807,4,OOD_Class_3
Search for the game Difficult Loves,5,4,0,0.0001177616,4,OOD_Class_3
Play my Hype playlist on Youtube .,3,0,1,0.00021172033,4,OOD_Class_3
Show me the picture Batman The Long Halloween,5,4,0,0.000109127584,4,OOD_Class_3
I give The Blood Book five stars,4,3,0,0.00012215287,4,OOD_Class_3
add song by ian mcdonald to an instrumental sunday,0,0,0,0.000177084,4,OOD_Class_3
"Is there any predicted snowfall in 2 months in Vandalia , El Salvador",2,2,0,0.00012165618,4,OOD_Class_3
"find The Living Room Tapes , a TV series",5,4,0,0.00012079086,4,OOD_Class_3
Play thirties music by Flex on Google Music,3,0,1,0.00031390277,4,OOD_Class_3
What cinema has the closest movies,6,5,0,0.0001295937,4,OOD_Class_3
Is it going to be nicer next week in Hamel Belize,2,2,0,0.000108627755,4,OOD_Class_3
Find and play a concerto on Zvooq from 1978 by Ginger Pooley,3,4,1,0.00019387674,4,OOD_Class_3
Is there a storm now in NC ?,2,2,0,0.00013413659,4,OOD_Class_3
Please play a movement by Rupam Islam,3,4,1,0.00024196142,4,OOD_Class_3
How will the weather be on May 9 in Wyoming ?,2,2,0,0.00012650613,4,OOD_Class_3
Open youtube,3,4,1,0.00024301583,4,OOD_Class_3
play some songs from the fourties by yoshiki fukuyama,3,4,1,0.00014213253,4,OOD_Class_3
Play the music genre Synthpop,3,4,1,0.00056320004,4,OOD_Class_3
"Will the weather be temperate on jan. the thirteenth, 2028 at Christmas Island ?",2,2,0,0.000119656404,4,OOD_Class_3
What is the movie times for General Cinema Corporation,6,5,0,0.00013741499,4,OOD_Class_3
Play me a song by Carol Arnauld from 2003,3,4,1,0.000274999,4,OOD_Class_3
Show the movie schedule,6,5,0,0.000120285455,4,OOD_Class_3
play Chance Of A Lifetime on Zvooq,3,4,1,0.00076897576,4,OOD_Class_3
play Wanted by Erykah Badu,3,4,1,0.00017080885,4,OOD_Class_3
where is the nearest movie theatre showing movies,6,5,0,0.00012908899,4,OOD_Class_3
Play Techno on Lastfm,3,0,1,0.00028392026,4,OOD_Class_3
Play Dancing Through Life by Ronald Isley on spotify,3,0,1,0.0003915023,4,OOD_Class_3
What time is Trouble Every Day playing,6,5,0,0.00012012281,4,OOD_Class_3
Rate The Costs of Accidents a three,4,3,0,0.00017166583,4,OOD_Class_3
Can you play a song from the fourties by George Martin,3,4,1,0.00014114694,4,OOD_Class_3
play the top nineties melody by Gus G,3,4,1,0.00022045495,4,OOD_Class_3
What will the weather be in Nationalpark Rila on Nov. 25 ?,2,2,0,0.00013154492,4,OOD_Class_3
Play the last song by Goldie,3,4,1,0.00017808794,4,OOD_Class_3
Put horace silver and the jazz messengers on my running to rock 170 to 190 bpm playlist,0,0,0,0.0001607639,4,OOD_Class_3
Is there snowfall in Hineston New Hampshire,2,2,0,0.00010905334,4,OOD_Class_3
Show the latest animated movies movie times for the nearest movie house,6,5,0,0.000143168,4,OOD_Class_3
play some 1991 Dave Barker,3,4,1,0.00014494338,4,OOD_Class_3
Incorporate time warp into my fairy tales playlist.,0,0,0,0.00018341986,4,OOD_Class_3
I want to go to 88th St-Boyd Av or close by and book seats for 10,1,1,0,0.00016576055,4,OOD_Class_3
I want to hear the new Latin Pop Rising list,3,0,1,0.0010038711,4,OOD_Class_3
Play music from Clark Kent in the year 1987,3,4,1,0.00020677946,4,OOD_Class_3
Play Lenny Kaye music.,3,4,1,0.00022599172,4,OOD_Class_3
please add this artist to my Zen Focus playlist,0,0,0,0.00017357628,4,OOD_Class_3
I give The English Spy a rating of 1 and a best rating of 6,4,3,0,0.0001178758,4,OOD_Class_3
put this frederick knight track on my the midnight hour playlist,0,0,0,0.00016848253,4,OOD_Class_3
Play music by Fidel Nadal sorted by newest .,3,4,1,0.00029473144,4,OOD_Class_3
Play my springtime playlist.,3,0,1,0.00018493958,4,OOD_Class_3
"find Face the Truth , a TV show",5,4,0,0.00012450578,4,OOD_Class_3
Where can I watch the TV series The Trifecta ?,5,4,0,0.00010867794,4,OOD_Class_3
Give zero / 6 stars to the current album,4,3,0,0.00011330534,4,OOD_Class_3
I want these are the days added to my spotlight spain 2016 playlist.,0,0,0,0.00017147044,4,OOD_Class_3
play Steven Reineke greatest soundtrack on Youtube,3,4,1,0.00039113758,4,OOD_Class_3
play some Bertine Zetlitz record,3,4,1,0.00018552654,4,OOD_Class_3
I'd like johnny nash to be put into my playlist Always Pop Punk,0,0,0,0.00016037376,4,OOD_Class_3
Is there snow in the District Of Columbia,2,2,0,0.000115409246,4,OOD_Class_3
Rate this novel 3 out of 6 points .,4,3,0,0.00011537091,4,OOD_Class_3
show me the schedule of Letters from a Porcupine in Alamo Drafthouse Cinema,6,5,0,0.00012583491,4,OOD_Class_3
Will you play a ballad from Mahalaxmi Iyer,3,4,1,0.00029221617,4,OOD_Class_3
I would rate this novel 2 points and a best rating of 6,4,3,0,0.00011655963,4,OOD_Class_3
Weather in Cairngorms-Nationalpark close from freezing,2,2,0,0.00010075942,4,OOD_Class_3
Can you play a top song from a chyi chin concerto,3,4,1,0.00015902675,4,OOD_Class_3
I want to hear Gloryhole from Mani off of Lastfm,3,4,1,0.00052326056,4,OOD_Class_3
I'd like to take a party of five today to a place in Colorado,1,1,0,0.00014191472,4,OOD_Class_3
Play me Leonid Soybelman on Vimeo .,3,0,1,0.00034625226,4,OOD_Class_3
book a spot for 8 in Hungary on february the 14th,1,1,0,0.00012883283,4,OOD_Class_3
Play The God That Failed on Vimeo .,3,0,1,0.0018452157,4,OOD_Class_3
Play the top fifty record from Alan Jardine,3,4,1,0.00038524772,4,OOD_Class_3
I rate Vivian Grey three .,4,3,0,0.00010853311,4,OOD_Class_3
Is Millions in the Air playing at the cinema,6,5,0,0.00012869276,4,OOD_Class_3
"What's the forecast for Fort Payne , AMerican Samoa this march twentieth ?",2,2,0,0.00013058455,4,OOD_Class_3
Play Tomorrow,3,4,1,0.00010297028,4,OOD_Class_3
I give Benson-Meditation 1 out of 6 stars .,4,3,0,0.000106387946,4,OOD_Class_3
Find the schedule for Brick .,6,5,0,0.000114780065,4,OOD_Class_3
Play me the show Cheaper By the Dozen 2,5,4,0,0.00014783237,4,OOD_Class_3
Tell me if it will storm at my current location,2,2,0,0.00016889871,4,OOD_Class_3
"book a spot for 8 at a tavern on Jun. the 11th, 2034",1,1,0,0.00013783449,4,OOD_Class_3
my rating for Some Doves and Pythons is four,4,3,0,0.00010555439,4,OOD_Class_3
Play music off Netflix .,3,4,1,0.00028957534,4,OOD_Class_3
play Vivian Stanshall from 1962,3,4,1,0.00015362394,4,OOD_Class_3
Play some Oleg Anofriyev from 1960 .,3,4,1,0.00015530798,4,OOD_Class_3
Play the top fifty soundtrack from the twenties .,3,4,1,0.00014174645,4,OOD_Class_3
Play a seventies soundtrack by steve walsh on Groove Shark,3,4,1,0.00023492952,4,OOD_Class_3
Play Spotify,3,4,1,0.0021313075,4,OOD_Class_3
add post mortem to my timeless love songs playlist,0,0,0,0.00017553751,4,OOD_Class_3
Play music from Youtube .,3,4,1,0.0008728821,4,OOD_Class_3
Play the greatest soundtrack by Jesse Harms .,3,4,1,0.00020222997,4,OOD_Class_3
I want to book a restaurant neighboring Livonia Av,1,1,0,0.00013525275,4,OOD_Class_3
Open Itunes and play Bad Attitude,3,0,1,0.0012767282,4,OOD_Class_3
Is The Day of the Beast playing at three p.m. ?,6,5,0,0.00013901279,4,OOD_Class_3
find a TV series called Armageddon Summer,5,4,0,0.00012043296,4,OOD_Class_3
Play breed the killers on Itunes,3,4,1,0.0012139517,4,OOD_Class_3
Proceed with Hitomi Nabatame music from 2003 .,3,4,1,0.0034172365,4,OOD_Class_3
Play some eighties movement music,3,4,1,0.00030021055,4,OOD_Class_3
Open google music and play Women of Jazz playlist,3,0,1,0.00019302712,4,OOD_Class_3
I want to hear a symphony from Kano,3,4,1,0.0001318559,4,OOD_Class_3
Play me some music from 1999,3,4,1,0.00014511585,4,OOD_Class_3
Play Contigo En La Distancia,3,4,1,0.00044009686,4,OOD_Class_3
Play me a song from Luxury Liner,3,4,1,0.0002696791,4,OOD_Class_3
Play music from 2015,3,4,1,0.0001996697,4,OOD_Class_3
Open up music on Last Fm .,3,4,1,0.00198578,4,OOD_Class_3
I'd like to see showings for All the Way Home at Kerasotes Theatres .,6,5,0,0.00015584953,4,OOD_Class_3
Can you play Halloween by Ajinoam Nini,3,4,1,0.00011377611,4,OOD_Class_3
Play me a ballad by Dres on groove shark,3,4,1,0.00035999462,4,OOD_Class_3
What's the weather here ?,2,2,0,0.00011948159,4,OOD_Class_3
Book restaurnt at N9NE Group in Loogootee UT,1,1,0,0.0001649198,4,OOD_Class_3
gve 2 points to The Stinky Cheese Man and Other Fairly Stupid Tales,4,3,0,0.0001280762,4,OOD_Class_3
Is it warm in Vietnam,2,2,0,0.00011563483,4,OOD_Class_3
"I need Journal of Pediatric Oncology Nursing , help me find",5,4,0,0.0001491213,4,OOD_Class_3
Play Slacker radio.,3,4,1,0.0007952902,4,OOD_Class_3
play chant by Prurient,3,4,1,0.0002339443,4,OOD_Class_3
Please play songs by Lil Jon,3,4,1,0.00027498105,4,OOD_Class_3
I would like to book a restaurant within the same area as Myrtle Av for 6,1,1,0,0.0001342438,4,OOD_Class_3
add flying to my Women of Rock playlist,0,0,0,0.00016988568,4,OOD_Class_3
Book a table for 8 people at Robinson House .,1,1,0,0.00016797172,4,OOD_Class_3
Play the track Siberian Khatru on zvooq,3,4,1,0.0011522874,4,OOD_Class_3
Play the most popular music from Nat Stuckey on Itunes .,3,0,1,0.002027394,4,OOD_Class_3
What time is G-Men vs The Black Dragon playing at Harkins Theatres,6,5,0,0.00013368501,4,OOD_Class_3
book a restaurant in AL at Oak Ridge,1,1,0,0.00015405919,4,OOD_Class_3
I want to hear some songs from the twenties,3,4,1,0.0001140119,4,OOD_Class_3
Play some fourties music on Spotify .,3,0,1,0.0003092933,4,OOD_Class_3
play Jill Sobule album,3,4,1,0.000279611,4,OOD_Class_3
Book a restaurant in Darnell .,1,1,0,0.00014258856,4,OOD_Class_3
Rate this series a 5,4,3,0,0.000115765804,4,OOD_Class_3
Play Julie Driscoll,3,4,1,0.000192005,4,OOD_Class_3
Play me a song from 2016,3,4,1,0.00023272457,4,OOD_Class_3
Play The View From The Afternoon by Malese Jow on Last Fm,3,4,1,0.0014151742,4,OOD_Class_3
Show me the movie times for animated movies in the area .,6,5,0,0.0001488703,4,OOD_Class_3
Will you pull up my Jueves de Antaño playlist,3,0,1,0.00017568248,4,OOD_Class_3
Play some noise music on Netflix .,3,4,1,0.00061951927,4,OOD_Class_3
Where to buy painting Target Practice,5,4,0,0.00017796297,4,OOD_Class_3
play the album Pressure Cracks with Netflix,3,4,1,0.00013671047,4,OOD_Class_3
What is the weather going to be at dinner time in the Lake Le-Aqua-Na State Recreation Area,2,2,0,0.00012171875,4,OOD_Class_3
Can you find the novel Journal of Social Work,5,4,0,0.00012845146,4,OOD_Class_3
Play me a Chris Needham song on Vimeo,3,4,1,0.00092306506,4,OOD_Class_3
Play a 1998 sound track from Sam The Kid on Last Fm,3,4,1,0.00021814188,4,OOD_Class_3
give two stars to current chronicle,4,3,0,0.000116332296,4,OOD_Class_3
Play me a song from 1968 on Spotify,3,4,1,0.0004748196,4,OOD_Class_3
Rate this essay four out of 6,4,3,0,0.000116332674,4,OOD_Class_3
Find the schedule for the closest films at a cinema at meal time.,6,5,0,0.00015076995,4,OOD_Class_3
Play Socialism Is Good by terje bakken on Spotify .,3,0,1,0.000284354,4,OOD_Class_3
Play play Lodge by Alkabli on lastfm .,3,4,1,0.0019050533,4,OOD_Class_3
rate the current series 1 points,4,3,0,0.00011231338,4,OOD_Class_3
Play some Don Ho on Netflix,3,4,1,0.00019975833,4,OOD_Class_3
add maggie mcgill to my night vibes,0,0,0,0.00018022349,4,OOD_Class_3
Play me the most popular Peja song on Slacker,3,4,1,0.00029205644,4,OOD_Class_3
Play the song Le Renouveau,3,4,1,0.00016442918,4,OOD_Class_3
Add an album by Jenifer to my travelling playlist,0,0,0,0.00016905997,4,OOD_Class_3
Please play music from Itunes,3,4,1,0.00045706154,4,OOD_Class_3
The Young Lion saga gets a solid 4 points out of 6 .,4,3,0,0.0001249274,4,OOD_Class_3
play Peja tunes,3,4,1,0.0002366824,4,OOD_Class_3
add agua y sal in Classic Jazz Funk,0,0,0,0.00017129524,4,OOD_Class_3
Please play me something by New Wave Of American Heavy Metal,3,4,1,0.00033653184,4,OOD_Class_3
I need a restaurant that has internet access for a party of six,1,1,0,0.00013958637,4,OOD_Class_3
I'd like to eat at a bar that serves corn relish with a party of five,1,1,0,0.00015212188,4,OOD_Class_3
Where can I find the game KAAKAI Newspaper,5,4,0,0.00012857202,4,OOD_Class_3
read the novel Friend The Great Legacy,5,4,0,0.00011402761,4,OOD_Class_3
Can you play a sound track from 1963 ?,3,4,1,0.00014466829,4,OOD_Class_3
Add Tunnel of Love to ethel's metal crash course palylist,0,0,0,0.00017934921,4,OOD_Class_3
Plpay my Disco Fever playlist.,3,0,1,0.0001870372,4,OOD_Class_3
add Bedroom Jams to album,0,0,0,0.0001789971,4,OOD_Class_3
Put new page onto my latin jazz playlist.,0,0,0,0.00016979962,4,OOD_Class_3
What will be the temperate in Tyresta National Park on 7/18/2030 ?,2,2,0,0.00012059449,4,OOD_Class_3
Play The Garden Of Allah from Wade Mainer,3,4,1,0.00023236223,4,OOD_Class_3
Play a twenties concerto from Roger Taylor on deezer,3,4,1,0.00034756874,4,OOD_Class_3
Show me the show Goldimouse and the Three Cats,5,4,0,0.00012113442,4,OOD_Class_3
Play me a fifties song,3,4,1,0.0001694552,4,OOD_Class_3
Play me a song by Steve Hackett from Manuel,3,4,1,0.0003189764,4,OOD_Class_3
turn on Google Music to play 1991,3,0,1,0.0005447839,4,OOD_Class_3
play chant on groove shark from 1996,3,4,1,0.00029482803,4,OOD_Class_3
What's today's movie schedule,6,5,0,0.00011127075,4,OOD_Class_3
Find a television show called Basement Screams .,5,4,0,0.00012807384,4,OOD_Class_3
I am rating this book titled The Billion Dollar Ransom 3 stars .,4,3,0,0.00011701581,4,OOD_Class_3
play a good John Maher record with Netflix,3,4,1,0.0001493624,4,OOD_Class_3
Play some Google Music .,3,0,1,0.003107685,4,OOD_Class_3
Can you play some music from 1999,3,4,1,0.0001568927,4,OOD_Class_3
Play Kool Keith Presents Thee Undatakerz by John Mccrea .,3,4,1,0.0003138809,4,OOD_Class_3
Play me some music by Prince Alla from the twenties,3,4,1,0.00013508071,4,OOD_Class_3
Lets hear some 2009 music,3,4,1,0.00013793759,4,OOD_Class_3
Book a restaurant for 7 people.,1,1,0,0.0001257465,4,OOD_Class_3
add apathy to my electro sur playlist,0,0,0,0.00017587871,4,OOD_Class_3
Play a record from the year 1979,3,4,1,0.00018022349,4,OOD_Class_3
I'd like to watch films anywhere nearby,6,5,0,0.00012425029,4,OOD_Class_3
play Netflix tunes from 2003 on an album,3,4,1,0.00016103273,4,OOD_Class_3
add this Michael V track to my Folk & Americana,0,0,0,0.0002202294,4,OOD_Class_3
Find a show called Friday Download .,5,4,0,0.00013740538,4,OOD_Class_3
Is it warm in Sierra Blanca now,2,2,0,0.000120889454,4,OOD_Class_3
Where is Feast II No Limit playing,6,5,0,0.00021999703,4,OOD_Class_3
Play Seasons In The Sun by Rosco Gordon on iheart,3,4,1,0.000760517,4,OOD_Class_3
add the track by Paul Gray to my 2010s smash hits playlist,0,0,0,0.00017691305,4,OOD_Class_3
Play A Chaos Of Desire from Dan Snaith,3,4,1,0.00029564594,4,OOD_Class_3
Can I hear a song by David Hodges ?,3,4,1,0.00015146575,4,OOD_Class_3
play something from the twenties,3,4,1,0.00014579254,4,OOD_Class_3
book John Pearson Soda Works restaurant on 7/27/2036,1,1,0,0.0001459994,4,OOD_Class_3
Play Shaina Magdayao 's music on Iheart,3,0,1,0.0011922914,4,OOD_Class_3
give The Last Child 4 of 6,4,3,0,0.000110303015,4,OOD_Class_3
Play a sound track by Mac Dre .,3,4,1,0.0002545796,4,OOD_Class_3
Play music on pandora,3,0,1,0.0021972542,4,OOD_Class_3
Play Chris Goss on Netflix,3,4,1,0.00020721379,4,OOD_Class_3
show the movie schedules at United Paramount Theatres,6,5,0,0.00013010073,4,OOD_Class_3
add sonntag to my Assassin's Creed,0,0,0,0.00017382862,4,OOD_Class_3
will it be chilly in Cistern,2,2,0,0.0001316083,4,OOD_Class_3
Play me a nineties song by Joseph Genaro,3,4,1,0.0001779227,4,OOD_Class_3
Play some thrash metal .,3,4,1,0.0009095826,4,OOD_Class_3
Play always by walter parazaider .,3,4,1,0.0001843859,4,OOD_Class_3
play Abhijeet Bhattacharya from 1986,3,4,1,0.00015978154,4,OOD_Class_3
Turn on Last Fm,3,0,1,0.001041949,4,OOD_Class_3
Show the My World 2.0 photograph,5,4,0,0.00021445559,4,OOD_Class_3
play latest Shaggy music,3,4,1,0.0006868933,4,OOD_Class_3
I want to know the temperate from January the twentieth in Brazil,2,2,0,0.00012285027,4,OOD_Class_3
play a 1999 track by Pete Seeger on Youtube,3,4,1,0.00037738358,4,OOD_Class_3
Play Subconscious Lobotomy from Jennifer Paull .,3,4,1,0.0005962024,4,OOD_Class_3
rate the book Whit a zero,4,3,0,0.00011758877,4,OOD_Class_3
Open Vimeo and play music.,3,4,1,0.0003960521,4,OOD_Class_3
play music by Vybz Kartel,3,4,1,0.00022204222,4,OOD_Class_3
play Piano 100,3,4,1,0.00021186116,4,OOD_Class_3
Play Eve,3,4,1,0.0002450923,4,OOD_Class_3
give me the Morning movie schedules,6,5,0,0.000119386284,4,OOD_Class_3
Please play Jim Martin on Vimeo .,3,0,1,0.0011320055,4,OOD_Class_3
Play the song Jingle Bells,3,4,1,0.00014695656,4,OOD_Class_3
Book a restaurant for one in AL .,1,1,0,0.00013569552,4,OOD_Class_3
Show me a forecast for French Polynesia,2,2,0,0.0001810206,4,OOD_Class_3
Play the album Resurrection In Blood from Sleepy Brown on Itunes .,3,4,1,0.00040835424,4,OOD_Class_3
play Isham Jones,3,4,1,0.00027015666,4,OOD_Class_3
play some Mike Porcaro,3,4,1,0.00021933309,4,OOD_Class_3
Find the movie schedule for B&B Theatres .,6,5,0,0.00013475596,4,OOD_Class_3
What is the weather looking like in Prosser on feb. the 18th ?,2,2,0,0.000113399496,4,OOD_Class_3
Play something by Duke Ellington from the seventies,3,4,1,0.00016467461,4,OOD_Class_3
"What will the weather be like in the Falkland Islands starting may 25, 2022",2,2,0,0.00013303063,4,OOD_Class_3
Play my 88 Keys playlist.,3,0,1,0.00018758039,4,OOD_Class_3
find The Magical World of Roger Whittaker,5,4,0,0.0001543267,4,OOD_Class_3
Play Tad Kinchla soundtrack,3,4,1,0.00017332182,4,OOD_Class_3
Play Clay Aiken 's The Bonny Hind on Groove Shark .,3,4,1,0.0005522445,4,OOD_Class_3
Find the Hopeless Romantic photograph,5,4,0,0.00013767516,4,OOD_Class_3
Find a reservation at Fish Express,1,1,0,0.00014132877,4,OOD_Class_3
show me the movie schedule in the neighbourhood movies,6,5,0,0.00013305666,4,OOD_Class_3
book a table at a churrascaria for august 5 that has parking,1,1,0,0.00016690555,4,OOD_Class_3
Rate Gota’s War a one,4,3,0,0.00013435169,4,OOD_Class_3
What movies are playing one hour from now at Cooper Foundation ?,6,5,0,0.00012450514,4,OOD_Class_3
Add this tune to the Duetos playlist,0,0,0,0.00017113477,4,OOD_Class_3
use Vimeo to play De Camino a Clase playlist,3,0,1,0.00019016235,4,OOD_Class_3
Will it be windy at Medicine Rocks State Park on May 24,2,2,0,0.00012638155,4,OOD_Class_3
Please play Casino Boogie,3,4,1,0.00018297095,4,OOD_Class_3
I need a photograph of The Oregon Desert,5,4,0,0.0001322683,4,OOD_Class_3
forecast for Addo-Elefanten-Nationalpark,2,2,0,0.00016619879,4,OOD_Class_3
Where is Road to the Stage playing,6,5,0,0.00013895358,4,OOD_Class_3
Find Trust in the Lord – Live Worship with Don Moen .,5,4,0,0.00021649455,4,OOD_Class_3
play James Moody ballad,3,4,1,0.0002806313,4,OOD_Class_3
Play Fais Les Backs by Sarah Geronimo on Youtube,3,0,1,0.0015486525,4,OOD_Class_3
Play Stevan Faddy on Google Music .,3,0,1,0.00020731213,4,OOD_Class_3
What time is Pussyfoot playing at Pacific Theatres ?,6,5,0,0.00012340375,4,OOD_Class_3
I want to hear the new movement from Richard Harvey,3,4,1,0.00036099003,4,OOD_Class_3
SHow me the nearest movie house showing Moron 5 and the Crying Lady,6,5,0,0.00012908086,4,OOD_Class_3
play anything from the twenties,3,4,1,0.00020276809,4,OOD_Class_3
I would give the All That Fresh out the Box saga a rating of 2 points,4,3,0,0.0001237741,4,OOD_Class_3
Play music from the artist sean yseult and sort it through top-50,3,0,1,0.0014255967,4,OOD_Class_3
play some Kyle Ward from the seventies,3,4,1,0.00014862188,4,OOD_Class_3
Start playing something from Iheart,3,4,1,0.00022746646,4,OOD_Class_3
play new music by Elmore James with google music,3,0,1,0.0017307344,4,OOD_Class_3
Play Elkie Brooks seventies sound track,3,4,1,0.00031215712,4,OOD_Class_3
Play Hughie Graham by Vidyadhar Vyas,3,4,1,0.00029787433,4,OOD_Class_3
Play dhafer youssef top-twenty on netflix,3,4,1,0.0008722325,4,OOD_Class_3
Can you look for the creative work called No Gravity,5,4,0,0.00013848096,4,OOD_Class_3
List movie schedule,6,5,0,0.00011524532,4,OOD_Class_3
Play the album Making Evening And Night by Cevin Key,3,4,1,0.00016393204,4,OOD_Class_3
look up Holy Water,5,4,0,0.00018359511,4,OOD_Class_3
I want to book a restaurant for ten people.,1,1,0,0.00011583752,4,OOD_Class_3
show me movies in the area,6,5,0,0.0001220953,4,OOD_Class_3
Play some Gospel music.,3,4,1,0.0002521246,4,OOD_Class_3
find a movie house with Colic The Movie that is nearest,6,5,0,0.0001237773,4,OOD_Class_3
Weather for Faroe Islands,2,2,0,0.000104160405,4,OOD_Class_3
Play some showtunes music.,3,4,1,0.00019167806,4,OOD_Class_3
add keltech to my 70s road trip playlist,0,0,0,0.00016570762,4,OOD_Class_3
Open Youtube and play Iron Mountain Depot from John Lomax,3,4,1,0.00053385744,4,OOD_Class_3
Can you play The Change Is Made on Netflix,3,4,1,0.00010480072,4,OOD_Class_3
book a caucasian serving steakhouse for 4 in Saint Pierre and Miquelon,1,1,0,0.0001551228,4,OOD_Class_3
Is Prophecy playing at Malco Theatres,6,5,0,0.00012425437,4,OOD_Class_3
play Hora Din Moldova by Yamazaki Maso,3,4,1,0.00020406031,4,OOD_Class_3
I want to rate this novel three out of 6,4,3,0,0.00012055375,4,OOD_Class_3
I give this book Dictionary of the English Language a 4 rating,4,3,0,0.00012933424,4,OOD_Class_3
add megon mcdonough indie songs for slackers to my playlist artist,0,0,0,0.00018235215,4,OOD_Class_3
Will it get cold in Nevada seven weeks and a half from now ?,2,2,0,0.00012142158,4,OOD_Class_3
Play Niko from the fourties,3,4,1,0.00013618276,4,OOD_Class_3
Play any song from Rebecca Hewitt,3,4,1,0.00031995313,4,OOD_Class_3
book rosalie stewart and evelyn at a restaurant,1,1,0,0.00015005343,4,OOD_Class_3
Play a sixties track by Noam Pikelny on iheart .,3,0,1,0.0016428301,4,OOD_Class_3
Play andrew lloyd webber 's good tune on zvooq .,3,0,1,0.00048603173,4,OOD_Class_3
Make me a reservation in Crugers at Marlton Circle for a party of eight,1,1,0,0.0001640787,4,OOD_Class_3
Play music from 2002,3,4,1,0.00015296963,4,OOD_Class_3
I give Rogue Ship 5 out of 6 .,4,3,0,0.000116787705,4,OOD_Class_3
my father in law and I would like to go to a highly rated bar,1,1,0,0.00015466718,4,OOD_Class_3
What's the weather going to be like not far from East Timor,2,2,0,0.0001195397,4,OOD_Class_3
Play Eternally by Marko Desantis on zvooq .,3,4,1,0.0018817795,4,OOD_Class_3
play Pop 2017 Picks,3,0,1,0.0011922602,4,OOD_Class_3
Play Alfredo Zitarrosa on spotify .,3,0,1,0.0002243541,4,OOD_Class_3
open the Canciones del Recuerdo playlist and play songs,3,0,1,0.0002401166,4,OOD_Class_3
Give the current album a five .,4,3,0,0.00011961525,4,OOD_Class_3
Play Rocket Queen on Itunes,3,0,1,0.0015237432,4,OOD_Class_3
Find the schedule for Vanishing of the Bees at a movie house .,6,5,0,0.00012946391,4,OOD_Class_3
I want to hear Choice on Last Fm from the twenties .,3,4,1,0.0009456695,4,OOD_Class_3
play Clifford Brown All Stars by Michael Balzary,3,4,1,0.00026798967,4,OOD_Class_3
Play me a 1957 ep,3,4,1,0.00020500594,4,OOD_Class_3
want to find the novel called Innocent Until Caught 2 Guilty,5,4,0,0.00012184924,4,OOD_Class_3
Play some sixties songs on Google Music,3,0,1,0.00025708936,4,OOD_Class_3
what are the movie times for United Paramount Theatres,6,5,0,0.00013125023,4,OOD_Class_3
What's the weather in New Beaver,2,2,0,0.000121067395,4,OOD_Class_3
Could you play the album B Men Gahō by Nathaniel Shilkret,3,4,1,0.00013669967,4,OOD_Class_3
find Death Is Called Engelchen at Neighborhood Cinema Group,6,5,0,0.00015360957,4,OOD_Class_3
What is the forecast this evening for the Calipuy National Reservation,2,2,0,0.00013045718,4,OOD_Class_3
Add millie corretjer to the rhythm playlist,0,0,0,0.00017071671,4,OOD_Class_3
Play something on Last Fm,3,4,1,0.0018977581,4,OOD_Class_3
Book a restaurant in seven in Fort McKinley,1,1,0,0.0001323626,4,OOD_Class_3
Find movie schedules .,6,5,0,0.00011492187,4,OOD_Class_3
play 1981 tunes by Jiles Perry Richardson on Lastfm for theme music,3,0,1,0.001528724,4,OOD_Class_3
Add kaya newest track to my I Love My '00's R&B playlist,0,0,0,0.00017847381,4,OOD_Class_3
Please play some Black Metal music,3,4,1,0.00027442857,4,OOD_Class_3
How temperate will it be here this week ?,2,2,0,0.00012681428,4,OOD_Class_3
Play some rock & roll by Deezer .,3,4,1,0.00037439962,4,OOD_Class_3
Book a bar with a pool in Mountain Iron .,1,1,0,0.00013675042,4,OOD_Class_3
Give 0 rating to In the Heart of the Country,4,3,0,0.00010654275,4,OOD_Class_3
what animated movies are showing in the neighborhood,6,5,0,0.00013009828,4,OOD_Class_3
play wendy james from the fifties,3,4,1,0.00013056786,4,OOD_Class_3
What's the weather this month in Mozambique,2,2,0,0.00012478838,4,OOD_Class_3
Add this tune to my playlist named Women of Fresh Finds,0,0,0,0.00017579406,4,OOD_Class_3
play something from the twenties on Lastfm,3,4,1,0.0003895395,4,OOD_Class_3
"Tell me the weather forecast one year from now in Kulpsville , Togo",2,2,0,0.00012650585,4,OOD_Class_3
Put this track on Musica Española 2017,0,0,0,0.00018341825,4,OOD_Class_3
What's the weather forecast for Nishi Sonogi Hantō Prefectural Natural Park three years from now ?,2,2,0,0.00012925248,4,OOD_Class_3
play the It Could Only Happen With You album by Lawrence,3,4,1,0.0002501205,4,OOD_Class_3
add nico to my rock to work,0,0,0,0.00018395558,4,OOD_Class_3
I want to book an ethiopian bar for this Afternoon .,1,1,0,0.00013972289,4,OOD_Class_3
play dj kentaro from the year 1994,3,4,1,0.00040373576,4,OOD_Class_3
I'd like to hear the song Daimidaler Prince vs Penguin Empire,5,4,0,0.00010722516,4,OOD_Class_3
Book a restaurant in MP at 3 pm with pigs in blankets,1,1,0,0.00013031732,4,OOD_Class_3
play some sad songs from the fifties,3,4,1,0.00010564208,4,OOD_Class_3
I give the Knife of Dreams saga a 0 of 6,4,3,0,0.00012120298,4,OOD_Class_3
play chant music from 1993,3,4,1,0.00015073294,4,OOD_Class_3
Play a tune from Space Mandino .,3,4,1,0.00031257814,4,OOD_Class_3
Put abe laboriel onto the Escapada playlist.,0,0,0,0.00017298167,4,OOD_Class_3
Play Oliver on pandora .,3,4,1,0.0019508225,4,OOD_Class_3
When will The Flower and the Angry Waves be showing?,6,5,0,0.00015163983,4,OOD_Class_3
this album is five stars .,4,3,0,0.00011313902,4,OOD_Class_3
Add Hanging On to my just dance by aftercluv playlist.,0,0,0,0.00017630904,4,OOD_Class_3
Play some Mf Doom from the sixties on pandora .,3,4,1,0.0017954023,4,OOD_Class_3
Play music from the track My Friend on Google Music by Steve Sholes,3,4,1,0.00036329761,4,OOD_Class_3
I want to hear Techno-industrial music.,3,4,1,0.00045887893,4,OOD_Class_3
Play a popular song by Willie Dixon on Groove Shark,3,4,1,0.00032691695,4,OOD_Class_3
"Book a table at Central Grocery on Mar. 22nd, 2020",1,1,0,0.00013621256,4,OOD_Class_3
Play the top ten by Andrea Del Rosario .,3,4,1,0.00025301715,4,OOD_Class_3
Add dr know to my TODO ALTERNATIVO playlist.,0,0,0,0.0001904494,4,OOD_Class_3
play the newest by Exuma,3,4,1,0.00027836533,4,OOD_Class_3
What will the weather be in Totowa Guernsey ?,2,2,0,0.00011462405,4,OOD_Class_3
Play Greg Raposo songs from the thirties,3,4,1,0.00016811921,4,OOD_Class_3
I want to hear anything from the Rock Symphonique genre please.,3,4,1,0.00063655723,4,OOD_Class_3
play some popular bryan gregory songs,3,4,1,0.00020740215,4,OOD_Class_3
Which movies are showing at Southern Theatres ?,6,5,0,0.00012536153,4,OOD_Class_3
Play classic rock on Groove Shark,3,0,1,0.00029849634,4,OOD_Class_3
I want to hear a Sandra ep,3,4,1,0.00017520724,4,OOD_Class_3
Play Tina Cousins from 1956,3,4,1,0.00011680919,4,OOD_Class_3
I'm looking for the saga Why Men Leave Home,5,4,0,0.00012758063,4,OOD_Class_3
play 1970 trunes,3,4,1,0.00014796157,4,OOD_Class_3
Show me Heavenly Sword,5,4,0,0.00012832572,4,OOD_Class_3
play Kurt Cobain ballad tunes,3,4,1,0.00019395813,4,OOD_Class_3
Which movies are playing at AMC Theaters 1 second from now ?,6,5,0,0.00013253812,4,OOD_Class_3
I want to book Dinner by Heston Blumenthal in AL .,1,1,0,0.00015345828,4,OOD_Class_3
play the best album from the seventies,3,4,1,0.0001745254,4,OOD_Class_3
I want to eat in Ramona,1,1,0,0.00016487329,4,OOD_Class_3
Play some Armik from the fourties,3,4,1,0.00016536396,4,OOD_Class_3
Play some Psychedelic Rock .,3,4,1,0.00035536132,4,OOD_Class_3
"Is it warmer in Monson , U.S. Minor Outlying Islands",2,2,0,0.00011240474,4,OOD_Class_3
Rate this novel three out of 6,4,3,0,0.00011724477,4,OOD_Class_3
When will it be hot here,2,2,0,0.00012369547,4,OOD_Class_3
rate this saga 4 out of 6 stars,4,3,0,0.00011979084,4,OOD_Class_3
I'd like to reserve a table at a pub that serves andouillettes within the same area in San Marino .,1,1,0,0.00015005669,4,OOD_Class_3
Can I hear Anna Vissi 's new music on Pandora ?,3,0,1,0.0011243499,4,OOD_Class_3
play zvooq Southern Gothic,3,4,1,0.00022132632,4,OOD_Class_3
Please play me some Satire music,3,4,1,0.0001636307,4,OOD_Class_3
Rate Notes from the Internet Apocalypse four of 6 stars,4,3,0,0.00011851081,4,OOD_Class_3
Can I get a table at The Fort ?,1,1,0,0.0001461467,4,OOD_Class_3
Put Kim Kibum in my the martin garrix show playlist.,0,0,0,0.00016305648,4,OOD_Class_3
Play a rock track from 1984,3,4,1,0.00026442824,4,OOD_Class_3
Play a 2001 sound track on Deezer .,3,4,1,0.00054964534,4,OOD_Class_3
Play an Andy Silvester sound track from the thirties on Spotify,3,4,1,0.00051171635,4,OOD_Class_3
Tell me if it'll be freezing next month in Rhode Island,2,2,0,0.00013934451,4,OOD_Class_3
Find a movie schedule .,6,5,0,0.00011171226,4,OOD_Class_3
Play music by Country Dick Montana .,3,4,1,0.00026541573,4,OOD_Class_3
"play Bill Evans album The Best Of The 12"" Mixes",3,4,1,0.00031920773,4,OOD_Class_3
Want to play Christina Schollin Lastfm,3,4,1,0.00014538504,4,OOD_Class_3
Play my Women of Rock playlist.,3,0,1,0.00018849816,4,OOD_Class_3
Would you please play me a symphony from 1995,3,4,1,0.00014240717,4,OOD_Class_3
rate Black Boy 4 out of 6,4,3,0,0.00011475288,4,OOD_Class_3
Where is the closest cinema that features animated movies,6,5,0,0.00012414252,4,OOD_Class_3
play a ballad by Chick Corea,3,4,1,0.00020779052,4,OOD_Class_3
Play a top song by Carson Parks on Groove Shark,3,4,1,0.0019456464,4,OOD_Class_3
Play music on Groove Shark .,3,0,1,0.0022142185,4,OOD_Class_3
play music by Ryan Malcolm from Sympathy For The Devil on Pandora,3,4,1,0.0003314258,4,OOD_Class_3
The book History of Shit should be rated 2 out of 6 .,4,3,0,0.00011204012,4,OOD_Class_3
Play music on Last Fm,3,4,1,0.00083726906,4,OOD_Class_3
Play the greatest ballad from the seventies,3,4,1,0.00016915011,4,OOD_Class_3
play The Happiest Days Of Our Lives by Tommy Emmanuel,3,4,1,0.00018988964,4,OOD_Class_3
book a restaurant for november 19,1,1,0,0.00011555331,4,OOD_Class_3
play the track The Wizard And I,3,4,1,0.00011822052,4,OOD_Class_3
Rate The Autobiography of Alice B. Toklas 1 out of 6 stars,4,3,0,0.00011209424,4,OOD_Class_3
Play the greatest from Win Stracke on Groove Shark .,3,0,1,0.0009248242,4,OOD_Class_3
Please play something that's freak folk on Google Music,3,0,1,0.00037034054,4,OOD_Class_3
what movie theatre is showing Titanic The Legend Goes On,6,5,0,0.0001284087,4,OOD_Class_3
Please book me a table for three at an american gastropub,1,1,0,0.0001746573,4,OOD_Class_3
play some good amber gristak on Lastfm,3,0,1,0.0009181896,4,OOD_Class_3
what is the forecast for Montana at dinner,2,2,0,0.00013342043,4,OOD_Class_3
Play track music from Peter Finestone on Netflix sort by newest,3,4,1,0.0014263617,4,OOD_Class_3
Let's hear stuff from Andrew Hewitt .,3,4,1,0.0016523898,4,OOD_Class_3
Book a table for 10 at the Dunbrody Country House Hotel in Serbia,1,1,0,0.00013595755,4,OOD_Class_3
Play top-ten eighties song,3,4,1,0.000484299,4,OOD_Class_3
My rating for The Eiffel Tower and Other Mythologies is 0 out of 6 stars,4,3,0,0.00011073414,4,OOD_Class_3
add artist to lo mejor de los 00's,0,0,0,0.00018795415,4,OOD_Class_3
Find a table for 2 at a restaurant in Saint Vincent and the Grenadines,1,1,0,0.0001537512,4,OOD_Class_3
rate Varney the Vampire with 1 points,4,3,0,0.00012020067,4,OOD_Class_3
Please play Short And Sweet by Teyana Taylor from my itunes .,3,0,1,0.0018411104,4,OOD_Class_3
play To Be Still,3,4,1,0.00039825134,4,OOD_Class_3
I want to find the show From Where to Eternity .,5,4,0,0.00010131985,4,OOD_Class_3
Play Inventions For The New Season,3,4,1,0.00013188271,4,OOD_Class_3
Please play me a top nineties theme song,3,4,1,0.00016636099,4,OOD_Class_3
play Itunes songs by Gerard Way,3,4,1,0.0003791586,4,OOD_Class_3
Play me a tune by Mick Brown,3,4,1,0.00019440675,4,OOD_Class_3
play pop music with Groove Shark,3,4,1,0.00037928545,4,OOD_Class_3
Will it be foggy at sunset in Red Devil,2,2,0,0.00011240716,4,OOD_Class_3
add git to Domingo Indie,0,0,0,0.00018084337,4,OOD_Class_3
give 5 out of 6 points to Racing the Rain,4,3,0,0.00011127659,4,OOD_Class_3
Please play anything by george formby jr,3,4,1,0.00021554761,4,OOD_Class_3
Add Steve Jones to my chill list,0,0,0,0.00016872476,4,OOD_Class_3
Will it be freezing here at 063122 am,2,2,0,0.00012533682,4,OOD_Class_3
Play an album from 1987 .,3,4,1,0.00039656105,4,OOD_Class_3
Play the top twenty Hisham Abbas on Youtube,3,0,1,0.0014751833,4,OOD_Class_3
can you play some weird music from the noise genre,3,4,1,0.0002583577,4,OOD_Class_3
Play the best Vanessa Peters songs,3,4,1,0.00025934578,4,OOD_Class_3
Rate Body of Secrets one stars,4,3,0,0.0001295865,4,OOD_Class_3
Open my music playlist on Youtube,3,0,1,0.00022504876,4,OOD_Class_3
"What's the weather like in Tyonek , New Jersey",2,2,0,0.00011406557,4,OOD_Class_3
"Play the track Goodbye Alexander, Goodbye Honey Boy from Ehsaan Noorani",3,4,1,0.00015221415,4,OOD_Class_3
book a highly rated bar in Curacao for one,1,1,0,0.00014080295,4,OOD_Class_3
play a theme from 1985 by Patrick Cowley,3,4,1,0.00017414145,4,OOD_Class_3
Play Eddie Meduza from the thirties,3,4,1,0.00019864038,4,OOD_Class_3
Use Vimeo to play a Mark King record from 1993,3,4,1,0.00081147655,4,OOD_Class_3
I need to hear the song Aspro Mavro from Bill Szymczyk on Youtube,3,4,1,0.00019698447,4,OOD_Class_3
Play Trance Life on Zvooq .,3,4,1,0.0026143764,4,OOD_Class_3
Find me music by Kaori Utatsuki off the album that has top-twenty hits,3,4,1,0.0002019412,4,OOD_Class_3
Is The Tender Years at the nearest movie theatre,6,5,0,0.00012870655,4,OOD_Class_3
Add tune to cleaning the house,0,0,0,0.00016815167,4,OOD_Class_3
play paul riley on Youtube,3,0,1,0.001143137,4,OOD_Class_3
Play the artist Joe,3,4,1,0.00019145188,4,OOD_Class_3
Play me a song by Saki Nakajima,3,4,1,0.00029790966,4,OOD_Class_3
add the artist Pete Murray to my relaxing playlist,0,0,0,0.00016914142,4,OOD_Class_3
Can you play Crossover ?,3,4,1,0.00017130125,4,OOD_Class_3
Play the album Remember Shakti – The Believer .,3,4,1,0.00013369742,4,OOD_Class_3
Can you play a sound track by Sissieretta Jones,3,4,1,0.00023105452,4,OOD_Class_3
find a photograph called XQuery API for Java,5,4,0,0.0004154248,4,OOD_Class_3
Will it still be warm nineteen hours from now in PA,2,2,0,0.00011688418,4,OOD_Class_3
I want to book a table at a nearby restaurant in Andorra for me and my kids .,1,1,0,0.00014416019,4,OOD_Class_3
find Racing the Beam The Atari Video Computer System,5,4,0,0.0001452684,4,OOD_Class_3
"Let me hear the top album by the artist, Skin .",3,4,1,0.00018870765,4,OOD_Class_3
find a photograph called The Wish List,5,4,0,0.00012833023,4,OOD_Class_3
Add sammy hagar to Ultra Metal,0,0,0,0.00016913937,4,OOD_Class_3
Tell me the forecast for 6 am in Tatra-Nationalpark,2,2,0,0.00014739283,4,OOD_Class_3
I need a table at a restaurant in Texas for kelley and suzette,1,1,0,0.00015664622,4,OOD_Class_3
I wish to hear the playlist Estado de ánimo on Last Fm .,3,0,1,0.00020536246,4,OOD_Class_3
Play music from 1958,3,4,1,0.00012631658,4,OOD_Class_3
Play the Instrumental Study on Vimeo .,3,4,1,0.0002985397,4,OOD_Class_3
Will it blizzard today in Sint Maarten,2,2,0,0.000114063856,4,OOD_Class_3
play the last track by Shavo Odadjian,3,4,1,0.00021791423,4,OOD_Class_3
something on Spotify please,3,0,1,0.0008267896,4,OOD_Class_3
What time are films showing in the neighborhood,6,5,0,0.00012745355,4,OOD_Class_3
show video game name Find the Colour,5,4,0,0.0001140243,4,OOD_Class_3
"this winter , meredith, betty and erika want to food at a gastropub that is in the same area as fran's location .",1,1,0,0.00020787309,4,OOD_Class_3
play fourties tunes,3,4,1,0.00015427895,4,OOD_Class_3
Add sara hickman to my Targeted list,0,0,0,0.00017416505,4,OOD_Class_3
Is it going to be hot in Lexington-Fayette,2,2,0,0.00013819271,4,OOD_Class_3
Play some songs from the fifties,3,4,1,0.00012017737,4,OOD_Class_3
is the weather freezing in AK,2,2,0,0.000110880566,4,OOD_Class_3
Play the greatest 1966 album out there,3,4,1,0.00013686497,4,OOD_Class_3
Play The Wizard And I on Zvooq,3,4,1,0.00029285013,4,OOD_Class_3
The Cool World gets 4 points,4,3,0,0.00012437928,4,OOD_Class_3
Play a chant by Mj Cole,3,4,1,0.0002724947,4,OOD_Class_3
give four out of 6 rating to The Cattle King,4,3,0,0.000109070905,4,OOD_Class_3
Find the schedule for for Corn at eleven A.M. at Loews Cineplex Entertainment .,6,5,0,0.00012794953,4,OOD_Class_3
Play chant music by pappu venugopala rao on Slacker .,3,0,1,0.0010281734,4,OOD_Class_3
I want to read the book Crash Landing,5,4,0,0.00012269038,4,OOD_Class_3
Play the song Waar Is De Zon on Slacker,3,4,1,0.00021920529,4,OOD_Class_3
Book a reservation for 6 people for a creole tavern in Montenegro,1,1,0,0.00015197355,4,OOD_Class_3
Can you play a song off an album by Shirley Horn,3,4,1,0.00018280151,4,OOD_Class_3
Is the Wandering Detective Black Wind in the Harbor playing at Cinemark Theatres,6,5,0,0.00012983188,4,OOD_Class_3
I'm looking for the saga The Hardest Part,5,4,0,0.00010628635,4,OOD_Class_3
book a table for my step father and I,1,1,0,0.00019379742,4,OOD_Class_3
Play the newest melody on Last Fm by Eddie Vinson .,3,4,1,0.0005893979,4,OOD_Class_3
play twenties music off of my Itunes,3,0,1,0.0017224728,4,OOD_Class_3
Search for To Heart 2,5,4,0,0.00016799936,4,OOD_Class_3
Play anything from the top-50 Jeff Irwin record off of itunes,3,4,1,0.0025528176,4,OOD_Class_3
Play some 1982 movement music on Slacker,3,4,1,0.0006601023,4,OOD_Class_3
Add louis nelson delisle to the pulse of americana,0,0,0,0.00017648075,4,OOD_Class_3
I give it a rating value of four to 6 to a book called Liberalism and the Limits of Justice,4,3,0,0.00013009434,4,OOD_Class_3
Play music from negerpunk,3,4,1,0.00021649965,4,OOD_Class_3
Find a video game called The Mysterious Castle in the Carpathians .,5,4,0,0.00013619234,4,OOD_Class_3
Rate the book An Appeal from the New to the Old Whigs a 0,4,3,0,0.00011724383,4,OOD_Class_3
Find Changes A Love Story .,5,4,0,0.00014568263,4,OOD_Class_3
play a top-fifty 1965 album by Ski,3,4,1,0.00035124653,4,OOD_Class_3
What are the movie times at the Malco Theatres ?,6,5,0,0.00013475673,4,OOD_Class_3
Add viktor merjanov to california rock state,0,0,0,0.00016218085,4,OOD_Class_3
put Edwyn Collins onto my Trabajo Relax playlist,0,0,0,0.0001702168,4,OOD_Class_3
book a spot far from Åland,1,1,0,0.00013437029,4,OOD_Class_3
Find the movie schedule .,6,5,0,0.0001123663,4,OOD_Class_3
is Las aventuras de Zachary Beaver at Harkins Theatres,6,5,0,0.00015844303,4,OOD_Class_3
book a restaurant for one,1,1,0,0.00011708928,4,OOD_Class_3
Book a reservation not far from 8th St,1,1,0,0.0001304844,4,OOD_Class_3
Play S.t.r.e.e.t. D.a.d . from Hiromitsu Agatsuma through Pandora .,3,4,1,0.00036818034,4,OOD_Class_3
Rate the current essay four out of 6 .,4,3,0,0.00011542728,4,OOD_Class_3
Play my Masters of Metal playlist on Spotify,3,0,1,0.00017882069,4,OOD_Class_3
Play Midnight Special,3,4,1,0.00016124376,4,OOD_Class_3
is it going to be hot in Luambe-Nationalpark,2,2,0,0.00013407145,4,OOD_Class_3
Play ecstatic,3,4,1,0.00026544908,4,OOD_Class_3
Play Stereo by Jonathan Davis on Deezer .,3,0,1,0.0002733623,4,OOD_Class_3
Will it snowstorm next week in West Winfield Finland ?,2,2,0,0.00011406482,4,OOD_Class_3
Can you play some music on Youtube,3,4,1,0.0005499189,4,OOD_Class_3
rate The White Goddess 2 of 6,4,3,0,0.00011149435,4,OOD_Class_3
Book a food truck that is highly rated in Honduras,1,1,0,0.00012631841,4,OOD_Class_3
Use Groove Shark to play music from the nineties,3,4,1,0.00041517586,4,OOD_Class_3
Make me a reservation at a popular place that serves udupi at a restaurant,1,1,0,0.00017974926,4,OOD_Class_3
I want another artist on my atmospheric black metal playlist,0,0,0,0.00016668071,4,OOD_Class_3
Play the top 10 by Sankha Chatterjee .,3,4,1,0.0006633074,4,OOD_Class_3
Find The Transformers Generations video game,5,4,0,0.00016785087,4,OOD_Class_3
Will it be warmer in my current position,2,2,0,0.00013420229,4,OOD_Class_3
I give this current book four stars and a rating of 6,4,3,0,0.00011758837,4,OOD_Class_3
Play a top track by Janamanchi Seshadri Sarma,3,4,1,0.00035088646,4,OOD_Class_3
Play nineties,3,4,1,0.00014354808,4,OOD_Class_3
Find the closest cinema playing Little Red Monkey .,6,5,0,0.0001260878,4,OOD_Class_3
Play eighties,3,4,1,0.00020052413,4,OOD_Class_3
Let me hear the good songs from James Iha,3,4,1,0.00015159798,4,OOD_Class_3
Play greatest chant music from Beni Arashiro,3,4,1,0.00015873888,4,OOD_Class_3
I want to hear Dido from 1966 on Youtube,3,0,1,0.0007954771,4,OOD_Class_3
Play gothic music,3,4,1,0.00020905609,4,OOD_Class_3
I would like reservations to a popular pub in Burkina for 10 people.,1,1,0,0.00014657412,4,OOD_Class_3
Find me The Rise and Fall of the Great Lakes saga .,5,4,0,0.00012161613,4,OOD_Class_3
"What is the weather forecast in Ulen on mar. 2nd, 2035",2,2,0,0.00013283556,4,OOD_Class_3
play the top jazz record from 1951,3,4,1,0.00018199376,4,OOD_Class_3
Open Deezer and play Inyección Musical,3,4,1,0.00012995755,4,OOD_Class_3
Add kjetil vidar haraldstad to my para entrenar playlist.,0,0,0,0.00017934703,4,OOD_Class_3
I would rate this chronicle 4 stars,4,3,0,0.00011347119,4,OOD_Class_3
Find me the movie schedule for Great Escape Theatres,6,5,0,0.000121742276,4,OOD_Class_3
Play me something by Funtwo,3,4,1,0.00028971749,4,OOD_Class_3
I want to hear Vegetables by pharrell williams,3,4,1,0.00020940216,4,OOD_Class_3
"find Touch of Eva , a TV show I want to see",5,4,0,0.00011616588,4,OOD_Class_3
play ambient music,3,4,1,0.00027826664,4,OOD_Class_3
play a 1977 record by Bitty Mclean on Google Music,3,0,1,0.0015055871,4,OOD_Class_3
I want to hear them from the artist Murcof,3,4,1,0.0001579285,4,OOD_Class_3
I want to hear some Boris Grebenchtchikov on Zvooq,3,4,1,0.00039095833,4,OOD_Class_3
What's the weather forecast for Croatia on jul. 25th,2,2,0,0.00012956891,4,OOD_Class_3
play some twenties movement tunes from the last Olga Souza,3,4,1,0.00022448988,4,OOD_Class_3
Tell me the weather forecast here,2,2,0,0.00013591872,4,OOD_Class_3
Add even serpents shine to dorothea's indie hipster playlist,0,0,0,0.00018261978,4,OOD_Class_3
Ad Amal Hijazi tune to my Pura Vida,0,0,0,0.00029033297,4,OOD_Class_3
Play me music from the twenties on Itunes .,3,4,1,0.001632188,4,OOD_Class_3
Will there be a blizzard in Chapel Point State Park or in the same area,2,2,0,0.000115295465,4,OOD_Class_3
Play Justin Broadrick 's music on Slacker .,3,0,1,0.000850489,4,OOD_Class_3
Is the forecast hot in 1 hour in Leasburg ?,2,2,0,0.00012731037,4,OOD_Class_3
What's the forecast for the weather at eight am in Oxford ?,2,2,0,0.00012588955,4,OOD_Class_3
Do you know of a song by the Mande Studies Association ?,5,4,0,0.00014396221,4,OOD_Class_3
book a meal for four in DC,1,1,0,0.00014304492,4,OOD_Class_3
Let me listen to Rouhollah Khaleghi on deezer .,3,0,1,0.0026603607,4,OOD_Class_3
find Kerasotes Theatres showing animated movies,6,5,0,0.00013331184,4,OOD_Class_3
add a tune in Chill Vibes,0,0,0,0.00017656642,4,OOD_Class_3
add this track to Alternative Route,0,0,0,0.00018952011,4,OOD_Class_3
what is a weather of Martinique a month from now,2,2,0,0.00012351378,4,OOD_Class_3
Add Joey Fatone to my Spotlight on Country 2016 playlist,0,0,0,0.00016947235,4,OOD_Class_3
Play symphony music from 1991 by Irvin Mayfield,3,4,1,0.00017193824,4,OOD_Class_3
Play Brenda Kahn 's Rushall Station .,3,4,1,0.00033216368,4,OOD_Class_3
rate The Overton Window series a two out of 6,4,3,0,0.00012049486,4,OOD_Class_3
book a bar close by with a smoking room in MA,1,1,0,0.000121755445,4,OOD_Class_3
show me movies in the area,6,5,0,0.0001220953,4,OOD_Class_3
Book a restaurant at Tennessee,1,1,0,0.00010976485,4,OOD_Class_3
Which animated movies are playing at Megaplex Theatres at tea time?,6,5,0,0.00015769791,4,OOD_Class_3
Give the current textbook 5 / 6 points,4,3,0,0.00011525818,4,OOD_Class_3
this book gets out of a total of 6 stars only 1,4,3,0,0.000118684155,4,OOD_Class_3
Play This Is Miles Davis on Lastfm .,3,0,1,0.00042612702,4,OOD_Class_3
I'd like to know what films are scheduled at Alamo Drafthouse Cinema .,6,5,0,0.00013754473,4,OOD_Class_3
Will it be warm neighboring here in Whitehouse ?,2,2,0,0.00012594959,4,OOD_Class_3
What is Fantasy Zone II The Tears of Opa-Opa,5,4,0,0.00013078687,4,OOD_Class_3
rate the book Now and Forever 1 out of 6 points,4,3,0,0.000120142424,4,OOD_Class_3
"When will it be warmer in White Horse , Mauritius",2,2,0,0.0001148475,4,OOD_Class_3
IS Anti-Semitism in the 21st Century The Resurgence playing now,6,5,0,0.00031978168,4,OOD_Class_3
Play some Iris Dement 's theme based 2015 music on lastfm,3,4,1,0.00023123692,4,OOD_Class_3
I would like to hear a song by Tim Reynolds,3,4,1,0.00015581561,4,OOD_Class_3
book Itsu for Tonight,1,1,0,0.00013635022,4,OOD_Class_3
Restaurant near in town uses in two years,1,1,0,0.000120008306,4,OOD_Class_3
please add this Rex Griffin tune to the Steampunk playlist,0,0,0,0.00016611422,4,OOD_Class_3
play Frankie Laine,3,4,1,0.00019126799,4,OOD_Class_3
Play some music from the thirties .,3,4,1,0.00015552512,4,OOD_Class_3
Use pandora to play music from stano in the year 2005,3,4,1,0.000497249,4,OOD_Class_3
add song to Trap Land,0,0,0,0.00018288601,4,OOD_Class_3
Play the album 21st Century Live by Chet Lam on Itunes .,3,4,1,0.00028647733,4,OOD_Class_3
What are the movie times for films nearby ?,6,5,0,0.00013125018,4,OOD_Class_3
Play some soul music,3,4,1,0.00021629965,4,OOD_Class_3
rate the book The Scorpio Illusion a 4,4,3,0,0.00013003043,4,OOD_Class_3
Add a billy strayhorn song to my the selektor playlist,0,0,0,0.00016425904,4,OOD_Class_3
Find a painting called Satisfaction Is the Death of Desire .,5,4,0,0.00019243026,4,OOD_Class_3
Play Tomtegubben Som Hade Snuva,3,4,1,0.0001648634,4,OOD_Class_3
susanne and carey phillips want to go to a brasserie not far from Pricedale that serves southern brazilian,1,1,0,0.00017287603,4,OOD_Class_3
What movies are playing at Regal Entertainment Group,6,5,0,0.00012695872,4,OOD_Class_3
Let me hear the Rave Tapes album from Yuki Koyanagi .,3,4,1,0.000312261,4,OOD_Class_3
is it going to be cold at 4 o'clock far from here ?,2,2,0,0.00011837667,4,OOD_Class_3
turn on Last Fm to listen to Chara ballad from 1988,3,4,1,0.00128252,4,OOD_Class_3
Where to watch television show Linger Awhile Live at Newport and More,5,4,0,0.00010042029,4,OOD_Class_3
What is the weather in Deeth,2,2,0,0.00011820549,4,OOD_Class_3
Show me the painting called Fool for Love .,5,4,0,0.00013123336,4,OOD_Class_3
I'd like to see the showtimes for Silly Movie 2.0 at the movie house,6,5,0,0.00013699857,4,OOD_Class_3
I need to book a table at The Star Inn that's within walking distance from my place in Ashland,1,1,0,0.00015955529,4,OOD_Class_3
Show the Three Tales album,5,4,0,0.00014231708,4,OOD_Class_3
show creativity in Ah,5,4,0,0.00018094481,4,OOD_Class_3
Play a sound track by Pee Wee Russell on Zvooq .,3,4,1,0.0023835488,4,OOD_Class_3
find a photograph called The Lighthouse by the Sea,5,4,0,0.00011799017,4,OOD_Class_3
Please help me find the video game John Michael Montgomery discography .,5,4,0,0.000139838,4,OOD_Class_3
Add to playlist Confidence Boost Here Comes Santa Claus,0,0,0,0.00017459769,4,OOD_Class_3
Play Elitsa Todorova music,3,4,1,0.00021129914,4,OOD_Class_3
show movie schedules at Megaplex Theatres,6,5,0,0.0001293415,4,OOD_Class_3
Give the current saga a three,4,3,0,0.000119673416,4,OOD_Class_3
Play the greatest music you can find by Ari Herstand on Zvooq,3,0,1,0.0014890201,4,OOD_Class_3
I want a table for eight at GU,1,1,0,0.00017405982,4,OOD_Class_3
play the best Elizaveta Khripounova,3,4,1,0.00030253295,4,OOD_Class_3
play Asia Nitollano using itunes,3,0,1,0.0018110287,4,OOD_Class_3
Add the frank beard song to the Soft Pop Hits playlist,0,0,0,0.00016955551,4,OOD_Class_3
Play some Matthew Sweet music from around 1996 on Spotify,3,0,1,0.0006823433,4,OOD_Class_3
Book a reservation for a party of four within the same area of Districts of Sweden,1,1,0,0.00012919684,4,OOD_Class_3
Play me some Badass Women on Groove Shark,3,4,1,0.00025886018,4,OOD_Class_3
Play thirties symphony music from Nigga on Iheart,3,4,1,0.00045032674,4,OOD_Class_3
play a popular sort of fifties tune music,3,4,1,0.0004691486,4,OOD_Class_3
listen to acapella,3,4,1,0.0002515649,4,OOD_Class_3
Please play Got The Time,3,4,1,8.2346e-05,4,OOD_Class_3
Play drum & bass music,3,4,1,0.00066209154,4,OOD_Class_3
Can I get the showtimes for The Scarlet and the Black at 12 pm .,6,5,0,0.00013620289,4,OOD_Class_3
give this novel a score of 5,4,3,0,0.0001185689,4,OOD_Class_3
play songs on Itunes,3,4,1,0.0014296187,4,OOD_Class_3
find movie times,6,5,0,0.00010997567,4,OOD_Class_3
play Latin Dinner,3,4,1,0.00018388682,4,OOD_Class_3
Play music on Deezer by Imogen Heap,3,4,1,0.0005956454,4,OOD_Class_3
when is Red Shirts showing at Dickinson Theatres,6,5,0,0.00012596516,4,OOD_Class_3
I want to hear something from the top-fifty by Jose Pasillas,3,4,1,0.0002023063,4,OOD_Class_3
Find a book called The Echo Chamber .,5,4,0,0.00013593801,4,OOD_Class_3
play some best selling rave songs,3,4,1,0.00021547716,4,OOD_Class_3
Can I get the weather forecast for Benin in 32 days ?,2,2,0,0.00013122334,4,OOD_Class_3
add this track to Punk Rock Workout,0,0,0,0.00018531075,4,OOD_Class_3
I want to hear the Live At Slane Castle album by Haifa Wehbe,3,4,1,0.00030318607,4,OOD_Class_3
Put Jazzy B on Lazy Chill Afternoon playlist,0,0,0,0.00016497952,4,OOD_Class_3
Play music from Gavin Koppell movement,3,4,1,0.0001946235,4,OOD_Class_3
Book a reservation for nine people at a bakery in Nunez,1,1,0,0.00016536393,4,OOD_Class_3
Play a song by Tim Finn on Last Fm,3,4,1,0.0003332279,4,OOD_Class_3
Make me a reservation in TN somewhere nearby for a party of 4,1,1,0,0.00013891266,4,OOD_Class_3
"Play a tune or two from Kansas City, Missouri",3,4,1,0.0009735035,4,OOD_Class_3
Book a reservation for a trentino restaurant in Kansas,1,1,0,0.0001378194,4,OOD_Class_3
play laura love songs from 1959,3,4,1,0.0001406403,4,OOD_Class_3
Create a theme station with Jim Creeggan records and collabs,3,4,1,0.0002210326,4,OOD_Class_3
Play something by grandmaster flash & the furious five on youtube,3,4,1,0.0011217969,4,OOD_Class_3
Play some ivy anderson from around 1967,3,4,1,0.0002178342,4,OOD_Class_3
Add album to Acoustic Spring,0,0,0,0.00016856343,4,OOD_Class_3
Play Donald Rubinstein on Pandora,3,0,1,0.0013595598,4,OOD_Class_3
I need a table for 4 at The Brass Rail .,1,1,0,0.00017086079,4,OOD_Class_3
Book a restaurant in Mauritania for 1 person.,1,1,0,0.00014386584,4,OOD_Class_3
"Book a pub for two on jan. first, 2037 .",1,1,0,0.00014027866,4,OOD_Class_3
Put on Vimeo and play Kacapi Suling,3,0,1,0.00018127402,4,OOD_Class_3
Book a highly rated coffeehouse for four people.,1,1,0,0.00016145785,4,OOD_Class_3
Play some music on Pandora,3,4,1,0.0017822126,4,OOD_Class_3
What time is Do Sher playing,6,5,0,0.00012079015,4,OOD_Class_3
Book COVA in Frisco City for me and therese at eight pm,1,1,0,0.00016978708,4,OOD_Class_3
play No More Sorrow,3,4,1,0.00016911617,4,OOD_Class_3
I'd like to watch movies at KB Theatres,6,5,0,0.00012908677,4,OOD_Class_3
What time are the animated movies playing at Mann Theatres ?,6,5,0,0.00012959482,4,OOD_Class_3
Play some fun-punk,3,4,1,0.0003423893,4,OOD_Class_3
Play the song Two Suns In The Sunset by Airi Suzuki,3,4,1,0.00012565799,4,OOD_Class_3
What is the weather in Arkansas the city of Morrison,2,2,0,0.00011872462,4,OOD_Class_3
"Please pull up the album , The Last War",5,4,0,0.00012006707,4,OOD_Class_3
play fourties tunes by Bryan Webb on Groove Shark,3,0,1,0.00058121124,4,OOD_Class_3
Is F.I.S.T. at Malco Theatres,6,5,0,0.00013022014,4,OOD_Class_3
play Shake Your Head,3,4,1,0.00025275536,4,OOD_Class_3
Add the current artist to my sxsw latin,0,0,0,0.00018252687,4,OOD_Class_3
add abrar ul haq to Confidence Boost,0,0,0,0.00018234571,4,OOD_Class_3
What is the weather forecast for Maryland,2,2,0,0.00013077655,4,OOD_Class_3
What is the weather forecast for Nicaragua,2,2,0,0.00013309551,4,OOD_Class_3
Play the newest 2016 ep from Boaz Mauda .,3,4,1,0.00038234517,4,OOD_Class_3
Play some steve boyett chant music,3,4,1,0.0002538231,4,OOD_Class_3
Ethiopia Ellenton has snow weather at eight PM,2,2,0,0.00010436267,4,OOD_Class_3
Add Claudine Longet to my Ultimate 00s palylist,0,0,0,0.00017146833,4,OOD_Class_3
Find Manual of Love 2 .,5,4,0,0.0003603379,4,OOD_Class_3
What is the movie schedule of animated movies nearby,6,5,0,0.0001259755,4,OOD_Class_3
Play Lil Hardin Armstrong from Itunes .,3,0,1,0.0007302402,4,OOD_Class_3
Please start playing some thirties theme music.,3,4,1,0.0005129102,4,OOD_Class_3
Play some Jungle music on iheart,3,0,1,0.00073536765,4,OOD_Class_3
play the newest ep from the sixties,3,4,1,0.00022868843,4,OOD_Class_3
Play a popular sound track by Joe Pass on Itunes .,3,4,1,0.001206199,4,OOD_Class_3
Play some fourties music on vimeo,3,0,1,0.0014152848,4,OOD_Class_3
Play Rei Momo newest album,3,4,1,0.00028364753,4,OOD_Class_3
Book a table at Crown Candy Kitchen for lacy and I,1,1,0,0.00018847699,4,OOD_Class_3
I am giving this current novel 4 out of 6 stars,4,3,0,0.00011627551,4,OOD_Class_3
play a sound track by Tom Thacker,3,4,1,0.00016199134,4,OOD_Class_3
Can you get me seating for 5 people 1 minute from now in Tuvalu,1,1,0,0.00017079596,4,OOD_Class_3
How much humidity is there in UT ?,2,2,0,0.00012799622,4,OOD_Class_3
Give one of 6 points to Who Will Cry When You Die,4,3,0,0.00011313889,4,OOD_Class_3
Find Business Ethics A European Review .,5,3,0,0.00011809325,4,OOD_Class_3
rate this book 0 out of 6,4,3,0,0.00011424987,4,OOD_Class_3
Can you add some Tommie Sunshine to my chill out playlist,0,0,0,0.0001711362,4,OOD_Class_3
play some sixties music,3,4,1,0.00017030122,4,OOD_Class_3
Play some nineties Eliza Carthy,3,4,1,0.00016217699,4,OOD_Class_3
play Itunes album mondovisione,3,4,1,0.00027471327,4,OOD_Class_3
rate tune to my natalie macmaster viajes,0,0,0,0.000193631,4,OOD_Class_3
I want to hear any tune from the twenties,3,4,1,0.00011817726,4,OOD_Class_3
Play a 1964 symphony on Netflix .,3,4,1,0.00021456435,4,OOD_Class_3
Add Visible Wings to my playlist entre los andes,0,0,0,0.00017821447,4,OOD_Class_3
I this this current essay should be rated a three,4,3,0,0.00012353058,4,OOD_Class_3
add artist post metal to playlist,0,0,0,0.00018031555,4,OOD_Class_3
add fabrice morvan to Folk for Kids,0,0,0,0.00018594395,4,OOD_Class_3
Rate this novel one out of 6 stars,4,3,0,0.00011914919,4,OOD_Class_3
find the Radical History Review saga,5,4,0,0.00014726684,4,OOD_Class_3
Rate The Rules of Survival a 5 value,4,3,0,0.00014135281,4,OOD_Class_3
add this artist to my Electronic Bliss playlist,0,0,0,0.00018057779,4,OOD_Class_3
Play music by Antonella Barba from the album Bath,3,4,1,0.00015718464,4,OOD_Class_3
play music from Itunes for Ric Grech,3,4,1,0.0009621533,4,OOD_Class_3
Find movie schedules for animated movies around here .,6,5,0,0.00013607976,4,OOD_Class_3
"Book sot for 7 at a restaurant that serves european in Stringtown on Feb. the 28th, 2034",1,1,0,0.00015756278,4,OOD_Class_3
Can you give me the weather for here,2,2,0,0.00013045623,4,OOD_Class_3
add a shot at glory to calm before the storm,0,0,0,0.00016667963,4,OOD_Class_3
I want to give the current novel 5 out of 6 points,4,3,0,0.00012221317,4,OOD_Class_3
Play a song from the thirties on Zvooq,3,4,1,0.00021181884,4,OOD_Class_3
Please make reservations for three at a kosher taverna nearby our secondary residence,1,1,0,0.0001861069,4,OOD_Class_3
"I want to book a spot at a bar in Henniker , North Dakota .",1,1,0,0.00013784737,4,OOD_Class_3
Play the good sort of 1992 theme music by Layzie Bone,3,4,1,0.0001929752,4,OOD_Class_3
What is the movie schedules for the Harkins Theatres,6,5,0,0.00013125001,4,OOD_Class_3
list to the most popular Muireann Nic Amhlaoibh song,3,0,1,0.00021094183,4,OOD_Class_3
Download The Red Eagle TV show,5,4,0,0.00016735397,4,OOD_Class_3
i want the movie schedules for movies around here,6,5,0,0.0001299741,4,OOD_Class_3
What are the timings for Starship Troopers 2 ?,6,5,0,0.00016239512,4,OOD_Class_3
give the current essay a 1,4,3,0,0.00012347235,4,OOD_Class_3
I would rate the chronicle The Monks of Thelema a 2,4,3,0,0.00011799133,4,OOD_Class_3
Add the current tune to my Evening Groove list,0,0,0,0.000176051,4,OOD_Class_3
play me a Mel Draisey tune from the fourties with vimeo,3,4,1,0.00021259066,4,OOD_Class_3
Find the movie CURL,5,4,0,0.00014943868,4,OOD_Class_3
Play a twenties track by the aj carothers on Zvooq .,3,0,1,0.0012783387,4,OOD_Class_3
Play a 2013 song on Groove Shark,3,4,1,0.00040040567,4,OOD_Class_3
show creativity of The Force Behind the Power,5,4,0,0.00014176597,4,OOD_Class_3
"Please help me find, Bend It Like Beckham the Musical .",5,4,0,0.0002182468,4,OOD_Class_3
Give Who ? 1 out of 6 stars,4,3,0,0.000112808084,4,OOD_Class_3
play the video game The Genesis Machine,5,4,0,0.0001223303,4,OOD_Class_3
Play some music from the fourties .,3,4,1,0.00016948135,4,OOD_Class_3
Play music in the genre soundtrack,3,4,1,0.00014972058,4,OOD_Class_3
book a spot at a restaurant within walking distance of Palau,1,1,0,0.00013675289,4,OOD_Class_3
What song is Detective Conan Dimensional Sniper,5,4,0,0.00010730501,4,OOD_Class_3
I need to add baro ferret to the Urban Hits under my name,0,0,0,0.0001777755,4,OOD_Class_3
Play the theme tune that Christian Fennesz wrote,3,4,1,0.000182334,4,OOD_Class_3
Play good Pure Soul on netflix,3,4,1,0.00024253852,4,OOD_Class_3
play the Gary Chaw album,3,4,1,0.00015735267,4,OOD_Class_3
Put this artist in Pachangueo Total,0,0,0,0.00020033984,4,OOD_Class_3
Play Adrian Borland 's music on Zvooq .,3,0,1,0.0004937959,4,OOD_Class_3
4 stars out of 6 is the rating for Fires of Azeroth,4,3,0,0.00010535423,4,OOD_Class_3
when are animated movies playing at Goodrich Quality Theaters,6,5,0,0.00013112159,4,OOD_Class_3
Go to The Devil in the Deal50 Secrets to Successful Dealmaking,5,4,0,0.00020940311,4,OOD_Class_3
Play some Glenn Stetson music on Spotify,3,0,1,0.00026631117,4,OOD_Class_3
Play the song domino by Luca Turilli,3,4,1,0.0001650243,4,OOD_Class_3
Play some Maynard James Keenan songs from Scenes From The Big Chair,3,4,1,0.0001184118,4,OOD_Class_3
Play the playlist Gypsy Swing,3,0,1,0.00022399284,4,OOD_Class_3
Where is the closest cinema playing I Prefer the Sound of the Sea,6,5,0,0.00012232567,4,OOD_Class_3
For the book Icon of Evil I rate a 2,4,3,0,0.00012221298,4,OOD_Class_3
I'd like to watch The Holy Office at Cooper Foundation,6,5,0,0.0001441022,4,OOD_Class_3
Need a table within the same area as Beach 105th St for a party of 6,1,1,0,0.00014859434,4,OOD_Class_3
What movie times are Harkins Theatres,6,5,0,0.00013099209,4,OOD_Class_3
Play the new music from Wilko Johnson,3,4,1,0.00023063908,4,OOD_Class_3
What movies are starting in 1 second at a theater in the neighborhood ?,6,5,0,0.00013902702,4,OOD_Class_3
Play Odessa by Maartin Allcock .,3,4,1,0.00022440401,4,OOD_Class_3
"add Hello, My Lover, Goodbye to my Deathcore playlist",0,0,0,0.00018040414,4,OOD_Class_3
I'd like to watch Take This Waltz,6,4,0,0.00054547464,4,OOD_Class_3
"I want to listen to an album sorted by last , open Google Music and play Paulinho Da Viola .",3,4,1,0.00031515877,4,OOD_Class_3
Try to find the picture Advances in ecological research,5,4,0,0.0002463519,4,OOD_Class_3
Give zero out of 6 to the current album,4,3,0,0.000111821464,4,OOD_Class_3
Play blues on Vimeo,3,4,1,0.0013813123,4,OOD_Class_3
Add the tune to my House Afterwork playlist.,0,0,0,0.00018031585,4,OOD_Class_3
Play a new ballad by Valy on Iheart,3,4,1,0.0016604228,4,OOD_Class_3
"Tell me the weather forecast for Alexander , SD",2,2,0,0.00013658495,4,OOD_Class_3
Play some bass music.,3,4,1,0.00051545055,4,OOD_Class_3
I want to hear Ding Dong Bell on groove shark,3,0,1,0.0007646499,4,OOD_Class_3
play a concerto that was most popular in 1958 by mickey hart,3,4,1,0.00014907176,4,OOD_Class_3
Play some theme songs from 1974,3,4,1,0.00014146602,4,OOD_Class_3
Is Gods of Metal playing,6,5,0,0.00024077392,4,OOD_Class_3
what movies are close by,6,5,0,0.00012281524,4,OOD_Class_3
Add The Stars and Stripes Forever to the soulful disco playlist.,0,0,0,0.00017760263,4,OOD_Class_3
play my De Camino playlist,3,0,1,0.00018439979,4,OOD_Class_3
Is Love Is a Ball playing right now ?,6,5,0,0.0004977296,4,OOD_Class_3
I want to hear music on my Slacker app,3,4,1,0.001852246,4,OOD_Class_3
How will the weather be in Kentucky this week ?,2,2,0,0.00012595122,4,OOD_Class_3
Put hampartsoum limondjian in running to rock 170 to 190 bpm,0,0,0,0.00023058387,4,OOD_Class_3
Can you help me find the We No Who U R game ?,5,4,0,0.0001427319,4,OOD_Class_3
find Santikos Theatres showing animated movies,6,5,0,0.0001272092,4,OOD_Class_3
Play me some Terror music,3,4,1,0.0001427273,4,OOD_Class_3
Can you play a top 5 song by Manos Hadjidakis,3,4,1,0.00016758632,4,OOD_Class_3
add the song don't drink the water to my playlist,0,0,0,0.0001750224,4,OOD_Class_3
Play music by Young Steff,3,4,1,0.00021904407,4,OOD_Class_3
Rate Bestiary of Dragons and Giants four of 6,4,3,0,0.00012640085,4,OOD_Class_3
Use the service Lastfm to play artist keren peles from the most popular symphony,3,4,1,0.00047662458,4,OOD_Class_3
Play some Joeri Basjmet .,3,4,1,0.00034062122,4,OOD_Class_3
Play my Top Gaming Tracks .,3,0,1,0.0037789703,4,OOD_Class_3
Play music from 1958 .,3,4,1,0.00019563826,4,OOD_Class_3
Add Mel Draisey tomy 80s Classic Hits playlist.,0,0,0,0.0001733203,4,OOD_Class_3
Warren Island State Park distant Weather forecast for 11 am,2,2,0,0.00013109503,4,OOD_Class_3
I want to hear a track from the fourties .,3,4,1,0.00016268269,4,OOD_Class_3
"What is the weather for Cormorant , ME",2,2,0,0.00013532353,4,OOD_Class_3
What is the movie schedule at Douglas Theatre Company,6,5,0,0.00013436028,4,OOD_Class_3
show the trailer of Rugrats Go Wild,5,4,0,0.00013422022,4,OOD_Class_3
Let me hear the Live From The Ghetto album by Beau Jocque .,3,4,1,0.0002660616,4,OOD_Class_3
Play Rob Mills album The Golden Archipelago .,3,4,1,0.00018998535,4,OOD_Class_3
Give Directive 51 three out of 6 .,4,3,0,0.000110734545,4,OOD_Class_3
"Would like a table right now for leonor mendoza, imogene and lisa sanchez",1,1,0,0.00027046725,4,OOD_Class_3
What time is Tasher Desh playing at the nearest movie house,6,5,0,0.00012221398,4,OOD_Class_3
Play me some Max Martin on Lastfm,3,0,1,0.0012448797,4,OOD_Class_3
Play the tune by Adam Yauch,3,4,1,0.00015020515,4,OOD_Class_3
play Wait Until Tomorrow,3,4,1,0.00014173564,4,OOD_Class_3
Put some frank ferrer into my edna st vincent millay playlist.,0,0,0,0.00016473662,4,OOD_Class_3
"What's the forecast for Emily , Florida for aug. 17th, 2020 ?",2,2,0,0.00013335515,4,OOD_Class_3
rate The British Edda zero points,4,3,0,0.000107064676,4,OOD_Class_3
Rate The Postman Always Rings Twice zero stars out of 6 .,4,3,0,0.000112643254,4,OOD_Class_3
I'm looking for the television show titled Justice League,5,4,0,0.0001228038,4,OOD_Class_3
I'd like to listen to iheart radio's chill out playlist please.,3,0,1,0.00021544854,4,OOD_Class_3
play Dj Ozma top songs,3,4,1,0.0010506255,4,OOD_Class_3
To the Stars The Autobiography of George Takei gets four out of 6 stars,4,3,0,0.00011068027,4,OOD_Class_3
play The Edge by Deezer on Vans Warped Tour Compilation 2003,3,4,1,0.0002798998,4,OOD_Class_3
What's the weather at my current location,2,2,0,0.00012632014,4,OOD_Class_3
Can i get the movie schedules for Speakeasy Theaters ?,6,5,0,0.00013022742,4,OOD_Class_3
play Hanging Out and Relaxing,3,4,1,0.00016890999,4,OOD_Class_3
Play a Jim Mullen ep from the sixties,3,4,1,0.00021863535,4,OOD_Class_3
I want to listen to the song Only the Greatest,5,4,0,0.00012608765,4,OOD_Class_3
Play the top movement music from 1997 .,3,4,1,0.00025364847,4,OOD_Class_3
play a movement from top-20 1983 by Baruch Chait,3,4,1,0.00027557084,4,OOD_Class_3
rate the current essay zero out of 6 stars,4,3,0,0.00011621874,4,OOD_Class_3
add song to Daily Lift playlist,0,0,0,0.00017873826,4,OOD_Class_3
Cock-A-Doodle-Doo! was awful. I'm giving it a 0 out of 6 .,4,3,0,0.00011979044,4,OOD_Class_3
I'd like to find the Days of Glory saga,5,4,0,0.00012437999,4,OOD_Class_3
play ray davies on Iheart by only Hit It Again,3,0,1,0.0005291026,4,OOD_Class_3
Play some techno on Lastfm,3,0,1,0.000249472,4,OOD_Class_3
Play me a tune by john clayton,3,4,1,0.00018931748,4,OOD_Class_3
play a new song from the seventies,3,4,1,0.0001337902,4,OOD_Class_3
Play Grabsteinland I by Doctor Fink on slacker radio,3,4,1,0.0011269586,4,OOD_Class_3
play Pandora tunes from the fourties,3,4,1,0.000134951,4,OOD_Class_3
Play Elastic Love by Junior Marvin,3,4,1,0.0002721129,4,OOD_Class_3
Which movies are playing in the neighborhood ?,6,5,0,0.00012523483,4,OOD_Class_3
The Comics We Loved gets 1 out of 6 points,4,3,0,0.00012689445,4,OOD_Class_3
Whats' the weather in Fernando New Jersey,2,2,0,0.00012533655,4,OOD_Class_3
Play some salsa music.,3,4,1,0.0007199335,4,OOD_Class_3
Play music from 2010 by Jason Donovan,3,4,1,0.00019886889,4,OOD_Class_3
"I'd like to book at a place in AR , looking for an oyster bar that is indoor and can accommodate a party of eight that is also within walking distance .",1,1,0,0.0001584878,4,OOD_Class_3
add this song by deron miller to my party on fridays playlist,0,0,0,0.0001688938,4,OOD_Class_3
"Onto jerry's Classical Moments in Movies , please add the album .",0,0,0,0.00018603289,4,OOD_Class_3
Play me the show House of Stairs,5,4,0,0.00012644423,4,OOD_Class_3
show me the picture Sex and Drugs and Jesus Christ,5,4,0,0.00013265501,4,OOD_Class_3
Play the energic Itunes,3,4,1,0.00040345333,4,OOD_Class_3
"What's the weather forecast for Winnfield , Georgia ?",2,2,0,0.00012793424,4,OOD_Class_3
add grim skunk to Duetos,0,0,0,0.00017408357,4,OOD_Class_3
Find a song called This Champagne Mojito Is the Last Thing I Own .,5,4,0,0.00017778091,4,OOD_Class_3
Shw the picture Twin Husbands,5,4,0,0.00014369574,4,OOD_Class_3
What time does A King in New York play in Malco Theatres,6,5,0,0.00013304508,4,OOD_Class_3
What's the weather this Summer in Djibouti,2,2,0,0.000116884374,4,OOD_Class_3
book a spot for elise and alma at a brasserie in Ravensdale MH for this week,1,1,0,0.00021293994,4,OOD_Class_3
Play music by Janet Paschal,3,4,1,0.00023402012,4,OOD_Class_3
Rate this album a one,4,3,0,0.00011932321,4,OOD_Class_3
play the song Si No Te Hubiera Conocido by Haidar Salim,3,4,1,0.00020021967,4,OOD_Class_3
I'm looking for the work titled Converging Conspiracies,5,4,0,0.00014456233,4,OOD_Class_3
"Can you locate the novel , Ismol Family",5,4,0,0.00013382826,4,OOD_Class_3
I want this artist on the Cena Elegante playlist,0,0,0,0.00017725825,4,OOD_Class_3
What's the forecast for Gamaliel,2,2,0,0.0001310322,4,OOD_Class_3
Find the closest movie house that plays animated movies,6,5,0,0.00012671613,4,OOD_Class_3
Where is Shake Your Powder Puff playing,6,5,0,0.00020925872,4,OOD_Class_3
Play a fifties album from Dj Yoda on Last Fm .,3,4,1,0.00041797038,4,OOD_Class_3
Tell me the weather forecast for WY,2,2,0,0.00014313842,4,OOD_Class_3
Play music from the seventies,3,4,1,0.00012077669,4,OOD_Class_3
What time will In the Name of the Son be playing?,6,5,0,0.000116423325,4,OOD_Class_3
find me the book Filthy Lucre Live,5,4,0,0.00012683206,4,OOD_Class_3
give Power of Faerûn two of 6,4,3,0,0.00012640079,4,OOD_Class_3
Play That Would Be Something by Eden Ahbez,3,4,1,0.0003380058,4,OOD_Class_3
Play a melody by Hagigat Rzayeva,3,4,1,0.00015879235,4,OOD_Class_3
Play White Noise .,3,4,1,0.00037356542,4,OOD_Class_3
my timeless love songs playlist should include viderunt omnes,0,0,0,0.00017890634,4,OOD_Class_3
Can you get me the Starcross saga ?,5,4,0,0.00010912592,4,OOD_Class_3
Play music from the playlist Late Night Jazz,3,0,1,0.00025628577,4,OOD_Class_3
Play music from 1999,3,4,1,0.00015431535,4,OOD_Class_3
Play some symphonic rock .,3,4,1,0.00029098417,4,OOD_Class_3
play music form the fourties with Slacker,3,4,1,0.00021027331,4,OOD_Class_3
Play Thelma Aoyama 's latest concerto,3,4,1,0.00014550367,4,OOD_Class_3
Play me a song by Teitur Lassen on Groove Shark,3,4,1,0.00024014233,4,OOD_Class_3
What is the weather in Sint Maarten,2,2,0,0.00011803159,4,OOD_Class_3
Play some theme based music from the thirties .,3,4,1,0.0002034165,4,OOD_Class_3
Add teriazume to the nação reggae playlist,0,0,0,0.00018172781,4,OOD_Class_3
Rate the current album 4 out of 6 stars,4,3,0,0.00011920717,4,OOD_Class_3
use Deezer to play music by Junior Brown,3,4,1,0.0007410843,4,OOD_Class_3
play the album How Insensitive,3,4,1,0.00015861231,4,OOD_Class_3
show creativity of saga Frontier Marshal,5,4,0,0.00012870532,4,OOD_Class_3
add Vicky Leandros to my piano ballads playlist,0,0,0,0.00017527789,4,OOD_Class_3
I want the film for nearest movie theatre,6,5,0,0.00013714565,4,OOD_Class_3
Play some 1999 symphony from Minami Takahashi,3,4,1,0.00016272436,4,OOD_Class_3
I would give this current chronicle three points,4,3,0,0.00011264265,4,OOD_Class_3
I want to add Kiara to my Digster Future Hits playlist,0,0,0,0.0001854026,4,OOD_Class_3
Play Short Walk On A Long Pier on Slacker,3,4,1,0.00019776434,4,OOD_Class_3
Play music from Alison Sudol,3,4,1,0.00032007272,4,OOD_Class_3
Please tell me the current and local movie times,6,5,0,0.00013344448,4,OOD_Class_3
show movie schedule of films in the area,6,5,0,0.00013097956,4,OOD_Class_3
play newest Robert Palmer sound track,3,4,1,0.00046231938,4,OOD_Class_3
I want to see the trailer for The Entity,5,4,0,0.0001210265,4,OOD_Class_3
Plan an album by Roni Duani .,3,4,1,0.0005568694,4,OOD_Class_3
Play me a Mario Vazquez movement,3,4,1,0.00017090641,4,OOD_Class_3
PLpay the top ten track from Asia Nitollano on spotify .,3,0,1,0.00049295,4,OOD_Class_3
Find the movie times now .,6,5,0,0.00012646665,4,OOD_Class_3
add Jalal Zolfonun to my Nature Noise,0,0,0,0.00018667096,4,OOD_Class_3
Play the 1951 ballad,3,4,1,0.00013407889,4,OOD_Class_3
"Will there be a blizzard here on dec. 26, 2027 ?",2,2,0,0.00013611677,4,OOD_Class_3
Play a twenties soundtrack on Youtube,3,4,1,0.00036704887,4,OOD_Class_3
I want to see While the Sun Shines at the closest movie house .,6,5,0,0.00013022168,4,OOD_Class_3
"book a brasserie at Turtle Creek neighboring on march sixth, 2038 for eight",1,1,0,0.0001653665,4,OOD_Class_3
I need a reservation for 0253 at Hotel Arctic in State Road,1,1,0,0.00016183677,4,OOD_Class_3
show me the movie schedule,6,5,0,0.00011302179,4,OOD_Class_3
Play eighties music by Kaira Kwong on Google Music,3,0,1,0.00023143897,4,OOD_Class_3
Book a reservation for Clinton Street Baking Company & Restaurant distant from downtown,1,1,0,0.00014700397,4,OOD_Class_3
add Joe Gibbs to my The Bachelor Party playlist,0,0,0,0.00017408433,4,OOD_Class_3
Can you play some music by andrew diamond,3,4,1,0.0001692465,4,OOD_Class_3
Play Apbl98 by Alden Penner .,3,4,1,0.00028728312,4,OOD_Class_3
Use Groove Shark to play music,3,4,1,0.0010352795,4,OOD_Class_3
play some Folk tunes,3,4,1,0.00014105158,4,OOD_Class_3
Wish to hear music from the year 1996,3,4,1,0.00012388085,4,OOD_Class_3
Play artist Vlada Divljan from something he did that is good,3,4,1,0.00029079668,4,OOD_Class_3
is Ce cher intrus at IMAX Corporation,6,5,0,0.00014409957,4,OOD_Class_3
I wish to enjoy some fifties music by Johnny Paycheck .,3,4,1,0.00018172688,4,OOD_Class_3
What's the forecast for Pipe Spring National Monument ?,2,2,0,0.00013128883,4,OOD_Class_3
Play me some music youtube,3,4,1,0.00025257957,4,OOD_Class_3
Make a reservation for 7 people at a gastropub on Isle of Man .,1,1,0,0.00014586734,4,OOD_Class_3
I want to eat by five pm in NE for a six people,1,1,0,0.00015108209,4,OOD_Class_3
show creativity of song A Discord Electric,5,4,0,0.00013969644,4,OOD_Class_3
find Live in Tokyo for me,5,4,0,0.00012729963,4,OOD_Class_3
Play some alternative music on Vimeo,3,0,1,0.0019366117,4,OOD_Class_3
book a spot for 1 close to geraldine's house,1,1,0,0.00014206853,4,OOD_Class_3
Look for the Editor & Publisher TV series,5,4,0,0.00013487396,4,OOD_Class_3
Play the top-20 best Chicane songs on Deezer,3,0,1,0.002245171,4,OOD_Class_3
Use the service Zvooq to play top-10 by artist Coolio,3,4,1,0.0020605896,4,OOD_Class_3
I give this essay three of 6 stars,4,3,0,0.00011932391,4,OOD_Class_3
Play me a seventies ep,3,4,1,0.00018128142,4,OOD_Class_3
Find a trailer called Storm Center .,5,4,0,0.00016204966,4,OOD_Class_3
Play me a 1974 tune on Slacker,3,4,1,0.00024840122,4,OOD_Class_3
play the album Wayning Moments by Rabbit Brown,3,4,1,0.00017553108,4,OOD_Class_3
Play the top-twenty from Alexander Braginsky .,3,4,1,0.0013531493,4,OOD_Class_3
Play some Erin Harkes from the fifties on Lastfm .,3,4,1,0.00094176835,4,OOD_Class_3
What will the weather be nineteen seconds from now from the Little Manatee River State Park,2,2,0,0.00012243392,4,OOD_Class_3
use Iheart to listen to retro,3,0,1,0.0018347467,4,OOD_Class_3
I think that this chronicle should have a best rating of 6 and a value of one,4,3,0,0.00011408212,4,OOD_Class_3
Play something by Louis Nelson Delisle .,3,4,1,0.00023531288,4,OOD_Class_3
Open Youtube and play Connie Francis Sings Spanish And Latin American Favorites from Yukiko Iwai,3,0,1,0.0007882775,4,OOD_Class_3
I want to hear sia furler 's popular songs on Last Fm,3,4,1,0.00021952702,4,OOD_Class_3
Will it be hot three minutes from now faraway from Saint Croix State Park,2,2,0,0.00011406342,4,OOD_Class_3
Play a song from Helena Iren Michaelsen on Spotify,3,4,1,0.0022211778,4,OOD_Class_3
The trapaholics needs another artist added.,0,0,0,0.00017621389,4,OOD_Class_3
Show me the movie schedules for the nearest movie theatre in Invasion U.S.A. .,6,5,0,0.0001424691,4,OOD_Class_3
Find a book called The CIA World Factbook .,5,4,0,0.00017048525,4,OOD_Class_3
Plkay some sixties movement songs from Itunes,3,4,1,0.000937501,4,OOD_Class_3
book a spot for 9 in thirty three days at Ringlestone Inn close to Grenada,1,1,0,0.00013970342,4,OOD_Class_3
Play some music by Frayser Boy .,3,4,1,0.00031402908,4,OOD_Class_3
Play a melody by Adassa from the twenties,3,4,1,0.0002541756,4,OOD_Class_3
play a soundtrack by Sarah Geronimo on google music,3,4,1,0.000948944,4,OOD_Class_3
play some Annie Herring beat street on itunes,3,0,1,0.0011487217,4,OOD_Class_3
give zero out of 6 points to Marxism and the Oppression of Women,4,3,0,0.0001200828,4,OOD_Class_3
I want to hear a 1957 theme song,3,4,1,0.00014682466,4,OOD_Class_3
find a movie called Emerald City,5,4,0,0.0001303499,4,OOD_Class_3
Give The Pirates of Manhattan a 1,4,3,0,0.00012413714,4,OOD_Class_3
What will the weather be in Bernie ID ?,2,2,0,0.000121719015,4,OOD_Class_3
Rate Wielding a Red Sword 0 stars,4,3,0,0.00012529439,4,OOD_Class_3
Add this artist to my garage jams,0,0,0,0.00018092911,4,OOD_Class_3
Play a 1978 track on Slacker,3,4,1,0.00030400258,4,OOD_Class_3
Play some music on Vimeo .,3,0,1,0.0012441344,4,OOD_Class_3
Rate From a Buick 8 0 out of 6,4,3,0,0.000111222034,4,OOD_Class_3
give two out of 6 points to Beyond a Boundary,4,3,0,0.00011833737,4,OOD_Class_3
Does Netflix have music released in 1991 by You Yokoyama,3,4,1,0.000118897435,4,OOD_Class_3
Play the top-five ballad sort from 2004,3,4,1,0.00031267598,4,OOD_Class_3
What will the weather be in NM in 1 minute,2,2,0,0.00012351475,4,OOD_Class_3
Show The Matrix Revolutions,5,4,0,0.00012782645,4,OOD_Class_3
Play a ballad by Owen Pallett from the seventies on Slacker .,3,4,1,0.0003447216,4,OOD_Class_3
Play the playlist spring,3,0,1,0.00021589,4,OOD_Class_3
show weather forecast at three am .in Wauregan,2,2,0,0.00013153865,4,OOD_Class_3
Play Pease Porridge Hot by Johnny Vicious on Zvooq,3,0,1,0.00037101054,4,OOD_Class_3
Use Netflix to play music,3,4,1,0.0004564936,4,OOD_Class_3
Play theme music from the twenties by Tata Young,3,4,1,0.00014738596,4,OOD_Class_3
Play a Herbie Fields record from the sixties,3,4,1,0.00017637646,4,OOD_Class_3
"find Cluster Computing , a game",5,4,0,0.00014827175,4,OOD_Class_3
I want to hear the sound track to Mary Macgregor new songs on Iheart,3,4,1,0.0003284678,4,OOD_Class_3
Play me a song from the twenties by Randy Bachman,3,4,1,0.00015795187,4,OOD_Class_3
play a sound track by Vegard Sverre Tveitan,3,4,1,0.00016910543,4,OOD_Class_3
I would like to book the best food court with persian food within the same area as OK for my ex husband and I,1,1,0,0.00017705873,4,OOD_Class_3
Play my Under The Surface playlist.,3,0,1,0.00019792096,4,OOD_Class_3
Need find the book called Hollywood Connection,5,4,0,0.00012450195,4,OOD_Class_3
give 0 points to The Eudaemonic Pie,4,3,0,0.00011225797,4,OOD_Class_3
Play music from 1976 on Deezer,3,4,1,0.00019405526,4,OOD_Class_3
Play a song by Alasdair Roberts from 1996,3,4,1,0.00024647656,4,OOD_Class_3
Will it be overcast in South Dakota,2,2,0,0.00012607327,4,OOD_Class_3
"Play the album , Dance Hall At Louse Point .",3,4,1,0.00017013417,4,OOD_Class_3
I'd like to book a reservation for next Spring for nine people at Shore Club .,1,1,0,0.00016327688,4,OOD_Class_3
rate this current essay 4 out of 6 stars,4,3,0,0.00011741653,4,OOD_Class_3
Looking for the trailer for Shaolin Temple,5,4,0,0.00012596803,4,OOD_Class_3
play a track from the thirties,3,4,1,0.00017585064,4,OOD_Class_3
Use Itunes to play music,3,4,1,0.0017584998,4,OOD_Class_3
Play slow rock music,3,4,1,0.000377796,4,OOD_Class_3
I want to hear some sixties melody from Mark Mcentee off of Google Music,3,0,1,0.0002578917,4,OOD_Class_3
I rated The Island of Adventure saga a 2 of 6,4,3,0,0.00011822211,4,OOD_Class_3
book a spot at an osteria that has goiano in Ward Springs,1,1,0,0.00014013433,4,OOD_Class_3
I would like a table at a taverna with croquembouche for 1 minute from now,1,1,0,0.00015241788,4,OOD_Class_3
Can you add something by the artist Paul Cargnello to my Chill Tracks playlist,0,0,0,0.00017005356,4,OOD_Class_3
Can you make reservations for a party of eight in Iowa,1,1,0,0.00015434856,4,OOD_Class_3
Play Moris Tepper,3,4,1,0.00020257676,4,OOD_Class_3
add the artist to the 90's Baby Makers playlist,0,0,0,0.00016321876,4,OOD_Class_3
Play some latin music.,3,4,1,0.00041581926,4,OOD_Class_3
what time can I expect films to start at the Bow Tie Cinemas,6,5,0,0.00013501925,4,OOD_Class_3
add this tune to my Dance playlist,0,0,0,0.00017656562,4,OOD_Class_3
Show movie times and movies in the area,6,5,0,0.00013794802,4,OOD_Class_3
find the game Saturday Review,5,4,0,0.00015656449,4,OOD_Class_3
Add the entire album into indie español,0,0,0,0.000178644,4,OOD_Class_3
Give one out of 6 stars to The Shiva Option,4,3,0,0.00011537063,4,OOD_Class_3
Play some sixties on netflix,3,4,1,0.00018412533,4,OOD_Class_3
Play some music by Mutlu,3,4,1,0.00017276683,4,OOD_Class_3
I give the next novel two stars,4,3,0,0.00012820178,4,OOD_Class_3
Tell me if it will hail in Elliotts Bluff at five o'clock,2,2,0,0.00011361703,4,OOD_Class_3
where is The Country Bears playing,6,5,0,0.00012589837,4,OOD_Class_3
Play Another Passenger from Louis Nelson Delisle .,3,4,1,0.00034589137,4,OOD_Class_3
I'd rate this novel a five,4,3,0,0.00011874254,4,OOD_Class_3
I'm looking for local movie schedules .,6,5,0,0.00013214418,4,OOD_Class_3
I want to add Black Ribbons to the i love my neo soul playlist,0,0,0,0.00017080174,4,OOD_Class_3
Open Youtube and play Renaldo Lapuz record from the eighties,3,0,1,0.0011540041,4,OOD_Class_3
find movie schedules in MJR Theatres,6,5,0,0.00012560673,4,OOD_Class_3
add a mina caputo album to my after hours party,0,0,0,0.00018306435,4,OOD_Class_3
Add Roots of the Outsiders to Blues Roots,0,0,0,0.00017891203,4,OOD_Class_3
How will the weather be in 11 years from now in the same area of Florida ?,2,2,0,0.00012509323,4,OOD_Class_3
Play Dj Subroc on Itunes,3,0,1,0.00040629486,4,OOD_Class_3
Play music on the playlist Urban Hits,3,0,1,0.0002025628,4,OOD_Class_3
play music by Francis Healy,3,4,1,0.00020553278,4,OOD_Class_3
play Matt Uelmen songs from 1965 on Slacker,3,4,1,0.00021566,4,OOD_Class_3
Play new Teo Macero,3,4,1,0.0003038964,4,OOD_Class_3
rate The Crossing 3 of 6,4,3,0,0.0001119307,4,OOD_Class_3
I would rate The Best Science Fiction Stories and Novels Ninth Series 5 points,4,3,0,0.00012895475,4,OOD_Class_3
play songs by Gamble Rogers,3,4,1,0.00026958025,4,OOD_Class_3
"What will the weather be in Montevallo on july ninth, 2018 ?",2,2,0,0.00012982042,4,OOD_Class_3
play some grunge,3,4,1,0.0001363209,4,OOD_Class_3
I want ohear the 1996 soundtrack from deezer,3,4,1,0.00016848327,4,OOD_Class_3
Please find me the Platinum Box II song ?,5,4,0,0.00012161488,4,OOD_Class_3
Show me a picture of Love,5,4,0,0.00011834073,4,OOD_Class_3
I think this novel gets 1 stars,4,3,0,0.00012143967,4,OOD_Class_3
What's the weather in Belize close to ten pm,2,2,0,0.00012000793,4,OOD_Class_3
Is it warm at seven AM in Greenland,2,2,0,0.00011586104,4,OOD_Class_3
Please look up Amrithavaahini,5,4,0,0.00023476566,4,OOD_Class_3
I'm looking for the last track by Fei Yu Ching from the fourties,3,4,1,0.0001502709,4,OOD_Class_3
this novel gets 0 out of 6 points,4,3,0,0.00012609224,4,OOD_Class_3
find Careless Love,6,4,0,0.00015635834,4,OOD_Class_3
Play a 1983 ballad on Groove Shark .,3,4,1,0.00025606097,4,OOD_Class_3
Weather for Oct. 16 in MO,2,2,0,0.00013302856,4,OOD_Class_3
play theme by Yanni on Vimeo,3,4,1,0.0009985213,4,OOD_Class_3
put Anna Grigorjewna Semenowitsch in all out 00s list,0,0,0,0.00020249527,4,OOD_Class_3
Can i get the showtimes for Man in Blues ?,6,5,0,0.00012160055,4,OOD_Class_3
Play fifties music,3,4,1,0.0001335288,4,OOD_Class_3
play music on netflix,3,4,1,0.00016448484,4,OOD_Class_3
What time is The Christmas Toy playing at Loews Cineplex,6,5,0,0.0001295648,4,OOD_Class_3
what films are playing at the closest movie house,6,5,0,0.00013862821,4,OOD_Class_3
play music from the year 1979,3,4,1,0.00014539847,4,OOD_Class_3
Play a song from my workout playlist on Groove Shark,3,0,1,0.00019561235,4,OOD_Class_3
Play a top 5 song from Wally Bastian on Google Music,3,0,1,0.00033849647,4,OOD_Class_3
add the artist a j pero to my Country Gold playlist,0,0,0,0.0001929642,4,OOD_Class_3
Which films are playing in the neighborhood one second from now ?,6,5,0,0.00013009658,4,OOD_Class_3
"rate the book series I, Robot one out of 6 stars",4,3,0,0.00012814061,4,OOD_Class_3
Play Randy Castillo 's music from 1952 .,3,4,1,0.00024293613,4,OOD_Class_3
play Phil Spalding soundtrack from the seventies,3,4,1,0.00012694512,4,OOD_Class_3
Tell me the weather forecast for Mokena,2,2,0,0.00013413929,4,OOD_Class_3
I want to give Science Fiction Adventures in Mutation 0 stars,4,3,0,0.0001140259,4,OOD_Class_3
Play music on youtube,3,4,1,0.0012892901,4,OOD_Class_3
add this song onto hip hop gaming playlist,0,0,0,0.00018137443,4,OOD_Class_3
play Monie Love tunes on Google Music from 1984 from her song list,3,0,1,0.0001921797,4,OOD_Class_3
Sort to the last song on playlist from 1983 a chant by Mark Oliver Everett,3,0,1,0.00019877883,4,OOD_Class_3
Play a melody by avery storm .,3,4,1,0.000275081,4,OOD_Class_3
Play some art punk .,3,4,1,0.00055869104,4,OOD_Class_3
Can you pull up Queen of the Organ,5,4,0,0.00017887661,4,OOD_Class_3
Play Jono El Grande from the thirties,3,4,1,0.00024573127,4,OOD_Class_3
Play music from the seventies for me.,3,4,1,0.00017704215,4,OOD_Class_3
I would give this current chronicle a value of 4 and a best rating of 6,4,3,0,0.000118916374,4,OOD_Class_3
Can I watch The Sound of War in thirteen minutes at the nearest cinema,6,5,0,0.00013996748,4,OOD_Class_3
Play symphony by Josh Gracin on Slacker .,3,0,1,0.0005601884,4,OOD_Class_3
I give the following part of the series one out of 6 .,4,3,0,0.00012155827,4,OOD_Class_3
Play some rock music on Youtube,3,4,1,0.0010690823,4,OOD_Class_3
Give four stars out of 6 to Practice to Deceive,4,3,0,0.00011402689,4,OOD_Class_3
I'd like to hear a track by Theo Keating .,3,4,1,0.00020699899,4,OOD_Class_3
Put the frl menke song in my comedy top tracks,0,0,0,0.00016425259,4,OOD_Class_3
Play me a song by Linn Berggren from Spotify,3,4,1,0.00068612065,4,OOD_Class_3
Play some fifties music by Origa .,3,4,1,0.00015917927,4,OOD_Class_3
Find movie schedules .,6,5,0,0.00011492187,4,OOD_Class_3
Play my playlist TGIF on itunes,3,0,1,0.00021083315,4,OOD_Class_3
Play the newest stuff by blowfly,3,4,1,0.0003826262,4,OOD_Class_3
Open Zvooq and play the best songs from Device,3,4,1,0.0003638161,4,OOD_Class_3
Play Someday Soon by fiona,3,4,1,0.00020819492,4,OOD_Class_3
Can you play some music from my road trip album,3,4,1,0.00017346274,4,OOD_Class_3
What are the movie schedules for animated movies close by,6,5,0,0.00012833484,4,OOD_Class_3
Where and when is Polish Economy playing?,6,5,0,0.00016217284,4,OOD_Class_3
Play the playlist Grime Shutdown,3,0,1,0.00025320583,4,OOD_Class_3
i need movie times for movies in the area,6,5,0,0.00013449432,4,OOD_Class_3
Listen to Power Gaming playlist,3,0,1,0.00021366446,4,OOD_Class_3
play music from the sixties,3,4,1,0.00013007187,4,OOD_Class_3
Play a native us song on Last Fm,3,4,1,0.0010809408,4,OOD_Class_3
play Tom Baxter tracks,3,4,1,0.00016553751,4,OOD_Class_3
"Please find me the work, Ace of Spades .",5,4,0,0.0001286928,4,OOD_Class_3
play music from 1981,3,4,1,0.00015015517,4,OOD_Class_3
"Play the playlist, A Mis Niños de 30 .",3,0,1,0.00019144248,4,OOD_Class_3
What time is Southern Theatres showing Ukraine Is Not a Brothel ?,6,5,0,0.00011214626,4,OOD_Class_3
add this artist to Pop 2017 Picks,0,0,0,0.00017986952,4,OOD_Class_3
Play some Paulinho Da Viola from 1965 .,3,4,1,0.00026387858,4,OOD_Class_3
Rate this album a one,4,3,0,0.00011932321,4,OOD_Class_3
find the movie Don’t Break the Heart That Loves You,5,4,0,0.00013060153,4,OOD_Class_3
Play some 1987 Edie Brickell .,3,4,1,0.00017690707,4,OOD_Class_3
play a record from 1982,3,4,1,0.00022668984,4,OOD_Class_3
add Curse song to my playlist Guest List Engadget,0,0,0,0.00018288736,4,OOD_Class_3
Want to find a creative work called The Prayer,5,4,0,0.000116045994,4,OOD_Class_3
Is Rio Belongs to Us playing at the movie house closest to me,6,5,0,0.00012783088,4,OOD_Class_3
play a ballad by Giorgio Moroder,3,4,1,0.00019943592,4,OOD_Class_3
Can you find me the My Father My King game ?,5,4,0,0.00013422003,4,OOD_Class_3
Can you play A.j. Pero on Groove Shark ?,3,4,1,0.00048508804,4,OOD_Class_3
I want to hear music off my Indie Festival playlist,3,0,1,0.00018593408,4,OOD_Class_3
Let's play the album Handover on Deezer,3,4,1,0.00014146892,4,OOD_Class_3
Play a fifties album on Itunes .,3,4,1,0.0016596335,4,OOD_Class_3
I'd like to see the picture Chrome Dreams,5,4,0,0.00010352427,4,OOD_Class_3
Can you find me The Real McCoy novel ?,5,4,0,0.00011084603,4,OOD_Class_3
play Deezer tunes Are & Be,3,4,1,0.00023224721,4,OOD_Class_3
Play chant music by Big Dee Irwin .,3,4,1,0.00029789505,4,OOD_Class_3
Play music from the artist Irma Pane,3,4,1,0.00022981477,4,OOD_Class_3
play music by Shinji Miyazaki,3,4,1,0.00018107252,4,OOD_Class_3
whats the movie schedules for animated movies close by,6,5,0,0.00012462967,4,OOD_Class_3
find the movie Chaos Is Me,5,4,0,0.00013646821,4,OOD_Class_3
Play a record by Black Wall Street Records,3,4,1,0.00030232675,4,OOD_Class_3
Play the top-10 chant by Caetano Veloso on Pandora,3,4,1,0.002323739,4,OOD_Class_3
play something from 1981,3,4,1,0.0001414625,4,OOD_Class_3
play Fill Yourself With Music by Ray Manzarek,3,4,1,0.00018575061,4,OOD_Class_3
add tune to my this is john williams playlist,0,0,0,0.00016651904,4,OOD_Class_3
What's the forecast for MT next week ?,2,2,0,0.00013989094,4,OOD_Class_3
Play music by Sarah Connor,3,4,1,0.00018465261,4,OOD_Class_3
Please use Itunes to play something from 1986,3,4,1,0.00071623316,4,OOD_Class_3
When is His English Wife showing at the Neighborhood Cinema Group ?,6,5,0,0.0001298397,4,OOD_Class_3
"book spot for four at Cliff House, San Francisco in Martinique",1,1,0,0.00014629329,4,OOD_Class_3
play Safe Rock And Roll Sucks on Lastfm,3,0,1,0.00162273,4,OOD_Class_3
Please look up Three Essays on the Theory of Sexuality show .,5,4,0,0.0002364467,4,OOD_Class_3
Find The Black Girl in Search of God trailer,5,4,0,0.0001451294,4,OOD_Class_3
Play a Jack Lawrence concerto,3,4,1,0.00013082661,4,OOD_Class_3
I want to hear eighties music by Noko on deezer .,3,0,1,0.00035533772,4,OOD_Class_3
Add My Very Best to my road trip playlist.,0,0,0,0.00017113457,4,OOD_Class_3
rate the current textbook 4 of 6 points,4,3,0,0.00011525795,4,OOD_Class_3
play the newest sound track from the thirties,3,4,1,0.00020193386,4,OOD_Class_3
"What will the weather be like on january 2nd, 2025 in GA",2,2,0,0.00013413865,4,OOD_Class_3
Play Noche de chicas playlist,3,0,1,0.00021343227,4,OOD_Class_3
I want to hear any top five music from Gene Autry,3,4,1,0.00031968553,4,OOD_Class_3
Play i believe from Chico Buarque off of iheart,3,4,1,0.0003570938,4,OOD_Class_3
Open Itunes and play Heath music from 1981,3,4,1,0.00075580593,4,OOD_Class_3
I'd like to watch A Storm in the Stars at North American Cinemas,6,5,0,0.00016473257,4,OOD_Class_3
play the album Everybody Happy by Lee Aaron,3,4,1,0.00017196842,4,OOD_Class_3
I want to play the game The Celestial Hawk,5,4,0,0.00011391788,4,OOD_Class_3
Play the most popular sort by ep by Brooke Fraser,3,4,1,0.00045487017,4,OOD_Class_3
what is the weather not far from current position,2,2,0,0.00012059451,4,OOD_Class_3
Please play playlist TODO REGGAETON,3,0,1,0.00022615629,4,OOD_Class_3
I want to hear La Jaula De Oro by Mc Ren on Google Music .,3,0,1,0.00021948885,4,OOD_Class_3
I'd like to watch The Slender Thread at 6 PM,6,5,0,0.0001342993,4,OOD_Class_3
Play the Mister Music Man by Gene De Paul .,3,4,1,0.00019351754,4,OOD_Class_3
Play some caribou from the sixties,3,4,1,0.00012296734,4,OOD_Class_3
"play Lily, Rosemary And The Jack Of Hearts by Chris Goss",3,4,1,0.00024760916,4,OOD_Class_3
Use Groove Shark to play the Today And Tomorrow album,3,4,1,0.00021291462,4,OOD_Class_3
play Slacker tunes by Smog from movement in 2015,3,4,1,0.0015253731,4,OOD_Class_3
Play the Charlie Hunter theme off of Last Fm,3,4,1,0.00018244433,4,OOD_Class_3
show the show The Son of Tarzan,5,4,0,0.00010300113,4,OOD_Class_3
play Groove Shark folk-rock,3,4,1,0.00029987446,4,OOD_Class_3
put artist Emre Aydin on Happy Birthday playlist,0,0,0,0.00017570883,4,OOD_Class_3
What is the movie schedule for today?,6,5,0,0.000119731005,4,OOD_Class_3
"book a spot for five at a brasserie on jan. 7, 2023",1,1,0,0.00016415972,4,OOD_Class_3
Play Rob Dougan on youtube,3,0,1,0.0015652704,4,OOD_Class_3
I want to hear some twenties music from Billy Sheehan,3,4,1,0.00017129118,4,OOD_Class_3
Play Brotherhood by Ock Joo-hyun,3,4,1,0.00023215929,4,OOD_Class_3
Show me a photograph called The Daily Slovak News,5,4,0,0.0001355328,4,OOD_Class_3
Play a song from 2013 .,3,4,1,0.00034187897,4,OOD_Class_3
Add the artist tony thompson to my canta en la ducha playlist,0,0,0,0.00017340748,4,OOD_Class_3
this book gets a 1 out of 6 rating from me.,4,3,0,0.00012043564,4,OOD_Class_3
find close by movie schedule movies,6,5,0,0.00011719234,4,OOD_Class_3
The current novel in this series gets zero points from me.,4,3,0,0.00014204321,4,OOD_Class_3
Give a 4 star rating to Fear and Loathing on the Campaign Trail ’72,4,3,0,0.00011264336,4,OOD_Class_3
Where can I watch The Sword of Ali Baba at two p.m. ?,6,5,0,0.00013423977,4,OOD_Class_3
play some nineties music,3,4,1,0.00019146941,4,OOD_Class_3
I want to add Sin rencor to my playlist entitled te quiero,0,0,0,0.00017459551,4,OOD_Class_3
add this Ricardo Villalobos track to under the surface,0,0,0,0.00017374389,4,OOD_Class_3
Play some Carmen Mcrae from Ed Robertson off of Itunes,3,0,1,0.001678734,4,OOD_Class_3
Play the top-20 music by merz,3,4,1,0.00024710462,4,OOD_Class_3
Does Wildorado have a hot temperature,2,2,0,0.00014439924,4,OOD_Class_3
I want to book an indoor brasserie within walking distance in ME .,1,1,0,0.00014642753,4,OOD_Class_3
Play Pledge by Markus Grosskopf,3,4,1,0.0002681784,4,OOD_Class_3
Play The Tyranny Of Distance by Willy Mason .,3,4,1,0.00019967798,4,OOD_Class_3
Can I see the the TV series The Late Music ?,5,4,0,0.0001109473,4,OOD_Class_3
play the music track of 1998,3,4,1,0.00018271149,4,OOD_Class_3
Add track to fresh finds,0,0,0,0.00019100655,4,OOD_Class_3
What is the closest movie theatre that is playing animated movies,6,5,0,0.00013266786,4,OOD_Class_3
Add bret mckenzie to my Pop Commute playlist,0,0,0,0.00017088483,4,OOD_Class_3
play Lastfm by Steampunk,3,4,1,0.0007641033,4,OOD_Class_3
Find a top fifty zahir howaida concerto from the seventies,3,4,1,0.00035282862,4,OOD_Class_3
Play Crazy=genius by The Alchemist,3,4,1,0.00088527397,4,OOD_Class_3
Play Slow Rock on Lastfm .,3,0,1,0.00040502206,4,OOD_Class_3
Play sugar baby by frank beard,3,4,1,0.00021698717,4,OOD_Class_3
Rate The Scoop 5 out of 6 points,4,3,0,0.00011735928,4,OOD_Class_3
Show the forecast nearby in twenty two minutes in French Polynesia,2,2,0,0.00012786633,4,OOD_Class_3
I'd like to listen to Diana Vickers best tune from the twenties,3,4,1,0.00019742774,4,OOD_Class_3
Please help me search The Banker television show .,5,4,0,0.00014287926,4,OOD_Class_3
"I want to hear Jimmy James from the thirties , play a song on Groove Shark .",3,4,1,0.00027098446,4,OOD_Class_3
Can you play an ep from the year 1958 ?,3,4,1,0.00019036511,4,OOD_Class_3
Play any song from 2006,3,4,1,0.0001684796,4,OOD_Class_3
whats the closest movie house showing Medal of Honor,6,5,0,0.00012365522,4,OOD_Class_3
Find me a table for me and my grandkid in Union Square Cafe,1,1,0,0.0002002349,4,OOD_Class_3
play Addicted To You by Hank Ballard,3,4,1,0.0003635621,4,OOD_Class_3
Will it storm in Charles Pinckney National Historic Site,2,2,0,0.00013400633,4,OOD_Class_3
show me the When Your Heart Stops Beating photograph,5,4,0,0.00015907895,4,OOD_Class_3
Play on spotify Ms Scandalous,3,0,1,0.0013813593,4,OOD_Class_3
Play the music of Aphex Twin 's good Album,3,4,1,0.0001552248,4,OOD_Class_3
Is it snowy in Ocean Shores,2,2,0,0.00010017074,4,OOD_Class_3
Play El Cant Dels Ocells by vini lopez .,3,4,1,0.00035717647,4,OOD_Class_3
Can you use Pandora to play a soundtrack from 1999 by David Sitek ?,3,4,1,0.00016814777,4,OOD_Class_3
play journey list,3,4,1,0.00043830034,4,OOD_Class_3
Give Twas the Night Before Christmas 0 points out of 6 .,4,3,0,0.00011508936,4,OOD_Class_3
What films are playing at the nearest movie theatre,6,5,0,0.00014528011,4,OOD_Class_3
Book a bar which serves chicken french at Robinson .,1,1,0,0.000171533,4,OOD_Class_3
Book a table for cherie and josephine in Indonesia,1,1,0,0.00015725452,4,OOD_Class_3
Please anything good by Chieko Ochi,3,4,1,0.00030211272,4,OOD_Class_3
Play Miami 2017 by Rodney Whitaker,3,4,1,0.0002653551,4,OOD_Class_3
Does The Yacoubian Building start at 0839 pm,6,5,0,0.00013829583,4,OOD_Class_3
play Yo Ho from the new york pops on Youtube,3,0,1,0.0011328151,4,OOD_Class_3
Get me a reservation for two at a restaurant which serves burger .,1,1,0,0.00014801905,4,OOD_Class_3
Play me songs from 1955,3,4,1,0.00013859333,4,OOD_Class_3
Book a bakery with smoking room for nine in Niger .,1,1,0,0.00014990836,4,OOD_Class_3
I want to hear the latest twenties album from Kyle Riabko,3,4,1,0.00026946864,4,OOD_Class_3
I want to book a restaurant in Bosnia and Herzegovina .,1,1,0,0.0002613702,4,OOD_Class_3
Play Water Under The Bridge by Hariprasad Chaurasia .,3,4,1,0.0003481576,4,OOD_Class_3
Play music from E-type .,3,4,1,0.00030976973,4,OOD_Class_3
play some music from the thirties,3,4,1,0.00012843286,4,OOD_Class_3
Play music from the top-5 from artist Kenia Arias,3,4,1,0.00034693294,4,OOD_Class_3
show me the schedule of movie The Duchess of Langeais in cinema,6,5,0,0.000133428,4,OOD_Class_3
Is it colder faraway from my current spot ?,2,2,0,0.000118838696,4,OOD_Class_3
put four rating on The Raging Quiet,4,3,0,0.00011094448,4,OOD_Class_3
Give Mason & Dixon a rating of three .,4,3,0,0.00011724443,4,OOD_Class_3
add john brown to my Dinnertime Acoustics,0,0,0,0.00017987317,4,OOD_Class_3
Play an ep by Uncle Jimmy Thompson,3,4,1,0.0002361707,4,OOD_Class_3
Play Hættuleg Hljómsveit & Glæpakvendið Stella by Kaori Iida,3,4,1,0.00014442952,4,OOD_Class_3
Please open Zvooq,3,4,1,0.00019679357,4,OOD_Class_3
Play a 2004 song by eliel on Zvooq .,3,4,1,0.00066213164,4,OOD_Class_3
Add died to the todo latino playlist,0,0,0,0.00017882446,4,OOD_Class_3
What is the weather forecast in 13 seconds in Grand Traverse Bay Bottomland Preserve,2,2,0,0.00012436179,4,OOD_Class_3
Which cinema can I go to to see Lilly the Witch The Dragon and the Magic Book ?,6,5,0,0.00012816719,4,OOD_Class_3
showtimes for the closest movie theatre that is showing Operation Autumn,6,5,0,0.00012896053,4,OOD_Class_3
What's the weather in Koontz Lake,2,2,0,0.00012059508,4,OOD_Class_3
"Play me track September, Gouden Roos by artist daedelus",3,4,1,0.00024161651,4,OOD_Class_3
Add tune to infinite indie folk,0,0,0,0.0001754525,4,OOD_Class_3
Play me a popular song by Koichi Domoto,3,4,1,0.0002008266,4,OOD_Class_3
Add Unconscious State to my 90s Smash Hits,0,0,0,0.00017459622,4,OOD_Class_3
Play some Dave Pearce .,3,4,1,0.00033301627,4,OOD_Class_3
Play 2006 chant music.,3,4,1,0.0002136148,4,OOD_Class_3
What will the weather be like in 16 weeks at the Ivory Coast,2,2,0,0.000121422534,4,OOD_Class_3
play some twenties music on Iheart,3,0,1,0.0016504932,4,OOD_Class_3
Let me hear Chris Knight music,3,4,1,0.00011025016,4,OOD_Class_3
I want to take me and my momy to eat in Flossmoor,1,1,0,0.00019589311,4,OOD_Class_3
Play music on Netflix by Don Kikas,3,4,1,0.00052675564,4,OOD_Class_3
I need to book a restaurant at supper time in IL,1,1,0,0.00015661836,4,OOD_Class_3
I'd like to eat at a restaurant around China with a party of 7 anywhere that serves ouzeri,1,1,0,0.00016264504,4,OOD_Class_3
Is it forecast to be chilly here on july 14 ?,2,2,0,0.00013420366,4,OOD_Class_3
Play a 1974 sound track on Vimeo .,3,4,1,0.00031856264,4,OOD_Class_3
Add rev-raptor to 90s Indie,0,0,0,0.00019222467,4,OOD_Class_3
play playlist A Mis Niños de 30,3,0,1,0.00019282251,4,OOD_Class_3
book a spot for one at a bar in Seabrook,1,1,0,0.00015572857,4,OOD_Class_3
show creativity of What Is Dead May Never Die,5,4,0,0.0001482767,4,OOD_Class_3
Play a melody from the nineties on Google Music,3,0,1,0.00041324217,4,OOD_Class_3
Play playlist Chilled R&B,3,0,1,0.00017254551,4,OOD_Class_3
Find A World Apart .,5,4,0,0.00015475175,4,OOD_Class_3
play Iheart tunes by Neil Finn,3,4,1,0.00025520465,4,OOD_Class_3
Show the Bean and the Boys painting,5,4,0,0.00014286616,4,OOD_Class_3
out of 6 give The Morganville Vampires a 1,4,3,0,0.000115032875,4,OOD_Class_3
Play some jpop on Google Music .,3,0,1,0.00026789014,4,OOD_Class_3
I'd like to see the book The Royal Thousand,5,4,0,9.9553115e-05,4,OOD_Class_3
Play Foundling by Jean Grae on Vimeo .,3,0,1,0.0012579735,4,OOD_Class_3
Please play something from Dihan Slabbert that's on the top fifty,3,4,1,0.0011579788,4,OOD_Class_3
Is it freezing in Tira,2,2,0,0.00011417611,4,OOD_Class_3
Find a painting called The Legend of Tashan Dorrsett .,5,4,0,0.00016998826,4,OOD_Class_3
Play Larry Graham sound track,3,4,1,0.00017893301,4,OOD_Class_3
Find a soundtrack called Meet The Vogues .,5,4,0,0.00013434976,4,OOD_Class_3
please add moon river to my metalcore playlist,0,0,0,0.00017021931,4,OOD_Class_3
Play music by Otis Redding .,3,4,1,0.00022380159,4,OOD_Class_3
Find the schedule for animated movies in the area .,6,5,0,0.0001325381,4,OOD_Class_3
Proceed with music from 2003 .,3,4,1,0.0005639093,4,OOD_Class_3
Play the top melody from artist Maakii,3,4,1,0.0003022849,4,OOD_Class_3
play Barry Manilow from the twenties,3,4,1,0.00022609388,4,OOD_Class_3
I want to listen to the album going back to the blue ridge mountains on iheart,3,4,1,0.00019197083,4,OOD_Class_3
Play the top-ten chant Doda songs from the twenties .,3,4,1,0.00022379127,4,OOD_Class_3
rate the book Strumpet City zero for 6,4,3,0,0.00011920747,4,OOD_Class_3
Is there a lot of sun in Qatar ?,2,2,0,0.00012393552,4,OOD_Class_3
play The Necromancer,3,4,1,0.00014189343,4,OOD_Class_3
Play a ballad by Heath,3,4,1,0.00026726653,4,OOD_Class_3
find a game called The Oh in Ohio,5,4,0,0.00012462019,4,OOD_Class_3
play top-twenty song from 2015,3,4,1,0.00039917938,4,OOD_Class_3
Play the newest released song from 1951,3,4,1,0.00017246809,4,OOD_Class_3
add album to Feeling Blue,0,0,0,0.00017864897,4,OOD_Class_3
find The Swindlers at the closest movie house,6,5,0,0.00012197786,4,OOD_Class_3
play the most popular Miles Jones track,3,4,1,0.00016458938,4,OOD_Class_3
"find The Prince of Temple Street , a picture",5,4,0,0.00013162548,4,OOD_Class_3
Play Masashi Hamauzu 's newest symphony on Itunes .,3,0,1,0.0004459897,4,OOD_Class_3
"What will the weather be in Dane on sep. the fifth, 2030 ?",2,2,0,0.00012638203,4,OOD_Class_3
Show the forecast for two years from now in Lake Telemark Sudan,2,2,0,0.000124296,4,OOD_Class_3
Will it feel nicer in Finland or New Mexico today,2,2,0,0.000111203204,4,OOD_Class_3
I want to hear a top-20 chant from the twenties,3,4,1,0.0003009816,4,OOD_Class_3
I need a reservation for The French Laundry in OH for six,1,1,0,0.00016287461,4,OOD_Class_3
play good music by General Woo on Deezer,3,4,1,0.0017758822,4,OOD_Class_3
Play the track Grow Old With Me by artist Chloe Rose Lattanzi,3,4,1,0.00019902876,4,OOD_Class_3
Play Spotify,3,4,1,0.0021313075,4,OOD_Class_3
Weather next year in Canada,2,2,0,0.00012225335,4,OOD_Class_3
Play a top five Jonny Buckland symphony from around 1989,3,4,1,0.00037020963,4,OOD_Class_3
Play some anneliese van der pol from the thirties on Groove Shark,3,4,1,0.0004132,4,OOD_Class_3
add The Rough Guide to the Music of Eastern Europe to my This Is Philip Glass playlist,0,0,0,0.00017383088,4,OOD_Class_3
Book a restaurant near the City of Wakefield for 5 people.,1,1,0,0.00012413555,4,OOD_Class_3
Play bebob on Iheart,3,0,1,0.00055176095,4,OOD_Class_3
Play me a song from 1972 by Sweet Emma Barrett,3,4,1,0.00021585955,4,OOD_Class_3
What's the forecast for Castolon in French Southern Territories around seven PM ?,2,2,0,0.00012000686,4,OOD_Class_3
Play something on Zvooq,3,4,1,0.0010839311,4,OOD_Class_3
Rate Decoding Reality 0 points,4,3,0,0.00011701558,4,OOD_Class_3
Rate the current album a five out of 6,4,3,0,0.000119732205,4,OOD_Class_3
Can you play a song from the newest movement by prince on Lastfm,3,4,1,0.00019659182,4,OOD_Class_3
book indian food at a highly rated pub for 1 for 0222 pm,1,1,0,0.00015480624,4,OOD_Class_3
holly and brittany need a reservation for a sardinian tea house close by CO,1,1,0,0.00016862471,4,OOD_Class_3
What films start at eighteen at Caribbean Cinemas,6,5,0,0.00014274688,4,OOD_Class_3
Play most popular from Nil Burak on Slacker,3,0,1,0.0004997954,4,OOD_Class_3
Play Martha My Dear by shannon .,3,4,1,0.00038175748,4,OOD_Class_3
add this is Andrés Calamaro by Milk,0,0,0,0.00016814984,4,OOD_Class_3
Show me when and where I can see Song of Summer,6,5,0,0.0004855025,4,OOD_Class_3
Incorporate a russel walder track onto gay's Funk Rock playlist.,0,0,0,0.00017978581,4,OOD_Class_3
play a 1983 concerto by Ayaka on Itunes,3,4,1,0.00041139347,4,OOD_Class_3
Rate The Agent of Death with five stars out of 6,4,3,0,0.00011932392,4,OOD_Class_3
What cinema is playing Great Guy,6,5,0,0.00011312109,4,OOD_Class_3
Can you play Deezer from 2007 ?,3,4,1,0.0001632965,4,OOD_Class_3
Play iheart,3,4,1,0.00024245122,4,OOD_Class_3
Play me the most popular Arthur Johnston song,3,4,1,0.00012534636,4,OOD_Class_3
Add a tune to the Calm Vibes playlist.,0,0,0,0.00017717213,4,OOD_Class_3
Open Last Fm and play the top song from Daniel Lee Chee Hun,3,4,1,0.0002004994,4,OOD_Class_3
Weather for my current location tomorrow,2,2,0,0.00011872385,4,OOD_Class_3
in Google Music play the top singles released in 1972,3,4,1,0.0018098208,4,OOD_Class_3
what animated movies are at Cobb Theatres,6,5,0,0.00013410028,4,OOD_Class_3
Book a highly rated restaurant .,1,1,0,0.00011616571,4,OOD_Class_3
I would like to hear music from 1993,3,4,1,0.000121726545,4,OOD_Class_3
What time is movies playing around here,6,5,0,0.00012808021,4,OOD_Class_3
open Deezer and search for Scott Miller and play some of his new songs,3,4,1,0.00012304033,4,OOD_Class_3
Show me a copy of the picture Double Deal .,5,4,0,0.00013395518,4,OOD_Class_3
play my tribute by Billy Cox,3,4,1,0.00017766692,4,OOD_Class_3
Play a soundtrack from 1954 .,3,4,1,0.0001788357,4,OOD_Class_3
Is it chillier in Hong Kong than it is here,2,2,0,0.00011722454,4,OOD_Class_3
play satire music,3,4,1,0.00026682194,4,OOD_Class_3
Rate Shadow of Night a 1,4,3,0,0.00012498892,4,OOD_Class_3
Let's hear some tunes from the thirties .,3,4,1,0.0002080482,4,OOD_Class_3
Give this chronicle a 4,4,3,0,0.00012084811,4,OOD_Class_3
play songs by Queen,3,4,1,0.00015117519,4,OOD_Class_3
"Search for the TV show , A Lawless Street .",5,4,0,0.00010731023,4,OOD_Class_3
play music by Don Reno,3,4,1,0.00017497147,4,OOD_Class_3
Is it going to get windy today in Tunisia ?,2,2,0,0.00014009488,4,OOD_Class_3
Locate the best pub in Apache Junction,1,1,0,0.00011913036,4,OOD_Class_3
play some seventies Filipp Kirkorow,3,4,1,0.00014647104,4,OOD_Class_3
Play Arif music from the fourties .,3,4,1,0.00020280835,4,OOD_Class_3
Play me some folklore music,3,4,1,0.00015014618,4,OOD_Class_3
Lets eat near Oakfield 17 seconds from now at Ted Peters Famous Smoked Fish,1,1,0,0.00015724738,4,OOD_Class_3
Play me something Miles Davis did with a symphony,3,4,1,0.00015964865,4,OOD_Class_3
listen to tei movement from most popular eighties music,3,4,1,0.00036078977,4,OOD_Class_3
Give Memoirs of a Fox-Hunting Man a rating of 4 out of 6 .,4,3,0,0.00011242329,4,OOD_Class_3
Please make reservations for a bar close-by in Lake Alfred .,1,1,0,0.00015491156,4,OOD_Class_3
Play me a 2015 soundtrack on Netflix,3,4,1,0.00014778344,4,OOD_Class_3
Play the greatest soundtrack by Nhat Son on Last Fm .,3,4,1,0.0001906838,4,OOD_Class_3
nineties songs on Zvooq,3,0,1,0.0007644167,4,OOD_Class_3
Play a concerto by Thekra .,3,4,1,0.00015641206,4,OOD_Class_3
Play 2gether by Jade Puget,3,4,1,0.000754694,4,OOD_Class_3
Rate the current novel three points,4,3,0,0.00012084751,4,OOD_Class_3
Out of 6 stars I give the chronicle three and look forward to what's next .,4,3,0,0.00012287112,4,OOD_Class_3
Play the playlist introspective,3,0,1,0.00029469116,4,OOD_Class_3
Play teri meri by Josh White,3,4,1,0.00031739514,4,OOD_Class_3
Book me a table for 8 at a restaurant for seven pm,1,1,0,0.00014874224,4,OOD_Class_3
What animated movies are playing at IMAX Corporation ?,6,5,0,0.00013009313,4,OOD_Class_3
I'd like to hear the last song fro Willa Ford .,3,4,1,0.00011335626,4,OOD_Class_3
play some synthpop,3,4,1,0.00077341415,4,OOD_Class_3
Add Fair Charlotte to the We Everywhere playlist.,0,0,0,0.0001738282,4,OOD_Class_3
rate the current essay 5 points,4,3,0,0.000115652336,4,OOD_Class_3
I want to listen to Merrily We Roll Along by Marko Desantis .,3,4,1,0.0002656978,4,OOD_Class_3
Add this song to my fairy tales,0,0,0,0.00017847518,4,OOD_Class_3
what will the weather be for Hooksett,2,2,0,0.00012478745,4,OOD_Class_3
whats the forecast for Redby,2,2,0,0.00013193073,4,OOD_Class_3
Play something from 90s Pop Rock Essentials,3,4,1,0.0017778443,4,OOD_Class_3
Play some symphony music from David Lindley .,3,4,1,0.00019957448,4,OOD_Class_3
play a tune by Margaret Kelly on Iheart,3,4,1,0.0010090234,4,OOD_Class_3
Play some fast fusion on Spotify,3,0,1,0.00026748012,4,OOD_Class_3
I want to hear Sebastian 's songs from the thirties on Youtube,3,4,1,0.0009234146,4,OOD_Class_3
I want the photograph of Walt Before Mickey,5,4,0,0.00010473594,4,OOD_Class_3
Can I listen to Dj Vibe 's top 10 ?,3,4,1,0.0016402963,4,OOD_Class_3
play music from 2014,3,4,1,0.0001939109,4,OOD_Class_3
Play some Sabah from the eighties,3,4,1,0.00043265926,4,OOD_Class_3
Find Mahalakshmi Iyer music on Netflix,3,4,1,0.00013350391,4,OOD_Class_3
Find Pat Garrett y Billy the Kid .,5,4,0,0.00018003021,4,OOD_Class_3
rate this essay zero of 6 points,4,3,0,0.00011799137,4,OOD_Class_3
Play an album from the fourties,3,4,1,0.00016555564,4,OOD_Class_3
rate the book The Outlaws of Sherwood two stars,4,3,0,0.00012933358,4,OOD_Class_3
Can you get me reservations for a highly rated restaurant in Seychelles,1,1,0,0.00015781102,4,OOD_Class_3
Play the greatest record by Joe Purdy on Google Music,3,0,1,0.00027754705,4,OOD_Class_3
I want this album on my Indie Alternativa playlist,0,0,0,0.0001652201,4,OOD_Class_3
Play top Rosanne Cash,3,4,1,0.0006066655,4,OOD_Class_3
Is it forecast to be stormy close to Nimule-Nationalpark 1 hour from now ?,2,2,0,0.00012712367,4,OOD_Class_3
give 5 points to The White Hotel,4,3,0,0.00010774762,4,OOD_Class_3
show creative book named Pencil Thin Mustache,5,4,0,0.00013514482,4,OOD_Class_3
Tell me the predicted weather once I travel faraway to Crimson Lake Provincial Park .,2,2,0,0.00016203345,4,OOD_Class_3
I'd like the movie schedules nearby me for animated movies,6,5,0,0.00013112208,4,OOD_Class_3
rate Mus of Kerbridge a one,4,3,0,0.000118277865,4,OOD_Class_3
play Richard Thompson from the thirties song book,3,4,1,0.0001483808,4,OOD_Class_3
Play some House music,3,4,1,0.00028096334,4,OOD_Class_3
"find Framing the Early Middle Ages , a game",5,4,0,0.00012894232,4,OOD_Class_3
Play Gary Chapman music from the fifties,3,4,1,0.00014997314,4,OOD_Class_3
Play the playlist funtime activity,3,0,1,0.000297619,4,OOD_Class_3
rate I Commitments 5 of 6 points,4,3,0,0.00011804902,4,OOD_Class_3
Play music from artist Ashley,3,4,1,0.0003289545,4,OOD_Class_3
Add the album to the top 100 country tracks on spotify playlist.,0,0,0,0.00017171679,4,OOD_Class_3
Play me the new King Curtis music on Google Music .,3,0,1,0.00034879163,4,OOD_Class_3
Rate this album 4 points,4,3,0,0.000116673684,4,OOD_Class_3
Play some space music on Google Music,3,0,1,0.00041283233,4,OOD_Class_3
Find a TV show called Directions Home .,5,4,0,0.00013500618,4,OOD_Class_3
Play breathtaking music,3,4,1,0.00028816378,4,OOD_Class_3
play melody and sort the newest in Dj Format,3,4,1,0.0021061506,4,OOD_Class_3
add what if punk never happened to autumn,0,0,0,0.00018951533,4,OOD_Class_3
find the show Trancers,5,4,0,0.00012547478,4,OOD_Class_3
Play a 1991 song by Anila Mirza,3,4,1,0.00022953279,4,OOD_Class_3
I'd like to have this track onto my Classical Relaxations playlist.,0,0,0,0.00017570765,4,OOD_Class_3
Play a song from 1990 on Netflix,3,4,1,0.00012298522,4,OOD_Class_3
I'd like to watch Heartbreak at Pacific Theatres at two pm,6,5,0,0.00014697816,4,OOD_Class_3
Can you play fifties theme music by Mohsen Chavoshi,3,4,1,0.00014010855,4,OOD_Class_3
book a spot for six friends,1,1,0,0.00015108162,4,OOD_Class_3
"Tell me the weather forecast for apr. twenty-fourth, 2028 in San Diego",2,2,0,0.00014334788,4,OOD_Class_3
What movies are currently playing at the Caribbean Cinemas,6,5,0,0.00013728093,4,OOD_Class_3
play a Karin Dreijer Andersson soundtrack on Groove Shark,3,4,1,0.00029204617,4,OOD_Class_3
"I want to eat Louisiana Fried Chicken in McColl , IA",1,1,0,0.00022458883,4,OOD_Class_3
I want to give The Coming of the Terraphiles a rating of 1 .,4,3,0,0.00011730189,4,OOD_Class_3
book a sushis serving restaurant in Uzbekistan,1,1,0,0.0001433184,4,OOD_Class_3
What is the weather forecast in Canfield at 222322,2,2,0,0.00013052039,4,OOD_Class_3
find movie times,6,5,0,0.00010997567,4,OOD_Class_3
Can you play Under The Anheuser Bush by Pete Doherty,3,4,1,0.00014157314,4,OOD_Class_3
Play fifties music on Slacker .,3,0,1,0.00040604564,4,OOD_Class_3
this tune should go on my coffee table jazz playlist,0,0,0,0.00016417674,4,OOD_Class_3
Show me the movies at the closest cinema,6,5,0,0.00013634462,4,OOD_Class_3
play a twenties song,3,4,1,0.00022644753,4,OOD_Class_3
Check the weather forecast for Biscay,2,2,0,0.00013077431,4,OOD_Class_3
I am giving Finding Chandra a 2 out of 6 rating,4,3,0,0.00011078852,4,OOD_Class_3
Play music by Damien Rice,3,4,1,0.00021925075,4,OOD_Class_3
Play me a 1958 adam yauch concerto on Groove Shark,3,4,1,0.00014649953,4,OOD_Class_3
Play some sixties music on Slacker .,3,0,1,0.0007371994,4,OOD_Class_3
show Thousand Miles movie,5,4,0,0.00011322568,4,OOD_Class_3
Play Ik Hou Van Jou by Elena Temnikova,3,4,1,0.0001770668,4,OOD_Class_3
"Play Oj, Jelena, Jelena, Jabuka Zelena by Ler Lalonde .",3,4,1,0.0002831305,4,OOD_Class_3
Assign 0 points out of 6 to The Gate of Worlds,4,3,0,0.00012517185,4,OOD_Class_3
"book a table for Sep. the second, 2020 at a highly rated place for me and my baby at a joint serving cambodian",1,1,0,0.00020538869,4,OOD_Class_3
open Itunes and play Kenny Cox most popular concerto,3,4,1,0.0007083087,4,OOD_Class_3
"Can you find me the work, The Curse of Oak Island ?",5,4,0,0.00011457982,4,OOD_Class_3
turn on Last Fm,3,0,1,0.001041949,4,OOD_Class_3
Is it going to be hotter within walking distance of Ohio on 3/22/2038,2,2,0,0.00014029752,4,OOD_Class_3
Play my Femme Fatale playlist on Vimeo,3,0,1,0.00019089806,4,OOD_Class_3
"I'd like a reservation at a place in Iran for neva, alice and maggie parker .",1,1,0,0.00015436273,4,OOD_Class_3
Add this tune to retrowave outrun,0,0,0,0.00018486258,4,OOD_Class_3
Play Before I Grew Up To Love You by Wafah Dufour,3,4,1,0.00024827878,4,OOD_Class_3
Please play a song off the Curtis Lee album Rough Diamonds,3,4,1,0.00017397439,4,OOD_Class_3
Book a close by brasserie in NC .,1,1,0,0.00014041159,4,OOD_Class_3
National Lampoon Tenth Anniversary Anthology 1970–1980 is a 4 out of 6 read,4,3,0,0.000114192626,4,OOD_Class_3
Rate The Coming of Bill 3 of 6 stars,4,3,0,0.00012008357,4,OOD_Class_3
I rate 4 of 6 points for this textbook,4,3,0,0.00011816409,4,OOD_Class_3
Can you tell me the weather forecast for Samoa,2,2,0,0.00014023298,4,OOD_Class_3
rate Special Assignments 0 of 6 points,4,3,0,0.00012002491,4,OOD_Class_3
Play Dansevise by Ebi on Groove Shark .,3,0,1,0.0012782685,4,OOD_Class_3
Please help me search the Hell Money saga .,5,4,0,0.00013956944,4,OOD_Class_3
Play Revival music.,3,4,1,0.0002832061,4,OOD_Class_3
Play some contemporary christian on Groove Shark .,3,0,1,0.00031473185,4,OOD_Class_3
Play a top five Linda Strawberry ep,3,4,1,0.0002730428,4,OOD_Class_3
"Will it be even hotter 2 years from now in El Jebel , Niger",2,2,0,0.0001261941,4,OOD_Class_3
give two star to As Long as We Both Shall Live book,4,3,0,0.00011984862,4,OOD_Class_3
Is People of the Cumberland playing at Landmark Theatres now,6,5,0,0.00012971442,4,OOD_Class_3
Play some Mark Tremonti from the thirties .,3,4,1,0.00023980133,4,OOD_Class_3
Play music off Youtube .,3,4,1,0.0020204103,4,OOD_Class_3
add Troy Andrews to my pop punk powerhouses,0,0,0,0.00018137037,4,OOD_Class_3
Add janie jones to my Indie Pop,0,0,0,0.00016724768,4,OOD_Class_3
Will there be a storm faraway from Chapman Ranch ?,2,2,0,0.00013335187,4,OOD_Class_3
Play me a song by Avispa Music from 1965,3,4,1,0.00031221609,4,OOD_Class_3
Book a reservation for bettye and lakeisha jimenez at a bar,1,1,0,0.00017560046,4,OOD_Class_3
play Slacker tunes,3,4,1,0.0005324118,4,OOD_Class_3
I need a reservation for the Oasis Drive-In for a party of four,1,1,0,0.00016821631,4,OOD_Class_3
How will snowfall be here in 2/21/2022 ?,2,2,0,0.00013071172,4,OOD_Class_3
Play Songs Of Heaven by ami koshimizu,3,4,1,0.00017059925,4,OOD_Class_3
Play The Soft Parade .,3,4,1,0.00018094138,4,OOD_Class_3
Play The Eternal by Juju Mob on Vimeo .,3,0,1,0.0007108121,4,OOD_Class_3
Use the last fm service to play A Mis Niños de 30,3,0,1,0.0009225554,4,OOD_Class_3
Find me the picture entitled I’ll Take Care of You .,5,4,0,0.0001572222,4,OOD_Class_3
Rate my current novel 2 out of 6 points,4,3,0,0.000119849516,4,OOD_Class_3
Find a television show called The High Chaparral .,5,4,0,0.00012232515,4,OOD_Class_3
Give the current series a two,4,3,0,0.00012609144,4,OOD_Class_3
rate The Long Dark Tea-Time of the Soul 5 stars,4,3,0,0.000116730414,4,OOD_Class_3
Will it get windy close by here ?,2,2,0,0.00012774562,4,OOD_Class_3
Play music year 2016 by artist Michiru Yamane,3,4,1,0.00029579378,4,OOD_Class_3
play Zvooq latest track by Peter Appleyard,3,4,1,0.0011113511,4,OOD_Class_3
Play the album Axum,3,4,1,0.00015207671,4,OOD_Class_3
Play Party Anthems,3,4,1,0.0003958633,4,OOD_Class_3
Please search the Woodsmen of the West .,5,4,0,0.00014380424,4,OOD_Class_3
play some seventies Dj Colette,3,4,1,0.00043683784,4,OOD_Class_3
Play the best song by Henry Rollins .,3,4,1,0.00019371396,4,OOD_Class_3
restaurant in Bulgaria this week party for 9 numbers,1,1,0,0.00014216664,4,OOD_Class_3
