text,true_label_original,pred_label_mapped,is_ood_true,ood_score,fold,scenario
Please play a song for me from 1959,3,2,0,0.00010989248,3,OOD_Class_2
Play Ramakadha by Karl Davydov please,3,2,0,0.0001376938,3,OOD_Class_2
Play show of Cissy Houston,5,4,0,0.00067290646,3,OOD_Class_2
What's the weather in Paris ?,2,5,1,0.00022172302,3,OOD_Class_2
"what is the forecast for Morocco at Lake Ozark on December seventeenth, 2022",2,5,1,0.00031702768,3,OOD_Class_2
find the painting Strong Enough,5,4,0,0.00012573814,3,OOD_Class_2
I need reservations at Khedive Palace that's close in town .,1,1,0,0.00015341477,3,OOD_Class_2
What is the weather like right now in the same area as Georgia,2,5,1,0.00047694438,3,OOD_Class_2
What will the weather be like in 16 weeks at the Ivory Coast,2,5,1,0.00040600114,3,OOD_Class_2
I'd like to see the show Onion SportsDome,5,4,0,9.5018215e-05,3,OOD_Class_2
Forecast for 11 am in Nauru,2,5,1,0.0029313695,3,OOD_Class_2
I want a table for seven at twenty three o'clock in Angola .,1,1,0,0.00012552708,3,OOD_Class_2
"Tell me the weather forecast for april 15, 2019 here",2,5,1,0.02217706,3,OOD_Class_2
will there be a snowstorm in eight months at Chattahoochee River National Recreation Area,2,5,1,0.00034802596,3,OOD_Class_2
I'd like to add this album to my Siesta playlist,0,0,0,0.00018305314,3,OOD_Class_2
I give the Budayeen Nights saga five out of 6 points .,4,3,0,0.00011770136,3,OOD_Class_2
add the artist joseph meyer to my mad cool festival 2017 playlist,0,0,0,0.00016084062,3,OOD_Class_2
I need a reservation for a coffeehouse with nine people within the same area as Midland Park,1,1,0,0.0001707346,3,OOD_Class_2
I want to hear sia furler 's popular songs on Last Fm,3,2,0,0.00014345715,3,OOD_Class_2
Play Punk Essentials on google music,3,2,0,0.000114245304,3,OOD_Class_2
Rate The Vanishing Thieves 4 out of 6,4,3,0,0.00012757625,3,OOD_Class_2
What are the movie times for the Caribbean Cinemas ?,6,5,0,0.00015343561,3,OOD_Class_2
rate the current album 5 out of 6 points,4,3,0,0.00012401376,3,OOD_Class_2
"What's the forecast for this month in Apple Grove , DC ?",2,5,1,0.00037419738,3,OOD_Class_2
what is the weather not far from current position,2,5,1,0.00044335838,3,OOD_Class_2
What's the weather here at 2 PM.,2,5,1,0.00019831432,3,OOD_Class_2
Will it get windy in Ocean Breeze Park ?,2,5,1,0.00020869366,3,OOD_Class_2
Will it be cold here in one hour ?,2,5,1,0.00027309873,3,OOD_Class_2
add this matt bachand tune to pure rock & roll,0,0,0,0.00016281297,3,OOD_Class_2
Play the playlist Gypsy Swing,3,2,0,7.890763e-05,3,OOD_Class_2
What will the weather be in one minute in Tanzania,2,5,1,0.00019414329,3,OOD_Class_2
Will it be colder in Ohio,2,5,1,0.0005798267,3,OOD_Class_2
I need a table for 4 in Pelland,1,1,0,0.00013725949,3,OOD_Class_2
give me the movie times,6,5,0,0.00015705815,3,OOD_Class_2
Can you tell me the weather conditions for Patricia,2,5,1,0.0006400787,3,OOD_Class_2
Play the most popular music from Nat Stuckey on Itunes .,3,2,0,0.0001539077,3,OOD_Class_2
"Will it be overcast at night in Kenmore , FL ?",2,5,1,0.0008396003,3,OOD_Class_2
Book a popular restaurant for 5 people,1,1,0,0.0001461838,3,OOD_Class_2
Is there snowfall in Zec Mitchinamecus at 13,2,5,1,0.00018550454,3,OOD_Class_2
Is it freezing in Colorado,2,5,1,0.00033074972,3,OOD_Class_2
What's the weather like around Laos ?,2,5,1,0.00067983184,3,OOD_Class_2
what is the freezing forecast for British Virgin Islands,2,5,1,0.00050106074,3,OOD_Class_2
Give this textbook 3 stars .,4,3,0,0.0001190304,3,OOD_Class_2
Show The Caveman television show,5,4,0,0.000103441904,3,OOD_Class_2
What's the weather going to be like at my current spot at 7 am,2,5,1,0.00029965054,3,OOD_Class_2
"Is it freezing in Offerman , California ?",2,1,1,0.00084961636,3,OOD_Class_2
Want to eat at The Meatball Shop that's within walking distance of erica's campus,1,1,0,0.0001718981,3,OOD_Class_2
Is it chilly anywhere faraway from my current place,2,1,1,0.0025148394,3,OOD_Class_2
Where can I watch the picture I’ll Take Care of You ?,5,4,0,9.223985e-05,3,OOD_Class_2
Please find the Packed to the Rafters work.,5,4,0,0.0003016976,3,OOD_Class_2
Play Llegando a Casa playlist,3,2,0,6.431981e-05,3,OOD_Class_2
What's the weather forecast for Connecticut,2,5,1,0.00070369936,3,OOD_Class_2
Is there forecast to be snow in GU this summer ?,2,5,1,0.0003876355,3,OOD_Class_2
What will the weather be next apr . in MT ?,2,5,1,0.00028912185,3,OOD_Class_2
Add Ashley McIsaac to my r&b party classics playlist,0,0,0,0.00016847558,3,OOD_Class_2
What is the weather forecast for Sunset in Bouvet Island ?,2,5,1,0.00020147106,3,OOD_Class_2
add la voce to my Dubstep Dangles Dirty playlist,0,0,0,0.00017238622,3,OOD_Class_2
whats the forecast for Redby,2,4,1,0.0006022015,3,OOD_Class_2
Will it be warm neighboring here in Whitehouse ?,2,1,1,0.00091013435,3,OOD_Class_2
Play an ep by Uncle Jimmy Thompson,3,2,0,0.0001225941,3,OOD_Class_2
I want to give The Cat Who Walks Through Walls a 1,4,3,0,0.00013653327,3,OOD_Class_2
Is it warmer in Lothian Island Wildlife Sanctuary,2,5,1,0.00029030966,3,OOD_Class_2
rate the current saga a 4,4,3,0,0.00012328922,3,OOD_Class_2
Will it snowstorm neighboring the Rio Grande Wild and Scenic River on feb. the second ?,2,5,1,0.00023693811,3,OOD_Class_2
what is the forecast for freezing weather here,2,5,1,0.0006061435,3,OOD_Class_2
Is there going to be a depression in my current location on nov. the ninth,2,1,1,0.0029619646,3,OOD_Class_2
forecast for Willits Christmas Island twenty three minutes from now,2,5,1,0.0010269281,3,OOD_Class_2
Add Falcon to the Top Tracks in Metal playlist.,0,0,0,0.00017855426,3,OOD_Class_2
Is it going to be windy here on Nov. 17,2,5,1,0.00035834275,3,OOD_Class_2
The Battle for Skies gets a three,4,3,0,0.000108528075,3,OOD_Class_2
Book a table for a party of twelve in Lewisville AMerican Samoa for a party of 7 at the Ballachulish House,1,1,0,0.00016236224,3,OOD_Class_2
play the top-20 Rita Macneil songs,3,2,0,0.00012223312,3,OOD_Class_2
show the movies at the nearest movie house,6,5,0,0.00015479728,3,OOD_Class_2
I want to book Meriton Grand Hotel Tallinn in New Jersey for four people.,1,1,0,0.0001230905,3,OOD_Class_2
What is the forecast this evening for the Calipuy National Reservation,2,5,1,0.000683207,3,OOD_Class_2
"Is it going to be warmer in Cinnaminson , North Carolina at 0659 AM ?",2,5,1,0.00091345055,3,OOD_Class_2
Will it be snowy in the current place ?,2,5,1,0.0005682963,3,OOD_Class_2
Find a TV series called All Time Greatest Movie Songs .,5,4,0,0.00011043742,3,OOD_Class_2
Is it warm in Sierra Blanca now,2,5,1,0.00036603052,3,OOD_Class_2
"Make me a reservation at Illinois Central Railroad Freight Depot in Singapore with vickie rodriguez, lila reyes and ruby",1,1,0,0.00017207088,3,OOD_Class_2
I want to hear Sarban 's greatest hits,3,2,0,0.00011504677,3,OOD_Class_2
"What's the weather for New York on July the 28th, 2032",2,5,1,0.00031328373,3,OOD_Class_2
"Tell me the forecast for Elderton , Indiana in 19 hours",2,5,1,0.0013185815,3,OOD_Class_2
what is the forecast starting on 5/17/2037 for Austria for warmer temps,2,5,1,0.00033369916,3,OOD_Class_2
current album gets a value of 0,4,3,0,0.000114241826,3,OOD_Class_2
What movie theatre has A Matter of Wife... And Death,6,5,0,0.00015788761,3,OOD_Class_2
I would rate this novel a four,4,3,0,0.00012377145,3,OOD_Class_2
is it going to be foggy in Jewell Cemetery State Historic Site 7 weeks from now,2,5,1,0.00030114953,3,OOD_Class_2
what is the forecast for hot temps at Bowman Bay Wildlife Sanctuary,2,5,1,0.00019132975,3,OOD_Class_2
Add another MC chris track to my Blues Roots playlist.,0,0,0,0.00017382417,3,OOD_Class_2
what films are playing at the nearest movie house,6,5,0,0.00015908842,3,OOD_Class_2
Can I get the movie schedule for the Bow Tie Cinemas .,6,5,0,0.00016818686,3,OOD_Class_2
What will the weather be at thirteen in NJ ?,2,5,1,0.00018258199,3,OOD_Class_2
Will it be chilly in MA 12 days from now,2,5,1,0.0003297732,3,OOD_Class_2
show me the schedule of movie The Da Vinci Code,6,5,0,0.00016462286,3,OOD_Class_2
I need the weather at noon for E.A. Vaughn Wildlife Management Area,2,5,1,0.00023950738,3,OOD_Class_2
rate in stars as a 6 for Lord of the Shadows which gets a four,4,3,0,0.00012407341,3,OOD_Class_2
I need the forecast for close by Becharof National Wildlife Refuge in nine months,2,5,1,0.00081263017,3,OOD_Class_2
What will the weather be like this tuesday in the area neighboring Rendezvous Mountain Educational State Forest ?,2,5,1,0.00027633636,3,OOD_Class_2
Rate the current essay 4 out of 6,4,3,0,0.00012559864,3,OOD_Class_2
What is the forecast next year in McGee,2,5,1,0.0011802916,3,OOD_Class_2
What's the cloud forecast now for Sierra Leone ?,2,5,1,0.00033206784,3,OOD_Class_2
What will the weather be in Overton at 8 pm ?,2,5,1,0.00017510729,3,OOD_Class_2
"Will it be rainy this Monday in Le Center , Thailand",2,5,1,0.0007234473,3,OOD_Class_2
What is the predicted weather for Wells in Indiana ?,2,5,1,0.00039416156,3,OOD_Class_2
Play some Carmen Mcrae from Ed Robertson off of Itunes,3,2,0,0.00014543456,3,OOD_Class_2
"Will there be a snowstorm in Slick , OR four hours from now ?",2,5,1,0.00021778018,3,OOD_Class_2
Give the current novel two stars .,4,3,0,0.000118623975,3,OOD_Class_2
What is the weather supposed to be like in New Jersey three months from now,2,5,1,0.0004442313,3,OOD_Class_2
Will it get warmer in Berkley,2,5,1,0.00060052116,3,OOD_Class_2
I need the weather for 7/13/2036 in Gwynedd Valley,2,1,1,0.00086240075,3,OOD_Class_2
Tell me if it'll be freezing next month in Rhode Island,2,5,1,0.00033142156,3,OOD_Class_2
what is the Loco weather forecast,2,4,1,0.00012549342,3,OOD_Class_2
Play the Knockabout soundtrack,5,4,0,0.00015330897,3,OOD_Class_2
What is the forecast for the Wildreservaat Ithala in the distant future will it be colder,2,5,1,0.00026377512,3,OOD_Class_2
give zero point to this textbook,4,3,0,0.00013098354,3,OOD_Class_2
What is the weather forecast for North Carolina,2,4,1,0.0011659444,3,OOD_Class_2
I'd like to see Jack,5,4,0,0.0021373457,3,OOD_Class_2
play a Morton Downey record with Slacker,3,2,0,0.00012415195,3,OOD_Class_2
add this tune by Hal Patino to my Ambiente RnB playlist,0,0,0,0.00016971085,3,OOD_Class_2
Will there be a lot of wind in West Fargo GU,2,5,1,0.0007892638,3,OOD_Class_2
What is the weather forecast in VA,2,5,1,0.00022673023,3,OOD_Class_2
What is the weather like at Emma Wood State Beach,2,5,1,0.00032458035,3,OOD_Class_2
Tell me the weather forecast for WY,2,4,1,0.0070432257,3,OOD_Class_2
Will it rain in six weeks in Libby ?,2,5,1,0.0003605489,3,OOD_Class_2
"What will the weather be like not far from Alabama on May 9, 2037 ?",2,5,1,0.00058414164,3,OOD_Class_2
What's the weather in Pugu Hills Forest Reserve,2,5,1,0.0003140137,3,OOD_Class_2
What time is film showing at Southern Theatres,6,5,0,0.00016509529,3,OOD_Class_2
Rate What Is Called Thinking ? 0 stars,4,3,0,0.00012437764,3,OOD_Class_2
Find the movie times for North American Cinemas .,6,5,0,0.00017200912,3,OOD_Class_2
What's the weather forrecast here in five seconds ?,2,5,1,0.00015543222,3,OOD_Class_2
Add a track to Fusion Fest,0,0,0,0.00016642979,3,OOD_Class_2
Add Yuna Ito to the hot rods & horror shows playlist.,0,0,0,0.00017272489,3,OOD_Class_2
Add anti ep to esenciales,0,0,0,0.0001566547,3,OOD_Class_2
What will the humidity be in the current spot at 151929 ?,2,5,1,0.00022610885,3,OOD_Class_2
add Georgetown University Alma Mater to my evening acoustic playlist,0,0,0,0.00015935439,3,OOD_Class_2
For this novel I give a rating of 4 out of 6,4,3,0,0.00012437797,3,OOD_Class_2
Will there be a blizzard next friday close in TN ?,2,5,1,0.00023625705,3,OOD_Class_2
What time is The Bride Wore Boots playing,6,5,0,0.00013165505,3,OOD_Class_2
I want to book a table for me and my boss at Glassy Junction in Turkey .,1,1,0,0.00014085814,3,OOD_Class_2
find Worldly Goods starting now at a movie house,6,5,0,0.00014512485,3,OOD_Class_2
Give four points to Leven Thumps and the Gateway to Foo,4,3,0,0.0001362014,3,OOD_Class_2
find Hear Me Good,6,4,0,0.00014169356,3,OOD_Class_2
will it be freezing in New Ringgold Nebraska,2,5,1,0.00085936725,3,OOD_Class_2
What's the weather forecast for Niue at two am ?,2,5,1,0.00018267584,3,OOD_Class_2
I'd like to see movie times for animated movies playing in the neighborhood that are starting now .,6,5,0,0.00014079949,3,OOD_Class_2
What will the weather be like 19 minutes from now in Nepal,2,5,1,0.00020017158,3,OOD_Class_2
Is it freezing far from here on 12/5/2032,2,5,1,0.00034866008,3,OOD_Class_2
find the book Time and Again,5,4,0,8.103167e-05,3,OOD_Class_2
What is the weather forecast in Pinson South Dakota,2,5,1,0.00033191702,3,OOD_Class_2
whats the weather in GA,2,5,1,0.00029373262,3,OOD_Class_2
What is the rain forecast for one hour from now in South Korea,2,5,1,0.00021665487,3,OOD_Class_2
"book for six on jan. 18, 2029",1,1,0,0.00012987453,3,OOD_Class_2
Play Saturday Nights & Sunday Mornings,3,2,0,0.00011466051,3,OOD_Class_2
Play the best Sebastian Karlsson melody on Youtube,3,2,0,0.00010054954,3,OOD_Class_2
play Christina Milian latest music,3,2,0,0.000106722066,3,OOD_Class_2
What is the forecast for here,2,4,1,0.00546364,3,OOD_Class_2
I would give Basic Battle Skills a rating of four,4,3,0,0.00011996354,3,OOD_Class_2
is AZ has chilly weather,2,5,1,0.00035248016,3,OOD_Class_2
"Can you find a photograph entitled, Beneath the Harvest Sky",5,4,0,0.00011031985,3,OOD_Class_2
I want to see animated movie in the neighbourhood,6,5,0,0.00019053344,3,OOD_Class_2
what is the weather forecast for Israel,2,4,1,0.0009076256,3,OOD_Class_2
I'd like to eat at an outdoor restaurant,1,1,0,0.00013948815,3,OOD_Class_2
"Will it be warmer at lunch in Prentice , Armenia",2,1,1,0.00016500239,3,OOD_Class_2
Will it be windy at Medicine Rocks State Park on May 24,2,5,1,0.00021515065,3,OOD_Class_2
I want to see Married to the Enemy 2 at a cinema .,6,5,0,0.0002046358,3,OOD_Class_2
Please play some music from the seventies movement,3,2,0,0.00012672758,3,OOD_Class_2
find the painting Sleeping in Your Hand,5,4,0,9.870289e-05,3,OOD_Class_2
What is the weather forecast for Theodore Roosevelt Inaugural National Historic Site,2,5,1,0.0007130055,3,OOD_Class_2
add a song by mark schultz to my ultimate indie playlist,0,0,0,0.00016594453,3,OOD_Class_2
I need to hear some r&b music off of iheart,3,2,0,0.00016303046,3,OOD_Class_2
add this album to tgif,0,0,0,0.00017213207,3,OOD_Class_2
what is the forecast for hot temps in Kuwait in Augusta Springs,2,5,1,0.00024760098,3,OOD_Class_2
What's the temperature here,2,5,1,0.0003396344,3,OOD_Class_2
Will you play my Nuestros 80 playlist,3,2,0,8.447181e-05,3,OOD_Class_2
I need a table for 5 at the restaurant I ate at last Oct.,1,1,0,0.00014293735,3,OOD_Class_2
Will it be foggy at sunset in Red Devil,2,5,1,0.00019302992,3,OOD_Class_2
Give this album a rating of 4 .,4,3,0,0.000116101444,3,OOD_Class_2
I want to book a delicatessen serving testaroli in Somalia for 7/25/2027 .,1,1,0,0.00016331699,3,OOD_Class_2
rate this essay four out of 6,4,3,0,0.00012757651,3,OOD_Class_2
Play Kk on Zvooq .,3,2,0,0.00014844978,3,OOD_Class_2
What is the weather at the current position,2,5,1,0.00026449698,3,OOD_Class_2
What's the weather on Bird Island Burkina at shavuot,2,5,1,0.00018955447,3,OOD_Class_2
book a table for seven in Walpole,1,1,0,0.00015104358,3,OOD_Class_2
On April the twelfth in Somalia is the weather chilly,2,5,1,0.00069669384,3,OOD_Class_2
Put nothing remains the same on my summer music playlist,0,0,0,0.00015958385,3,OOD_Class_2
Add bryan gregory to the playlist Emily Dickinson,0,0,0,0.00016353102,3,OOD_Class_2
What's the weather forecast for Austin Liechtenstein,2,5,1,0.00058833585,3,OOD_Class_2
add darkest angels to my SOS 48 2016,0,0,0,0.00016313222,3,OOD_Class_2
"Tell me the weather forecast for Lecanto , Georgia",2,5,1,0.008317502,3,OOD_Class_2
Can I get the movie schedules for Southern Theatres at around 1502,6,5,0,0.00016951068,3,OOD_Class_2
Add Always to dena's Baroque 50 Spotify Picks playlist.,0,0,0,0.0001800416,3,OOD_Class_2
what is the forecast for Tschetter Colony on Ascension Day in Oregon,2,5,1,0.0002561297,3,OOD_Class_2
book a diner for 1 in Green Isle,1,1,0,0.00013779753,3,OOD_Class_2
Give me Slovakia 's weather forecast for eight am,2,5,1,0.00083469844,3,OOD_Class_2
I would like Ignacio Figueredo 's tune added to electroNOW .,0,0,0,0.00018260413,3,OOD_Class_2
table for 4 in Sparks,1,1,0,0.00014560617,3,OOD_Class_2
Will it get cold in Nevada seven weeks and a half from now ?,2,5,1,0.00046018022,3,OOD_Class_2
Will there be a depression in the weather here on cyber monday ?,2,5,1,0.00075258425,3,OOD_Class_2
what is the forecast for here,2,4,1,0.00546364,3,OOD_Class_2
When is Twentynine Palms playing at Plitt Theatres ?,6,5,0,0.00011655915,3,OOD_Class_2
Is it warm in Albania at noon,2,5,1,0.00044104722,3,OOD_Class_2
Find the book A Glorious Way to Die,5,4,0,9.745578e-05,3,OOD_Class_2
I want to play the video game The Coyote Kings of the Space-Age Bachelor Pad,5,4,0,9.013108e-05,3,OOD_Class_2
"What will the weather be like on feb. sixth, 2024 at Blanco State Park",2,5,1,0.00026958904,3,OOD_Class_2
Is it warm faraway in Niger ?,2,1,1,0.00045714603,3,OOD_Class_2
"what is the forecast for Bonner starting oct. 24th, 2025 for Argentina",2,5,1,0.00034343454,3,OOD_Class_2
What is the movie schedules for movies in the neighbourhood,6,5,0,0.00016064645,3,OOD_Class_2
Give me the movie schedule for Cineplex Odeon Corporation,6,5,0,0.00017334738,3,OOD_Class_2
what time is The Eddy Duchin Story playing,6,5,0,0.00013749705,3,OOD_Class_2
rate Cock and Bull 5 of 6 points,4,3,0,0.00012990125,3,OOD_Class_2
I want to hear some Bill Black chant music,3,2,0,0.00011227775,3,OOD_Class_2
I want to find the show called Fresh Aire 7 .,5,4,0,0.00010035605,3,OOD_Class_2
Where to buy book Bright Ambush,5,4,0,8.375773e-05,3,OOD_Class_2
Will it be hot three minutes from now faraway from Saint Croix State Park,2,5,1,0.0012534447,3,OOD_Class_2
I want to watch Escape the Fate discography,5,4,0,0.00013477137,3,OOD_Class_2
Add this artist to my This Is Philip Glass playlist,0,0,0,0.0001633722,3,OOD_Class_2
what is the 7 day for Cheat Canyon Wildlife Management Area,2,5,1,0.0003010113,3,OOD_Class_2
Tell me the weather forecast for Croatia now,2,5,1,0.0030880473,3,OOD_Class_2
Find time for The Thirty Nine Steps,6,5,0,0.00014162366,3,OOD_Class_2
Add Geschwisterliebe to my string theory playlist.,0,0,0,0.00017544297,3,OOD_Class_2
"find Bells Break Their Towers , a video game",5,4,0,0.00012489498,3,OOD_Class_2
I need a table at a cafe that serves baeckeoffe,1,1,0,0.00013447317,3,OOD_Class_2
I'd like to go to a restaurant in French Polynesia,1,1,0,0.00013122565,3,OOD_Class_2
What will be the wind speed at the current place ?,2,5,1,0.00025476314,3,OOD_Class_2
Play Shoo on iheart from greatest record,3,2,0,0.0001399952,3,OOD_Class_2
book a table for five at a restaurant with the best rating,1,1,0,0.0001394865,3,OOD_Class_2
What's the movie schedule for Great Escape Theatres,6,5,0,0.00015075838,3,OOD_Class_2
What's the weather forecast for MI for August 20th ?,2,5,1,0.00024686675,3,OOD_Class_2
Is there a blizzard in Stonewood ?,2,5,1,0.0002527122,3,OOD_Class_2
What time is Mighty Morphin Power Rangers The Movie at Magic Johnson Theatres ?,6,5,0,0.00014985517,3,OOD_Class_2
Book The Electric Banana in Ewen for crystal and brittney .,1,1,0,0.00015767121,3,OOD_Class_2
Play a top song by Carson Parks on Groove Shark,3,2,0,0.00014714539,3,OOD_Class_2
Rate Peddling Prosperity zero stars,4,3,0,0.00011402297,3,OOD_Class_2
I need a reservation for a highly rated bistro for a party of 10 .,1,1,0,0.00015545903,3,OOD_Class_2
What's the weather for McCracken in Niger,2,5,1,0.00031275113,3,OOD_Class_2
Is it forecast to be cold in Wisconsin ?,2,5,1,0.00048821533,3,OOD_Class_2
"on April the twenty-seventh, 2022 , I'd like to make reservations at a spanish diner .",1,1,0,0.00015297339,3,OOD_Class_2
rate This Is How You Die chronicle a one,4,3,0,0.000121851095,3,OOD_Class_2
I want to watch Strange Brother,5,5,0,0.0007703181,3,OOD_Class_2
Play Change Has Come on Google Music .,3,2,0,0.00014957639,3,OOD_Class_2
what is the forecast for close to Texas,2,5,1,0.001195731,3,OOD_Class_2
Please help me find the Short Program saga .,5,4,0,0.00010104331,3,OOD_Class_2
Add Milas Poli to my Indie Bluegrass,0,0,0,0.00015183288,3,OOD_Class_2
Look up The Park album,5,4,0,9.263645e-05,3,OOD_Class_2
What will the weather be in Montserrat ?,2,5,1,0.00026147004,3,OOD_Class_2
Which animated movies are being screened at Marcus Corporation ?,6,5,0,0.00015815189,3,OOD_Class_2
"What's the weather forecast ten years from now in Mount Victory , Macao ?",2,5,1,0.00023342908,3,OOD_Class_2
Play The New Retro playlist on Netflix .,3,2,0,9.056354e-05,3,OOD_Class_2
check the weather for around nine in South Georgia and the South Sandwich Islands,2,5,1,0.000599867,3,OOD_Class_2
Play new movement from Mike Oldfield on Vimeo,3,2,0,0.0001307471,3,OOD_Class_2
What is the predicted weather on mar. 27 for Farragut State Park ?,2,5,1,0.00024677094,3,OOD_Class_2
Congress has warmer weather,2,5,1,0.0042954786,3,OOD_Class_2
Play me the most popular Peja song on Slacker,3,2,0,0.000119748925,3,OOD_Class_2
Warren Island State Park distant Weather forecast for 11 am,2,5,1,0.00032499558,3,OOD_Class_2
Tell me if there will be hail at tea time in Nordland,2,5,1,0.00023858892,3,OOD_Class_2
Is Rented Lips playing at the nearest cinema,6,5,0,0.00021157453,3,OOD_Class_2
Book a table for 10 people at Dunbrody Country House Hotel in Strandburg .,1,1,0,0.00015860099,3,OOD_Class_2
Is it going to get any hotter in Kerrick ?,2,5,1,0.0057653193,3,OOD_Class_2
Make me a reservation at a bar for a party of 7 in indonesian,1,1,0,0.00014884872,3,OOD_Class_2
What movie times,6,5,0,0.00014986009,3,OOD_Class_2
Play Wynton Kelly music on Netflix sort by popular,3,2,0,0.00013810083,3,OOD_Class_2
find a movie theatre showing The Tailor of Panama,6,5,0,0.00015877117,3,OOD_Class_2
put United Abominations onto my rare groove playlist,0,0,0,0.00016521839,3,OOD_Class_2
weather forecast of Lakebay,2,4,1,0.00026087993,3,OOD_Class_2
Play Chad I Ginsburg,3,2,0,0.00013672793,3,OOD_Class_2
I would rate this current essay a 0,4,3,0,0.000133045,3,OOD_Class_2
what's the forecast for my current location,2,5,1,0.0005510585,3,OOD_Class_2
table for Breadline Cafe in Minnesota next friday,1,1,0,0.00015891131,3,OOD_Class_2
Give Upon Some Midnights Clear chronicle four out of 6 for a rating.,4,3,0,0.000116046205,3,OOD_Class_2
is Maalaea has chillier weather,2,5,1,0.0002826862,3,OOD_Class_2
Will it be rainy in Tenino ?,2,5,1,0.00036797588,3,OOD_Class_2
What is the weather in Hadar,2,5,1,0.0004135108,3,OOD_Class_2
Will it be chilly in Weldona ?,2,5,1,0.0010137238,3,OOD_Class_2
whats the movie schedules for General Cinema Corporation,6,5,0,0.0001668793,3,OOD_Class_2
what will the weather be within the same area of Weir Farm National Historic Site,2,5,1,0.0008853879,3,OOD_Class_2
What is the weather forecast for Manassa ?,2,5,1,0.00077299034,3,OOD_Class_2
Will there be a blizzard in Egypt ?,2,5,1,0.00036006104,3,OOD_Class_2
"Will it be snowy on January 26th in Trentwood , Illinois",2,5,1,0.000733534,3,OOD_Class_2
Book reservations at a tea house in Lodi with my granddaughter and I,1,1,0,0.00015432507,3,OOD_Class_2
Rate this novel 1 out of 6 points,4,3,0,0.00013760575,3,OOD_Class_2
add album to my classical essentials playlist,0,0,0,0.00017297696,3,OOD_Class_2
Rate the current essay a three,4,3,0,0.00011972859,3,OOD_Class_2
Give The Dark Abode chronicle 2 out of 6 points .,4,3,0,0.0001232896,3,OOD_Class_2
what will the weather be like in Farmington Canal State Park Trail,2,5,1,0.00040643977,3,OOD_Class_2
Is it supposed to rain nearby my current location at 0 o'clock ?,2,5,1,0.00029089313,3,OOD_Class_2
put this track by Tony Bevilacqua into joan's playlist with the title women of folk & americana,0,0,0,0.00016593625,3,OOD_Class_2
Weather for Oct. 16 in MO,2,5,1,0.0011675082,3,OOD_Class_2
Please add a track by david freiberg to my workout playlist.,0,0,0,0.00018065379,3,OOD_Class_2
Can you find the soundtrack for Westcountry Live,5,4,0,9.774658e-05,3,OOD_Class_2
Add artist to playlist Epic Gaming,0,0,0,0.00017768619,3,OOD_Class_2
Find me The Memorial,5,4,0,0.0001170307,3,OOD_Class_2
What's the weather forecast for breakfast time in Palau ?,2,5,1,0.00016026146,3,OOD_Class_2
Will it get overcast in La Dolores ?,2,5,1,0.0001823644,3,OOD_Class_2
"Will there be hail in 8 minutes in Iroquois , MA ?",2,5,1,0.001370379,3,OOD_Class_2
When will it be hot in Millvale,2,5,1,0.00017959345,3,OOD_Class_2
what is the Lualualei forecast for one minute from now,2,5,1,0.0002518525,3,OOD_Class_2
Show me movie schedules,6,5,0,0.0001428433,3,OOD_Class_2
tell me how Bellwood weather is,2,5,1,0.0011024053,3,OOD_Class_2
Play music from 1999,3,2,0,0.00011205796,3,OOD_Class_2
Tell me the weather forecast for Niue,2,5,1,0.00888769,3,OOD_Class_2
add a tune in women of classical,0,0,0,0.00015958562,3,OOD_Class_2
in one hour find King of Hearts,6,5,0,0.00087987114,3,OOD_Class_2
What animated movies are there nearby ?,6,5,0,0.00015846133,3,OOD_Class_2
Play my funtime playlist on lastfm .,3,2,0,0.00010242058,3,OOD_Class_2
What's the weather forecast for Lenexa United Kingdom at 0231,2,5,1,0.0002465715,3,OOD_Class_2
What is on the movie schedule for four AM at Landmark Theatres,6,5,0,0.00016885127,3,OOD_Class_2
For The Curious Incident of the Dog in the Nightdress I rate it 2 of 6 points,4,3,0,0.00012565964,3,OOD_Class_2
find a Consolidated Theatres showing The Good Old Naughty Days,6,5,0,0.00016348744,3,OOD_Class_2
Rate the book Post Office four points,4,3,0,0.00011839223,3,OOD_Class_2
rate the current textbook 1 out of 6,4,3,0,0.0001279508,3,OOD_Class_2
What movie theatre is palying The Hurricane five hours from now,6,5,0,0.00016493858,3,OOD_Class_2
what is the Pennsylvania forecast for Three Forks for midnight,2,5,1,0.00030275946,3,OOD_Class_2
this essay is five stars for sure,4,3,0,0.00013673436,3,OOD_Class_2
What is the forecasted humidity in Ghana for Epiphany,2,5,1,0.0004666846,3,OOD_Class_2
Is Rumor Has It playing,6,5,0,0.00017700791,3,OOD_Class_2
I'd like a table for 3 at an outdoor restaurant,1,1,0,0.00013059136,3,OOD_Class_2
Add track to Hit Remix,0,0,0,0.00016955007,3,OOD_Class_2
forecast for Thayer,2,4,1,0.00038337568,3,OOD_Class_2
What's the weather in 10 months in Nam Kading National Protected Area,2,5,1,0.00036135697,3,OOD_Class_2
Tell me if it will storm at my current location,2,5,1,0.00021397845,3,OOD_Class_2
add this song to the Pre-Party playlist,0,0,0,0.00017146314,3,OOD_Class_2
Please play Short And Sweet by Teyana Taylor from my itunes .,3,2,0,0.00015122686,3,OOD_Class_2
I want to book a brasserie for 3 people in Netherlands Antilles .,1,1,0,0.00015133941,3,OOD_Class_2
can you get me the trailer of The Multiversity ?,5,4,0,9.1283575e-05,3,OOD_Class_2
show weather forecast for Lewis Center,2,4,1,0.0001234145,3,OOD_Class_2
What's the weather forecast for here in august ?,2,5,1,0.00027496746,3,OOD_Class_2
What's the weather faraway from here on sep. the fifteenth,2,5,1,0.00034910408,3,OOD_Class_2
what is the PW forecast for jul. 9 in Robert,2,5,1,0.0010092467,3,OOD_Class_2
Make a reservation for eunice thompson and elisa martin in the Virgin Islands in one minute .,1,1,0,0.0001446198,3,OOD_Class_2
What's the weather forecast for Oman 2 months from now ?,2,5,1,0.00032825983,3,OOD_Class_2
"book tea at The Hamburger Wagon for 3 vickie reed, melody and I in Georgia",1,1,0,0.00015591457,3,OOD_Class_2
Show me a video game made by TMPGEnc .,5,4,0,0.00012306313,3,OOD_Class_2
add joshua radin to my playlist called Futuros Hits,0,0,0,0.00016273525,3,OOD_Class_2
Will it be hot during Winter ?,2,5,1,0.00097263674,3,OOD_Class_2
Will it be colder in Noblesville East Timor at 3 pm ?,2,5,1,0.00078494387,3,OOD_Class_2
Will it snow in my current location,2,5,1,0.00036129658,3,OOD_Class_2
Give Letty Fox Her Luck 4 out of 6 stars,4,3,0,0.00013990907,3,OOD_Class_2
For this book I rate four points,4,3,0,0.00012474248,3,OOD_Class_2
book a gratin serving tea house in Bushkill,1,1,0,0.00015045656,3,OOD_Class_2
What will the rainfall be in 1 second at Roy Lake State Park,2,5,1,0.00018494412,3,OOD_Class_2
rate New History of the Five Dynasties 1 points,4,3,0,0.00014011317,3,OOD_Class_2
"Will there be a blizzard here on dec. 26, 2027 ?",2,5,1,0.0006515869,3,OOD_Class_2
table for nine at an internet pub,1,1,0,0.00014950366,3,OOD_Class_2
find an album called From the Terrace,5,4,0,9.9963516e-05,3,OOD_Class_2
Book a restaurant in WI at 132234 for 9 people.,1,1,0,0.00015906728,3,OOD_Class_2
Play my playlist TGIF on itunes,3,2,0,0.00010424395,3,OOD_Class_2
Add Buddy DeSylva to my this is j balvin playlist,0,0,0,0.00016847369,3,OOD_Class_2
Will there be hail on 7/16/2032 in the Dominican Republic,2,5,1,0.00054629205,3,OOD_Class_2
I want to book Tupelo Honey Cafe in New Jersey for five people.,1,1,0,0.00013110109,3,OOD_Class_2
what will the weather be in Norway at sunset,2,5,1,0.00018402512,3,OOD_Class_2
use Netflix to play Michael White tune from 1955,3,2,0,0.0001380974,3,OOD_Class_2
add the tune to the Indie Workout playlist,0,0,0,0.00016186526,3,OOD_Class_2
Add Sunday Express Live to workout playlist,0,0,0,0.00017441953,3,OOD_Class_2
What will the weather be in Angle Cape Verde at midnight ?,2,5,1,0.00021689237,3,OOD_Class_2
Book a highly rated restaurant for one person in Rainbow Lakes .,1,1,0,0.0001594567,3,OOD_Class_2
Will it hail in Villa,2,1,1,0.0040881764,3,OOD_Class_2
Please add Ruud Jolie to my playlist Guest List Polygon,0,0,0,0.00017230252,3,OOD_Class_2
What will it be like feb. the twentieth in Colorado,2,1,1,0.00050277397,3,OOD_Class_2
I need to know the weather for Jan. the 3rd in Mexico when I go to Port Vue,2,5,1,0.0010651584,3,OOD_Class_2
will the weather be warm far from Niger at 15 o'clock,2,5,1,0.00022791496,3,OOD_Class_2
what is the Idledale forecast,2,4,1,0.00011634114,3,OOD_Class_2
"Will it be warm in Jenners , Panama on August the sixteenth ?",2,5,1,0.00070414547,3,OOD_Class_2
what time is Bhoot Returns showing at Douglas Theatre Company,6,5,0,0.00013736819,3,OOD_Class_2
What will the weather be like here next week ?,2,5,1,0.00036465787,3,OOD_Class_2
"What will the weather be like on january the twenty-third, 2034 in GA",2,5,1,0.000727027,3,OOD_Class_2
Is it going to be cloudy in my current spot for dinner ?,2,1,1,0.00067883014,3,OOD_Class_2
Will the weather in Falcon Heights call for rain ?,2,5,1,0.00036733647,3,OOD_Class_2
Is it hot here,2,5,1,0.0003926604,3,OOD_Class_2
Will it be hot near Calakmul Biosphere Reserve 3 seconds from now,2,5,1,0.00020242504,3,OOD_Class_2
I'd like for you to put this artist to my Evening Commute playlist.,0,0,0,0.00017029523,3,OOD_Class_2
Show me the movie schedules,6,5,0,0.00014369289,3,OOD_Class_2
Is it forecast to be windy here in seven seconds ?,2,5,1,0.00036900447,3,OOD_Class_2
Book a restaurant that serves capicollo in Kit Carson with ilene and aisha .,1,1,0,0.00016411633,3,OOD_Class_2
Will there be a snowstorm in NC 6 years from now,2,5,1,0.00025679226,3,OOD_Class_2
book a spot at a pub with tatar in Cambodia,1,1,0,0.00015319826,3,OOD_Class_2
Is it supposed to be stormy in Seagraves,2,5,1,0.000250065,3,OOD_Class_2
What kind of weather is forecast around seven pm here ?,2,5,1,0.00028334805,3,OOD_Class_2
What is the weather here,2,5,1,0.00034796237,3,OOD_Class_2
Play the album Cara De Dios .,3,2,0,0.000109350745,3,OOD_Class_2
Find the novel WWE Legends of WrestleMania,5,4,0,9.539024e-05,3,OOD_Class_2
"What will the weather be in Berville AK on Feb. 6, 2017 ?",2,5,1,0.00032421114,3,OOD_Class_2
Please add carmel to my lunchtime playlist.,0,0,0,0.00018198455,3,OOD_Class_2
What's the weather close-by Triumph,2,4,1,0.000893033,3,OOD_Class_2
Play my Electro Sur playlist.,3,2,0,7.294113e-05,3,OOD_Class_2
Is there a cloud in the sky in Thornville on Feb. fifth,2,5,1,0.00024597943,3,OOD_Class_2
Weather in Kaneville Maryland,2,1,1,0.0012625379,3,OOD_Class_2
What's the weather in Springside Nature Reserve at four pm,2,5,1,0.0001836825,3,OOD_Class_2
What films are playing at the closest cinema,6,5,0,0.00015284352,3,OOD_Class_2
Is it getting colder in Leonard Harrison State Park,2,5,1,0.0002866551,3,OOD_Class_2
rate The Road to Reality A Complete Guide to the Laws of the Universe two points,4,3,0,0.00015268195,3,OOD_Class_2
What will the weather be faraway from here ?,2,5,1,0.0004786597,3,OOD_Class_2
what is the nearby forecast for here at 152611,2,5,1,0.00023436279,3,OOD_Class_2
find Valley of the Dolls,5,4,0,0.0001330934,3,OOD_Class_2
Play a ballad by Heath,3,2,0,0.00011584506,3,OOD_Class_2
rate the current essay a 0 for me,4,3,0,0.00013540492,3,OOD_Class_2
I want to watch Wide-Eyed and Ignorant,5,5,0,0.016953398,3,OOD_Class_2
Play some music from 1962 from Adeyto,3,2,0,0.00013241926,3,OOD_Class_2
Will it be warmer in North Korea at nineteen o'clock,2,5,1,0.00027611837,3,OOD_Class_2
at my current spot is it going to be hotter on Nov. the eighth,2,1,1,0.0007131519,3,OOD_Class_2
Is it freezing on Jun. the 21st in Apshawa South Africa,2,5,1,0.00093573943,3,OOD_Class_2
I need a reservation for an indoor restaurant in China,1,1,0,0.0001508244,3,OOD_Class_2
Find me the movie schedules at Fox Theatres,6,5,0,0.00016190548,3,OOD_Class_2
Book a tyrolean restaurant in Crocker Indiana now for 3 people.,1,1,0,0.00016094313,3,OOD_Class_2
Is Cowboy Canteen playing,6,5,0,0.000123282,3,OOD_Class_2
What is the weather like in Wallis and Futuna ?,2,5,1,0.0007198734,3,OOD_Class_2
What is the weather going to be like on st. patrick's day ?,2,5,1,0.0012219723,3,OOD_Class_2
What is the weather in Lloyd Equatorial Guinea,2,5,1,0.00048039787,3,OOD_Class_2
will there be a cloud next year in Kewanee,2,5,1,0.0017452835,3,OOD_Class_2
give Begums Thugs and White Mughals four points,4,3,0,0.00011474962,3,OOD_Class_2
Where can I purchase the Twenty Chickens for a Saddle saga ?,5,4,0,9.5039904e-05,3,OOD_Class_2
Play hanging in the balance by Nik Kershaw on Zvooq .,3,2,0,0.00019115709,3,OOD_Class_2
Where can I watch the TV series Breed the Pain ?,5,4,0,0.00010193915,3,OOD_Class_2
What's the weather like in Mountainair,2,5,1,0.00035156726,3,OOD_Class_2
Want a work called Walk the River,5,4,0,8.3355524e-05,3,OOD_Class_2
I rate the book You Only Live Twice two points,4,3,0,0.00011891382,3,OOD_Class_2
Is it going to be temperate in Farallon Islands now,2,5,1,0.0004268379,3,OOD_Class_2
add this tune by hart wand on this is wagner,0,0,0,0.00016114902,3,OOD_Class_2
Book a reservation for 10 people at an oyster bar with a pool within the same area of Cowansburg for 10 Pm,1,1,0,0.00016965579,3,OOD_Class_2
Tell me if it'll be colder next November in Granite-steppe lands of Buh,2,5,1,0.001969402,3,OOD_Class_2
Rate this essay a four,4,3,0,0.00012751254,3,OOD_Class_2
add this artist to my the road to punk rock playlist,0,0,0,0.0001640922,3,OOD_Class_2
I would like this song added to my princesas indie playlist.,0,0,0,0.00018189519,3,OOD_Class_2
what is the weather of LA at 4 pm,2,5,1,0.00025519732,3,OOD_Class_2
"what is the forecast starting on september 1, 2039 for chillier conditions in AK",2,5,1,0.00065795274,3,OOD_Class_2
Give me the weather forecast for the city of Archie,2,4,1,0.0039962046,3,OOD_Class_2
book a spot for six in Greece,1,1,0,0.00014682226,3,OOD_Class_2
"Book a food truck that serves tarte for tanisha, lorena and juliana .",1,1,0,0.00018888818,3,OOD_Class_2
Will it be overcast in 1 minute within walking distance of OH,2,5,1,0.00035527672,3,OOD_Class_2
weather for Lowden OK,2,5,1,0.001370261,3,OOD_Class_2
find the television show Birth of the Cool,5,4,0,0.00010829999,3,OOD_Class_2
What's the weather in RI ?,2,5,1,0.00023820862,3,OOD_Class_2
what is the Poland forecast for next January,2,5,1,0.0012656737,3,OOD_Class_2
What will the weather be in LA at 9 o'clock,2,5,1,0.00016741436,3,OOD_Class_2
Play music year 2016 by artist Michiru Yamane,3,2,0,0.00014013871,3,OOD_Class_2
Add david axelrod to my Futuros Hits list,0,0,0,0.00016830902,3,OOD_Class_2
I'm hoping you can find a photograph from Live At The Isle Of Wight 1970 .,5,4,0,0.0012387696,3,OOD_Class_2
Can you add a song by Bill Frisell to my Top Latin Alternative playlist,0,0,0,0.00017154512,3,OOD_Class_2
Let me know the weather forecast around ten Pm faraway from here in Park Narodowy Brimstone Hill Fortress .,2,5,1,0.00050927256,3,OOD_Class_2
I give the saga to The Woven Path 1 stars and a best rating of 6,4,3,0,0.00012456013,3,OOD_Class_2
Will there be wind in AS,2,5,1,0.00050134416,3,OOD_Class_2
Weather for nearby Roselle,2,5,1,0.000835088,3,OOD_Class_2
Play a song off The Best Of Siouxsie & The Banshees by Faustino Oramas,3,2,0,0.00013307449,3,OOD_Class_2
Weather forecast for snowstorm on Feb. fourth in Virgin Islands,2,5,1,0.0014643219,3,OOD_Class_2
show cloud forcast in 1 hour in IA,2,4,1,0.00018186074,3,OOD_Class_2
How is the weather right now at my current place ?,2,5,1,0.00024279613,3,OOD_Class_2
Will it be hotter next month in South Dakota ?,2,5,1,0.0008864982,3,OOD_Class_2
Can you let me know the films that are on the movie schedules in the area at noon ?,6,5,0,0.00018598541,3,OOD_Class_2
this month will the sun be scorching in LA,2,5,1,0.0003163357,3,OOD_Class_2
What's the weather like in Calpella,2,5,1,0.0004431335,3,OOD_Class_2
I rate A Moment in Time a 5,4,3,0,0.000116839925,3,OOD_Class_2
What's the weather in Meherrin,2,5,1,0.00033065534,3,OOD_Class_2
What does it feel like in Connecticut,2,4,1,0.0010400453,3,OOD_Class_2
Book a table for mamie and maria at a south tyrolean restaurant within walking distance from Fisk Av-69th St .,1,1,0,0.00017241268,3,OOD_Class_2
find The Loving Spirit,5,4,0,0.0011265562,3,OOD_Class_2
what is the meal time forecast for Cayman Islands,2,5,1,0.00022603334,3,OOD_Class_2
"add this album to my playlist named Café, Libros",0,0,0,0.00017037886,3,OOD_Class_2
Play Water Under The Bridge by Hariprasad Chaurasia .,3,2,0,0.00015435806,3,OOD_Class_2
How will be the weather in Cotopaxi National Park at breakfast time?,2,5,1,0.00017856952,3,OOD_Class_2
Fine a movie schedule .,6,5,0,0.00012779713,3,OOD_Class_2
I want to book a restaurant in Frenier 12 years from now for 4 people.,1,1,0,0.00013200122,3,OOD_Class_2
book a restaurant for 6,1,1,0,0.00013685912,3,OOD_Class_2
Please play a 1997 record .,3,2,0,0.00010978725,3,OOD_Class_2
Weather for Turtle River State Park,2,5,1,0.00034714772,3,OOD_Class_2
is it warm in Fernandina Beach Slovakia,2,1,1,0.00056399236,3,OOD_Class_2
Find me Royal Astronomy,5,4,0,9.3165654e-05,3,OOD_Class_2
This current album would get 6 stars or a rating value of 1,4,3,0,0.000120197874,3,OOD_Class_2
Play The XYY Man soundtrack,5,4,0,0.00038322623,3,OOD_Class_2
"What will the weather be in Montevallo on july ninth, 2018 ?",2,5,1,0.00020542761,3,OOD_Class_2
where's the nearest movie house playing No Trains No Planes,6,5,0,0.0001733495,3,OOD_Class_2
"I need a table for ten on april the eighteenth, 2030",1,1,0,0.00014391738,3,OOD_Class_2
Tell me the weather forecast nearby my current location,2,5,1,0.00034630488,3,OOD_Class_2
What films are playing in the neighbourhood,6,5,0,0.000152989,3,OOD_Class_2
What's the weather in Castle at 1743,2,5,1,0.00020288941,3,OOD_Class_2
Tell me when it will be warmer in my current position,2,5,1,0.00033999662,3,OOD_Class_2
What will the weather be in Mattawan Saint Barthélemy ?,2,5,1,0.0002523745,3,OOD_Class_2
What will the weather be in Federated States Of Micronesia at 0017 am,2,5,1,0.00027801024,3,OOD_Class_2
I would rate The Door to December 3 points and a best rating of 6,4,3,0,0.000117013195,3,OOD_Class_2
What's the weather at my current location,2,5,1,0.0001553745,3,OOD_Class_2
Add Cleo Laine to psychedelic rock,0,0,0,0.0001656993,3,OOD_Class_2
Play a popular chant by Brian Epstein,3,2,0,0.00012562309,3,OOD_Class_2
will it be warmer in Ristigouche Ecological Reserve on nov. the twentieth,2,5,1,0.00034459803,3,OOD_Class_2
I would rate this album 1 points,4,3,0,0.00012584346,3,OOD_Class_2
Please help me find the Selections from the Arista Years video game .,5,4,0,0.00042555956,3,OOD_Class_2
Add Buddy Tate to just dance by aftercluv list,0,0,0,0.00017204967,3,OOD_Class_2
Will it be freezing here in 9 seconds,2,5,1,0.00024478676,3,OOD_Class_2
add this track to the playlist named cali fire,0,0,0,0.00016626978,3,OOD_Class_2
Find Five Came Back for me,5,4,0,0.00057466025,3,OOD_Class_2
Where can I find Lonely Hearts,5,4,0,9.417669e-05,3,OOD_Class_2
Play the most popular song by espen lind,3,2,0,0.00010818838,3,OOD_Class_2
What's the weather on Groundhog Day in Slovenia,2,5,1,0.00022391012,3,OOD_Class_2
Give the book Buzz about Bees a 2 star rating out of 6 .,4,3,0,0.0001289542,3,OOD_Class_2
Include When I Paint My Masterpiece in my Acoustic Spring playlist.,0,0,0,0.00019343554,3,OOD_Class_2
I'd say Life in the Iron Mills was a five,4,3,0,0.000106223495,3,OOD_Class_2
Book me a reservation for Ad Hoc in Brazil for a party of 7,1,1,0,0.00015282359,3,OOD_Class_2
"book a highly rated gastropub that has a pastelaria in Blue Anchor , MD in 55 weeks for my brother in law and I",1,1,0,0.00017401803,3,OOD_Class_2
Book a jewish churrascaria in Minnesota for 9 people.,1,1,0,0.00016180878,3,OOD_Class_2
give four out of 6 points to current novel,4,3,0,0.00013015601,3,OOD_Class_2
What films are playing at Pacific Theatres,6,5,0,0.00015076566,3,OOD_Class_2
Show me the photograph Rock You Baby,5,4,0,0.00010579024,3,OOD_Class_2
What is the weather like in the city of Frewen in the country of Venezuela,2,5,1,0.0017683746,3,OOD_Class_2
What is the weather forecast in 2 seconds for South Carolina,2,5,1,0.00021436696,3,OOD_Class_2
I want to know the weather in ten weeks from now in John N and Melba S Anderson Memorial Conservation Area,2,5,1,0.00047004764,3,OOD_Class_2
Show the Whispering Willows novel,5,4,0,8.491503e-05,3,OOD_Class_2
Add this track to anochecer urbano,0,0,0,0.00016123138,3,OOD_Class_2
how's the weather looking in Pheba,2,5,1,0.00035991138,3,OOD_Class_2
play Pop 2017 Picks,3,2,0,0.00010039964,3,OOD_Class_2
when can iw atch Great Balls of Fire! - Vampate di fuoco,6,5,0,0.0007686725,3,OOD_Class_2
book me a restaurant,1,1,0,0.0001286266,3,OOD_Class_2
Can you give me the forecast for Keytesville for 12 minutes from now,2,5,1,0.001466715,3,OOD_Class_2
give 0 points to current series,4,3,0,0.00013343577,3,OOD_Class_2
What is the weather forecast for Friona ?,2,5,1,0.0011324659,3,OOD_Class_2
Book a restaurant for 9 people.,1,1,0,0.0001446927,3,OOD_Class_2
where do I see the trailer for Live Dates,5,4,0,9.227357e-05,3,OOD_Class_2
Play a top symphony from the fourties,3,2,0,0.00013036164,3,OOD_Class_2
I want to read the book The Minotaur,5,4,0,9.585162e-05,3,OOD_Class_2
Rate The Doors of Perception 3 stars,4,3,0,0.000120374636,3,OOD_Class_2
Please book me seating at the food court in Hazel Green for nine,1,1,0,0.00014272635,3,OOD_Class_2
What's the forecast for KS for Jan. first ?,2,5,1,0.0019938604,3,OOD_Class_2
What is the Read All About It picture ?,5,4,0,9.783895e-05,3,OOD_Class_2
Weather for now in Cape Romain National Wildlife Refuge,2,5,1,0.0003394059,3,OOD_Class_2
Will it rain on sep. 25th in East Tawakoni,2,5,1,0.0009935654,3,OOD_Class_2
What's the forecast for Missouri around elevenses ?,2,5,1,0.00022311218,3,OOD_Class_2
book a table for 6 at a restaurant in Nebraska,1,1,0,0.000156143,3,OOD_Class_2
What will the weather be here on dec. 25th ?,2,5,1,0.00024322372,3,OOD_Class_2
Find a video game called Family Dog .,5,4,0,0.00011000708,3,OOD_Class_2
What will the weather be in Uzbekistan at 4 am ?,2,5,1,0.0001988898,3,OOD_Class_2
Rate The Making of a Teacher a two,4,3,0,0.00011684148,3,OOD_Class_2
book a spot for seven in 8 seconds from now,1,1,0,0.00014244906,3,OOD_Class_2
book a brasserie for one,1,1,0,0.00012540088,3,OOD_Class_2
Will it be colder in Litchfield,2,5,1,0.00048462502,3,OOD_Class_2
What's the weather at zero PM in Papeton Montserrat,2,5,1,0.0002920326,3,OOD_Class_2
Is there a depression going on in Uganda,2,5,1,0.002752358,3,OOD_Class_2
What is the weather forecast for Laos,2,5,1,0.0013335228,3,OOD_Class_2
"What is the temperature for Montserrat On Sep. the fourth, 2024",2,5,1,0.00023777389,3,OOD_Class_2
What's the weather forecast for Etna Green in 11 months ?,2,5,1,0.00019283024,3,OOD_Class_2
What will the weather be in Lamar ?,2,5,1,0.00021185228,3,OOD_Class_2
what is the weather starting at 114752 for South Africa,2,5,1,0.0002894545,3,OOD_Class_2
Put this tune onto the signed xoxo playlist.,0,0,0,0.00017837438,3,OOD_Class_2
Is The Young Guard playing at the closest cinema,6,5,0,0.00020307422,3,OOD_Class_2
What is the movie schedule at the IMAX Corporation three minutes from now,6,5,0,0.00017798558,3,OOD_Class_2
"Will there be a blizzard next winter in Visalia , Idaho",2,5,1,0.00037704696,3,OOD_Class_2
weather in Tioga Colorado,2,1,1,0.0011449557,3,OOD_Class_2
Put another track in the keep calm playlist.,0,0,0,0.00017716143,3,OOD_Class_2
where can I see the trailer for Love on the Beat,5,4,0,9.793668e-05,3,OOD_Class_2
Play music off Netflix .,3,2,0,0.00013203625,3,OOD_Class_2
What's the weather in Heritage Hill State Historical Park,2,5,1,0.00020688424,3,OOD_Class_2
Will it be warm at Tembe Elephant Park on san jacinto day,2,5,1,0.00025395775,3,OOD_Class_2
"What is the weather forecast for Colfax , Senegal on 1/1/2031",2,5,1,0.00041824067,3,OOD_Class_2
what is the Fiji forecast for warm temps,2,5,1,0.00068499247,3,OOD_Class_2
Find Games Wizards Play TV series,5,4,0,0.00013756959,3,OOD_Class_2
I need a reservation for National Coney Island with a party of 8 in NV,1,1,0,0.00015606773,3,OOD_Class_2
me and aisha and craving cordon bleu and need to book a table at a brasserie .,1,1,0,0.00013766278,3,OOD_Class_2
is it overcast close-by in Illinois,2,5,1,0.00053499016,3,OOD_Class_2
Is there rain in Afghanistan,2,5,1,0.00091157574,3,OOD_Class_2
What's the weather going to be in Yemen in one minute ?,2,5,1,0.00018849841,3,OOD_Class_2
I'd give the current essay a four,4,3,0,0.00012807414,3,OOD_Class_2
What's the weather going to be like near Moldova on fri.,2,5,1,0.006091175,3,OOD_Class_2
Add the big mama thornton song to cassie's Punk Rock Workout playlist,0,0,0,0.00016651418,3,OOD_Class_2
What's the weather in Singapore,2,5,1,0.0003561475,3,OOD_Class_2
Is Romulus and the Sabines playing at the nearest cinema at ten,6,5,0,0.00018292776,3,OOD_Class_2
Find Drowning with Land in Sight .,5,5,0,0.004596751,3,OOD_Class_2
Play Magic Sam from the thirties,3,2,0,0.00010516533,3,OOD_Class_2
add lil armstrong to my Adrenaline Workout playlist,0,0,0,0.00016123125,3,OOD_Class_2
What will the weather be in Tajikistan on Dec. twentieth ?,2,5,1,0.00021349265,3,OOD_Class_2
Use the service Zvooq to play merengue music,3,2,0,0.00012355369,3,OOD_Class_2
"Is it going to be chilly today in Abo , WI",2,5,1,0.0010549262,3,OOD_Class_2
Is Race Gurram playing,6,5,0,0.00019014702,3,OOD_Class_2
Is Flow For Love of Water playing at Southern Theatres at 2 am,6,5,0,0.00017334208,3,OOD_Class_2
Play paul ortiz music from 1990,3,2,0,0.00012909847,3,OOD_Class_2
How can I rate the current chronicle 5 stars ?,4,3,0,0.00013363236,3,OOD_Class_2
book a socca serving steakhouse for 2 in Saint James Alabama,1,1,0,0.00015992342,3,OOD_Class_2
Rate my current essay a 2,4,3,0,0.00013936109,3,OOD_Class_2
four out of 6 stars for Special Assignments,4,3,0,0.00012462058,3,OOD_Class_2
Is it snowy in Fort Ross State Historic Park ?,2,5,1,0.00027006379,3,OOD_Class_2
I need a table in TN that's not to far for a party of ten,1,1,0,0.00013914495,3,OOD_Class_2
What will the weather be here ?,2,5,1,0.00023138802,3,OOD_Class_2
book a table for 4 at Fish Express,1,1,0,0.00013901398,3,OOD_Class_2
Book a restaurant in Gate City for 5 people.,1,1,0,0.00014747442,3,OOD_Class_2
Include dschiwan gasparjan in beth's rare groove playlist.,0,0,0,0.0001810021,3,OOD_Class_2
Add New Wave Blues to my Push Button Funk playlist,0,0,0,0.00016979595,3,OOD_Class_2
Add genocide to electronic bliss,0,0,0,0.00016830848,3,OOD_Class_2
What is the weather iN Gipsy-Gordon Wildland Park,2,5,1,0.0008675075,3,OOD_Class_2
What are the Mann Theatres showtimes for Secret Sunshine,6,5,0,0.00016622854,3,OOD_Class_2
Book the tea house on North River,1,1,0,0.00013257487,3,OOD_Class_2
Add the Nastya Kamenskih song to my The Martin Garrix Show playlist.,0,0,0,0.00017476108,3,OOD_Class_2
"Book a table at the Eighth Step Coffee House that isn't too far from Vineyard Haven for candace phillips, debbie and sondra",1,1,0,0.00014237963,3,OOD_Class_2
Book a table for tomorrow for five people.,1,1,0,0.0001359238,3,OOD_Class_2
Book me a table for a party of eight in Germany .,1,1,0,0.00014490189,3,OOD_Class_2
search for television show Windows Live TV,5,4,0,0.000102236496,3,OOD_Class_2
On April 2nd what will the weather be here,2,5,1,0.0003128736,3,OOD_Class_2
"Where is the closest movie theatre playing Yo, robot",6,5,0,0.00017799444,3,OOD_Class_2
what is the forecast for Orienta for hotter weather,2,5,1,0.00086677924,3,OOD_Class_2
Play Socialism Is Good by terje bakken on Spotify .,3,2,0,0.00016074043,3,OOD_Class_2
Play music from the playlist Late Night Jazz,3,2,0,0.00010123813,3,OOD_Class_2
"Tell me if it'll be rainy here on Dec. the 25th, 2033",2,5,1,0.00065473776,3,OOD_Class_2
Play any track by Flame,3,2,0,9.454086e-05,3,OOD_Class_2
Find movie times for close by films .,6,5,0,0.00015194752,3,OOD_Class_2
Book a reservation for eight people in North Dakota,1,1,0,0.00015379552,3,OOD_Class_2
add the essential jacksons to my Perfect Concentration,0,0,0,0.00016433076,3,OOD_Class_2
Play Goldie Hill 's record on Google Music .,3,2,0,0.00013451092,3,OOD_Class_2
Play them the greatest music by Chris Frantz .,3,2,0,0.000121283476,3,OOD_Class_2
What time is Unholy Women playing?,6,5,0,0.00013800744,3,OOD_Class_2
what is the warm forecast for Newburyport New Caledonia,2,5,1,0.0010324535,3,OOD_Class_2
book me a restaurant at Sint Maarten on sun .,1,1,0,0.00016379527,3,OOD_Class_2
what is the weather forecast for Åland,2,4,1,0.0006416362,3,OOD_Class_2
What films are showing at the closest movie theatre ?,6,5,0,0.00016238524,3,OOD_Class_2
show movie times,6,5,0,0.0001678082,3,OOD_Class_2
rate this novel a two,4,3,0,0.00012215025,3,OOD_Class_2
What is the weather like right now for Fort Adams ?,2,5,1,0.00026495472,3,OOD_Class_2
Is The Butcher Boy playing anywhere at supper time?,6,5,0,0.00013564805,3,OOD_Class_2
Look for the album called The Tale of Mr. Jeremy Fisher,5,4,0,0.000115057854,3,OOD_Class_2
What is the forcast now in Kansas,2,5,1,0.0005361169,3,OOD_Class_2
add track to my Las Canciones Más Lindas Del Mundo playlist,0,0,0,0.0001643323,3,OOD_Class_2
What is the weather one minute from now in Ocilla,2,5,1,0.00028054425,3,OOD_Class_2
Find the schedule for The Voice in the Fog at night at the closest movie house .,6,5,0,0.0001522436,3,OOD_Class_2
"What is the midday weather forecast for Chalkyitsik , Palestine",2,5,1,0.00073659845,3,OOD_Class_2
What's the weather on august seventh for Crystal Lawns Guam,2,5,1,0.0002881237,3,OOD_Class_2
"Will it get chillier in Las Lomas , British Virgin Islands on Nov. the 21st ?",2,1,1,0.00052190135,3,OOD_Class_2
Find movie times .,6,5,0,0.00015016522,3,OOD_Class_2
I would like to hear a song by Tim Reynolds,3,2,0,0.00012440057,3,OOD_Class_2
How will the weather be in six and a half months in CO ?,2,5,1,0.0006093402,3,OOD_Class_2
Play Bitch Please Ii from Julee Cruise on Iheart,3,2,0,0.00016318735,3,OOD_Class_2
play Robin Trower Unravel,3,2,0,0.0001879865,3,OOD_Class_2
Book a bar in Holtville ND for 7 people.,1,1,0,0.00015030829,3,OOD_Class_2
Play Donna Summer,3,2,0,0.00010301533,3,OOD_Class_2
Give me some movie schedules .,6,5,0,0.0001461096,3,OOD_Class_2
give four stars out of 6 to current book,4,3,0,0.00012889123,3,OOD_Class_2
what is the forecast for Montana at dinner,2,5,1,0.00023933729,3,OOD_Class_2
show me the schedule of movie Thirty Two Short Films About Glenn Gould in 14 minutes,6,5,0,0.000167368,3,OOD_Class_2
Weather for my current location tomorrow,2,5,1,0.00043839708,3,OOD_Class_2
Find a reservation at a restaurant that serves gougère in Laneville with a party of nine,1,1,0,0.00016252167,3,OOD_Class_2
Play me the new King Curtis music on Google Music .,3,2,0,0.00012295274,3,OOD_Class_2
Will there be a depression in Wheatley,2,5,1,0.0037045712,3,OOD_Class_2
Show the forecast for Tanintharyi Nature Reserve,2,4,1,0.00019236575,3,OOD_Class_2
I'm looking to book a reservation in Aruba at a place nearby .,1,1,0,0.00013486538,3,OOD_Class_2
Listen to Power Gaming playlist,3,2,0,0.00010313501,3,OOD_Class_2
what is the weather forecast for La Cienega,2,5,1,0.0011783261,3,OOD_Class_2
I need the movie schedules for Century Theatres,6,5,0,0.00017100477,3,OOD_Class_2
what is the forecast for Bad Branch Falls State Nature Preserve for in 1 hour and 14 seconds,2,5,1,0.00016130587,3,OOD_Class_2
Book a reservation for two at Mickies Dairy Bar in Weedsport,1,1,0,0.00015683158,3,OOD_Class_2
I'd like to go to a pizzeria within walking distance of Hutchinson,1,1,0,0.0001474731,3,OOD_Class_2
What is the weather like in Long Beach United Kingdom,2,5,1,0.00077445776,3,OOD_Class_2
what is the weather forecast for Piqua on Pearl Harbor Remembrance Day,2,5,1,0.0004092213,3,OOD_Class_2
Give two points to One Virgin Too Many,4,3,0,0.00012197157,3,OOD_Class_2
What will the weather be in Stelvio National Park 1 hour and 1 minute from now ?,2,5,1,0.00021853956,3,OOD_Class_2
Fine movie times for animated movies in the neighborhood .,6,5,0,0.0001464126,3,OOD_Class_2
Rate Blood and Gold saga 0 points,4,3,0,0.00012413396,3,OOD_Class_2
Book the City Tavern in Holiday KS .,1,1,0,0.00014071523,3,OOD_Class_2
Show me the nearest movie house showing He Won a Ranch,6,5,0,0.00016899453,3,OOD_Class_2
What is the foggy forecast for nov. 15 in France in Brookland Terrace,2,5,1,0.00077492784,3,OOD_Class_2
Which movies are playing at AMC Theaters ?,6,5,0,0.00015692566,3,OOD_Class_2
Tell me if the forecast will be temperate around Nationalpark Doi Suthep-Pui on 4/15/2034,2,5,1,0.0007651403,3,OOD_Class_2
Weather for this Winter here,2,5,1,0.0014062037,3,OOD_Class_2
I want to eat panisses the nearby cafeteria in Naytahwaush,1,1,0,0.00017198303,3,OOD_Class_2
search for trailer Jazz Impressions of the U.S.A.,5,4,0,9.390853e-05,3,OOD_Class_2
How humid is it in Paducah ?,2,1,1,0.001072612,3,OOD_Class_2
How can I see the TV series Mothstorm ?,5,4,0,9.8321056e-05,3,OOD_Class_2
Check the weather forecast for Pineridge .,2,5,1,0.0040974636,3,OOD_Class_2
will it rain today in French Southern Territories of Highland Beach,2,5,1,0.00055723987,3,OOD_Class_2
On jan. the twentieth what will it feel like in CT or the area not far from it,2,5,1,0.0034389049,3,OOD_Class_2
"Is there any predicted snowfall in 2 months in Vandalia , El Salvador",2,5,1,0.0006101994,3,OOD_Class_2
in 17 minutes will it be foggy in Songimvelo Game Reserve,2,5,1,0.00036914533,3,OOD_Class_2
I want to book a highly rated pizzeria in the same area as tia's house,1,1,0,0.00016710763,3,OOD_Class_2
Will it be hotter today in Holtwood,2,1,1,0.00088911434,3,OOD_Class_2
"On oct. 26 , I will need to make reservations to eat in Halibut Point State Park .",2,1,1,0.00018325498,3,OOD_Class_2
Is there weather going to get chilly when I get close to New York ?,2,5,1,0.0004951436,3,OOD_Class_2
rate The Princess Mouse A Tale of Finland one of 6,4,3,0,0.00013409034,3,OOD_Class_2
Please play music from Itunes,3,2,0,0.00012673288,3,OOD_Class_2
I want to hear a track from the fourties .,3,2,0,0.0001445825,3,OOD_Class_2
Will it be snowy at the current position by March 3 ?,2,5,1,0.00017594625,3,OOD_Class_2
Can you send me the weather forecast for Malcom,2,5,1,0.013483351,3,OOD_Class_2
What will the weather be in Milleville Beach ?,2,5,1,0.0002067471,3,OOD_Class_2
Add Shangri-La to the African Heat playlist.,0,0,0,0.00016996254,3,OOD_Class_2
rate Shockscape five stars,4,3,0,0.00012072765,3,OOD_Class_2
Please tell me the forecast for here,2,5,1,0.045515895,3,OOD_Class_2
Will there be snowfall in Coxs Mills Vatican ?,2,5,1,0.00023771927,3,OOD_Class_2
3 out of 6 for the last album,4,3,0,0.00011862246,3,OOD_Class_2
"What is the weather forecast tomorrow in French , UT ?",2,4,1,0.0006088106,3,OOD_Class_2
I rate Step by Wicked Step 1 stars,4,3,0,0.00013949789,3,OOD_Class_2
Show me the saga St. Elsewhere,5,4,0,8.941971e-05,3,OOD_Class_2
Add this album to jenifer's mellow dinner playlist,0,0,0,0.00017104512,3,OOD_Class_2
what is the Baotianman National Nature Reserve forecast,2,4,1,0.00018697152,3,OOD_Class_2
Create a theme station with Jim Creeggan records and collabs,3,2,0,0.00023842992,3,OOD_Class_2
Rate the current book one of 6 points,4,3,0,0.00012547585,3,OOD_Class_2
give four out of 6 stars for this chronicle,4,3,0,0.00012832647,3,OOD_Class_2
Where is picture Everybody Wants You,5,4,0,0.0001076645,3,OOD_Class_2
Tell me the weather forecast here,2,4,1,0.002193221,3,OOD_Class_2
"What will the weather conditions be in Hahntown , Wyoming at 1 ?",2,5,1,0.00019973885,3,OOD_Class_2
Can you make reservations for two people somewhere distant from Sutphin Blvd,1,1,0,0.00016775982,3,OOD_Class_2
"find The Great Hydration , a TV series",5,4,0,0.00011173855,3,OOD_Class_2
I need the weather in Muncie,2,5,1,0.0009851207,3,OOD_Class_2
Add When You Come Back to the jazz for loving couples playlist.,0,0,0,0.00016773946,3,OOD_Class_2
"Check the forecast for Hulmeville , WV .",2,4,1,0.022518246,3,OOD_Class_2
Play music which has humour on Youtube .,3,2,0,0.00012772378,3,OOD_Class_2
Is there supposed to be snowfall at zero o'clock at Parc national Alerce Andino or anywhere distant,2,5,1,0.00016401234,3,OOD_Class_2
Play Music From Van-pires by Dmitry Malikov .,3,2,0,0.0001390447,3,OOD_Class_2
Where is Belgium located,2,5,1,0.0009755798,3,OOD_Class_2
How is the weather in Indian Creek Village ?,2,5,1,0.00028393,3,OOD_Class_2
find Andreas Hofer at elevenses,6,5,0,0.00021370559,3,OOD_Class_2
Book a reservation for six for a tyrolean oyster bar,1,1,0,0.00015492845,3,OOD_Class_2
what is the storm forecast for now in Jordan,2,5,1,0.00018408691,3,OOD_Class_2
show Under the Sea creative video game,5,4,0,9.594799e-05,3,OOD_Class_2
What is the weather now in James City ?,2,5,1,0.00022630047,3,OOD_Class_2
Rate this book one stars,4,3,0,0.00012738894,3,OOD_Class_2
I need a time of 21 minutes from now for here,2,5,1,0.0010209094,3,OOD_Class_2
"What will be the forecast for Belarus in the future around sep. the 22nd, 2020 ?",2,5,1,0.001439925,3,OOD_Class_2
Give The Slap 0 stars,4,3,0,0.000120786644,3,OOD_Class_2
Play some movement from the fourties,3,2,0,0.00013011295,3,OOD_Class_2
turn on Google Music to play 1991,3,2,0,0.000115504095,3,OOD_Class_2
Can I watch Flower and Snake at movie house in one hour from now ?,6,5,0,0.00019056459,3,OOD_Class_2
I want to hear music by Madeleine Peyroux from 1991 on Youtube .,3,2,0,0.00014628541,3,OOD_Class_2
Play some songs from 1958,3,2,0,0.00010797577,3,OOD_Class_2
showtimes for movies currently playing at Speakeasy Theaters,6,5,0,0.00017117124,3,OOD_Class_2
"show cold weather forecast in five hours and 1 minute in Hokendauqua , Mongolia",2,4,1,0.00062534283,3,OOD_Class_2
Is it windy in Custar,2,5,1,0.00071016746,3,OOD_Class_2
I need a forecast for Zachary,2,4,1,0.0038230782,3,OOD_Class_2
Add song to my Club Hits,0,0,0,0.00015673012,3,OOD_Class_2
Book a reservation at a restaraunt in CT,1,1,0,0.00015767451,3,OOD_Class_2
What will the weather be nineteen seconds from now from the Little Manatee River State Park,2,5,1,0.00019665998,3,OOD_Class_2
add country favorites willie nelson style to my playlist titled Spinnin' Records Top 100,0,0,0,0.00016546015,3,OOD_Class_2
turn on Last Fm,3,2,0,0.00010647314,3,OOD_Class_2
book a spot for ten at a pub that has umbrian in NV on feb. the fourth,1,1,0,0.00015591523,3,OOD_Class_2
What are the movie times at Landmark Theatres,6,5,0,0.00015877494,3,OOD_Class_2
I'd like to put Ryō Yamazaki onto my sylvia plath playlist.,0,0,0,0.00017373405,3,OOD_Class_2
Add Madman to Trap Land playlist,0,0,0,0.00016855946,3,OOD_Class_2
Find the movie schedule for animated movies in the neighbourhood .,6,5,0,0.00015692762,3,OOD_Class_2
Is it hot in Round Hill HI,2,5,1,0.0005184317,3,OOD_Class_2
Book a table for 12 am . at our step mother's secondary residence within walking distance for one,1,1,0,0.00015599208,3,OOD_Class_2
what is the current position forecast for starting on July 22,2,5,1,0.0064210254,3,OOD_Class_2
I want to give the current essay a five,4,3,0,0.00012486365,3,OOD_Class_2
book a highly rated restaurant in Central African Republic for 5 people on sep. the second,1,1,0,0.00016117781,3,OOD_Class_2
What will the humidity be in Beroun on aug. 26,2,5,1,0.0001692454,3,OOD_Class_2
Is it forecast to be chillier around Texas ?,2,5,1,0.0007335585,3,OOD_Class_2
When is For Lovers Only playing?,6,5,0,0.00023217505,3,OOD_Class_2
I would give The Lady of the Rivers 0 stars,4,3,0,0.0001409363,3,OOD_Class_2
what is the weather forecast for Tennessee for warm temps,2,5,1,0.0006606889,3,OOD_Class_2
show weather forcast for February the 8th on current spot in neighboring,2,4,1,0.00018728773,3,OOD_Class_2
"I need a reservation for a restaurant in Bangladesh on feb. the 11th, 2032",1,1,0,0.0001667,3,OOD_Class_2
Where can I purchase the TV series The Mating Season,5,4,0,8.8562505e-05,3,OOD_Class_2
add tune to my metal crash course playlist,0,0,0,0.00015966706,3,OOD_Class_2
I want some fusil contra fusil added to my dance hits playlist.,0,0,0,0.00017698835,3,OOD_Class_2
Anything close to Smith-9th St that can seat two people about one minute from now ?,1,1,0,0.00014601325,3,OOD_Class_2
What's the weather at eleven PM in Craig Mountain Wildlife Management Area,2,5,1,0.00018406463,3,OOD_Class_2
What's the weather two months from now in Arletta Malawi,2,5,1,0.00049989717,3,OOD_Class_2
Play music from 2015,3,2,0,0.00011173079,3,OOD_Class_2
I want to give this current novel 4 points,4,3,0,0.00013606851,3,OOD_Class_2
Find the show Manthan,5,4,0,9.155657e-05,3,OOD_Class_2
Play some music from the last album of 1988 on Lastfm,3,2,0,0.00012623459,3,OOD_Class_2
Which cinema is currently showing The Youngest Profession ?,6,5,0,0.00016933864,3,OOD_Class_2
give 4 out of 6 stars to current chronicle,4,3,0,0.00013922797,3,OOD_Class_2
play some Alte Kameraden music,3,2,0,8.684375e-05,3,OOD_Class_2
What's the forecast for Little Silver,2,5,1,0.00045295866,3,OOD_Class_2
tell me the weather for next week at Cathedral State Park,2,5,1,0.00022935023,3,OOD_Class_2
What is the weather forecast in the country of Chile fifteen hours from now,2,5,1,0.00033794928,3,OOD_Class_2
Is it snowy in DeMotte MS,2,5,1,0.0007524783,3,OOD_Class_2
I'm wondering when I can see Beating Heart at the nearest cinema .,6,5,0,0.00017868157,3,OOD_Class_2
Play The Happy Blues by Ronnie Wood .,3,2,0,0.00012175812,3,OOD_Class_2
what is the forecast for this current position for chilly temps,2,5,1,0.0013439389,3,OOD_Class_2
Is it likely to be warm in Rush Hill ?,2,5,1,0.0004613549,3,OOD_Class_2
I want to book a joint in a spa .,1,1,0,0.00014447718,3,OOD_Class_2
"Tell me when it'll be hot in Melbourne , NJ",2,5,1,0.0007811851,3,OOD_Class_2
What's the forecast for Georgia ?,2,4,1,0.000361704,3,OOD_Class_2
"Tell me when it will be chilly in Chicken , United Kingdom",2,5,1,0.0009637574,3,OOD_Class_2
book a spot for seven at a brasserie with ginestrata,1,1,0,0.00014682711,3,OOD_Class_2
"What will the weather be on April 9, 2037 in New Brunswick Botanical Garden ?",2,5,1,0.00023534216,3,OOD_Class_2
"Will there be a storm in Palm City , WV ?",2,5,1,0.000734134,3,OOD_Class_2
Where can I find Richard the Lionheart Rebellion ?,5,4,0,0.00015218323,3,OOD_Class_2
Wish to hear music from the year 1996,3,2,0,0.000114827904,3,OOD_Class_2
Is there rain now in Maine,2,5,1,0.00031368565,3,OOD_Class_2
Weather for close-by Parc national de Kolkheti,2,5,1,0.0019532111,3,OOD_Class_2
Will there be sun in the Manassas National Battlefield Park ?,2,5,1,0.0003881423,3,OOD_Class_2
Is it chillier in Baconton KY,2,1,1,0.00090311246,3,OOD_Class_2
Please give me the forecast for Branton,2,4,1,0.006287171,3,OOD_Class_2
Rate Voyage in the Dark 3 of 6,4,3,0,0.00012523113,3,OOD_Class_2
"book for jessie, dale wright and lupe at a bistro on feb. 20, 2040",1,1,0,0.00017936296,3,OOD_Class_2
Find the schedule for for The Unnaturals at 13 .,6,5,0,0.00014822865,3,OOD_Class_2
Will it get hotter in the city of Ashford ?,2,5,1,0.00074966653,3,OOD_Class_2
Will it be stormy in MA,2,5,1,0.00039440562,3,OOD_Class_2
"I need a highly rated oyster bar in AR in a month for jeanne collins, amy and I",1,1,0,0.00015312148,3,OOD_Class_2
What's the weather forecast for here ?,2,5,1,0.00048810744,3,OOD_Class_2
What theater is playing Death Drums Along the River at 5 PM,6,5,0,0.000121351826,3,OOD_Class_2
Play Suite Sudarmoricaine by Afi on itunes,3,2,0,0.00011812003,3,OOD_Class_2
Is The Umbrellas of Cherbourg playing near me?,6,5,0,0.00015320175,3,OOD_Class_2
The Half-Life chronicle deserves 3 points,4,3,0,0.00013053544,3,OOD_Class_2
I want do you want to build a snowman in my Hip Hop 2017 New School playlist,0,0,0,0.00015564571,3,OOD_Class_2
Find the schedule for Metallica Through the Never .,6,5,0,0.00021233254,3,OOD_Class_2
Please find me the book Step Into My Groove .,5,4,0,9.641461e-05,3,OOD_Class_2
what is the weather forecast for Moffett,2,4,1,0.0006014098,3,OOD_Class_2
rate this essay 3 out of 6 points,4,3,0,0.00013587014,3,OOD_Class_2
"What is the forecast for Dec. 1st, 2036 in Keeneland",2,5,1,0.00055595406,3,OOD_Class_2
Add I Messed Up to Hit Rewind,0,0,0,0.00016385228,3,OOD_Class_2
"what's the weather going to be like in MI on august twenty-eighth, 2033",2,5,1,0.00031799925,3,OOD_Class_2
"Will it be warmer in the District Of Columbia on may 25, 2033 ?",2,5,1,0.00061419536,3,OOD_Class_2
What is the weather forecast now in Texas ?,2,5,1,0.00020936952,3,OOD_Class_2
"Play Oj, Jelena, Jelena, Jabuka Zelena by Ler Lalonde .",3,2,0,0.0001548105,3,OOD_Class_2
Rate In Enemy Hands five stars out of 6,4,3,0,0.00012137824,3,OOD_Class_2
Weather for Coaldale Arkansas,2,5,1,0.0012032373,3,OOD_Class_2
Rate this novel five of 6,4,3,0,0.00012732734,3,OOD_Class_2
Will there be a cloud here at 065020,2,5,1,0.00056733034,3,OOD_Class_2
add the album to the Six string peacefulness playlist,0,0,0,0.00017794184,3,OOD_Class_2
Find the movie schedules for me,6,5,0,0.00016573445,3,OOD_Class_2
Will it get chillier in North Creek Forest ?,2,5,1,0.00071367464,3,OOD_Class_2
Is it hot in FL,2,5,1,0.0002786702,3,OOD_Class_2
What is the predicted weather for my current spot next month ?,2,5,1,0.00045241773,3,OOD_Class_2
Add Tranquility to the Latin Pop Rising playlist.,0,0,0,0.00016626932,3,OOD_Class_2
what is the weather of East Portal KS,2,5,1,0.001375373,3,OOD_Class_2
Play Ciribiribin by Sandeep Khare,3,2,0,0.00014026984,3,OOD_Class_2
Play me a song from 2016,3,2,0,0.000107239364,3,OOD_Class_2
what is the forecast starting at 8 pm for Alaska,2,5,1,0.00021324019,3,OOD_Class_2
mark the current textbook a 1 from the total of 6,4,3,0,0.00012377134,3,OOD_Class_2
what is the movie schedules for movies in the area,6,5,0,0.00015661702,3,OOD_Class_2
What does it feel like in Alloway,2,4,1,0.0002525253,3,OOD_Class_2
Add an andy hurley album to my transatlantic lullaby list,0,0,0,0.00016773409,3,OOD_Class_2
I need to see the movie schedules,6,5,0,0.00017402158,3,OOD_Class_2
Find the photograph A Little Less Sixteen Candles,5,4,0,9.9669356e-05,3,OOD_Class_2
add Hot House to Have You Met Miss Jones,0,0,0,0.00015414786,3,OOD_Class_2
Ethiopia Ellenton has snow weather at eight PM,2,5,1,0.001677477,3,OOD_Class_2
Find me the Extreme Ghostbusters game .,5,4,0,9.860608e-05,3,OOD_Class_2
Play me a 2003 song by Charles Neidich,3,2,0,0.00011129606,3,OOD_Class_2
Give me the weather forecast for here .,2,5,1,0.06680398,3,OOD_Class_2
What is the forecast for 1 PM in Minnesota ?,2,5,1,0.00020923228,3,OOD_Class_2
Show me Skyfall Original Motion Picture Soundtrack,5,4,0,0.0001222398,3,OOD_Class_2
Book a reservation at a restaurant nearby their airbnb,1,1,0,0.0001662938,3,OOD_Class_2
Is it rainy season in Manitou Springs ?,2,5,1,0.00015498344,3,OOD_Class_2
What's the forecast for Jefferson National Expansion Memorial around eight am ?,2,5,1,0.00015271868,3,OOD_Class_2
book a table in Connecticut in Robinette for one second from now,1,1,0,0.0001509714,3,OOD_Class_2
find the closest movie theatre with animated movies,6,5,0,0.00014038432,3,OOD_Class_2
Will it get warmer in Holy Cross Wilderness,2,5,1,0.00025268007,3,OOD_Class_2
find the movie Ircle,5,4,0,9.057731e-05,3,OOD_Class_2
What will the weather be like in twenty two minutes at San Pasqual Battlefield State Historic Park,2,5,1,0.00020670393,3,OOD_Class_2
find The Terror Within,6,4,0,0.0015836604,3,OOD_Class_2
what is the Jan. 8 forecast for here,2,5,1,0.0008358634,3,OOD_Class_2
Give my current book 4 stars .,4,3,0,0.00011729968,3,OOD_Class_2
What is the weather like in Antonito,2,5,1,0.000592731,3,OOD_Class_2
show creativity of photograph of My Wonderful Day,5,4,0,0.00012514005,3,OOD_Class_2
How's the weather at Petit Manan National Wildlife Refuge and nearby right now,2,5,1,0.00022210888,3,OOD_Class_2
what is the NH forecast for Mexican Hat,2,4,1,0.0010258236,3,OOD_Class_2
"I want to book a restaurant in Wallsburg , Missouri for michele, diann and pam",1,1,0,0.00016023702,3,OOD_Class_2
book a cafe for one in the Cocos Islands,1,1,0,0.00014244852,3,OOD_Class_2
Find the movie schedules for Cobb Theatres .,6,5,0,0.00017336018,3,OOD_Class_2
what will the weather be in FL on 1/11/2030,2,5,1,0.0002001587,3,OOD_Class_2
book a spot for 2 at a restaurant in Mayotte at 0613 AM,1,1,0,0.00015553524,3,OOD_Class_2
Use Youtube to play music from Dorothy Ashby from the year 2002,3,2,0,0.00012045501,3,OOD_Class_2
This current album deserve 0 points and a best rating of 6,4,3,0,0.00011514118,3,OOD_Class_2
book a restaurant for 4 by shawn's work close by,1,1,0,0.00014732985,3,OOD_Class_2
Is it warm in Fernley ?,2,5,1,0.0006177411,3,OOD_Class_2
"Is it chilly in Henrieville , Oman",2,1,1,0.0006172711,3,OOD_Class_2
Please put David Van Tieghem onto my throwback party playlist.,0,0,0,0.00016830991,3,OOD_Class_2
Find time for College Rock Stars at any movie theatre,6,5,0,0.00015076339,3,OOD_Class_2
Play the top caleigh peters .,3,2,0,0.000110317094,3,OOD_Class_2
What will the humidity be in Varnado Georgia at one am,2,5,1,0.00013605053,3,OOD_Class_2
I want to listen to nineties chant songs,3,2,0,0.00010828844,3,OOD_Class_2
Show GD&TOP painting,5,4,0,0.000100356694,3,OOD_Class_2
Add inconfundible to Stomp & Holler,0,0,0,0.00016635013,3,OOD_Class_2
one hour from now what will it be like in Cholame Rhode Island,2,5,1,0.0008818291,3,OOD_Class_2
What kind of weather will be in Ukraine one minute from now ?,2,5,1,0.00026005245,3,OOD_Class_2
Let's play the album Handover on Deezer,3,2,0,0.00012570816,3,OOD_Class_2
I need the wather for next week in the Philippines,2,1,1,0.0011086862,3,OOD_Class_2
Book a restaurant in Pinecliffe Missouri this month .,1,1,0,0.00014646919,3,OOD_Class_2
Will it be sunny in Spain on 3/26/2023 ?,2,5,1,0.0006314297,3,OOD_Class_2
rate the saga In Mortal Hands five out of 6 stars,4,3,0,0.00012037502,3,OOD_Class_2
Use Itunes to play a soundtrack from the year 1954,3,2,0,0.00013126853,3,OOD_Class_2
add when ice met cream to This Is Alejandro Fernández playlist,0,0,0,0.00016667607,3,OOD_Class_2
What is the movie schedule for films nearby,6,5,0,0.00015738355,3,OOD_Class_2
find the movie Take Another Picture,5,4,0,7.923245e-05,3,OOD_Class_2
"Will it get colder in Camp San Saba , Latvia in one minute and eight seconds",2,5,1,0.0011962036,3,OOD_Class_2
Is it rainy at the Edward L. Ryerson Conservation Area ?,2,5,1,0.00020471044,3,OOD_Class_2
will it be stormy in Wildorado,2,5,1,0.00082107703,3,OOD_Class_2
Will it be cloudy in Guadeloupe next year,2,5,1,0.0010599709,3,OOD_Class_2
What will the weather be like on september 26th in Eastlake,2,5,1,0.0002887469,3,OOD_Class_2
I want to hear music on my Slacker app,3,2,0,0.000121039186,3,OOD_Class_2
Which cinema is showing A Dedicated Life starting at eleven PM,6,5,0,0.00015799691,3,OOD_Class_2
Is snowfall forecast in PA ?,2,5,1,0.00021873924,3,OOD_Class_2
Will it be warmer in AMnicon Falls State Park ?,2,5,1,0.00027407214,3,OOD_Class_2
Is it going to be nice at 6 AM at Chippewa Lake,2,5,1,0.00026681097,3,OOD_Class_2
what is the forecast in Admire in TX starting at seventeen,2,5,1,0.00036554033,3,OOD_Class_2
this track should go into my playlist called This Is Beethoven,0,0,0,0.00018348813,3,OOD_Class_2
"Is it supposed to be windy in ME on june the 14th, 2024 ?",2,5,1,0.0006417981,3,OOD_Class_2
Can I see the TV show The Closer I Get ?,5,4,0,0.00010075189,3,OOD_Class_2
What is the weather like within walking distance of the Nationalpark Drawa,2,5,1,0.0006663382,3,OOD_Class_2
find a cinema closest with animated movies,6,5,0,0.0001399745,3,OOD_Class_2
Can I listen to merengue style music?,3,2,0,0.00012770803,3,OOD_Class_2
"Will it be sunny in Eyota Hawaii on february seventh, 2025 ?",2,5,1,0.00076933164,3,OOD_Class_2
What will the weather be in Cummings Mississippi in eleven years,2,5,1,0.00020676122,3,OOD_Class_2
Will it be hot in Dongola Cameroon,2,1,1,0.00035161147,3,OOD_Class_2
Play some latin music.,3,2,0,0.00012092884,3,OOD_Class_2
What will the weather forecast be during the Kent State Shootings Remembrance in El Cocuy National Park ?,2,5,1,0.00024240372,3,OOD_Class_2
this album is the last and rated five,4,3,0,0.00015257104,3,OOD_Class_2
Play me a song by Linn Berggren from Spotify,3,2,0,0.00014027445,3,OOD_Class_2
Please look up the Beauty on the Fire show .,5,4,0,9.281625e-05,3,OOD_Class_2
Will there be snowfall in zero PM in Estonia,2,5,1,0.00027613898,3,OOD_Class_2
How much colder will it be not far from Utah around 3 Am ?,2,5,1,0.0006860074,3,OOD_Class_2
is it going to be chilly on 12/13/2025 in Haugan Pakistan,2,5,1,0.0011727563,3,OOD_Class_2
phyllis ward and veronica need a table at a restaurant in 152 days,1,1,0,0.00015736757,3,OOD_Class_2
table for eight at The Berghoff in Sistersville in Jul.,1,1,0,0.0001421017,3,OOD_Class_2
what is the weather forecast for Latvia Strasburg,2,4,1,0.0012125277,3,OOD_Class_2
Will it get colder by 11 in Jacobsburg . Syria ?,2,5,1,0.00047616588,3,OOD_Class_2
Find the movie schedules at Goodrich Quality Theaters .,6,5,0,0.00017764699,3,OOD_Class_2
what is the forecast for here and now,2,5,1,0.0068438523,3,OOD_Class_2
give this textbook a 5 out of 6 rating,4,3,0,0.0001279504,3,OOD_Class_2
Tell me the weather forecast close to Romania,2,5,1,0.0011330992,3,OOD_Class_2
Tell me when it will be humid here,2,5,1,0.0002923119,3,OOD_Class_2
What's the weather forecast for Sweden on Oct. the fifth ?,2,5,1,0.0002581643,3,OOD_Class_2
Book a steakhouse with a pool for eight people.,1,1,0,0.00014469319,3,OOD_Class_2
Play a sound track by Pee Wee Russell on Zvooq .,3,2,0,0.00016208294,3,OOD_Class_2
Weather here at two pm,2,5,1,0.0006122526,3,OOD_Class_2
Play me a song from 2008,3,2,0,0.00010333332,3,OOD_Class_2
"Check the weather for Kenedy , Vanuatu for around nine am",2,5,1,0.00040042112,3,OOD_Class_2
"Can you give me the weather forecast for Nov. 9th for Lakeview Heights , LA",2,5,1,0.0019544677,3,OOD_Class_2
Play the most popular music by Ronald Isley on Google Music,3,2,0,0.00013569498,3,OOD_Class_2
"I need reservations for a party of 3 on all souls' day in Temperance , North Dakota",1,1,0,0.00015782904,3,OOD_Class_2
Is there going to be any snowfall today in Lebanon ?,2,5,1,0.00038479763,3,OOD_Class_2
Rate this novel one of 6,4,3,0,0.0001306015,3,OOD_Class_2
Will it be colder in Connorville,2,5,1,0.0003996104,3,OOD_Class_2
Will it snow in AMy,2,5,1,0.0010657788,3,OOD_Class_2
What is the forecast for DE on 9/11/2035,2,5,1,0.0005317563,3,OOD_Class_2
Is the weather overcast here and now ?,2,5,1,0.00034881107,3,OOD_Class_2
find me a game called Thesis Eleven,5,4,0,9.08383e-05,3,OOD_Class_2
rate this current book a 4 out of 6,4,3,0,0.00012996545,3,OOD_Class_2
Forecast for 0222 pm Maldives,2,5,1,0.0015168537,3,OOD_Class_2
Add this album to my orgánica playlist.,0,0,0,0.00017238612,3,OOD_Class_2
1 point for this next textbook,4,3,0,0.00016332105,3,OOD_Class_2
What is the weather forecast in Langdon,2,4,1,0.0007045356,3,OOD_Class_2
what is the 11 pm forecast for here and far,2,5,1,0.0003491646,3,OOD_Class_2
What will the weather be 1 minute from now in Garrochales,2,5,1,0.00017878557,3,OOD_Class_2
what is the weather forecast faraway from RI seven months from now,2,5,1,0.0004078589,3,OOD_Class_2
Find The American Journal of Economics and Sociology .,5,4,0,0.00029671713,3,OOD_Class_2
find the soundtrack titled This Side of Paradise,5,4,0,9.870559e-05,3,OOD_Class_2
What's the weather like in Serbia,2,5,1,0.00065559335,3,OOD_Class_2
give 5 out of 6 stars to The Intimidators chronicle,4,3,0,0.00013356807,3,OOD_Class_2
find films at Showcase Cinemas,6,5,0,0.00014569638,3,OOD_Class_2
Play good Pure Soul on netflix,3,2,0,0.0001170901,3,OOD_Class_2
what is the weather like in Texas,2,5,1,0.0006110407,3,OOD_Class_2
Play El Cant Dels Ocells by vini lopez .,3,2,0,0.00014151211,3,OOD_Class_2
search for a painting of The Wannadies,5,4,0,0.00011338293,3,OOD_Class_2
find the song Tholireyi Gadichindi,5,4,0,9.924052e-05,3,OOD_Class_2
"Can you give me the forecast for 11 in Bradner , IA",2,1,1,0.0010699662,3,OOD_Class_2
Play All Things Must Pass .,3,2,0,0.00053869945,3,OOD_Class_2
How do I get the game Still on It ?,5,4,0,0.00015429212,3,OOD_Class_2
I want to put Paul Young onto all new all now .,0,0,0,0.00017458366,3,OOD_Class_2
Will it hail in 1 minute in Toms River,2,5,1,0.0012916526,3,OOD_Class_2
Tell me the forecast for breakfast at Miller's Cove,2,5,1,0.002287304,3,OOD_Class_2
Book a reservation for a top-rated lebanese fast food place,1,1,0,0.0001616509,3,OOD_Class_2
Book a table for three at a restarunt in Federal Hill,1,1,0,0.00016000181,3,OOD_Class_2
Can you add some morton feldman piano and string quartet to my global funk playlist,0,0,0,0.0001717122,3,OOD_Class_2
I want to hear any tune from the twenties,3,2,0,0.00012784013,3,OOD_Class_2
What is the weather close to Somesville on mon .,2,5,1,0.000414136,3,OOD_Class_2
Show me the television show The Angry Mob .,5,4,0,9.4177405e-05,3,OOD_Class_2
What will the the weather be like close to Bailey's Crossroads at 050034 am ?,2,5,1,0.00021643781,3,OOD_Class_2
I rate Mosses from an Old Manse a 0,4,3,0,0.00011547862,3,OOD_Class_2
add the wee wee man to pamela's Stress Relief playlist,0,0,0,0.00016178515,3,OOD_Class_2
Add J J Cale to my heavy gamer playlist.,0,0,0,0.00016831077,3,OOD_Class_2
movie schedules at Southern Theatres,6,5,0,0.00017729921,3,OOD_Class_2
play Sunshine Reggae on youtube,3,2,0,0.00010373644,3,OOD_Class_2
add this artist to Spain Top 50,0,0,0,0.0001730571,3,OOD_Class_2
What is the weather for Charlotte Hall Saint Kitts and Nevis,2,5,1,0.00058593665,3,OOD_Class_2
I want to hear the sound track to Mary Macgregor new songs on Iheart,3,2,0,0.00011304816,3,OOD_Class_2
I want to watch the movie Maxime,5,4,0,9.0392154e-05,3,OOD_Class_2
play Darude,3,2,0,9.107817e-05,3,OOD_Class_2
Will it be cloudy by five PM in Gobler Jersey,2,5,1,0.00036268932,3,OOD_Class_2
Find The Mary Van Note Show,5,4,0,0.000109143926,3,OOD_Class_2
"What is the weather for Cormorant , ME",2,5,1,0.0005641966,3,OOD_Class_2
What's the weather in Ecola State Park in three minutes,2,5,1,0.00016693296,3,OOD_Class_2
"Book the Chapter One in Bosnia and Herzegovina for patti, hester richardson and camille",1,1,0,0.00018633592,3,OOD_Class_2
I rate the saga Wahhabi Islam From Revival and Reform to Global Jihad three out of 6,4,3,0,0.00012376817,3,OOD_Class_2
Is it going to get colder at my current location by 10 am,2,5,1,0.0002459201,3,OOD_Class_2
How warm is it in Darnestown,2,5,1,0.0006110198,3,OOD_Class_2
What's the weather forecast for Wisconsin ?,2,5,1,0.00091608707,3,OOD_Class_2
Is it foggy in Shelter Island,2,5,1,0.00016542173,3,OOD_Class_2
Play White Noise .,3,2,0,0.000111461304,3,OOD_Class_2
Add this artist to piano chill,0,0,0,0.00016659452,3,OOD_Class_2
Is it supposed to gt colder in OR,2,5,1,0.00029885082,3,OOD_Class_2
what is the Philippines forecast for humid weather,2,4,1,0.001769073,3,OOD_Class_2
what is the forecast for cold temps in West Virginia next autumn,2,5,1,0.0003550316,3,OOD_Class_2
book in South Dakota for lobster newberg at a pub,1,1,0,0.00014596846,3,OOD_Class_2
What is the weather like in Midfield Iowa today,2,5,1,0.00032082948,3,OOD_Class_2
Give me the weather forecast for the city of Woburn,2,4,1,0.006591083,3,OOD_Class_2
Give this book a rating of 3 out of 6 points .,4,3,0,0.00012714078,3,OOD_Class_2
play Netflix tunes from 2003 on an album,3,2,0,0.00010577821,3,OOD_Class_2
Show me schedules to see A Film with Me in It .,6,5,0,0.0002779534,3,OOD_Class_2
I need to book a Theme restaurant this month in Chile,1,1,0,0.00014603866,3,OOD_Class_2
book in OH in Gurabo for velma and gloria,1,1,0,0.0001596796,3,OOD_Class_2
Will it be colder here in 48 and a half weeks,2,5,1,0.00036367343,3,OOD_Class_2
Book a bar that serves ribs for 5 people.,1,1,0,0.00014972135,3,OOD_Class_2
What's the forecast for MT next week ?,2,5,1,0.00037779327,3,OOD_Class_2
Search for Police Women of Cincinnati,5,4,0,0.000117170544,3,OOD_Class_2
I want another song in the Women of Latin Music playlist.,0,0,0,0.00017466964,3,OOD_Class_2
book a spot at a highly rated tavern in Colombia,1,1,0,0.00016891016,3,OOD_Class_2
I would give Bones of the Earth 2 points,4,3,0,0.00014148823,3,OOD_Class_2
put Before the Eulogy onto Acoustic Blues,0,0,0,0.00014888906,3,OOD_Class_2
Is it nice now in Madawaska,2,1,1,0.00070811313,3,OOD_Class_2
Will it be freezing in the current position ?,2,5,1,0.00025708647,3,OOD_Class_2
What's the weather in Pennsylvania,2,5,1,0.0002839008,3,OOD_Class_2
play theme by Yanni on Vimeo,3,2,0,0.00014486391,3,OOD_Class_2
What will the weather be in Hillview ?,2,5,1,0.00019335894,3,OOD_Class_2
play newest Robert Palmer sound track,3,2,0,8.735434e-05,3,OOD_Class_2
Will there be a blizzard in Egypt on Jul. 3 ?,2,5,1,0.00027279998,3,OOD_Class_2
is there going to be snowfall in Alton,2,5,1,0.0002328442,3,OOD_Class_2
forecast for Israel,2,4,1,0.00017003217,3,OOD_Class_2
Look for the TV series The Stars at Saint Andrea,5,4,0,9.6889584e-05,3,OOD_Class_2
Will there be snowfall in Kitlope Heritage Conservancy,2,5,1,0.0003152275,3,OOD_Class_2
Can I see the movie times for the Great Escape Theatres,6,5,0,0.00018489771,3,OOD_Class_2
book spot for 7 at an indoor restaurant in MP now,1,1,0,0.00016916002,3,OOD_Class_2
"What's the weather forecast for North Wolcott , Alabama on october 12, 2032 ?",2,5,1,0.00050726475,3,OOD_Class_2
Tell me the weather forecast for France,2,5,1,0.0058975173,3,OOD_Class_2
Book the Light Horse Tavern for 4 people.,1,1,0,0.00013935281,3,OOD_Class_2
What is the weather here at 7 am ?,2,5,1,0.00022366694,3,OOD_Class_2
Find me a table at a javanese brasserie,1,1,0,0.00013658241,3,OOD_Class_2
Is temperature in Hanksville freezing ?,2,5,1,0.00022256326,3,OOD_Class_2
What is the forecasted weather for Ninaview ?,2,5,1,0.004860454,3,OOD_Class_2
give four star to current novel,4,3,0,0.00012870171,3,OOD_Class_2
Is it going to storm in NE,2,5,1,0.00020654814,3,OOD_Class_2
Rate Encyclopedia of Domestic Animation four out of 6 stars,4,3,0,0.00013117706,3,OOD_Class_2
Find a painting called Mr. Scarface Is Back .,5,4,0,0.00014304485,3,OOD_Class_2
Search for the video game The Book of Heroic Failures,5,4,0,0.000108298096,3,OOD_Class_2
When is The Pirate Fairy playing at AMC Theaters ?,6,5,0,0.00014369616,3,OOD_Class_2
I'd like a table at a restaurant in KS in 5 hours from now,1,1,0,0.00014217128,3,OOD_Class_2
Is it cloudy in Georgia,2,5,1,0.00047838243,3,OOD_Class_2
How will the weather be this month in OR,2,5,1,0.00021435862,3,OOD_Class_2
I give this book a 3 out of 6 .,4,3,0,0.00013376404,3,OOD_Class_2
play the top twenty movement songs from Roberto Valverde,3,2,0,0.00011731959,3,OOD_Class_2
What's the weather next week in Standard City,2,5,1,0.00020563605,3,OOD_Class_2
Will there be a storm six weeks from now in Albania ?,2,5,1,0.0005712057,3,OOD_Class_2
I give 4 of 6 stars for the saga A Severe Mercy,4,3,0,0.00013265805,3,OOD_Class_2
find the novel Playlist The Very Best of Brad Paisley,5,4,0,0.00015934402,3,OOD_Class_2
Find Conker Live and Reloaded,5,4,0,0.00040506234,3,OOD_Class_2
Can you help me find ScholarMate ?,5,4,0,0.00014107107,3,OOD_Class_2
Find me music by Kaori Utatsuki off the album that has top-twenty hits,3,2,0,0.00013422375,3,OOD_Class_2
Please put an album by Joseph Meyer on my POP GOES THE 80s playlist,0,0,0,0.00017204399,3,OOD_Class_2
I'd like to listen to Diana Vickers best tune from the twenties,3,2,0,0.0001218689,3,OOD_Class_2
Find the schedule for Ghost World .,6,5,0,0.00017571128,3,OOD_Class_2
play Signe Anderson chant music that is newest,3,2,0,0.00010094169,3,OOD_Class_2
Will it be temperate near Neylandville,2,5,1,0.00051593373,3,OOD_Class_2
Give me the showtimes for Sign of the Anchor .,6,5,0,0.0001740208,3,OOD_Class_2
Can you book a table for eight people at a spa type restaurant within walking distance of the Metropolitan Borough of Lambeth,1,1,0,0.00016188812,3,OOD_Class_2
Please show me the movie schedule for animated movies playing in the neighborhood .,6,5,0,0.0001563105,3,OOD_Class_2
I'm looking to book a seat at a bakery that serves coleslaw at 194458 .,1,1,0,0.00017308201,3,OOD_Class_2
What will the weather be like at me current position in seventeen seconds ?,2,5,1,0.00026381048,3,OOD_Class_2
Show me a forecast for Malaysia,2,4,1,0.0002610629,3,OOD_Class_2
Play music on youtube,3,2,0,0.00011205866,3,OOD_Class_2
find The Good Wife,5,4,0,0.000248879,3,OOD_Class_2
Please get seating at Bouchon in Tonga for jimmie and chasity howard,1,1,0,0.00015674849,3,OOD_Class_2
What's the weather forecast in Guadeloupe eleven weeks from now ?,2,5,1,0.0002488215,3,OOD_Class_2
What will the weather be in Post Falls on feb. 17 ?,2,5,1,0.00019697017,3,OOD_Class_2
Rate She A History of Adventure a one of 6,4,3,0,0.0001504645,3,OOD_Class_2
"What will the weather be like on aug. the 8th, 2032 here",2,5,1,0.00035794324,3,OOD_Class_2
What's the weather forecast for next week at my current position ?,2,5,1,0.000511228,3,OOD_Class_2
add this track to my flamenco pa ti,0,0,0,0.00015642431,3,OOD_Class_2
What movie schedules are at National Amusements,6,5,0,0.00016397338,3,OOD_Class_2
What is the weather in South Bradenton,2,5,1,0.00037590828,3,OOD_Class_2
add this song by Chieko Ochi to the drum & breaks playlist,0,0,0,0.00017356715,3,OOD_Class_2
Will it be foggy in 1 hour and 1 minute from now in OK,2,5,1,0.0005706136,3,OOD_Class_2
Please book a room to accommodate one in 11 weeks near Bahamas restaurant,1,1,0,0.00014133827,3,OOD_Class_2
What's the weather forecast near to Fern Creek this Winter ?,2,5,1,0.00023954506,3,OOD_Class_2
Will it be rainy nine weeks from now close to the Matlacha Pass National Wildlife Refuge,2,5,1,0.000323299,3,OOD_Class_2
What weather will HI have will there be hail twenty one minutes from now,2,5,1,0.00033008412,3,OOD_Class_2
is it going to be hot in Luambe-Nationalpark,2,5,1,0.0005211933,3,OOD_Class_2
Book a churrascaria restaurant for 2 which serves mezes,1,1,0,0.00015538227,3,OOD_Class_2
Will it be windy in Tequesta ?,2,5,1,0.000996403,3,OOD_Class_2
will it be colder at midnight in Washington,2,5,1,0.00022931155,3,OOD_Class_2
Where can I watch the latest episode of the TV show Chu Chu and the Philly Flash ?,5,4,0,0.00011338323,3,OOD_Class_2
What's the weather for this year in Oregon,2,5,1,0.00026274135,3,OOD_Class_2
What will the weather be in Catahoula National Wildlife Refuge ?,2,5,1,0.00023005353,3,OOD_Class_2
add album to my Deathcore playlist,0,0,0,0.00017087722,3,OOD_Class_2
give me the movie schedules for Southern Theatres,6,5,0,0.00016493337,3,OOD_Class_2
Play some Last Fm music like the 1992 ep from Peaches,3,2,0,0.00012635527,3,OOD_Class_2
Play music from 1996 .,3,2,0,0.00011326923,3,OOD_Class_2
Play Rob Mills album The Golden Archipelago .,3,2,0,8.5813015e-05,3,OOD_Class_2
Rate Half Past Human three stars,4,3,0,0.00011458165,3,OOD_Class_2
what is the forecast for Lille in Norway,2,5,1,0.0006187224,3,OOD_Class_2
rate this novel 3 out of 6 points,4,3,0,0.00013507654,3,OOD_Class_2
How cold is it in Martinique,2,5,1,0.0007895758,3,OOD_Class_2
"What is the weather forecast for june the third in Rileyville , CO",2,5,1,0.00032831775,3,OOD_Class_2
Will the weather be temperate in Betances,2,5,1,0.00066299667,3,OOD_Class_2
Is it going to get chillier in Kuwait,2,5,1,0.00079095707,3,OOD_Class_2
will it rain today in Circleville,2,5,1,0.00026701123,3,OOD_Class_2
"I want to take christy, louise and alexandra to eat at 173804 anywhere in NE",1,1,0,0.00017744959,3,OOD_Class_2
"What is the weather looking like for December the eleventh, 2034 in MD",2,5,1,0.00033753397,3,OOD_Class_2
"What's the forecast for Fort Payne , AMerican Samoa this march twentieth ?",2,5,1,0.00028703865,3,OOD_Class_2
How is the humidity near my current place,2,5,1,0.00036846378,3,OOD_Class_2
Book a table for two at a restaurant faraway from office in California .,1,1,0,0.00015387392,3,OOD_Class_2
Is it going to be freezing in Lolita ?,2,5,1,0.00047863115,3,OOD_Class_2
"Will it be hotter in Conception Junction , Moldova ?",2,1,1,0.000357005,3,OOD_Class_2
what is the weather forecast for Cuba at eleven am,2,5,1,0.00025418287,3,OOD_Class_2
I want to know the temperate from January the twentieth in Brazil,2,5,1,0.005778018,3,OOD_Class_2
what is the overcast forecast for midday in ID,2,5,1,0.0006221263,3,OOD_Class_2
Look for the Learning & Behavior picture,5,4,0,0.00012200293,3,OOD_Class_2
"I'm craving mac and cheese . Book a table at a Portland Mills , KS restaurant . I need it for one second from now",1,1,0,0.00014711419,3,OOD_Class_2
What is the humidity like in faraway on AK,2,5,1,0.00034140522,3,OOD_Class_2
What is the weather forecast for Strong City,2,5,1,0.0010049414,3,OOD_Class_2
Play some music on Last Fm,3,2,0,0.00010893017,3,OOD_Class_2
Give this book a 2 .,4,3,0,0.00013943137,3,OOD_Class_2
"Can you tell me the forecast for East Falmouth , Hungary",2,4,1,0.010286353,3,OOD_Class_2
what is the cold forecast for our current position,2,5,1,0.0051788604,3,OOD_Class_2
Will it be cold in Boyertown New Zealand in eighteen hours,2,5,1,0.00065506203,3,OOD_Class_2
Add this tune to The Refugee Playlist,0,0,0,0.00016385212,3,OOD_Class_2
book a table around London Borough of Ealing that is highly rated in a gluten free bar,1,1,0,0.0001704002,3,OOD_Class_2
"When will it be warmer in White Horse , Mauritius",2,5,1,0.00090154907,3,OOD_Class_2
Is it cold in Brian Head,2,5,1,0.0003282556,3,OOD_Class_2
what is the Johnson Creek forecast for chilly weather,2,5,1,0.0007603833,3,OOD_Class_2
I need a reservation for around London Borough,1,1,0,0.00014993898,3,OOD_Class_2
Find Clash of the Codes .,5,4,0,0.0003629072,3,OOD_Class_2
Book me a restaurant ten minutes from now,1,1,0,0.00014511726,3,OOD_Class_2
What is temperature in Benin now,2,5,1,0.0003480409,3,OOD_Class_2
Find a TV show called The Extraordinary .,5,4,0,9.82237e-05,3,OOD_Class_2
What's the weather going to be in 7 hours in FM,2,5,1,0.00016293867,3,OOD_Class_2
Give this album three / 6 points,4,3,0,0.00012627436,3,OOD_Class_2
add tune to African Heat,0,0,0,0.0001478107,3,OOD_Class_2
Tell me the weather forecast for Equatorial Guinea,2,5,1,0.01414099,3,OOD_Class_2
I'd like to eat at a restaurant far from Grantsburg,1,1,0,0.00013652412,3,OOD_Class_2
Add Jon McLaughlin to my forever country playlist.,0,0,0,0.00016537766,3,OOD_Class_2
add rise of the infidels to my bring back the 90s playlist,0,0,0,0.00016401299,3,OOD_Class_2
play music from Itunes for Ric Grech,3,2,0,0.00015779129,3,OOD_Class_2
I am giving this book called The Wide Window one out of 6 stars,4,3,0,0.0001382112,3,OOD_Class_2
Will it be freezing in seven minutes in Nora Fiji ?,2,1,1,0.00085728656,3,OOD_Class_2
I'd like to watch The Freckled Fish at 004743 at Magic Johnson Theatres,6,5,0,0.00021195621,3,OOD_Class_2
I'd like to watch Wish You Were Dead,6,4,0,0.0035128742,3,OOD_Class_2
what time can i see Mojave Phone Booth,6,5,0,0.00015564429,3,OOD_Class_2
add the man who never lied to my current comedy top tracks,0,0,0,0.00016289353,3,OOD_Class_2
Will it be chilly in Fiji at ten pm,2,5,1,0.00026537135,3,OOD_Class_2
Play Yuauea by Rick Ross,3,2,0,0.00013372423,3,OOD_Class_2
"Is it going to be freezing at tea time in Michigantown , KS",2,5,1,0.00066949386,3,OOD_Class_2
book a table for 2 guests at a restaurant in Lazy Mountain NY,1,1,0,0.00016339603,3,OOD_Class_2
Please let me know the weather forcast of Stanislaus National Forest far in nine months,2,5,1,0.0003050937,3,OOD_Class_2
Is the sun coming out today in Lacassine National Wildlife Refuge,2,5,1,0.00018801122,3,OOD_Class_2
Play a seventies Tom Thacker ballad,3,2,0,0.00012427782,3,OOD_Class_2
Is The Little Irish Girl playing,6,5,0,0.00014834307,3,OOD_Class_2
"What is the weather forecast for East Cleveland , Republic of the Congo",2,5,1,0.0014338015,3,OOD_Class_2
Rate the current novel two stars,4,3,0,0.00012553691,3,OOD_Class_2
Book a churrascaria restaurant that serves spring rolls for one person.,1,1,0,0.0001537215,3,OOD_Class_2
For the current essay I give a total of 1 stars,4,3,0,0.00013214067,3,OOD_Class_2
Book a reservation for a popular restaurant in Federated States Of Micronesia,1,1,0,0.00016940638,3,OOD_Class_2
find the photograph Among the Living,5,4,0,9.622756e-05,3,OOD_Class_2
Tell me the forecast in the same area here on Robert E Lee's Birthday,2,5,1,0.0030570542,3,OOD_Class_2
Is it supposed to hail in Rosenberg in the French Polynesia,2,1,1,0.00038456667,3,OOD_Class_2
Give ma list of films at Harkins Theatres,6,5,0,0.00014885743,3,OOD_Class_2
What is the weather not far from Upper Klamath National Wildlife Refuge ?,2,5,1,0.00037825783,3,OOD_Class_2
is it going to be cold in Readstown at 4 AM,2,5,1,0.00020529274,3,OOD_Class_2
I'd like the weather forecast in Gang Mills four years from now .,2,5,1,0.0005824151,3,OOD_Class_2
Is it supposed to get chilly in Dewey,2,5,1,0.00081528415,3,OOD_Class_2
She me the movie times,6,5,0,0.00015311554,3,OOD_Class_2
where can i see animated movies in the neighborhood,6,5,0,0.00018670845,3,OOD_Class_2
Is Storm Warning playing,6,5,0,0.00015209493,3,OOD_Class_2
"find Back for Good , a novel I want to read",5,4,0,9.89893e-05,3,OOD_Class_2
What is the forecast for this afternoon for blizzard conditions in Dieterich Chad,2,5,1,0.0004425484,3,OOD_Class_2
"Show me weather forecast in Clontarf , KY from 4 hours from now .",2,4,1,0.0073709963,3,OOD_Class_2
"What are the weather conditions going to be like in Manhasset , Vermont on Dec. the 6th, 2036 ?",2,5,1,0.00036757565,3,OOD_Class_2
Will there be a cloud in the sky in 175 days from now in Golconda in VT,2,1,1,0.001178783,3,OOD_Class_2
What's the weather in Guatemala,2,5,1,0.00032526784,3,OOD_Class_2
I gave The Hand of Zei series three of 6 stars,4,3,0,0.00012377187,3,OOD_Class_2
Will there be a storm on Christmas Day in my current place ?,2,5,1,0.00040963874,3,OOD_Class_2
how warm will it be in 10 minutes,2,5,1,0.00021679424,3,OOD_Class_2
Will it be warm 1 week from now in DC,2,5,1,0.00037534523,3,OOD_Class_2
I need to know the weather for San Martin,2,5,1,0.00051021733,3,OOD_Class_2
find a television show called Tiny Dancer,5,4,0,9.164447e-05,3,OOD_Class_2
Rate The Best American Short Stories 2007 one out of 6 points,4,3,0,0.00012933226,3,OOD_Class_2
Show the movie schedules at KB Theatres,6,5,0,0.00015661698,3,OOD_Class_2
What is the weather going to be like in Virginia on st. patrick's day ?,2,5,1,0.0005661103,3,OOD_Class_2
Add Metal Gear Solid 2 Sons of Liberty Soundtrack 2 The Other Side to edna st vincent millay,0,0,0,0.00019494677,3,OOD_Class_2
I'd like to eat english cuisine at a restaurant in Ettrick,1,1,0,0.00014051133,3,OOD_Class_2
Give the Catedral series four stars .,4,3,0,0.00012857521,3,OOD_Class_2
I want to hear music from the Lotus Flower album by Andy Mccoy,3,2,0,0.0001222309,3,OOD_Class_2
"What's the forecase for Inverness on February 5th, 2031 ?",2,5,1,0.0013805005,3,OOD_Class_2
"Tell me when it will be warmer in Woods Hole , Oklahoma",2,5,1,0.0006879347,3,OOD_Class_2
"Book PM Park, Clear Lake, Iowa at 5 am for 6 people.",1,1,0,0.00016580021,3,OOD_Class_2
what is the forecast for colder temps beginning on Law Day here,2,5,1,0.0002877458,3,OOD_Class_2
What will the weather be ten minutes from now in Canada ?,2,5,1,0.00018501103,3,OOD_Class_2
Add a track to the emo forever playlist.,0,0,0,0.0001771634,3,OOD_Class_2
Check the forecast for Orson for around 9 PM,2,5,1,0.00035582582,3,OOD_Class_2
find a soundtrack called Billboard Hot R&B Hits 1981,5,4,0,0.00015956769,3,OOD_Class_2
show creative work or Miami Vice Theme,5,4,0,0.00011731959,3,OOD_Class_2
Find me the documentary A Winter of Cyclists,5,4,0,9.548293e-05,3,OOD_Class_2
Play the playlist Feel Good Dinner .,3,2,0,8.24227e-05,3,OOD_Class_2
Give me weather information for Porcupine Mountains,2,4,1,0.30095318,3,OOD_Class_2
"Is it going to be sunny on Oct. twenty-seventh, 2031 within the same area of this current place",2,5,1,0.0010546093,3,OOD_Class_2
Play me the greatest Howard Levy song,3,2,0,7.456968e-05,3,OOD_Class_2
Is it going to be warmer in 2 years and a half in Deweese ?,2,1,1,0.0009685991,3,OOD_Class_2
Will it be snowy in Parnell ?,2,1,1,0.0013944001,3,OOD_Class_2
Need weather for Parc national Tolhuaca to see if it will be fog today,2,5,1,0.0002685443,3,OOD_Class_2
Play a 1991 song by Anila Mirza,3,2,0,0.0001346403,3,OOD_Class_2
Add the name Shall We Dance to playlist Rock,0,0,0,0.00016773818,3,OOD_Class_2
"Please find me the work, Instrumental Directions .",5,4,0,0.00013345206,3,OOD_Class_2
What is the forecast in Wild River State Park,2,5,1,0.00015368471,3,OOD_Class_2
Play Contigo En La Distancia,3,2,0,0.00012952363,3,OOD_Class_2
Where is Bernardsville ?,2,5,1,0.00053397653,3,OOD_Class_2
what is the forecast for in 1 second at Monte Sereno for freezing temps,2,5,1,0.00017770044,3,OOD_Class_2
Add ana carolina to chill,0,0,0,0.00015235267,3,OOD_Class_2
What's the weather looking like right now in Croatia ?,2,5,1,0.00017721398,3,OOD_Class_2
book for one in Indiana at a restaurant,1,1,0,0.00014554209,3,OOD_Class_2
"Will it be cold in Allardt , Aruba ?",2,1,1,0.00020736139,3,OOD_Class_2
Estelle should be on my spring playlist,0,0,0,0.00016002305,3,OOD_Class_2
Rate the current novel a 4 out of 6 stars .,4,3,0,0.0001263369,3,OOD_Class_2
Play Acid Punk music.,3,2,0,0.0001212803,3,OOD_Class_2
"Book a reservation for 5 people next week at The Pump Room, Chicago",1,1,0,0.00017692965,3,OOD_Class_2
play Vivian Stanshall from 1962,3,2,0,0.000121279125,3,OOD_Class_2
I rate three points for the book The Early Coorgs,4,3,0,0.00011593178,3,OOD_Class_2
what is the Bolsa Chica State Beach forecast for foggy conditions,2,5,1,0.00050363754,3,OOD_Class_2
Where can I find Thor Meets Captain America ?,5,4,0,0.00014590546,3,OOD_Class_2
Show me the album Andrews University Seminary Studies,5,4,0,8.942681e-05,3,OOD_Class_2
Add As I Was Going to St Ives to the fantasía playlist.,0,0,0,0.00016353167,3,OOD_Class_2
She me movie schedules for the movies close by at sunset,6,5,0,0.00015539878,3,OOD_Class_2
Book a restaurant with a spa in Connecticut,1,1,0,0.00015327381,3,OOD_Class_2
Add a rachael price album to TODO EDM,0,0,0,0.00016871902,3,OOD_Class_2
Show me the TV show My Only Wish,5,4,0,9.3904455e-05,3,OOD_Class_2
I want to book the best steakhouse with south american cuisines in Alaska,1,1,0,0.00014223659,3,OOD_Class_2
Book a table for doris and I in New Tulsa,1,1,0,0.00016023622,3,OOD_Class_2
What will the weather be like at my current spot on january the 19th,2,5,1,0.00043627885,3,OOD_Class_2
"which day this week will it get chilly in Palmetto , IN",2,5,1,0.00038974293,3,OOD_Class_2
show weather forcast for T.H. Stone Memorial St. Joseph Peninsula State Park on one hour from now,2,4,1,0.00026059867,3,OOD_Class_2
Is it chilly in Ecola State Park at 2 pm,2,5,1,0.00024244546,3,OOD_Class_2
What's the weather in Low Moor,2,5,1,0.00023508522,3,OOD_Class_2
List films at Pacific Theatres,6,5,0,0.0001595453,3,OOD_Class_2
I want to add Digital Line to my playlist called Infantil,0,0,0,0.00016946573,3,OOD_Class_2
find The Valentyne Suite,5,4,0,0.00020397641,3,OOD_Class_2
add lunacy to my chill out playlist,0,0,0,0.00016178424,3,OOD_Class_2
Find me The Twinkler playing at National Amusements in 2 minutes,6,5,0,0.00018451975,3,OOD_Class_2
rate this book a zero,4,3,0,0.00012757524,3,OOD_Class_2
"What will the weather be not far from here on October the nineteenth, 2026 ?",2,5,1,0.0003519728,3,OOD_Class_2
Play a new symphony by Perfecto De Castro on Lastfm,3,2,0,0.00011606212,3,OOD_Class_2
rate First Man The Life of Neil A. Armstrong three of 6,4,3,0,0.00013060059,3,OOD_Class_2
book in Falkland Islands at Atomic Cafe,1,1,0,0.0001296319,3,OOD_Class_2
I give The Alchemyst The Secrets of the Immortal Nicholas Flamel 2 out of 6 stars .,4,3,0,0.00011684189,3,OOD_Class_2
What's the forecast for my current spot,2,4,1,0.000460594,3,OOD_Class_2
please put this tune on the irish folk – jigs & reels playlist,0,0,0,0.0001644906,3,OOD_Class_2
Add this marilyn manson tune to Latin Party Anthems,0,0,0,0.0001610755,3,OOD_Class_2
Will it feel nicer in Finland or New Mexico today,2,5,1,0.0035821644,3,OOD_Class_2
Play track Real Talk,3,2,0,0.00011908592,3,OOD_Class_2
search for the painting Smart Money,5,4,0,0.00010084871,3,OOD_Class_2
add Daedelus to my Lazy Chill Afternoon,0,0,0,0.00014991652,3,OOD_Class_2
Play music on Itunes .,3,2,0,0.0001329433,3,OOD_Class_2
"Please search for the TV show , The Best of White Lion .",5,4,0,0.00010124182,3,OOD_Class_2
when can i see Dinosaur from the Deep,6,5,0,0.00024594343,3,OOD_Class_2
Check the forecast for Keene .,2,4,1,0.0061269184,3,OOD_Class_2
Play The Lamentation Of Cloris,3,2,0,0.000704208,3,OOD_Class_2
Add rosemary clooney to Pura Vida playlist,0,0,0,0.0001717958,3,OOD_Class_2
add young maylay to Club Hits,0,0,0,0.00016561981,3,OOD_Class_2
I would like to book a brasserie for nine in AR,1,1,0,0.00013766327,3,OOD_Class_2
What will the weather be in the current position on Dec. 23 ?,2,5,1,0.00043830957,3,OOD_Class_2
will there be rainfall the day after tomorrow far from Rodna National Park,2,5,1,0.00031183433,3,OOD_Class_2
Show the Immortal Grand Prix,5,4,0,9.707819e-05,3,OOD_Class_2
Book a restaurant in Botswana for seven people.,1,1,0,0.0001546256,3,OOD_Class_2
Weather for Notasulga at elevenses,2,5,1,0.0005317012,3,OOD_Class_2
Please look up and find me Monty Python Live at the Hollywood Bowl .,5,4,0,0.00014487116,3,OOD_Class_2
will it be chilly in Cistern,2,5,1,0.0003634055,3,OOD_Class_2
Where is the nearest movie theatre that is playing Honeysuckle Rose,6,5,0,0.00018472206,3,OOD_Class_2
I would like to book a restaurant in Tanzania that is within walking distance for my mom and I,1,1,0,0.00017342421,3,OOD_Class_2
what is the ME forecast for Joanna,2,4,1,0.00019577099,3,OOD_Class_2
Open up music on Last Fm .,3,2,0,0.00010496223,3,OOD_Class_2
Book me a reservation for 10 in Oman,1,1,0,0.00014140694,3,OOD_Class_2
In NH will it be chillier in West York at noon,2,1,1,0.0007707351,3,OOD_Class_2
Please show me the films playing at Loews Cineplex Entertainment .,6,5,0,0.00018561915,3,OOD_Class_2
Will it be freezing within walking distance of Alaska ?,2,5,1,0.00028580046,3,OOD_Class_2
Add the artist to my Metal playlist.,0,0,0,0.00016806515,3,OOD_Class_2
I need a 6 rating or five with something like a saga in The Best Science Fiction of the Year 13,4,3,0,0.00013130381,3,OOD_Class_2
Where can I find the movie schedules,6,5,0,0.00014753675,3,OOD_Class_2
Find Beavis and Butt-head,5,5,0,0.0010771928,3,OOD_Class_2
What movie house is playing Something for the Birds,6,5,0,0.00013928472,3,OOD_Class_2
how's the weather in Mowrystown,2,5,1,0.00045504206,3,OOD_Class_2
Tell me the weather forecast for Azerbaijan,2,5,1,0.029122766,3,OOD_Class_2
"Can you please look up the TV series , An Experiment with Time ?",5,4,0,0.00010630733,3,OOD_Class_2
add tune to Electro Workout,0,0,0,0.00015460301,3,OOD_Class_2
is it supposed to get colder here on 12/28/2019,2,5,1,0.00029891345,3,OOD_Class_2
Show me the forecast for Wisconsin,2,4,1,0.00026393664,3,OOD_Class_2
I give the previous saga 4 out of 6,4,3,0,0.00013117674,3,OOD_Class_2
Look up The Gun soundtrack,5,4,0,8.943534e-05,3,OOD_Class_2
"Play a tune or two from Kansas City, Missouri",3,2,0,0.0001170928,3,OOD_Class_2
"Play music from jeremy taylor on the album Dormi Amore, La Situazione Non È Buona on Groove Shark",3,2,0,0.00012549025,3,OOD_Class_2
Is it going to be cold today in Wing ?,2,5,1,0.00039123575,3,OOD_Class_2
Is it going to be sunny at 21 o'clock close-by District Of Columbia ?,2,5,1,0.00036794035,3,OOD_Class_2
Play Oliver on pandora .,3,2,0,0.00011460372,3,OOD_Class_2
Shoe me the forecast for Bonaire this Fall,2,4,1,0.00051082455,3,OOD_Class_2
Find a soundtrack called New Religion .,5,4,0,0.00013178527,3,OOD_Class_2
find the album The Peace-Maker,5,4,0,0.00010374738,3,OOD_Class_2
What are the movie times at General Cinema Corporation,6,5,0,0.00016918023,3,OOD_Class_2
I want lance king in my list called One Love,0,0,0,0.000162546,3,OOD_Class_2
"Will it be colder this autumn in Wren , Saint Martin",2,1,1,0.001540719,3,OOD_Class_2
I'd rate Shohola Falls a two out of 6 .,4,3,0,0.00011781605,3,OOD_Class_2
Please get me Infernal Devices game .,5,4,0,9.455251e-05,3,OOD_Class_2
is it going to be chillier at 10 pm in Texas,2,5,1,0.00020135492,3,OOD_Class_2
i give The Aquariums of Pyongyang 3 out of 6 stars,4,3,0,0.00011926293,3,OOD_Class_2
What is the weather for Yemen,2,5,1,0.0006927514,3,OOD_Class_2
What will the eather be here next year,2,5,1,0.00014261834,3,OOD_Class_2
Play eighties,3,2,0,0.00010496028,3,OOD_Class_2
Will it be chillier in La Mesa ?,2,1,1,0.00036349313,3,OOD_Class_2
What's the weather like in Ojo AMarillo,2,5,1,0.00046210896,3,OOD_Class_2
rate Awaiting Strange Gods Weird and Lovecraftian Fictions a 1,4,3,0,0.00015335529,3,OOD_Class_2
What's the weather this Summer in Djibouti,2,5,1,0.00045035666,3,OOD_Class_2
"Book a table at Top Pot Doughnuts in Greensburg , AMerican Samoa",1,1,0,0.00016907732,3,OOD_Class_2
How will be the weather condition near MI 129 days and a half from now ?,2,5,1,0.0003106107,3,OOD_Class_2
What movies are scheduled in the neighbourhood ?,6,5,0,0.00014799445,3,OOD_Class_2
When can I watch Prince Daewon at movie house ?,6,5,0,0.00016929081,3,OOD_Class_2
Tell me if it'll be freezing this year in ID,2,5,1,0.00026391953,3,OOD_Class_2
I need a table for 4 at a place not far from Palau .,1,1,0,0.0001481967,3,OOD_Class_2
Will it rain in Deersville,2,5,1,0.00025236575,3,OOD_Class_2
add album to Ultra Metal,0,0,0,0.00015943016,3,OOD_Class_2
Book a restaurant .,1,1,0,0.00013779523,3,OOD_Class_2
play some 1991 Dave Barker,3,2,0,0.00012488877,3,OOD_Class_2
book a table in Sterling Run for two with a pool and food court,1,1,0,0.00014661328,3,OOD_Class_2
what is the forecast for cloudy weather here,2,4,1,0.0024564639,3,OOD_Class_2
Play music by Janet Paschal,3,2,0,0.00013011773,3,OOD_Class_2
What's the weather like nearby in Rhode Island ?,2,5,1,0.00027072342,3,OOD_Class_2
Please play something from Dihan Slabbert that's on the top fifty,3,2,0,0.00014178565,3,OOD_Class_2
what is the Sri Lanka forecast for snow,2,5,1,0.00060271204,3,OOD_Class_2
What will the weather be this month in Wesley Hills ?,2,5,1,0.00020864308,3,OOD_Class_2
Is it freezing this evening in Maunabo United States,2,5,1,0.000715604,3,OOD_Class_2
Play Remains of the Day,5,4,0,0.00047604213,3,OOD_Class_2
"What will the weather be at my current location on december the 2nd, 2029",2,5,1,0.000292311,3,OOD_Class_2
book a popular restaurant of thai cuisine,1,1,0,0.00014668153,3,OOD_Class_2
add ojuelegba to trabajo ritmos dance,0,0,0,0.0001683921,3,OOD_Class_2
rate Winnie-the-Pooh four out of 6,4,3,0,0.00012529163,3,OOD_Class_2
will it be cold in Carnot OR,2,5,1,0.0007430644,3,OOD_Class_2
Will there be any cloud in Delaware on 1/11/2040 ?,2,5,1,0.0012865047,3,OOD_Class_2
Please get me The Sacred and Profane Love Machine game .,5,4,0,0.00010435457,3,OOD_Class_2
Will it be warmer in Flag ?,2,5,1,0.00047966238,3,OOD_Class_2
What is the weather forecast for Burundi,2,5,1,0.0010988798,3,OOD_Class_2
What's the weather in HI,2,5,1,0.000297178,3,OOD_Class_2
"Book me a reservation at a burger joint close-by Choate on july 16th, 2022",1,1,0,0.0001775354,3,OOD_Class_2
What are the movie schedules for movies showing in the neighbourhood ?,6,5,0,0.00016688205,3,OOD_Class_2
Will it be warmer in Saint Louis Park,2,5,1,0.00028783194,3,OOD_Class_2
Go to the photograph The Inflated Tear,5,4,0,0.000101041114,3,OOD_Class_2
add naomi schemer to my Hanging Out and Relaxing,0,0,0,0.00015981875,3,OOD_Class_2
Add this tune to the Leche con Chocolate playlist,0,0,0,0.00016749062,3,OOD_Class_2
Is it going to get chillier near Hocking State Forest,2,5,1,0.00029263512,3,OOD_Class_2
What is the forecast for Harrison–Crawford State Forest,2,5,1,0.00080975797,3,OOD_Class_2
"find Journal of the European Economic Association , a movie I want to see",5,4,0,8.882376e-05,3,OOD_Class_2
Please get me Rough and Ready saga .,5,4,0,0.00013062182,3,OOD_Class_2
I want to give Among the Enemy 4 out of 6 points,4,3,0,0.00014647884,3,OOD_Class_2
Rate this album 4 points,4,3,0,0.00012179351,3,OOD_Class_2
Book the Slippery Noodle Inn in Gober .,1,1,0,0.00015759768,3,OOD_Class_2
Will it get cloudy in Cliffwood Beach ?,2,5,1,0.00019900128,3,OOD_Class_2
find animated movies close by with a movie schedule,6,5,0,0.00015254339,3,OOD_Class_2
Find the schedule for The Solitude of Prime Numbers at the nearest cinema in 1 hour .,6,5,0,0.00017017286,3,OOD_Class_2
What is the local movie times,6,5,0,0.000178682,3,OOD_Class_2
Tell me the weather forecast close by Brown County State Park for meal time,2,5,1,0.00021487034,3,OOD_Class_2
Rate current series one,4,3,0,0.000115874114,3,OOD_Class_2
"What is the weather prediction for Acworth , North Korea in six years",2,5,1,0.000521298,3,OOD_Class_2
I need a weather update now for Manhattan Project National Historical Park,2,4,1,0.0007564208,3,OOD_Class_2
How hot will it be in Wisconsin on august fourth ?,2,5,1,0.0004100238,3,OOD_Class_2
Is it cold in North Carolina,2,5,1,0.0008099359,3,OOD_Class_2
Rate the following series a one out of 6,4,3,0,0.00012895369,3,OOD_Class_2
What's the weather forecast in Melcher-Dallas ?,2,5,1,0.0002510701,3,OOD_Class_2
rate the book Who Will Cry When You Die one out of 6 stars,4,3,0,0.00012596736,3,OOD_Class_2
what will the weather be in Port Costa FM will it be foggy,2,5,1,0.00020829725,3,OOD_Class_2
is it supposed to be sunny here ?,2,5,1,0.0007643835,3,OOD_Class_2
I want hear some Junior Murvin off of Youtube,3,2,0,0.00013864097,3,OOD_Class_2
Can you play top Zvooq by Fink ?,3,2,0,0.0001515265,3,OOD_Class_2
What will the weather be in the current place 1 minute from now ?,2,5,1,0.00020076176,3,OOD_Class_2
I want a song by john schlitt in the bajo las estrellas playlist.,0,0,0,0.0001976872,3,OOD_Class_2
Find the schedule for movies at the nearest cinema .,6,5,0,0.00015846758,3,OOD_Class_2
rate Galactic Pot-Healer two points,4,3,0,0.000116784126,3,OOD_Class_2
add song to Rocksteady playlist,0,0,0,0.0001646534,3,OOD_Class_2
Is it supposed to be chilly in DE tonight ?,2,5,1,0.0004262858,3,OOD_Class_2
play Richard Thompson from the thirties song book,3,2,0,0.0001253763,3,OOD_Class_2
What will the weather be in Allenwood ?,2,5,1,0.00017687537,3,OOD_Class_2
where can i see A Slice of Life,6,4,0,0.00012523573,3,OOD_Class_2
The current album gets three out of 6 points,4,3,0,0.00012203094,3,OOD_Class_2
Look for a photograph of Tailwind,5,4,0,0.00015255969,3,OOD_Class_2
What's the forecast for Lake Ilo National Wildlife Refuge,2,5,1,0.0005701657,3,OOD_Class_2
Add Manuelita la tortuga to my Nuestros 80 playlist,0,0,0,0.00016773398,3,OOD_Class_2
Play movement by Duane Allman .,3,2,0,0.00012415805,3,OOD_Class_2
what is the current place forecast,2,4,1,0.00023581866,3,OOD_Class_2
Will it snowstorm next week in West Winfield Finland ?,2,5,1,0.00018282591,3,OOD_Class_2
Will there be fog not far from Mexico on Apr. 27,2,5,1,0.0005159592,3,OOD_Class_2
Do you know if it will be chilly today in Puerto Rico,2,5,1,0.0005301503,3,OOD_Class_2
Give Home Is the Hunter zero stars,4,3,0,0.00011335675,3,OOD_Class_2
Find me a movie with the name Oshin,5,4,0,9.404443e-05,3,OOD_Class_2
use Lastfm to play Attack Of The Planet Smashers,3,2,0,9.6982534e-05,3,OOD_Class_2
Need a table for a party of 3 in Laos at a Theme restaurant,1,1,0,0.00015523267,3,OOD_Class_2
Play me Hier Encore by greydon square,3,2,0,8.794976e-05,3,OOD_Class_2
play Matt Uelmen songs from 1965 on Slacker,3,2,0,0.000115944786,3,OOD_Class_2
weather in Bashkirsky Nature Reserve 20 days from now,2,5,1,0.000714225,3,OOD_Class_2
What will it be like in the current place at midnight,2,5,1,0.0003053804,3,OOD_Class_2
Is it freezing close to DC ?,2,5,1,0.0003587237,3,OOD_Class_2
Where can I purchase the book Scales of Justice,5,4,0,9.3535986e-05,3,OOD_Class_2
play The Nubians of Plutonia trailer,5,4,0,0.00015106921,3,OOD_Class_2
book a spot for 3 in MT,1,1,0,0.00014957543,3,OOD_Class_2
Find the nearest movie house that's showing movies,6,5,0,0.00014785025,3,OOD_Class_2
"hot weather forecast for Pilar , Réunion",2,4,1,0.0010004347,3,OOD_Class_2
I give The Cat and the King 2 stars .,4,3,0,0.00013733676,3,OOD_Class_2
What's the weather like at Sunset Hills,2,5,1,0.0001846904,3,OOD_Class_2
what is the Afternoon forecast for Shannon and Pitcairn Islands,2,4,1,0.0010630843,3,OOD_Class_2
play The New Timer by Augustus Pablo with Itunes,3,2,0,0.00012127774,3,OOD_Class_2
"Will it be hot in AMenia , WI ?",2,1,1,0.00050336024,3,OOD_Class_2
Will it get windy close by here ?,2,5,1,0.00071789225,3,OOD_Class_2
What's the weather in Paulette Yemen,2,5,1,0.00031947484,3,OOD_Class_2
Weather next year in Canada,2,4,1,0.00074019283,3,OOD_Class_2
Want to know the blizzard weather condition in Lake Catherine,2,5,1,0.0003352482,3,OOD_Class_2
was the weather colder last August at Stunt Ranch Santa Monica Mountains Reserve,2,5,1,0.00028182712,3,OOD_Class_2
Play Lil Hardin Armstrong from Itunes .,3,2,0,0.00015137704,3,OOD_Class_2
Will it be stormy in Olmitz Connecticut,2,5,1,0.0013534582,3,OOD_Class_2
Can you tell me the weather forecast for Denmark,2,5,1,0.0056232093,3,OOD_Class_2
Rate this saga two out of 6 .,4,3,0,0.00012701684,3,OOD_Class_2
Search for the television show Me and my guitar,5,4,0,0.00010114192,3,OOD_Class_2
play the Caps Lock trailer,5,4,0,0.000104142666,3,OOD_Class_2
Play the artist Joe,3,2,0,9.96135e-05,3,OOD_Class_2
I'm looking for the show called The Origin of the Milky Way,5,4,0,0.00010630803,3,OOD_Class_2
What's the weather forecast for Haigler ?,2,5,1,0.0006179785,3,OOD_Class_2
Play Furusato on Google Music .,3,2,0,0.0001393223,3,OOD_Class_2
Will the weather be temperate 188 days from now in Zimbabwe,2,5,1,0.00037936264,3,OOD_Class_2
Is it going to rain in Kansas by march 4,2,5,1,0.00017040098,3,OOD_Class_2
find Warren Theatres films,6,5,0,0.00016174035,3,OOD_Class_2
Will there be snowfall at six pm in Leisure Knoll California,2,5,1,0.00022148693,3,OOD_Class_2
Weather at breakfast in Montana,2,4,1,0.0009808359,3,OOD_Class_2
What will the weather be in Worthington Springs ?,2,5,1,0.00019589745,3,OOD_Class_2
Play music by Damien Rice,3,2,0,0.00014234855,3,OOD_Class_2
Open Lastfm and play Hot Lips Page from the sixties,3,2,0,0.00010892511,3,OOD_Class_2
Is it forecast to be warm in Bosnia and Herzegovina ?,2,5,1,0.0003461252,3,OOD_Class_2
What movies are playing at Marcus Corporation ?,6,5,0,0.00013807653,3,OOD_Class_2
Will it be chilly 17 hours from now in Cold Creek Conservation Area,2,5,1,0.00034570083,3,OOD_Class_2
Tell me if it will rain on 4/19/2030 in Angola,2,5,1,0.0010478375,3,OOD_Class_2
find the show titled Hell on Earth 2006,5,4,0,9.372466e-05,3,OOD_Class_2
rate The Brothers Karamazov a four,4,3,0,0.00011480408,3,OOD_Class_2
What time is Sontha Ooru playing,6,5,0,0.00016771031,3,OOD_Class_2
add time flies 1994-2009 to the Jazzy Romance playlist,0,0,0,0.00016905216,3,OOD_Class_2
Will there be a blizzard in AR,2,5,1,0.00028582997,3,OOD_Class_2
book a table at 043628 at the northeast indian restaurant,1,1,0,0.00015342364,3,OOD_Class_2
play southern rock tunes,3,2,0,9.8986486e-05,3,OOD_Class_2
"Is it supposed to be colder at lunch time in Schuyler , Venezuela ?",2,5,1,0.0010450752,3,OOD_Class_2
play music by Ryan Malcolm from Sympathy For The Devil on Pandora,3,2,0,0.00014472523,3,OOD_Class_2
Play the greatest record by Joe Purdy on Google Music,3,2,0,0.00014359914,3,OOD_Class_2
What is the weather looking like right now in WY ?,2,5,1,0.00023238888,3,OOD_Class_2
"How cloudy is it in Morrisonville , Kentucky",2,5,1,0.0009883197,3,OOD_Class_2
Give zero stars to Book of Artifacts,4,3,0,0.000121792975,3,OOD_Class_2
What is the song The Beast from 20 ?,5,2,0,0.0001918757,3,OOD_Class_2
What's the weather like in Big Delta,2,5,1,0.00031773862,3,OOD_Class_2
I give The Lacuna a rating of 5 stars under the chronicle rated at 6,4,3,0,0.00012238917,3,OOD_Class_2
"give me the forecast for here on February the sixteenth, 2022",2,5,1,0.0055463314,3,OOD_Class_2
What will the weather be like four seconds from now in South Dakota,2,5,1,0.0001758343,3,OOD_Class_2
I want to listen to Merrily We Roll Along by Marko Desantis .,3,2,0,0.00015107637,3,OOD_Class_2
find the video game The Tomb,5,4,0,9.8320816e-05,3,OOD_Class_2
What's the weather in Mettawa Oklahoma,2,5,1,0.0004274631,3,OOD_Class_2
Are there any animated movies playing at the closest cinema ?,6,5,0,0.00018062216,3,OOD_Class_2
Play some theme based music from the thirties .,3,2,0,0.00012960527,3,OOD_Class_2
Rate this album a five,4,3,0,0.00011285969,3,OOD_Class_2
Tell me the weather forecast for 10/21/2024 in Metamora,2,5,1,0.0006008034,3,OOD_Class_2
Play me some Max Martin on Lastfm,3,2,0,0.00011448882,3,OOD_Class_2
"What's the weather in GU on Jul. the 4th, 2024",2,5,1,0.00035328045,3,OOD_Class_2
What's the weather forecast for the area neighboring KS this autumn ?,2,5,1,0.00066548615,3,OOD_Class_2
show creativity of All for One,5,4,0,0.0001426237,3,OOD_Class_2
play Itunes songs by Gerard Way,3,2,0,0.00012440428,3,OOD_Class_2
What is the forecast for march the twelfth faraway from Pine Mountain State Resort Park,2,5,1,0.0004201102,3,OOD_Class_2
Is the forecast hot in 1 hour in Leasburg ?,2,5,1,0.00019653361,3,OOD_Class_2
rate Animals of the Bible one of 6 points,4,3,0,0.00012751366,3,OOD_Class_2
find Half a Truth,6,4,0,0.00013949217,3,OOD_Class_2
Play some music from the thirties .,3,2,0,0.00014303916,3,OOD_Class_2
what will the weather be in four weeks around Tsingy de Bemaraha Strict Nature Reserve ?,2,5,1,0.00022614367,3,OOD_Class_2
Forecast for Econfina,2,4,1,0.008679307,3,OOD_Class_2
I want to give Elephants Can Remember 4 out of 6 points,4,3,0,0.00012920593,3,OOD_Class_2
What's the weather in Germantown Hills,2,5,1,0.00021107799,3,OOD_Class_2
Rate Dictionary of the English Language a 4,4,3,0,0.00013324025,3,OOD_Class_2
What will the weather be in Totowa Guernsey ?,2,5,1,0.0002980058,3,OOD_Class_2
Will it be cold in Harveysburg WA,2,1,1,0.0010092715,3,OOD_Class_2
"Will it be chilly in Milligan College , AK on law day",2,5,1,0.0005906212,3,OOD_Class_2
When will the weather be temperate like it is now in Stansbury Park in Tuvalu,2,5,1,0.0002351437,3,OOD_Class_2
show me the TV series called Take Me to Your Heaven,5,4,0,8.319211e-05,3,OOD_Class_2
Add the unraveling to marina's playlist It's a Southern Thing,0,0,0,0.00016741148,3,OOD_Class_2
give The Judas Tree a zero,4,3,0,0.0001297103,3,OOD_Class_2
Add kent james to the disney soundtrack.,0,0,0,0.00018512309,3,OOD_Class_2
will it be cloudy in one minute in Jungo MH,2,5,1,0.0007858005,3,OOD_Class_2
"give me the weather forecast for Lower Lake on sep. 21, 2038",2,5,1,0.0019027159,3,OOD_Class_2
Add Grey Cloudy Lies to the hip hop playlist.,0,0,0,0.00017510119,3,OOD_Class_2
"What kind of weather will be in Windy Hills , Bermuda in ten weeks ?",2,5,1,0.00033509056,3,OOD_Class_2
the previous novel is worth two out of 6,4,3,0,0.00014135032,3,OOD_Class_2
"What will the weather be like here on dec. 8, 2019",2,5,1,0.00055035413,3,OOD_Class_2
show me the picture Unfinished Monkey Business,5,4,0,9.889593e-05,3,OOD_Class_2
add this gisela song to my dancehall official,0,0,0,0.00015935465,3,OOD_Class_2
What will the weather be in the Flight Park State Recreation Area ?,2,5,1,0.00018811754,3,OOD_Class_2
I feel that Sons and Lovers deserves a rating of 2 .,4,3,0,0.00011497343,3,OOD_Class_2
Add to my Rumba y más playlist the song by haley scarnato,0,0,0,0.0001730541,3,OOD_Class_2
Play Dave Joyal,3,2,0,9.154283e-05,3,OOD_Class_2
Add autry inman to my Hanging Out and Relaxing playlist.,0,0,0,0.00016210077,3,OOD_Class_2
Will it be overcast in Luxembourg in fourteen seconds,2,5,1,0.0003353294,3,OOD_Class_2
Play a symphony from the thirties .,3,2,0,0.00013074887,3,OOD_Class_2
Rate Phoenix The Fall & Rise of Videogames one points out of 6,4,3,0,0.000120905,3,OOD_Class_2
"How is the weather going to be this week in Roseau , IA .",2,5,1,0.00040089642,3,OOD_Class_2
Add track to Afternoon Train Ride,0,0,0,0.0001549782,3,OOD_Class_2
What's the weather forecast for Crystal Lake Park ?,2,5,1,0.00026024118,3,OOD_Class_2
Show me the soundtrack The Phoenix,5,4,0,8.676324e-05,3,OOD_Class_2
Please help me search the TV series A Mouse Divided .,5,4,0,0.00010065063,3,OOD_Class_2
"Will it be sunny on june 1, 2021 in Bathgate",2,5,1,0.000764902,3,OOD_Class_2
Please check the weather forecast here .,2,4,1,0.07836158,3,OOD_Class_2
I want to listen to some Saori Atsumi from the twenties on Deezer,3,2,0,0.00015270294,3,OOD_Class_2
What will it be like in six PM at the current place,2,5,1,0.00020256724,3,OOD_Class_2
What will the weather be like in three weeks in Gates Michigan,2,5,1,0.00036385527,3,OOD_Class_2
What will the temperature be at midnight in NE,2,5,1,0.00013156087,3,OOD_Class_2
what's the forecast for Sai Thong National Park at 0259 pm,2,5,1,0.00022083153,3,OOD_Class_2
"Check the forecast for Zena , Arkansas on Last Day Of Passover .",2,5,1,0.00195064,3,OOD_Class_2
find the photograph The Air Is on Fire Soundscape,5,4,0,0.000104356164,3,OOD_Class_2
"Will it be warmer at 15 o'clock in Deepwater , Bonaire",2,5,1,0.0010611427,3,OOD_Class_2
What is the weather forecast for Maryland,2,4,1,0.0012412622,3,OOD_Class_2
Can you give me weather details for my current spot,2,5,1,0.0061702332,3,OOD_Class_2
What will the weather be like in the Bahamas eleven years and a half from now,2,5,1,0.00047540283,3,OOD_Class_2
She me the game called Knowledge and Decisions,5,4,0,0.0001057859,3,OOD_Class_2
Is it warm in West Monroe,2,5,1,0.00082142226,3,OOD_Class_2
Is there a storm here,2,5,1,0.00039638797,3,OOD_Class_2
will there be a blizzard in Kettleman City today,2,5,1,0.00025722847,3,OOD_Class_2
What's the movie schedule,6,5,0,0.00012668247,3,OOD_Class_2
"Will there be a lot of cloud activity next summer in Nellieburg , Arkansas",2,5,1,0.00029468883,3,OOD_Class_2
Book a table for 6 in Verona .,1,1,0,0.00015576243,3,OOD_Class_2
Is it going to be nicer next week in Hamel Belize,2,1,1,0.00014752008,3,OOD_Class_2
Add this track to my lo que suena new york playlist,0,0,0,0.00016675759,3,OOD_Class_2
Will it be cloudy one hour from now in my current position,2,5,1,0.0008127621,3,OOD_Class_2
Please find me The Purple Vigilantes book .,5,4,0,0.00010054916,3,OOD_Class_2
I would like to rate the current chronicle 4 to 6 stars .,4,3,0,0.00011903093,3,OOD_Class_2
I would like to book a restaurant in Singapore for nine in 19 hours and 1 second,1,1,0,0.00014725851,3,OOD_Class_2
I would like a restaurant reservation for this year for 4 people.,1,1,0,0.00013161472,3,OOD_Class_2
will there be snowfall in Pacific Beach Suriname,2,5,1,0.00038343633,3,OOD_Class_2
What's the weather going to be in UT ?,2,5,1,0.00018064043,3,OOD_Class_2
Find All Jets Are Gonna Fall Today saga,5,4,0,9.279973e-05,3,OOD_Class_2
What's the weather forecast in the same area of ME on Apr. 20 ?,2,5,1,0.0015678143,3,OOD_Class_2
What movie theatre is playing The Missing Picture,6,5,0,0.00014654276,3,OOD_Class_2
give 1 out of 6 stars to current book,4,3,0,0.00013501047,3,OOD_Class_2
What's the weather in Lime Ridge DC,2,5,1,0.00026727974,3,OOD_Class_2
Weather in two hours in Uzbekistan,2,5,1,0.0013174213,3,OOD_Class_2
"Tell me when it'll be sunny in Ralls , Marshall Islands",2,5,1,0.0007349833,3,OOD_Class_2
What is the nearest movie theatre playing Stray Cat Rock Wild Jumbo in 7 seconds,6,5,0,0.00018132571,3,OOD_Class_2
Where is The Beach of Lost Children playing,6,5,0,0.00010833713,3,OOD_Class_2
"Please look up the song , Twist of shadows .",5,4,0,8.727577e-05,3,OOD_Class_2
What is the temperate in Uintah right now,2,5,1,0.0006926981,3,OOD_Class_2
"Will it be snowy in Crouch , French Polynesia ?",2,1,1,0.00018532299,3,OOD_Class_2
For the book The Sting of the Scorpion I give three of a possiable 6 rating,4,3,0,0.00012286897,3,OOD_Class_2
Get me the Secret South song .,5,4,0,8.376631e-05,3,OOD_Class_2
I want to book a restaurant with creamed eggs on toast on Kansas Day within walking distance of British Indian Ocean Territory,1,1,0,0.00016094303,3,OOD_Class_2
Please get me Exploring the Reef TV show,5,4,0,9.5295094e-05,3,OOD_Class_2
What's the weather in Dazey,2,5,1,0.00024937795,3,OOD_Class_2
Book me a table for two in Oakes .,1,1,0,0.0001454698,3,OOD_Class_2
what is the forecast for Swain,2,4,1,0.0010884136,3,OOD_Class_2
Look for a photograph of I Wanna Sex You Up,5,4,0,0.00013796192,3,OOD_Class_2
Book a table for 1 person at a popular brasserie in Jansen that serves english food,1,1,0,0.0001556113,3,OOD_Class_2
add this tune by Nokio the N Tity to my this is bb king playlist,0,0,0,0.0001734842,3,OOD_Class_2
I would give this current novel 4 points,4,3,0,0.0001371353,3,OOD_Class_2
Can I hear a tune from Vladimir Vysotski ?,3,2,0,0.00014685879,3,OOD_Class_2
Weather at Bystrzyca Valley Landscape Park,2,5,1,0.0004170757,3,OOD_Class_2
Is it cold in the current location more than it was in 3 years,2,5,1,0.00037367013,3,OOD_Class_2
What will the weather be like in 15 and a half weeks in China,2,5,1,0.0005178732,3,OOD_Class_2
Find Confusion Bay .,5,4,0,0.00021600127,3,OOD_Class_2
Will it be temperate in the same area in VI,2,5,1,0.0032770343,3,OOD_Class_2
What will the weather be at Noon in Durbin OH ?,2,5,1,0.00015296217,3,OOD_Class_2
Play Shinehead 's music from the twenties on Slacker .,3,2,0,0.00015450928,3,OOD_Class_2
rate this novel 0 of 6 stars,4,3,0,0.00013117654,3,OOD_Class_2
What is the weather like in Great Bay National Wildlife Refuge ?,2,5,1,0.00024665182,3,OOD_Class_2
Will it get hotter in Hext ?,2,5,1,0.0010087251,3,OOD_Class_2
What will be the weather like close by Kackley ?,2,5,1,0.00026950103,3,OOD_Class_2
What's the weather far away in Estonia ?,2,5,1,0.00032753378,3,OOD_Class_2
Give 2 out of 6 points to the following textbook .,4,3,0,0.00013409065,3,OOD_Class_2
Rate this novel at 2,4,3,0,0.00012857508,3,OOD_Class_2
What kind of weather will be in VA 12 years from now ?,2,5,1,0.00041084812,3,OOD_Class_2
find the book Metallica Through the Never,5,4,0,0.00010233712,3,OOD_Class_2
book a restaurant table at the food court in the spa sixteen hours from now,1,1,0,0.00016467644,3,OOD_Class_2
add dj clay to my canciones del recuerdo,0,0,0,0.0001576497,3,OOD_Class_2
Where can I get movie schedule,6,5,0,0.00014983774,3,OOD_Class_2
I want movie times for Fox Theatres,6,5,0,0.00015970376,3,OOD_Class_2
Will it be cold in Wheatley Provincial Park ?,2,5,1,0.00030845669,3,OOD_Class_2
I'd like to eat at a restaurant in MD with a party of 8,1,1,0,0.00014230875,3,OOD_Class_2
I'd like a table for Midday at The Unseen Bean,1,1,0,0.00012381977,3,OOD_Class_2
What is going on with the weather far from my current location,2,5,1,0.00034941416,3,OOD_Class_2
is it going to be humid in Helix,2,5,1,0.0011911892,3,OOD_Class_2
Can I hear tod ashley music from 1953 ?,3,2,0,0.00013945205,3,OOD_Class_2
Look for the American Journal of Sociology,5,4,0,0.00013370962,3,OOD_Class_2
what is the forecast for january twenty-eighth in Kentmore Park,2,5,1,0.00020443973,3,OOD_Class_2
Put some Stu Phillips in the women of acoustic playlist.,0,0,0,0.0001653742,3,OOD_Class_2
Play Greg Raposo songs from the thirties,3,2,0,0.00012343073,3,OOD_Class_2
Is The Angelus playing at the movie house at dinner time?,6,5,0,0.00016348413,3,OOD_Class_2
I need a table for 9,1,1,0,0.00012225928,3,OOD_Class_2
What is the weather forecast here ?,2,5,1,0.0011732833,3,OOD_Class_2
where is Puthri playing,6,5,0,0.000599184,3,OOD_Class_2
is The Singing Nun at Regal Entertainment Group,6,5,0,0.00016876892,3,OOD_Class_2
Check the weather forecast for Sappho,2,4,1,0.0004722522,3,OOD_Class_2
"What is the weather forecast for my current spot on Jan. third, 2036",2,5,1,0.0011199748,3,OOD_Class_2
add ian north to my Autumn Lounge playlist,0,0,0,0.00015958725,3,OOD_Class_2
Will the wind die down at my current location by supper time?,2,5,1,0.0001893546,3,OOD_Class_2
will it be colder in AZ than TX today,2,5,1,0.0007165812,3,OOD_Class_2
Will it get hotter in Zenith CT ?,2,5,1,0.0007624634,3,OOD_Class_2
what is the forecast for warm weather in Carl,2,4,1,0.0057971277,3,OOD_Class_2
What's the weather in Swift River Reservation,2,5,1,0.00025183323,3,OOD_Class_2
the points given are five for Dust and Shadow,4,3,0,0.00016133697,3,OOD_Class_2
"What will the weather be in Sarygamyş Sanctuary on august 21, 2035 ?",2,5,1,0.00026155962,3,OOD_Class_2
How will the weather be on May 9 in Wyoming ?,2,5,1,0.0002554962,3,OOD_Class_2
Find the movie schedule for films in the area .,6,5,0,0.00015284141,3,OOD_Class_2
Show me the A-Myin-thit TV series,5,4,0,9.61292e-05,3,OOD_Class_2
What will the weather be in North Carolina ?,2,5,1,0.00029849756,3,OOD_Class_2
"what is the forecast for the current place for sun on january sixth, 2028 within walking distance",2,5,1,0.0002821668,3,OOD_Class_2
add this artist to the This Is Dirty Projectors playlist,0,0,0,0.00017908015,3,OOD_Class_2
Tell me the weather forecast for Mokena,2,5,1,0.0052577592,3,OOD_Class_2
What film is playing at Landmark Theatres,6,5,0,0.00013713182,3,OOD_Class_2
Is it going to be hotter in D'Lo,2,1,1,0.00066214945,3,OOD_Class_2
I gave Chart Throb 4 of 6 stars,4,3,0,0.00012096395,3,OOD_Class_2
Is there snow in jan. in Castle Dale Mayotte,2,5,1,0.00085354876,3,OOD_Class_2
Will it be cold at 1 am in Boon ?,2,5,1,0.0004071276,3,OOD_Class_2
I need the weather in ND in three hundred fifty one days,2,5,1,0.0009748801,3,OOD_Class_2
"Is it warmer in Monson , U.S. Minor Outlying Islands",2,5,1,0.0012711114,3,OOD_Class_2
Want to find a photograph called The Nine Maidens,5,4,0,8.864999e-05,3,OOD_Class_2
Play While The Gate Is Open .,3,2,0,0.00036468438,3,OOD_Class_2
what is the weather forecast for close-by GU 3 years from now,2,5,1,0.00062581606,3,OOD_Class_2
"what is the weather forecast for WA on september 11, 2021",2,5,1,0.0026348867,3,OOD_Class_2
What weather is predicted for Loyalhanna ?,2,5,1,0.00068500004,3,OOD_Class_2
show me the photograph with the title The Denial,5,4,0,0.00011052616,3,OOD_Class_2
Rate A Conspiracy of Paper 4 of 6,4,3,0,0.00014079917,3,OOD_Class_2
Will it in hail in my current position on 12/10/2035 ?,2,1,1,0.0014175435,3,OOD_Class_2
Play a melody by avery storm .,3,2,0,0.0001229521,3,OOD_Class_2
party of two for a food truck on december 22 that serves chicken french in Bolivia,1,1,0,0.00015706063,3,OOD_Class_2
What will the weather be like tonight at Greenfoot Quarry,2,5,1,0.0001795318,3,OOD_Class_2
Hows the weather supposed to be on April eleventh close by Lyons Ferry Park,2,5,1,0.0002338851,3,OOD_Class_2
What is the weather forecast for Garrison,2,5,1,0.00083785976,3,OOD_Class_2
Will it be nice in Reager MP,2,1,1,0.0002045041,3,OOD_Class_2
Add artist to laundry,0,0,0,0.00015339942,3,OOD_Class_2
What is the weather like in Cameroon,2,5,1,0.00066347513,3,OOD_Class_2
Play some nineties music on Zvooq,3,2,0,0.00013569194,3,OOD_Class_2
what is the weather forecast for Shasha Forest Reserve in 43 weeks,2,5,1,0.00025804449,3,OOD_Class_2
Tell me the weather forecast for Douglas State Forest,2,5,1,0.0018076147,3,OOD_Class_2
Can I see the album SWAT Force ?,5,4,0,0.00010724768,3,OOD_Class_2
I want to get reservations at a place close by for 6 people to eat in SC .,1,1,0,0.00015606773,3,OOD_Class_2
Look for the trailer to Hickory Daily Record .,5,4,0,9.986973e-05,3,OOD_Class_2
Add album to my Country Hits,0,0,0,0.00015718937,3,OOD_Class_2
I want to hear some freestyle music.,3,2,0,0.000113374,3,OOD_Class_2
Tell me if there's a snowstorm in the forecast twenty seconds from now in Holtville,2,5,1,0.00020368278,3,OOD_Class_2
Rate The Sneetches and Other Stories a three,4,3,0,0.00011615827,3,OOD_Class_2
Rate the current novel four of 6 stars,4,3,0,0.0001245603,3,OOD_Class_2
Rate the current novel 1 of 6,4,3,0,0.00012889097,3,OOD_Class_2
forecast for Hardinsburg 20 seconds from now,2,4,1,0.0015022072,3,OOD_Class_2
Give The CIA and the Cult of Intelligence a rating of 5 .,4,3,0,0.00011220041,3,OOD_Class_2
Please put the album onto fresh folk .,0,0,0,0.00016194093,3,OOD_Class_2
Play eighties music,3,2,0,0.00012175645,3,OOD_Class_2
Play Brian Clifton off Groove Shark .,3,2,0,0.00012636185,3,OOD_Class_2
what is the weather in Gem,2,5,1,0.00039368653,3,OOD_Class_2
what is the AMerican Samoa forecast for hot weather,2,4,1,0.00096200925,3,OOD_Class_2
Use Pandora to play music from Maki Onaga from the album made in the nineties,3,2,0,0.0001342465,3,OOD_Class_2
I want to add un jour dans notre vie to my list running to rock 170 to 190 bpm,0,0,0,0.0001820587,3,OOD_Class_2
"Is there a blizzard coming to North Bonneville , OH around 10 o'clock ?",2,5,1,0.0002321243,3,OOD_Class_2
What is the weather in Pendleton Center,2,5,1,0.00027330784,3,OOD_Class_2
"Please find the TV show , The Dreamstone",5,4,0,9.51108e-05,3,OOD_Class_2
book a table in Cottondale not far for in two hundred sixty nine days,1,1,0,0.00014575607,3,OOD_Class_2
I want to add something by Jarvis Cocker to my rock español playlist,0,0,0,0.00017449757,3,OOD_Class_2
Play 2004 on pandora,3,2,0,0.00010414305,3,OOD_Class_2
what is the cold condition of our current position for tomorrow,2,5,1,0.0022184018,3,OOD_Class_2
rate the current chronicle five stars,4,3,0,0.00012203148,3,OOD_Class_2
show me the Everybody Wants You picture,5,4,0,0.00010153572,3,OOD_Class_2
play the top nineties melody by Gus G,3,2,0,0.00014444157,3,OOD_Class_2
Rate the current novel 3 points .,4,3,0,0.00012298883,3,OOD_Class_2
"What will the weather be in KY on Oct. 16, 2036 ?",2,5,1,0.0002532431,3,OOD_Class_2
Help me find the saga titled The Eternal Return,5,4,0,0.00010133765,3,OOD_Class_2
Find the movie schedule .,6,5,0,0.00013928521,3,OOD_Class_2
What's the weather forecast for Saint Pierre and Miquelon ?,2,5,1,0.00059567596,3,OOD_Class_2
"Tell me if it'll be freezing in 5 years in Rockholds , Norfolk Island",2,1,1,0.00082869624,3,OOD_Class_2
What is the forecast in Heber,2,5,1,0.00039123514,3,OOD_Class_2
Will it get warmer in Czechia,2,5,1,0.0007809755,3,OOD_Class_2
Show me movie schedule,6,5,0,0.00013965198,3,OOD_Class_2
"Will it get chillier in Arkinda , Myanmar ?",2,1,1,0.00016247111,3,OOD_Class_2
Is it hotter here on Navy Birthday,2,5,1,0.00027407616,3,OOD_Class_2
Add this tune to the Heavy Gamer playlist.,0,0,0,0.0001718828,3,OOD_Class_2
I need a pub with a smoking room in Ucolo reserved.,1,1,0,0.00012812672,3,OOD_Class_2
I rate The Variation of Animals and Plants under Domestication a value of 0,4,3,0,0.00012813233,3,OOD_Class_2
Will you please pull up movie schedules for me?,6,5,0,0.0002218962,3,OOD_Class_2
Looking for the painting Last Flight To Abuja,5,4,0,0.00010313733,3,OOD_Class_2
Find movie schedules for close by films .,6,5,0,0.0001488619,3,OOD_Class_2
find a movie theatre with Beware of Bachelors,6,5,0,0.00016237957,3,OOD_Class_2
Find a picture called Neighbourhood .,5,4,0,0.00011405339,3,OOD_Class_2
I want to listen to the soundtrack Adobe Digital Editions,5,4,0,0.00013633029,3,OOD_Class_2
What's the forecast for East Sonora Qatar,2,4,1,0.00036343894,3,OOD_Class_2
Play a record from the seventies,3,2,0,0.00013397844,3,OOD_Class_2
Will it be colder in San Pablo today ?,2,5,1,0.0004031311,3,OOD_Class_2
"What's the weather forecast for Elida , Rhode Island ?",2,5,1,0.0006093799,3,OOD_Class_2
What's the weather like in Schenectady MA ?,2,5,1,0.00040007583,3,OOD_Class_2
"I need to book a table at a bar in Micronesia for tia, madeline and estela",1,1,0,0.00016718949,3,OOD_Class_2
Play fourties soundtrack from Hamish Maccunn,3,2,0,0.000137425,3,OOD_Class_2
add back on the dancefloor to my bajo las estrellas playlist,0,0,0,0.00015634723,3,OOD_Class_2
Is the weather hotter in Old Furnace State Park,2,5,1,0.00019610369,3,OOD_Class_2
What will the weather be like in Arizona on october the 3rd,2,5,1,0.0005110986,3,OOD_Class_2
Rate this textbook a three,4,3,0,0.00012468017,3,OOD_Class_2
Is it colder today in College Park then in Serbia and Montenegro,2,5,1,0.0005180719,3,OOD_Class_2
Put Mike McCready in the kitchen swagger playlist.,0,0,0,0.00017940949,3,OOD_Class_2
Is it forecast to be hot in Greenland this winter ?,2,5,1,0.00042478528,3,OOD_Class_2
Play the soundtrack for The Lord of the Rings Conquest,5,4,0,0.00012187764,3,OOD_Class_2
Pull up the trailer for 2000 Years – The Millennium Concert,5,4,0,0.00011427613,3,OOD_Class_2
"Can I get a restaurant reserved in Luquillo , District Of Columbia ?",1,1,0,0.00015914554,3,OOD_Class_2
Want to play Christina Schollin Lastfm,3,2,0,9.226013e-05,3,OOD_Class_2
Will there be snowfall in KY ?,2,5,1,0.00031346836,3,OOD_Class_2
whats the nearest movie house showing animated movies,6,5,0,0.00016285985,3,OOD_Class_2
Find movie times for B&B Theatres .,6,5,0,0.00015661686,3,OOD_Class_2
"Tell me the weather forecast for Ethridge , Maryland",2,5,1,0.01414403,3,OOD_Class_2
Play a popular Gurdas Maan track,3,2,0,0.0001291029,3,OOD_Class_2
"Tell me the weather forecast for eight AM in Reminderville , FL",2,5,1,0.0009469263,3,OOD_Class_2
"On Jun. the sixteenth, 2032 I'd like to go to Dillard House in Putnam Hall",1,1,0,0.00014153274,3,OOD_Class_2
add Chrome Reflection to my throwback thursday playlist,0,0,0,0.00016194236,3,OOD_Class_2
show me the schedule of movie Warning from Space closest to movie house,6,5,0,0.00014798908,3,OOD_Class_2
What is the temperate in Seattle Heights and Slovenia at seven pm .,2,1,1,0.0005616339,3,OOD_Class_2
I want to book Coney I-Lander for 10 people.,1,1,0,0.00015568238,3,OOD_Class_2
Play the latest 1973 album by Peter Derose .,3,2,0,0.000122832,3,OOD_Class_2
What's the forecast for Pipe Spring National Monument ?,2,5,1,0.00061005243,3,OOD_Class_2
What's the weather supposed to be like in Elmer City,2,5,1,0.00024353765,3,OOD_Class_2
What's the weather going to be like in PR at nineteen o'clock,2,5,1,0.00016680108,3,OOD_Class_2
Find me a showing of The Vanquished that starts nine hours and 1 second from now .,6,5,0,0.00027097028,3,OOD_Class_2
"Will Mondamin be hot on July 20, 2021 ?",2,5,1,0.000387787,3,OOD_Class_2
Will the weather be cloudy seven weeks from now in Hinckley,2,5,1,0.00031836156,3,OOD_Class_2
rate this novel 2 out of 6 points,4,3,0,0.0001390238,3,OOD_Class_2
I need a restaurant now for a party of ten,1,1,0,0.00013506674,3,OOD_Class_2
Add ross the boss to laurie's listas de éxitos list,0,0,0,0.00016979505,3,OOD_Class_2
Will it snow in Granbury ?,2,5,1,0.00036063127,3,OOD_Class_2
"Will it be hot in the Cayman Islands on November 12th, 2035",2,5,1,0.00058860064,3,OOD_Class_2
"What is the weather forecast for July 20, 2020 in Dachigam-Nationalpark",2,5,1,0.00027174005,3,OOD_Class_2
What's the weather like today in Sierra Blanca,2,5,1,0.00025633274,3,OOD_Class_2
Make me a reservation in Hardesty at a joint the is indoor,1,1,0,0.00015045496,3,OOD_Class_2
Find a saga called Night Life .,5,4,0,0.000104965715,3,OOD_Class_2
Can you give me the forecast for 1015 in Paraguay,2,1,1,0.0016143731,3,OOD_Class_2
Book a table at any restaurant for eight people,1,1,0,0.0001382021,3,OOD_Class_2
"book a restaurant in North Dakota for my child and I on november seventh, 2037",1,1,0,0.00016849984,3,OOD_Class_2
"Is it warmer now in Wetumpka , Mauritania ?",2,5,1,0.00055661774,3,OOD_Class_2
add Billy Martin album to my legendary guitar solos playlist,0,0,0,0.00016369105,3,OOD_Class_2
Add an album by m g sreekumar to my laidback acoustic playlist.,0,0,0,0.00016888719,3,OOD_Class_2
add tune by Leonard Cohen to road trip,0,0,0,0.0001709605,3,OOD_Class_2
How will the weather be different 5 years from now in Waconia ?,2,5,1,0.0005987343,3,OOD_Class_2
Will it be cloudy on Sep. 16 in Palau,2,5,1,0.0030580247,3,OOD_Class_2
What is the weather like now in Washington,2,5,1,0.00026843644,3,OOD_Class_2
What is the weather in Sehlabathebe-Nationalpark,2,5,1,0.000242819,3,OOD_Class_2
What will the weather be like this Week close-by Saudi Arabia,2,5,1,0.0007111986,3,OOD_Class_2
add track Nature Noise to my playlist,0,0,0,0.00017079386,3,OOD_Class_2
"add Hey, Johnnie Cope, Are Ye Waking Yet to year in metal 2016 playlist",0,0,0,0.00017021358,3,OOD_Class_2
I need a party of two reservation faraway from Atlantic Av-Barclays Ctr at a spa for fast food,1,1,0,0.00016500059,3,OOD_Class_2
Can you please give me the forecast for the Dominica,2,4,1,0.046605818,3,OOD_Class_2
Will there be a storm in Aspinwall ?,2,5,1,0.0005198496,3,OOD_Class_2
rate this novel five points,4,3,0,0.00012120012,3,OOD_Class_2
What movies are playing at Cineplex Odeon Corporation ?,6,5,0,0.00015524765,3,OOD_Class_2
Is the film Goodrich Quality Theaters playing at 1226 AM ?,6,5,0,0.00020050132,3,OOD_Class_2
Find the schedule for movies at Harkins Theatres .,6,5,0,0.00016033377,3,OOD_Class_2
Give this textbook a four,4,3,0,0.00012443756,3,OOD_Class_2
"Is it cold in Breckenridge , Colorado ?",2,1,1,0.00085883675,3,OOD_Class_2
What's the weather forecast for New Zealand ?,2,4,1,0.0008411874,3,OOD_Class_2
What is the weather in Sint Maarten,2,5,1,0.00067980733,3,OOD_Class_2
find Reproductions Songs of The Human League,5,4,0,0.00014401892,3,OOD_Class_2
How is the weather in Birta ?,2,5,1,0.00044788353,3,OOD_Class_2
When will it be temperate in Lansford,2,5,1,0.00019925761,3,OOD_Class_2
Is it supposed to be chilly in Boiling Spring Lakes ?,2,5,1,0.00033101666,3,OOD_Class_2
What films are playing at the nearest movie theatre,6,5,0,0.00016254379,3,OOD_Class_2
add this MakSim tune to Trad Folk,0,0,0,0.00015634704,3,OOD_Class_2
What is the weather in Deeth,2,5,1,0.00037281928,3,OOD_Class_2
rate this essay 2 points,4,3,0,0.00013600201,3,OOD_Class_2
I want to book Oregon Electric Station in North City .,1,1,0,0.0001373126,3,OOD_Class_2
What's the weather in Benton City ?,2,5,1,0.00024056782,3,OOD_Class_2
Give me a link to the A Little Something for Us Tempunauts soundtrack .,5,4,0,0.00071310624,3,OOD_Class_2
is it going to blizzard at my current position,2,5,1,0.0003517596,3,OOD_Class_2
Add impossible is nothing to SPA Treatment,0,0,0,0.0001628095,3,OOD_Class_2
Play my Hype playlist on Youtube .,3,2,0,8.7255736e-05,3,OOD_Class_2
Will it be hot in Keachi,2,1,1,0.0009562254,3,OOD_Class_2
the last essay is a 2 out of 6,4,3,0,0.00012964787,3,OOD_Class_2
What is the weather going to be at dinner time in the Lake Le-Aqua-Na State Recreation Area,2,5,1,0.00018611511,3,OOD_Class_2
At four pm . I need a table for 8 at a restaurant in Guernsey that serves salade .,1,1,0,0.00014441002,3,OOD_Class_2
I want to hear opera on Netflix,3,2,0,0.0001264791,3,OOD_Class_2
book a taverna for a party of 10,1,1,0,0.00014419438,3,OOD_Class_2
Rate this current essay four out of 6 .,4,3,0,0.0001228692,3,OOD_Class_2
Will it be warmer in 20 minutes at Natural Park of Las Batuecas,2,5,1,0.0003540186,3,OOD_Class_2
Where can I find the painting RSS tracking,5,4,0,9.336395e-05,3,OOD_Class_2
How is the weather far from my current place in 42 weeks ?,2,5,1,0.0004957687,3,OOD_Class_2
book a brasserie with internet fascility for 5 in a year in Oklahoma,1,1,0,0.00015545942,3,OOD_Class_2
Will it get chillier in 12 years in Greenland ?,2,5,1,0.0008470866,3,OOD_Class_2
give Portions from a Wine-stained Notebook Short Stories and Essays 0 points,4,3,0,0.00015350636,3,OOD_Class_2
"What will the weather be like on january 16, 2030 in Rainbow Falls State Park",2,5,1,0.0003747001,3,OOD_Class_2
What's the forecast for nearby the current position ?,2,5,1,0.0015428214,3,OOD_Class_2
Let me use netflix to listen to the last soundtrack from Out Of Eden .,3,2,0,0.00011997926,3,OOD_Class_2
"Is it hot in Gold Beach , Bahrain ?",2,1,1,0.00073680445,3,OOD_Class_2
Show me the movie times at Star Theatres,6,5,0,0.00015554907,3,OOD_Class_2
What's the weather like in Forty Fort,2,5,1,0.0002558545,3,OOD_Class_2
Add the da brat track to the Soak Up The Sun playlist.,0,0,0,0.00017096284,3,OOD_Class_2
What will the weather be in Waverly City Brazil on Purple Heart Day ?,2,5,1,0.00020887682,3,OOD_Class_2
Need to see if there will be fog,2,5,1,0.0008669526,3,OOD_Class_2
Play Tooh by Eric Bazilian on Google Music .,3,2,0,0.00015663609,3,OOD_Class_2
Tell me the forecast for Sweden,2,4,1,0.054265305,3,OOD_Class_2
What's the weather forecast for the Northern Mariana Islands on 8/4/2024 ?,2,5,1,0.00026012887,3,OOD_Class_2
will it be a snowy day in Dalcour,2,5,1,0.00071059156,3,OOD_Class_2
Tell me the weather forecast for my current spot,2,5,1,0.0022933497,3,OOD_Class_2
"what will the weather be in Mascoutah , Tanzania at 090438 am",2,5,1,0.0003012893,3,OOD_Class_2
Find the From the Hut TV series,5,4,0,9.595052e-05,3,OOD_Class_2
what is the forecast for Turtle Islands National Park,2,5,1,0.00089941063,3,OOD_Class_2
add The Darkest Red to this is jennifer lopez,0,0,0,0.00015242651,3,OOD_Class_2
Is it hotter now in Hicks,2,1,1,0.00061581976,3,OOD_Class_2
Put this tune on my get your mind right playlist,0,0,0,0.00016708237,3,OOD_Class_2
Rate this album 3 stars,4,3,0,0.00012280844,3,OOD_Class_2
add track to dance playlist,0,0,0,0.00017433213,3,OOD_Class_2
turn on Last Fm to listen to Chara ballad from 1988,3,2,0,0.0001409523,3,OOD_Class_2
please add Secrets of the Alibi to the playlist called keep calm,0,0,0,0.00017820751,3,OOD_Class_2
What was the weather in my current position last October,2,5,1,0.0006158303,3,OOD_Class_2
book a restaurant on next fall for 5,1,1,0,0.00014639857,3,OOD_Class_2
I need a table for 4 in Florida,1,1,0,0.00013323154,3,OOD_Class_2
find Set the Thames on Fire for seventeen,6,5,0,0.0006139354,3,OOD_Class_2
How chilly is it close to Hollidaysburg ?,2,1,1,0.0012491609,3,OOD_Class_2
Add this track to the Sin Ti playlist,0,0,0,0.00017305935,3,OOD_Class_2
What is the movie schedule for films in the neighbourhood,6,5,0,0.00015509539,3,OOD_Class_2
I want to add another album to the Scratchy Back Porch Blues playlist.,0,0,0,0.00016979748,3,OOD_Class_2
add this tune to my It's a Southern Thing playlist,0,0,0,0.00016798382,3,OOD_Class_2
What's the forecast for Alley . Canada ?,2,4,1,0.00015525194,3,OOD_Class_2
Can you put live in detroit on the playlist Peaceful Piano,0,0,0,0.00017881049,3,OOD_Class_2
Tell me the weather forecast for Casa Grande Ruins National Monument,2,5,1,0.0009143363,3,OOD_Class_2
What is the weather going to be like in Benton Colorado in 2 and a half months,2,5,1,0.00045133932,3,OOD_Class_2
add Michael Hayvoronsky to Lo Que Suena Los Angeles,0,0,0,0.00015437548,3,OOD_Class_2
find a novel called Best Hits Live Save the Children Speed Live 2003,5,4,0,9.12875e-05,3,OOD_Class_2
I want to hear Vegetables by pharrell williams,3,2,0,0.0001513722,3,OOD_Class_2
Find The 180 .,5,4,0,0.00014797381,3,OOD_Class_2
what is the forecast in Bearmouth in Virgin Islands in 3 months,2,5,1,0.00029249195,3,OOD_Class_2
Add the 40 cal tune to the laundry playlist.,0,0,0,0.00017407828,3,OOD_Class_2
How much fog is there in Hahnville ?,2,5,1,0.0005529101,3,OOD_Class_2
Is it chilly in Pixley,2,5,1,0.0008639724,3,OOD_Class_2
What will the weather be like on September the eighteenth in Puerto Rico,2,5,1,0.0004934551,3,OOD_Class_2
Rate The Warrior Prophet 3 of 6 stars,4,3,0,0.00012037502,3,OOD_Class_2
what is the forecast for starting at three a.m in Two Buttes for warm weather,2,5,1,0.00017719752,3,OOD_Class_2
What is the weather like in Detroit Lakes,2,5,1,0.00036902088,3,OOD_Class_2
Play my Mellow Beats playlist please,3,2,0,8.0305144e-05,3,OOD_Class_2
Rate The Scarab Murder Case a one,4,3,0,0.000115874194,3,OOD_Class_2
Will it blizzard today in Sint Maarten,2,5,1,0.00028473377,3,OOD_Class_2
some me a Healthy picture,5,4,0,0.00017223475,3,OOD_Class_2
can we expect cold and freezing conditions in Glacier-Nationalpark,2,5,1,0.0015121186,3,OOD_Class_2
I would like you to add now the hits of winter 2008 onto my ntc studio sounds playlist.,0,0,0,0.00018216582,3,OOD_Class_2
Play a song by Electric Tones from their Kurutta Taiyō album on Last Fm,3,2,0,0.00012379095,3,OOD_Class_2
Tell me if it'll blizzard in KS,2,5,1,0.00034163182,3,OOD_Class_2
I want to book a reservation within the same area of AMelia Court House for 4 .,1,1,0,0.00015992316,3,OOD_Class_2
Weather for Marshall,2,5,1,0.00088985544,3,OOD_Class_2
Add Kd lang to my Deep Focus playlist,0,0,0,0.00016798142,3,OOD_Class_2
what is the forecast for 9 seconds from now close by here,2,5,1,0.00022858832,3,OOD_Class_2
Will it be freezing in New Preston Venezuela ?,2,1,1,0.00070389826,3,OOD_Class_2
Will there be snowfall faraway from Robinson Forest,2,5,1,0.0007462043,3,OOD_Class_2
What is the cloud coverage in my current place,2,5,1,0.0008365207,3,OOD_Class_2
Where can I see the trailer of Take Me to the King,5,4,0,0.00011195671,3,OOD_Class_2
Play the top 5 by Akira The Don .,3,2,0,0.00013216572,3,OOD_Class_2
what is the current spot forecast for far areas and warmer temps,2,5,1,0.00242613,3,OOD_Class_2
What's the weather in Gabon,2,5,1,0.00037151476,3,OOD_Class_2
Tell me if it will hail in Elliotts Bluff at five o'clock,2,5,1,0.00024412548,3,OOD_Class_2
Add the track to the drum & breaks playlist.,0,0,0,0.00018494099,3,OOD_Class_2
What's the forecast for Maltio Strict Nature Reserve ?,2,5,1,0.0009772792,3,OOD_Class_2
I want to play a game called Scotland Tonight .,5,4,0,8.277025e-05,3,OOD_Class_2
I'd rate the chronicle called The Art of Loving 3 points out of 6,4,3,0,0.00013409085,3,OOD_Class_2
I'm looking for Sherlock Holmes contre Arsène Lupin .,5,4,0,0.0002556695,3,OOD_Class_2
I'd like to add this album to funtime .,0,0,0,0.0001825158,3,OOD_Class_2
I'd like to watch Bound for Glory at the closest movie theatre at 214108,6,5,0,0.00017166934,3,OOD_Class_2
Is it going to be sunny at five pm in Chatyrkul Wildlife Refuge,2,5,1,0.00023534005,3,OOD_Class_2
What's the weather in Mountain Center,2,5,1,0.00021326497,3,OOD_Class_2
Add javine hylton to my evening playlist,0,0,0,0.00016233626,3,OOD_Class_2
What time is The Rumyantsev Case playing at the closest cinema,6,5,0,0.00015002632,3,OOD_Class_2
Book the Union Oyster House in Guanica Puerto Rico .,1,1,0,0.00015744085,3,OOD_Class_2
Give me the weather forecast in Boma for next summer,2,5,1,0.0006562436,3,OOD_Class_2
show the movie Move Any Mountain,5,4,0,8.995987e-05,3,OOD_Class_2
What is the weather going to be like in Reidland New Mexico next Jun. ?,2,5,1,0.0003255838,3,OOD_Class_2
"Will it be freezing one second from now in Aragon , Pakistan",2,5,1,0.0011951509,3,OOD_Class_2
Is there a storm in Maliau-Basin-Conservation-Area now ?,2,5,1,0.00041722358,3,OOD_Class_2
"What's the weather going to be in Parkers Prairie , VA at 070802 am ?",2,5,1,0.00018028764,3,OOD_Class_2
play a record from 1982,3,2,0,0.00011870251,3,OOD_Class_2
is Tarzan of the Apes playing at Cobb Theatres,6,5,0,0.00016125351,3,OOD_Class_2
Is it warm in Vietnam,2,5,1,0.0007856089,3,OOD_Class_2
Play the 1951 ballad,3,2,0,8.903175e-05,3,OOD_Class_2
"Weather in Grey Eagle on Feb. fifteenth, 2034",2,5,1,0.0013904232,3,OOD_Class_2
What aree the weather conditions not far from Poneto,2,5,1,0.00045528557,3,OOD_Class_2
What will the weather be like 20 minutes from now in Homestead Meadows in Martinique,2,5,1,0.0005702804,3,OOD_Class_2
What will the weather be in Monument of Lihula on december the 5th ?,2,5,1,0.00018549203,3,OOD_Class_2
Find movie times for nine PM .,6,5,0,0.00015463594,3,OOD_Class_2
Rate A Division of the Spoils 5 stars,4,3,0,0.00013487796,3,OOD_Class_2
Play me the most popular Lillian Hardin song on Itunes,3,2,0,0.00010093878,3,OOD_Class_2
Weather for Knierim Kansas in twelve weeks and a half from now,2,5,1,0.0007541909,3,OOD_Class_2
Book a table for 3 at a top-rated restaurant .,1,1,0,0.00015462653,3,OOD_Class_2
Will it snow in Haigler Bosnia and Herzegovina,2,5,1,0.0006142016,3,OOD_Class_2
play a tune from 2000 by Bronislau Kaper,3,2,0,0.00012139153,3,OOD_Class_2
Lets go to the Rainforest Cafe that is in the same area as 135th St,1,1,0,0.00015883031,3,OOD_Class_2
Is it going to be warmer in Central Cebu Protected Landscape,2,5,1,0.0010104958,3,OOD_Class_2
United States has warm weather on next Wed.,2,4,1,0.0038033102,3,OOD_Class_2
I give Cross Country four out of 6 .,4,3,0,0.00012371172,3,OOD_Class_2
rate this book saga 3 out of 6 stars,4,3,0,0.00013060153,3,OOD_Class_2
I need to know is it freezing in MN at 0127 pm,2,5,1,0.00016215732,3,OOD_Class_2
I want to give the current textbook 0 out of 6 stars,4,3,0,0.00012751359,3,OOD_Class_2
Go to Itunes and play Dr. Lecter by David Hodges,3,2,0,0.0001343784,3,OOD_Class_2
Is it going to snow next year in WV,2,5,1,0.00021623996,3,OOD_Class_2
Is it overcast in Brazil in within walking distance,2,5,1,0.00036783383,3,OOD_Class_2
Will there be depression on Mar. the twenty-eighth in Saint Pierre and Miquelon,2,5,1,0.0019451531,3,OOD_Class_2
"Find me a bar in Eagle Pass , Vermont that serves noodle dishes, that will take reservations for 2/21/2021 .",1,1,0,0.00014419806,3,OOD_Class_2
add tune to my relax & unwind playlist,0,0,0,0.00016329283,3,OOD_Class_2
Is it supposed to hail in NY,2,5,1,0.0016386864,3,OOD_Class_2
I want to play the video game Miss Castaway And The Island Girls,5,4,0,0.000104048806,3,OOD_Class_2
Rate the current essay four stars,4,3,0,0.00012019842,3,OOD_Class_2
Give me the weather forecast in Zimbabwe .,2,5,1,0.021451466,3,OOD_Class_2
I rate Monster Mythology 3 points .,4,3,0,0.00012025711,3,OOD_Class_2
What's the weather forecast for my current position ?,2,4,1,0.00038138547,3,OOD_Class_2
Will it be cloudy not far from Allenton,2,5,1,0.0012826857,3,OOD_Class_2
"On may the thirteenth, 2037 what will it be like in Wilderville , Montenegro",2,1,1,0.0004359767,3,OOD_Class_2
Find the TV show titled Timerider The Adventure of Lyle Swann,5,4,0,0.00011327626,3,OOD_Class_2
"find the nearest movie house showing Good Morning, Babylon",6,5,0,0.0001760845,3,OOD_Class_2
What's the weather here at three PM,2,5,1,0.00019029606,3,OOD_Class_2
Will it be warmer now in Covenant Life,2,5,1,0.0003655233,3,OOD_Class_2
Rate Richard Carvel 4 out of 6,4,3,0,0.00012738965,3,OOD_Class_2
Where to get painting of Channel 4 News,5,4,0,0.00013623036,3,OOD_Class_2
what is the forecast for colder in Anston,2,5,1,0.00019648428,3,OOD_Class_2
"Tell me if it will be snowy 8 hours from now in Mount Airy , VI",2,5,1,0.00097077066,3,OOD_Class_2
Add Sci-Fi Crimes to the fresh folk playlist,0,0,0,0.00016091965,3,OOD_Class_2
I want to add Kool Keith to my chill out dinner playlist,0,0,0,0.00016513502,3,OOD_Class_2
Where can I see the show Latin for Lovers ?,5,4,0,9.977338e-05,3,OOD_Class_2
Will it be getting colder in Sahuarita ?,2,5,1,0.00038755764,3,OOD_Class_2
I'd like to see a TV series called Countdown The Savoy Sessions,5,4,0,7.5970245e-05,3,OOD_Class_2
Where can I see Travelling Light ?,6,4,0,0.00086547475,3,OOD_Class_2
Is it going to be hot in Karthaus at 7 AM ?,2,5,1,0.00025145742,3,OOD_Class_2
what is the weather in Steward,2,5,1,0.00033366433,3,OOD_Class_2
I need movie times at Fox Theatres around zero PM,6,5,0,0.00016477723,3,OOD_Class_2
"I need a table in Ottoville on Feb. 15th, 2029 at Gus Stevens Seafood Restaurant & Buccaneer Lounge",1,1,0,0.00018879623,3,OOD_Class_2
"What will the humidity be like in VI on june the fourteenth, 2020 ?",2,5,1,0.00020014468,3,OOD_Class_2
What's the weather now in Salmon Lake State Park,2,5,1,0.00014821625,3,OOD_Class_2
Please give me the weather for Federated States Of Micronesia .,2,4,1,0.023407422,3,OOD_Class_2
what is the weather forecast for Maryland,2,4,1,0.0012412622,3,OOD_Class_2
Will it get warmer by 5 am in Washington ?,2,5,1,0.0002749737,3,OOD_Class_2
What's the weather forecast close by Sligo ?,2,5,1,0.00026462035,3,OOD_Class_2
Make reservations at a restaurant in Adrian that serves cheese steak,1,1,0,0.00015806055,3,OOD_Class_2
Is it going to be chillier in New Mexico this spring ?,2,5,1,0.00063215854,3,OOD_Class_2
find movie times,6,5,0,0.00014654214,3,OOD_Class_2
Will it be foggy here ?,2,5,1,0.00042633928,3,OOD_Class_2
at ten am what will the weather be like nearby in Cyprus,2,5,1,0.00028652023,3,OOD_Class_2
what kind of films are at the closest movie house,6,5,0,0.00015404203,3,OOD_Class_2
I give the Flash series 0 out of 6 .,4,3,0,0.00012664558,3,OOD_Class_2
What is the forecast at four AM in Zambia,2,5,1,0.0002739916,3,OOD_Class_2
Plya a tune by Kancherla Gopanna from 1951 on Zvooq,3,2,0,0.00015062542,3,OOD_Class_2
Is it snowy in Audra State Park or within the same area,2,5,1,0.00034254426,3,OOD_Class_2
Play some Antony Harding songs from the eighties,3,2,0,0.00012897323,3,OOD_Class_2
Will it be raining one hundred thirty days from now ion Gobles Canada,2,4,1,0.0012535846,3,OOD_Class_2
In Bon Secour National Wildlife Refuge at twelve pm will it be chilly,2,5,1,0.00031785545,3,OOD_Class_2
I want this tune on my Most Necessary playlist,0,0,0,0.0001739866,3,OOD_Class_2
"Will it be hot in New York on october the 1st, 2026 ?",2,5,1,0.00036717905,3,OOD_Class_2
Please find me the video game titled 20 Hours in America .,5,4,0,0.000103140424,3,OOD_Class_2
How will snowfall be here in 2/21/2022 ?,2,5,1,0.00018721304,3,OOD_Class_2
Find the schedule for A Kiss Before Dying .,6,5,0,0.00014348772,3,OOD_Class_2
what do the cloud indicate in East Aurora,2,5,1,0.00606616,3,OOD_Class_2
Play Annet Artani soundtrack on Slacker,3,2,0,0.000111726986,3,OOD_Class_2
Will it be chilly at Boggs Mountain Demonstration State Forest,2,5,1,0.0002718365,3,OOD_Class_2
will there be rain today in Greece,2,5,1,0.0006916721,3,OOD_Class_2
Is there a lot of sun in Qatar ?,2,5,1,0.0009900884,3,OOD_Class_2
Weather for the night time in New Mexico,2,5,1,0.00073228084,3,OOD_Class_2
what is the weather forecast for Wolin National Park three seconds from now,2,5,1,0.00021338812,3,OOD_Class_2
forecast for Antelope Island and other spots within the same area,2,4,1,0.007995882,3,OOD_Class_2
Will it be freezing today in Delaware and Lehigh National Heritage Corridor ?,2,5,1,0.00023056625,3,OOD_Class_2
I'd like a table for 10 at a distant place downtown for next fall,1,1,0,0.00012669712,3,OOD_Class_2
"Will it be windy in Breaux Bridge , Turks and Caicos Islands eleven hours from now ?",2,5,1,0.00097314763,3,OOD_Class_2
"Add Star Light, Star Bright to my jazz classics playlist.",0,0,0,0.00017046153,3,OOD_Class_2
What is the weather in Taiwan,2,5,1,0.00062068563,3,OOD_Class_2
show song schedule of Shoot for the Moon,5,4,0,0.00013721641,3,OOD_Class_2
Will it be stormy in distant Holly River State Park,2,5,1,0.0003118267,3,OOD_Class_2
Show me It Might as Well Rain Until September,5,4,0,0.00024406309,3,OOD_Class_2
Will it be overcast at lunch time in Saint Vincent and the Grenadines,2,5,1,0.0003158157,3,OOD_Class_2
give 1 out of 6 points to Revolution World,4,3,0,0.00013620249,3,OOD_Class_2
What's the weather forecast for Baker City ?,2,5,1,0.0008412454,3,OOD_Class_2
Is the forecast colder in Idaho 1 second from now,2,5,1,0.00024084744,3,OOD_Class_2
I want to see Far Cry Vengeance,5,4,0,0.00018671699,3,OOD_Class_2
Give The Abstinence Teacher 4 out of 6,4,3,0,0.00012209149,3,OOD_Class_2
Will it get chillier in Sinclair in 8 hours,2,5,1,0.00049378246,3,OOD_Class_2
Play music from 2011 .,3,2,0,0.000110645895,3,OOD_Class_2
What's the weather in Niagara,2,5,1,0.00027221948,3,OOD_Class_2
Weather for my nearby current location,2,5,1,0.00081671315,3,OOD_Class_2
What will the weather be in Romania at 4 ?,2,5,1,0.00017864516,3,OOD_Class_2
Will it be foggy now close to Jolley,2,5,1,0.0002932723,3,OOD_Class_2
forecast for VI,2,4,1,0.00027469447,3,OOD_Class_2
"will it rain on Jan. 18th, 2029 in Kanopolis Arkansas",2,5,1,0.0027392958,3,OOD_Class_2
Weather for Jan. 7 in North Carolina,2,5,1,0.0012433936,3,OOD_Class_2
what's the weather like in El Salvador on wed .,2,5,1,0.0044457368,3,OOD_Class_2
Find the nearest cinema with movies playing,6,5,0,0.0001438583,3,OOD_Class_2
Is it going to hail in Niger,2,5,1,0.0009333293,3,OOD_Class_2
what is the forecast for here at 8 am,2,5,1,0.00024069665,3,OOD_Class_2
What's the weather going to be like at 102120 close by ID,2,5,1,0.0003789301,3,OOD_Class_2
What is the weather looking like in Prosser on feb. the 18th ?,2,5,1,0.00020380835,3,OOD_Class_2
Open Youtube and play Renaldo Lapuz record from the eighties,3,2,0,0.00013675462,3,OOD_Class_2
Is it going to be chilly here,2,5,1,0.0012497471,3,OOD_Class_2
Show me the forecast for 6 years from now in Westlake Village in Guinea,2,5,1,0.002948765,3,OOD_Class_2
"What will the weather be like at eight PM in Bon Air , Uruguay",2,5,1,0.0004644364,3,OOD_Class_2
"Tell me the forecast for Rogers City , MS",2,4,1,0.05012745,3,OOD_Class_2
"How is the weather in Getzville , Minnesota ?",2,5,1,0.0005779109,3,OOD_Class_2
I give the previous novel one out of 6 stars .,4,3,0,0.000128389,3,OOD_Class_2
Play Bald by Kaskade .,3,2,0,0.00015346242,3,OOD_Class_2
Is there a snowstorm in Russia,2,5,1,0.0004473071,3,OOD_Class_2
Will there be a blizzard in neighboring Niobrara Valley Preserve,2,5,1,0.00026318684,3,OOD_Class_2
Tell me the predicted weather once I travel faraway to Crimson Lake Provincial Park .,2,5,1,0.0087691145,3,OOD_Class_2
What kind of weather was forecast near Harmony Flats Nature Reserve last march ?,2,5,1,0.00042741842,3,OOD_Class_2
Is The Unnaturals showing at 13 .,6,5,0,0.00017726075,3,OOD_Class_2
Rate this textbook 2 points .,4,3,0,0.00012347005,3,OOD_Class_2
show schedule for Loved by Thousands,5,4,0,0.0002643451,3,OOD_Class_2
Is it chillier in Hong Kong than it is here,2,5,1,0.0016929401,3,OOD_Class_2
add Animal Stories to maryanne's by Per Yngve Ohlin,0,0,0,0.00017863978,3,OOD_Class_2
Play Iheart,3,2,0,0.00011304247,3,OOD_Class_2
What will the weather be a nine in Willow River State Park ?,2,5,1,0.00035852432,3,OOD_Class_2
Is The Mystical Adventures of Billy Owens playing at the closest movie house,6,5,0,0.00017522437,3,OOD_Class_2
The book the Gardens of the Moon deserves only 1 stars .,4,3,0,0.00012547134,3,OOD_Class_2
Will weather conditions be stormy here from 6/15/2025 onward.,2,5,1,0.001134687,3,OOD_Class_2
what is the Eugene T. Mahoney State Park forecast for 2 days from now,2,5,1,0.0009433227,3,OOD_Class_2
Play a chant from the fifties,3,2,0,0.00012909879,3,OOD_Class_2
Is it hot in neighboring Algeria,2,5,1,0.0010493211,3,OOD_Class_2
what is the weather forecast here one minute from now,2,5,1,0.0001700807,3,OOD_Class_2
Find the Youth Against Christ saga,5,4,0,0.00011618617,3,OOD_Class_2
will there be any snowfall in AMerican Samoa,2,5,1,0.00062028057,3,OOD_Class_2
What time are the animated movies starting at the nearest movie house ?,6,5,0,0.00016461566,3,OOD_Class_2
Play some music from the thirties .,3,2,0,0.00014303916,3,OOD_Class_2
will there be fog Tonight at Beamer Memorial Conservation Area,2,5,1,0.00023335163,3,OOD_Class_2
Can you find Fire Escape in the Sky The Godlike Genius of Scott Walker,5,4,0,0.000104254,3,OOD_Class_2
book in Southern Shores for 8 at Ariston Cafe,1,1,0,0.00014855743,3,OOD_Class_2
"Book me a reservation for an osteria campanian on Jun. the 7th, 2022",1,1,0,0.00015782843,3,OOD_Class_2
What is the weather forecast nearby Nicodemus,2,5,1,0.00030115468,3,OOD_Class_2
What will the weather be nineteen hours from now neighboring Saint Kitts and Nevis ?,2,5,1,0.00027872555,3,OOD_Class_2
put Pause on my Días de Frío playlist,0,0,0,0.00017142038,3,OOD_Class_2
Want to know the hot weather situation in Netherlands december 4 .,2,5,1,0.0045232615,3,OOD_Class_2
Tell me if it'll be overcast nearby Papua New Guinea,2,5,1,0.0015042251,3,OOD_Class_2
Will it be hotter in PR at 23 o'clock ?,2,5,1,0.00028225256,3,OOD_Class_2
Please shoe me the movie schedule for today.,6,5,0,0.0001633058,3,OOD_Class_2
want to watch the TV show Treeful of Starling,5,4,0,0.00010154206,3,OOD_Class_2
"humidity not far from Colorado City on November the 7th, 2024",2,1,1,0.001107802,3,OOD_Class_2
Can you find me the Spectres television show ?,5,4,0,8.7613116e-05,3,OOD_Class_2
Add this artist to my feel good dinner playlist,0,0,0,0.00016513762,3,OOD_Class_2
Book a restaurant in San Juan Capistrano for 6 people at ten am,1,1,0,0.00014611281,3,OOD_Class_2
Show the forecast nearby in twenty two minutes in French Polynesia,2,5,1,0.0006392942,3,OOD_Class_2
put this song on my NTC High Intensity Training Tracks playlist,0,0,0,0.00017476,3,OOD_Class_2
what is the forecast for Sea Isle City in Louisiana for warmer weather,2,5,1,0.00029343387,3,OOD_Class_2
What films are there being played at Megaplex Theatres ?,6,5,0,0.00015955053,3,OOD_Class_2
Will it get hotter far away in Afghanistan ?,2,5,1,0.0013831911,3,OOD_Class_2
Add album to Pop Rising,0,0,0,0.00016708227,3,OOD_Class_2
Give me the schedule for animated movies at the nearest cinema,6,5,0,0.00015194988,3,OOD_Class_2
Play a 2007 track from Adam Jones,3,2,0,0.00012330787,3,OOD_Class_2
Where can I find a photograph of The Lieutenant of Inishmore ?,5,4,0,0.00014642758,3,OOD_Class_2
Add Hallucinations of Despair to my this is trey songz playlist.,0,0,0,0.00016979862,3,OOD_Class_2
Add So Far to my Retrovisor playlist.,0,0,0,0.00017255533,3,OOD_Class_2
Find a reservation within walking distance of pauline's place for a party of 10 at fourteen o'clock at a restaurant that serves aioli,1,1,0,0.00016047036,3,OOD_Class_2
I need a table in Uruguay in 213 days when it's chillier,2,1,1,0.00013174428,3,OOD_Class_2
Is it going to get hotter at the Halfbreed Lake National Wildlife Refuge,2,5,1,0.00028073933,3,OOD_Class_2
What's the weather forecast for here on Jul. 23 ?,2,5,1,0.0002318657,3,OOD_Class_2
Will there be fog in Tahquamenon Falls State Park ?,2,5,1,0.0002684912,3,OOD_Class_2
Find me the picture The Id,5,4,0,9.40944e-05,3,OOD_Class_2
I want to book a restaurant in Neshanic Station Nigeria for 061813 pm,2,1,1,0.00015515549,3,OOD_Class_2
Add Atticus Ross to the playlist electrosafari,0,0,0,0.00016888574,3,OOD_Class_2
What's the weather in twenty five days in Hagerman National Wildlife Refuge,2,5,1,0.0002590919,3,OOD_Class_2
Rate Voyages by Starlight a value of 0,4,3,0,0.00012504593,3,OOD_Class_2
Can you place a reservation for me at Ariston Cafe,1,1,0,0.00015260009,3,OOD_Class_2
Will a blizzard hit Torrey Pines State Natural Reserve on jun. sixteenth ?,2,5,1,0.00033692556,3,OOD_Class_2
book a food truck for greek food for 7,1,1,0,0.00014010417,3,OOD_Class_2
Need book a restaurant for this Autumn in Illinois,1,1,0,0.00014085895,3,OOD_Class_2
fimd films around here,6,5,0,0.00017172418,3,OOD_Class_2
"What's the weather going to be like in Fort Point, San Francisco tomorrow ?",2,5,1,0.00024108023,3,OOD_Class_2
I'm looking for the show Pulse 2 Afterlife,5,4,0,0.00010025373,3,OOD_Class_2
Is it going to be chilly in Belarus,2,5,1,0.0011560435,3,OOD_Class_2
Is it cold in Windhorst,2,5,1,0.00046701237,3,OOD_Class_2
What Are the showings for The Natural History of Parking Lots movie house,6,5,0,0.00016618303,3,OOD_Class_2
"find Do You Wanna Touch Me , a song",5,4,0,0.00011951848,3,OOD_Class_2
Tell me when it'll be hotter here,2,5,1,0.00024571043,3,OOD_Class_2
Will it be colder in Vermont ?,2,5,1,0.0004805532,3,OOD_Class_2
Play got to be free by Madeleine Peyroux,3,2,0,0.0001387754,3,OOD_Class_2
How temperate will it be in Blyde River Canyon Nature Reserve on jul. the 18th ?,2,1,1,0.0010361252,3,OOD_Class_2
Add the album to the hot 50 playlist.,0,0,0,0.00018821686,3,OOD_Class_2
Can I see the movie schedules ?,6,5,0,0.00017624798,3,OOD_Class_2
show weather forcast here at 19,2,4,1,0.00012536459,3,OOD_Class_2
I want to hear a symphony from Kano,3,2,0,0.00013502233,3,OOD_Class_2
Will there be hail on 11/12/2036 in Singapore,2,5,1,0.0006031331,3,OOD_Class_2
book a restaurant for 4 of us,1,1,0,0.00014964807,3,OOD_Class_2
"What will the weather forecast be in Mount Victory , Delaware in 1 second ?",2,5,1,0.00017479443,3,OOD_Class_2
"What's the weather forecast for Glade Park on July twenty-fifth, 2033 ?",2,5,1,0.00029757727,3,OOD_Class_2
What will the weather be in a month from now at my current location ?,2,5,1,0.00018040849,3,OOD_Class_2
Bring up the book Perfume The Story of a Murderer,5,4,0,0.0001064974,3,OOD_Class_2
Is it supposed to be chilly in Kuwait ?,2,5,1,0.0011359747,3,OOD_Class_2
what movie is playing at Showcase Cinemas,6,5,0,0.00014598067,3,OOD_Class_2
When is Romance on the Range playing at movie house ?,6,5,0,0.0001581244,3,OOD_Class_2
Play sixties on Spotify,3,2,0,0.00012187534,3,OOD_Class_2
Is the forecast stormy this afternoon in Maryland ?,2,5,1,0.00031202615,3,OOD_Class_2
Please tell me movie times,6,5,0,0.0001599903,3,OOD_Class_2
Put Jean Philippe Goncalves onto my running to rock 170 to 190 bpm .,0,0,0,0.00016216002,3,OOD_Class_2
What's the forecast for my current place at five pm ?,2,5,1,0.00019909197,3,OOD_Class_2
What will the weather be in Peru ?,2,5,1,0.00027266113,3,OOD_Class_2
What is the weather for my current place,2,5,1,0.00027461778,3,OOD_Class_2
Rate Cold Light 5 out of 6 points .,4,3,0,0.00011514321,3,OOD_Class_2
Can you rate this novel as a four ?,4,3,0,0.0001318173,3,OOD_Class_2
Is it going to be hot in Chrisman,2,1,1,0.0007301847,3,OOD_Class_2
Tell me if there will be a depression today in Kiribati,2,5,1,0.0019338696,3,OOD_Class_2
Will it be warm in Cotati in Guinea-Bissau,2,1,1,0.0005101967,3,OOD_Class_2
what is the forecast in North Carolina for Edgemoor,2,5,1,0.00035683904,3,OOD_Class_2
Add cecil womack to my 50 Great Female Voices playlist.,0,0,0,0.00017450364,3,OOD_Class_2
Play the playlist introspective,3,2,0,8.1645216e-05,3,OOD_Class_2
"What's the weather forecast for Hooven , Lithuania on National Grandparents Day ?",2,5,1,0.00026131546,3,OOD_Class_2
Add knocked out loaded to the spring vibes playlist.,0,0,0,0.00017054647,3,OOD_Class_2
add the song to my We Everywhere playlist,0,0,0,0.00016473315,3,OOD_Class_2
Show The Kindness of Women picture,5,4,0,0.000108299944,3,OOD_Class_2
What is the movie schedule for Loews Cineplex Entertainment,6,5,0,0.00015859187,3,OOD_Class_2
Add De Principii Evangelikum to my Domingo Indie palylist,0,0,0,0.00015703788,3,OOD_Class_2
"What will the weather be at ten am in Fourche , NV",2,5,1,0.0002012968,3,OOD_Class_2
Can you tell me the weather forecast for six am in Grenada,2,5,1,0.00038906327,3,OOD_Class_2
Weather for apr. the thirteenth in Djibouti,2,1,1,0.0012863984,3,OOD_Class_2
what is the Mississippi for the week,2,5,1,0.00030037426,3,OOD_Class_2
Rate Fast Food Nation 2 points,4,3,0,0.00012167446,3,OOD_Class_2
listen to Pmd symphony,3,2,0,0.0001092456,3,OOD_Class_2
Play classic rock on Groove Shark,3,2,0,9.782162e-05,3,OOD_Class_2
at 7 pm what will the weather be in Iceland,2,5,1,0.00024165347,3,OOD_Class_2
Weather in 3 minutes at Jean Lafitte National Historical Park and Preserve,2,5,1,0.0002619348,3,OOD_Class_2
What movie theatre playing animated movies is the closest,6,5,0,0.00015373937,3,OOD_Class_2
Book the Last Exit on Brooklyn 5 hours from now for one person.,1,1,0,0.00013394217,3,OOD_Class_2
Put li yuchun 's album onto the kickass metal playlist.,0,0,0,0.000173396,3,OOD_Class_2
can you find me a showing for Before the Music Dies in one second ?,6,5,0,0.00016543805,3,OOD_Class_2
Rate the current essay three of 6 points,4,3,0,0.00012371117,3,OOD_Class_2
Rate the current textbook five of 6,4,3,0,0.00012025705,3,OOD_Class_2
Is Dead Fish playing at the movie house,6,5,0,0.00018890874,3,OOD_Class_2
"Book a reservation for 1 at PM Park, Clear Lake, Iowa in Mongolia in 1 hour",1,1,0,0.00018272297,3,OOD_Class_2
Will it be nice now in Norway,2,1,1,0.0007933501,3,OOD_Class_2
Is it going to be stormy close to Australia,2,5,1,0.0006306897,3,OOD_Class_2
add the album by Cham to my Cloud Rap playlist,0,0,0,0.00017238743,3,OOD_Class_2
what is the forecast for here for blizzard conditions at five pm,2,5,1,0.00025341273,3,OOD_Class_2
What's the weather forecast for Coats ?,2,5,1,0.00053805386,3,OOD_Class_2
Will it be overcast in South Dakota,2,5,1,0.0017127736,3,OOD_Class_2
"Weather for september seventh, 2039 in Salinas River National Wildlife Refuge",2,5,1,0.0011879201,3,OOD_Class_2
I am looking for The Complete Fillmore East Concerts,5,4,0,0.000108820415,3,OOD_Class_2
What's the weather in Belize close to ten pm,2,5,1,0.00024365292,3,OOD_Class_2
Tell me what the weather will look like here at 0150,2,5,1,0.0010299025,3,OOD_Class_2
What's the weather forecast for Anniston ?,2,4,1,0.000568278,3,OOD_Class_2
Give me showtimes for The Tenth Woman at the movie house .,6,5,0,0.00016851783,3,OOD_Class_2
"Will it be stormy on 4/3/2027 in New Rochelle , WY",2,1,1,0.0012382081,3,OOD_Class_2
add kurious jorge to my synth pop,0,0,0,0.00015611654,3,OOD_Class_2
"find The Most Important People , a television show",5,4,0,0.00010344188,3,OOD_Class_2
Rate The Masks of Time zero of 6 stars,4,3,0,0.00012002276,3,OOD_Class_2
show chillier conditions next week in Camp Bird,2,4,1,0.00012070233,3,OOD_Class_2
add the artist Jamie T to hallie's winter music playlist,0,0,0,0.0001672466,3,OOD_Class_2
What is the weather forecast for Monument of Lihula,2,5,1,0.00069596065,3,OOD_Class_2
restaurant in Watauga for me and my aunt,1,1,0,0.0001489909,3,OOD_Class_2
book a table in Fleetwood at a nearby deli,1,1,0,0.00016645527,3,OOD_Class_2
Can I get the movie schedules for Megaplex Theatres ?,6,5,0,0.00016950928,3,OOD_Class_2
me and deanna want to book a restaurant in Malawi,1,1,0,0.00014740106,3,OOD_Class_2
will it be warm within walking distance of Saint Pierre and Miquelon,2,5,1,0.0006899879,3,OOD_Class_2
What's the weather going to be like in a week at Big Walnut Creek Nature Preserve ?,2,5,1,0.00016251895,3,OOD_Class_2
"Weather for jun. ninth, 2033 in San Pierre Romania",2,1,1,0.00028852836,3,OOD_Class_2
Will it be hot in the Netherlands on February 16th ?,2,5,1,0.0003042574,3,OOD_Class_2
play music by Bryan Maclean,3,2,0,0.00011721036,3,OOD_Class_2
book a restaurant for four in Burundi,1,1,0,0.00015082303,3,OOD_Class_2
Show movie times at Kerasotes Theatres,6,5,0,0.00016983686,3,OOD_Class_2
What's the weather in Taiwan,2,5,1,0.0003714368,3,OOD_Class_2
Do you have something like Impossible Is Nothing by Abderrahmane Abdelli ?,3,2,0,0.00014942084,3,OOD_Class_2
Find Live at Bearsville Theater,5,4,0,0.00013504505,3,OOD_Class_2
Book an osteria that serves blini for 9 people.,1,1,0,0.0001555336,3,OOD_Class_2
Is it going to be nice in Sandoval Belgium,2,1,1,0.00016020717,3,OOD_Class_2
how cold is it in Princeton Junction,2,5,1,0.00057235156,3,OOD_Class_2
Will it get chillier here ?,2,5,1,0.0012943865,3,OOD_Class_2
"Please look up the TV show , Vanity .",5,4,0,9.501537e-05,3,OOD_Class_2
Find a game called Dynamite Warrior .,5,4,0,0.00011917644,3,OOD_Class_2
I need to know what theatre is playing A Happy Coersion,6,5,0,0.00010456867,3,OOD_Class_2
I need seats for five at a place five and a half months from now,1,1,0,0.00014732903,3,OOD_Class_2
What's the weather looking like in Reklaw at 031913 PM,2,5,1,0.0001513384,3,OOD_Class_2
Will the weather be temperate 22 minutes from now in Alba,2,5,1,0.00030399972,3,OOD_Class_2
what is the October 19th forecast for Iran,2,5,1,0.0008048212,3,OOD_Class_2
Will it be snowy in Pillow Indiana ?,2,5,1,0.0009576532,3,OOD_Class_2
Find the schedule for nearby animated movies .,6,5,0,0.00015539672,3,OOD_Class_2
Book a restaurant for ten in Germfask .,1,1,0,0.00015968969,3,OOD_Class_2
I'd like for you to add bobby brown to my enamorándose playlist.,0,0,0,0.00017331497,3,OOD_Class_2
What time is The Face in the Moonlight showing?,6,5,0,0.00016547722,3,OOD_Class_2
"Will it be warm in Gilmer , Keeling Islands ?",2,1,1,0.0003341581,3,OOD_Class_2
book a spot for nine in Lavalette Guam,1,1,0,0.00014812255,3,OOD_Class_2
Get me the Trick or Treats soundtrack .,5,4,0,0.000105895975,3,OOD_Class_2
what will be the temperature 1 minute and 8 seconds from now in Green Bottom Wildlife Management Area,2,5,1,0.00019203011,3,OOD_Class_2
give a 1 to A Thousand Lies,4,3,0,0.00012801244,3,OOD_Class_2
What animated movies are playing at IMAX Corporation,6,5,0,0.0001449839,3,OOD_Class_2
play Techno music,3,2,0,0.00010776674,3,OOD_Class_2
What is the weather forecast for Djibouti,2,4,1,0.0014598331,3,OOD_Class_2
add track to Punk Essentials,0,0,0,0.00016692154,3,OOD_Class_2
Will rainfall continue here tomorrow ?,2,5,1,0.0002782046,3,OOD_Class_2
Is it forecast to be temperate here ?,2,5,1,0.009368002,3,OOD_Class_2
Find the movie schedule .,6,5,0,0.00013928521,3,OOD_Class_2
Rate Real World four out of 6,4,3,0,0.00011891436,3,OOD_Class_2
what animated movie are at the theater in the neighborhood,6,5,0,0.00015970234,3,OOD_Class_2
Book a restaurant on san jacinto day in Anderson for me and my colleagues .,1,1,0,0.00017727687,3,OOD_Class_2
I need a weather forecast for Tallahassee-St. Marks Historic Railroad State Trail,2,4,1,0.0014860613,3,OOD_Class_2
Find me an album called Rejoicing with the Light,5,4,0,0.000107143176,3,OOD_Class_2
is there expected of rainfall in Horton of Connecticut,2,5,1,0.0011631782,3,OOD_Class_2
Will it be hotter in my current place in six weeks from now,2,1,1,0.0012652489,3,OOD_Class_2
"book on feb. the twenty-sixth, 2026 in Tracyton for two at a cafe",1,1,0,0.00015660052,3,OOD_Class_2
give 5 out of 6 points to Thorn Castle,4,3,0,0.00012701702,3,OOD_Class_2
what is the British Virgin Islands forecast for next november,2,5,1,0.0013851783,3,OOD_Class_2
Will it rain in Barberville,2,5,1,0.00033777618,3,OOD_Class_2
Is it hot in Zephyrhills ?,2,1,1,0.00066978973,3,OOD_Class_2
"Book The Crown at Whitebrook in the Solomon Islands for Dec. the twenty-third, 2029 .",1,1,0,0.00014126043,3,OOD_Class_2
Is Black & White The Dawn of Justice playing at the movie theatre ?,6,5,0,0.00016219995,3,OOD_Class_2
What will the weather be in Michigan ?,2,5,1,0.00024366903,3,OOD_Class_2
Will it be colder in Delaware ?,2,5,1,0.0005330882,3,OOD_Class_2
"Will there be a lot of wind far away from here on Sep. the twenty-third, 2021",2,5,1,0.00075814,3,OOD_Class_2
I need to find a table for 4 at a brasserie that has fondue,1,1,0,0.00014342388,3,OOD_Class_2
can you add xanadu to Latin Alternative Music,0,0,0,0.00017196345,3,OOD_Class_2
Will the weather be warm in the Nationaal park Band-e AMir at twelve am ?,2,5,1,0.00029547396,3,OOD_Class_2
What's the nearest movie theatre playing Testament of Orpheus ?,6,5,0,0.0001733631,3,OOD_Class_2
"What is the weather forecast for three in Whitewood , Rhode Island",2,5,1,0.0003204083,3,OOD_Class_2
Play Nightbirds on Nantucket soundtrack,5,2,0,0.000101610145,3,OOD_Class_2
Play some happy gabber .,3,2,0,9.6219796e-05,3,OOD_Class_2
"What will the weather be like 56 weeks from now , will there be sun in Tabor ?",2,5,1,0.00020655438,3,OOD_Class_2
find movies at Amco Entertainment starting in 8 seconds from now,6,5,0,0.0001883624,3,OOD_Class_2
book a spot for selma and molly at a steakhouse with saucisse that is close-by McSherrystown,1,1,0,0.00016597004,3,OOD_Class_2
What's the forecast for Gamaliel,2,4,1,0.0010530633,3,OOD_Class_2
Can you play an ep by Tatjana Iwanowna Bulanowa,3,2,0,0.000119754004,3,OOD_Class_2
whats the weather forecast in Nicaragua,2,5,1,0.00027475416,3,OOD_Class_2
I think the Dictionary of New Zealand Biography deserves 2 points,4,3,0,0.00012244785,3,OOD_Class_2
"Will it be even hotter 2 years from now in El Jebel , Niger",2,1,1,0.00075104303,3,OOD_Class_2
"Is it going to be warm on march the 12th in Pendleton , Delaware ?",2,5,1,0.00038351057,3,OOD_Class_2
I need a reservation for Red Square on aug. the 9th,1,1,0,0.00015141205,3,OOD_Class_2
Where can I locate the game Legion of Mary The Jerry Garcia Collection,5,4,0,0.00010233769,3,OOD_Class_2
I give this current novel zero stars and a best rating of 6,4,3,0,0.00012328956,3,OOD_Class_2
add this song to my southern gothic playlist,0,0,0,0.00016123231,3,OOD_Class_2
To johnnie's funtime activity playlist add the name The Best of Guitar Shorty,0,0,0,0.0001709627,3,OOD_Class_2
Rate the current saga four stars out of 6,4,3,0,0.00011885615,3,OOD_Class_2
find Jono and Ben,5,5,0,0.0004319439,3,OOD_Class_2
Will it be hotter at nine am in Serbia,2,5,1,0.00033934833,3,OOD_Class_2
Plays some akb48 on Youtube,3,2,0,0.00012697831,3,OOD_Class_2
"What is the forecast for mar. 8th in Friesland , Tennessee",2,5,1,0.001049002,3,OOD_Class_2
What is the humidity in Missouri City SC,2,5,1,0.00036050766,3,OOD_Class_2
Whats' the weather in Fernando New Jersey,2,5,1,0.0005003926,3,OOD_Class_2
movie schedule of films around here,6,5,0,0.00013820428,3,OOD_Class_2
Please find me the nearest cinema playing Foreign Intrigue .,6,5,0,0.00017660277,3,OOD_Class_2
Can I get the movie schedules for Marcus Corporation .,6,5,0,0.00016982741,3,OOD_Class_2
Will it be hot two seconds from now in neighboring West Clear Creek Wilderness,2,5,1,0.0006460272,3,OOD_Class_2
They Knew Mr. Knight should get out of 6 a rating of two,4,3,0,0.000120727134,3,OOD_Class_2
Play Praise The Lord And Pass The Ammunition .,3,2,0,0.00016663266,3,OOD_Class_2
Is it warm at seven AM in Greenland,2,5,1,0.00025847016,3,OOD_Class_2
Add this lbc crew tune to my Rock Argentino Vol I playlist,0,0,0,0.00016971523,3,OOD_Class_2
play Only Hope by Graham Bonnet,3,2,0,0.00014234822,3,OOD_Class_2
Give the current chronicle 2 stars .,4,3,0,0.00012596688,3,OOD_Class_2
what is the overcast forecast for Torrey Pines State Beach,2,5,1,0.00047966116,3,OOD_Class_2
What will be the temperate in Tyresta National Park on 7/18/2030 ?,2,5,1,0.0002753918,3,OOD_Class_2
Will there be a snowstorm around eight pm in Reed Island State Park ?,2,5,1,0.00022924381,3,OOD_Class_2
I give the following album two out of 6 stars .,4,3,0,0.00012316939,3,OOD_Class_2
Add Tony McGuinness to my playlist I Love My 90s Hip Hop,0,0,0,0.00016757204,3,OOD_Class_2
book a spot that is faraway from the Municipal Borough of Farnworth in 16 minutes,1,1,0,0.00016824777,3,OOD_Class_2
What is the forecast for Sanibel,2,4,1,0.0032811472,3,OOD_Class_2
"Is there a freezing forecast for Minto , Nicaragua ?",2,5,1,0.00044229644,3,OOD_Class_2
Give this saga a 5 out of 6 rating.,4,3,0,0.00012763838,3,OOD_Class_2
Put this tune on dancePOP,0,0,0,0.00015444821,3,OOD_Class_2
How is weather here ?,2,5,1,0.0012140053,3,OOD_Class_2
will the weather be cloudy at 0 PM at my current position,2,5,1,0.0002693407,3,OOD_Class_2
rate the current essay a three,4,3,0,0.00011972859,3,OOD_Class_2
rate the Beyond Black saga a one,4,3,0,0.0001183921,3,OOD_Class_2
Play me a song from 1968 on Spotify,3,2,0,0.00012367142,3,OOD_Class_2
patty and I need a table booked at a highly rated restaurant in Sandstone .,1,1,0,0.00014258886,3,OOD_Class_2
find the video game The Sims 3 Generations,5,4,0,0.0001214071,3,OOD_Class_2
Play something by Daisy Voisin on google music,3,2,0,0.00013850094,3,OOD_Class_2
can i get the showtimes for films in the neighbourhood,6,5,0,0.00016206475,3,OOD_Class_2
Tell me whether Bahrain will be humid in one hour and 2 minutes,2,5,1,0.0005144377,3,OOD_Class_2
Play a 2009 concerto on Deezer .,3,2,0,0.0001227113,3,OOD_Class_2
Is the weather going to be colder in GU in 11 years,2,5,1,0.00038066006,3,OOD_Class_2
Can you tell me the weather forecast for Samoa,2,5,1,0.0024104635,3,OOD_Class_2
I would like a cafeteria at 104151 am for seven,1,1,0,0.00015461502,3,OOD_Class_2
"find The Ultimate Gift , a television show",5,4,0,0.00011108579,3,OOD_Class_2
rate The Other Wind 2 of 6,4,3,0,0.00014364491,3,OOD_Class_2
how's the weather going to be at fourteen o'clock in Falkland Islands,2,5,1,0.0003050448,3,OOD_Class_2
Which movies are playing at the closest cinema ?,6,5,0,0.00015924408,3,OOD_Class_2
Book reservation in Gasconade at the best restaurant in DC,1,1,0,0.00015409847,3,OOD_Class_2
"I need a reservation for Arcadian Court on June the fifth, 2035",1,1,0,0.00015447167,3,OOD_Class_2
"Does the forecast show a storm in Maquoketa , NH around July sixth ?",2,5,1,0.0003545054,3,OOD_Class_2
Is there a snowstorm coming to Ukraine,2,5,1,0.00063331536,3,OOD_Class_2
rate this essay 5 of 6,4,3,0,0.00013441805,3,OOD_Class_2
what is the weather at my current location,2,5,1,0.00024175413,3,OOD_Class_2
How is the weather going to be in Gambia in a week and a half ?,2,5,1,0.00033636182,3,OOD_Class_2
Play Strength of Street Knowledge on Groove Shark,3,2,0,0.00013177312,3,OOD_Class_2
Add One Good Reason to the bachelor party playlist,0,0,0,0.00015990033,3,OOD_Class_2
play Latina,3,2,0,0.000119401855,3,OOD_Class_2
Give me the weather forecast for Wisconsin Dells in Saint Kitts and Nevis on the day after tomorrow,2,5,1,0.0009011443,3,OOD_Class_2
Tell me the weather forecast for my current place at 15 o'clock,2,5,1,0.0004679626,3,OOD_Class_2
add farruko presenta los menores to my amor amor playlist,0,0,0,0.00016249587,3,OOD_Class_2
I would like to find a cafe that serves grilled meat close by in Tunisia and need a table for 2 one second from now .,1,1,0,0.00015237776,3,OOD_Class_2
"warmer condition in Haiti , South Otselic",2,1,1,0.00019204854,3,OOD_Class_2
what will the weather be like in Brownfield,2,5,1,0.00033649438,3,OOD_Class_2
Tell me if snow is in the forecast for Teterville,2,5,1,0.00030518146,3,OOD_Class_2
find the game Selling Blue Elephants,5,4,0,0.00011054061,3,OOD_Class_2
I want to play the game Guitar Heaven ... The Greatest Guitar Classics of All Time,5,4,0,0.00011859601,3,OOD_Class_2
What Can I watch watch the television show Catch,5,4,0,0.00010015963,3,OOD_Class_2
Will it be warm in the current place next spring,2,5,1,0.00034909236,3,OOD_Class_2
add sweets edison to relaxing playlist,0,0,0,0.00016273261,3,OOD_Class_2
what is the forecast for colder conditions within the same area of this current place,2,5,1,0.035683632,3,OOD_Class_2
"How is the weather in Edesville , MN ?",2,5,1,0.0005724413,3,OOD_Class_2
Please book a table for four at a restaurant in TN,1,1,0,0.00015082241,3,OOD_Class_2
I'd like to watch Abbott and Costello Meet Captain Kidd at the nearest cinema,6,5,0,0.00018633241,3,OOD_Class_2
Book a restaurant for a party of 7 in Paraguay on Saturday,1,1,0,0.00015576376,3,OOD_Class_2
add how to my week end playlist,0,0,0,0.0001607617,3,OOD_Class_2
play a popular sort of fifties tune music,3,2,0,0.00013529754,3,OOD_Class_2
How chilly will it get here ?,2,5,1,0.0012467558,3,OOD_Class_2
Play music by Raheem Devaughn .,3,2,0,0.00014346531,3,OOD_Class_2
I want to listen to the song The Loving Spirit,5,4,0,9.075183e-05,3,OOD_Class_2
When will WI be temperate ?,2,5,1,0.00017504915,3,OOD_Class_2
Give this album 0 stars,4,3,0,0.00012431675,3,OOD_Class_2
Let me get the forecast for tea time in El Salvador .,2,5,1,0.0008490905,3,OOD_Class_2
"How temperate is it in Lopeno , Thailand ?",2,1,1,0.00021410141,3,OOD_Class_2
what will the weather be in East New Market Antarctica,2,5,1,0.0003837421,3,OOD_Class_2
Weather next year in Dominica,2,5,1,0.0017642629,3,OOD_Class_2
What is the forecast for Iceland and Danville for rain for nine months from now,2,5,1,0.00053979264,3,OOD_Class_2
"How cold is it going to be in San Marcial , AK in one second ?",2,5,1,0.0012470458,3,OOD_Class_2
I have six people who would like to eat at a cafe that serves american chinese cuisine in TX .,1,1,0,0.00015652429,3,OOD_Class_2
"Find the weather prediction for Camdeboo-Nationalpark for jan. eleventh, 2037 .",2,5,1,0.00089365646,3,OOD_Class_2
forecast for Conrad,2,4,1,0.00081270735,3,OOD_Class_2
How is the forecast for OK ?,2,4,1,0.009479116,3,OOD_Class_2
Tell me where I can watch Common Law Cabin,6,5,0,0.00023623348,3,OOD_Class_2
"How cold is it in Cargray , Argentina ?",2,1,1,0.00044510688,3,OOD_Class_2
I need to know the weather at the Queen Elizabeth National Park,2,5,1,0.00033374736,3,OOD_Class_2
What is the weather in Silver Springs Western Sahara ?,2,5,1,0.00042116627,3,OOD_Class_2
book for 2 at a cafe for burgers in Gasport,1,1,0,0.00014732988,3,OOD_Class_2
what movies are playing in the area ?,6,5,0,0.00014218036,3,OOD_Class_2
Find the schedule for Across the Line at the closest movie house .,6,5,0,0.00016222177,3,OOD_Class_2
Find a video game called No Parking on the Dance Floor .,5,4,0,0.00012823084,3,OOD_Class_2
Please get seating for me and my children,1,1,0,0.00017549373,3,OOD_Class_2
Find a table for five at Harveys in De Berry ID on April the 10th,1,1,0,0.00015066392,3,OOD_Class_2
how is the weather in Mount Olivet,2,5,1,0.00030622949,3,OOD_Class_2
I need a reservation in Steele City,1,1,0,0.00014030501,3,OOD_Class_2
Show films at the nearest cinema,6,5,0,0.00015616108,3,OOD_Class_2
add décadas to my list Neo da Matrix,0,0,0,0.00015811257,3,OOD_Class_2
What will the weather be in Bernie ID ?,2,5,1,0.00017782388,3,OOD_Class_2
Is it supposed to snow in NV,2,5,1,0.00028559245,3,OOD_Class_2
Book a reservation for an osteria restaurant for 4 people on november 4,1,1,0,0.00015891237,3,OOD_Class_2
Rate The Watsons four of 6 stars,4,3,0,0.00011816215,3,OOD_Class_2
Will it be cold in Chatmoss Albania 8 years and a half from now,2,1,1,0.00084280525,3,OOD_Class_2
Add radhae unakku kobam aagathadi to my Women of Metal playlist,0,0,0,0.00016545998,3,OOD_Class_2
Add silver apples to teh sin estrés playlist.,0,0,0,0.00017054491,3,OOD_Class_2
What's the weather in Mayotte,2,5,1,0.00028281342,3,OOD_Class_2
"Please reserve a table at the food truck in Wheeler for december 4th, 2019",1,1,0,0.00017632541,3,OOD_Class_2
Could you find the TV series The Approach,5,4,0,8.943009e-05,3,OOD_Class_2
Can you get me the Rakuen Tsuihou Expelled from Paradise television show ?,5,4,0,0.000106296444,3,OOD_Class_2
Give the saga called The Bridges of Madison County four of 6 stars .,4,3,0,0.00012078689,3,OOD_Class_2
Put gregory douglass in Halloween Teens please,0,0,0,0.00014823631,3,OOD_Class_2
Will there be a snowstorm at my current place ?,2,5,1,0.0002387107,3,OOD_Class_2
Tell me the weather forecast for my current spot 1 minute from now,2,5,1,0.00068989495,3,OOD_Class_2
When can I watch Alice A True Story at AMC Theatres ?,6,5,0,0.0001903789,3,OOD_Class_2
Is rainfall forecast for Flying Hills ?,2,5,1,0.00031749162,3,OOD_Class_2
"I need a forecast for Jetmore , Massachusetts in 1 hour and 1 second from now",2,1,1,0.0021450564,3,OOD_Class_2
"Will it be foggy in the same area of Parc provincial Kettle Lakes on february the thirteenth, 2018 ?",2,5,1,0.00051837706,3,OOD_Class_2
what will the temperate be here on Shmini Atzeret,2,4,1,0.0010288057,3,OOD_Class_2
Find me Recorder and Randsell,5,4,0,0.00020264096,3,OOD_Class_2
"What is the weather supposed to be like on Sep. 20 in Maltby , Russia",2,5,1,0.00078649214,3,OOD_Class_2
What is the weather forecast for my current place ?,2,5,1,0.0008796516,3,OOD_Class_2
What will it feel like on patriot's day on South Georgia and the South Sandwich Islands,2,4,1,0.00065222225,3,OOD_Class_2
what is the Oct. 10 forecast for Cuyabeno Wildlife Reserve,2,5,1,0.0005972649,3,OOD_Class_2
Will it be colder here one minute from now,2,5,1,0.00032851513,3,OOD_Class_2
Find a show called Last Night On Earth .,5,4,0,8.492218e-05,3,OOD_Class_2
What is the weather forecast in 13 seconds in Grand Traverse Bay Bottomland Preserve,2,5,1,0.00024680205,3,OOD_Class_2
Will it be warm in Chicamocha National Park ?,2,5,1,0.00040888978,3,OOD_Class_2
what is the weather in Forêt nationale Davy Crockett today,2,5,1,0.00022189741,3,OOD_Class_2
give three stars out of 6 in current essay,4,3,0,0.00013021949,3,OOD_Class_2
what is the forecast for hot temps in Ocean Park,2,5,1,0.00019583944,3,OOD_Class_2
How hot will be there in Kanwar Lake Bird Sanctuary tomorrow ?,2,5,1,0.00072228065,3,OOD_Class_2
Will there be a blizzard in Woodmere,2,5,1,0.0002548362,3,OOD_Class_2
The current textbook gets a 2 rating.,4,3,0,0.00012346875,3,OOD_Class_2
I need a table booking for a highly rated sardinian pub .,1,1,0,0.00014140955,3,OOD_Class_2
I'd like to find the soundtrack Tianjin Today Evening News,5,4,0,0.0001032434,3,OOD_Class_2
Please play something that's freak folk on Google Music,3,2,0,0.0001299812,3,OOD_Class_2
What's the weather forecast for Sequoyah National Wildlife Refuge,2,5,1,0.00042034563,3,OOD_Class_2
what is the weather of New Jersey Palisades at three hundred three days from now,2,5,1,0.0003148111,3,OOD_Class_2
Is the forecast windy in Nigeria on Nov. the 6th,2,5,1,0.00024691856,3,OOD_Class_2
What was the weather last February in William A. Switzer Provincial Park ?,2,5,1,0.00033935782,3,OOD_Class_2
what is the chilly forecast for Mustoe North Carolina,2,5,1,0.00089737825,3,OOD_Class_2
what movies are playing in the neighborhood,6,5,0,0.00014470349,3,OOD_Class_2
Play new Teo Macero,3,2,0,9.299023e-05,3,OOD_Class_2
I want to watch the TV show Official Detective,5,4,0,0.00010425298,3,OOD_Class_2
I want 4813 added to my Rhythm and Blues playlist,0,0,0,0.0001819825,3,OOD_Class_2
find films in 12 hours at the nearest movie theatre,6,5,0,0.00016720963,3,OOD_Class_2
play Soheila Zaland,3,2,0,8.615598e-05,3,OOD_Class_2
Give Northern Lights Audio 5 / 6 points,4,3,0,0.00011718536,3,OOD_Class_2
"hannah lewis and chelsea want to go to a cafe in Botswana on Apr. the seventeenth, 2024",1,1,0,0.00017131923,3,OOD_Class_2
What's the weather forecast for 3 hours from now at Christmas Island ?,2,5,1,0.00018391886,3,OOD_Class_2
add cross bones style to Guest List TaKe,0,0,0,0.0001599005,3,OOD_Class_2
will it be chillier in Saxis North Dakota,2,1,1,0.0003358977,3,OOD_Class_2
What will the weather be one second from now in Chad ?,2,5,1,0.00018432466,3,OOD_Class_2
please put this track onto letha's signed xoxo playlist,0,0,0,0.00017458519,3,OOD_Class_2
What is the films with movie times in the area,6,5,0,0.00015646621,3,OOD_Class_2
What will the weather be like 1 second from now in Pugu Hills Forest Reserve,2,5,1,0.00032795602,3,OOD_Class_2
Forecast in Layhigh,2,1,1,0.0019156066,3,OOD_Class_2
I want the weather for Saint Martin next year,2,5,1,0.00068940053,3,OOD_Class_2
Search for Big Ideas painting,5,4,0,0.000114275026,3,OOD_Class_2
Show the Innocent When You Dream saga,5,4,0,9.5475996e-05,3,OOD_Class_2
What is the weather doing in South Carolina right now ?,2,5,1,0.00023274776,3,OOD_Class_2
play me music by Whip with Zvooq,3,2,0,0.0001290991,3,OOD_Class_2
Rate current book 0,4,3,0,0.00011787081,3,OOD_Class_2
Play me a ballad by Dres on groove shark,3,2,0,0.00012415508,3,OOD_Class_2
What is the forecast in Kearneysville,2,5,1,0.00032397124,3,OOD_Class_2
book a delicatessen that is indoor for 3,1,1,0,0.00014906684,3,OOD_Class_2
Can you find me the work titled Music for Millions ?,5,4,0,0.00013932942,3,OOD_Class_2
what time can i see Girls to Marry,6,5,0,0.00015849352,3,OOD_Class_2
Play a fairouz tune on Deezer,3,2,0,0.00011460159,3,OOD_Class_2
I would give Feast of the Innocents a value of 1,4,3,0,0.00013149626,3,OOD_Class_2
What's the weather here on 2/7/2021,2,5,1,0.0001930201,3,OOD_Class_2
Can i get the showtimes for films at Dickinson Theatres ?,6,5,0,0.00017100804,3,OOD_Class_2
Lets hear some Dawood Sarkhosh from their The Power Of Your Love album from Groove Shark,3,2,0,0.00022753897,3,OOD_Class_2
what is the Bahamas forecast for stormy weather at 074321,2,5,1,0.00023165713,3,OOD_Class_2
Will it be warmer in my current position,2,5,1,0.0011454438,3,OOD_Class_2
in 257 days what will the weather be like in Cannon Ball,2,5,1,0.0006972834,3,OOD_Class_2
add this artist to cynthia's fresh finds,0,0,0,0.00016905094,3,OOD_Class_2
play Asia Nitollano using itunes,3,2,0,0.00010024423,3,OOD_Class_2
"What will the weather be like on january 2nd, 2025 in GA",2,5,1,0.00045191252,3,OOD_Class_2
What is the movie schedule at MJR Theatres ?,6,5,0,0.00015615695,3,OOD_Class_2
What's it feel like in North Gulfport,2,5,1,0.0018003993,3,OOD_Class_2
What's the weather in Fox Chapel ?,2,5,1,0.00016833031,3,OOD_Class_2
What will the weather be in Albania at 1156 .,2,5,1,0.00022619365,3,OOD_Class_2
Grab a table at a restaurant in Minnesota that serves ice cream cake,1,1,0,0.00015782955,3,OOD_Class_2
I want to hear some acid punk music,3,2,0,0.00013241383,3,OOD_Class_2
What's the weather in the Marshall Islands in sixteen hours,2,5,1,0.0002462738,3,OOD_Class_2
Book a reservation for seven people at a bar in Kentucky,1,1,0,0.00015507861,3,OOD_Class_2
Play a song by Alasdair Roberts from 1996,3,2,0,0.00012500826,3,OOD_Class_2
What's the weather like in Topock,2,5,1,0.00028841363,3,OOD_Class_2
Will it be windy at 7 AM in Dong Phou Vieng National Protected Area,2,5,1,0.0003542322,3,OOD_Class_2
Find movie times .,6,5,0,0.00015016522,3,OOD_Class_2
Play funtime activity,3,2,0,0.00010374022,3,OOD_Class_2
Show me the closest movie house playing animated movies please.,6,5,0,0.00018062106,3,OOD_Class_2
Add Magnifico to michele's playlist called 88 keys .,0,0,0,0.00017129432,3,OOD_Class_2
this textbook only gets two out of 6 stars,4,3,0,0.00013943134,3,OOD_Class_2
there is warmer at Serenada,2,1,1,0.00086709764,3,OOD_Class_2
Is it foggy in Phinizy Swamp Nature Park ?,2,5,1,0.00018189041,3,OOD_Class_2
need a table for nine in East Prairie LA,1,1,0,0.00013806653,3,OOD_Class_2
Weather within the same area as Qatar at four,2,5,1,0.0019184068,3,OOD_Class_2
what is the forecast starting 11 weeks from now nearby the state of Wisconsin,2,5,1,0.00026427986,3,OOD_Class_2
Reservea  table for five people on september second in Gabon .,1,1,0,0.00013414203,3,OOD_Class_2
"I need to know the weather for Hamorton , TN",2,5,1,0.0008999277,3,OOD_Class_2
"Is it going to get chillier at 5 am in Trussville , Bosnia and Herzegovina ?",2,1,1,0.00086203846,3,OOD_Class_2
Play the album Qr Iii by bobby bare,3,2,0,0.00012247315,3,OOD_Class_2
add this Roy Orbison song onto Women of Comedy,0,0,0,0.00016384966,3,OOD_Class_2
I'd like to book a table at a restaurant for a group of 4,1,1,0,0.00012925698,3,OOD_Class_2
Is the forecast windy now in Fort Myers Shores Arizona,2,5,1,0.00020643101,3,OOD_Class_2
Add artist Matt Noveskey to journey,0,0,0,0.00016505751,3,OOD_Class_2
Find The Coffin .,5,4,0,0.0002449987,3,OOD_Class_2
Will it be warm in Zambia at 9 PM,2,5,1,0.00025626188,3,OOD_Class_2
Tell me the weather forecast one second from now in Barnum Island,2,5,1,0.0003278019,3,OOD_Class_2
What's the humidity here right now ?,2,5,1,0.00033204234,3,OOD_Class_2
Check the forecast for Natchaug State Forest,2,5,1,0.0142380055,3,OOD_Class_2
What is the weather in CT,2,5,1,0.00038096667,3,OOD_Class_2
there is cloud in Genola South Sudan,2,1,1,0.0012693224,3,OOD_Class_2
what is the New Caledonia forecast for Bagnell on sep. the 5th,2,5,1,0.0006976317,3,OOD_Class_2
in Google Music play the top singles released in 1972,3,2,0,0.00012523429,3,OOD_Class_2
Tell me the weather forecast for here in seven years,2,5,1,0.0016402826,3,OOD_Class_2
Add an album by Liza Oumarova to the Steampunk playlist.,0,0,0,0.0001806561,3,OOD_Class_2
Is The Belles of St. Clements playing at Star Theatres in 8 minutes ?,6,5,0,0.00018891014,3,OOD_Class_2
give the current series 3 points,4,3,0,0.00012907949,3,OOD_Class_2
"Tell me the weather forecast for September 21, 2030 in Palau",2,5,1,0.0016955005,3,OOD_Class_2
add this album to my de camino a clase playlist,0,0,0,0.00016781912,3,OOD_Class_2
Book a reservation for nine at an outdoor restaurant,1,1,0,0.0001645173,3,OOD_Class_2
"What will the weather be like on feb. 8, 2034 in Cedar Mountain Wilderness",2,5,1,0.00057029387,3,OOD_Class_2
I need a cambodian brasserie restaurant that is top-rated,1,1,0,0.00014993703,3,OOD_Class_2
Will it be cold this autumn in Norfolk Island,2,5,1,0.0005561033,3,OOD_Class_2
Add another album to my keep calm playlist.,0,0,0,0.000166514,3,OOD_Class_2
Will there be a blizzard in Saudi Arabia around 2 o'clock,2,5,1,0.00021016959,3,OOD_Class_2
book for sherry and concepcion in Nunam Iqua at the best restaurant,1,1,0,0.00014182423,3,OOD_Class_2
I want to go see The Trouble with Girls,6,4,0,0.0034022108,3,OOD_Class_2
"What will the weather be like in the Falkland Islands starting may 25, 2022",2,5,1,0.0003846546,3,OOD_Class_2
"book a restaurant for me, angela and mercedes in Cimarron City , Colorado",1,1,0,0.00019121064,3,OOD_Class_2
I want to watch the television show Symphony for Solo Piano,5,4,0,0.00013037089,3,OOD_Class_2
What's the weather forecast for Belknap ?,2,5,1,0.0008347996,3,OOD_Class_2
What is the forecast for this Fall in Lesotho,2,5,1,0.0010331396,3,OOD_Class_2
Show Famous Classic Tales television show,5,4,0,0.00010756358,3,OOD_Class_2
Book a restaurant that serves scampi for 10 people.,1,1,0,0.00013592548,3,OOD_Class_2
What will the weather be in Umatilla Malta ?,2,5,1,0.0003469698,3,OOD_Class_2
Book a table for 6 at a top-rated restaurant in North AMityville MA that serves south tyrolean food,1,1,0,0.00017199098,3,OOD_Class_2
what is the Gearhart forecast,2,4,1,0.00015378089,3,OOD_Class_2
what films are showing in the neighborhood,6,5,0,0.00015343519,3,OOD_Class_2
Tell me if it will it be windy in Grizzled Squirrel Wildlife Sanctuary,2,5,1,0.00044913375,3,OOD_Class_2
Will there be a depression here on october 26,2,5,1,0.0015528834,3,OOD_Class_2
what is the Random Lake forecast for hot temps,2,5,1,0.0007070369,3,OOD_Class_2
Can you find the show The Dumping Ground Survival Files,5,4,0,8.566828e-05,3,OOD_Class_2
Rate The Art of Nijinsky 5 points,4,3,0,0.00011672757,3,OOD_Class_2
Play the top of emil de cou,3,2,0,0.000107867825,3,OOD_Class_2
play some Deezer oldies music,3,2,0,0.00011629587,3,OOD_Class_2
I need a reservation for my teens and I six months from now in Tennessee,1,1,0,0.00015001216,3,OOD_Class_2
add go to The MetalSucks Playlist,0,0,0,0.00016619041,3,OOD_Class_2
I'm looking for a table of eight at The Alley .,1,1,0,0.00013127307,3,OOD_Class_2
Add this tune to the Spinnin' Records Top 100 list,0,0,0,0.00017432649,3,OOD_Class_2
Will there be hail around Khao Phanom Bencha National Park ?,2,5,1,0.0006233332,3,OOD_Class_2
put this tune by ross the boss onto nação reggae,0,0,0,0.00016400879,3,OOD_Class_2
I want to book a restaurant in 40 weeks in Iowa .,2,1,1,0.0001364582,3,OOD_Class_2
Add artist hex hector to my old school death metal playlist,0,0,0,0.00016489625,3,OOD_Class_2
What is the weather in the Netherlands,2,5,1,0.000660506,3,OOD_Class_2
What's the weather in close by my current position,2,5,1,0.000472078,3,OOD_Class_2
Is it better in Holi or here,2,1,1,0.00083757,3,OOD_Class_2
What is the weather forecast in Delaware,2,5,1,0.00031784366,3,OOD_Class_2
Show me the song The Incredible Hulk Returns,5,4,0,0.000112835136,3,OOD_Class_2
Will it be warmer in Poplar Bluff,2,5,1,0.00041857344,3,OOD_Class_2
give me some Hank Shermann from 1975 on Lastfm,3,2,0,0.00011673919,3,OOD_Class_2
Show me the animated movies starting at 105618 a.m. at the nearest movie house,6,5,0,0.00018221751,3,OOD_Class_2
book a table for nine PM at a pub in MA,1,1,0,0.00015660099,3,OOD_Class_2
"What's the weather like in Tyonek , New Jersey",2,5,1,0.0006181668,3,OOD_Class_2
rate the book Dreams of the Raven 5 stars,4,3,0,0.00012813791,3,OOD_Class_2
"what is the weather in current location on december the 23rd, 2027",2,5,1,0.0002653068,3,OOD_Class_2
what is the forecast for Papua New Guinea for lunch for rainfall,2,5,1,0.00027558565,3,OOD_Class_2
"what will the weather be in Lago Vista on October fourteenth, 2022",2,5,1,0.00023738363,3,OOD_Class_2
Find Stays in Mexico .,5,4,0,0.0004313621,3,OOD_Class_2
"Check the weather forecast for Chisholm , Kentucky .",2,5,1,0.0044290572,3,OOD_Class_2
"Is there an expected blizzard in Brook , Tennessee today ?",2,5,1,0.00026374325,3,OOD_Class_2
Play seventies music please.,3,2,0,0.00014262766,3,OOD_Class_2
find Some of My Best Friends Are...The Piano Players,5,4,0,0.0016729629,3,OOD_Class_2
I need a reservation for a brasserie place for a party of two,1,1,0,0.00014161755,3,OOD_Class_2
Will it be hot in Saint Jo Alaska,2,1,1,0.00045417453,3,OOD_Class_2
What is the weather forecast for Winger,2,4,1,0.00053504587,3,OOD_Class_2
Show me movie times,6,5,0,0.00014652686,3,OOD_Class_2
How much rain in Montana 12 months from now,2,5,1,0.00041273874,3,OOD_Class_2
find the trailer for Hit the Ice,5,4,0,0.00011405101,3,OOD_Class_2
I need another artist in the romántica playlist.,0,0,0,0.0001712069,3,OOD_Class_2
Book a table for January the twentieth at a place far from your daughter's campus,1,1,0,0.00015576337,3,OOD_Class_2
Tell me the weather forecast for Cape Verde,2,5,1,0.013734051,3,OOD_Class_2
Add bilal to winter,0,0,0,0.0001507963,3,OOD_Class_2
Is it going to be warmer 165 days from now at Nairobi National Park,2,5,1,0.00024888985,3,OOD_Class_2
For my playlist chill add the name Cater Fe She,0,0,0,0.00017002092,3,OOD_Class_2
Play Pledge by Markus Grosskopf,3,2,0,0.00010505829,3,OOD_Class_2
Get me a Johnny Cool photograph,5,4,0,8.923724e-05,3,OOD_Class_2
play All Of Your Toys by Chris Ledoux,3,2,0,0.00015779118,3,OOD_Class_2
"Tell me if there will be a snowstorm on Sep. the second, 2028 in Olpe",2,5,1,0.00045714047,3,OOD_Class_2
Will it be hotter in Pruntytown Rhode Island,2,1,1,0.0006997994,3,OOD_Class_2
What is the movie schedule,6,5,0,0.00012842611,3,OOD_Class_2
Will it be chillier in Suwannee,2,1,1,0.0005068916,3,OOD_Class_2
Add ricky nelson to my Classical X playist,0,0,0,0.00016273353,3,OOD_Class_2
Will it be chilly in Oakdale OK,2,5,1,0.00065797183,3,OOD_Class_2
Play something by Chris Knight,3,2,0,0.00012151866,3,OOD_Class_2
What will the weathr be in Akin Jamaica ?,2,1,1,0.00016711769,3,OOD_Class_2
I want to see the television show called Cuts Both Ways,5,4,0,9.048623e-05,3,OOD_Class_2
Where can I buy a hardcover copy of the book The Intangibles of Leadership ?,5,4,0,0.000113919814,3,OOD_Class_2
"What will be wind speed in Tiplersville , South Sudan ?",2,5,1,0.0001788538,3,OOD_Class_2
When is The Blood of Others playing?,6,5,0,0.0002541231,3,OOD_Class_2
What are the movie times for Megaplex Theatres,6,5,0,0.00016477586,3,OOD_Class_2
Find The Photographic Journal .,5,4,0,0.00013331066,3,OOD_Class_2
Play some anneliese van der pol from the thirties on Groove Shark,3,2,0,0.00012476057,3,OOD_Class_2
Can you tell me what the weather is like at Sam D. Hamilton Noxubee National Wildlife Refuge,2,5,1,0.0006101256,3,OOD_Class_2
What's the weather in Parthenon,2,5,1,0.00030658866,3,OOD_Class_2
Show me Tears On My Pillow .,5,4,0,0.00016689383,3,OOD_Class_2
Is it nice in PW,2,1,1,0.0006117667,3,OOD_Class_2
Play music from the seventies for me.,3,2,0,0.00016081914,3,OOD_Class_2
"What will the weather be like here on September 17, 2040",2,5,1,0.00041226845,3,OOD_Class_2
Will it be hotter in CT at 6 am,2,5,1,0.00037722845,3,OOD_Class_2
Book a brasserie type restaurant that serves pizzas in AMerican Samoa,1,1,0,0.00016331581,3,OOD_Class_2
Play a Paul Davis melody,3,2,0,0.00012885271,3,OOD_Class_2
Would like to find the trailer for An Experiment with Time,5,4,0,0.000109683206,3,OOD_Class_2
Add a tune by alex gaudino to my The New Waltz playlist.,0,0,0,0.0001714607,3,OOD_Class_2
Is the films 19 hours from now playing at Landmark Theatres,6,5,0,0.00018689936,3,OOD_Class_2
Rate Through Distant Worlds and Times 5 of 6 points,4,3,0,0.000121853365,3,OOD_Class_2
Give 3 / 6 stars to Doctor in the House,4,3,0,0.00012517007,3,OOD_Class_2
rate this textbook two of 6 stars,4,3,0,0.00012664523,3,OOD_Class_2
Will it be colder at five o'clock at the Apolobamba Integrated Management Natural Area,2,5,1,0.0002859471,3,OOD_Class_2
Add r u still in 2 it to the under the surface playlist,0,0,0,0.00016052235,3,OOD_Class_2
How much snow will we get this week in Massachusetts ?,2,5,1,0.00033057018,3,OOD_Class_2
Play The Way It Has To Be by Tom G Warrior on Zvooq,3,2,0,0.00019867234,3,OOD_Class_2
"What's the weather forecast for Aug. 8, 2020 at my current location ?",2,5,1,0.00021004645,3,OOD_Class_2
Forecast for Switzer,2,4,1,0.0010103782,3,OOD_Class_2
Is it colder faraway from my current spot ?,2,5,1,0.001360177,3,OOD_Class_2
What will the weather be in Kokhanok,2,5,1,0.0002108636,3,OOD_Class_2
Will there be a lot of sun in Dry Prong Somalia at 5 pm,2,5,1,0.00022571563,3,OOD_Class_2
Folk and Fairy Tales gets 1 out of 6 points,4,3,0,0.00013435195,3,OOD_Class_2
Play the album Vibrations by Marion Elise Raven,3,2,0,0.000103636674,3,OOD_Class_2
play By The Sleepy Lagoon by Greg Kurstin,3,2,0,0.00014193164,3,OOD_Class_2
Book a spot for one at a fish restaurant,1,1,0,0.00014689953,3,OOD_Class_2
Play the Mother Lode by Tamio Okuda,3,2,0,0.0001489608,3,OOD_Class_2
Is there fog in Refugio,2,5,1,0.0002467135,3,OOD_Class_2
I would like to book a restaurant for two in 42 weeks from now in Wagram,1,1,0,0.00015304977,3,OOD_Class_2
What's the weather in New Beaver,2,5,1,0.00024444537,3,OOD_Class_2
I need a reservation for ten at a tavern in West Virginia,1,1,0,0.00014293724,3,OOD_Class_2
Add what child is this to Dark Dance Floors,0,0,0,0.00014389113,3,OOD_Class_2
Where is Nichiren to Mōko Daishūrai playing,6,5,0,0.00039337168,3,OOD_Class_2
Is it going to be rainy here one second from now,2,5,1,0.00025667678,3,OOD_Class_2
Is there a depression in weather at my current spot,2,5,1,0.0009661706,3,OOD_Class_2
I want to find a book called Cash-Cash,5,4,0,9.472845e-05,3,OOD_Class_2
Weather for Swaziland,2,4,1,0.0022055546,3,OOD_Class_2
Give this chronicle 4 stars,4,3,0,0.00013098458,3,OOD_Class_2
need a table somewhere in McLaurin Connecticut,1,1,0,0.00013901127,3,OOD_Class_2
What are the movie schedules,6,5,0,0.00014119386,3,OOD_Class_2
add this song by torch to my Sing Along playlist,0,0,0,0.00016401317,3,OOD_Class_2
On 2/25/2025 will it be hot in Holstein,2,1,1,0.000853515,3,OOD_Class_2
I'd like a movie schedule for a close by movies,6,5,0,0.00012583466,3,OOD_Class_2
will the weather be warm in August at the faraway in Micronesia,2,5,1,0.00088451576,3,OOD_Class_2
"I want to book a bar in Bow Mar , New Mexico",1,1,0,0.00014653907,3,OOD_Class_2
Will it be hotter on oct. the 20th in Massachusetts,2,5,1,0.0008265164,3,OOD_Class_2
Is it forecast to be stormy close to Nimule-Nationalpark 1 hour from now ?,2,5,1,0.00026510307,3,OOD_Class_2
add song to Women of SXSW,0,0,0,0.00016545947,3,OOD_Class_2
Play artist stu davis from the album Dub Chamber 3 on Netflix,3,2,0,0.00012561538,3,OOD_Class_2
Will it storm in North Sioux City AL,2,5,1,0.0016477802,3,OOD_Class_2
What will the weather be faraway from here 308 days from now,2,5,1,0.00043516446,3,OOD_Class_2
I'd like to see movie times please.,6,5,0,0.00018182998,3,OOD_Class_2
rate the Which Moped with Chrome-plated Handlebars at the Back of the Yard ? saga a one,4,3,0,0.000117125004,3,OOD_Class_2
show creative video game The Boat Is Full,5,4,0,0.000113163565,3,OOD_Class_2
"The chronicle of The Emperor Wears No Clothes was too naive and simple, I'd give it 1 out of 6 stars .",4,3,0,0.00012801247,3,OOD_Class_2
Will it be freezing nearby Thap Lan National Park at 4 pm,2,5,1,0.0002320494,3,OOD_Class_2
find Loved Ones for me,5,4,0,0.00040096304,3,OOD_Class_2
book fast food that is highly rated,1,1,0,0.00013282873,3,OOD_Class_2
Will it be sunny in South Superior ?,2,5,1,0.0004020569,3,OOD_Class_2
what is the forecast for 1504 in Georgia for overcast conditions in Valley View,2,5,1,0.0004168753,3,OOD_Class_2
What's the weather in Oregon,2,5,1,0.00030638205,3,OOD_Class_2
What will the weather be in the current spot on 12/14/2023 .,2,5,1,0.00035845683,3,OOD_Class_2
Reserve a place to eat on march fifteenth in China within the same area .,1,1,0,0.0001729174,3,OOD_Class_2
Book a restaurant within the same area of Ely for 10 people.,1,1,0,0.00015992438,3,OOD_Class_2
Where can I find the game Skip to the End ?,5,4,0,8.198716e-05,3,OOD_Class_2
What is the humidity like in Leoti,2,5,1,0.0006236067,3,OOD_Class_2
Add Pimp C to my workout remix .,0,0,0,0.0001660272,3,OOD_Class_2
I need the weather in Wakarusa,2,5,1,0.00068263285,3,OOD_Class_2
Play me a Patrick Cowley ballad,3,2,0,0.00011194811,3,OOD_Class_2
What's the weather in Wisconsin on National Maritime Day,2,5,1,0.00022079142,3,OOD_Class_2
What's the forecast for Walker Bay Nature Reserve for next year ?,2,5,1,0.00046623143,3,OOD_Class_2
In Portales Gambia what is the humidity this morning,2,5,1,0.00083450915,3,OOD_Class_2
Is it going to be warm in Cottageville,2,5,1,0.0005255692,3,OOD_Class_2
"find Long Walk to Forever , a novel",5,4,0,9.727081e-05,3,OOD_Class_2
What's the weather like today in Plankinton ?,2,5,1,0.00023377927,3,OOD_Class_2
find a TV show called Full House,5,4,0,8.4505635e-05,3,OOD_Class_2
Add Troy van Leeuwen to my nu metal list,0,0,0,0.0001623352,3,OOD_Class_2
What's the weather in Burns,2,5,1,0.0003150256,3,OOD_Class_2
Add a song to my playlist Impulso Creativo,0,0,0,0.00016513701,3,OOD_Class_2
"Play me track September, Gouden Roos by artist daedelus",3,2,0,0.0001133729,3,OOD_Class_2
put this tune playing into my La Mejor Música Dance 2017 playlist,0,0,0,0.00016360986,3,OOD_Class_2
play robert fripp sound track on Pandora,3,2,0,9.937473e-05,3,OOD_Class_2
add satisfied to my Rockin' Vibes playlist,0,0,0,0.00017179913,3,OOD_Class_2
rate What the Dog Saw a two,4,3,0,0.00010880002,3,OOD_Class_2
give 3 out of 6 series of The Africa House,4,3,0,0.00013363146,3,OOD_Class_2
"Add another tune to my songs for you, not your parents playlist.",0,0,0,0.00016930206,3,OOD_Class_2
add Teddy Boy to my Irish Folk – Jigs & Reels playlist,0,0,0,0.00016505692,3,OOD_Class_2
rate Personal Demons 0 out of 6 points,4,3,0,0.000120669334,3,OOD_Class_2
What will the weather be like in India at 025525 AM,2,5,1,0.00049804884,3,OOD_Class_2
Will it be humid in Beedeville on november 20,2,5,1,0.00035937567,3,OOD_Class_2
give the current album a score of five out of 6,4,3,0,0.000118046046,3,OOD_Class_2
What is the weather one second from now in Blue Ridge Berryessa Natural Area,2,5,1,0.00040560606,3,OOD_Class_2
Is there rain in Nauru at 6 am,2,5,1,0.0003038425,3,OOD_Class_2
Is the weather colder in Costa Rica,2,5,1,0.00075125636,3,OOD_Class_2
Play music on Netflix .,3,2,0,0.00013177797,3,OOD_Class_2
find the picture Louder Than Bombs,5,4,0,9.128687e-05,3,OOD_Class_2
Add artist to my Broken Heart,0,0,0,0.00014773702,3,OOD_Class_2
I am giving the current book two stars,4,3,0,0.0001252301,3,OOD_Class_2
"find Wild Solutions , a saga",5,4,0,0.00011194257,3,OOD_Class_2
Open Deezer and play Inyección Musical,3,2,0,9.650577e-05,3,OOD_Class_2
show me the movie called People and Masks Part 2,5,4,0,9.937317e-05,3,OOD_Class_2
Can i see the Boat People ?,5,5,0,0.0006463842,3,OOD_Class_2
I give The Universe Maker a rating of zero,4,3,0,0.0001218528,3,OOD_Class_2
find the painting ICAC Investigators 2014,5,4,0,0.00012598012,3,OOD_Class_2
Include Hermann Baumann in my Texas Red Dirt list,0,0,0,0.00016313016,3,OOD_Class_2
Add patti page album to i love my neo soul,0,0,0,0.00016313195,3,OOD_Class_2
what is the temperate in Uzbekistan,2,5,1,0.0037364038,3,OOD_Class_2
What will the weather be in Wakarusa,2,5,1,0.00024685223,3,OOD_Class_2
find Harry Potter and the Deathly Hallows – Part 2,5,4,0,0.00024478437,3,OOD_Class_2
What's the weather here ?,2,5,1,0.00026366112,3,OOD_Class_2
will it be stormy in Saint Pierre and Miquelon in the city of Wenham,2,1,1,0.00026796968,3,OOD_Class_2
Book a table for 0445 pm at a restaurant in Washington .,1,1,0,0.0001534984,3,OOD_Class_2
"Tell me if it'll be snowy in Coastal Landscape Park on october 2, 2027",2,5,1,0.0006460857,3,OOD_Class_2
Find the work Compiled fragments 1997-2003,5,4,0,0.00013463177,3,OOD_Class_2
Will it be rainy at Sunrise in Ramey Saudi Arabia ?,2,5,1,0.0003524232,3,OOD_Class_2
Add all together now to my playlist the road to punk rock,0,0,0,0.00016562204,3,OOD_Class_2
what will the weather be for Hooksett,2,5,1,0.0003196708,3,OOD_Class_2
What's the weather like in Wyandotte Netherlands Antilles,2,5,1,0.0015172937,3,OOD_Class_2
book a tea house on 5/20/2028 in Pataskala that serves crepe in NC for five,1,1,0,0.00017487018,3,OOD_Class_2
show weather forecast in East Tawakoni Italy at four PM,2,4,1,0.00018195299,3,OOD_Class_2
"add Hello Central, Give Me Heaven to Indie Pop",0,0,0,0.00016146895,3,OOD_Class_2
What's the weather in the current place ?,2,5,1,0.00023462728,3,OOD_Class_2
Is there snowfall nearby AMerican Samoa,2,5,1,0.00097004,3,OOD_Class_2
Show me the movie schedules for movies playing around here today.,6,5,0,0.00017352821,3,OOD_Class_2
I want to hear a good song from 2016,3,2,0,0.00012959854,3,OOD_Class_2
"Tell me the weather forecast for Roseburg , Iowa",2,5,1,0.011823142,3,OOD_Class_2
Find a song called In Your Eyes .,5,4,0,9.473799e-05,3,OOD_Class_2
Is it going to rain in Tonopah ?,2,5,1,0.00026964853,3,OOD_Class_2
Find a TV show called The God Boy .,5,4,0,9.81298e-05,3,OOD_Class_2
Will it be freezing in 5 weeks from now in NH,2,5,1,0.0007060253,3,OOD_Class_2
"What will the weather be like here on february 22, 2024",2,5,1,0.00070419157,3,OOD_Class_2
When Religion Becomes Evil is only worth 1 stars,4,3,0,0.0001284482,3,OOD_Class_2
What will the weather be in Hialeah Gardens on October the 24th ?,2,5,1,0.00018664521,3,OOD_Class_2
the stars for Behind the Beat should number four for this chronicle,4,3,0,0.00014583286,3,OOD_Class_2
Add Kirk Hammett to Calm Down,0,0,0,0.00016700107,3,OOD_Class_2
"Will it be warm next winter in Smolan , Burkina",2,5,1,0.0015066421,3,OOD_Class_2
book a table at a restaurant in Saudi Arabia that serves presskopf,1,1,0,0.00014899365,3,OOD_Class_2
I need to book a top-rated steakhouse this Autumn for 1 around Azerbaijan,1,1,0,0.00015274959,3,OOD_Class_2
I want to find parking next to a restaurant for 10,1,1,0,0.0001646377,3,OOD_Class_2
Is it cloudy in the same area of Lynn Shore Reservation,2,5,1,0.0008699853,3,OOD_Class_2
Will it hail in Rush Valley Denmark on 6/21/2035,2,1,1,0.0027051903,3,OOD_Class_2
What is the weather in Mascotte,2,5,1,0.0007647865,3,OOD_Class_2
add pangaea to my Gold Edition playlist,0,0,0,0.00016905223,3,OOD_Class_2
give three stars to Talbot Mundy Messenger of Destiny,4,3,0,0.00012820002,3,OOD_Class_2
Will there be a snowstorm in Taberville,2,5,1,0.00026403615,3,OOD_Class_2
Will there be a storm nearby,2,5,1,0.00031916774,3,OOD_Class_2
add an album in Sweet Soul Chillout,0,0,0,0.00015795942,3,OOD_Class_2
Rate the current album a four,4,3,0,0.00011192604,3,OOD_Class_2
Will it get chillier in 2 seconds in Republic of the Congo ?,2,5,1,0.000600105,3,OOD_Class_2
What animated movies are showing in the neighborhood,6,5,0,0.00014684034,3,OOD_Class_2
I would like to rate Tar A Midwest Childhood a value of 1 and a best rating of 6,4,3,0,0.00012215014,3,OOD_Class_2
find a soundtrack called Fast as You,5,4,0,0.00011607493,3,OOD_Class_2
add album to my piano ballads,0,0,0,0.00015138881,3,OOD_Class_2
will the sun come out today in Houston,2,5,1,0.00022425412,3,OOD_Class_2
"Will be warm in Hallwood , Kosovo ?",2,1,1,0.0003687023,3,OOD_Class_2
Will there be alot of wind on March 13th in Lost Creek Bahrain,2,1,1,0.0007384959,3,OOD_Class_2
put donnie g don gorilla on my classical romance playlist,0,0,0,0.00015726541,3,OOD_Class_2
"Please look up the work, Prophets .",5,4,0,0.00010703487,3,OOD_Class_2
What's the weather forecast for Arizona City ?,2,4,1,0.00073993223,3,OOD_Class_2
rate this series chronicle 0 points,4,3,0,0.00012813779,3,OOD_Class_2
Show me NCAA College Football 2K3,5,4,0,0.00013501426,3,OOD_Class_2
Find the movie schedule .,6,5,0,0.00013928521,3,OOD_Class_2
Is there any snowfall in Shubuta,2,5,1,0.0013156984,3,OOD_Class_2
Rate the current textbook 3 of 6,4,3,0,0.0001252307,3,OOD_Class_2
show Investigating Sex album,5,4,0,0.00011162921,3,OOD_Class_2
Asiate restaurant in Sturgeon for 7,1,1,0,0.000134407,3,OOD_Class_2
What's the weather in Stone Mountain Kentucky,2,5,1,0.00030851678,3,OOD_Class_2
Get me the Elvis' Christmas Album TV show .,5,4,0,0.00010104503,3,OOD_Class_2
I think this album deserves 0 points,4,3,0,0.000121258534,3,OOD_Class_2
how cold will it be here in 1 second,2,5,1,0.00023675636,3,OOD_Class_2
Can I see Ellis Island Revisited in 1 minute,6,5,0,0.0002928333,3,OOD_Class_2
Locate the Koi to Senkyo to Chocolate television show,5,4,0,0.00010766272,3,OOD_Class_2
Tell me the forecast for 6 am in Tatra-Nationalpark,2,5,1,0.00063680735,3,OOD_Class_2
"book a latin cuisine pub for 2 on September the 13th, 2037 in Kazakhstan",1,1,0,0.00015553496,3,OOD_Class_2
"Give three stars / 6 to My Sister, My Love",4,3,0,0.00012523106,3,OOD_Class_2
Will it get foggy in Spring Hill ?,2,5,1,0.00020183256,3,OOD_Class_2
"Will there be wind on january 24, 2019 in Ransom",2,5,1,0.00066428224,3,OOD_Class_2
look for the saga called Death in Paradise,5,4,0,9.013167e-05,3,OOD_Class_2
I want to add michelle heaton to this is chopin,0,0,0,0.00015826628,3,OOD_Class_2
"I need a top-rated gastropub for 5 in DC in Conshohocken on Jul. the 18th, 2024",1,1,0,0.00018200677,3,OOD_Class_2
Let me hear the Live From The Ghetto album by Beau Jocque .,3,2,0,9.518922e-05,3,OOD_Class_2
Give A History of the Mind a 2 out of 6 points .,4,3,0,0.00012889155,3,OOD_Class_2
In Morgan Mill will it be sunny,2,5,1,0.0005194186,3,OOD_Class_2
I'd like to watch Monk Comes Down the Mountain,6,5,0,0.0014381562,3,OOD_Class_2
How will the weather be in Bhutto family mausoleum next autumn ?,2,5,1,0.00021699599,3,OOD_Class_2
Play Apbl98 by Alden Penner .,3,2,0,0.00012270629,3,OOD_Class_2
what is the forecast in North Carolina,2,5,1,0.0004100477,3,OOD_Class_2
Tell me the weather forecast in 4 years and a half in GA,2,5,1,0.0006522556,3,OOD_Class_2
Is it overcast in Bermuda,2,5,1,0.00048646805,3,OOD_Class_2
show creative soundtrack Pitch Black Brigade,5,4,0,0.000121999976,3,OOD_Class_2
"I'd like a table for ten in 2 minutes at French Horn, Sonning Eye",1,1,0,0.00013303668,3,OOD_Class_2
Add this song to Blues Roots,0,0,0,0.00015935337,3,OOD_Class_2
Rate the current textbook 0 out of 6 .,4,3,0,0.00012437784,3,OOD_Class_2
rate current textbook 0,4,3,0,0.0001206065,3,OOD_Class_2
"Tell me the weather forecast for Carmichaels , Gambia at one am",2,5,1,0.0009283941,3,OOD_Class_2
Book a pub for eight people in the Pitcairn Islands .,1,1,0,0.00014892081,3,OOD_Class_2
What is the weather forecast for Midnight in DC ?,2,5,1,0.00020021926,3,OOD_Class_2
Will it storm in Kinder Russia,2,5,1,0.00081574445,3,OOD_Class_2
Play music from 2010 by Jason Donovan,3,2,0,0.00012598764,3,OOD_Class_2
Tell me if it'll be temperate three hours from now in Bonaire,2,1,1,0.0006559466,3,OOD_Class_2
I need the movie Kids in Love at the movie house,6,5,0,0.0003175834,3,OOD_Class_2
what is the weather of Nebraska,2,4,1,0.0011145864,3,OOD_Class_2
Rate this textbook a 2 .,4,3,0,0.00013350188,3,OOD_Class_2
what will the weather be like in Nickelsville,2,5,1,0.0002659602,3,OOD_Class_2
Is it going to be stormy in Austin Creek State Recreation Area at 0942 ?,2,5,1,0.00031270442,3,OOD_Class_2
Wuill it be cloudy in Dickson City Illinois,2,1,1,0.00028723796,3,OOD_Class_2
Is it hot in the current location ?,2,5,1,0.0002926813,3,OOD_Class_2
play an eighties song by Ler Lalonde,3,2,0,0.00014729638,3,OOD_Class_2
Find a picture called Blink of an Eye .,5,4,0,9.870661e-05,3,OOD_Class_2
what is the forecast for Ōtone Prefectural Natural Park in 1 hour and within the same area,2,5,1,0.00022520925,3,OOD_Class_2
Give me a weather forecast for CA,2,4,1,0.018430093,3,OOD_Class_2
Play Rap Album One by Gene Vincent .,3,2,0,0.000132944,3,OOD_Class_2
What animated movies are at Pacific Theatres,6,5,0,0.00015554986,3,OOD_Class_2
put this artist on Domingo Indie,0,0,0,0.0001515338,3,OOD_Class_2
"What's the weather forecast for Winnfield , Georgia ?",2,5,1,0.0009121046,3,OOD_Class_2
add Jacob Hoggard to my get going playlist,0,0,0,0.0001652962,3,OOD_Class_2
Play music by Ian Haugland,3,2,0,0.000112498696,3,OOD_Class_2
Show weather forecast nearby Elk City State Park,2,4,1,0.00046714258,3,OOD_Class_2
Find Once Upon a Time in the West,5,4,0,0.000212658,3,OOD_Class_2
weather on september 14 in Crofton Ukraine,2,5,1,0.0022724047,3,OOD_Class_2
Will it be chilly at 11 am in Loup City,2,5,1,0.00029483842,3,OOD_Class_2
For the book Deception I rate it four points,4,3,0,0.000119495686,3,OOD_Class_2
Where can I stream a television show called Safety EP ?,5,4,0,0.0001053787,3,OOD_Class_2
Tell me if there will be wind in NE,2,5,1,0.0020155571,3,OOD_Class_2
Tell me the movie schedule for Warren Theatres,6,5,0,0.00015313343,3,OOD_Class_2
show animated movie at Century Theatres,6,5,0,0.0001561341,3,OOD_Class_2
Show movies in the neighborhood,6,5,0,0.00014119908,3,OOD_Class_2
forecast for Guatemala,2,4,1,0.0005610466,3,OOD_Class_2
Give me the weather forecast for Zambia,2,4,1,0.0069141956,3,OOD_Class_2
Rate Sandworms of Dune three out of 6 stars,4,3,0,0.000114637995,3,OOD_Class_2
What's the weather forecast in the same area as LA in 1 minute ?,2,5,1,0.00019405525,3,OOD_Class_2
"book a table at an oyster bar that serves apple butter on Jul. 10th, 2028",1,1,0,0.00016173009,3,OOD_Class_2
Weather for South Williamsport,2,5,1,0.0013314649,3,OOD_Class_2
Find me The Age for Love playing at the closest movie house .,6,5,0,0.00016413121,3,OOD_Class_2
Play Alles Heeft Ritme by Liu Tianhua .,3,2,0,0.00014873613,3,OOD_Class_2
When's Fools for Luck showing?,6,5,0,0.00013211125,3,OOD_Class_2
rate A Thousand Lies series a 3,4,3,0,0.0001262734,3,OOD_Class_2
Is it freezing at Jasmund National Park,2,5,1,0.00017458403,3,OOD_Class_2
what's the forecast for sep. 26 in Emerado Saint Pierre and Miquelon,2,5,1,0.0006975747,3,OOD_Class_2
book a gluten free restaurant in Arp,1,1,0,0.00015485246,3,OOD_Class_2
What's the weather in Andorra,2,5,1,0.00041937662,3,OOD_Class_2
Will it be chillier at my current location in one minute ?,2,5,1,0.0012348914,3,OOD_Class_2
"Will it be freezing in Poland on July 5, 2032",2,5,1,0.00033860875,3,OOD_Class_2
"Tell me if it will be hot on Jun. the 10th in San de Fuca , Sweden",2,1,1,0.0003519019,3,OOD_Class_2
play something from 1981,3,2,0,0.00012234786,3,OOD_Class_2
Will it be hot on orthodox good friday in Michigan and close-by,2,5,1,0.0004371843,3,OOD_Class_2
Add this album to my pop playlist,0,0,0,0.00017246856,3,OOD_Class_2
Book a table for 8 at a restaurant that serves far breton .,1,1,0,0.00015178451,3,OOD_Class_2
Will it be warm in Hematite ?,2,1,1,0.0083150705,3,OOD_Class_2
what will the weather be like in New Glarus,2,5,1,0.00039544152,3,OOD_Class_2
rate Doctor No one of 6,4,3,0,0.00011407924,3,OOD_Class_2
Is there going to be any cloud cover today at McCracken in AZ ?,2,5,1,0.0002806129,3,OOD_Class_2
Find a television show called Merced Sun-Star .,5,4,0,9.066431e-05,3,OOD_Class_2
Rate current book 2 of 6,4,3,0,0.000121437275,3,OOD_Class_2
How will the weather be five weeks from now in Moneta ?,2,5,1,0.00035246025,3,OOD_Class_2
In seven hours from now will it rain at my current place,2,1,1,0.0007905128,3,OOD_Class_2
what films are showing nearby,6,5,0,0.00014597784,3,OOD_Class_2
Will it rain here at 132209 ?,2,5,1,0.00033458084,3,OOD_Class_2
Give me the weather forecast for Nationaal park Garphyttan,2,5,1,0.0019546328,3,OOD_Class_2
whats the weather in Irma,2,5,1,0.0002862369,3,OOD_Class_2
Play new track from the fifties,3,2,0,0.00010818517,3,OOD_Class_2
Is there a snowstorm in the forecast for El Cenizo,2,5,1,0.0003029131,3,OOD_Class_2
Will there be rainfall faraway from Uganda,2,5,1,0.0016572194,3,OOD_Class_2
forecast for Addo-Elefanten-Nationalpark,2,5,1,0.003908409,3,OOD_Class_2
Will it be colder in Virgin Islands National Park ?,2,5,1,0.00037272347,3,OOD_Class_2
Book me a table at a Tartinery Restaurant not far from my home in Elk Rapids .,1,1,0,0.00014950418,3,OOD_Class_2
Rate my current novel one out of 6 points,4,3,0,0.00012559867,3,OOD_Class_2
Play some Mike Burney on Google Music .,3,2,0,0.00014743897,3,OOD_Class_2
Rate 5 out of 6 points to My Favorite Fantasy Story,4,3,0,0.00013311183,3,OOD_Class_2
"What is the weather like in Roeland Park , Guadeloupe ?",2,5,1,0.00069195544,3,OOD_Class_2
add paulinho da viola to my Radio Rock song list,0,0,0,0.0001720471,3,OOD_Class_2
book a restaurant that serves trottole in Tillicum,1,1,0,0.00015402416,3,OOD_Class_2
give 1 out of 6 points to this novel,4,3,0,0.00014211221,3,OOD_Class_2
"book a table for June the thirteenth, 2033 in Saint Barthélemy for 6 at an indoor tea house",1,1,0,0.0001730855,3,OOD_Class_2
will Custer National Forest be chillier at seven Pm,2,5,1,0.0002137641,3,OOD_Class_2
Is it chillier here,2,5,1,0.0014246809,3,OOD_Class_2
what is the six o'clock forecast for West Selmont in Montserrat,2,5,1,0.00031503232,3,OOD_Class_2
Will there be a snowstorm in William B. Ide Adobe State Historic Park,2,5,1,0.00039260427,3,OOD_Class_2
What will the weather be in 1 day in Kuwait ?,2,5,1,0.0002488256,3,OOD_Class_2
Is it going to be colder in Botswana by 0930,2,5,1,0.00025496722,3,OOD_Class_2
What is the forecast in Lono,2,5,1,0.00038469041,3,OOD_Class_2
What will it feel like in the current place in July,2,5,1,0.00088270276,3,OOD_Class_2
What time is The Graduates of Malibu High playing at Cobb Theatres,6,5,0,0.00015875304,3,OOD_Class_2
What's the weather forecast for Seychelles ?,2,5,1,0.00046229557,3,OOD_Class_2
show creativity of Your Body Above Me,5,4,0,0.00011721536,3,OOD_Class_2
What is weather in Azerbaijan 16 seconds from now,2,5,1,0.00036834285,3,OOD_Class_2
Rate this book zero out of 6,4,3,0,0.00012971193,3,OOD_Class_2
show weather forecast in West Crossett Luxembourg in fourteen minutes,2,4,1,0.0002822635,3,OOD_Class_2
What animated movies are at the closest movie theatre,6,5,0,0.00015738542,3,OOD_Class_2
I need a table for a party of 2 at Co-operative Block Building in Old Glory,1,1,0,0.00015798461,3,OOD_Class_2
Show me Rapid City Muscle Car .,5,4,0,0.00015464034,3,OOD_Class_2
Will it be overcast during meal time in NH ?,2,5,1,0.00023033735,3,OOD_Class_2
Find the movie schedule close by,6,5,0,0.00015105629,3,OOD_Class_2
What's the weather going to be like here in one minute ?,2,5,1,0.00018527692,3,OOD_Class_2
find animated movies nearest at a movie house,6,5,0,0.00015585568,3,OOD_Class_2
Will it be colder in Winnebago,2,5,1,0.00063563656,3,OOD_Class_2
find a book called Tron Legacy Reconfigured,5,4,0,0.000115623625,3,OOD_Class_2
what is the forecast for here one second from now,2,5,1,0.0002768545,3,OOD_Class_2
rate this chronicle two points,4,3,0,0.00012250924,3,OOD_Class_2
Play Hættuleg Hljómsveit & Glæpakvendið Stella by Kaori Iida,3,2,0,9.2339884e-05,3,OOD_Class_2
Use the service Lastfm to play artist keren peles from the most popular symphony,3,2,0,0.00011824023,3,OOD_Class_2
Give the current textbook four stars,4,3,0,0.000114637856,3,OOD_Class_2
What is the weather like in IA in april,2,5,1,0.0005094767,3,OOD_Class_2
Is it going to storm in Black Rock Alaska,2,5,1,0.00030226423,3,OOD_Class_2
Tell me the weather forecast for Murone Kōgen Prefectural Natural Park at elevenses,2,5,1,0.00031334723,3,OOD_Class_2
Can you help me find the Author! Author ! trailer ?,5,4,0,9.1549104e-05,3,OOD_Class_2
Is the weather temperate in Millinocket ?,2,5,1,0.00078872417,3,OOD_Class_2
Tell me the weather forecast for here,2,5,1,0.0025930728,3,OOD_Class_2
what will the weather be at Mu Ko Phetra National Park on Administrative Professionals Day,2,5,1,0.00021063689,3,OOD_Class_2
Please add Emanuel Kiriakou to my playlist llegando a casa,0,0,0,0.00017213044,3,OOD_Class_2
play the album Pressure Cracks with Netflix,3,2,0,0.00017401387,3,OOD_Class_2
Can you help me search the album titled PlayMaker Football ?,5,4,0,0.00012599505,3,OOD_Class_2
show the trailer of Deadly Skies,5,4,0,0.000103132916,3,OOD_Class_2
Will it still be warm nineteen hours from now in PA,2,5,1,0.00029441173,3,OOD_Class_2
Add from the ashes to my rock gaming playlist,0,0,0,0.00016724697,3,OOD_Class_2
What is the weather in Richardson Tanzania,2,5,1,0.0005434872,3,OOD_Class_2
"Give me the forecast for feb. eleventh, 2034 far from Alaska",2,1,1,0.0022835983,3,OOD_Class_2
add this song to my Love Hurts playlist,0,0,0,0.00016578392,3,OOD_Class_2
I need a reservation for 8 at a top-rated restaurant in Hagaman,1,1,0,0.00015637292,3,OOD_Class_2
"Is it going to be snowy in Concord , Utah ?",2,5,1,0.00093316386,3,OOD_Class_2
What's the weather in Koontz Lake,2,5,1,0.0002397601,3,OOD_Class_2
Book a restaurant in Almyra in 10 years,1,1,0,0.00014582733,3,OOD_Class_2
what will the weather be like in Louisiana will it be colder then now,2,5,1,0.00041266394,3,OOD_Class_2
play Disney Sing It! – High School Musical 3 Senior Year,5,2,0,0.0006501447,3,OOD_Class_2
ad Czarna dziewczyna to instrumental madness playlist,0,0,0,0.00017279251,3,OOD_Class_2
Will it be colder in Colorado nine months from now ?,2,5,1,0.00050905795,3,OOD_Class_2
what is the forecast for Sanilac Petroglyphs Historic State Park,2,5,1,0.0005806599,3,OOD_Class_2
Include Sean Yseult in kaitlin's metal overload playlist.,0,0,0,0.00018812301,3,OOD_Class_2
Rate the current textbook a 0 out of 6 .,4,3,0,0.00012553713,3,OOD_Class_2
Play Keep Their Heads Ringin’,5,2,0,0.0001536862,3,OOD_Class_2
What's the weather in Piperton Rwanda,2,5,1,0.0002862082,3,OOD_Class_2
I give the current essay a two,4,3,0,0.00012689148,3,OOD_Class_2
Will it be cloudy in Tatamy ?,2,5,1,0.0002604908,3,OOD_Class_2
find animated movies movie schedule in the neighborhood,6,5,0,0.00012769557,3,OOD_Class_2
will it be chillier in Ruskin,2,1,1,0.0004249619,3,OOD_Class_2
"What is the weather like for Fleischmanns , Lesotho 43 weeks from now",2,5,1,0.001020275,3,OOD_Class_2
book me a restaurant in Aransas Pass in seventeen hours,2,1,1,0.00014797901,3,OOD_Class_2
Can you play a song from the newest movement by prince on Lastfm,3,2,0,0.00013516271,3,OOD_Class_2
I would give this current novel a value of 3 and a rating of 6,4,3,0,0.00013002845,3,OOD_Class_2
Fine the movie schedule for Warren Theatres .,6,5,0,0.00016654974,3,OOD_Class_2
What is the foreast for my current location,2,4,1,0.00018457175,3,OOD_Class_2
What is the weather in Kernersville Greece ?,2,5,1,0.00037804007,3,OOD_Class_2
Is there a storm in the weather forecast for Baraga Oregon,2,5,1,0.0005183393,3,OOD_Class_2
Rate The Grisly Wife three points out of 6,4,3,0,0.00012280849,3,OOD_Class_2
find A man needs a maid,5,4,0,0.0005909559,3,OOD_Class_2
What is the weather forecast two hours and seventeen seconds from now in Elgin Schoolhouse State Historic Site,2,5,1,0.00020260326,3,OOD_Class_2
Is it going to be colder in Queen Anne on Mon .?,2,5,1,0.0011540459,3,OOD_Class_2
How much rainfall is there faraway from Douglass ?,2,5,1,0.0009177607,3,OOD_Class_2
Add tune to my Is It New Wave,0,0,0,0.00014291296,3,OOD_Class_2
Rate this current essay three out of 6 stars,4,3,0,0.00012413526,3,OOD_Class_2
"What is the weather forecast in Ulen on mar. 2nd, 2035",2,5,1,0.00025554778,3,OOD_Class_2
need a table now somewhere nearby Petit Manan National Wildlife Refuge,2,1,1,0.000119541124,3,OOD_Class_2
Find time for the movie schedule at Cineplex Odeon Corporation,6,5,0,0.00017352673,3,OOD_Class_2
What will the humidity be in AR in 49 weeks and a half from now,2,5,1,0.00017783136,3,OOD_Class_2
What films are playing close by,6,5,0,0.00013072391,3,OOD_Class_2
add September to winter music,0,0,0,0.00015665116,3,OOD_Class_2
"Blood Colony was awful, I'd give it one stars at most.",4,3,0,0.000118912714,3,OOD_Class_2
Rate current essay a zero,4,3,0,0.00012431435,3,OOD_Class_2
Is it temperate in the current location now,2,5,1,0.00030839085,3,OOD_Class_2
"I want to see the novel , The Green",5,4,0,8.6172826e-05,3,OOD_Class_2
How is the weather going to be in Pearblossom .,2,5,1,0.00026972333,3,OOD_Class_2
Book me a reservation for the best bistro,1,1,0,0.00013813413,3,OOD_Class_2
Is it going to get windy today in Tunisia ?,2,5,1,0.0004184094,3,OOD_Class_2
add picasso baby to Digster Reggae playlist,0,0,0,0.0001708787,3,OOD_Class_2
What will the weather be in Virginia ?,2,5,1,0.0002544417,3,OOD_Class_2
Tell me the weather for Comertown,2,5,1,0.000987004,3,OOD_Class_2
find a movie schedule for United Paramount Theatres,6,5,0,0.00016206579,3,OOD_Class_2
What is the weather forecast for here,2,5,1,0.0008494707,3,OOD_Class_2
Add a derek watkins tune to This Is Johnny Cash,0,0,0,0.00015414726,3,OOD_Class_2
I'd like to eat at the Original Spanish Kitchen in North Carolina,1,1,0,0.00015613483,3,OOD_Class_2
What's the weather forecast in Humphrey ?,2,5,1,0.00022045591,3,OOD_Class_2
book a spot for six at Bear Hotel in 5 seconds,1,1,0,0.0001379321,3,OOD_Class_2
When is Watchman Vadivel playing?,6,5,0,0.00020332549,3,OOD_Class_2
Play some Rockwell from around 1996,3,2,0,0.00010599164,3,OOD_Class_2
I need a table somewhere in Culver City WA,1,1,0,0.0001358567,3,OOD_Class_2
I rate Naked in Death a 5,4,3,0,0.000121316625,3,OOD_Class_2
Find a book called Environment and Behavior .,5,4,0,0.00013556505,3,OOD_Class_2
closest movie theatre with No Time for Sergeants,6,5,0,0.00017033872,3,OOD_Class_2
Play my Frescura Indie playlist,3,2,0,7.866364e-05,3,OOD_Class_2
Find a photograph called Shout It Out .,5,4,0,0.00010883336,3,OOD_Class_2
"What's the weather forecast for Walsenburg , Vermont for July 13th ?",2,5,1,0.00030548548,3,OOD_Class_2
"How snowy will it be in this current place on Feb. first, 2034 ?",2,5,1,0.0013291904,3,OOD_Class_2
Please book me a table for next week at a top-rated restaurant,1,1,0,0.00014661283,3,OOD_Class_2
"Will the sun be out in 1 minute in Searcy , Uganda",2,5,1,0.00031401002,3,OOD_Class_2
What will the humidity be like on june eighteenth in my current location,2,5,1,0.0002581072,3,OOD_Class_2
Play Niko from the fourties,3,2,0,0.00013809775,3,OOD_Class_2
Give this chronicle 4 stars .,4,3,0,0.00012857675,3,OOD_Class_2
Rate the City of Lost Souls one of 6 points,4,3,0,0.00012025749,3,OOD_Class_2
rate The Wimpy Kid Movie Diary saga 4 out of 6,4,3,0,0.00014086894,3,OOD_Class_2
I want to add a tune by Damon Johnson to my frescura indie playlist,0,0,0,0.00016954629,3,OOD_Class_2
"What is the weather forecast going to be on august 15, 2038 for Hoffman Hills State Recreation Area ?",2,5,1,0.00030847534,3,OOD_Class_2
what is the weather forecast close to Puerto Rico,2,5,1,0.0005706238,3,OOD_Class_2
add Desert Sessions to my i love my 80's rollerdisco playlist,0,0,0,0.00016921834,3,OOD_Class_2
How much humidity is there in UT ?,2,5,1,0.0007978859,3,OOD_Class_2
In Hawaii will it be warmer at 3 am,2,5,1,0.00027202338,3,OOD_Class_2
give two out of 6 points to current textbook,4,3,0,0.00013066514,3,OOD_Class_2
Please look up for Disney Universe .,5,4,0,0.00016968168,3,OOD_Class_2
Let's hear stuff from Andrew Hewitt .,3,2,0,0.0001347691,3,OOD_Class_2
rate this current textbook 0 points,4,3,0,0.00012901583,3,OOD_Class_2
Make me a reservation at a fast food restaurant for elba and corina at a restaurant with parking,1,1,0,0.00016039173,3,OOD_Class_2
I'd like to see movie times at Santikos Theatres,6,5,0,0.00015224081,3,OOD_Class_2
Which films are playing close by ?,6,5,0,0.00014484294,3,OOD_Class_2
what are the movie times,6,5,0,0.0001547766,3,OOD_Class_2
I would rate this album a 3,4,3,0,0.000121140525,3,OOD_Class_2
I'm looking for the trailer to Evil or Divine - Live in New York City .,5,4,0,0.00011283555,3,OOD_Class_2
"What's the weather like in Boca Raton , IA",2,5,1,0.0010382836,3,OOD_Class_2
Is there a blizzard coming to El Verano,2,5,1,0.00032946627,3,OOD_Class_2
Is cloudy in Lyncourt ?,2,5,1,0.00016516332,3,OOD_Class_2
I want to book a tea house for 4 that serves madeleine,1,1,0,0.00013526442,3,OOD_Class_2
What is the expected weather forecast for Beckley ?,2,5,1,0.00067950255,3,OOD_Class_2
Add parempi mies to the Café con Leche playlist.,0,0,0,0.0001733977,3,OOD_Class_2
What is the weather forecast nearby SC,2,5,1,0.00028661767,3,OOD_Class_2
Book a restaurant on June the fifth in Cavour .,2,1,1,0.00015891257,3,OOD_Class_2
Use service Vimeo the genre slow rock,3,2,0,0.00017604357,3,OOD_Class_2
what is the blizzard forecast for 1206 in MS,2,5,1,0.00022134198,3,OOD_Class_2
Book a restaurant 1 hour from now in Dorchester Shores Reservation,2,1,1,0.00015622066,3,OOD_Class_2
Will it rain in Paisley,2,5,1,0.0006562766,3,OOD_Class_2
In UT at 7 pm will it be snowy,2,5,1,0.00032173973,3,OOD_Class_2
What's the weather in Organ Pipe Cactus National Monument,2,5,1,0.00032699306,3,OOD_Class_2
Can I get the weather forecast for Benin in 32 days ?,2,5,1,0.000324911,3,OOD_Class_2
rate this current saga 3 out of 6 points,4,3,0,0.00012652187,3,OOD_Class_2
where is My Song Goes Forth playing,6,5,0,0.00015709052,3,OOD_Class_2
"What's the forecast for Emily , Florida for aug. 17th, 2020 ?",2,5,1,0.00038576778,3,OOD_Class_2
what is the weather forecast for Kinbrae,2,5,1,0.0010645322,3,OOD_Class_2
What will the weather be in Grand Coteau UT at six pm ?,2,5,1,0.000187083,3,OOD_Class_2
I'm wondering if you can give me the movie times for films in the neighborhood .,6,5,0,0.00015799752,3,OOD_Class_2
how's the forecast looking for supper time in Dresbach Vanuatu,2,5,1,0.00013527139,3,OOD_Class_2
What will the weather be like at 3 AM in Trinidad and Tobago,2,5,1,0.00032479235,3,OOD_Class_2
put this song in the playlist Trap Land,0,0,0,0.00017846463,3,OOD_Class_2
Can you get me seating for a party of 5,1,1,0,0.00013478781,3,OOD_Class_2
put this track on my infinite indie folk playlist,0,0,0,0.0001624179,3,OOD_Class_2
"What's the weather forecast for next saturday in Granite , WI ?",2,5,1,0.00018096286,3,OOD_Class_2
Get me a table at a bar which has a spa .,1,1,0,0.00015119075,3,OOD_Class_2
Ho warm is it in Arcola ?,2,1,1,0.00038874953,3,OOD_Class_2
Weather for Burr,2,5,1,0.0008593872,3,OOD_Class_2
Will it be warmer at sunrise in Jeffrey City ?,2,5,1,0.00020625824,3,OOD_Class_2
Play Adrian Borland 's music on Zvooq .,3,2,0,0.00014529504,3,OOD_Class_2
Play the most popular Johnny Clarke on Deezer .,3,2,0,0.00012810086,3,OOD_Class_2
find Plitt Theatres showing animated movies,6,5,0,0.00014371844,3,OOD_Class_2
When is The Jailbird showing at United Paramount Theatres,6,5,0,0.00014539112,3,OOD_Class_2
I need the forecast for Mamaroneck in six weeks,2,5,1,0.00094912946,3,OOD_Class_2
Find me the book with the title of The Rainwater LP,5,4,0,9.8892175e-05,3,OOD_Class_2
Play Deezer,3,2,0,0.00010172431,3,OOD_Class_2
"What will the weather be in Rutherfordton Rhode Island on September 22nd, 2017 ?",2,5,1,0.00032090867,3,OOD_Class_2
Play me some Terror music,3,2,0,8.253462e-05,3,OOD_Class_2
Will it be chillier seven weeks from now in Senegal,2,5,1,0.00081629603,3,OOD_Class_2
What films are showing at National Amusements,6,5,0,0.00016095929,3,OOD_Class_2
How much wind will there be in NM on november 11th,2,5,1,0.00020060252,3,OOD_Class_2
find the They Came from Somewhere Else saga,5,4,0,9.2991206e-05,3,OOD_Class_2
I need to book a restaurant for seven people at elevenses Seafood restaurant,1,1,0,0.00014639906,3,OOD_Class_2
Rate this novel 1 of 6,4,3,0,0.00013422189,3,OOD_Class_2
give Private Games 3 stars out of 6,4,3,0,0.000120316305,3,OOD_Class_2
Can you help me find the television show Women and Death,5,4,0,9.473539e-05,3,OOD_Class_2
Rate the current saga a two,4,3,0,0.00011920364,3,OOD_Class_2
Will it get hotter around elevenses in KS ?,2,5,1,0.0006350117,3,OOD_Class_2
show creativity in Cross Currents,5,4,0,0.000117902186,3,OOD_Class_2
play music from the year 1979,3,2,0,0.00012403731,3,OOD_Class_2
The chronicle Charlie Peace earns 4 stars from me,4,3,0,0.00012244788,3,OOD_Class_2
this saga is definitely worth 4 stars .,4,3,0,0.00013673352,3,OOD_Class_2
Give this textbook 0 out of 6 stars,4,3,0,0.00012707894,3,OOD_Class_2
book me and my grandparents a restaurant in Saint Helens South Dakota,1,1,0,0.00015576003,3,OOD_Class_2
What is the weather like within walking distance of the Bothwell Lodge State Historic Site,2,5,1,0.00072222296,3,OOD_Class_2
Book a restaurant in Palestine for 8 people at 9 AM,1,1,0,0.00014711445,3,OOD_Class_2
Show me the Only the Strong Survive photograph,5,4,0,0.000101243124,3,OOD_Class_2
add thomas anders to my crossroad blues,0,0,0,0.00015634754,3,OOD_Class_2
add rob tyner to betsy's We Everywhere,0,0,0,0.00016305182,3,OOD_Class_2
what is the forecast for the current spot for cloudy conditions,2,5,1,0.006137736,3,OOD_Class_2
book in town for 3 at a restaurant outdoor that is not far,1,1,0,0.00014841386,3,OOD_Class_2
Give this book chronicle four stars,4,3,0,0.00012274866,3,OOD_Class_2
What is the weather forecast for my current position,2,4,1,0.0007670264,3,OOD_Class_2
Will the sky be overcast around jan. 28 in OK ?,2,5,1,0.00026337724,3,OOD_Class_2
Tell me if it'll be chillier in 3 minutes here,2,5,1,0.0002966521,3,OOD_Class_2
Tell me when it'll be cloudy in Woodport,2,5,1,0.00016711347,3,OOD_Class_2
How chilly will it be at 093206 am in Moncove Lake State Park ?,2,5,1,0.00036254997,3,OOD_Class_2
what is the weather in ND the city of Evangeline,2,5,1,0.0004979653,3,OOD_Class_2
Book a restaurant in the Dominican Republic in one minute for a party of eight,1,1,0,0.00015729152,3,OOD_Class_2
Like to book a seat in Monaco for the Yankee Doodle Coffee Shop,1,1,0,0.00013046489,3,OOD_Class_2
Put something by Noah Wuv Bernardo on my Humor playlist,0,0,0,0.00015864374,3,OOD_Class_2
What is the movie schedule for movies in the neighbourhood,6,5,0,0.00015373867,3,OOD_Class_2
Please search Cardin in Australia saga,5,4,0,0.00014512787,3,OOD_Class_2
Weather for Ringold,2,4,1,0.00055950775,3,OOD_Class_2
I'd like to watch the TV show Hola Mary Lou Prom Night II,5,4,0,8.9695546e-05,3,OOD_Class_2
play falco on Zvooq for Good Hit,3,2,0,0.0001057581,3,OOD_Class_2
Play an ep by Zak Starkey .,3,2,0,0.0001272279,3,OOD_Class_2
find Cover Her Face,5,4,0,0.00046995727,3,OOD_Class_2
Rate this album 2 stars,4,3,0,0.00012553672,3,OOD_Class_2
"Let me get the forecast in Allardt , Canada .",2,1,1,0.0031709548,3,OOD_Class_2
I want television show Come Again Smith,5,4,0,9.519866e-05,3,OOD_Class_2
Add the song to my R&B Movement playlist.,0,0,0,0.00017595773,3,OOD_Class_2
What is the weather like in Hurstville ?,2,5,1,0.00038665414,3,OOD_Class_2
book me a reservation at an oyster bar that serves crab cake for two people,1,1,0,0.00015045605,3,OOD_Class_2
"Will it be cold close-by Iowa on september twenty-first, 2025",2,5,1,0.00063376414,3,OOD_Class_2
Rate Short Trips Destination Prague five out of 6,4,3,0,0.00011203699,3,OOD_Class_2
Showtimes for the Alamo Drafthouse Cinema for todays movies .,6,5,0,0.00016753137,3,OOD_Class_2
Rate this album three of 6 points,4,3,0,0.00012084547,3,OOD_Class_2
I want to find an oyster bar with tetrazzini for 9 people,1,1,0,0.00013407694,3,OOD_Class_2
add sam sparro to my playlist called Beach Vibes,0,0,0,0.0001644933,3,OOD_Class_2
"Will it be hot on december 28 in Ayr , MI",2,1,1,0.0012102623,3,OOD_Class_2
Weather for here right now,2,5,1,0.0006950045,3,OOD_Class_2
Can you get me a table at a tavern in Slovakia,1,1,0,0.000141405,3,OOD_Class_2
Book a restaurant for 9 at 0037 PM,1,1,0,0.0001397634,3,OOD_Class_2
Play me some music by Prince Alla from the twenties,3,2,0,0.00012598859,3,OOD_Class_2
Is it due to rain in MH ?,2,5,1,0.00023148562,3,OOD_Class_2
Tell me the weather forecast faraway from TX,2,4,1,0.0012429635,3,OOD_Class_2
What is the forecast for West Virginia will it be snowy,2,4,1,0.0007590149,3,OOD_Class_2
"I need the weather in Hubbardston , will it be chillier ?",2,5,1,0.00047524302,3,OOD_Class_2
Is it windy in Telogia,2,5,1,0.00054544135,3,OOD_Class_2
add 157 Riverside Avenue to leticia's animal humor playlist,0,0,0,0.00017087703,3,OOD_Class_2
What is the weather going to be like in Epleys in South Georgia and the South Sandwich Islands in 11 months,2,5,1,0.0010541453,3,OOD_Class_2
I want to hear Ready by Frankenstein Drag Queens From Planet 13,3,2,0,0.00014054275,3,OOD_Class_2
I'm looking for River Disturbance,5,4,0,9.012653e-05,3,OOD_Class_2
Will there be a snowfall here in the neighboring areas?,2,5,1,0.000563925,3,OOD_Class_2
I want to play music off Deezer,3,2,0,0.00013702206,3,OOD_Class_2
Find the book called Black Wings of Destiny,5,4,0,0.00010263554,3,OOD_Class_2
Play One Good Reason by Tommy Flanagan on Itunes,3,2,0,0.0001788804,3,OOD_Class_2
What is the weather forecast for four pm close to Stretch Point State Park,2,5,1,0.00020785427,3,OOD_Class_2
Please search the Karobar Economic Daily picture .,5,4,0,0.00011777881,3,OOD_Class_2
find The World Is a Game,5,4,0,0.00015894623,3,OOD_Class_2
When is Cooper Foundation on the movie schedule ?,6,5,0,0.00014551078,3,OOD_Class_2
Will it rain 17 weeks from now in Teide National Park ?,2,5,1,0.00054707425,3,OOD_Class_2
Add this track to my Tropical Morning playlist,0,0,0,0.00016537755,3,OOD_Class_2
I give this next essay zero out of 6 points,4,3,0,0.00013337159,3,OOD_Class_2
my Disco Forever playlist needs an album by sawai gandharva .,0,0,0,0.00021846984,3,OOD_Class_2
What will the weather be in Corcovado National Park on december the fifth ?,2,5,1,0.00022151826,3,OOD_Class_2
is it going to be warm here,2,5,1,0.0008601111,3,OOD_Class_2
I need a reservation in 1 second in Atlas with a party of nine,1,1,0,0.00015736735,3,OOD_Class_2
show fog conditions at 7 am in NH,2,4,1,0.00032374385,3,OOD_Class_2
what is the forecast for beginning on nov. 17 for Franklinville,2,5,1,0.00034332107,3,OOD_Class_2
put this album on my Wild Country playlist,0,0,0,0.00016345078,3,OOD_Class_2
Book a restaurant in Switzerland for 3 .,1,1,0,0.00014632635,3,OOD_Class_2
"What will the weather be in Bayside on Sep. 21, 2034 ?",2,5,1,0.00025707806,3,OOD_Class_2
What time is Swarna Trishna playinh at Loews Cineplex,6,5,0,0.0001303632,3,OOD_Class_2
What is the weather forecast for Cistern,2,5,1,0.00059726025,3,OOD_Class_2
"How's the forecast for Chad on September 28, 2034",2,5,1,0.0004145936,3,OOD_Class_2
"Is it forecast to be rainy in Winchell , Mississippi ?",2,5,1,0.00039666318,3,OOD_Class_2
"Please find the movie , A Jingle with Jillian .",5,4,0,9.8286444e-05,3,OOD_Class_2
Book a neighboring food truck with a spa in Dallesport for 4 people.,1,1,0,0.00016924248,3,OOD_Class_2
Please play a song from the thirties by Peter Murphy on Last Fm,3,2,0,0.0001472902,3,OOD_Class_2
What will the weather be in Meeres-Nationalpark Insel Bastimentos at twelve PM ?,2,5,1,0.00020009383,3,OOD_Class_2
Play some 2011 music by Dan Healy .,3,2,0,0.00012163849,3,OOD_Class_2
is hail in the weather forecast for Monterey Bay National Marine Sanctuary,2,5,1,0.00032617606,3,OOD_Class_2
play top-twenty song from 2015,3,2,0,0.00011471343,3,OOD_Class_2
what is the weather of Ludowici at 4 am,2,5,1,0.00039008138,3,OOD_Class_2
play the 2014 album from la lupe,3,2,0,0.000113709575,3,OOD_Class_2
Play a 1998 sound track from Sam The Kid on Last Fm,3,2,0,0.00014054387,3,OOD_Class_2
is it chillier at Narew National Park,2,5,1,0.00019554923,3,OOD_Class_2
what is the Orlovista forecast for midday within walking distance,2,5,1,0.00023187106,3,OOD_Class_2
Find me a table for a cafe during my Guinea trip for one .,1,1,0,0.00013148654,3,OOD_Class_2
I need the weather at eleven AM in Argentina,2,5,1,0.00095533923,3,OOD_Class_2
How cold is it in my current position ?,2,5,1,0.0010915251,3,OOD_Class_2
Find the movie schedule at twelve AM .,6,5,0,0.00016017171,3,OOD_Class_2
Give me the current showtimes for Tarass Boulba .,6,5,0,0.00016834625,3,OOD_Class_2
How is the weather going to be on child health day in Trinidad and Tobago ?,2,5,1,0.0003709757,3,OOD_Class_2
Find a reservation at Boone Tavern for 4 people in 1024,1,1,0,0.00014051476,3,OOD_Class_2
Rate Earth Made of Glass 1 of 6,4,3,0,0.000119904405,3,OOD_Class_2
put this track on operación bikini,0,0,0,0.00016201781,3,OOD_Class_2
does Red e Toby nemiciamici start thirteen hours from now,6,5,0,0.00021263122,3,OOD_Class_2
add space cowboy to my the funny thing about football is playlist,0,0,0,0.00016905385,3,OOD_Class_2
find meal time movie times close by for movies,6,5,0,0.0001475595,3,OOD_Class_2
Are any animated movies playing at Magic Johnson Theatres ?,6,5,0,0.00017218171,3,OOD_Class_2
play some Classical music on Spotify,3,2,0,0.00012057085,3,OOD_Class_2
I'd like t add Day After Day to evangeline's Party of the Century playlist,0,0,0,0.00017673295,3,OOD_Class_2
What is the weather in neighboring OH,2,5,1,0.0003934186,3,OOD_Class_2
Book me a restaurant that serves festoni for eight in New Hampshire,1,1,0,0.00014497529,3,OOD_Class_2
"I want to book the distant downtown Tribeca Grill for august the twenty-third, 2025 for wilda and jacklyn",1,1,0,0.00016125609,3,OOD_Class_2
Can you give me the weather for here,2,5,1,0.0012602035,3,OOD_Class_2
Showtimes for animated movies fro Goodrich Quality Theaters .,6,5,0,0.00016048313,3,OOD_Class_2
Search for the game Difficult Loves,5,4,0,9.427462e-05,3,OOD_Class_2
What's the weather forecast for Mansfield ?,2,4,1,0.00062512234,3,OOD_Class_2
Show me the picture Batman The Long Halloween,5,4,0,0.00010243819,3,OOD_Class_2
I give The Blood Book five stars,4,3,0,0.000112694965,3,OOD_Class_2
add song by ian mcdonald to an instrumental sunday,0,0,0,0.0001586531,3,OOD_Class_2
Play The Galway Races on Netflix .,3,2,0,0.000113148264,3,OOD_Class_2
"find The Living Room Tapes , a TV series",5,4,0,9.236566e-05,3,OOD_Class_2
what is the forecast for around Putnam Lake,2,5,1,0.00029985915,3,OOD_Class_2
What cinema has the closest movies,6,5,0,0.00016688301,3,OOD_Class_2
Use Last Fm to play artist Kawabata Makoto from their record,3,2,0,0.00013138985,3,OOD_Class_2
What will the weather be in Ohio ?,2,5,1,0.00024662484,3,OOD_Class_2
Use Groove Shark to play music,3,2,0,0.00012960835,3,OOD_Class_2
How windy is it in Anderson Lake State Fish and Wildlife Area ?,2,5,1,0.0010296374,3,OOD_Class_2
play Isaac Yamma Slut,3,2,0,7.9823025e-05,3,OOD_Class_2
Is it snowy in Ocean Shores,2,5,1,0.00030763546,3,OOD_Class_2
what is the Bethany Beach forecast,2,4,1,0.00010663588,3,OOD_Class_2
Is it warm in the current spot ?,2,5,1,0.00029733294,3,OOD_Class_2
Play some fourties music on vimeo,3,2,0,0.00013075047,3,OOD_Class_2
What is the movie times for General Cinema Corporation,6,5,0,0.0001660674,3,OOD_Class_2
what is the forecast for temperate conditions in Thailand in Lopeno,2,5,1,0.0006795094,3,OOD_Class_2
Show the movie schedule,6,5,0,0.00013967806,3,OOD_Class_2
What's the weather in Macclenny,2,5,1,0.00029625956,3,OOD_Class_2
Tell me if there is wind in the forecast for Roaring River State Park,2,5,1,0.00043535832,3,OOD_Class_2
where is the nearest movie theatre showing movies,6,5,0,0.00016318003,3,OOD_Class_2
Will it snow this week in Parc national de Petrified Forest ?,2,5,1,0.00025118672,3,OOD_Class_2
In Wynnedale AK will it blizzard,2,4,1,0.0006265227,3,OOD_Class_2
What time is Trouble Every Day playing,6,5,0,0.00015221273,3,OOD_Class_2
Rate The Costs of Accidents a three,4,3,0,0.00012565621,3,OOD_Class_2
"What is the weather forecast for Naches , Sierra Leone",2,5,1,0.0012045518,3,OOD_Class_2
"Will it be chilly in Penuelas Indonesia on Nov. 26th, 2030",2,5,1,0.0014142893,3,OOD_Class_2
Play music by Antonella Barba from the album Bath,3,2,0,0.00012116734,3,OOD_Class_2
Will it be colder 1 hour from now noew in East Dundee Zimbabwe,2,1,1,0.00031939757,3,OOD_Class_2
Put horace silver and the jazz messengers on my running to rock 170 to 190 bpm playlist,0,0,0,0.00015656638,3,OOD_Class_2
Play a popular song by Willie Dixon on Groove Shark,3,2,0,0.00013437295,3,OOD_Class_2
Show the latest animated movies movie times for the nearest movie house,6,5,0,0.00015106029,3,OOD_Class_2
Is it chilly in FM,2,5,1,0.00090235635,3,OOD_Class_2
Incorporate time warp into my fairy tales playlist.,0,0,0,0.00018721484,3,OOD_Class_2
I want to go to 88th St-Boyd Av or close by and book seats for 10,1,1,0,0.00016259747,3,OOD_Class_2
Will it be colder in Tallgrass Prairie National Preserve ?,2,5,1,0.00040664754,3,OOD_Class_2
Will it get chillier in Furano-Ashibetsu Prefectural Natural Park ?,2,5,1,0.0008298663,3,OOD_Class_2
Can you tell me the weather forecast for three o'clock in DE,2,5,1,0.00026987755,3,OOD_Class_2
please add this artist to my Zen Focus playlist,0,0,0,0.00016578386,3,OOD_Class_2
I give The English Spy a rating of 1 and a best rating of 6,4,3,0,0.00012389259,3,OOD_Class_2
put this frederick knight track on my the midnight hour playlist,0,0,0,0.00017441552,3,OOD_Class_2
what is the forecast for Niger,2,5,1,0.016031526,3,OOD_Class_2
"Will there be a depression at three am in Topinabee , Idaho",2,5,1,0.001736252,3,OOD_Class_2
"find Face the Truth , a TV show",5,4,0,9.6419935e-05,3,OOD_Class_2
Where can I watch the TV series The Trifecta ?,5,4,0,9.594935e-05,3,OOD_Class_2
Give zero / 6 stars to the current album,4,3,0,0.00012232938,3,OOD_Class_2
I want these are the days added to my spotlight spain 2016 playlist.,0,0,0,0.00018997386,3,OOD_Class_2
What is the humidity in Serbia,2,5,1,0.00069568784,3,OOD_Class_2
Will it be rainy at 8 in Dans Mountain State Park,2,5,1,0.00027794405,3,OOD_Class_2
I'd like johnny nash to be put into my playlist Always Pop Punk,0,0,0,0.0001577183,3,OOD_Class_2
play The Happiest Days Of Our Lives by Tommy Emmanuel,3,2,0,0.00034268494,3,OOD_Class_2
Rate this novel 3 out of 6 points .,4,3,0,0.0001282639,3,OOD_Class_2
show me the schedule of Letters from a Porcupine in Alamo Drafthouse Cinema,6,5,0,0.00018981897,3,OOD_Class_2
How will be the weather in Waltersville in one hour ?,2,5,1,0.00019178475,3,OOD_Class_2
I would rate this novel 2 points and a best rating of 6,4,3,0,0.00012449957,3,OOD_Class_2
Play some caribou from the sixties,3,2,0,0.00014219688,3,OOD_Class_2
is it going to be cold at 4 o'clock far from here ?,2,5,1,0.00025548853,3,OOD_Class_2
Will it be windy at 4 PM in NY ?,2,5,1,0.00033655824,3,OOD_Class_2
I'd like to take a party of five today to a place in Colorado,1,1,0,0.00014098959,3,OOD_Class_2
What's the weather in South Hill,2,5,1,0.0002284938,3,OOD_Class_2
book a spot for 8 in Hungary on february the 14th,1,1,0,0.000146396,3,OOD_Class_2
Is there hail forecast for Hale Center on 7/22/2030 ?,2,5,1,0.00026270357,3,OOD_Class_2
what is the colder forecast for Nationaal park Bidoup Núi Bà in a week,2,5,1,0.00039546398,3,OOD_Class_2
I rate Vivian Grey three .,4,3,0,0.00011672296,3,OOD_Class_2
Is Millions in the Air playing at the cinema,6,5,0,0.0001979831,3,OOD_Class_2
I want to hear that tune from 2010,3,2,0,0.00012610042,3,OOD_Class_2
"What is the weather supposed to be like at Sunset in Cosby , Kansas",2,5,1,0.00040794507,3,OOD_Class_2
I give Benson-Meditation 1 out of 6 stars .,4,3,0,0.00011787348,3,OOD_Class_2
Find the schedule for Brick .,6,5,0,0.00014527883,3,OOD_Class_2
Play me the show Cheaper By the Dozen 2,5,4,0,0.00011205365,3,OOD_Class_2
play some rap on Pandora,3,2,0,0.000113601236,3,OOD_Class_2
"book a spot for 8 at a tavern on Jun. the 11th, 2034",1,1,0,0.00015507874,3,OOD_Class_2
my rating for Some Doves and Pythons is four,4,3,0,0.00013226406,3,OOD_Class_2
what is the MT forecast for 22,2,5,1,0.001529734,3,OOD_Class_2
what is the forecast in Texas,2,5,1,0.00045631718,3,OOD_Class_2
What is the weather forecast in nine months within walking distance of Ohio,2,5,1,0.0002516604,3,OOD_Class_2
What's the humidity right now in Aguila,2,5,1,0.00023246743,3,OOD_Class_2
What will the weather be like at two o'clock in El Salvador,2,5,1,0.00023372349,3,OOD_Class_2
"What is the weather in Shenandoah Heights , Montenegro",2,5,1,0.0011922839,3,OOD_Class_2
add post mortem to my timeless love songs playlist,0,0,0,0.00016782011,3,OOD_Class_2
Will it be chilly around Oregonia in 9 months,2,5,1,0.00027892512,3,OOD_Class_2
hows the weather looking for Kendall Green Maryland,2,4,1,0.00031530025,3,OOD_Class_2
I want to book a restaurant neighboring Livonia Av,1,1,0,0.00014017253,3,OOD_Class_2
Will it be hotter close by here at 13 o'clock ?,2,5,1,0.0002614442,3,OOD_Class_2
Is The Day of the Beast playing at three p.m. ?,6,5,0,0.00016117933,3,OOD_Class_2
find a TV series called Armageddon Summer,5,4,0,8.934724e-05,3,OOD_Class_2
What is the forecast in the same area as Fiji,2,5,1,0.0021594472,3,OOD_Class_2
Tell me the weather forecast here,2,4,1,0.002193221,3,OOD_Class_2
forecast for Laguna Heights Barbados,2,4,1,0.00011890733,3,OOD_Class_2
what is the forecast for temperate weather in Bellechester,2,5,1,0.00020387479,3,OOD_Class_2
Tell me if it'll be freezing here in 21 seconds,2,5,1,0.00026891465,3,OOD_Class_2
Show the forecast for Moonlight Beach at 10/4/2021,2,4,1,0.00016650718,3,OOD_Class_2
Check the weather forecast in seven weeks for Emida .,2,5,1,0.002239011,3,OOD_Class_2
"Tell me the weather forecast for my current spot on dec. fourth, 2021",2,5,1,0.009313235,3,OOD_Class_2
what is the forecast for here at tea time,2,5,1,0.00019212498,3,OOD_Class_2
Is it sunny 1 second from now in the Pitcairn Islands,2,5,1,0.0003694397,3,OOD_Class_2
I'd like to see showings for All the Way Home at Kerasotes Theatres .,6,5,0,0.0001943158,3,OOD_Class_2
What's the weather in Waretown Lebanon,2,5,1,0.00034328477,3,OOD_Class_2
is it going to be hot here in 8 years,2,5,1,0.00041424556,3,OOD_Class_2
Can you play me the latest theme song by Warren Vache,3,2,0,0.00011075177,3,OOD_Class_2
Book restaurnt at N9NE Group in Loogootee UT,1,1,0,0.00015583562,3,OOD_Class_2
gve 2 points to The Stinky Cheese Man and Other Fairly Stupid Tales,4,3,0,0.00014776668,3,OOD_Class_2
play Matt Walker tunes,3,2,0,9.299208e-05,3,OOD_Class_2
"I need Journal of Pediatric Oncology Nursing , help me find",5,4,0,0.00012064834,3,OOD_Class_2
How is faraway cloudy at 0245 am in Brumley ?,2,5,1,0.00054968224,3,OOD_Class_2
What is the weather like in Hebbronville Venezuela,2,5,1,0.0007131655,3,OOD_Class_2
will the weather be colder in Naguabo four minutes from now,2,5,1,0.00019508235,3,OOD_Class_2
I would like to book a restaurant within the same area as Myrtle Av for 6,1,1,0,0.00015104546,3,OOD_Class_2
add flying to my Women of Rock playlist,0,0,0,0.00016281595,3,OOD_Class_2
Book a table for 8 people at Robinson House .,1,1,0,0.00014740184,3,OOD_Class_2
Is it forecast to be freezing in Benedict ?,2,5,1,0.00023168024,3,OOD_Class_2
what is the Coulee City MT forecast,2,4,1,8.472529e-05,3,OOD_Class_2
What time is G-Men vs The Black Dragon playing at Harkins Theatres,6,5,0,0.0001439706,3,OOD_Class_2
book a restaurant in AL at Oak Ridge,1,1,0,0.00015312436,3,OOD_Class_2
"what is the weather forecast for Nassau Bay , Uzbekistan",2,5,1,0.001154148,3,OOD_Class_2
Will it be colder 1 minute from now in Jersey,2,5,1,0.00055337546,3,OOD_Class_2
When is sunrise for AR,2,5,1,0.00019896284,3,OOD_Class_2
Book a restaurant in Darnell .,1,1,0,0.00014704106,3,OOD_Class_2
Rate this series a 5,4,3,0,0.00012738869,3,OOD_Class_2
Show me the Dresden weather forecast.,2,4,1,0.000386603,3,OOD_Class_2
"How's the weather in Grisdale , Bangladesh ?",2,5,1,0.0006543536,3,OOD_Class_2
What's the weather forecast at sixteen in Oklahoma ?,2,5,1,0.0002031395,3,OOD_Class_2
Show me the movie times for animated movies in the area .,6,5,0,0.00018274778,3,OOD_Class_2
Is there a blizzard coming tomorrow in Methuen Uganda,2,5,1,0.00023890035,3,OOD_Class_2
What is the weather forecast in Brunei,2,5,1,0.0005533754,3,OOD_Class_2
Where to buy painting Target Practice,5,4,0,9.4554496e-05,3,OOD_Class_2
"Give me the weather forecast in Pleasant Dale , Alaska starting in 1952",2,5,1,0.007805316,3,OOD_Class_2
I want to hear a track by Ryohei Yamamoto on Vimeo,3,2,0,0.00016853627,3,OOD_Class_2
Can you find the novel Journal of Social Work,5,4,0,9.94701e-05,3,OOD_Class_2
What will the weather be in Deer River ?,2,5,1,0.00020387478,3,OOD_Class_2
what will the weather be like in fourteen hours in Eastville,2,5,1,0.00024182278,3,OOD_Class_2
give two stars to current chronicle,4,3,0,0.00013317679,3,OOD_Class_2
Is it humid in Otsego Réunion,2,5,1,0.0010769748,3,OOD_Class_2
Rate this essay four out of 6,4,3,0,0.00012757651,3,OOD_Class_2
Find the schedule for the closest films at a cinema at meal time.,6,5,0,0.00015692678,3,OOD_Class_2
What are the weather conditions in Noel ?,2,5,1,0.00034464698,3,OOD_Class_2
"Tell me if it will be hotter in seven hours in Doyle , United States",2,1,1,0.0004878885,3,OOD_Class_2
rate the current series 1 points,4,3,0,0.00012990141,3,OOD_Class_2
How cold is it around the current location now ?,2,5,1,0.00023721573,3,OOD_Class_2
add maggie mcgill to my night vibes,0,0,0,0.00015865405,3,OOD_Class_2
what is the weather like now in AK,2,5,1,0.0003022398,3,OOD_Class_2
will there be a snowstorm in Leonville,2,5,1,0.0002727603,3,OOD_Class_2
Add an album by Jenifer to my travelling playlist,0,0,0,0.00016465336,3,OOD_Class_2
Weather for East Peru Bolivia 3 years and a half from now,2,5,1,0.0018190416,3,OOD_Class_2
The Young Lion saga gets a solid 4 points out of 6 .,4,3,0,0.00012971133,3,OOD_Class_2
What's the weather forecast for my current spot ?,2,4,1,0.00060092047,3,OOD_Class_2
add agua y sal in Classic Jazz Funk,0,0,0,0.00015444796,3,OOD_Class_2
show weather forecast at three am .in Wauregan,2,4,1,0.00016573393,3,OOD_Class_2
I need a restaurant that has internet access for a party of six,1,1,0,0.00016070627,3,OOD_Class_2
I'd like to eat at a bar that serves corn relish with a party of five,1,1,0,0.00013819887,3,OOD_Class_2
Where can I find the game KAAKAI Newspaper,5,4,0,8.1590435e-05,3,OOD_Class_2
read the novel Friend The Great Legacy,5,4,0,9.483004e-05,3,OOD_Class_2
"Is it windy in Inlet , Lebanon ?",2,5,1,0.0017812614,3,OOD_Class_2
Add Tunnel of Love to ethel's metal crash course palylist,0,0,0,0.00016273315,3,OOD_Class_2
Is it going to be warm today at Saint Martin in Port Orford ?,2,5,1,0.00080160407,3,OOD_Class_2
add Bedroom Jams to album,0,0,0,0.0001671643,3,OOD_Class_2
Put new page onto my latin jazz playlist.,0,0,0,0.00016465224,3,OOD_Class_2
Play Soldier Boy from Melody Gardot,3,2,0,0.00012513206,3,OOD_Class_2
What's the forecast for the weather at eight am in Oxford ?,2,5,1,0.0001620016,3,OOD_Class_2
Will it be sunny in Occoquan Bay National Wildlife Refuge by tea time?,2,5,1,0.0002103241,3,OOD_Class_2
Show me the show Goldimouse and the Three Cats,5,4,0,9.399357e-05,3,OOD_Class_2
will there be s snowstorm at my current location this week,2,5,1,0.00015736773,3,OOD_Class_2
Is the weather chilly in Dew DE,2,5,1,0.00025205335,3,OOD_Class_2
What's the weather at four pm in Honduras,2,5,1,0.0002566906,3,OOD_Class_2
What is the weather forecast for Papua New Guinea,2,5,1,0.0013916417,3,OOD_Class_2
What's today's movie schedule,6,5,0,0.00011888962,3,OOD_Class_2
Find a television show called Basement Screams .,5,4,0,9.909315e-05,3,OOD_Class_2
I am rating this book titled The Billion Dollar Ransom 3 stars .,4,3,0,0.00012310875,3,OOD_Class_2
what is the Southern Shops forecast for warm temps,2,5,1,0.0001389935,3,OOD_Class_2
what's the weather going tbe twenty three minutes from now in Federico Albert National Reserve,2,5,1,0.00019209937,3,OOD_Class_2
Show me the forecast for the distant area of ME at three pm,2,5,1,0.004763759,3,OOD_Class_2
What's the weather going to be like here at ten am,2,5,1,0.00022791311,3,OOD_Class_2
Will it be chillier at 060548 in Wagener Réunion,2,1,1,0.0012472715,3,OOD_Class_2
What will the weather be like nine years from now in Eastport El Salvador,2,5,1,0.00062310265,3,OOD_Class_2
Book a restaurant for 7 people.,1,1,0,0.00014476343,3,OOD_Class_2
add apathy to my electro sur playlist,0,0,0,0.00016513625,3,OOD_Class_2
what's the weather going to be like in Angola twenty minutes from now,2,5,1,0.00020900984,3,OOD_Class_2
I'd like to watch films anywhere nearby,6,5,0,0.00017538409,3,OOD_Class_2
"whats the forecast for January 21, 2035 in Dubach",2,5,1,0.0005175544,3,OOD_Class_2
add this Michael V track to my Folk & Americana,0,0,0,0.00016344662,3,OOD_Class_2
Find a show called Friday Download .,5,4,0,9.529697e-05,3,OOD_Class_2
Play me the best Charles Neidich song,3,2,0,7.761953e-05,3,OOD_Class_2
Where is Feast II No Limit playing,6,5,0,0.0001552458,3,OOD_Class_2
how much hotter will it be here tomorrow,2,5,1,0.0002129696,3,OOD_Class_2
add the track by Paul Gray to my 2010s smash hits playlist,0,0,0,0.0001661053,3,OOD_Class_2
Will it get chilly 1 minute from now in Carterville ?,2,5,1,0.0003549532,3,OOD_Class_2
"How will the weather be in Bettles , Aruba on may the tenth, 2026 ?",2,5,1,0.00043705682,3,OOD_Class_2
What's the weather look like for MH,2,4,1,0.00024267487,3,OOD_Class_2
book John Pearson Soda Works restaurant on 7/27/2036,1,1,0,0.00017307937,3,OOD_Class_2
what is the forecast for Dr. Julian G. Bruce St. George Island State Park for rainy weather,2,5,1,0.00050886674,3,OOD_Class_2
give The Last Child 4 of 6,4,3,0,0.00012776349,3,OOD_Class_2
weather for Frankfort,2,5,1,0.0007040061,3,OOD_Class_2
Show the forecast for two years from now in Lake Telemark Sudan,2,4,1,0.0001221776,3,OOD_Class_2
Is it forecast to be warm in Doi Inthanon National Park ?,2,5,1,0.00022920348,3,OOD_Class_2
show the movie schedules at United Paramount Theatres,6,5,0,0.0001598623,3,OOD_Class_2
add sonntag to my Assassin's Creed,0,0,0,0.00017129276,3,OOD_Class_2
Play easy listening,3,2,0,0.000104956445,3,OOD_Class_2
Is it cloudy in Cuba ?,2,5,1,0.0004899818,3,OOD_Class_2
What will the weather be like 1 minute from now within the same area of my current location,2,5,1,0.00024732988,3,OOD_Class_2
will it be warm at Mountainair,2,5,1,0.0003951294,3,OOD_Class_2
Weather for Afghanistan in one minute,2,5,1,0.0006441167,3,OOD_Class_2
What kind of weather is forecast around one pm near Vatican ?,2,5,1,0.000262197,3,OOD_Class_2
Show the My World 2.0 photograph,5,4,0,0.00011217029,3,OOD_Class_2
Will there be rain in 8 minutes in MD,2,5,1,0.00029274248,3,OOD_Class_2
I want to hear This Is The Night from Proof,3,2,0,0.00017913438,3,OOD_Class_2
What's the forecast for North AMityville ?,2,4,1,0.000534286,3,OOD_Class_2
humidity in Olvey New Hampshire,2,1,1,0.00089857396,3,OOD_Class_2
rate the book Whit a zero,4,3,0,0.0001237715,3,OOD_Class_2
Will it be foggy on the town meeting day vermont in Angola,2,5,1,0.00027794173,3,OOD_Class_2
what is the weather forecast for Red Rock Lakes National Wildlife Refuge,2,5,1,0.00047959102,3,OOD_Class_2
Will it be rainy in Neffs,2,5,1,0.0002827303,3,OOD_Class_2
What is the weather forecast for New Mexico,2,4,1,0.0010694134,3,OOD_Class_2
give me the Morning movie schedules,6,5,0,0.00014927711,3,OOD_Class_2
I need the forecast for hot in Barbados May City in 1 year,2,5,1,0.0009845615,3,OOD_Class_2
Will there be a blizzard in North Carolina,2,5,1,0.00035420508,3,OOD_Class_2
Book a restaurant for one in AL .,1,1,0,0.00015215561,3,OOD_Class_2
play a 1977 record by Bitty Mclean on Google Music,3,2,0,0.00013931513,3,OOD_Class_2
What's the weather in the U.S. Virgin Islands,2,5,1,0.001264722,3,OOD_Class_2
Need weather forecast for Stacy in Vanuatu,2,4,1,0.001380592,3,OOD_Class_2
how much humidity in Mancos,2,5,1,0.0005061896,3,OOD_Class_2
Find the movie schedule for B&B Theatres .,6,5,0,0.00015479194,3,OOD_Class_2
play Punk Essentials on Zvooq,3,2,0,0.00010836749,3,OOD_Class_2
what is the forecast for Lansford for temperate weather,2,5,1,0.0018784376,3,OOD_Class_2
I want to listen to seventies music.,3,2,0,0.00012245352,3,OOD_Class_2
Is there a storm in New Mexico in Fort Sumner,2,5,1,0.00026095196,3,OOD_Class_2
find The Magical World of Roger Whittaker,5,4,0,0.00015269333,3,OOD_Class_2
in Khlong Phraya Wildlife Sanctuary is there a cloud,2,5,1,0.00043903798,3,OOD_Class_2
Will there be fog in my current position,2,5,1,0.0012302728,3,OOD_Class_2
Find the Hopeless Romantic photograph,5,4,0,0.000112391004,3,OOD_Class_2
Find a reservation at Fish Express,1,1,0,0.0001473764,3,OOD_Class_2
show me the movie schedule in the neighbourhood movies,6,5,0,0.00014569526,3,OOD_Class_2
book a table at a churrascaria for august 5 that has parking,1,1,0,0.0001579075,3,OOD_Class_2
Rate Gota’s War a one,4,3,0,0.000120196106,3,OOD_Class_2
What movies are playing one hour from now at Cooper Foundation ?,6,5,0,0.00015209378,3,OOD_Class_2
Add this tune to the Duetos playlist,0,0,0,0.00016675664,3,OOD_Class_2
what is the forecast for 6 am in Aruba,2,5,1,0.0003854394,3,OOD_Class_2
Play top music from Charles L. Johnson on vimeo,3,2,0,0.00014206243,3,OOD_Class_2
Does Wildorado have a hot temperature,2,5,1,0.0005164932,3,OOD_Class_2
I need a photograph of The Oregon Desert,5,4,0,0.00015235791,3,OOD_Class_2
I want to hear the Fear The Boom And Bust song from haruka shimotsuki off of Spotify,3,2,0,0.00016240244,3,OOD_Class_2
Where is Road to the Stage playing,6,5,0,0.00013156695,3,OOD_Class_2
Find Trust in the Lord – Live Worship with Don Moen .,5,4,0,0.0009646242,3,OOD_Class_2
what is the Currituck National Wildlife Refuge forecast for chilly conditions,2,5,1,0.00026519172,3,OOD_Class_2
What's the weather going to be like not far from East Timor,2,5,1,0.0007417429,3,OOD_Class_2
"What will the weather be within the same area in Minnesota on June 27th, 2023 ?",2,5,1,0.00038297533,3,OOD_Class_2
What time is Pussyfoot playing at Pacific Theatres ?,6,5,0,0.00014186352,3,OOD_Class_2
Will it be colder in Oaklawn Zambia ?,2,5,1,0.0011688682,3,OOD_Class_2
SHow me the nearest movie house showing Moron 5 and the Crying Lady,6,5,0,0.00017167354,3,OOD_Class_2
Will it be stormy not far from ID on 10/2/2021,2,5,1,0.0005057415,3,OOD_Class_2
I would give the All That Fresh out the Box saga a rating of 2 points,4,3,0,0.00012645897,3,OOD_Class_2
Check the forecast for Nebraska .,2,5,1,0.035899546,3,OOD_Class_2
What is the weather forecast for Boden,2,4,1,0.0010057768,3,OOD_Class_2
What's the weather going to be in Knobel ?,2,5,1,0.0001822507,3,OOD_Class_2
"What is the weather going to be like in twenty three minutes in Parksdale , IN",2,5,1,0.00029223532,3,OOD_Class_2
I'd like to know how the weather will be at 8 pm in Tennessee .,2,5,1,0.00032746914,3,OOD_Class_2
Is it warm in Vallecito,2,5,1,0.00082576973,3,OOD_Class_2
Tell me the weather forecast 1 hour from now in Big Thicket National Preserve,2,5,1,0.0003284792,3,OOD_Class_2
Can you look for the creative work called No Gravity,5,4,0,0.00011664245,3,OOD_Class_2
List movie schedule,6,5,0,0.00014215577,3,OOD_Class_2
Is it cold in PW ?,2,5,1,0.0003656068,3,OOD_Class_2
look up Holy Water,5,4,0,0.00011325332,3,OOD_Class_2
I want to book a restaurant for ten people.,1,1,0,0.00012400353,3,OOD_Class_2
show me movies in the area,6,5,0,0.00016157673,3,OOD_Class_2
Will it be warmer at fourteen o'clock in Atlas Mongolia,2,5,1,0.0004991972,3,OOD_Class_2
find a movie house with Colic The Movie that is nearest,6,5,0,0.00016851601,3,OOD_Class_2
Play some Erin Harkes from the fifties on Lastfm .,3,2,0,0.00014543443,3,OOD_Class_2
Is it warm here now ?,2,5,1,0.00072124106,3,OOD_Class_2
add keltech to my 70s road trip playlist,0,0,0,0.00016321304,3,OOD_Class_2
Tell me the weather forecast for Sugarloaf Provincial Park ten weeks from now,2,5,1,0.0004704517,3,OOD_Class_2
What's the weather going to be like tomorrow at Black Hawk State Park ?,2,5,1,0.00015158902,3,OOD_Class_2
book a caucasian serving steakhouse for 4 in Saint Pierre and Miquelon,1,1,0,0.00015584003,3,OOD_Class_2
Is Prophecy playing at Malco Theatres,6,5,0,0.00015644825,3,OOD_Class_2
What's the weather like here,2,5,1,0.00033030103,3,OOD_Class_2
I want to rate this novel three out of 6,4,3,0,0.00013304713,3,OOD_Class_2
I give this book Dictionary of the English Language a 4 rating,4,3,0,0.000133633,3,OOD_Class_2
add megon mcdonough indie songs for slackers to my playlist artist,0,0,0,0.000179079,3,OOD_Class_2
Play Sound Of Love from Papa Mali,3,2,0,0.00012561974,3,OOD_Class_2
Will it be chilly at 4 in Druid Hills AMerican Samoa,2,1,1,0.00048151214,3,OOD_Class_2
Will it hail in 1 second on Riceboro Delaware,2,5,1,0.0006398769,3,OOD_Class_2
book rosalie stewart and evelyn at a restaurant,1,1,0,0.00014826862,3,OOD_Class_2
What's the weather like in Saint Regis Falls ND,2,5,1,0.00035278182,3,OOD_Class_2
weather at Stanford at six am,2,5,1,0.00050018163,3,OOD_Class_2
Make me a reservation in Crugers at Marlton Circle for a party of eight,1,1,0,0.00015372364,3,OOD_Class_2
show weather forecast in West Wildwood South Carolina,2,4,1,9.4999756e-05,3,OOD_Class_2
I give Rogue Ship 5 out of 6 .,4,3,0,0.0001257829,3,OOD_Class_2
my father in law and I would like to go to a highly rated bar,1,1,0,0.00016156715,3,OOD_Class_2
Play Fais Les Backs by Sarah Geronimo on Youtube,3,2,0,0.00012847333,3,OOD_Class_2
Weather for noon in CA,2,5,1,0.00074612955,3,OOD_Class_2
What's the snowfall at noon in IN,2,5,1,0.00015515873,3,OOD_Class_2
"Tell me the weather forecast one year from now in Kulpsville , Togo",2,5,1,0.0011882212,3,OOD_Class_2
What is the weather in twenty three minutes in NV,2,5,1,0.0002451568,3,OOD_Class_2
Give the current album a five .,4,3,0,0.00011775661,3,OOD_Class_2
what is the midnight forecast for Argentina,2,4,1,0.00030908038,3,OOD_Class_2
Find the schedule for Vanishing of the Bees at a movie house .,6,5,0,0.00017403302,3,OOD_Class_2
What's the weather forecast for the Dominican Republic,2,4,1,0.0011511332,3,OOD_Class_2
Can you give me the forecast for Osgood,2,4,1,0.07821464,3,OOD_Class_2
"When it comes to Dukes and the District Of Columbia , what will the weather be in one hour",2,5,1,0.00025029556,3,OOD_Class_2
want to find the novel called Innocent Until Caught 2 Guilty,5,4,0,0.0001240445,3,OOD_Class_2
What will the weather be in nov. in Brookneal ?,2,5,1,0.0002124171,3,OOD_Class_2
what are the movie times for United Paramount Theatres,6,5,0,0.00016397207,3,OOD_Class_2
Play music from Carina Round,3,2,0,0.00011075294,3,OOD_Class_2
What's the weather forecast for Devils Den ?,2,4,1,0.00073535205,3,OOD_Class_2
find Death Is Called Engelchen at Neighborhood Cinema Group,6,5,0,0.00016947044,3,OOD_Class_2
Play Russell Morris 's The Singer And The Song on Netflix .,3,2,0,0.0001474381,3,OOD_Class_2
Add millie corretjer to the rhythm playlist,0,0,0,0.00016146702,3,OOD_Class_2
Will there be a storm in Gibsonia at 8 p.m ?,2,5,1,0.0002084042,3,OOD_Class_2
Book a restaurant in seven in Fort McKinley,1,1,0,0.00015447535,3,OOD_Class_2
Find movie schedules .,6,5,0,0.00014568471,3,OOD_Class_2
What is the weather forecast for Tanque,2,5,1,0.0008327499,3,OOD_Class_2
Add kaya newest track to my I Love My '00's R&B playlist,0,0,0,0.00016913374,3,OOD_Class_2
What's the weather like in Groesbeck,2,5,1,0.00044141145,3,OOD_Class_2
Play the song Two Suns In The Sunset by Airi Suzuki,3,2,0,0.00011238459,3,OOD_Class_2
What's the weather forecast in Nationalpark Banc d’Arguin ?,2,5,1,0.00018393337,3,OOD_Class_2
Book a bar with a pool in Mountain Iron .,1,1,0,0.00014321589,3,OOD_Class_2
Give 0 rating to In the Heart of the Country,4,3,0,0.00011143443,3,OOD_Class_2
what animated movies are showing in the neighborhood,6,5,0,0.00014684034,3,OOD_Class_2
what is the weather forecast for Maryland,2,4,1,0.0012412622,3,OOD_Class_2
play a concerto that was most popular in 1958 by mickey hart,3,2,0,0.00011709016,3,OOD_Class_2
Add this tune to my playlist named Women of Fresh Finds,0,0,0,0.00016546041,3,OOD_Class_2
What is the weather forecast in Saint Vincent and the Grenadines ?,2,5,1,0.0006719884,3,OOD_Class_2
Play Alfredo Zitarrosa on spotify .,3,2,0,0.00013702616,3,OOD_Class_2
Put this track on Musica Española 2017,0,0,0,0.00016707208,3,OOD_Class_2
Can you play a sound track by Sissieretta Jones,3,2,0,0.00012045605,3,OOD_Class_2
Check the weather forecast for Biscay,2,5,1,0.0009345162,3,OOD_Class_2
add nico to my rock to work,0,0,0,0.0001522784,3,OOD_Class_2
I want to book an ethiopian bar for this Afternoon .,1,1,0,0.00012781327,3,OOD_Class_2
is the weather freezing in AK,2,5,1,0.00031996839,3,OOD_Class_2
I'd like to hear the song Daimidaler Prince vs Penguin Empire,5,4,0,9.362924e-05,3,OOD_Class_2
Book a restaurant in MP at 3 pm with pigs in blankets,1,1,0,0.00014526013,3,OOD_Class_2
Will there be sun around here ?,2,5,1,0.00052746537,3,OOD_Class_2
I give the Knife of Dreams saga a 0 of 6,4,3,0,0.0001284517,3,OOD_Class_2
What is the weather forecast one minute from now in Macao,2,5,1,0.00020236726,3,OOD_Class_2
What's the weather like in North Brunswick Township Virginia,2,5,1,0.00036165208,3,OOD_Class_2
Put abe laboriel onto the Escapada playlist.,0,0,0,0.00016797887,3,OOD_Class_2
How will the weather be in six minutes close to Moosic,2,5,1,0.00036819704,3,OOD_Class_2
When will The Flower and the Angry Waves be showing?,6,5,0,0.00013611357,3,OOD_Class_2
this album is five stars .,4,3,0,0.000114189985,3,OOD_Class_2
Add Hanging On to my just dance by aftercluv playlist.,0,0,0,0.00016938339,3,OOD_Class_2
"Is it cold now in Carlos , IL",2,1,1,0.0009862279,3,OOD_Class_2
What will the weather be here 14 minutes from now within walking distance ?,2,5,1,0.0003104268,3,OOD_Class_2
is it cloudy here,2,5,1,0.00073701306,3,OOD_Class_2
Is there snowfall in Hineston New Hampshire,2,5,1,0.00037777267,3,OOD_Class_2
"Book a table at Central Grocery on Mar. 22nd, 2020",1,1,0,0.0001768403,3,OOD_Class_2
what is the Posey Island State Park forecast for colder temps at meal time,2,5,1,0.00019234371,3,OOD_Class_2
Add dr know to my TODO ALTERNATIVO playlist.,0,0,0,0.00017846657,3,OOD_Class_2
What is the weather in Åland 4 seconds from now,2,5,1,0.0003614666,3,OOD_Class_2
Play some music from 1958 on Deezer .,3,2,0,0.00013358872,3,OOD_Class_2
What will the weather by close by the current position at 020230 ?,2,5,1,0.0002477263,3,OOD_Class_2
Tell me the weather forecast for UT on thursday,2,5,1,0.0016395876,3,OOD_Class_2
Is it going to be windy five minutes from now in NJ,2,5,1,0.0003359803,3,OOD_Class_2
Which movies are showing at Southern Theatres ?,6,5,0,0.00015862014,3,OOD_Class_2
show weather forecast close-by MS in 48 and a half weeks,2,4,1,0.00013146241,3,OOD_Class_2
Tell me when there will be a snowstorm in Clifton Forge,2,5,1,0.00024079345,3,OOD_Class_2
what is the forecast for in eighteen minutes here for colder temps,2,5,1,0.00020222909,3,OOD_Class_2
I'm looking for the saga Why Men Leave Home,5,4,0,0.00010262702,3,OOD_Class_2
Will it get colder in Cape Fair,2,5,1,0.00020532985,3,OOD_Class_2
Show me Heavenly Sword,5,4,0,9.9470075e-05,3,OOD_Class_2
what is the forecast for a day from now in Liechtenstein,2,5,1,0.0003133702,3,OOD_Class_2
Which movies are playing at AMC Theaters 1 second from now ?,6,5,0,0.00018203638,3,OOD_Class_2
I want to book Dinner by Heston Blumenthal in AL .,1,1,0,0.000143419,3,OOD_Class_2
Can you give me the weather forecast in Tajikistan ?,2,5,1,0.0035938902,3,OOD_Class_2
I want to eat in Ramona,1,1,0,0.00012564695,3,OOD_Class_2
what is the forecast for assumption of mary in IN for the weather depression,2,5,1,0.0017978714,3,OOD_Class_2
"Is it humid in Caddo Mills , KY ?",2,5,1,0.0013458792,3,OOD_Class_2
I need some ambient music.,3,2,0,0.0001100767,3,OOD_Class_2
Rate this novel three out of 6,4,3,0,0.00012851405,3,OOD_Class_2
Let me hear the good songs from James Iha,3,2,0,0.00011697309,3,OOD_Class_2
rate this saga 4 out of 6 stars,4,3,0,0.00013620232,3,OOD_Class_2
I'd like to reserve a table at a pub that serves andouillettes within the same area in San Marino .,1,1,0,0.0001480507,3,OOD_Class_2
what is the 10 pm forecast for Sweet Springs Wyoming,2,5,1,0.00074237795,3,OOD_Class_2
Will the weather be stormy in Aurora ?,2,5,1,0.00025509464,3,OOD_Class_2
How hot is it in Pesotum,2,5,1,0.0014983122,3,OOD_Class_2
Rate Notes from the Internet Apocalypse four of 6 stars,4,3,0,0.00012676897,3,OOD_Class_2
Can I get a table at The Fort ?,1,1,0,0.00011930965,3,OOD_Class_2
Put Kim Kibum in my the martin garrix show playlist.,0,0,0,0.00017501437,3,OOD_Class_2
How will the weather be in New Mexico around 000907 am ?,2,5,1,0.0002762005,3,OOD_Class_2
What's it like in my current location,2,5,1,0.0008079355,3,OOD_Class_2
Will it be stormy in Ritchey in Palau,2,1,1,0.0006803323,3,OOD_Class_2
I'd like to hear Ami Suzuki 's latest record,3,2,0,0.00011998442,3,OOD_Class_2
Find a movie schedule .,6,5,0,0.00014343025,3,OOD_Class_2
Will be it cloudy close by Azerbaijan in 55 weeks ?,2,5,1,0.00036822207,3,OOD_Class_2
Will it be warmer in Minidoka OK on good friday ?,2,5,1,0.0009307056,3,OOD_Class_2
What is the temperature at Eifel National Park,2,5,1,0.0002679788,3,OOD_Class_2
Will it be stormy in Deposit,2,5,1,0.00044297916,3,OOD_Class_2
What's the weather forecast for Pointe-Heath Ecological Reserve at midnight ?,2,5,1,0.00018010772,3,OOD_Class_2
rate Black Boy 4 out of 6,4,3,0,0.0001201986,3,OOD_Class_2
Where is the closest cinema that features animated movies,6,5,0,0.00016574595,3,OOD_Class_2
in California will it be cold in East Trenton Heights,2,1,1,0.00023502979,3,OOD_Class_2
What's the forecast for AL twenty one minutes from now ?,2,5,1,0.00020172496,3,OOD_Class_2
What is the forecast for Farmerville in Cape Verde,2,5,1,0.0005423697,3,OOD_Class_2
What's the weather in Kiahsville in the Cayman Islands,2,5,1,0.00056998484,3,OOD_Class_2
The book History of Shit should be rated 2 out of 6 .,4,3,0,0.000120492645,3,OOD_Class_2
what is the Cameia National Park forecast for in one minute and 1 second,2,5,1,0.00021126251,3,OOD_Class_2
What will the weather be at nine am in HI ?,2,5,1,0.00018540387,3,OOD_Class_2
Is there snow in the District Of Columbia,2,5,1,0.0007466269,3,OOD_Class_2
book a restaurant for november 19,1,1,0,0.00013759622,3,OOD_Class_2
What's the weather here,2,5,1,0.00026243748,3,OOD_Class_2
Rate The Autobiography of Alice B. Toklas 1 out of 6 stars,4,3,0,0.0001229293,3,OOD_Class_2
What will be the wind speed around Pembina Gorge State Recreation Area October the 27th ?,2,5,1,0.00019889676,3,OOD_Class_2
Is fog forecast close-by to Pakistan ?,2,5,1,0.00026795114,3,OOD_Class_2
what movie theatre is showing Titanic The Legend Goes On,6,5,0,0.00015031226,3,OOD_Class_2
Please book me a table for three at an american gastropub,1,1,0,0.00014892097,3,OOD_Class_2
in Taiwan will there be rainfall in Willimantic,2,5,1,0.0063015833,3,OOD_Class_2
play the top song by Amon Amarth on Groove Shark,3,2,0,0.00013728811,3,OOD_Class_2
Will it be warm in Powersville Guam 23 hours from now,2,5,1,0.00047403434,3,OOD_Class_2
what is the forecast for Costa Rica,2,4,1,0.007675898,3,OOD_Class_2
Book a table for 10 at the Dunbrody Country House Hotel in Serbia,1,1,0,0.00015891084,3,OOD_Class_2
"Is there a blizzard in Tennessee Colony , KS",2,5,1,0.00056774204,3,OOD_Class_2
My rating for The Eiffel Tower and Other Mythologies is 0 out of 6 stars,4,3,0,0.00011741409,3,OOD_Class_2
add artist to lo mejor de los 00's,0,0,0,0.00016441339,3,OOD_Class_2
Find a table for 2 at a restaurant in Saint Vincent and the Grenadines,1,1,0,0.00015775033,3,OOD_Class_2
rate Varney the Vampire with 1 points,4,3,0,0.00012971077,3,OOD_Class_2
Is it freezing in Vega Alta,2,5,1,0.0007652294,3,OOD_Class_2
Will there be rain next year in New Hampshire ?,2,5,1,0.00041707463,3,OOD_Class_2
I want to find the show From Where to Eternity .,5,4,0,9.3728384e-05,3,OOD_Class_2
Will it be sunny in Corcovado Indonesia ?,2,1,1,0.0010820018,3,OOD_Class_2
What's the weather like at Powers Lake ?,2,5,1,0.0001660518,3,OOD_Class_2
What will the weather be like in three weeks faraway in Sompio Strict Nature Reserve,2,1,1,0.000964005,3,OOD_Class_2
Is it going to be freezing in one hour in Puerto Rico,2,5,1,0.0004517944,3,OOD_Class_2
what is the Niceville forecast in FM,2,0,1,0.0015076663,3,OOD_Class_2
Play Johnny Gimble,3,2,0,0.000106601416,3,OOD_Class_2
add git to Domingo Indie,0,0,0,0.00015612024,3,OOD_Class_2
give 5 out of 6 points to Racing the Rain,4,3,0,0.000119263255,3,OOD_Class_2
Is it humid in my current spot,2,5,1,0.0011602362,3,OOD_Class_2
Add Steve Jones to my chill list,0,0,0,0.00016241343,3,OOD_Class_2
Play some Sabah from the eighties,3,2,0,0.00012671866,3,OOD_Class_2
What's the weather forecast not far from here ?,2,5,1,0.000203976,3,OOD_Class_2
What kind of weather is forecast in MS now ?,2,5,1,0.00045349236,3,OOD_Class_2
"Will it be hotter in San Valley Landscape Park on June 24, 2024",2,5,1,0.0012433918,3,OOD_Class_2
Will it be hotter in Pecan Grove,2,5,1,0.00047960028,3,OOD_Class_2
Rate Body of Secrets one stars,4,3,0,0.000117700816,3,OOD_Class_2
Will there be cloud coverage at zero AM in Minami Alps Koma Prefectural Natural Park,2,5,1,0.00034030701,3,OOD_Class_2
Please tune into Chieko Ochi 's good music,3,2,0,0.00014346204,3,OOD_Class_2
Will it be chillier in Uruguay in 213 days ?,2,1,1,0.00070424273,3,OOD_Class_2
book a highly rated bar in Curacao for one,1,1,0,0.00015222405,3,OOD_Class_2
Is it going to be temperate at six am in Washington,2,5,1,0.00035746483,3,OOD_Class_2
weather for MA in the morning,2,5,1,0.00046135357,3,OOD_Class_2
"Will it be hot in West Union , Malaysia",2,1,1,0.00017439052,3,OOD_Class_2
What will the weather be this year in Horseshoe Lake State Fish and Wildlife Area ?,2,5,1,0.00022758052,3,OOD_Class_2
"What will the weather be in Dane on sep. the fifth, 2030 ?",2,5,1,0.00019088693,3,OOD_Class_2
"What's the wather in Coleville , Kenya",2,1,1,0.00014773477,3,OOD_Class_2
Is The Tender Years at the nearest movie theatre,6,5,0,0.00019151963,3,OOD_Class_2
Add tune to cleaning the house,0,0,0,0.00015220465,3,OOD_Class_2
what is the thursday forecast for Akers New Hampshire,2,4,1,0.00036757666,3,OOD_Class_2
Will there be rainfall four weeks from now in Tehama Bahamas,2,5,1,0.00057638285,3,OOD_Class_2
what is the forecast in Mer Rouge and Palestine,2,5,1,0.00060498406,3,OOD_Class_2
add the artist Pete Murray to my relaxing playlist,0,0,0,0.0001568835,3,OOD_Class_2
How will the weather be at 8 am in CT ?,2,5,1,0.00020915417,3,OOD_Class_2
Will it be chillier on october 17 nearby East Glacier Park,2,5,1,0.00069274317,3,OOD_Class_2
What's the weather forecast for Nishi Sonogi Hantō Prefectural Natural Park three years from now ?,2,5,1,0.00024342907,3,OOD_Class_2
find a photograph called XQuery API for Java,5,4,0,0.0001761056,3,OOD_Class_2
Play The Monkeys Have No Tails In Zamboanga on Google Music .,3,2,0,0.00015525984,3,OOD_Class_2
I want to book a table at a nearby restaurant in Andorra for me and my kids .,1,1,0,0.00014024081,3,OOD_Class_2
find Racing the Beam The Atari Video Computer System,5,4,0,0.00020071874,3,OOD_Class_2
What's the weather close to Harmar Heights this afternoon,2,5,1,0.00028941387,3,OOD_Class_2
find a photograph called The Wish List,5,4,0,0.00010104654,3,OOD_Class_2
Add sammy hagar to Ultra Metal,0,0,0,0.00016075947,3,OOD_Class_2
Play an ep from Mike Harding .,3,2,0,0.00013075324,3,OOD_Class_2
I need a table at a restaurant in Texas for kelley and suzette,1,1,0,0.00014441083,3,OOD_Class_2
Will it snowstorm in Lampi Island Marine National Park ?,2,5,1,0.00019787176,3,OOD_Class_2
What is the forecast for Dec. 15 in Lake Woodruff National Wildlife Refuge,2,5,1,0.00019141924,3,OOD_Class_2
What was the weather like last may at Altai Tavan Bogd National Park,2,5,1,0.00043500963,3,OOD_Class_2
Lets hear some booty bass,3,2,0,0.00012366737,3,OOD_Class_2
What will the weather be like in Samoa at 6 pm,2,5,1,0.00023326986,3,OOD_Class_2
Give me a forecast for Carol City,2,3,1,0.009335514,3,OOD_Class_2
What time are films showing in the neighborhood,6,5,0,0.00017050204,3,OOD_Class_2
show video game name Find the Colour,5,4,0,0.00012236187,3,OOD_Class_2
"this winter , meredith, betty and erika want to food at a gastropub that is in the same area as fran's location .",1,1,0,0.00021204997,3,OOD_Class_2
"How much hotter will it be 40 weeks from now in Blue Island , North Dakota ?",2,1,1,0.00029584294,3,OOD_Class_2
Add sara hickman to my Targeted list,0,0,0,0.00016178218,3,OOD_Class_2
Play a top track by Janamanchi Seshadri Sarma,3,2,0,0.0001457176,3,OOD_Class_2
Is it cloudy in Choptank,2,5,1,0.00029271463,3,OOD_Class_2
play dj kentaro from the year 1994,3,2,0,0.00011227315,3,OOD_Class_2
"Will it be windy in Mission Bay , AK today",2,5,1,0.0006017275,3,OOD_Class_2
what is the weather of Pine City,2,5,1,0.00048326334,3,OOD_Class_2
The Cool World gets 4 points,4,3,0,0.00013323738,3,OOD_Class_2
What is the weather in Galena Park Oklahoma,2,5,1,0.00027214474,3,OOD_Class_2
give four out of 6 rating to The Cattle King,4,3,0,0.000114918046,3,OOD_Class_2
Find the schedule for for Corn at eleven A.M. at Loews Cineplex Entertainment .,6,5,0,0.00017282442,3,OOD_Class_2
Will it be colder in Åland,2,5,1,0.0006406017,3,OOD_Class_2
I want to read the book Crash Landing,5,4,0,8.6088505e-05,3,OOD_Class_2
Will it be warmer 1 minute from now at Farmington Canal State Park Trail,2,5,1,0.00034153543,3,OOD_Class_2
Book a reservation for 6 people for a creole tavern in Montenegro,1,1,0,0.00016212513,3,OOD_Class_2
Tell me if it'll be humid at eighteen o'clock in my current spot,2,5,1,0.0006104338,3,OOD_Class_2
Is the Wandering Detective Black Wind in the Harbor playing at Cinemark Theatres,6,5,0,0.00018525393,3,OOD_Class_2
I'm looking for the saga The Hardest Part,5,4,0,9.0393936e-05,3,OOD_Class_2
book a table for my step father and I,1,1,0,0.00015163214,3,OOD_Class_2
Tell me the weather forecast for Gibsland,2,5,1,0.008564271,3,OOD_Class_2
how much rain are we getting in current position,2,5,1,0.0003148584,3,OOD_Class_2
Search for To Heart 2,5,4,0,0.000112395595,3,OOD_Class_2
What is the temperature in Western Sahara or within the same area three seconds from now,2,5,1,0.00023575075,3,OOD_Class_2
What is the weather in the Falkland Islands,2,5,1,0.00076872215,3,OOD_Class_2
Add louis nelson delisle to the pulse of americana,0,0,0,0.0001670806,3,OOD_Class_2
I give it a rating value of four to 6 to a book called Liberalism and the Limits of Justice,4,3,0,0.0001258438,3,OOD_Class_2
forecast for Serbia,2,4,1,0.00023483571,3,OOD_Class_2
Find a video game called The Mysterious Castle in the Carpathians .,5,4,0,0.000105686806,3,OOD_Class_2
Rate the book An Appeal from the New to the Old Whigs a 0,4,3,0,0.00013686693,3,OOD_Class_2
Find Changes A Love Story .,5,4,0,0.000110968744,3,OOD_Class_2
will it be sunny a lot in Honduras next autumn,2,5,1,0.00053583237,3,OOD_Class_2
What are the movie times at the Malco Theatres ?,6,5,0,0.00016381512,3,OOD_Class_2
Add viktor merjanov to california rock state,0,0,0,0.00015935443,3,OOD_Class_2
put Edwyn Collins onto my Trabajo Relax playlist,0,0,0,0.00016797885,3,OOD_Class_2
book a spot far from Åland,1,1,0,0.00016425463,3,OOD_Class_2
Find the movie schedule .,6,5,0,0.00013928521,3,OOD_Class_2
is Las aventuras de Zachary Beaver at Harkins Theatres,6,5,0,0.00018452405,3,OOD_Class_2
book a restaurant for one,1,1,0,0.00013135813,3,OOD_Class_2
Book a reservation not far from 8th St,1,1,0,0.00016283712,3,OOD_Class_2
What will the weather be here on dec. 7th ?,2,5,1,0.0002260856,3,OOD_Class_2
Rate the current essay four out of 6 .,4,3,0,0.000119730204,3,OOD_Class_2
is Agnew United States has chilly weather,2,5,1,0.00031828182,3,OOD_Class_2
What is the weather forecast in Country Club Heights,2,5,1,0.00021923329,3,OOD_Class_2
Play my playlist springtime,3,2,0,6.674719e-05,3,OOD_Class_2
What's the weather going to be in jun . in Burkina,2,5,1,0.00027082796,3,OOD_Class_2
"Tell me when it'll be chillier in Cavalero Corner , ID",2,1,1,0.000822847,3,OOD_Class_2
play Google Music tunes,3,2,0,0.00010723891,3,OOD_Class_2
when is sunrise in AMerican Samoa,2,5,1,0.00025470133,3,OOD_Class_2
rate The White Goddess 2 of 6,4,3,0,0.00012359081,3,OOD_Class_2
Book a food truck that is highly rated in Honduras,1,1,0,0.00017316759,3,OOD_Class_2
Will it be rainy faraway in Charleston Lake Provincial Park in 13 hours ?,2,5,1,0.0004943423,3,OOD_Class_2
Make me a reservation at a popular place that serves udupi at a restaurant,1,1,0,0.00015387329,3,OOD_Class_2
I want another artist on my atmospheric black metal playlist,0,0,0,0.00016122968,3,OOD_Class_2
What's the weather forecast for here ?,2,5,1,0.00048810744,3,OOD_Class_2
Find The Transformers Generations video game,5,4,0,0.00011438683,3,OOD_Class_2
Play some seventies music on Netflix .,3,2,0,0.0001416491,3,OOD_Class_2
I give this current book four stars and a rating of 6,4,3,0,0.000117414245,3,OOD_Class_2
Is it going to be hot in Lexington-Fayette,2,1,1,0.0006362616,3,OOD_Class_2
what is the forecast for Chandler,2,5,1,0.0009933538,3,OOD_Class_2
Find the closest cinema playing Little Red Monkey .,6,5,0,0.00016493654,3,OOD_Class_2
Is there any hail in Monterey Bay National Marine Sanctuary,2,5,1,0.00037257277,3,OOD_Class_2
When will it be hot here,2,5,1,0.00015919044,3,OOD_Class_2
"weather in Radnor Township , WV",2,1,1,0.0020525127,3,OOD_Class_2
Will it storm in Charles Pinckney National Historic Site,2,5,1,0.001170249,3,OOD_Class_2
Will it be colder in Holladay Saint Kitts and Nevis,2,5,1,0.00074135995,3,OOD_Class_2
I would like reservations to a popular pub in Burkina for 10 people.,1,1,0,0.000140377,3,OOD_Class_2
Find me The Rise and Fall of the Great Lakes saga .,5,4,0,0.00010343159,3,OOD_Class_2
Play a soundtrack by Mike Hindert on Spotify .,3,2,0,0.0001391849,3,OOD_Class_2
Tell me what the weather is here,2,5,1,0.00037854872,3,OOD_Class_2
what is the twenty one o'clock forecast for the current spot,2,5,1,0.00036074012,3,OOD_Class_2
Add kjetil vidar haraldstad to my para entrenar playlist.,0,0,0,0.00016880338,3,OOD_Class_2
I would rate this chronicle 4 stars,4,3,0,0.00013246348,3,OOD_Class_2
Find me the movie schedule for Great Escape Theatres,6,5,0,0.00016158384,3,OOD_Class_2
Is the weather hot in Miller House NV,2,5,1,0.00022532692,3,OOD_Class_2
whats the forecast for Greece,2,4,1,0.00040075814,3,OOD_Class_2
"find Touch of Eva , a TV show I want to see",5,4,0,0.00011011594,3,OOD_Class_2
Forecast for my current location at 6,2,5,1,0.0022652866,3,OOD_Class_2
Show me a forecast for French Polynesia,2,4,1,0.000304565,3,OOD_Class_2
What's the weather forecast for Bothe-Napa Valley State Park close by february 20 ?,2,5,1,0.00020521892,3,OOD_Class_2
What is the weather in Arkansas the city of Morrison,2,5,1,0.0010395363,3,OOD_Class_2
Play a top five Linda Strawberry ep,3,2,0,0.0001282207,3,OOD_Class_2
"What is the weather forecast for Yoakum , SC ?",2,5,1,0.0011220857,3,OOD_Class_2
Play Have You Met Miss Jones by Nicole from Google Music .,3,2,0,0.00016074452,3,OOD_Class_2
Add even serpents shine to dorothea's indie hipster playlist,0,0,0,0.00016732958,3,OOD_Class_2
Ad Amal Hijazi tune to my Pura Vida,0,0,0,0.00014129913,3,OOD_Class_2
Weather for six am in SC,2,5,1,0.0012791863,3,OOD_Class_2
Play some Jungle music on iheart,3,2,0,0.00013529883,3,OOD_Class_2
Tell me if it'll be humid in GA one minute from now,2,5,1,0.00049468107,3,OOD_Class_2
use Spotify to play Nina Persson from 1962,3,2,0,0.00011939813,3,OOD_Class_2
Play The Garden Of Allah from Wade Mainer,3,2,0,0.000114491915,3,OOD_Class_2
Do you know of a song by the Mande Studies Association ?,5,4,0,0.00020916281,3,OOD_Class_2
book a meal for four in DC,1,1,0,0.00015637041,3,OOD_Class_2
What's the weather close to Cambodia at 054413,2,5,1,0.00028571096,3,OOD_Class_2
find Kerasotes Theatres showing animated movies,6,5,0,0.00015784775,3,OOD_Class_2
add a tune in Chill Vibes,0,0,0,0.0001501381,3,OOD_Class_2
add this track to Alternative Route,0,0,0,0.00015665339,3,OOD_Class_2
Play me a song by Avispa Music from 1965,3,2,0,0.00011326621,3,OOD_Class_2
Add Joey Fatone to my Spotlight on Country 2016 playlist,0,0,0,0.00016107614,3,OOD_Class_2
Will there be wind in Loyola ?,2,5,1,0.0016145322,3,OOD_Class_2
Will it colder here on 11/18/2018,2,5,1,0.00032017787,3,OOD_Class_2
rate The Overton Window series a two out of 6,4,3,0,0.00011798915,3,OOD_Class_2
book a bar close by with a smoking room in MA,1,1,0,0.00015222783,3,OOD_Class_2
show me movies in the area,6,5,0,0.00016157673,3,OOD_Class_2
Book a restaurant at Tennessee,1,1,0,0.0001380651,3,OOD_Class_2
Which animated movies are playing at Megaplex Theatres at tea time?,6,5,0,0.00015419218,3,OOD_Class_2
Give the current textbook 5 / 6 points,4,3,0,0.00012559845,3,OOD_Class_2
this book gets out of a total of 6 stars only 1,4,3,0,0.00014364572,3,OOD_Class_2
what is the weather here,2,5,1,0.00034796237,3,OOD_Class_2
I'd like to know what films are scheduled at Alamo Drafthouse Cinema .,6,5,0,0.00014301525,3,OOD_Class_2
Play Noctámbulo playlist,3,2,0,7.6935146e-05,3,OOD_Class_2
What is Fantasy Zone II The Tears of Opa-Opa,5,4,0,9.6583346e-05,3,OOD_Class_2
rate the book Now and Forever 1 out of 6 points,4,3,0,0.00012889152,3,OOD_Class_2
Play the music Hands Up,3,2,0,0.00018769239,3,OOD_Class_2
IS Anti-Semitism in the 21st Century The Resurgence playing now,6,5,0,0.00022970323,3,OOD_Class_2
there is fog weather in Grand Lake Nebraska,2,5,1,0.0014108351,3,OOD_Class_2
how much hotter will it be once close to Namibia,2,1,1,0.00096042425,3,OOD_Class_2
book Itsu for Tonight,1,1,0,0.00012307528,3,OOD_Class_2
Restaurant near in town uses in two years,1,1,0,0.00013987855,3,OOD_Class_2
please add this Rex Griffin tune to the Steampunk playlist,0,0,0,0.00017263966,3,OOD_Class_2
I'd like to see weather conditions for Ennis .,2,5,1,0.0011998857,3,OOD_Class_2
what is the depression forecast for in five years in Altyn-Emel-Nationalpark,2,5,1,0.0004443587,3,OOD_Class_2
Will it be hot in my current location this week ?,2,5,1,0.00081610325,3,OOD_Class_2
add song to Trap Land,0,0,0,0.00015788343,3,OOD_Class_2
What's the forecast in Stobo ?,2,5,1,0.00024434706,3,OOD_Class_2
What are the movie times for films nearby ?,6,5,0,0.00016655543,3,OOD_Class_2
Will it get warmer in the same area as Sandy Point National Wildlife Refuge,2,5,1,0.00074230647,3,OOD_Class_2
rate the book The Scorpio Illusion a 4,4,3,0,0.00012389274,3,OOD_Class_2
Add a billy strayhorn song to my the selektor playlist,0,0,0,0.00016377076,3,OOD_Class_2
Find a painting called Satisfaction Is the Death of Desire .,5,4,0,0.00014845276,3,OOD_Class_2
Payette National Forest is cold weather and have lunch within walking distance,2,1,1,0.00016226056,3,OOD_Class_2
susanne and carey phillips want to go to a brasserie not far from Pricedale that serves southern brazilian,1,1,0,0.00016435365,3,OOD_Class_2
What movies are playing at Regal Entertainment Group,6,5,0,0.00014640976,3,OOD_Class_2
Is it overcast in South Carolina,2,5,1,0.0017583363,3,OOD_Class_2
Can you play a top song from a chyi chin concerto,3,2,0,0.00013783161,3,OOD_Class_2
Will there be a blizzard at 2 am in my current place,2,5,1,0.00026302884,3,OOD_Class_2
Where to watch television show Linger Awhile Live at Newport and More,5,4,0,9.6984484e-05,3,OOD_Class_2
Use Google Music to play some songs by Dr John,3,2,0,0.00012307487,3,OOD_Class_2
Show me the painting called Fool for Love .,5,4,0,0.0001176679,3,OOD_Class_2
I'd like to see the showtimes for Silly Movie 2.0 at the movie house,6,5,0,0.00016687767,3,OOD_Class_2
I need to book a table at The Star Inn that's within walking distance from my place in Ashland,1,1,0,0.00016435662,3,OOD_Class_2
Show the Three Tales album,5,4,0,8.693328e-05,3,OOD_Class_2
show creativity in Ah,5,4,0,0.000114835326,3,OOD_Class_2
What's the weather in Timbo ?,2,5,1,0.00029745148,3,OOD_Class_2
find a photograph called The Lighthouse by the Sea,5,4,0,9.7554046e-05,3,OOD_Class_2
Please help me find the video game John Michael Montgomery discography .,5,4,0,0.0001281041,3,OOD_Class_2
Add to playlist Confidence Boost Here Comes Santa Claus,0,0,0,0.00016417261,3,OOD_Class_2
How will the weather be this Summer in New York ?,2,5,1,0.000421144,3,OOD_Class_2
show movie schedules at Megaplex Theatres,6,5,0,0.00014943916,3,OOD_Class_2
Give the current saga a three,4,3,0,0.000117815085,3,OOD_Class_2
What's the weather looking like in Macy ?,2,5,1,0.00064778357,3,OOD_Class_2
I want a table for eight at GU,1,1,0,0.00013174485,3,OOD_Class_2
Please let me know the weather forecast in Louisiana state,2,5,1,0.00038900122,3,OOD_Class_2
What's the weather forecast for tomorrow around Sankertown ?,2,5,1,0.00016788728,3,OOD_Class_2
Add the frank beard song to the Soft Pop Hits playlist,0,0,0,0.00016578313,3,OOD_Class_2
in two hundred forty eight days what will MP weather be like,2,5,1,0.0006700668,3,OOD_Class_2
Book a reservation for a party of four within the same area of Districts of Sweden,1,1,0,0.00017215566,3,OOD_Class_2
Is it chilly in Alaska,2,5,1,0.00095966045,3,OOD_Class_2
"What's the weather forecast for East Berlin , AL ?",2,5,1,0.0006485074,3,OOD_Class_2
how's the weather in Brookdale Zimbabwe,2,5,1,0.00049935566,3,OOD_Class_2
Will it be overcast at 18 o'clock in ID,2,5,1,0.00054303015,3,OOD_Class_2
What is forecast in Keyes Summit in New Mexico at 3 pm,2,5,1,0.0003335805,3,OOD_Class_2
How far from Quebeck will it be hot,2,1,1,0.0003793162,3,OOD_Class_2
Can I get the showtimes for The Scarlet and the Black at 12 pm .,6,5,0,0.00015268508,3,OOD_Class_2
give this novel a score of 5,4,3,0,0.00012676873,3,OOD_Class_2
Will the sun come out here,2,5,1,0.00054105214,3,OOD_Class_2
find movie times,6,5,0,0.00014654214,3,OOD_Class_2
"What will the weather be like in Lambertville , India at ten pm",2,5,1,0.00029250616,3,OOD_Class_2
What's the weather in La Pine,2,5,1,0.000256743,3,OOD_Class_2
when is Red Shirts showing at Dickinson Theatres,6,5,0,0.00013738441,3,OOD_Class_2
Will there be a blizzard in White House Curacao,2,5,1,0.00033478445,3,OOD_Class_2
Find a book called The Echo Chamber .,5,4,0,0.00010364258,3,OOD_Class_2
Will it be overcast a month from now here,2,5,1,0.0002709782,3,OOD_Class_2
play them by Guy-manuel De Homem-christo,3,2,0,0.000112158916,3,OOD_Class_2
add this track to Punk Rock Workout,0,0,0,0.00016202132,3,OOD_Class_2
Is it chilly in Curacao,2,5,1,0.0012799505,3,OOD_Class_2
Put Jazzy B on Lazy Chill Afternoon playlist,0,0,0,0.00016146018,3,OOD_Class_2
will it be temperate here on 11/27/2023,2,5,1,0.00049177493,3,OOD_Class_2
Book a reservation for nine people at a bakery in Nunez,1,1,0,0.00018245583,3,OOD_Class_2
What is the weather like in Phnom Sankos Wildlife Sanctuary,2,5,1,0.0004199567,3,OOD_Class_2
Make me a reservation in TN somewhere nearby for a party of 4,1,1,0,0.00014314543,3,OOD_Class_2
Is it forecast to be chilly in Iowa ?,2,5,1,0.00051555096,3,OOD_Class_2
Book a reservation for a trentino restaurant in Kansas,1,1,0,0.00017115267,3,OOD_Class_2
"Check the forecast for Fernwood , MT .",2,5,1,0.0033525142,3,OOD_Class_2
"What's the forecast for Francisco , Netherlands Antilles around eleven pm ?",2,5,1,0.00023736757,3,OOD_Class_2
Will it be nice on Aug. the nineteenth in Beda Bulgaria,2,1,1,0.00020590924,3,OOD_Class_2
What's the weather here in 52 and a half weeks,2,5,1,0.0002325598,3,OOD_Class_2
Add album to Acoustic Spring,0,0,0,0.00015475163,3,OOD_Class_2
"Will it snow on Apr. eighteenth, 2029 in Myanmar ?",2,5,1,0.00051649555,3,OOD_Class_2
I need a table for 4 at The Brass Rail .,1,1,0,0.00013645788,3,OOD_Class_2
Book a restaurant in Mauritania for 1 person.,1,1,0,0.00015008813,3,OOD_Class_2
"Book a pub for two on jan. first, 2037 .",1,1,0,0.00015409794,3,OOD_Class_2
Weather for James M. Robb – Colorado River State Park,2,5,1,0.00036859504,3,OOD_Class_2
Book a highly rated coffeehouse for four people.,1,1,0,0.00014877433,3,OOD_Class_2
"Tell me the weather forecast for Alexander , SD",2,5,1,0.019836463,3,OOD_Class_2
What time is Do Sher playing,6,5,0,0.0001594904,3,OOD_Class_2
Book COVA in Frisco City for me and therese at eight pm,1,1,0,0.00014747126,3,OOD_Class_2
"What will be the weather like in Turks and Caicos Islands around dec. sixth, 2032 ?",2,5,1,0.00024908918,3,OOD_Class_2
I'd like to watch movies at KB Theatres,6,5,0,0.00014010737,3,OOD_Class_2
What time are the animated movies playing at Mann Theatres ?,6,5,0,0.00015253978,3,OOD_Class_2
How much sun will there be at 070343 PM. in Jones Chapel ?,2,5,1,0.00018970328,3,OOD_Class_2
How temperate will it be here this week ?,2,5,1,0.0005234145,3,OOD_Class_2
I want to hear some Boris Grebenchtchikov on Zvooq,3,2,0,0.00016112998,3,OOD_Class_2
"Please pull up the album , The Last War",5,4,0,0.0001026392,3,OOD_Class_2
what is the forecast for cold temps in Nevada,2,5,1,0.00033547656,3,OOD_Class_2
Is F.I.S.T. at Malco Theatres,6,5,0,0.00016670188,3,OOD_Class_2
What's the weather next week in Somis,2,5,1,0.00022230326,3,OOD_Class_2
Add the current artist to my sxsw latin,0,0,0,0.0001571894,3,OOD_Class_2
add abrar ul haq to Confidence Boost,0,0,0,0.00016352777,3,OOD_Class_2
play a Keith Richards album,3,2,0,0.00013783501,3,OOD_Class_2
play the album Wayning Moments by Rabbit Brown,3,2,0,0.00012246915,3,OOD_Class_2
will it be colder in Cut MA tomorrow,2,5,1,0.00046188515,3,OOD_Class_2
Will there be sun at four PM at Runkaus Strict Nature Reserve,2,5,1,0.00022479972,3,OOD_Class_2
play Bra Vibrationer by Dean,3,2,0,0.000105473606,3,OOD_Class_2
Add Claudine Longet to my Ultimate 00s palylist,0,0,0,0.00016281453,3,OOD_Class_2
Find Manual of Love 2 .,5,4,0,0.0003017262,3,OOD_Class_2
What is the movie schedule of animated movies nearby,6,5,0,0.00015314049,3,OOD_Class_2
Is it going to hail in Mount San Jacinto State Park,2,5,1,0.00031614723,3,OOD_Class_2
Can you get the weather forecast for New Baden,2,5,1,0.0012221301,3,OOD_Class_2
Will there be a blizzard in Chapel Point State Park or in the same area,2,5,1,0.0002212465,3,OOD_Class_2
Show me the weather forecast for the city of Spencer,2,4,1,0.00037169587,3,OOD_Class_2
I'd like the weather forecast for Albania,2,4,1,0.00096039404,3,OOD_Class_2
"Will the weather be temperate on jan. the thirteenth, 2028 at Christmas Island ?",2,5,1,0.00029455754,3,OOD_Class_2
What's the forecast for tonight far from East Carpathian Biosphere Reserve ?,2,5,1,0.0005768514,3,OOD_Class_2
Book a table at Crown Candy Kitchen for lacy and I,1,1,0,0.0001417531,3,OOD_Class_2
I am giving this current novel 4 out of 6 stars,4,3,0,0.0001340902,3,OOD_Class_2
Is there a depression in Delta Junction,2,5,1,0.0014985387,3,OOD_Class_2
Can you get me seating for 5 people 1 minute from now in Tuvalu,1,1,0,0.00014949706,3,OOD_Class_2
Play the track Pocahontas John Farnham,3,2,0,9.782958e-05,3,OOD_Class_2
Give one of 6 points to Who Will Cry When You Die,4,3,0,0.00013686792,3,OOD_Class_2
Find Business Ethics A European Review .,5,3,0,0.0013942316,3,OOD_Class_2
rate this book 0 out of 6,4,3,0,0.00013428704,3,OOD_Class_2
Can you add some Tommie Sunshine to my chill out playlist,0,0,0,0.00016667454,3,OOD_Class_2
Is it going to get hotter in my current position,2,5,1,0.004350853,3,OOD_Class_2
What will the weather be like in 1 hour in Bethesda,2,5,1,0.00019511813,3,OOD_Class_2
Tell me if it'll be temperate in 8 seconds in Guatemala,2,5,1,0.0008951197,3,OOD_Class_2
rate tune to my natalie macmaster viajes,0,0,0,0.00023914661,3,OOD_Class_2
Tell me when it will be hotter in China,2,5,1,0.00033742943,3,OOD_Class_2
"What's the weather forecast for neighboring Delft National Park on aug. the 8th, 2028",2,5,1,0.0002971739,3,OOD_Class_2
Add Visible Wings to my playlist entre los andes,0,0,0,0.00016700203,3,OOD_Class_2
I this this current essay should be rated a three,4,3,0,0.00011996024,3,OOD_Class_2
add artist post metal to playlist,0,0,0,0.000165703,3,OOD_Class_2
add fabrice morvan to Folk for Kids,0,0,0,0.00016740887,3,OOD_Class_2
Rate this novel one out of 6 stars,4,3,0,0.00013343776,3,OOD_Class_2
find the Radical History Review saga,5,4,0,9.802563e-05,3,OOD_Class_2
Rate The Rules of Survival a 5 value,4,3,0,0.00013252816,3,OOD_Class_2
add this artist to my Electronic Bliss playlist,0,0,0,0.00016329276,3,OOD_Class_2
What will the weather be in Nationalpark Rila on Nov. 25 ?,2,5,1,0.00018109671,3,OOD_Class_2
What's the weather going to be like around Lewis and Clark Trail sixteen hours from now ?,2,5,1,0.00021806493,3,OOD_Class_2
Find movie schedules for animated movies around here .,6,5,0,0.00014756122,3,OOD_Class_2
"Book sot for 7 at a restaurant that serves european in Stringtown on Feb. the 28th, 2034",1,1,0,0.0001620453,3,OOD_Class_2
Play fourties music on Pandora .,3,2,0,0.00014248188,3,OOD_Class_2
add a shot at glory to calm before the storm,0,0,0,0.0001514578,3,OOD_Class_2
I want to give the current novel 5 out of 6 points,4,3,0,0.00013787483,3,OOD_Class_2
Is it forecast to be chilly here on july 14 ?,2,5,1,0.0006387232,3,OOD_Class_2
Please make reservations for three at a kosher taverna nearby our secondary residence,1,1,0,0.00017753606,3,OOD_Class_2
"I want to book a spot at a bar in Henniker , North Dakota .",1,1,0,0.00013847028,3,OOD_Class_2
will it be hotter Netherlands Antilles Flats on april the 27th,2,5,1,0.00033642896,3,OOD_Class_2
What is the movie schedules for the Harkins Theatres,6,5,0,0.00017386745,3,OOD_Class_2
Is the expected weather temperate here in 1 month,2,5,1,0.0002696251,3,OOD_Class_2
Download The Red Eagle TV show,5,4,0,0.000104561055,3,OOD_Class_2
i want the movie schedules for movies around here,6,5,0,0.00014900639,3,OOD_Class_2
What are the timings for Starship Troopers 2 ?,6,5,0,0.00018200214,3,OOD_Class_2
give the current essay a 1,4,3,0,0.00012914157,3,OOD_Class_2
I would rate the chronicle The Monks of Thelema a 2,4,3,0,0.00012401352,3,OOD_Class_2
Add the current tune to my Evening Groove list,0,0,0,0.00016028968,3,OOD_Class_2
Is it chilly on oct. 19th in IL,2,5,1,0.00040062857,3,OOD_Class_2
Find the movie CURL,5,4,0,9.299492e-05,3,OOD_Class_2
What will be the humidity 5 years from now in Bradbury Mountain State Park ?,2,5,1,0.00021745752,3,OOD_Class_2
Weather in Selinsgrove,2,5,1,0.0011826449,3,OOD_Class_2
show creativity of The Force Behind the Power,5,4,0,0.00012735784,3,OOD_Class_2
"Please help me find, Bend It Like Beckham the Musical .",5,4,0,0.00015909573,3,OOD_Class_2
Give Who ? 1 out of 6 stars,4,3,0,0.00011764351,3,OOD_Class_2
play the video game The Genesis Machine,5,4,0,0.00012140675,3,OOD_Class_2
"Will there be cloud coverage in Verdery , Myanmar",2,5,1,0.006114631,3,OOD_Class_2
is it freezing in Prompton,2,5,1,0.00024406846,3,OOD_Class_2
book a spot at a restaurant within walking distance of Palau,1,1,0,0.00015409873,3,OOD_Class_2
What song is Detective Conan Dimensional Sniper,5,4,0,0.00013439306,3,OOD_Class_2
I need to add baro ferret to the Urban Hits under my name,0,0,0,0.00016060213,3,OOD_Class_2
What's the weather forecast for Togo on April the 24th ?,2,5,1,0.00029001207,3,OOD_Class_2
Tell me if there's be a depression in Brazil,2,4,1,0.28599456,3,OOD_Class_2
Weather for Beauregard IL,2,5,1,0.0007824078,3,OOD_Class_2
Put this artist in Pachangueo Total,0,0,0,0.00020688404,3,OOD_Class_2
Will there be a fog here this week ?,2,5,1,0.00035434516,3,OOD_Class_2
4 stars out of 6 is the rating for Fires of Azeroth,4,3,0,0.00011198187,3,OOD_Class_2
when are animated movies playing at Goodrich Quality Theaters,6,5,0,0.00016753502,3,OOD_Class_2
Go to The Devil in the Deal50 Secrets to Successful Dealmaking,5,4,0,0.0001818754,3,OOD_Class_2
Is it windy in June Park ?,2,5,1,0.00025019926,3,OOD_Class_2
Will there be sun ten minutes from now in Uintah,2,5,1,0.00026726307,3,OOD_Class_2
Tell me the weather forecast for my current spot,2,5,1,0.0022933497,3,OOD_Class_2
What is the weather forecast for Siler City Russia,2,5,1,0.00086574035,3,OOD_Class_2
Where is the closest cinema playing I Prefer the Sound of the Sea,6,5,0,0.00016850975,3,OOD_Class_2
For the book Icon of Evil I rate a 2,4,3,0,0.00012474175,3,OOD_Class_2
I'd like to watch The Holy Office at Cooper Foundation,6,5,0,0.00019761651,3,OOD_Class_2
Need a table within the same area as Beach 105th St for a party of 6,1,1,0,0.00015729117,3,OOD_Class_2
What movie times are Harkins Theatres,6,5,0,0.00016189984,3,OOD_Class_2
weather near California,2,5,1,0.0013979167,3,OOD_Class_2
What movies are starting in 1 second at a theater in the neighborhood ?,6,5,0,0.00017404037,3,OOD_Class_2
Is it going to be warmer in Town Kelloe Bank ?,2,1,1,0.0007363678,3,OOD_Class_2
"add Hello, My Lover, Goodbye to my Deathcore playlist",0,0,0,0.00017518784,3,OOD_Class_2
I'd like to watch Take This Waltz,6,4,0,0.0014864238,3,OOD_Class_2
Tell me if it'll be chilly 1 second from now here,2,5,1,0.0006213305,3,OOD_Class_2
Try to find the picture Advances in ecological research,5,4,0,0.00020909963,3,OOD_Class_2
Give zero out of 6 to the current album,4,3,0,0.000121792844,3,OOD_Class_2
will it be freezing 5 seconds from now in Patmos,2,5,1,0.0002839609,3,OOD_Class_2
Add the tune to my House Afterwork playlist.,0,0,0,0.000164978,3,OOD_Class_2
"What is the weather like in Montchanin , NV",2,5,1,0.0010716204,3,OOD_Class_2
Play some music on Pandora,3,2,0,0.00012476265,3,OOD_Class_2
what weather is in Saint Vincent and the Grenadines on Thursday,2,5,1,0.00025598952,3,OOD_Class_2
what is the weather forecast for Kaaawa,2,4,1,0.00072308775,3,OOD_Class_2
What's the weather this month in Mozambique,2,5,1,0.00037099695,3,OOD_Class_2
At meal time while I'm here will it be hot ?,2,5,1,0.00022197125,3,OOD_Class_2
Is Gods of Metal playing,6,5,0,0.0002784086,3,OOD_Class_2
what movies are close by,6,5,0,0.00013187698,3,OOD_Class_2
Add The Stars and Stripes Forever to the soulful disco playlist.,0,0,0,0.00017306197,3,OOD_Class_2
What will the weather be one hour from now in AS ?,2,5,1,0.00014415014,3,OOD_Class_2
Is Love Is a Ball playing right now ?,6,5,0,0.00013069413,3,OOD_Class_2
"Is it going to be foggy in Box Elder , Rhode Island",2,5,1,0.0008177534,3,OOD_Class_2
play Pandora tunes from the fourties,3,2,0,0.00013595738,3,OOD_Class_2
Put hampartsoum limondjian in running to rock 170 to 190 bpm,0,0,0,0.0003727039,3,OOD_Class_2
Can you help me find the We No Who U R game ?,5,4,0,9.539034e-05,3,OOD_Class_2
find Santikos Theatres showing animated movies,6,5,0,0.00014541381,3,OOD_Class_2
Will there be a cloud in Kiribati,2,5,1,0.0010441701,3,OOD_Class_2
What is the temperate in Beltsville,2,1,1,0.0015623719,3,OOD_Class_2
add the song don't drink the water to my playlist,0,0,0,0.00016449438,3,OOD_Class_2
"is it going to be rainy in Kings Valley , Kosovo next mon.",2,5,1,0.00069150986,3,OOD_Class_2
Rate Bestiary of Dragons and Giants four of 6,4,3,0,0.00012738928,3,OOD_Class_2
show weather while Sunset in the same area in South Carolina,2,4,1,9.6012474e-05,3,OOD_Class_2
I want food in Zaleski,2,1,1,0.00012046968,3,OOD_Class_2
Is it going to be colder in Bonnie,2,5,1,0.00079699117,3,OOD_Class_2
Will it be rainy in Malta,2,5,1,0.00058507186,3,OOD_Class_2
Add Mel Draisey tomy 80s Classic Hits playlist.,0,0,0,0.00017754333,3,OOD_Class_2
"I want to hear Aki Nawaz , play the song fair annie .",3,2,0,0.00019574934,3,OOD_Class_2
Can you give me a forecast for weather at night in my current position,2,4,1,0.120502956,3,OOD_Class_2
Play a 1950 album on Iheart,3,2,0,0.000118243275,3,OOD_Class_2
What is the movie schedule at Douglas Theatre Company,6,5,0,0.00015830313,3,OOD_Class_2
show the trailer of Rugrats Go Wild,5,4,0,0.000112171896,3,OOD_Class_2
What's the weather forecast for 8 hours from now in Cape Verde ?,2,5,1,0.00020304412,3,OOD_Class_2
What will the weather be in Croatia ?,2,5,1,0.0002926827,3,OOD_Class_2
Give Directive 51 three out of 6 .,4,3,0,0.00011615946,3,OOD_Class_2
"Would like a table right now for leonor mendoza, imogene and lisa sanchez",1,1,0,0.00014941799,3,OOD_Class_2
What time is Tasher Desh playing at the nearest movie house,6,5,0,0.00017183225,3,OOD_Class_2
What's the weather 1 minute from now in Mount Nimba Strict Nature Reserve,2,5,1,0.00036744907,3,OOD_Class_2
Tell me the weather forecast thirteen seconds from now in Ukraine,2,5,1,0.00046557476,3,OOD_Class_2
at 0 AM what will the weather be here,2,5,1,0.00020085501,3,OOD_Class_2
Put some frank ferrer into my edna st vincent millay playlist.,0,0,0,0.00015331639,3,OOD_Class_2
I wanna hear something on Spotify by Eddie Vinson,3,2,0,0.0001644661,3,OOD_Class_2
rate The British Edda zero points,4,3,0,0.000116442665,3,OOD_Class_2
Rate The Postman Always Rings Twice zero stars out of 6 .,4,3,0,0.00011542469,3,OOD_Class_2
I'm looking for the television show titled Justice League,5,4,0,0.00012022325,3,OOD_Class_2
What is the Wauseon forecast,2,4,1,0.00029164788,3,OOD_Class_2
Will there be a blizzard in Oregon ?,2,5,1,0.00031560575,3,OOD_Class_2
To the Stars The Autobiography of George Takei gets four out of 6 stars,4,3,0,0.00011666952,3,OOD_Class_2
What's the forecast for Castolon in French Southern Territories around seven PM ?,2,5,1,0.00026088045,3,OOD_Class_2
I want to hear a Gucci Mane song from Last Fm from 2002,3,2,0,0.00015300183,3,OOD_Class_2
Can i get the movie schedules for Speakeasy Theaters ?,6,5,0,0.00017608641,3,OOD_Class_2
What will the weather be like on November the twelfth in Appleby ?,2,5,1,0.00019007105,3,OOD_Class_2
will it be temperate in Hybla Valley Tajikistan,2,5,1,0.002384882,3,OOD_Class_2
I want to listen to the song Only the Greatest,5,4,0,0.00011905451,3,OOD_Class_2
Is there a chance of hail in Holiday Hills ?,2,5,1,0.012061009,3,OOD_Class_2
"What are the weather conditions in Patagonia , South Africa ?",2,5,1,0.0006067799,3,OOD_Class_2
rate the current essay zero out of 6 stars,4,3,0,0.00012353067,3,OOD_Class_2
add song to Daily Lift playlist,0,0,0,0.00016667655,3,OOD_Class_2
Cock-A-Doodle-Doo! was awful. I'm giving it a 0 out of 6 .,4,3,0,0.00013130436,3,OOD_Class_2
I'd like to find the Days of Glory saga,5,4,0,8.376178e-05,3,OOD_Class_2
"Is it warm in Califon , Tunisia",2,1,1,0.000612265,3,OOD_Class_2
She me the forecast for Clayton Lake State Park on Oct. 17th,2,5,1,0.0012621239,3,OOD_Class_2
How will the weather be in 11 years from now in the same area of Florida ?,2,5,1,0.00059366896,3,OOD_Class_2
Will it be chilly in two hundred thirteen days at Dochū-Kōtsu Prefectural Natural Park,2,5,1,0.00028222374,3,OOD_Class_2
What's the weather like in Hamilton City,2,5,1,0.00029892672,3,OOD_Class_2
How will the weather be in Kentucky this week ?,2,5,1,0.00030893812,3,OOD_Class_2
What's the weather going to be like this autumn in CA ?,2,5,1,0.00032359202,3,OOD_Class_2
Which movies are playing in the neighborhood ?,6,5,0,0.0001491512,3,OOD_Class_2
The Comics We Loved gets 1 out of 6 points,4,3,0,0.00012596665,3,OOD_Class_2
play the song Shine A Light,3,4,0,0.00022870606,3,OOD_Class_2
What is the weather close-by my current spot,2,5,1,0.00088581553,3,OOD_Class_2
Will there be a blizzard at a 4 AM in Sky Valley,2,5,1,0.00029479797,3,OOD_Class_2
"I'd like to book at a place in AR , looking for an oyster bar that is indoor and can accommodate a party of eight that is also within walking distance .",1,1,0,0.00015417363,3,OOD_Class_2
add this song by deron miller to my party on fridays playlist,0,0,0,0.00016361052,3,OOD_Class_2
"Onto jerry's Classical Moments in Movies , please add the album .",0,0,0,0.0001680648,3,OOD_Class_2
Play me the show House of Stairs,5,4,0,0.000101627076,3,OOD_Class_2
show me the picture Sex and Drugs and Jesus Christ,5,4,0,0.000101733574,3,OOD_Class_2
whats the weather in Blythewood Louisiana,2,5,1,0.0004626103,3,OOD_Class_2
play deezer top 20 by Natasja,3,2,0,0.00013863905,3,OOD_Class_2
add grim skunk to Duetos,0,0,0,0.00016068191,3,OOD_Class_2
Find a song called This Champagne Mojito Is the Last Thing I Own .,5,4,0,0.00011448932,3,OOD_Class_2
Shw the picture Twin Husbands,5,4,0,9.234542e-05,3,OOD_Class_2
What time does A King in New York play in Malco Theatres,6,5,0,0.00016783425,3,OOD_Class_2
Can you play the greatest sarah brightman song,3,2,0,8.8465626e-05,3,OOD_Class_2
book a spot for elise and alma at a brasserie in Ravensdale MH for this week,1,1,0,0.00017452813,3,OOD_Class_2
Will it be freezing on 4/20/2038 in AMerican Beach NC,2,1,1,0.000972268,3,OOD_Class_2
Rate this album a one,4,3,0,0.000115705196,3,OOD_Class_2
Is it hot in Bolivia,2,5,1,0.001030419,3,OOD_Class_2
I'm looking for the work titled Converging Conspiracies,5,4,0,0.00012747731,3,OOD_Class_2
"Can you locate the novel , Ismol Family",5,4,0,8.882134e-05,3,OOD_Class_2
I want this artist on the Cena Elegante playlist,0,0,0,0.00018295851,3,OOD_Class_2
Play a tune by Mc Hawking,3,2,0,0.00012660919,3,OOD_Class_2
Find the closest movie house that plays animated movies,6,5,0,0.0001421851,3,OOD_Class_2
Where is Shake Your Powder Puff playing,6,5,0,0.00020541874,3,OOD_Class_2
Will it be colder four months from now in Suwanee AK,2,5,1,0.00160406,3,OOD_Class_2
Play the top-twenty from Tony Calder off Slacker .,3,2,0,0.00016969067,3,OOD_Class_2
Will it be warm here in one hour,2,5,1,0.00026840088,3,OOD_Class_2
What time will In the Name of the Son be playing?,6,5,0,0.00014851303,3,OOD_Class_2
find me the book Filthy Lucre Live,5,4,0,9.191429e-05,3,OOD_Class_2
give Power of Faerûn two of 6,4,3,0,0.00013534019,3,OOD_Class_2
what is the 0000 pm forecast for blizzard conditions in Cameroon,2,5,1,0.00041173783,3,OOD_Class_2
Will it be nice here and in the same area,2,1,1,0.0056191417,3,OOD_Class_2
Will there be snowfall this month in UT,2,5,1,0.0003861897,3,OOD_Class_2
my timeless love songs playlist should include viderunt omnes,0,0,0,0.00016040544,3,OOD_Class_2
Can you get me the Starcross saga ?,5,4,0,8.960145e-05,3,OOD_Class_2
is Cape Mount Nature Conservation Unit has storm weather,2,5,1,0.00021632697,3,OOD_Class_2
Tell me the weather forecast for Korona,2,5,1,0.0076186555,3,OOD_Class_2
what is the forecast now in Duson,2,5,1,0.00023220768,3,OOD_Class_2
Is it hotter in Vernon,2,5,1,0.00076471927,3,OOD_Class_2
I need to know the weather seven weeks from now in Morgan–Monroe State Forest,2,5,1,0.00043375226,3,OOD_Class_2
"What is the weather forecast for Sep. the 14th, 2038 in North Dakota",2,5,1,0.0005164056,3,OOD_Class_2
play a seventies ballad by Annunzio Paolo Mantovani on Groove Shark,3,2,0,0.00014067891,3,OOD_Class_2
What is the weather like in North Salt Lake and Afghanistan ?,2,5,1,0.0005285316,3,OOD_Class_2
Add teriazume to the nação reggae playlist,0,0,0,0.00016921523,3,OOD_Class_2
Rate the current album 4 out of 6 stars,4,3,0,0.0001239535,3,OOD_Class_2
Will it get cold in Nationalpark Mu Ko Phetra ?,2,5,1,0.00056519394,3,OOD_Class_2
Is it sunny in Qatar ?,2,5,1,0.0003599665,3,OOD_Class_2
show creativity of saga Frontier Marshal,5,4,0,0.00010133607,3,OOD_Class_2
add Vicky Leandros to my piano ballads playlist,0,0,0,0.00016473264,3,OOD_Class_2
I want the film for nearest movie theatre,6,5,0,0.00015707643,3,OOD_Class_2
"Check the forecast for the current spot in the future Oct. 19, 2037 .",2,5,1,0.0067497455,3,OOD_Class_2
I would give this current chronicle three points,4,3,0,0.00012553635,3,OOD_Class_2
I want to add Kiara to my Digster Future Hits playlist,0,0,0,0.00016602613,3,OOD_Class_2
Is it chillier in Mint Hill FM,2,5,1,0.0011471242,3,OOD_Class_2
"Is it going to be hot on Oct. the 8th, 2020 in the neighboring Greenland area",2,5,1,0.0005635137,3,OOD_Class_2
Please tell me the current and local movie times,6,5,0,0.00018524277,3,OOD_Class_2
show movie schedule of films in the area,6,5,0,0.00014119754,3,OOD_Class_2
What's it like in Bahrain right now ?,2,5,1,0.00058862066,3,OOD_Class_2
I want to see the trailer for The Entity,5,4,0,0.00010914698,3,OOD_Class_2
Can you tell me if it'll be freezing in Wrightstown in seven years ?,2,5,1,0.00028221594,3,OOD_Class_2
forecase for Ohio in twenty one hours and one second,2,1,1,0.0013344379,3,OOD_Class_2
I need to know the forecast for two am in Grand Lake Towne,2,5,1,0.00069264247,3,OOD_Class_2
Find the movie times now .,6,5,0,0.00016017054,3,OOD_Class_2
add Jalal Zolfonun to my Nature Noise,0,0,0,0.00015399775,3,OOD_Class_2
Tell me if it will be windy here,2,5,1,0.01144407,3,OOD_Class_2
Play 2003 Ben Burnley on Spotify,3,2,0,0.00012318988,3,OOD_Class_2
Tell me if it'll be colder in Steptoe Battlefield State Park in one minute,2,5,1,0.00031494553,3,OOD_Class_2
I want to see While the Sun Shines at the closest movie house .,6,5,0,0.00019076324,3,OOD_Class_2
"book a brasserie at Turtle Creek neighboring on march sixth, 2038 for eight",1,1,0,0.00016196727,3,OOD_Class_2
I need a reservation for 0253 at Hotel Arctic in State Road,1,1,0,0.00016645287,3,OOD_Class_2
show me the movie schedule,6,5,0,0.00013657274,3,OOD_Class_2
"Is it currently cold in Elsmore , Luxembourg ?",2,5,1,0.0004620438,3,OOD_Class_2
Book a reservation for Clinton Street Baking Company & Restaurant distant from downtown,1,1,0,0.00016686248,3,OOD_Class_2
add Joe Gibbs to my The Bachelor Party playlist,0,0,0,0.0001645718,3,OOD_Class_2
weather for five am in Osyka Bhutan,2,5,1,0.0010695477,3,OOD_Class_2
Will there be a blizzard at seven in Colorado,2,5,1,0.0002587941,3,OOD_Class_2
Is there a storm now in NC ?,2,5,1,0.00030087386,3,OOD_Class_2
Tell me if it will hail in Kyrgyzstan,2,5,1,0.0100765405,3,OOD_Class_2
what is the storm forecast in the same area of Honduras,2,5,1,0.0008499697,3,OOD_Class_2
Give me the weather forecast for here,2,5,1,0.002515782,3,OOD_Class_2
is Ce cher intrus at IMAX Corporation,6,5,0,0.00015007678,3,OOD_Class_2
How much fog is there in Tarpon Springs ?,2,5,1,0.00038616103,3,OOD_Class_2
Please play some fourties music on Spotify,3,2,0,0.0001268525,3,OOD_Class_2
Will it get windy this week-end in Selva Jedediah Smith ?,2,5,1,0.0018938562,3,OOD_Class_2
Make a reservation for 7 people at a gastropub on Isle of Man .,1,1,0,0.00015852542,3,OOD_Class_2
I want to eat by five pm in NE for a six people,1,1,0,0.00013914915,3,OOD_Class_2
show creativity of song A Discord Electric,5,4,0,9.9187695e-05,3,OOD_Class_2
find Live in Tokyo for me,5,4,0,0.00012573529,3,OOD_Class_2
"What will the temperature be like at Fort Point, San Francisco the day after tomorrow",2,5,1,0.00036431837,3,OOD_Class_2
book a spot for 1 close to geraldine's house,1,1,0,0.00014398599,3,OOD_Class_2
Look for the Editor & Publisher TV series,5,4,0,9.1639915e-05,3,OOD_Class_2
What's the weather in New Zealand ?,2,5,1,0.0004381638,3,OOD_Class_2
Is it going to be chilly at nine am in Doolittle,2,5,1,0.00026730032,3,OOD_Class_2
I give this essay three of 6 stars,4,3,0,0.00013124023,3,OOD_Class_2
is Saint Robert hotter than Turkmenistan,2,5,1,0.00042186005,3,OOD_Class_2
Find a trailer called Storm Center .,5,4,0,0.000104456805,3,OOD_Class_2
Will it be overcast in seventeen minutes in the United Arab Emirates,2,5,1,0.000345669,3,OOD_Class_2
What is the weather forecast for Nicaragua,2,5,1,0.0011877193,3,OOD_Class_2
"Tell me the weather forecast for apr. twenty-fourth, 2028 in San Diego",2,5,1,0.0012617253,3,OOD_Class_2
Weather for Faroe Islands,2,4,1,0.0017441148,3,OOD_Class_2
Can you play me songs from the Estado de ánimo playlist?,3,2,0,8.9680376e-05,3,OOD_Class_2
Tell me the weather forecast for Northern Mariana Islands one second from now,2,5,1,0.00048344219,3,OOD_Class_2
I think that this chronicle should have a best rating of 6 and a value of one,4,3,0,0.00011798871,3,OOD_Class_2
How is the weather in OH ?,2,5,1,0.00025621333,3,OOD_Class_2
What will be the night temperate in Indiana ?,2,5,1,0.00015796714,3,OOD_Class_2
What will the weather be doing at midnight in Brazil ?,2,5,1,0.00016292476,3,OOD_Class_2
Play me a 1990 sound track,3,2,0,0.000111624046,3,OOD_Class_2
What's the forecast for IL around tea time?,2,5,1,0.00017383392,3,OOD_Class_2
The trapaholics needs another artist added.,0,0,0,0.00019975715,3,OOD_Class_2
Show me the movie schedules for the nearest movie theatre in Invasion U.S.A. .,6,5,0,0.00018947253,3,OOD_Class_2
Find a book called The CIA World Factbook .,5,4,0,0.00010222961,3,OOD_Class_2
"will there be hail in Dean Creek Wildlife Area on Feb. 25, 2031",2,5,1,0.00053650385,3,OOD_Class_2
book a spot for 9 in thirty three days at Ringlestone Inn close to Grenada,1,1,0,0.00016621313,3,OOD_Class_2
Is it hotter close by Waubay ?,2,1,1,0.0007492338,3,OOD_Class_2
What's the weather in my current spot the day after tomorrow,2,5,1,0.00028375533,3,OOD_Class_2
Will it be temperate in Tanana France in a week,2,1,1,0.0005681495,3,OOD_Class_2
What is the forecast at 12 am in Sudan,2,5,1,0.00032781076,3,OOD_Class_2
give zero out of 6 points to Marxism and the Oppression of Women,4,3,0,0.00011695531,3,OOD_Class_2
what will the weather be in Double Oak at 12 am,2,5,1,0.00018128986,3,OOD_Class_2
find a movie called Emerald City,5,4,0,8.368807e-05,3,OOD_Class_2
Give The Pirates of Manhattan a 1,4,3,0,0.00012977434,3,OOD_Class_2
I want to hear something from Post-punk Revival,3,2,0,0.00013241726,3,OOD_Class_2
Rate Wielding a Red Sword 0 stars,4,3,0,0.00012262815,3,OOD_Class_2
Add this artist to my garage jams,0,0,0,0.00015696009,3,OOD_Class_2
What is the weather in Port Vue,2,5,1,0.00032314373,3,OOD_Class_2
what will the weather be like at noon in Brunei,2,5,1,0.00029288427,3,OOD_Class_2
Rate From a Buick 8 0 out of 6,4,3,0,0.00012578156,3,OOD_Class_2
give two out of 6 points to Beyond a Boundary,4,3,0,0.0001260898,3,OOD_Class_2
What's the forecast far from here in Turks and Caicos Islands ?,2,5,1,0.0007109557,3,OOD_Class_2
Will the sun be out close-by Admiralty Island National Monument ?,2,5,1,0.00020390468,3,OOD_Class_2
Play Songs Of Heaven by ami koshimizu,3,2,0,0.0001457157,3,OOD_Class_2
Show The Matrix Revolutions,5,4,0,9.793815e-05,3,OOD_Class_2
"What's the forecast for Spenard , GU ?",2,4,1,0.00029973945,3,OOD_Class_2
Is there going to be any rainfall close to Windber in 365 days,2,5,1,0.00055789325,3,OOD_Class_2
Please play me something by New Wave Of American Heavy Metal,3,2,0,0.0001222303,3,OOD_Class_2
Is it going to be colder in Louisiana,2,5,1,0.0006056249,3,OOD_Class_2
What's the weather in Stamps,2,5,1,0.0010040434,3,OOD_Class_2
What will the weather be in Palm Bay PA ?,2,5,1,0.00021286895,3,OOD_Class_2
what is the weather forecast for Minnesota,2,4,1,0.0007557349,3,OOD_Class_2
"find Cluster Computing , a game",5,4,0,0.00013178165,3,OOD_Class_2
"What's the weather for April 10th, 2028 in Arkansas",2,5,1,0.00041321595,3,OOD_Class_2
show weather forecast in Kenya,2,4,1,0.00010044686,3,OOD_Class_2
what will the weather be like at ten AM in Austria,2,5,1,0.00030390406,3,OOD_Class_2
I would like to book the best food court with persian food within the same area as OK for my ex husband and I,1,1,0,0.00016086096,3,OOD_Class_2
Will it rain here ?,2,5,1,0.0008152876,3,OOD_Class_2
Need find the book called Hollywood Connection,5,4,0,9.226923e-05,3,OOD_Class_2
give 0 points to The Eudaemonic Pie,4,3,0,0.00012882681,3,OOD_Class_2
What's the weather forecast for Moss Hill ?,2,5,1,0.00078435324,3,OOD_Class_2
How will the weather be at 9 am in Anguilla ?,2,5,1,0.00033419408,3,OOD_Class_2
play Innovations by Kokia,3,2,0,0.00011415605,3,OOD_Class_2
Will it be snowy in Florewood State Park ?,2,5,1,0.00024104302,3,OOD_Class_2
I'd like to book a reservation for next Spring for nine people at Shore Club .,1,1,0,0.0001394199,3,OOD_Class_2
rate this current essay 4 out of 6 stars,4,3,0,0.00012838875,3,OOD_Class_2
Looking for the trailer for Shaolin Temple,5,4,0,0.00010787794,3,OOD_Class_2
What is the forecast for 8/26/2022 in Vermont,2,5,1,0.00037710945,3,OOD_Class_2
She me the weather in the current place for nov. the 9th,2,5,1,0.0010337245,3,OOD_Class_2
What is the weather like at Basaseachic Falls National Park,2,5,1,0.00027793428,3,OOD_Class_2
"What will the weather be like on August 1, 2026 in Maryland",2,5,1,0.0003989831,3,OOD_Class_2
I rated The Island of Adventure saga a 2 of 6,4,3,0,0.00012486498,3,OOD_Class_2
book a spot at an osteria that has goiano in Ward Springs,1,1,0,0.00015698411,3,OOD_Class_2
I would like a table at a taverna with croquembouche for 1 minute from now,1,1,0,0.00014003454,3,OOD_Class_2
Can you add something by the artist Paul Cargnello to my Chill Tracks playlist,0,0,0,0.00017416204,3,OOD_Class_2
Can you make reservations for a party of eight in Iowa,1,1,0,0.00015245113,3,OOD_Class_2
How's the weather going to be on Jul. 2 in Whiteside,2,5,1,0.00023263435,3,OOD_Class_2
add the artist to the 90's Baby Makers playlist,0,0,0,0.00016946747,3,OOD_Class_2
Will the weather be the same here in one week in the same area,2,5,1,0.0003946098,3,OOD_Class_2
what time can I expect films to start at the Bow Tie Cinemas,6,5,0,0.00016622772,3,OOD_Class_2
add this tune to my Dance playlist,0,0,0,0.0001693822,3,OOD_Class_2
Show movie times and movies in the area,6,5,0,0.00015002441,3,OOD_Class_2
find the game Saturday Review,5,4,0,0.00010455388,3,OOD_Class_2
Add the entire album into indie español,0,0,0,0.00016920951,3,OOD_Class_2
Give one out of 6 stars to The Shiva Option,4,3,0,0.00012215141,3,OOD_Class_2
weather in one minute in Norfolk Island,2,5,1,0.0010573769,3,OOD_Class_2
show weather forecast in AS,2,4,1,9.3903174e-05,3,OOD_Class_2
I give the next novel two stars,4,3,0,0.00014079893,3,OOD_Class_2
play an eighties track,3,2,0,0.00012307175,3,OOD_Class_2
where is The Country Bears playing,6,5,0,0.00022667344,3,OOD_Class_2
Weather in Walden Russia on 12/26/2018,2,5,1,0.0025510415,3,OOD_Class_2
I'd rate this novel a five,4,3,0,0.00012658235,3,OOD_Class_2
I'm looking for local movie schedules .,6,5,0,0.00019833585,3,OOD_Class_2
I want to add Black Ribbons to the i love my neo soul playlist,0,0,0,0.00016553968,3,OOD_Class_2
What is the weather forecast 131 days from now in Atanassow-See,2,5,1,0.00038322175,3,OOD_Class_2
find movie schedules in MJR Theatres,6,5,0,0.00015769455,3,OOD_Class_2
add a mina caputo album to my after hours party,0,0,0,0.00015943177,3,OOD_Class_2
Add Roots of the Outsiders to Blues Roots,0,0,0,0.00017742322,3,OOD_Class_2
Play me a tune by john clayton,3,2,0,0.00012599229,3,OOD_Class_2
Will it get hotter next year in Springside Nature Reserve ?,2,5,1,0.00048023232,3,OOD_Class_2
Tell me if it'll be hotter a week from now in Waxhaw,2,1,1,0.00046320143,3,OOD_Class_2
"Will it be cloudy in Lenzburg , Papua New Guinea",2,5,1,0.0023270252,3,OOD_Class_2
"Will there be a snowstorm this weekend in Bear River , Arizona",2,5,1,0.00035234904,3,OOD_Class_2
I need a weather forecast for Laos at one am,2,5,1,0.000579422,3,OOD_Class_2
rate The Crossing 3 of 6,4,3,0,0.00012553661,3,OOD_Class_2
I would rate The Best Science Fiction Stories and Novels Ninth Series 5 points,4,3,0,0.00012419393,3,OOD_Class_2
Is there a snowstorm coming in Dana at 4 pm,2,5,1,0.00019202975,3,OOD_Class_2
Play music on groove shark,3,2,0,0.0001258652,3,OOD_Class_2
Is it going to be warm here for brunch,2,5,1,0.00048544697,3,OOD_Class_2
Tell me if it'll be chilly here at 0 pm,2,5,1,0.0006207674,3,OOD_Class_2
Please find me the Platinum Box II song ?,5,4,0,9.585401e-05,3,OOD_Class_2
Show me a picture of Love,5,4,0,0.00014151588,3,OOD_Class_2
I think this novel gets 1 stars,4,3,0,0.00012707828,3,OOD_Class_2
Play Skin & Bone by Jess Stacy on Deezer,3,2,0,0.0001459961,3,OOD_Class_2
"Play Alone, Again from Mike Viola",3,2,0,9.5009615e-05,3,OOD_Class_2
Please look up Amrithavaahini,5,4,0,0.00017431156,3,OOD_Class_2
Tell me if it'll be chillier now in Engadine,2,5,1,0.00048209372,3,OOD_Class_2
this novel gets 0 out of 6 points,4,3,0,0.00014086794,3,OOD_Class_2
find Careless Love,6,4,0,0.0003253369,3,OOD_Class_2
"What's the forecast for Harper , ME ?",2,4,1,0.00010878178,3,OOD_Class_2
Play some Retro music.,3,2,0,0.000110863104,3,OOD_Class_2
"is it going to be chillier in Saint Augustine , WY on may 3rd",2,1,1,0.0006267956,3,OOD_Class_2
put Anna Grigorjewna Semenowitsch in all out 00s list,0,0,0,0.00034085265,3,OOD_Class_2
Can i get the showtimes for Man in Blues ?,6,5,0,0.00015104395,3,OOD_Class_2
"What is the weather going to be like in Klondike Gold Rush National Historical Park on february the 28th, 2034 ?",2,5,1,0.00033254854,3,OOD_Class_2
Will there be a storm faraway from Chapman Ranch ?,2,5,1,0.0005800318,3,OOD_Class_2
What time is The Christmas Toy playing at Loews Cineplex,6,5,0,0.00014942742,3,OOD_Class_2
what films are playing at the closest movie house,6,5,0,0.00015570663,3,OOD_Class_2
Weather for Cougar Canyon Wilderness,2,5,1,0.0005870279,3,OOD_Class_2
Is it windy in Nauru ?,2,5,1,0.00083007885,3,OOD_Class_2
Will it be freezing close to my current location,2,5,1,0.00024513272,3,OOD_Class_2
add the artist a j pero to my Country Gold playlist,0,0,0,0.00016449201,3,OOD_Class_2
Which films are playing in the neighborhood one second from now ?,6,5,0,0.00018149878,3,OOD_Class_2
"rate the book series I, Robot one out of 6 stars",4,3,0,0.00012857707,3,OOD_Class_2
what is the forecast for next may in Zambia,2,5,1,0.00034143974,3,OOD_Class_2
What's the weather forecast for Spain ?,2,5,1,0.00093194336,3,OOD_Class_2
play My Back Pages by Paul Young on vimeo,3,2,0,0.00014402262,3,OOD_Class_2
I want to give Science Fiction Adventures in Mutation 0 stars,4,3,0,0.00013265642,3,OOD_Class_2
Will it hail today in West Point at 113648,2,5,1,0.0019212968,3,OOD_Class_2
add this song onto hip hop gaming playlist,0,0,0,0.00017079548,3,OOD_Class_2
Weather for Park Narodowy Kushiro-shitsugen,2,5,1,0.00047063554,3,OOD_Class_2
Will there be rainfall at one PM in Catahoula,2,5,1,0.00025102182,3,OOD_Class_2
Give me the weather forecast for Somiedo Natural Park,2,5,1,0.0008286693,3,OOD_Class_2
What will the weather be like in Killarney National Park on national pow/mia recognition day ?,2,5,1,0.00035213894,3,OOD_Class_2
Can you pull up Queen of the Organ,5,4,0,0.00011053714,3,OOD_Class_2
What is the forecast this month in Kosovo,2,5,1,0.0007325032,3,OOD_Class_2
Is it cloudy in Tingley ?,2,5,1,0.00022014139,3,OOD_Class_2
I would give this current chronicle a value of 4 and a best rating of 6,4,3,0,0.00012964815,3,OOD_Class_2
Can I watch The Sound of War in thirteen minutes at the nearest cinema,6,5,0,0.0002127069,3,OOD_Class_2
Will it be overcast next summer not far from Redington Shores,2,5,1,0.00028441387,3,OOD_Class_2
I give the following part of the series one out of 6 .,4,3,0,0.00012486444,3,OOD_Class_2
Will it be chilly around Kingsley Common on jan. 9 ?,2,5,1,0.0003346843,3,OOD_Class_2
Give four stars out of 6 to Practice to Deceive,4,3,0,0.00012553684,3,OOD_Class_2
will there be hail in Kaffir,2,5,1,0.0007468963,3,OOD_Class_2
Put the frl menke song in my comedy top tracks,0,0,0,0.00015197834,3,OOD_Class_2
show freezing forcast now within the same area in North Dakota,2,4,1,0.00012510404,3,OOD_Class_2
Check the weather forecast for the current position .,2,5,1,0.0059348494,3,OOD_Class_2
Find movie schedules .,6,5,0,0.00014568471,3,OOD_Class_2
Will it be freezing in the city of Sardis,2,5,1,0.00051222503,3,OOD_Class_2
What is the forecast for my current place at 23 o'clock,2,5,1,0.00023332881,3,OOD_Class_2
Will it be windy at two PM in France ?,2,5,1,0.00038147625,3,OOD_Class_2
show weather forecast for Dovre-Nationalpark,2,4,1,0.0001249717,3,OOD_Class_2
What is the weather like in Colorado ?,2,5,1,0.000485518,3,OOD_Class_2
What are the movie schedules for animated movies close by,6,5,0,0.00015769289,3,OOD_Class_2
Where and when is Polish Economy playing?,6,5,0,0.00029988983,3,OOD_Class_2
Tell me the weather forecast in Greensburg,2,5,1,0.00062657,3,OOD_Class_2
i need movie times for movies in the area,6,5,0,0.00015135521,3,OOD_Class_2
Is it humid in Parc national de Killarney,2,5,1,0.0004411013,3,OOD_Class_2
Will the weather be okay in Northern Luzon Heroes Hill National Park 4 and a half months from now ?,2,5,1,0.0004997823,3,OOD_Class_2
What is the weather forecast for close-by Burkina,2,5,1,0.00082702166,3,OOD_Class_2
Tell me the current forecast for Switzerland,2,6,1,0.8698716,3,OOD_Class_2
"Please find me the work, Ace of Spades .",5,4,0,9.669768e-05,3,OOD_Class_2
what is the forecast for hot at ten o'clock in Idaho,2,5,1,0.0002250042,3,OOD_Class_2
what is the forecast for the current position,2,5,1,0.28211084,3,OOD_Class_2
What time is Southern Theatres showing Ukraine Is Not a Brothel ?,6,5,0,0.00014024532,3,OOD_Class_2
add this artist to Pop 2017 Picks,0,0,0,0.00016521399,3,OOD_Class_2
Is there a snowstorm in the forecast for Saint Helena ?,2,5,1,0.00029681533,3,OOD_Class_2
Rate this album a one,4,3,0,0.000115705196,3,OOD_Class_2
find the movie Don’t Break the Heart That Loves You,5,4,0,0.00011076245,3,OOD_Class_2
Can you tell me the weather forecast for Samoa,2,5,1,0.0024104635,3,OOD_Class_2
What is the forecast here for September 16,2,5,1,0.0008965819,3,OOD_Class_2
add Curse song to my playlist Guest List Engadget,0,0,0,0.00016465563,3,OOD_Class_2
Want to find a creative work called The Prayer,5,4,0,0.00010734956,3,OOD_Class_2
Is Rio Belongs to Us playing at the movie house closest to me,6,5,0,0.00020726593,3,OOD_Class_2
"Tell me the weather forecast 1 hour from now for Town West , Nevada",2,5,1,0.0005580306,3,OOD_Class_2
Can you find me the My Father My King game ?,5,4,0,9.209248e-05,3,OOD_Class_2
"what is the overcast forecast for the current position starting on jul. 19, 2030",2,5,1,0.0035177784,3,OOD_Class_2
Is the forecast chillier in 1 hour in Mali,2,5,1,0.00018519131,3,OOD_Class_2
Is it supposed to be hotter today in IL,2,1,1,0.0006098254,3,OOD_Class_2
Is it cloudy in Vermont on 063026 pm,2,5,1,0.0002443837,3,OOD_Class_2
I'd like to see the picture Chrome Dreams,5,4,0,8.813059e-05,3,OOD_Class_2
Can you find me The Real McCoy novel ?,5,4,0,8.8470086e-05,3,OOD_Class_2
Will it be temperate next wed. in Athol in the Federated States Of Micronesia,2,1,1,0.00038003142,3,OOD_Class_2
Tell me the weather forecast for RI,2,5,1,0.004599719,3,OOD_Class_2
Give me the forecast for the weather in Citrus Springs,2,5,1,0.0013994371,3,OOD_Class_2
"Will there be fog on March 3, 2038 in Bonaire",2,5,1,0.00077712006,3,OOD_Class_2
whats the movie schedules for animated movies close by,6,5,0,0.00015631226,3,OOD_Class_2
find the movie Chaos Is Me,5,4,0,0.0001103278,3,OOD_Class_2
Is it going to be cold 21 weeks and a half from now in Salemburg,2,5,1,0.00044633748,3,OOD_Class_2
What is the forecast for Lesotho for starting this Fall,2,5,1,0.0072074253,3,OOD_Class_2
Is it humid in Charenton,2,5,1,0.0010060401,3,OOD_Class_2
How cold will it be in Palau around fourteen o'clock ?,2,5,1,0.00027770383,3,OOD_Class_2
add tune to my this is john williams playlist,0,0,0,0.00016162667,3,OOD_Class_2
"Play Liubi, Liubi, I Love You by Farah Asyikin Binti Zulkifli on Netflix",3,2,0,0.0001808919,3,OOD_Class_2
What will the weather be like in 1 minute in my current position,2,5,1,0.00023380513,3,OOD_Class_2
"Is it going to be freezing in Mahwah Missouri on december the fifth, 2025",2,5,1,0.0003108478,3,OOD_Class_2
When is His English Wife showing at the Neighborhood Cinema Group ?,6,5,0,0.00015447536,3,OOD_Class_2
"book spot for four at Cliff House, San Francisco in Martinique",1,1,0,0.00015304878,3,OOD_Class_2
Will it be chilly in Liberty City Bhutan ?,2,1,1,0.00054199115,3,OOD_Class_2
Please look up Three Essays on the Theory of Sexuality show .,5,4,0,0.00014302241,3,OOD_Class_2
Find The Black Girl in Search of God trailer,5,4,0,0.00012307333,3,OOD_Class_2
what is the forecast for foggy conditions here in twenty one minutes,2,5,1,0.00021573404,3,OOD_Class_2
Is it colder in Paraguay this morning,2,5,1,0.0005458586,3,OOD_Class_2
Add My Very Best to my road trip playlist.,0,0,0,0.00016888871,3,OOD_Class_2
rate the current textbook 4 of 6 points,4,3,0,0.00012658353,3,OOD_Class_2
will it get chillier within walking distance of PW,2,5,1,0.00064176094,3,OOD_Class_2
Play me a Jill Scott sound track on deezer,3,2,0,0.000115277704,3,OOD_Class_2
what is the weather here,2,5,1,0.00034796237,3,OOD_Class_2
What is the weather like in Detroit,2,5,1,0.00041815013,3,OOD_Class_2
Is it overcast in Ziwa Rhino Sanctuary ?,2,5,1,0.00028224345,3,OOD_Class_2
in 1 week is there going to be a depression in Washington,2,5,1,0.0012782419,3,OOD_Class_2
I'd like to watch A Storm in the Stars at North American Cinemas,6,5,0,0.0001765817,3,OOD_Class_2
"Will it snow in MT on june 13, 2038 ?",2,5,1,0.0003375546,3,OOD_Class_2
I want to play the game The Celestial Hawk,5,4,0,9.0662514e-05,3,OOD_Class_2
will it be getting warmer in Rainbow Falls Provincial Park,2,5,1,0.0001825765,3,OOD_Class_2
play robin hood and the bishop of hereford by Jon Mayer,3,2,0,0.00012021862,3,OOD_Class_2
At thirteen hundred hours what will the weather be on Ghana ?,2,5,1,0.00022206642,3,OOD_Class_2
Is it going to be snowy in Ochopee Massachusetts ?,2,5,1,0.0009215699,3,OOD_Class_2
I'd like to watch The Slender Thread at 6 PM,6,5,0,0.00024084878,3,OOD_Class_2
Is it going to be cold once I get within walking distance of my home in New Caledonia ?,2,5,1,0.002198276,3,OOD_Class_2
Weather in Cairngorms-Nationalpark close from freezing,2,5,1,0.0011632711,3,OOD_Class_2
Will there be fog in Nebraska ?,2,5,1,0.0003557035,3,OOD_Class_2
is it going to get colder in Parc national marin Mahatma Gandhi,2,5,1,0.00061384466,3,OOD_Class_2
Is it supposed to be sunny here,2,5,1,0.00058372715,3,OOD_Class_2
What does it feel like in East Cove National Wildlife Refuge,2,5,1,0.0025519207,3,OOD_Class_2
show the show The Son of Tarzan,5,4,0,9.688734e-05,3,OOD_Class_2
"Tell me the weather forecast for Huxley , MS",2,4,1,0.010623995,3,OOD_Class_2
put artist Emre Aydin on Happy Birthday playlist,0,0,0,0.00017655644,3,OOD_Class_2
What is the movie schedule for today?,6,5,0,0.00013711622,3,OOD_Class_2
"book a spot for five at a brasserie on jan. 7, 2023",1,1,0,0.00016165011,3,OOD_Class_2
Is it going to be hotter within walking distance of Ohio on 3/22/2038,2,5,1,0.0017298651,3,OOD_Class_2
Is it humid in Kuwait,2,5,1,0.0021051306,3,OOD_Class_2
Weather for Douthat State Park on Mar. 10,2,5,1,0.00049050257,3,OOD_Class_2
Show me a photograph called The Daily Slovak News,5,4,0,8.56654e-05,3,OOD_Class_2
Will the weather close by be warmer in Kentucky,2,5,1,0.00049056887,3,OOD_Class_2
Add the artist tony thompson to my canta en la ducha playlist,0,0,0,0.00016289474,3,OOD_Class_2
this book gets a 1 out of 6 rating from me.,4,3,0,0.00013034654,3,OOD_Class_2
find close by movie schedule movies,6,5,0,0.00014230808,3,OOD_Class_2
The current novel in this series gets zero points from me.,4,3,0,0.00016086998,3,OOD_Class_2
Give a 4 star rating to Fear and Loathing on the Campaign Trail ’72,4,3,0,0.00012437775,3,OOD_Class_2
Where can I watch The Sword of Ali Baba at two p.m. ?,6,5,0,0.00021648174,3,OOD_Class_2
"Tell me the weather forecast for Molino , Washington",2,5,1,0.011961147,3,OOD_Class_2
I want to add Sin rencor to my playlist entitled te quiero,0,0,0,0.00016822795,3,OOD_Class_2
add this Ricardo Villalobos track to under the surface,0,0,0,0.00016521818,3,OOD_Class_2
"What's the temperature today in Griffin , NE ?",2,5,1,0.00023219653,3,OOD_Class_2
Is it freezing in Kelso,2,5,1,0.000462789,3,OOD_Class_2
Please play Casino Boogie,3,2,0,9.500305e-05,3,OOD_Class_2
I want to book an indoor brasserie within walking distance in ME .,1,1,0,0.00014625391,3,OOD_Class_2
Check the weather for Faroe Islands .,2,4,1,0.0010369484,3,OOD_Class_2
Weather for July 1 in UT,2,5,1,0.0013820864,3,OOD_Class_2
Can I see the the TV series The Late Music ?,5,4,0,9.5482465e-05,3,OOD_Class_2
"What's the weather forecast for Central , North Dakota ?",2,5,1,0.000847332,3,OOD_Class_2
Add track to fresh finds,0,0,0,0.00015966703,3,OOD_Class_2
What is the closest movie theatre that is playing animated movies,6,5,0,0.00015677475,3,OOD_Class_2
Add bret mckenzie to my Pop Commute playlist,0,0,0,0.000164734,3,OOD_Class_2
"Tell me if it'll be freezing 333 days from now in Caplinger Mills , Florida",2,5,1,0.00057153415,3,OOD_Class_2
Tell me the weather forecast for Missouri,2,5,1,0.0070952405,3,OOD_Class_2
What will the weather be in IN ?,2,5,1,0.00016461936,3,OOD_Class_2
is there any fog warning in Dauset Trails Nature Center now,2,5,1,0.00023043816,3,OOD_Class_2
what is MO forecast for hotter temps in Kalkaska,2,5,1,0.00025647006,3,OOD_Class_2
Rate The Scoop 5 out of 6 points,4,3,0,0.00012801326,3,OOD_Class_2
Play music by Deenanath Mangeshkar,3,2,0,0.00014402019,3,OOD_Class_2
What is the weather forecast in Spaulding Morocco,2,5,1,0.0002376437,3,OOD_Class_2
Please help me search The Banker television show .,5,4,0,9.670161e-05,3,OOD_Class_2
Can i have the forecast for Bear Rocks Lake Wildlife Management Area,2,5,1,0.0023614943,3,OOD_Class_2
Show me the forecast for Anatone Louisiana on November 7th,2,4,1,0.0015208442,3,OOD_Class_2
Is there fog in New York,2,5,1,0.00030812863,3,OOD_Class_2
whats the closest movie house showing Medal of Honor,6,5,0,0.00017799297,3,OOD_Class_2
Find me a table for me and my grandkid in Union Square Cafe,1,1,0,0.00013928262,3,OOD_Class_2
Will there be fog in Fairwood ?,2,5,1,0.00032242978,3,OOD_Class_2
I want to hear Dido from 1966 on Youtube,3,2,0,0.00016318874,3,OOD_Class_2
show me the When Your Heart Stops Beating photograph,5,4,0,0.000109894194,3,OOD_Class_2
Is it going to be warm in Palmview,2,5,1,0.00044654915,3,OOD_Class_2
what will the weather be like in Russia in one hour from now,2,5,1,0.00024989486,3,OOD_Class_2
Open youtube,3,2,0,8.488691e-05,3,OOD_Class_2
Will it be warmer in five years in Slemp Kansas,2,1,1,0.001376811,3,OOD_Class_2
Will there be wind in ME ?,2,4,1,0.006883504,3,OOD_Class_2
Will it be warmer in CT,2,5,1,0.0004042061,3,OOD_Class_2
Give Twas the Night Before Christmas 0 points out of 6 .,4,3,0,0.00012645984,3,OOD_Class_2
What films are playing at the nearest movie theatre,6,5,0,0.00016254379,3,OOD_Class_2
Book a bar which serves chicken french at Robinson .,1,1,0,0.00015439944,3,OOD_Class_2
Book a table for cherie and josephine in Indonesia,1,1,0,0.00014848367,3,OOD_Class_2
"Can you tell me what the weather is doing in North Epworth , Guam",2,5,1,0.00045106554,3,OOD_Class_2
What is it like on 7/10/2023 in the current place,2,5,1,0.00037595638,3,OOD_Class_2
Does The Yacoubian Building start at 0839 pm,6,5,0,0.00023320987,3,OOD_Class_2
Will it be sunny one hundred thirty five days from now in Monterey Bay National Marine Sanctuary,2,5,1,0.00046970497,3,OOD_Class_2
Get me a reservation for two at a restaurant which serves burger .,1,1,0,0.00013766346,3,OOD_Class_2
Is it cold ever in Farristown Tanzania,2,5,1,0.0009040366,3,OOD_Class_2
Book a bakery with smoking room for nine in Niger .,1,1,0,0.0001531239,3,OOD_Class_2
Is it going to be humid faraway from here around dinner time,2,5,1,0.00027435404,3,OOD_Class_2
I want to book a restaurant in Bosnia and Herzegovina .,1,1,0,0.000149501,3,OOD_Class_2
Is it freezing near Medley ?,2,5,1,0.00020127567,3,OOD_Class_2
what is the forecast for hotter weather at Southford Falls State Park,2,5,1,0.00016794565,3,OOD_Class_2
will the weather conditions be temperate and pleasant in Togo,2,5,1,0.001272007,3,OOD_Class_2
Will it be warmer at 2 pm at the Ak-Suu Complex Nature Reserve,2,5,1,0.0002441556,3,OOD_Class_2
show me the schedule of movie The Duchess of Langeais in cinema,6,5,0,0.00014768582,3,OOD_Class_2
Play the Late Night Jazz soundtrack on Zvooq .,3,2,0,0.0001244025,3,OOD_Class_2
put four rating on The Raging Quiet,4,3,0,0.0001087452,3,OOD_Class_2
Give Mason & Dixon a rating of three .,4,3,0,0.00011363395,3,OOD_Class_2
add john brown to my Dinnertime Acoustics,0,0,0,0.00016099674,3,OOD_Class_2
What is the current temperature here,2,5,1,0.0004714473,3,OOD_Class_2
is it going to be windy faraway from the Valley of Fire,2,4,1,0.0011149881,3,OOD_Class_2
how's the weather here at two Am,2,5,1,0.00021153476,3,OOD_Class_2
What's the weather going to be one hour from now in Taiwan,2,5,1,0.00019805659,3,OOD_Class_2
Add died to the todo latino playlist,0,0,0,0.00016855742,3,OOD_Class_2
Play the album Killer Instinkt,3,2,0,0.00019997572,3,OOD_Class_2
Which cinema can I go to to see Lilly the Witch The Dragon and the Magic Book ?,6,5,0,0.00015795212,3,OOD_Class_2
showtimes for the closest movie theatre that is showing Operation Autumn,6,5,0,0.00015299013,3,OOD_Class_2
Play the music from the playlist Get Lit,3,2,0,9.073891e-05,3,OOD_Class_2
Please tell me the forecast for Guinea-Bissau,2,6,1,0.34190518,3,OOD_Class_2
Add tune to infinite indie folk,0,0,0,0.00014680455,3,OOD_Class_2
"Is there a depression in Solromar on december 7, 2033",2,5,1,0.0055919313,3,OOD_Class_2
Add Unconscious State to my 90s Smash Hits,0,0,0,0.00016217818,3,OOD_Class_2
what is the forecast for here fir storm conditions next week,2,5,1,0.0006461457,3,OOD_Class_2
"What is the forecast for Petersville , OH",2,4,1,0.00069370127,3,OOD_Class_2
on Deezer play fourties tunes by Jona Bechtolt and a ballad,3,2,0,0.00012488123,3,OOD_Class_2
Will it be hotter in MD on apr. 10th ?,2,5,1,0.0005316298,3,OOD_Class_2
Will it be chilly midday in Cresbard Afghanistan ?,2,5,1,0.00052969815,3,OOD_Class_2
I want to take me and my momy to eat in Flossmoor,1,1,0,0.00014300602,3,OOD_Class_2
What is the weather nearby Bermuda a week from now,2,5,1,0.0004075907,3,OOD_Class_2
I need to book a restaurant at supper time in IL,1,1,0,0.00014293841,3,OOD_Class_2
I'd like to eat at a restaurant around China with a party of 7 anywhere that serves ouzeri,1,1,0,0.00014363452,3,OOD_Class_2
Play a song from the thirties on Zvooq,3,2,0,0.00015019234,3,OOD_Class_2
What's the weather in Blackman Jordan,2,5,1,0.0006994935,3,OOD_Class_2
Add rev-raptor to 90s Indie,0,0,0,0.00016425161,3,OOD_Class_2
Is there snowstorm in LA ?,2,5,1,0.00020407558,3,OOD_Class_2
book a spot for one at a bar in Seabrook,1,1,0,0.00014469138,3,OOD_Class_2
show creativity of What Is Dead May Never Die,5,4,0,0.0001159625,3,OOD_Class_2
Will it be snowy here soon,2,5,1,0.0003832906,3,OOD_Class_2
Will it snowstorm in Long Lake National Wildlife Refuge,2,5,1,0.00028384654,3,OOD_Class_2
Find A World Apart .,5,4,0,0.00017774371,3,OOD_Class_2
Is it going to be snowy here,2,5,1,0.0007469097,3,OOD_Class_2
Show the Bean and the Boys painting,5,4,0,0.00010558291,3,OOD_Class_2
out of 6 give The Morganville Vampires a 1,4,3,0,0.00012425664,3,OOD_Class_2
Will it be overcast in my current location at twelve PM .,2,5,1,0.00046140107,3,OOD_Class_2
I'd like to see the book The Royal Thousand,5,4,0,7.807638e-05,3,OOD_Class_2
What's the weather like when you're distant from Greenport,2,5,1,0.0009898138,3,OOD_Class_2
What is the forecast for Wyoming at Stanardsville during the storm,2,5,1,0.00021725813,3,OOD_Class_2
listen to tei movement from most popular eighties music,3,2,0,0.00014387818,3,OOD_Class_2
Find a painting called The Legend of Tashan Dorrsett .,5,4,0,0.0001183619,3,OOD_Class_2
Is there going to be a depression two hundred sixteen days and a half from now in Mill Bluff State Park,2,5,1,0.0008178571,3,OOD_Class_2
Find a soundtrack called Meet The Vogues .,5,4,0,0.000120464014,3,OOD_Class_2
please add moon river to my metalcore playlist,0,0,0,0.00017416339,3,OOD_Class_2
How is colder in City of Rocks State Park around 0343 pm,2,5,1,0.00025546164,3,OOD_Class_2
Find the schedule for animated movies in the area .,6,5,0,0.00014886055,3,OOD_Class_2
forecast for Morse Shores Kansas,2,4,1,0.00011793969,3,OOD_Class_2
what is the Tal Chhapar Sanctuary forecast for cold weather,2,5,1,0.00037690034,3,OOD_Class_2
"What is the weather forecast for North Carolina on October thirteenth, 2037",2,5,1,0.0005566957,3,OOD_Class_2
What's the weather forecast for Sidnaw at 20 o'clock ?,2,5,1,0.00018890602,3,OOD_Class_2
Is it warm in Botna,2,5,1,0.0008217916,3,OOD_Class_2
rate the book Strumpet City zero for 6,4,3,0,0.00012462055,3,OOD_Class_2
Play music by Daddy Yankee,3,2,0,0.00014402611,3,OOD_Class_2
What's the weather in South Punta Gorda Heights,2,5,1,0.00030772047,3,OOD_Class_2
what is the nine AM weather forecast for Nationalpark Midongy du Sud,2,5,1,0.0003052845,3,OOD_Class_2
find a game called The Oh in Ohio,5,4,0,9.8223805e-05,3,OOD_Class_2
will it be colder this Saturday in NC,2,5,1,0.00030748209,3,OOD_Class_2
what is the forecast for Wren for freezing weather,2,5,1,0.00029443292,3,OOD_Class_2
add album to Feeling Blue,0,0,0,0.00015490426,3,OOD_Class_2
find The Swindlers at the closest movie house,6,5,0,0.00014540789,3,OOD_Class_2
"Is it chilly in Charenton , NY ?",2,1,1,0.000931011,3,OOD_Class_2
"find The Prince of Temple Street , a picture",5,4,0,0.00010507054,3,OOD_Class_2
"Will it get rainy like last March in Hagerman , Saint Vincent and the Grenadines ?",2,5,1,0.0008269767,3,OOD_Class_2
Play Trance Life on Zvooq .,3,2,0,0.00011593024,3,OOD_Class_2
Play music on pandora,3,2,0,0.00012488525,3,OOD_Class_2
Play the red room sessions from chris cunningham,3,2,0,0.000104654595,3,OOD_Class_2
What's the weather in Totowa WY one minute from now,2,5,1,0.00025106518,3,OOD_Class_2
I need a reservation for The French Laundry in OH for six,1,1,0,0.00015598851,3,OOD_Class_2
What will the weather be faraway in New Jersey in ten weeks ?,2,5,1,0.00021263307,3,OOD_Class_2
what is the weather forecast in 11 seconds for Frederick Douglass National Historic Site,2,5,1,0.0001648309,3,OOD_Class_2
Will it be hot here at 22 o'clock ?,2,5,1,0.00029267982,3,OOD_Class_2
Play Tujiko Noriko 's Ten Years And Running .,3,2,0,0.00015443709,3,OOD_Class_2
"show weather forcast for MS on jan. the 9th, 2034",2,4,1,0.00018271363,3,OOD_Class_2
Will it be hot at 1319 in De Funiak Springs Serbia and Montenegro ?,2,1,1,0.00015750274,3,OOD_Class_2
add The Rough Guide to the Music of Eastern Europe to my This Is Philip Glass playlist,0,0,0,0.00017872952,3,OOD_Class_2
Book a restaurant near the City of Wakefield for 5 people.,1,1,0,0.00014697049,3,OOD_Class_2
What is the current weather forecast for Diamondville ?,2,5,1,0.0017090325,3,OOD_Class_2
Weather for Carlisle Gardens AS,2,5,1,0.00033986248,3,OOD_Class_2
play The Edge by Deezer on Vans Warped Tour Compilation 2003,3,2,0,0.000104718,3,OOD_Class_2
Will there be a cloud in VI in 14 minutes ?,2,5,1,0.00032212926,3,OOD_Class_2
Rate Decoding Reality 0 points,4,3,0,0.00011804535,3,OOD_Class_2
Rate the current album a five out of 6,4,3,0,0.00011764333,3,OOD_Class_2
What is the weather going to be like in Flint Hill in 9 years,2,5,1,0.00022988867,3,OOD_Class_2
book indian food at a highly rated pub for 1 for 0222 pm,1,1,0,0.00014030798,3,OOD_Class_2
holly and brittany need a reservation for a sardinian tea house close by CO,1,1,0,0.0001603154,3,OOD_Class_2
What films start at eighteen at Caribbean Cinemas,6,5,0,0.00014011443,3,OOD_Class_2
Will it be warm in Kipp Rhode Island one hour and 9 seconds from now ?,2,5,1,0.0007302447,3,OOD_Class_2
What is the weather forecast for Waipio Acres,2,5,1,0.00063345046,3,OOD_Class_2
add this is Andrés Calamaro by Milk,0,0,0,0.0001675265,3,OOD_Class_2
Show me when and where I can see Song of Summer,6,5,0,0.0006103202,3,OOD_Class_2
Incorporate a russel walder track onto gay's Funk Rock playlist.,0,0,0,0.00019762827,3,OOD_Class_2
what is the forecast for the distant future in Sugar Bush,2,5,1,0.0005860898,3,OOD_Class_2
Rate The Agent of Death with five stars out of 6,4,3,0,0.000120198805,3,OOD_Class_2
What cinema is playing Great Guy,6,5,0,0.00013251498,3,OOD_Class_2
Let me know how the weather will be in Rainelle at night .,2,5,1,0.000635018,3,OOD_Class_2
Is it forecast to be chillier in Latvia ?,2,5,1,0.00053398893,3,OOD_Class_2
Is it going to rain here ?,2,5,1,0.00054206315,3,OOD_Class_2
Add a tune to the Calm Vibes playlist.,0,0,0,0.00016798405,3,OOD_Class_2
forecast for Wisconsin at 10 PM.,2,5,1,0.0051783826,3,OOD_Class_2
Play a top twenty symphony by Bumble Bee Slim,3,2,0,0.00013476958,3,OOD_Class_2
Tell me the weather for Sewickley at twelve am,2,5,1,0.0003609067,3,OOD_Class_2
what animated movies are at Cobb Theatres,6,5,0,0.00016493746,3,OOD_Class_2
Book a highly rated restaurant .,1,1,0,0.0001602336,3,OOD_Class_2
What's the forecast for Belize around meal time?,2,5,1,0.00017740196,3,OOD_Class_2
What time is movies playing around here,6,5,0,0.00015328078,3,OOD_Class_2
Will it feel nice here or within the same area,2,5,1,0.008005125,3,OOD_Class_2
Show me a copy of the picture Double Deal .,5,4,0,0.00011043554,3,OOD_Class_2
"Tell me the weather forecast for june seventeenth, 2034 in FL",2,5,1,0.0010402323,3,OOD_Class_2
Is it going to rain at my current position,2,5,1,0.00031412469,3,OOD_Class_2
Can you play that last ep from the twenties,3,2,0,0.00011743406,3,OOD_Class_2
Please let me know the weather forecast in Louisiana state,2,5,1,0.00038900122,3,OOD_Class_2
Rate Shadow of Night a 1,4,3,0,0.00012352849,3,OOD_Class_2
what is the weather forecast for Ridge Farm New York,2,5,1,0.00072106527,3,OOD_Class_2
Give this chronicle a 4,4,3,0,0.00013787458,3,OOD_Class_2
"Check the weather for Eagle Harbor , Tanzania",2,5,1,0.0006194651,3,OOD_Class_2
"Search for the TV show , A Lawless Street .",5,4,0,9.427289e-05,3,OOD_Class_2
Will it be chillier in Portugal in one hour ?,2,5,1,0.0008742583,3,OOD_Class_2
play classic rock on Slacker,3,2,0,0.000110097615,3,OOD_Class_2
Locate the best pub in Apache Junction,1,1,0,0.0001709771,3,OOD_Class_2
what is the forecast for LA for freezing,2,5,1,0.00031529117,3,OOD_Class_2
I need to know if its humid in Greenback in Mongolia,2,1,1,0.00046658824,3,OOD_Class_2
what is the close by Greenland forecast,2,4,1,8.860608e-05,3,OOD_Class_2
Lets eat near Oakfield 17 seconds from now at Ted Peters Famous Smoked Fish,1,1,0,0.00013565528,3,OOD_Class_2
What's the weather like in the Dana Biosphere Reserve six years from now,2,5,1,0.00028176754,3,OOD_Class_2
Is it freezing in Tira,2,5,1,0.00039114882,3,OOD_Class_2
Give Memoirs of a Fox-Hunting Man a rating of 4 out of 6 .,4,3,0,0.00013066504,3,OOD_Class_2
Please make reservations for a bar close-by in Lake Alfred .,1,1,0,0.00016047181,3,OOD_Class_2
forecast for Samoa next sat.,2,4,1,0.003587313,3,OOD_Class_2
Is it going to be foggy at two am in Barberville,2,5,1,0.00016799314,3,OOD_Class_2
Will it be stormy in the Ouachita National Forest ?,2,5,1,0.00031177915,3,OOD_Class_2
what is the weather of Sri Lanka,2,5,1,0.0021958223,3,OOD_Class_2
weather forcast for current location now,2,4,1,0.0010133744,3,OOD_Class_2
Rate the current novel three points,4,3,0,0.00012226976,3,OOD_Class_2
Out of 6 stars I give the chronicle three and look forward to what's next .,4,3,0,0.00014364689,3,OOD_Class_2
Is it chilly in Nightmute,2,5,1,0.0011100578,3,OOD_Class_2
what is the PW forecast for stormy weather,2,4,1,0.0012152739,3,OOD_Class_2
Book me a table for 8 at a restaurant for seven pm,1,1,0,0.00013867559,3,OOD_Class_2
What animated movies are playing at IMAX Corporation ?,6,5,0,0.0001509074,3,OOD_Class_2
"I need to know what the weather will be like in Gradyville at breakfast , in the state of Colorado .",2,5,1,0.0013026636,3,OOD_Class_2
What will it feel like on Oct. 21 in KY,2,1,1,0.0018478588,3,OOD_Class_2
Add Fair Charlotte to the We Everywhere playlist.,0,0,0,0.00016963182,3,OOD_Class_2
rate the current essay 5 points,4,3,0,0.00012559819,3,OOD_Class_2
What's the weather like in Kaltag ?,2,5,1,0.0004060459,3,OOD_Class_2
Add this song to my fairy tales,0,0,0,0.0001594278,3,OOD_Class_2
Play the latest ep from Lobby Loyde on Netflix,3,2,0,0.00012524836,3,OOD_Class_2
Play ep from Quasimoto from the nineties,3,2,0,0.0001416477,3,OOD_Class_2
what is the forecast for Waurika in Samoa,2,5,1,0.0005490992,3,OOD_Class_2
what is the forecast in Nicodemus and nearby,2,5,1,0.00048187684,3,OOD_Class_2
Will it be freezing at 1 AM in Balko ?,2,5,1,0.00029181567,3,OOD_Class_2
What's the forecast for right here,2,4,1,0.0009933863,3,OOD_Class_2
"What's the weather forecast for TN on december seventh, 2026 ?",2,5,1,0.00033440354,3,OOD_Class_2
I want the photograph of Walt Before Mickey,5,4,0,0.000156325,3,OOD_Class_2
"Tell me the weather forecast for Inniswold , Réunion",2,4,1,0.0020386127,3,OOD_Class_2
What's the weather far from Jarbidge,2,4,1,0.00032358622,3,OOD_Class_2
Will it be freezing here at 063122 am,2,5,1,0.00020912001,3,OOD_Class_2
What is the weather forecast in six weeks in LA,2,5,1,0.00024013502,3,OOD_Class_2
Find Pat Garrett y Billy the Kid .,5,4,0,0.0014996161,3,OOD_Class_2
rate this essay zero of 6 points,4,3,0,0.00013376321,3,OOD_Class_2
"Will the weather be stormy on january the 15th, 2026 in the Federated States Of Micronesia",2,5,1,0.000542825,3,OOD_Class_2
rate the book The Outlaws of Sherwood two stars,4,3,0,0.00012541359,3,OOD_Class_2
Can you get me reservations for a highly rated restaurant in Seychelles,1,1,0,0.00015185727,3,OOD_Class_2
What's the weather forecast for my current location on jun. 2 ?,2,5,1,0.00028245905,3,OOD_Class_2
I want this album on my Indie Alternativa playlist,0,0,0,0.00017120455,3,OOD_Class_2
at 11 am will there be a snowstorm in Fort Pulaski National Monument,2,5,1,0.00018395328,3,OOD_Class_2
I want to hear some of David Gilmour 's music from 1973,3,2,0,0.00012512857,3,OOD_Class_2
give 5 points to The White Hotel,4,3,0,0.000119788,3,OOD_Class_2
show creative book named Pencil Thin Mustache,5,4,0,0.00012259184,3,OOD_Class_2
play Pandora Christian Gangsta Rap,3,2,0,0.00013372001,3,OOD_Class_2
I'd like the movie schedules nearby me for animated movies,6,5,0,0.0001338257,3,OOD_Class_2
rate Mus of Kerbridge a one,4,3,0,0.00011313471,3,OOD_Class_2
What's the weather in Singapore,2,5,1,0.0003561475,3,OOD_Class_2
What's the forecast in Klamath Marsh National Wildlife Refuge ?,2,5,1,0.00027360875,3,OOD_Class_2
"find Framing the Early Middle Ages , a game",5,4,0,0.00013152622,3,OOD_Class_2
What will the weather be here at 070800 am,2,5,1,0.00017726039,3,OOD_Class_2
will it get warmer in Centenary around the Evening ?,2,5,1,0.00021938559,3,OOD_Class_2
rate I Commitments 5 of 6 points,4,3,0,0.00012209073,3,OOD_Class_2
"Will there be cloud action in Saint Bernard , Virgin Islands",2,5,1,0.0008033492,3,OOD_Class_2
Add the album to the top 100 country tracks on spotify playlist.,0,0,0,0.00019043441,3,OOD_Class_2
What is the forecast on 12/9/2039 at Florida Caverns State Park,2,5,1,0.00021233966,3,OOD_Class_2
Rate this album 4 points,4,3,0,0.00012179351,3,OOD_Class_2
what is the weather forecast close-by Bermuda,2,5,1,0.00046511926,3,OOD_Class_2
Find a TV show called Directions Home .,5,4,0,9.290657e-05,3,OOD_Class_2
When will it be chillier than now in South Paris in CT,2,1,1,0.0007696188,3,OOD_Class_2
is it going to be chilly in Western Sahara in 13 hours,2,5,1,0.00030556702,3,OOD_Class_2
add what if punk never happened to autumn,0,0,0,0.00015369224,3,OOD_Class_2
find the show Trancers,5,4,0,0.00010154113,3,OOD_Class_2
"Tell me the humidity index for Elizabethville , Indiana",2,5,1,0.05811211,3,OOD_Class_2
I'd like to have this track onto my Classical Relaxations playlist.,0,0,0,0.00018502622,3,OOD_Class_2
Is it hot in Wind Ridge Guam,2,5,1,0.0008458686,3,OOD_Class_2
I'd like to watch Heartbreak at Pacific Theatres at two pm,6,5,0,0.0001870558,3,OOD_Class_2
Is it hotter here,2,5,1,0.00086496817,3,OOD_Class_2
book a spot for six friends,1,1,0,0.0001422389,3,OOD_Class_2
Play the top-twenty from Alexander Braginsky .,3,2,0,0.00013062278,3,OOD_Class_2
What movies are currently playing at the Caribbean Cinemas,6,5,0,0.00015003026,3,OOD_Class_2
"Will it storm in Texola , Delaware",2,5,1,0.00062189007,3,OOD_Class_2
"I want to eat Louisiana Fried Chicken in McColl , IA",1,1,0,0.0001713138,3,OOD_Class_2
I want to give The Coming of the Terraphiles a rating of 1 .,4,3,0,0.00011827668,3,OOD_Class_2
book a sushis serving restaurant in Uzbekistan,1,1,0,0.00015837052,3,OOD_Class_2
Play music off Youtube .,3,2,0,0.00012872627,3,OOD_Class_2
find movie times,6,5,0,0.00014654214,3,OOD_Class_2
Will it get colder in Alaska ?,2,5,1,0.0005012292,3,OOD_Class_2
What's the weather forecast for Porphyry Island Provincial Park right now,2,5,1,0.00021285361,3,OOD_Class_2
this tune should go on my coffee table jazz playlist,0,0,0,0.0001549692,3,OOD_Class_2
Show me the movies at the closest cinema,6,5,0,0.00015299214,3,OOD_Class_2
Weather for four weeks from now in Oregon,2,5,1,0.0012202143,3,OOD_Class_2
play the It Could Only Happen With You album by Lawrence,3,2,0,0.00028497173,3,OOD_Class_2
I am giving Finding Chandra a 2 out of 6 rating,4,3,0,0.000125109,3,OOD_Class_2
"I need a weather forecast for São Tomé and Príncipe on December 8th, 2026",2,5,1,0.0058753327,3,OOD_Class_2
Will it be hotter in Wyomissing Hills ?,2,5,1,0.0008569274,3,OOD_Class_2
What's the weather forecast for my current spot in eight hours ?,2,5,1,0.00018607093,3,OOD_Class_2
show Thousand Miles movie,5,4,0,8.008492e-05,3,OOD_Class_2
Is it warm in New Jersey in 23 minutes and fourteen seconds,2,5,1,0.00025972445,3,OOD_Class_2
Is there going to be a depression in Point Washington State Forest,2,5,1,0.0012331238,3,OOD_Class_2
Assign 0 points out of 6 to The Gate of Worlds,4,3,0,0.00012720276,3,OOD_Class_2
"book a table for Sep. the second, 2020 at a highly rated place for me and my baby at a joint serving cambodian",1,1,0,0.00016817247,3,OOD_Class_2
What's the weather forecast for Delaware right now,2,5,1,0.00025582983,3,OOD_Class_2
"Can you find me the work, The Curse of Oak Island ?",5,4,0,8.960246e-05,3,OOD_Class_2
What's the humidity now in NH ?,2,5,1,0.0001781844,3,OOD_Class_2
Play Rob Dougan on youtube,3,2,0,0.000114606315,3,OOD_Class_2
What will the weather be like May the 10th in Rocky Boy WI,2,5,1,0.00023042061,3,OOD_Class_2
"I'd like a reservation at a place in Iran for neva, alice and maggie parker .",1,1,0,0.00014776114,3,OOD_Class_2
Add this tune to retrowave outrun,0,0,0,0.00016249917,3,OOD_Class_2
What is the weather going to be like this Evening in Arkansas,2,5,1,0.00045990213,3,OOD_Class_2
Whats the temperature not far from Valley of Fire,2,5,1,0.00034554052,3,OOD_Class_2
Book a close by brasserie in NC .,1,1,0,0.00017031767,3,OOD_Class_2
National Lampoon Tenth Anniversary Anthology 1970–1980 is a 4 out of 6 read,4,3,0,0.00011253011,3,OOD_Class_2
Rate The Coming of Bill 3 of 6 stars,4,3,0,0.000121378456,3,OOD_Class_2
I rate 4 of 6 points for this textbook,4,3,0,0.00013713566,3,OOD_Class_2
Play playlist riveting,3,2,0,8.629345e-05,3,OOD_Class_2
rate Special Assignments 0 of 6 points,4,3,0,0.00012250795,3,OOD_Class_2
Weather on Croatan National Forest on jan. 21,2,5,1,0.0021985942,3,OOD_Class_2
Please help me search the Hell Money saga .,5,4,0,0.00010735146,3,OOD_Class_2
What's the weather going to be like near Sawtooth National Recreation Area at 2 pm ?,2,5,1,0.00020775457,3,OOD_Class_2
will it be stormy in Charleston,2,5,1,0.00036215837,3,OOD_Class_2
What's the weather forecast for Croatia on jul. 25th,2,5,1,0.0002785898,3,OOD_Class_2
play any sixties song,3,2,0,9.3811956e-05,3,OOD_Class_2
give two star to As Long as We Both Shall Live book,4,3,0,0.0001252301,3,OOD_Class_2
Is People of the Cumberland playing at Landmark Theatres now,6,5,0,0.00015178806,3,OOD_Class_2
What weather will it be in Battlement Mesa ?,2,5,1,0.0004168898,3,OOD_Class_2
What is the weather forecast in Canfield at 222322,2,5,1,0.00019125652,3,OOD_Class_2
add Troy Andrews to my pop punk powerhouses,0,0,0,0.00016305342,3,OOD_Class_2
Add janie jones to my Indie Pop,0,0,0,0.000159584,3,OOD_Class_2
play music on netflix,3,2,0,0.00011618132,3,OOD_Class_2
what is a weather of Martinique a month from now,2,4,1,0.0013617972,3,OOD_Class_2
Book a reservation for bettye and lakeisha jimenez at a bar,1,1,0,0.0001562953,3,OOD_Class_2
Weather for 9/3/2034 at Bridle Trails State Park,2,5,1,0.00022339483,3,OOD_Class_2
I need a reservation for the Oasis Drive-In for a party of four,1,1,0,0.00015775314,3,OOD_Class_2
Play music from Lastfm,3,2,0,0.000118125914,3,OOD_Class_2
What will the weather be in NM in 1 minute,2,5,1,0.00016826969,3,OOD_Class_2
"weather in Nationalpark Nevado Tres Cruces on mar. 4th, 2020",2,5,1,0.0010831904,3,OOD_Class_2
"What will the weather be like in Port Clinton , Nebraska around midnight ?",2,5,1,0.0002729428,3,OOD_Class_2
overcast on State Holiday in Pawling Nature Reserve and neighboring places,2,5,1,0.00062453427,3,OOD_Class_2
Find me the picture entitled I’ll Take Care of You .,5,4,0,0.000113275695,3,OOD_Class_2
Rate my current novel 2 out of 6 points,4,3,0,0.00012895418,3,OOD_Class_2
Find a television show called The High Chaparral .,5,4,0,8.483518e-05,3,OOD_Class_2
Give the current series a two,4,3,0,0.00012845003,3,OOD_Class_2
rate The Long Dark Tea-Time of the Soul 5 stars,4,3,0,0.00012298874,3,OOD_Class_2
play There Must Be More To Life Than This,3,2,0,0.00065525045,3,OOD_Class_2
Is it supposed to be chillier in Favoretta,2,0,1,0.004587152,3,OOD_Class_2
what is the weather forecast this week close-by my current position,2,4,1,0.0010982822,3,OOD_Class_2
What's the forecast for Wendell ?,2,4,1,0.00052144966,3,OOD_Class_2
weather 1 minute from now in Camden Point Zambia,2,1,1,0.00041708516,3,OOD_Class_2
Please search the Woodsmen of the West .,5,4,0,0.00012342918,3,OOD_Class_2
will it be sunny in my current place at 6 am,2,5,1,0.00035968196,3,OOD_Class_2
Will it be colder in Oswego 16 weeks from now ?,2,5,1,0.0003910874,3,OOD_Class_2
restaurant in Bulgaria this week party for 9 numbers,1,1,0,0.00013538847,3,OOD_Class_2
