text,true_label_original,pred_label_mapped,is_ood_true,ood_score,fold,scenario
I would give this textbook a rating of 0 and a best rating of 6,4,4,0,0.00012309718,7,OOD_Class_6
I want to see Fear Chamber .,6,5,1,0.0001934382,7,OOD_Class_6
What will the weather be like in three weeks faraway in Sompio Strict Nature Reserve,2,2,0,0.000111209694,7,OOD_Class_6
Book a restaurant in the Dominican Republic in one minute for a party of eight,1,1,0,0.00014417776,7,OOD_Class_6
what is the weather forecast for Kinbrae,2,2,0,0.00010487948,7,OOD_Class_6
What time is Goodbye Mothers playing?,6,5,1,0.00015390807,7,OOD_Class_6
What's the weather like in Kaltag ?,2,2,0,0.00012012547,7,OOD_Class_6
What time are films showing at KB Theatres,6,5,1,0.00040056606,7,OOD_Class_6
Find The 180 .,5,5,0,9.410206e-05,7,OOD_Class_6
What will be the temperate in Tyresta National Park on 7/18/2030 ?,2,2,0,0.000114403105,7,OOD_Class_6
Check the weather forecast for Biscay,2,2,0,9.7375516e-05,7,OOD_Class_6
give me a list showtimes for The Night of Taneyamagahara,6,5,1,0.0002640877,7,OOD_Class_6
what is the weather not far from current position,2,2,0,0.00010852652,7,OOD_Class_6
I'd like to watch The Wedding Ring at the movie theatre,6,5,1,0.00024058345,7,OOD_Class_6
Add sammy hagar to Ultra Metal,0,0,0,0.0001770027,7,OOD_Class_6
List movie times at General Cinema Corporation,6,5,1,0.00017241275,7,OOD_Class_6
Give this essay a rating of 5 .,4,4,0,0.000118730364,7,OOD_Class_6
Where is They Always Return at Dawn playing,6,5,1,0.00020359902,7,OOD_Class_6
show me the schedule of The Loves of Letty in cinema closest,6,5,1,0.00014977933,7,OOD_Class_6
Play some tango .,3,3,0,0.00013229414,7,OOD_Class_6
I need a photograph of Days of Wine and Roses and Other TV Requests,5,5,0,0.00018539501,7,OOD_Class_6
Tell me the weather forecast for my current spot,2,2,0,0.00010789057,7,OOD_Class_6
Play any album from the twenties,3,3,0,0.00012822497,7,OOD_Class_6
What are the movie times at Goodrich Quality Theaters ?,6,5,1,0.0004568277,7,OOD_Class_6
Add New Wave Blues to my Push Button Funk playlist,0,0,0,0.00016571335,7,OOD_Class_6
Which animated movies are showing close by ?,6,5,1,0.00025904906,7,OOD_Class_6
"Make me a reservation at Illinois Central Railroad Freight Depot in Singapore with vickie rodriguez, lila reyes and ruby",1,1,0,0.00017693576,7,OOD_Class_6
I'd like to see the book City University of Hong Kong Law Review,5,5,0,0.0001975127,7,OOD_Class_6
Show the forecast for two years from now in Lake Telemark Sudan,2,2,0,0.000109911045,7,OOD_Class_6
I need a reservation for 8 at a top-rated restaurant in Hagaman,1,1,0,0.0001464188,7,OOD_Class_6
what films are at the closest movie theatre,6,5,1,0.00036166146,7,OOD_Class_6
Show me the television show The Science of Breath,5,5,0,0.00016290999,7,OOD_Class_6
What are the movie times at Caribbean Cinemas,6,5,1,0.00022015377,7,OOD_Class_6
Rate Battle Hymn of China five of 6 points,4,4,0,0.0001135143,7,OOD_Class_6
Please pull up the trailer for Stares and Whispers,5,5,0,0.00013192401,7,OOD_Class_6
please add this Rex Griffin tune to the Steampunk playlist,0,0,0,0.00015758607,7,OOD_Class_6
Is The Right to Strike playing at Star Theatres,6,3,1,0.00067846174,7,OOD_Class_6
add album to my classical essentials playlist,0,0,0,0.00016458439,7,OOD_Class_6
What animated movies are playing at IMAX Corporation,6,5,1,0.0014469246,7,OOD_Class_6
Give me the movie times at Warren Theatres .,6,5,1,0.00021427595,7,OOD_Class_6
find Careless Love,6,5,1,8.66095e-05,7,OOD_Class_6
Where is the nearest movie house that is playing Sirivantha,6,1,1,0.00115514,7,OOD_Class_6
Find a movie schedule for 12 hours from now .,6,5,1,0.00010579881,7,OOD_Class_6
Give me the weather forecast in Zimbabwe .,2,2,0,0.00010569997,7,OOD_Class_6
I would like to book a restaurant for two in 42 weeks from now in Wagram,1,1,0,0.00014159577,7,OOD_Class_6
I'm looking to book a reservation in Aruba at a place nearby .,1,1,0,0.00020057453,7,OOD_Class_6
I'd like a table for 10 at a distant place downtown for next fall,1,1,0,0.0001421918,7,OOD_Class_6
Is it supposed to be chilly in Boiling Spring Lakes ?,2,2,0,0.00012273605,7,OOD_Class_6
add agua y sal in Classic Jazz Funk,0,0,0,0.00018075743,7,OOD_Class_6
I'm looking for the television show titled Justice League,5,5,0,0.00012899973,7,OOD_Class_6
What's the weather forecast for Mansfield ?,2,2,0,0.0001110986,7,OOD_Class_6
Add the entire album into indie español,0,0,0,0.00016660373,7,OOD_Class_6
find movie times,6,5,1,8.661012e-05,7,OOD_Class_6
Find the movie schedule for the Cineplex Odeon Corporation .,6,5,1,0.00010518806,7,OOD_Class_6
Which movies are playing at the nearest cinema at twelve PM ?,6,3,1,0.0029889438,7,OOD_Class_6
Play music on Groove Shark .,3,3,0,0.00013650132,7,OOD_Class_6
Play the heinz strobl ep from 2016 on Groove Shark,3,3,0,0.00014318996,7,OOD_Class_6
What are the movie schedules for films in the area ?,6,5,1,0.0017079179,7,OOD_Class_6
rate Beyond the Shadows 3 of 6 stars,4,4,0,0.00011907829,7,OOD_Class_6
show movie times,6,5,1,0.00010304979,7,OOD_Class_6
Give The Lost Princess 3 stars .,4,4,0,0.00012095355,7,OOD_Class_6
I would give The Call of the Toad a value of zero and a best rating of 6,4,4,0,0.00012249764,7,OOD_Class_6
Include Hermann Baumann in my Texas Red Dirt list,0,0,0,0.000162257,7,OOD_Class_6
Play music from Alison Sudol,3,3,0,0.00013865078,7,OOD_Class_6
What are the movie times for animated movies in the neighbourhood,6,5,1,0.00022704115,7,OOD_Class_6
What is the movie schedule,6,5,1,0.00026154253,7,OOD_Class_6
Add bret mckenzie to my Pop Commute playlist,0,0,0,0.00015750865,7,OOD_Class_6
show me movie times,6,5,1,0.00011034106,7,OOD_Class_6
Add the current tune to my Evening Groove list,0,0,0,0.00017409053,7,OOD_Class_6
"find Love Will Tear Us Apart , a photograph",5,5,0,0.00010916472,7,OOD_Class_6
Put nothing remains the same on my summer music playlist,0,0,0,0.00017366245,7,OOD_Class_6
Find the schedule for To Shoot an Elephant at the nearest movie theatre .,6,5,1,0.00016034945,7,OOD_Class_6
Find animated movies at Landmark Theatres at dinner time.,6,5,1,0.00020898815,7,OOD_Class_6
Show me the Out with My Baby photograph,5,5,0,0.0001186097,7,OOD_Class_6
What time is Kickboxer showing at Cobb Theatres,6,5,1,0.00030307914,7,OOD_Class_6
What times is the 7 Faces of Dr. Lao showing at United Paramount Theatres,6,5,1,0.00018344856,7,OOD_Class_6
Play Lenny Kaye music.,3,3,0,0.00012611291,7,OOD_Class_6
Go to movie times at IMAX Corporation,6,5,1,0.00077261537,7,OOD_Class_6
show movie times at Megaplex Theatres,6,5,1,0.00020862023,7,OOD_Class_6
Will it be chillier in La Mesa ?,2,2,0,0.00011563871,7,OOD_Class_6
Find a television show called Basement Screams .,5,5,0,0.00011285211,7,OOD_Class_6
Find the schedule for films at Century Theatres .,6,5,1,0.00011283814,7,OOD_Class_6
I want to give the current novel zero points,4,4,0,0.0001363872,7,OOD_Class_6
rate the book A Brief History of Chinese Fiction 0 out of 6 points,4,4,0,0.00011907867,7,OOD_Class_6
What cinema has the closest movies,6,5,1,0.00037819435,7,OOD_Class_6
Play Shinehead 's music from the twenties on Slacker .,3,3,0,0.00014228573,7,OOD_Class_6
Find the nearest movie theatre that plays Sea Racketeers,6,5,1,0.00014857005,7,OOD_Class_6
"Book a table at the Eighth Step Coffee House that isn't too far from Vineyard Haven for candace phillips, debbie and sondra",1,1,0,0.00013956992,7,OOD_Class_6
Please play something on Iheart from artist Ari Gold last album,3,3,0,0.00012974301,7,OOD_Class_6
book in town for 3 at a restaurant outdoor that is not far,1,1,0,0.00013822292,7,OOD_Class_6
when is Good Will Evil playing at Loews Cineplex Entertainment,6,3,1,0.00065369403,7,OOD_Class_6
Where is the nearest movie theatre I can go watch films today?,6,5,1,0.0017063413,7,OOD_Class_6
Rate the current essay three of 6 points,4,4,0,0.000114405295,7,OOD_Class_6
Is there a storm now in NC ?,2,2,0,0.00011229914,7,OOD_Class_6
Play a sixties song .,3,3,0,0.00012884854,7,OOD_Class_6
Which animated movies are playing at the nearest movie house ?,6,5,1,0.00020656663,7,OOD_Class_6
Show me the nearest movies at movie theatre for twenty one o'clock,6,1,1,0.00027756373,7,OOD_Class_6
Add Claudine Longet to my Ultimate 00s palylist,0,0,0,0.00016402156,7,OOD_Class_6
What's the weather 1 minute from now in Mount Nimba Strict Nature Reserve,2,2,0,0.00011440148,7,OOD_Class_6
what's the closest movie theatre that is playing films,6,5,1,0.0011209053,7,OOD_Class_6
movie schedule at Cinemark Theatres,6,5,1,0.0013205128,7,OOD_Class_6
What films are playing at the nearest movie theatre,6,5,1,0.00046317966,7,OOD_Class_6
What movies are at Malco Theatres,6,5,1,0.00053090573,7,OOD_Class_6
what movies are showing in the neighborhood,6,5,1,0.00031910738,7,OOD_Class_6
Add this song to Blues Roots,0,0,0,0.0001549139,7,OOD_Class_6
What movie house is playing Something for the Birds,6,5,1,0.00014206309,7,OOD_Class_6
need a table somewhere in McLaurin Connecticut,1,1,0,0.00015626165,7,OOD_Class_6
I want a movie schedule .,6,5,1,0.00016526788,7,OOD_Class_6
When is Old Enough showing at the movie house ?,6,5,1,0.00013623675,7,OOD_Class_6
I want do you want to build a snowman in my Hip Hop 2017 New School playlist,0,0,0,0.00015996711,7,OOD_Class_6
play Signe Anderson chant music that is newest,3,3,0,0.00014381502,7,OOD_Class_6
find Time Squared,5,5,0,9.530709e-05,7,OOD_Class_6
Is Patrick Still Lives showing at AMC Theaters,6,5,1,0.0005764595,7,OOD_Class_6
Find the movie schedule for Dipson Theatres .,6,5,1,0.00010642546,7,OOD_Class_6
Rate Mouse Noses on Toast 5 points out of 6,4,4,0,0.00012309827,7,OOD_Class_6
Where can I see animated movies that's nearby ?,6,5,1,0.00017933646,7,OOD_Class_6
What time does Tie a Yellow Ribbon play at Magic Johnson Theatres ?,6,3,1,0.00057135115,7,OOD_Class_6
Find me the picture entitled I’ll Take Care of You .,5,5,0,0.00011966131,7,OOD_Class_6
I'd like to take a party of five today to a place in Colorado,1,1,0,0.000143539,7,OOD_Class_6
is it going to be hot in Luambe-Nationalpark,2,2,0,0.00011757499,7,OOD_Class_6
What movies are playing at the closest cinema,6,3,1,0.0008754307,7,OOD_Class_6
List movie times at Cinemark Theatres,6,5,1,0.00037606838,7,OOD_Class_6
Add an andy hurley album to my transatlantic lullaby list,0,0,0,0.00015720086,7,OOD_Class_6
forecast for Addo-Elefanten-Nationalpark,2,2,0,0.00011872406,7,OOD_Class_6
Find a painting called Boating on the River Epte .,5,5,0,0.00012130531,7,OOD_Class_6
Add Visible Wings to my playlist entre los andes,0,0,0,0.0001623505,7,OOD_Class_6
find a movie theatre with Beware of Bachelors,6,5,1,0.0001227315,7,OOD_Class_6
What animated movies can I see at AMC Theatres ?,6,5,1,0.00028608248,7,OOD_Class_6
show weather while Sunset in the same area in South Carolina,2,2,0,0.00010590642,7,OOD_Class_6
What time are the movie schedules,6,5,1,0.0015259812,7,OOD_Class_6
Open Pandora and play Reggaeton 2017 y Baila !,3,3,0,0.00018039726,7,OOD_Class_6
Rate this essay five stars,4,4,0,0.00010842252,7,OOD_Class_6
Will I be able to watch Camping-car at movie house at 6 pm ?,6,5,1,0.0009123162,7,OOD_Class_6
what time can I expect films to start at the Bow Tie Cinemas,6,5,1,0.0007379415,7,OOD_Class_6
what films are playing close by,6,5,1,0.00073606346,7,OOD_Class_6
What movies are playing in the area,6,5,1,0.0014782167,7,OOD_Class_6
Show me the movie schedules,6,5,1,0.00013798873,7,OOD_Class_6
What will the weather be in the Flight Park State Recreation Area ?,2,2,0,0.000113846276,7,OOD_Class_6
Find the movie schedule for animated movies in the area .,6,5,1,0.00013571682,7,OOD_Class_6
Play the Food Uncut soundtrack,5,5,0,0.00012847848,7,OOD_Class_6
Which animated movies are playing in the neighbourhood ?,6,5,1,0.00017166129,7,OOD_Class_6
Play playlist Chilled R&B,3,3,0,0.000117887255,7,OOD_Class_6
show movie schedules,6,5,1,0.00014510057,7,OOD_Class_6
is Traffic at the movie theatre,6,2,1,0.00030033832,7,OOD_Class_6
add naomi schemer to my Hanging Out and Relaxing,0,0,0,0.00021339617,7,OOD_Class_6
What time is Hitman City playing,6,5,1,0.00015444186,7,OOD_Class_6
I want to watch the movie Maxime,5,5,0,0.00015732863,7,OOD_Class_6
please put this track onto letha's signed xoxo playlist,0,0,0,0.00018137436,7,OOD_Class_6
is Cape Mount Nature Conservation Unit has storm weather,2,2,0,9.718054e-05,7,OOD_Class_6
Can I see Ellis Island Revisited in 1 minute,6,5,1,0.00031278376,7,OOD_Class_6
Please book me a table for next week at a top-rated restaurant,1,1,0,0.00014400069,7,OOD_Class_6
show me movies in the area,6,5,1,0.00054974156,7,OOD_Class_6
Show me movie times at Cooper Foundation .,6,5,1,0.00025486195,7,OOD_Class_6
find the game Gormenghast,5,5,0,0.000107788546,7,OOD_Class_6
show Air Cuan Dubh Drilseach,5,5,0,0.00012601115,7,OOD_Class_6
Book a table for 3 at a top-rated restaurant .,1,1,0,0.00016128988,7,OOD_Class_6
I want to book a restaurant in Bosnia and Herzegovina .,1,1,0,0.00067809393,7,OOD_Class_6
What are the current showtimes for Love Fiction ?,6,5,1,0.00019357802,7,OOD_Class_6
Rate The Honourable Jim a three,4,4,0,0.00010788812,7,OOD_Class_6
Find the movie schedule for movies close by .,6,5,1,0.0001128494,7,OOD_Class_6
find movie schedules for Dickinson Theatres,6,5,1,0.00012723847,7,OOD_Class_6
What is the weather forecast in Canfield at 222322,2,2,0,0.000114402435,7,OOD_Class_6
What is the weather looking like in Prosser on feb. the 18th ?,2,2,0,0.00011406812,7,OOD_Class_6
Will it blizzard today in Sint Maarten,2,2,0,0.00011197029,7,OOD_Class_6
when is Our Story showing next at North American Cinemas,6,5,1,0.00031284473,7,OOD_Class_6
Will there be a snowstorm in Taberville,2,2,0,0.00011440316,7,OOD_Class_6
find the album Smoke and Mirrors,5,5,0,0.00010852596,7,OOD_Class_6
Rate Therapy a zero,4,4,0,0.00011142645,7,OOD_Class_6
What time can I watch Son of Rambow Tonight at Fox Theatres,6,5,1,0.00012102048,7,OOD_Class_6
find Three in the Attic,6,5,1,0.00015326709,7,OOD_Class_6
Play my inventive playlist,3,3,0,0.00015015916,7,OOD_Class_6
what is the schedule for The Fox and the Child in cinema,6,5,1,0.0001333067,7,OOD_Class_6
Play the album Have Another Ball,3,3,0,0.00012943559,7,OOD_Class_6
What time is The Toll of the Sea playing,6,5,1,0.00017083327,7,OOD_Class_6
give zero out of 6 points to Marxism and the Oppression of Women,4,4,0,0.00012564723,7,OOD_Class_6
Tell me if it will storm at my current location,2,2,0,0.000102847895,7,OOD_Class_6
When is Watchman Vadivel playing?,6,5,1,0.00016429559,7,OOD_Class_6
add abrar ul haq to Confidence Boost,0,0,0,0.0001924071,7,OOD_Class_6
What is the local movie times,6,5,1,0.000120772864,7,OOD_Class_6
I would give Basic Battle Skills a rating of four,4,4,0,0.000113736394,7,OOD_Class_6
"find The Living Room Tapes , a TV series",5,5,0,0.000113181886,7,OOD_Class_6
add cross bones style to Guest List TaKe,0,0,0,0.00017864982,7,OOD_Class_6
What movie times are there for 5 p.m. ?,6,5,1,0.0013319063,7,OOD_Class_6
Find Fish Story,6,5,1,0.00010125932,7,OOD_Class_6
What's the forecast for Pipe Spring National Monument ?,2,2,0,0.0001144013,7,OOD_Class_6
Where will The Blonde from Peking be playing,6,3,1,0.0005091759,7,OOD_Class_6
Which animated movies are playing in the neighbourhood and when?,6,5,1,0.00018484445,7,OOD_Class_6
Find movie schedules for close by films .,6,5,1,0.00013270385,7,OOD_Class_6
Add david axelrod to my Futuros Hits list,0,0,0,0.00015991193,7,OOD_Class_6
play classic rock on Slacker,3,3,0,0.00012973914,7,OOD_Class_6
Will it be chilly at 4 in Druid Hills AMerican Samoa,2,2,0,0.00012047718,7,OOD_Class_6
I'd like to hear the song Impractical Jokers UK,5,5,0,0.00017571155,7,OOD_Class_6
I need a reservation for The French Laundry in OH for six,1,1,0,0.000158297,7,OOD_Class_6
What is the AMC Theaters movie schedule ?,6,5,1,0.0001431659,7,OOD_Class_6
Add this artist to my garage jams,0,0,0,0.00015967718,7,OOD_Class_6
add track Nature Noise to my playlist,0,0,0,0.0001685707,7,OOD_Class_6
find a movie theatre with Intersections that is nearest,6,5,1,0.00038408954,7,OOD_Class_6
show me the schedule of movie Thirty Two Short Films About Glenn Gould in 14 minutes,6,5,1,0.00019287373,7,OOD_Class_6
Which cinema is currently showing The Youngest Profession ?,6,5,1,0.00021672253,7,OOD_Class_6
Find The Boys in the Band .,5,5,0,0.00012118504,7,OOD_Class_6
How will the weather be on May 9 in Wyoming ?,2,2,0,0.00011395709,7,OOD_Class_6
find a cinema closest with animated movies,6,5,1,0.00016446001,7,OOD_Class_6
where is Ennarukil Nee Irunthal playing,6,3,1,0.00015859026,7,OOD_Class_6
find the nearest movie house with Pirates of the 20th Century,6,5,1,0.00013518194,7,OOD_Class_6
What cinema is the closest showing movies,6,5,1,0.00038098957,7,OOD_Class_6
Book restaurnt at N9NE Group in Loogootee UT,1,1,0,0.00013474577,7,OOD_Class_6
What films are scheduled at the closest cinema ?,6,1,1,0.0034131508,7,OOD_Class_6
Show the times for Cheers for Miss Bishop at Dipson Theatres .,6,5,1,0.00017630693,7,OOD_Class_6
Is Any Which Way You Can playing in 15 seconds,6,3,1,0.00022735017,7,OOD_Class_6
show the movies at the nearest movie house,6,5,1,0.00044435507,7,OOD_Class_6
What time is Death Nurse showing,6,5,1,0.00013580867,7,OOD_Class_6
Add artist to laundry,0,0,0,0.00018549479,7,OOD_Class_6
Please get seating for me and my children,1,1,0,0.0003587405,7,OOD_Class_6
What time is Pussyfoot playing at Pacific Theatres ?,6,3,1,0.00063803955,7,OOD_Class_6
add what if punk never happened to autumn,0,0,0,0.00021234454,7,OOD_Class_6
show movie schedule for animated movies in the neighborhood,6,5,1,0.0001305177,7,OOD_Class_6
I want to hear a nineties track by stat quo on Deezer,3,3,0,0.00014097373,7,OOD_Class_6
give me the movie times for Fox Theatres,6,5,1,9.987394e-05,7,OOD_Class_6
Check the weather for Faroe Islands .,2,2,0,9.919713e-05,7,OOD_Class_6
Find the movie schedules for movies close by,6,5,1,0.00012988009,7,OOD_Class_6
add farruko presenta los menores to my amor amor playlist,0,0,0,0.00016931252,7,OOD_Class_6
book a spot that is faraway from the Municipal Borough of Farnworth in 16 minutes,1,1,0,0.00022838451,7,OOD_Class_6
Is it supposed to be chilly in Kuwait ?,2,2,0,0.000122019934,7,OOD_Class_6
Will it get windy in Ocean Breeze Park ?,2,2,0,0.00011809244,7,OOD_Class_6
whats the closest movie house showing Medal of Honor,6,5,1,0.00015236487,7,OOD_Class_6
Please look up for Disney Universe .,5,5,0,0.00013493044,7,OOD_Class_6
What is Dear Old Girl Cooper Foundation,6,5,1,0.00014236191,7,OOD_Class_6
Can I get the showtimes for films at Malco Theatres .,6,5,1,0.00046594682,7,OOD_Class_6
Play music from 2005 by Justin Broadrick,3,3,0,0.00015043006,7,OOD_Class_6
find the closest movie theatre with films,6,5,1,0.00014261845,7,OOD_Class_6
Let me see the movie schedule for Seed of Chucky,6,5,1,0.00011768603,7,OOD_Class_6
Will it be chilly at Boggs Mountain Demonstration State Forest,2,2,0,0.000110234985,7,OOD_Class_6
find a Loews Cineplex with films,6,5,1,0.00012770598,7,OOD_Class_6
I need an animated movies in the area for dinner time,6,5,1,0.00083735614,7,OOD_Class_6
Please put the album onto fresh folk .,0,0,0,0.0002027258,7,OOD_Class_6
"Will it be warmer in the District Of Columbia on may 25, 2033 ?",2,2,0,0.00012613622,7,OOD_Class_6
What is the TV series in App Store,5,5,0,0.00013974492,7,OOD_Class_6
Is it colder faraway from my current spot ?,2,2,0,0.000117341675,7,OOD_Class_6
is These Girls at the cinema,6,2,1,0.0013051896,7,OOD_Class_6
Play music from the artist Joe Sample,3,3,0,0.00013101457,7,OOD_Class_6
Check the timings for Snowbound at the closest movie theatre .,6,5,1,0.0012408337,7,OOD_Class_6
give a 1 to A Thousand Lies,4,4,0,0.00012273648,7,OOD_Class_6
when is Hefner Unauthorized showing at Magic Johnson Theatres,6,5,1,0.00017078867,7,OOD_Class_6
What films are playing at Dipson Theatres and when,6,5,1,0.0010234241,7,OOD_Class_6
I want to watch The Original Recordings,5,5,0,0.00030466737,7,OOD_Class_6
is it chillier at Narew National Park,2,2,0,0.00011440206,7,OOD_Class_6
what movies are around here,6,5,1,0.00022882553,7,OOD_Class_6
What's the weather here ?,2,2,0,0.000115976,7,OOD_Class_6
I'd like t add Day After Day to evangeline's Party of the Century playlist,0,0,0,0.00017811687,7,OOD_Class_6
add an album in Sweet Soul Chillout,0,0,0,0.00017873755,7,OOD_Class_6
Find the schedule for Great Mail Robbery .,6,5,1,0.000106741725,7,OOD_Class_6
add darkest angels to my SOS 48 2016,0,0,0,0.00018923548,7,OOD_Class_6
What's the weather in Kiahsville in the Cayman Islands,2,2,0,0.000110990026,7,OOD_Class_6
Use Itunes to play music,3,3,0,0.00011471498,7,OOD_Class_6
Play Gary Chapman music from the fifties,3,3,0,0.00013127289,7,OOD_Class_6
Showtimes for the Alamo Drafthouse Cinema for todays movies .,6,5,1,0.00050885713,7,OOD_Class_6
Book a highly rated restaurant .,1,1,0,0.0001197611,7,OOD_Class_6
"book tea at The Hamburger Wagon for 3 vickie reed, melody and I in Georgia",1,1,0,0.00017413609,7,OOD_Class_6
where can i watch Wartime Romance in the morning,6,5,1,0.00010947663,7,OOD_Class_6
What time will the Amco Entertainment be plying The Teeth of the Tiger,6,2,1,0.0009417176,7,OOD_Class_6
Find the movie schedule at twelve AM .,6,5,1,9.3914736e-05,7,OOD_Class_6
Give Whispers in the Graveyard a five .,4,4,0,0.00012418287,7,OOD_Class_6
What is the nearest movie house playing The Miracle Rider,6,5,1,0.00015210653,7,OOD_Class_6
Find the Three Little Pigs television show,5,5,0,0.00010768437,7,OOD_Class_6
find the nearest animated movies at a movie theatre,6,5,1,0.00018502181,7,OOD_Class_6
"I need a top-rated gastropub for 5 in DC in Conshohocken on Jul. the 18th, 2024",1,1,0,0.00013713195,7,OOD_Class_6
Is it supposed to snow in NV,2,2,0,0.00011518713,7,OOD_Class_6
find meal time movie times close by for movies,6,5,1,0.00011653641,7,OOD_Class_6
Can I get the movie schedules for Landmark Theatres,6,5,1,0.0001292258,7,OOD_Class_6
book a spot for elise and alma at a brasserie in Ravensdale MH for this week,1,1,0,0.00014720182,7,OOD_Class_6
what movie is playing at Showcase Cinemas,6,5,1,0.00027827843,7,OOD_Class_6
show creative game Elements of Life Remixed,5,5,0,0.00015882324,7,OOD_Class_6
Tell me if there's be a depression in Brazil,2,2,0,0.00015124948,7,OOD_Class_6
"What are the weather conditions going to be like in Manhasset , Vermont on Dec. the 6th, 2036 ?",2,2,0,0.000122376,7,OOD_Class_6
Book a restaurant that serves capicollo in Kit Carson with ilene and aisha .,1,1,0,0.00013672365,7,OOD_Class_6
find Reproductions Songs of The Human League,5,5,0,0.0001319309,7,OOD_Class_6
what movies are playing in the area ?,6,5,1,0.0010924871,7,OOD_Class_6
I'd like to watch Demolition Man at 1109 PM,6,5,1,0.0003004358,7,OOD_Class_6
Can you find the book Beatmania IIDX 10th Style,5,5,0,0.000120590514,7,OOD_Class_6
Where is The Toxic Avenger II playing,6,5,1,0.00012611737,7,OOD_Class_6
I would like a cafeteria at 104151 am for seven,1,1,0,0.00013265376,7,OOD_Class_6
showings for animated movies in the area,6,5,1,0.00059933687,7,OOD_Class_6
Find movie schedule for animated movies in the area,6,5,1,0.00013558284,7,OOD_Class_6
Is The Suicide Shop playing at Southern Theatres,6,3,1,0.00069501053,7,OOD_Class_6
I need a reservation for an indoor restaurant in China,1,1,0,0.00014104132,7,OOD_Class_6
I'd like to see movie times for animated movies playing in the neighborhood that are starting now .,6,5,1,0.0002971669,7,OOD_Class_6
When is Game in the Sand playing at the movie house ?,6,5,1,0.00011262158,7,OOD_Class_6
Show me a copy of the picture Double Deal .,5,5,0,0.00016816088,7,OOD_Class_6
What is the current temperature here,2,2,0,0.00013745624,7,OOD_Class_6
I'd like to watch the trailer for As Tears Go By,5,5,0,0.00012770174,7,OOD_Class_6
What animated movies are playing at KB Theatres,6,5,1,0.0014657264,7,OOD_Class_6
rate the current textbook 4 of 6 points,4,4,0,0.00011654753,7,OOD_Class_6
I give Jonathan Livingston le goéland 2 of 6 points,4,4,0,0.00012237785,7,OOD_Class_6
I'm looking for a table of eight at The Alley .,1,1,0,0.0004718629,7,OOD_Class_6
What animated movies are playing AMC Theaters,6,5,1,0.0003641283,7,OOD_Class_6
add the essential jacksons to my Perfect Concentration,0,0,0,0.00016741994,7,OOD_Class_6
Add Roots of the Outsiders to Blues Roots,0,0,0,0.00018933379,7,OOD_Class_6
Rate The Agent of Death with five stars out of 6,4,4,0,0.00011757687,7,OOD_Class_6
Rate this essay a four,4,4,0,0.000105807536,7,OOD_Class_6
Find The Creeper .,5,5,0,0.00011307207,7,OOD_Class_6
Show me the closest movie house that plays That Night in Rio,6,5,1,0.00022055604,7,OOD_Class_6
Play something off my New Boots playlist,3,3,0,0.00013972631,7,OOD_Class_6
What films are playing at Pacific Theatres,6,5,1,0.0012745893,7,OOD_Class_6
I need to book a restaurant at supper time in IL,1,1,0,0.00015400069,7,OOD_Class_6
I want a table for eight at GU,1,1,0,0.00017807558,7,OOD_Class_6
What time is Trouble Every Day playing,6,5,1,0.000514289,7,OOD_Class_6
add this song to my southern gothic playlist,0,0,0,0.00015243866,7,OOD_Class_6
Please play something on Last Fm,3,3,0,0.0001233144,7,OOD_Class_6
Find me Under the Skin,5,5,0,0.00010335449,7,OOD_Class_6
Reservea  table for five people on september second in Gabon .,1,1,0,0.00015294572,7,OOD_Class_6
Where can I find The World According to Paris ?,5,5,0,0.00010580629,7,OOD_Class_6
Give me a link to the saga called Copper – Justice is brutal,5,5,0,0.00012502905,7,OOD_Class_6
give a zero rating to May We Borrow Your Husband ?,4,4,0,0.000120832534,7,OOD_Class_6
Find a painting called Beyond the Neighbourhood .,5,5,0,0.00011142716,7,OOD_Class_6
I rate three points for the book The Early Coorgs,4,4,0,0.00011263038,7,OOD_Class_6
what is the forecast for Costa Rica,2,2,0,0.00011384497,7,OOD_Class_6
show movie schedules for animated movies in the neighbourhood,6,5,1,0.00018905126,7,OOD_Class_6
Play the greatest Nicholaus Arson concerto from around 2000,3,3,0,0.00014235375,7,OOD_Class_6
What time is the closet cinema playing movies the closest,6,5,1,0.00015354562,7,OOD_Class_6
Will it be warmer in five years in Slemp Kansas,2,2,0,0.00011473873,7,OOD_Class_6
Is Hercules and Xena The Battle for Mount Olympus playing at the closest cinema,6,5,1,0.0003843578,7,OOD_Class_6
Where can I find the movie schedules ?,6,5,1,0.00010768003,7,OOD_Class_6
Play Praise The Lord And Pass The Ammunition .,3,3,0,0.00037709612,7,OOD_Class_6
Play any song from the eighties,3,3,0,0.00013702863,7,OOD_Class_6
Rate this textbook 5 out of 6 points,4,4,0,0.00011734663,7,OOD_Class_6
I'm wondering when I can see Hurry Sundown .,6,5,1,0.0002475752,7,OOD_Class_6
Find a soundtrack called I Still Believe in You .,5,5,0,0.00010325678,7,OOD_Class_6
Give ma list of films at Harkins Theatres,6,5,1,0.00041119126,7,OOD_Class_6
Give me the current showtimes for Tarass Boulba .,6,3,1,0.00070589484,7,OOD_Class_6
I'd like to see the showtimes for Silly Movie 2.0 at the movie house,6,5,1,0.00020678621,7,OOD_Class_6
Will there be a blizzard at 2 am in my current place,2,2,0,0.000113400994,7,OOD_Class_6
What will the weather be doing at midnight in Brazil ?,2,2,0,0.00011580893,7,OOD_Class_6
I'd like to hear the song Daimidaler Prince vs Penguin Empire,5,5,0,0.00022864991,7,OOD_Class_6
Give me the movie schedule for Cineplex Odeon Corporation,6,5,1,0.00011698224,7,OOD_Class_6
Find movie schedules for movies around here at nineteen o'clock .,6,5,1,0.0002239154,7,OOD_Class_6
What time is Bloody Twilight playing?,6,5,1,0.0012019587,7,OOD_Class_6
1 points for Victory for Us Is to See You Suffer,4,4,0,0.00016674829,7,OOD_Class_6
i give the following textbook three points,4,4,0,0.00011989464,7,OOD_Class_6
What time is Irreconcilable Differences playing Regal Entertainment Group,6,5,1,0.00089546683,7,OOD_Class_6
When is Janeane from Des Moines playing at the nearest movie theatre ?,6,3,1,0.0003681124,7,OOD_Class_6
Rate my current essay zero out of 6,4,4,0,0.00011711797,7,OOD_Class_6
what's the closest movie house showing The Legend of Ben Hall,6,5,1,0.00016504285,7,OOD_Class_6
Book an osteria that serves blini for 9 people.,1,1,0,0.0001641493,7,OOD_Class_6
What is the movie schedule looking like,6,5,1,0.0013526524,7,OOD_Class_6
What movies are playing at AMC Theatres ?,6,5,1,0.0010926123,7,OOD_Class_6
Is the film Goodrich Quality Theaters playing at 1226 AM ?,6,5,1,0.00026928112,7,OOD_Class_6
What movies are playing at the closest movie theatre,6,5,1,0.0008615361,7,OOD_Class_6
Is Bartok the Magnificent playing at seven AM ?,6,3,1,0.00023400449,7,OOD_Class_6
Is The Belles of St. Clements playing at Star Theatres in 8 minutes ?,6,5,1,0.0012204491,7,OOD_Class_6
Play dhafer youssef top-twenty on netflix,3,3,0,0.00014838426,7,OOD_Class_6
Is Flow For Love of Water playing at Southern Theatres at 2 am,6,3,1,0.00019928973,7,OOD_Class_6
play David Banner on Netflix,3,3,0,0.0001328137,7,OOD_Class_6
What time will the closest movie house be playing Mark Shoots First,6,2,1,0.0007518216,7,OOD_Class_6
show the movie schedules,6,5,1,0.00013426723,7,OOD_Class_6
What are the movie schedules for animated movies playing in the neighborhood,6,5,1,0.00036633183,7,OOD_Class_6
add this song to my Love Hurts playlist,0,0,0,0.00015491362,7,OOD_Class_6
How much humidity is there in UT ?,2,2,0,0.0001194848,7,OOD_Class_6
rate tune to my natalie macmaster viajes,0,0,0,0.0002540011,7,OOD_Class_6
I'd like to watch Nathan the Wise at the closest movie house,6,5,1,0.0009871174,7,OOD_Class_6
find a show called The Paper Route,5,5,0,9.4567455e-05,7,OOD_Class_6
Where is Project A Part II playing?,6,5,1,0.00010304189,7,OOD_Class_6
Find the schedule for movies at the Megaplex Theatres .,6,5,1,0.00012035218,7,OOD_Class_6
Show me the closest movie house playing An Unfinished Life at eight pm .,6,5,1,0.00021563758,7,OOD_Class_6
show movies at the nearest movie house,6,5,1,0.00067856093,7,OOD_Class_6
Play good Pure Soul on netflix,3,3,0,0.00013011966,7,OOD_Class_6
When is One by One playing?,6,3,1,0.0005457332,7,OOD_Class_6
I'd like to watch films at Marcus Corporation at twelve P.M.,6,1,1,0.004647199,7,OOD_Class_6
Find a soundtrack called The Outpost .,5,5,0,0.00010467725,7,OOD_Class_6
Find the movie schedule for close by films .,6,5,1,0.00010436916,7,OOD_Class_6
what films are showing nearby,6,5,1,0.0006125127,7,OOD_Class_6
Add this tune to the Leche con Chocolate playlist,0,0,0,0.00015983346,7,OOD_Class_6
When can I see The Crew of the Dora,6,5,1,9.9391546e-05,7,OOD_Class_6
Please book me a table for three at an american gastropub,1,1,0,0.00018993739,7,OOD_Class_6
Fine movie schedules for Speakeasy Theaters .,6,5,1,0.0004768589,7,OOD_Class_6
I would rate Tree of Smoke a value of two or a best rating of 6,4,4,0,0.00011373635,7,OOD_Class_6
Let me know the weather forecast around ten Pm faraway from here in Park Narodowy Brimstone Hill Fortress .,2,2,0,0.00011034108,7,OOD_Class_6
Can I get the Butterfly Crush showings,6,5,1,0.00011529723,7,OOD_Class_6
find films at Alamo Drafthouse Cinema,6,5,1,0.00013463208,7,OOD_Class_6
Is The Angelus playing at the movie house at dinner time?,6,5,1,0.00028324933,7,OOD_Class_6
show movie schedule of films in the area,6,5,1,0.0001473091,7,OOD_Class_6
Find the movie schedule for films in the area .,6,5,1,0.0001300081,7,OOD_Class_6
susanne and carey phillips want to go to a brasserie not far from Pricedale that serves southern brazilian,1,1,0,0.00017114924,7,OOD_Class_6
find movie schedules at Goodrich Quality Theaters,6,5,1,0.0001376135,7,OOD_Class_6
Find movie times for animated movies in the area .,6,5,1,0.00016061142,7,OOD_Class_6
book a popular restaurant of thai cuisine,1,1,0,0.00012230103,7,OOD_Class_6
Where the The Housemaid playing and when,6,5,1,0.00016010847,7,OOD_Class_6
Find the schedule for Fear Chamber .,6,5,1,0.000112409885,7,OOD_Class_6
I want to hear Ready by Frankenstein Drag Queens From Planet 13,3,3,0,0.00012488556,7,OOD_Class_6
"I want to book a spot at a bar in Henniker , North Dakota .",1,1,0,0.00016685696,7,OOD_Class_6
can I get the movie times,6,5,1,8.4931045e-05,7,OOD_Class_6
Where the Sky Meets the Land time playing,6,5,1,9.3913906e-05,7,OOD_Class_6
What movie schedule ?,6,5,1,0.00014358546,7,OOD_Class_6
What is the movie schedule for the B&B Theatres,6,5,1,0.000212316,7,OOD_Class_6
Put some frank ferrer into my edna st vincent millay playlist.,0,0,0,0.00017978731,7,OOD_Class_6
Is The Big Job playing at the nearest cinema ?,6,5,1,0.0012311022,7,OOD_Class_6
What are the movie times for animated movies playing close by,6,5,1,0.0004554438,7,OOD_Class_6
What time is AMC Theaters playing Unnikrishnante Adyathe Christmas,6,5,1,0.00013253477,7,OOD_Class_6
Is Arthur 2 – On the Rocks playing at 2044 ?,6,3,1,0.00040831938,7,OOD_Class_6
I want to see Married to the Enemy 2 at a cinema .,6,5,1,0.00053238333,7,OOD_Class_6
Give me the movie listings at the closest cinema please.,6,5,1,0.0014713196,7,OOD_Class_6
What's the weather in Wisconsin on National Maritime Day,2,2,0,0.00012387932,7,OOD_Class_6
Find the movie schedules for Cobb Theatres .,6,5,1,0.000114398856,7,OOD_Class_6
play a john maher track,3,3,0,0.00013307457,7,OOD_Class_6
Show me The Heart Specialist,5,5,0,0.00013141414,7,OOD_Class_6
Please make reservations for a bar close-by in Lake Alfred .,1,1,0,0.00014369562,7,OOD_Class_6
Is Fighting With Buffalo Bill playing at the closest movie house,6,5,1,0.00060325064,7,OOD_Class_6
what movie theatre closest to me is playing animated movies and when,6,5,1,0.00044376266,7,OOD_Class_6
Rate this textbook 2 points .,4,4,0,0.00011643335,7,OOD_Class_6
What is the local movie schedule,6,5,1,0.00025180134,7,OOD_Class_6
I need movie schedules,6,5,1,0.00015463708,7,OOD_Class_6
find Partners in Action at Dickinson Theatres,6,5,1,0.00016059887,7,OOD_Class_6
book indian food at a highly rated pub for 1 for 0222 pm,1,1,0,0.00014233642,7,OOD_Class_6
Show me The Courts of Chaos,5,5,0,0.00014674333,7,OOD_Class_6
"I want to see Those Kids from Town , when will it be showing?",6,5,1,0.0014095249,7,OOD_Class_6
I'd like to eat at the Original Spanish Kitchen in North Carolina,1,1,0,0.00015578874,7,OOD_Class_6
give me the movie schedules for Southern Theatres,6,5,1,0.00017693243,7,OOD_Class_6
What time is High Spirits playing?,6,5,1,0.0004849069,7,OOD_Class_6
Book a reservation for nine people at a bakery in Nunez,1,1,0,0.00014698633,7,OOD_Class_6
play the newest ep from the sixties,3,3,0,0.00014179837,7,OOD_Class_6
"book for six on jan. 18, 2029",1,1,0,0.00011168301,7,OOD_Class_6
what time is The Dungeonmaster playing at AMC Theaters,6,5,1,0.0008388167,7,OOD_Class_6
give me the Morning movie schedules,6,5,1,0.00013648704,7,OOD_Class_6
I need a movie schedule for nearby animated movies,6,5,1,0.00019311706,7,OOD_Class_6
Is it warm in Vietnam,2,2,0,0.00011219064,7,OOD_Class_6
what are the movie schedules for Great Escape Theatres,6,5,1,0.00020693163,7,OOD_Class_6
I need the weather in ND in three hundred fifty one days,2,2,0,0.00010335286,7,OOD_Class_6
rate The Pagan Christ zero points out of 6,4,4,0,0.000115753646,7,OOD_Class_6
how cold is it in Princeton Junction,2,2,0,0.000115300754,7,OOD_Class_6
I want to rate my current book three out of 6 points,4,4,0,0.00011296201,7,OOD_Class_6
Lets eat near Oakfield 17 seconds from now at Ted Peters Famous Smoked Fish,1,1,0,0.00015591933,7,OOD_Class_6
play Soheila Zaland,3,3,0,0.00011904564,7,OOD_Class_6
When is Sea of Fear being shown at the closest movie theatre ?,6,5,1,0.0002536983,7,OOD_Class_6
what films are playing at the nearest movie house,6,5,1,0.00038945198,7,OOD_Class_6
I'd like to see the movie schedule for movies in the area,6,5,1,0.00026318326,7,OOD_Class_6
what is the forecast for january twenty-eighth in Kentmore Park,2,2,0,0.00011855375,7,OOD_Class_6
find films closest to a cinema,6,5,1,0.00013478406,7,OOD_Class_6
Find Conker Live and Reloaded,5,5,0,0.00010325304,7,OOD_Class_6
I give The Logic of Sense a zero,4,4,0,0.00014085339,7,OOD_Class_6
I'd like to watch The Utopian Society,6,5,1,0.00018073493,7,OOD_Class_6
Find a reservation at Boone Tavern for 4 people in 1024,1,1,0,0.00011336052,7,OOD_Class_6
What films are playing around here,6,5,1,0.00040452156,7,OOD_Class_6
Show the Sad Songs for Dirty Lovers album,5,5,0,0.00013374681,7,OOD_Class_6
add this track to Punk Rock Workout,0,0,0,0.00017691591,7,OOD_Class_6
I need a table in TN that's not to far for a party of ten,1,1,0,0.00013765118,7,OOD_Class_6
add megon mcdonough indie songs for slackers to my playlist artist,0,0,0,0.00017648547,7,OOD_Class_6
Play a new song form the eighties,3,3,0,0.00012834725,7,OOD_Class_6
Book a reservation for a trentino restaurant in Kansas,1,1,0,0.00012999088,7,OOD_Class_6
Add The Stars and Stripes Forever to the soulful disco playlist.,0,0,0,0.00016092701,7,OOD_Class_6
I need a table for 4 in Pelland,1,1,0,0.0001423307,7,OOD_Class_6
I need a movie schedule for any films playing close by,6,5,1,0.00016168189,7,OOD_Class_6
What animated movies are playing at the Magic Johnson Theatres,6,5,1,0.00039323902,7,OOD_Class_6
I would rate this current series I'm reading a two out of 6,4,4,0,0.000114403665,7,OOD_Class_6
in the neighbourhood find movies with movie times,6,5,1,0.00013730371,7,OOD_Class_6
Is it going to be colder in Queen Anne on Mon .?,2,2,0,0.000118207,7,OOD_Class_6
Look for the Compact Forest Proposal trailer,5,5,0,0.00011044613,7,OOD_Class_6
I need to book a table at The Star Inn that's within walking distance from my place in Ashland,1,1,0,0.00016769792,7,OOD_Class_6
What time is Last Exit to Brooklyn playing at movie house ?,6,5,1,0.00016163991,7,OOD_Class_6
play the game Piety Street,5,5,0,0.00016699245,7,OOD_Class_6
Play me a song by Dj Paul Elstak in 1988 on Zvooq,3,3,0,0.0001240442,7,OOD_Class_6
movie schedule for Harkins Theatres,6,5,1,0.00013950764,7,OOD_Class_6
Show me the movie times for what's playing now,6,5,1,0.00010184651,7,OOD_Class_6
"I want to give Rebbe The Life and Teachings of Menachem M. Schneerson, the Most Influential Rabbi in Modern History two out of 6 points",4,4,0,0.00012737555,7,OOD_Class_6
I need a reservation in 1 second in Atlas with a party of nine,1,1,0,0.00014996646,7,OOD_Class_6
Play music off the track Child Maurice,3,3,0,0.00012487538,7,OOD_Class_6
I'd like to watch films in 23 hours in the neighborhood,6,5,1,0.00084037095,7,OOD_Class_6
Can you help me find the Author! Author ! trailer ?,5,5,0,0.00013362101,7,OOD_Class_6
What time is are movies at the closest movie theatre,6,5,1,0.0019372228,7,OOD_Class_6
I'd like to go to a pizzeria within walking distance of Hutchinson,1,1,0,0.00012553492,7,OOD_Class_6
Make me a reservation in Hardesty at a joint the is indoor,1,1,0,0.00012857803,7,OOD_Class_6
is it warm in Fernandina Beach Slovakia,2,2,0,0.00011654263,7,OOD_Class_6
What time is The Riders of the Whistling Skull playing at Magic Johnson Theatres,6,5,1,0.0002739388,7,OOD_Class_6
I have six people who would like to eat at a cafe that serves american chinese cuisine in TX .,1,1,0,0.00016599172,7,OOD_Class_6
Can you add a song by Bill Frisell to my Top Latin Alternative playlist,0,0,0,0.00015348266,7,OOD_Class_6
What theater is playing Death Drums Along the River at 5 PM,6,3,1,0.00059360394,7,OOD_Class_6
I would rate this essay four stars,4,4,0,0.00010937968,7,OOD_Class_6
"rate the book A Girl, a Man, and a River a five",4,4,0,0.000110020475,7,OOD_Class_6
Weather for Swaziland,2,2,0,0.000103252525,7,OOD_Class_6
Find me the movie schedule for ArcLight Hollywood,6,5,1,9.438251e-05,7,OOD_Class_6
Can you find me Cracks the Safe ?,5,5,0,0.00012357821,7,OOD_Class_6
I'd like a table for Midday at The Unseen Bean,1,1,0,0.00014870732,7,OOD_Class_6
"I'd like a table for ten in 2 minutes at French Horn, Sonning Eye",1,1,0,0.00014685042,7,OOD_Class_6
Look for the High Noon TV show,5,5,0,9.671696e-05,7,OOD_Class_6
show me the schedule of movie Interview The Documentary in Loews Cineplex,6,5,1,0.00016029243,7,OOD_Class_6
Search for the television show Me and my guitar,5,5,0,0.00011023721,7,OOD_Class_6
rate Mandela The Authorised Biography a one,4,4,0,9.577275e-05,7,OOD_Class_6
"find Bells Break Their Towers , a video game",5,5,0,0.00016354484,7,OOD_Class_6
Where is the closest cinema that is playing The Honeymoon Killers,6,1,1,0.0019469731,7,OOD_Class_6
where's the nearest movie house playing No Trains No Planes,6,5,1,0.00025613638,7,OOD_Class_6
Restaurant near in town uses in two years,1,1,0,0.000108206674,7,OOD_Class_6
I need a table for 9,1,1,0,0.00016916686,7,OOD_Class_6
give 4 out of 6 stars to this textbook,4,4,0,0.00011654696,7,OOD_Class_6
add the artist Jamie T to hallie's winter music playlist,0,0,0,0.00016840445,7,OOD_Class_6
Where can I purchase the saga The Second Life of Samuel Tyne,5,5,0,0.0001246621,7,OOD_Class_6
Book the tea house on North River,1,1,0,0.00012998938,7,OOD_Class_6
play the Discografia de The Pretty Reckless saga,5,5,0,0.00019973941,7,OOD_Class_6
out of 6 The Black Unicorn rates points of 2,4,4,0,0.00012130876,7,OOD_Class_6
find The World Is Ours at a movie theatre,6,5,1,0.0001297387,7,OOD_Class_6
I'd like to book a table at a restaurant for a group of 4,1,1,0,0.00013111735,7,OOD_Class_6
I wish to listen to some instrumental music.,3,3,0,0.00012171607,7,OOD_Class_6
Find time for films at the North American Cinemas,6,5,1,0.00012332098,7,OOD_Class_6
book Itsu for Tonight,1,1,0,0.00013772829,7,OOD_Class_6
add the wee wee man to pamela's Stress Relief playlist,0,0,0,0.00016330152,7,OOD_Class_6
I would rate this book 3 points out of 6,4,4,0,0.00011131861,7,OOD_Class_6
add this Michael V track to my Folk & Americana,0,0,0,0.00017838921,7,OOD_Class_6
I need to see the movie schedules,6,5,1,0.00019713496,7,OOD_Class_6
When is Dead Birds playing?,6,5,1,0.00016108365,7,OOD_Class_6
What animated movies are there nearby ?,6,5,1,0.00025002257,7,OOD_Class_6
"Please search for the work, Wholehearted .",5,5,0,9.662035e-05,7,OOD_Class_6
show creative song called Holidays on the River Yarra,5,5,0,0.00011440122,7,OOD_Class_6
Find the schedule for Metallica Through the Never .,6,5,1,9.633942e-05,7,OOD_Class_6
Grab a table at a restaurant in Minnesota that serves ice cream cake,1,1,0,0.00013410073,7,OOD_Class_6
Can I get the movie schedules for Marcus Corporation .,6,5,1,0.00013038267,7,OOD_Class_6
Where is the closest movie theatre playing Mighty Baby now,6,5,1,0.000187027,7,OOD_Class_6
play a track by Mila Islam from Deezer,3,3,0,0.00014138578,7,OOD_Class_6
Book me a table at a Tartinery Restaurant not far from my home in Elk Rapids .,1,1,0,0.00014719654,7,OOD_Class_6
"Can I get a restaurant reserved in Luquillo , District Of Columbia ?",1,1,0,0.00018080258,7,OOD_Class_6
add the song to my We Everywhere playlist,0,0,0,0.00015058734,7,OOD_Class_6
Fine the movie schedules for the Wanda Group .,6,5,1,0.0001553436,7,OOD_Class_6
When is Just Before Nightfall playing?,6,5,1,0.00076538057,7,OOD_Class_6
where is the nearest movie theatre showing movies,6,1,1,0.0018213076,7,OOD_Class_6
Search for Ayumi Hamasaki Countdown Live 2007–2008 Anniversary song,5,5,0,0.00011449966,7,OOD_Class_6
Give me Pacific Theatres movie schedules,6,5,1,0.000136229,7,OOD_Class_6
book a spot for 8 in Hungary on february the 14th,1,1,0,0.00012682476,7,OOD_Class_6
Is it humid in Otsego Réunion,2,2,0,0.000110234905,7,OOD_Class_6
What films can I see at Malco Theatres ?,6,5,1,0.0002903867,7,OOD_Class_6
List movie schedule,6,5,1,0.00015028413,7,OOD_Class_6
Add teriazume to the nação reggae playlist,0,0,0,0.0001718088,7,OOD_Class_6
Can you get me seating for 5 people 1 minute from now in Tuvalu,1,1,0,0.00017620822,7,OOD_Class_6
Add a tune to the Calm Vibes playlist.,0,0,0,0.00016022325,7,OOD_Class_6
Add Milas Poli to my Indie Bluegrass,0,0,0,0.00017485616,7,OOD_Class_6
my timeless love songs playlist should include viderunt omnes,0,0,0,0.00021647131,7,OOD_Class_6
I need a pub with a smoking room in Ucolo reserved.,1,1,0,0.0001281234,7,OOD_Class_6
Are there any animated movies playing in the neighborhood ?,6,5,1,0.00019217646,7,OOD_Class_6
book a spot for 2 at a restaurant in Mayotte at 0613 AM,1,1,0,0.00013078851,7,OOD_Class_6
"Can I get the showtimes for the closest cinema showing I’m a Cyborg, But That’s OK .",6,5,1,0.00018165223,7,OOD_Class_6
I want to find an oyster bar with tetrazzini for 9 people,1,1,0,0.00016672458,7,OOD_Class_6
Add One Good Reason to the bachelor party playlist,0,0,0,0.0001853965,7,OOD_Class_6
find a cinema nearest with Sulle Sathya,6,1,1,0.00053051877,7,OOD_Class_6
"Tell me the weather forecast for apr. twenty-fourth, 2028 in San Diego",2,2,0,0.000118091506,7,OOD_Class_6
"Another Girl, Another Planet gets only one of a possiable 6 rating",4,4,0,0.000113624665,7,OOD_Class_6
what is the forecast in Admire in TX starting at seventeen,2,2,0,0.000106739644,7,OOD_Class_6
I want to find parking next to a restaurant for 10,1,1,0,0.00015060631,7,OOD_Class_6
Rate Secret Weapon a four,4,4,0,0.000106637126,7,OOD_Class_6
Play the track R U Professional by Roberto Carlos Braga,3,3,0,0.00012923547,7,OOD_Class_6
What films are at Cineplex Odeon Corporation,6,5,1,0.0002483407,7,OOD_Class_6
Will there be a blizzard at a 4 AM in Sky Valley,2,2,0,0.00012243407,7,OOD_Class_6
Add Geschwisterliebe to my string theory playlist.,0,0,0,0.00016989048,7,OOD_Class_6
What films are showing at three o'clock at the Neighborhood Cinema Group ?,6,5,1,0.0005510826,7,OOD_Class_6
can i get the movie schedule for Goodrich Quality Theaters,6,5,1,0.00013968819,7,OOD_Class_6
fimd films around here,6,5,1,0.00022027649,7,OOD_Class_6
"I'm looking for movie times , search movies close by that start at 1112 .",6,5,1,0.00023993306,7,OOD_Class_6
book a spot for six in Greece,1,1,0,0.00012858368,7,OOD_Class_6
play some rap on Pandora,3,3,0,0.00013411851,7,OOD_Class_6
Add anti ep to esenciales,0,0,0,0.0001892484,7,OOD_Class_6
Rate the saga Rides a Dread Legion zero out of 6 points .,4,4,0,0.00011274166,7,OOD_Class_6
Play symphony music from 1991 by Irvin Mayfield,3,3,0,0.00014001234,7,OOD_Class_6
Warren Island State Park distant Weather forecast for 11 am,2,2,0,0.0001091634,7,OOD_Class_6
Show Family Plot,5,5,0,0.00010937738,7,OOD_Class_6
What will the weather be in Allenwood ?,2,2,0,0.0001091646,7,OOD_Class_6
find The Swindlers at the closest movie house,6,5,1,0.00015629087,7,OOD_Class_6
Find the movie schedule for animated movies in the neighborhood .,6,5,1,0.00012001054,7,OOD_Class_6
"show me the schedule of A Man, a Woman, and a Bank in nearest Neighborhood Cinema Group",6,1,1,0.001592058,7,OOD_Class_6
show the movie schedule,6,5,1,0.00010747087,7,OOD_Class_6
Where can I buy the soundtrack Bridge of Souls,5,5,0,0.00011711313,7,OOD_Class_6
I would rate this album 3 stars,4,4,0,0.000110452514,7,OOD_Class_6
Add this tune to my playlist named Women of Fresh Finds,0,0,0,0.00015280973,7,OOD_Class_6
I want to book a highly rated pizzeria in the same area as tia's house,1,1,0,0.00014681915,7,OOD_Class_6
I would give zero stars to A Concise Treatise on the Art of Angling out of 6 .,4,4,0,0.00012900299,7,OOD_Class_6
find movie schedules with animated movies close by,6,5,1,0.00016297925,7,OOD_Class_6
I'd like to see Level Headed,5,5,0,0.00012671163,7,OOD_Class_6
where can I watch the TV show Terrorists The Kids They Sentenced,5,5,0,0.0001271225,7,OOD_Class_6
Rate Recovery Road a three,4,4,0,0.000105291336,7,OOD_Class_6
Rate Canto for a Gypsy two of 6 stars,4,4,0,0.00010447028,7,OOD_Class_6
What's the forecast for MT next week ?,2,2,0,0.00011780338,7,OOD_Class_6
what time is Bhoot Returns showing at Douglas Theatre Company,6,5,1,0.00017780138,7,OOD_Class_6
Is The Missing Clerk playing,6,5,1,0.00029848298,7,OOD_Class_6
Give the current textbook a rating of five .,4,4,0,0.00011462874,7,OOD_Class_6
What is the movie schedule at Caribbean Cinemas,6,5,1,0.0008625595,7,OOD_Class_6
Where is the nearest movie house that is playing Sirivantha,6,1,1,0.00115514,7,OOD_Class_6
What is the cloud coverage in my current place,2,2,0,0.00012490925,7,OOD_Class_6
Show movie times of movies in the neighbourhood,6,5,1,0.00021338255,7,OOD_Class_6
Rate the current chronicle a two,4,4,0,0.000118150834,7,OOD_Class_6
"I would rate this book chronicle , 3 out of 5 stars .",4,4,0,0.0001090594,7,OOD_Class_6
Find movie schedules .,6,5,1,0.00015029524,7,OOD_Class_6
Please help me find I Want to Take You Higher the game,5,5,0,0.00012118129,7,OOD_Class_6
The current series only deserves two out of 6 .,4,4,0,0.00012913074,7,OOD_Class_6
Find the show titled The Most Charming and Attractive,5,5,0,0.00010446926,7,OOD_Class_6
Find films available at Cooper Foundation,6,5,1,0.00015911387,7,OOD_Class_6
what are the movies movie times nearby,6,5,1,0.0001257457,7,OOD_Class_6
What time is The Face in the Moonlight showing?,6,5,1,0.00149329,7,OOD_Class_6
give zero out of 6 stars to Smart Girls Get What They Want book,4,4,0,0.00011907807,7,OOD_Class_6
rate the current textbook 5 stars,4,4,0,0.00011507718,7,OOD_Class_6
how's the weather looking in Pheba,2,2,0,0.00011109953,7,OOD_Class_6
Add this album to my orgánica playlist.,0,0,0,0.00016314376,7,OOD_Class_6
Find Drowning with Land in Sight .,5,5,0,0.00013853301,7,OOD_Class_6
Play music from the seventies for me.,3,3,0,0.00012105189,7,OOD_Class_6
I want to see the local movie times,6,5,1,0.0001289808,7,OOD_Class_6
Find the TV series I Build the Tower,5,5,0,0.00011362488,7,OOD_Class_6
i want to watch Mister Cool,6,5,1,0.0003000537,7,OOD_Class_6
show freezing forcast now within the same area in North Dakota,2,2,0,0.00011506945,7,OOD_Class_6
Book a churrascaria restaurant that serves spring rolls for one person.,1,1,0,0.00014873383,7,OOD_Class_6
find TV series titled A Life in the Death of Joe Meek,5,5,0,0.00012059625,7,OOD_Class_6
Get me a reservation for two at a restaurant which serves burger .,1,1,0,0.00015106835,7,OOD_Class_6
Is it chilly in Nightmute,2,2,0,0.000116431096,7,OOD_Class_6
add this matt bachand tune to pure rock & roll,0,0,0,0.00018786595,7,OOD_Class_6
What is the movie schedule at Cineplex Odeon Corporation 12 hours from now,6,2,1,0.0013982669,7,OOD_Class_6
give this textbook zero out of 6 points,4,4,0,0.000120717385,7,OOD_Class_6
what time can i see Mojave Phone Booth,6,5,1,0.00096932723,7,OOD_Class_6
rate current album five,4,4,0,0.0001024497,7,OOD_Class_6
I need the book titled Lullaby of Broadway,5,5,0,0.00010683911,7,OOD_Class_6
are there any movies playing around here,6,5,1,0.0010199847,7,OOD_Class_6
Please put an album by Joseph Meyer on my POP GOES THE 80s playlist,0,0,0,0.0001731452,7,OOD_Class_6
I need a reservation for a coffeehouse with nine people within the same area as Midland Park,1,1,0,0.00014189993,7,OOD_Class_6
Find the show Portrait of Countess Karoly,5,5,0,0.00013001543,7,OOD_Class_6
Give zero / 6 stars to this album,4,4,0,0.00011263084,7,OOD_Class_6
Rate Homicide A Year on the Killing Streets five stars,4,4,0,0.00010715815,7,OOD_Class_6
Find Merry Arizona 97 Desert Stars Shine at Christmas,5,5,0,0.00010145004,7,OOD_Class_6
Play me a track by Steve Souza,3,3,0,0.00013139853,7,OOD_Class_6
Is The Wash playing at the cinema in one minute,6,2,1,0.000497905,7,OOD_Class_6
Find the trailer for Real Men Cry,5,5,0,0.000104370105,7,OOD_Class_6
Is fog forecast close-by to Pakistan ?,2,2,0,0.000110775654,7,OOD_Class_6
put Edwyn Collins onto my Trabajo Relax playlist,0,0,0,0.00018649419,7,OOD_Class_6
play a top twenty symphony of 2010,3,3,0,0.00013490785,7,OOD_Class_6
Is it going to be warmer 165 days from now at Nairobi National Park,2,2,0,0.00012166177,7,OOD_Class_6
When is The Woman going to be scheduled at the closest movie house ?,6,2,1,0.0011668651,7,OOD_Class_6
Tell me if it'll be freezing next month in Rhode Island,2,2,0,0.00012387885,7,OOD_Class_6
Add autry inman to my Hanging Out and Relaxing playlist.,0,0,0,0.0001744301,7,OOD_Class_6
Play the last song by Goldie,3,3,0,0.00012647574,7,OOD_Class_6
Play me a song by Hank Thompson from Moa Anbessa,3,3,0,0.00012986863,7,OOD_Class_6
"Where is the closest movie theatre playing Yo, robot",6,5,1,0.0006043769,7,OOD_Class_6
i want to watch Mr. and Mrs. Bridge at a nearest cinema,6,1,1,0.00045292804,7,OOD_Class_6
Can I get the showtimes for The Man Who Could Talk to Kids ?,6,5,1,0.00013718243,7,OOD_Class_6
Find a movie schedule .,6,5,1,0.00010736532,7,OOD_Class_6
Can I get the movie schedules for Landmark Theatres .,6,5,1,0.00016397188,7,OOD_Class_6
find animated movies in the area,6,5,1,0.00014167148,7,OOD_Class_6
Please find me a novel called The Caledonian-Record .,5,5,0,0.00010477866,7,OOD_Class_6
Is And the Ship Sails On playing at Douglas Theatre Company 1 minute from now ?,6,5,1,0.0007301688,7,OOD_Class_6
Rate Measuring the World one points,4,4,0,0.000115639035,7,OOD_Class_6
Find Beavis and Butt-head,5,5,0,0.00013664631,7,OOD_Class_6
add country favorites willie nelson style to my playlist titled Spinnin' Records Top 100,0,0,0,0.0001638607,7,OOD_Class_6
I rate American History A Survey a 5,4,4,0,0.00010905942,7,OOD_Class_6
add a tune in women of classical,0,0,0,0.0001688134,7,OOD_Class_6
What time is Project Censored the Movie playing at the movie house,6,5,1,0.00011022954,7,OOD_Class_6
Find the movie schedule .,6,5,1,0.0001009614,7,OOD_Class_6
Book a table for a party of twelve in Lewisville AMerican Samoa for a party of 7 at the Ballachulish House,1,1,0,0.00013226543,7,OOD_Class_6
What's the weather going to be like in PR at nineteen o'clock,2,2,0,0.00012381944,7,OOD_Class_6
What will the weather be ten minutes from now in Canada ?,2,2,0,0.00011002124,7,OOD_Class_6
Play the album Killer Instinkt,3,3,0,0.00014709569,7,OOD_Class_6
Where can I see Young Goethe in Love ?,6,5,1,0.00013637486,7,OOD_Class_6
I need movie times at Fox Theatres around zero PM,6,2,1,0.0018000228,7,OOD_Class_6
I'd like to reserve a table at a pub that serves andouillettes within the same area in San Marino .,1,1,0,0.00015479705,7,OOD_Class_6
Which movies are playing in the neighborhood ?,6,5,1,0.00020329565,7,OOD_Class_6
Will there be snowfall this month in UT,2,2,0,0.00011872787,7,OOD_Class_6
give the current album a score of five out of 6,4,4,0,0.000110668894,7,OOD_Class_6
What's the weather in Timbo ?,2,2,0,0.00011001938,7,OOD_Class_6
when this evening is Casa Amor Exclusive for Ladies playing and where,6,3,1,0.0013296213,7,OOD_Class_6
Give me a list of films at AMC Theatres,6,5,1,0.00074866443,7,OOD_Class_6
Where can I find Paranormal Activity 3 playing near me 1 hour from now,6,5,1,0.00010820649,7,OOD_Class_6
find movie schedule in Pacific Theatres,6,5,1,9.8330354e-05,7,OOD_Class_6
give me the movie schedules for Warren Theatres,6,5,1,0.00018596428,7,OOD_Class_6
Is Covered Wagon Days playing at B&B Theatres in 1 second ?,6,3,1,0.0024323151,7,OOD_Class_6
find The Colour of the Chameleon,6,5,1,0.000120359204,7,OOD_Class_6
Find movie schedules .,6,5,1,0.00015029524,7,OOD_Class_6
Give me showtimes for films in the neighbourhood .,6,5,1,0.0010923367,7,OOD_Class_6
put Anna Grigorjewna Semenowitsch in all out 00s list,0,0,0,0.00019125704,7,OOD_Class_6
me and aisha and craving cordon bleu and need to book a table at a brasserie .,1,1,0,0.0001320211,7,OOD_Class_6
"find Doggy Day School , an album",5,5,0,0.00011872675,7,OOD_Class_6
Find the movie schedules for animated movies nearby at 0944 am .,6,5,1,0.00017049222,7,OOD_Class_6
I want the nearest movie house with The Debtors,6,5,1,0.0009655802,7,OOD_Class_6
play Morning Song,3,3,0,0.0004529161,7,OOD_Class_6
I want to listen to seventies music.,3,3,0,0.000121995006,7,OOD_Class_6
patty and I need a table booked at a highly rated restaurant in Sandstone .,1,1,0,0.00014046358,7,OOD_Class_6
What is the closest movie theatre showing In Pursuit of Honor ?,6,5,1,0.00015109153,7,OOD_Class_6
I need to find the saga Trail of the Yukon,5,5,0,0.000121898694,7,OOD_Class_6
Provide me the movie schedules,6,5,1,0.00018410746,7,OOD_Class_6
What movies are playing one hour from now at Cooper Foundation ?,6,5,1,0.0007367385,7,OOD_Class_6
Can you give me the weather for here,2,2,0,0.00011417334,7,OOD_Class_6
"What's the forecast for Francisco , Netherlands Antilles around eleven pm ?",2,2,0,0.000117113326,7,OOD_Class_6
How will snowfall be here in 2/21/2022 ?,2,2,0,0.00011734498,7,OOD_Class_6
What's the weather forecast for tomorrow around Sankertown ?,2,2,0,0.000114625866,7,OOD_Class_6
book a table for nine PM at a pub in MA,1,1,0,0.00012921978,7,OOD_Class_6
Find me the movie schedule for Great Escape Theatres,6,5,1,9.823681e-05,7,OOD_Class_6
list movies in the neighbourhood,6,5,1,0.00021286918,7,OOD_Class_6
"When will it be warmer in White Horse , Mauritius",2,2,0,0.00011055935,7,OOD_Class_6
Is The Eye – Infinity playing at General Cinema Corporation,6,5,1,0.0002264533,7,OOD_Class_6
I am rating this essay two points,4,4,0,0.00010747361,7,OOD_Class_6
play the greatest james yorkston song,3,3,0,0.0001265855,7,OOD_Class_6
find The Flying Ace,6,5,1,9.512309e-05,7,OOD_Class_6
Show me the trailer for American Education The National Experience .,5,5,0,0.0001874032,7,OOD_Class_6
what is the forecast in North Carolina,2,2,0,0.00010684367,7,OOD_Class_6
Is What a Wonderful Place showing at Cinemark Theatres,6,5,1,0.0012410943,7,OOD_Class_6
What is the weather forecast in 13 seconds in Grand Traverse Bay Bottomland Preserve,2,2,0,0.0001153006,7,OOD_Class_6
What time is Doc Savage The Man of Bronze playing,6,5,1,0.00011568803,7,OOD_Class_6
Is The Matinee Idol 0630 cinema sold out?,6,5,1,0.0014060818,7,OOD_Class_6
I need a cambodian brasserie restaurant that is top-rated,1,1,0,0.00017067141,7,OOD_Class_6
Play me a 1974 tune on Slacker,3,3,0,0.00014055766,7,OOD_Class_6
What is the movie schedule for General Cinema Corporation ?,6,5,1,0.0001799278,7,OOD_Class_6
What films are scheduled around here ?,6,5,1,0.0015874011,7,OOD_Class_6
rate current book 0 stars,4,4,0,0.00011340418,7,OOD_Class_6
Play music from Paul Landers,3,3,0,0.00014221415,7,OOD_Class_6
Find out what films are playing at North American Cinemas,6,5,1,0.0005885485,7,OOD_Class_6
Please play a song by Ahmad Jamal,3,3,0,0.0001231945,7,OOD_Class_6
what is the forecast for Orienta for hotter weather,2,2,0,0.000111534704,7,OOD_Class_6
She me the movie schedule for animated movies at the place nearby,6,5,1,0.0016045928,7,OOD_Class_6
Play some Armik from the fourties,3,3,0,0.00014737497,7,OOD_Class_6
find nearby films with movie schedules,6,5,1,0.00014558605,7,OOD_Class_6
"I want to book a bar in Bow Mar , New Mexico",1,1,0,0.0002554468,7,OOD_Class_6
Find the movie schedule for 1253 AM,6,5,1,9.3007555e-05,7,OOD_Class_6
"Will it be even hotter 2 years from now in El Jebel , Niger",2,2,0,0.00011971647,7,OOD_Class_6
What movies are showing at the Showcase Cinemas,6,5,1,0.00041013854,7,OOD_Class_6
show movie schedules,6,5,1,0.00014510057,7,OOD_Class_6
Add Jon McLaughlin to my forever country playlist.,0,0,0,0.00016014301,7,OOD_Class_6
play a music ballad from the sixties,3,3,0,0.00013451373,7,OOD_Class_6
find The Real Story with Gretchen Carlson,5,5,0,0.00011861235,7,OOD_Class_6
book a spot at an osteria that has goiano in Ward Springs,1,1,0,0.000117061405,7,OOD_Class_6
Find the movie schedule for Great Escape Theatres .,6,5,1,0.00010715744,7,OOD_Class_6
find movies nearest to a movie house,6,5,1,0.00017182557,7,OOD_Class_6
Book a table at any restaurant for eight people,1,1,0,0.00013410421,7,OOD_Class_6
What time is The Queen of Moulin Rouge playing?,6,5,1,0.00047651285,7,OOD_Class_6
Give two stars to Scribblings,4,4,0,0.000114628325,7,OOD_Class_6
add satisfied to my Rockin' Vibes playlist,0,0,0,0.00017451418,7,OOD_Class_6
play some songs from the fourties by yoshiki fukuyama,3,3,0,0.00014502027,7,OOD_Class_6
find movie schedules at Loews Cineplex Entertainment,6,5,1,0.00011517462,7,OOD_Class_6
I'd like to watch films anywhere nearby,6,5,1,0.00048960454,7,OOD_Class_6
Add Sunday Express Live to workout playlist,0,0,0,0.00018396371,7,OOD_Class_6
Add rosemary clooney to Pura Vida playlist,0,0,0,0.00017256718,7,OOD_Class_6
List the movie schedule for Regal Entertainment Group theater.,6,5,1,0.0001402422,7,OOD_Class_6
add this MakSim tune to Trad Folk,0,0,0,0.00017460017,7,OOD_Class_6
Rate The Natural a 4,4,4,0,0.00011002181,7,OOD_Class_6
What films and movie times are close by,6,5,1,0.0009588836,7,OOD_Class_6
What time will the movie house be showing On the Beat,6,5,1,0.0010725802,7,OOD_Class_6
add a song by mark schultz to my ultimate indie playlist,0,0,0,0.00015559726,7,OOD_Class_6
Put this tune onto the signed xoxo playlist.,0,0,0,0.00017734915,7,OOD_Class_6
Is The Ghost Breakers playing at Plitt Theatres in two hours,6,3,1,0.002912292,7,OOD_Class_6
Play most popular from Nil Burak on Slacker,3,3,0,0.0001513147,7,OOD_Class_6
Listen to Power Gaming playlist,3,3,0,0.00012132207,7,OOD_Class_6
Play Pacific Ocean Blues by John Doe on Lastfm,3,3,0,0.00013783788,7,OOD_Class_6
Where to get painting of Channel 4 News,5,5,0,0.00015913064,7,OOD_Class_6
Book a bar with a pool in Mountain Iron .,1,1,0,0.0001182966,7,OOD_Class_6
"Book a pub for two on jan. first, 2037 .",1,1,0,0.00010770341,7,OOD_Class_6
Can you find me the SchoolTool picture ?,5,5,0,0.00012479152,7,OOD_Class_6
Put hampartsoum limondjian in running to rock 170 to 190 bpm,0,0,0,0.0002182779,7,OOD_Class_6
For the Star Theatres is The Belles of St. Clements playing in 8 minutes,6,3,1,0.0006512689,7,OOD_Class_6
Find the Endangered Species song,5,5,0,9.577625e-05,7,OOD_Class_6
whats the forecast for Greece,2,2,0,0.000112519054,7,OOD_Class_6
Play music from 2012 on google music,3,3,0,0.00012974378,7,OOD_Class_6
Show the movie schedules in the neighborhood,6,5,1,0.00017484326,7,OOD_Class_6
What movies are playing nearby ?,6,5,1,0.00089282944,7,OOD_Class_6
Play me a 2003 song by Charles Neidich,3,3,0,0.00012974278,7,OOD_Class_6
Can you find me the National Anthem of the Ancient Britons television show ?,5,5,0,0.00011586633,7,OOD_Class_6
movie times at Warren Theatres,6,1,1,0.00073156226,7,OOD_Class_6
find the movie schedule,6,5,1,8.8232e-05,7,OOD_Class_6
What movies are going to be screened at Caribbean Cinemas at fourteen o'clock ?,6,5,1,0.004919961,7,OOD_Class_6
Find the schedule at the Douglas Theatre Company .,6,5,1,0.000115289266,7,OOD_Class_6
Asiate restaurant in Sturgeon for 7,1,1,0,0.00011635328,7,OOD_Class_6
show creativity of Adobe AIR,5,5,0,0.00014927969,7,OOD_Class_6
What are the movie schedule for the movies in the neighborhood,6,5,1,0.00013227457,7,OOD_Class_6
Add this track to the Sin Ti playlist,0,0,0,0.00016219165,7,OOD_Class_6
Show Minutes to Midnight photograph,5,5,0,0.00012442005,7,OOD_Class_6
Add cecil womack to my 50 Great Female Voices playlist.,0,0,0,0.00016418312,7,OOD_Class_6
I want to book the best steakhouse with south american cuisines in Alaska,1,1,0,0.00015320833,7,OOD_Class_6
this saga deserves a score of four,4,4,0,0.00012875233,7,OOD_Class_6
Add louis nelson delisle to the pulse of americana,0,0,0,0.0001687352,7,OOD_Class_6
Show the forecast nearby in twenty two minutes in French Polynesia,2,2,0,0.000106631844,7,OOD_Class_6
what is the forecast for Turtle Islands National Park,2,2,0,0.00011164406,7,OOD_Class_6
Add Manuelita la tortuga to my Nuestros 80 playlist,0,0,0,0.00017511286,7,OOD_Class_6
Play the playlist Feel Good Dinner .,3,3,0,0.00011248158,7,OOD_Class_6
Will it be warmer in my current position,2,2,0,0.00011757295,7,OOD_Class_6
I want to eat in Ramona,1,1,0,0.00025345152,7,OOD_Class_6
add keltech to my 70s road trip playlist,0,0,0,0.00015991183,7,OOD_Class_6
Please add a track by david freiberg to my workout playlist.,0,0,0,0.00017273329,7,OOD_Class_6
What theater is showing From Paris with Love and when?,6,5,1,0.00014331372,7,OOD_Class_6
What time is Unholy Women playing?,6,5,1,0.00024244575,7,OOD_Class_6
find a movie theatre with animated movies that is closest to me,6,5,1,0.00020828145,7,OOD_Class_6
I'd like to watch Abbott and Costello Meet the Keystone Kops at Amco Entertainment at 040811 AM,6,5,1,0.0042861067,7,OOD_Class_6
play the 2014 album from la lupe,3,3,0,0.00013139953,7,OOD_Class_6
Please tell me movie times,6,5,1,0.00010756047,7,OOD_Class_6
Play me a song by Avispa Music from 1965,3,3,0,0.000119872464,7,OOD_Class_6
Show me the album Til the Morning,5,5,0,8.402615e-05,7,OOD_Class_6
Show movie times and movies in the area,6,5,1,0.00032856848,7,OOD_Class_6
I need information on movie schedules,6,5,1,0.014639259,7,OOD_Class_6
Which movie theatre nearest me is showing animated movies starting now ?,6,5,1,0.00034627662,7,OOD_Class_6
Find a video game called Batman The Return of Bruce Wayne .,5,5,0,0.00014168295,7,OOD_Class_6
Find me Third Man on the Mountain at a cinema,6,5,1,0.00020441116,7,OOD_Class_6
Show me some movie times,6,5,1,0.00011439816,7,OOD_Class_6
Show me movie times,6,5,1,0.00011034106,7,OOD_Class_6
Play some music from 1995,3,3,0,0.00012999184,7,OOD_Class_6
Find me the movie times for the Marcus Corporation,6,5,1,9.643176e-05,7,OOD_Class_6
Book a reservation at a restaraunt in CT,1,1,0,0.00012240026,7,OOD_Class_6
When is Up the Yangtze playing at Goodrich Quality Theaters,6,3,1,0.00017108799,7,OOD_Class_6
Where can I find movie schedules,6,5,1,0.00011608505,7,OOD_Class_6
Tell me the movie schedules,6,5,1,0.00018429168,7,OOD_Class_6
Will it be windy at Medicine Rocks State Park on May 24,2,2,0,0.00011240983,7,OOD_Class_6
Book a reservation for nine at an outdoor restaurant,1,1,0,0.00014814819,7,OOD_Class_6
"Is it going to be foggy in Box Elder , Rhode Island",2,2,0,0.00011563865,7,OOD_Class_6
Add tune to my Is It New Wave,0,0,0,0.00016514919,7,OOD_Class_6
Is The Unnaturals showing at 13 .,6,2,1,0.0001546026,7,OOD_Class_6
What time is Living Is Easy with Eyes Closed playing,6,5,1,0.00018597886,7,OOD_Class_6
show movie schedules,6,5,1,0.00014510057,7,OOD_Class_6
What is the weather like in Midfield Iowa today,2,2,0,0.000108739834,7,OOD_Class_6
play the album by Paul Barker playing the greatest from 1978,3,3,0,0.00012199739,7,OOD_Class_6
find a movie schedule,6,5,1,9.0853864e-05,7,OOD_Class_6
Find the movie schedule for Cooper Foundation .,6,5,1,0.000108000204,7,OOD_Class_6
Show the movie schedule for animated movies in the neighbourhood,6,5,1,0.00013519051,7,OOD_Class_6
Play a song from 1973 .,3,3,0,0.00011766344,7,OOD_Class_6
"What will the weather be in Dane on sep. the fifth, 2030 ?",2,2,0,0.000111535395,7,OOD_Class_6
What movies are showing at the nearest movie house ?,6,5,1,0.00029722622,7,OOD_Class_6
What will the weather be in NM in 1 minute,2,2,0,0.000110992434,7,OOD_Class_6
show the schedule of movie The Statue,6,5,1,0.0001363825,7,OOD_Class_6
play the Ocelot record using Zvooq,3,3,0,0.00011527876,7,OOD_Class_6
What films start at eighteen at Caribbean Cinemas,6,5,1,0.00105264,7,OOD_Class_6
Give two points to One Virgin Too Many,4,4,0,0.00011849566,7,OOD_Class_6
will Dick Tracy e il gas misterioso start twenty one hours from now,6,3,1,0.002063922,7,OOD_Class_6
"What will the weather be like on january 2nd, 2025 in GA",2,2,0,0.00012018636,7,OOD_Class_6
put this tune playing into my La Mejor Música Dance 2017 playlist,0,0,0,0.00017830271,7,OOD_Class_6
Is The Tender Years at the nearest movie theatre,6,1,1,0.0017851047,7,OOD_Class_6
Find me the movie times for the Alamo Drafthouse Cinema,6,5,1,9.949087e-05,7,OOD_Class_6
Need book a restaurant for this Autumn in Illinois,1,1,0,0.00019718062,7,OOD_Class_6
rate this book 1 out of 6,4,4,0,0.00011318279,7,OOD_Class_6
I need a photograph of The Oregon Desert,5,5,0,0.00039625104,7,OOD_Class_6
"I'm looking for Dead at 21 , the TV series",5,5,0,0.00013013769,7,OOD_Class_6
For the current chronicle I give five of 6,4,4,0,0.00012491395,7,OOD_Class_6
Show the latest animated movies movie times for the nearest movie house,6,5,1,0.00012551837,7,OOD_Class_6
find The Panic in Needle Park,6,5,1,0.000103751365,7,OOD_Class_6
Play some Oleg Anofriyev from 1960 .,3,3,0,0.00014644412,7,OOD_Class_6
What is the movie schedules at Consolidated Theatres,6,5,1,0.00044146398,7,OOD_Class_6
Find the movie schedule .,6,5,1,0.0001009614,7,OOD_Class_6
Will it be cloudy on Sep. 16 in Palau,2,2,0,0.00012900247,7,OOD_Class_6
show me movie times for Southern Theatres,6,5,1,0.00014573778,7,OOD_Class_6
Put Mike McCready in the kitchen swagger playlist.,0,0,0,0.00019477149,7,OOD_Class_6
Is it freezing in Vega Alta,2,2,0,0.000116318144,7,OOD_Class_6
add picasso baby to Digster Reggae playlist,0,0,0,0.00016939595,7,OOD_Class_6
add when ice met cream to This Is Alejandro Fernández playlist,0,0,0,0.0001637836,7,OOD_Class_6
Where is the nearest movie theatre playing The Sword of Many Lovers ?,6,5,1,0.00018094269,7,OOD_Class_6
Book a reservation at a restaurant nearby their airbnb,1,1,0,0.00012265237,7,OOD_Class_6
Tell me the forecast for 6 am in Tatra-Nationalpark,2,2,0,0.00011757247,7,OOD_Class_6
What movie schedules at Consolidated Theatres,6,5,1,0.00034301094,7,OOD_Class_6
I want to book a restaurant with creamed eggs on toast on Kansas Day within walking distance of British Indian Ocean Territory,1,1,0,0.00022574009,7,OOD_Class_6
rate the book The Ninth Avatar 3 out of 6 stars,4,4,0,0.00011654788,7,OOD_Class_6
Add album to my Country Hits,0,0,0,0.0001612408,7,OOD_Class_6
Show The Family from One End Street album,5,5,0,0.00011942214,7,OOD_Class_6
Show me a movie schedule .,6,5,1,0.00017425531,7,OOD_Class_6
Will it be warmer in AMnicon Falls State Park ?,2,2,0,0.000116887175,7,OOD_Class_6
Is Dead Fish playing at the movie house,6,5,1,0.00020891441,7,OOD_Class_6
Play celtic music,3,3,0,0.00011854826,7,OOD_Class_6
Find movie schedules for ArcLight Hollywood .,6,5,1,0.00011284984,7,OOD_Class_6
Can I get the movie schedule for Loews Cineplex Entertainment ?,6,5,1,0.000100366604,7,OOD_Class_6
Which films are playing at Malco Theatres ?,6,5,1,0.000968735,7,OOD_Class_6
Find me the Big Sean discography soundtrack,5,5,0,9.891379e-05,7,OOD_Class_6
What time is Bhoomi Geetha playing at the movie theatre,6,5,1,0.0009916767,7,OOD_Class_6
I want to put Paul Young onto all new all now .,0,0,0,0.00021537929,7,OOD_Class_6
Play shadowplay by Dana on Deezer .,3,3,0,0.00012785687,7,OOD_Class_6
Look up the TV series Operace Silver A,5,5,0,0.00010076039,7,OOD_Class_6
I give this series a one out of 6,4,4,0,0.000116775445,7,OOD_Class_6
What time is Crush and Blush playing at Kerasotes Theatres,6,3,1,0.00020708947,7,OOD_Class_6
what's the closest cinema showing animated movies,6,5,1,0.00047509558,7,OOD_Class_6
add Billy Martin album to my legendary guitar solos playlist,0,0,0,0.00015552103,7,OOD_Class_6
is The Clowns at the nearest cinema,6,1,1,0.0008662562,7,OOD_Class_6
What time is Thick as Thieves playing at Santikos Theatres ?,6,3,1,0.00073899876,7,OOD_Class_6
Add this track to my lo que suena new york playlist,0,0,0,0.00016685057,7,OOD_Class_6
find a cinema nearest showing Twilight of Shadows at breakfast time,6,5,1,0.00018373341,7,OOD_Class_6
I feel that The Loveday Trials is rated at a one out of 6 points .,4,4,0,0.00012154519,7,OOD_Class_6
Which movie theatre is playing The Good Guys and the Bad Guys ?,6,5,1,0.00012355665,7,OOD_Class_6
what animated movies are showing at Star Theatres,6,5,1,0.0004461342,7,OOD_Class_6
For the saga Leaves from the Inn of the Last Home I give the rating of 1,4,4,0,0.000106427666,7,OOD_Class_6
Please show me the movie schedule for animated movies playing in the neighborhood .,6,5,1,0.0002597804,7,OOD_Class_6
"Book the Chapter One in Bosnia and Herzegovina for patti, hester richardson and camille",1,1,0,0.00013901733,7,OOD_Class_6
add this tune to my It's a Southern Thing playlist,0,0,0,0.00014730902,7,OOD_Class_6
What local movie house is playing Beat the Drum,6,5,1,0.00047007992,7,OOD_Class_6
"Book The Crown at Whitebrook in the Solomon Islands for Dec. the twenty-third, 2029 .",1,1,0,0.0001592006,7,OOD_Class_6
show me the schedule of movie Shadow of a Woman,6,5,1,0.00013154664,7,OOD_Class_6
search for a photograph of Road Hogs,5,5,0,0.0001868594,7,OOD_Class_6
Find movie schedules for Bow Tie Cinemas .,6,5,1,0.00015765293,7,OOD_Class_6
Find the movie schedule .,6,5,1,0.0001009614,7,OOD_Class_6
Can you book a table for eight people at a spa type restaurant within walking distance of the Metropolitan Borough of Lambeth,1,1,0,0.000139241,7,OOD_Class_6
Play the most popular music by Ronald Isley on Google Music,3,3,0,0.00013960361,7,OOD_Class_6
Where is the closest cinema playing Osmanthus Alley,6,1,1,0.0002501586,7,OOD_Class_6
find the game Endangered Species,5,5,0,0.00010056851,7,OOD_Class_6
add song to Rocksteady playlist,0,0,0,0.00016450511,7,OOD_Class_6
where's the nearest movie house showing foreign films,6,5,1,0.002314628,7,OOD_Class_6
Find the movie schedules for films in the area .,6,5,1,0.0001673282,7,OOD_Class_6
What time is The Grey Zone playing?,6,5,1,0.0014511236,7,OOD_Class_6
movie schedules at Southern Theatres,6,5,1,0.0011690567,7,OOD_Class_6
Will there be a blizzard at seven in Colorado,2,2,0,0.00011575174,7,OOD_Class_6
Play some Laurie Anderson .,3,3,0,0.00013024626,7,OOD_Class_6
Where and when is Unleashed – Entfesselt playing,6,5,1,0.0007788529,7,OOD_Class_6
what is the nine AM weather forecast for Nationalpark Midongy du Sud,2,2,0,0.00011913357,7,OOD_Class_6
Make a reservation for eunice thompson and elisa martin in the Virgin Islands in one minute .,1,1,0,0.00016383383,7,OOD_Class_6
What is A Romance of the Halifax Disaster,5,5,0,0.00034769077,7,OOD_Class_6
Please tell me the movie schedules,6,5,1,0.00018664048,7,OOD_Class_6
add maggie mcgill to my night vibes,0,0,0,0.00018998921,7,OOD_Class_6
What are the movie times,6,5,1,0.00014368084,7,OOD_Class_6
Rate this essay two stars,4,4,0,0.00010927296,7,OOD_Class_6
What films are showing at Cineplex Odeon Corporation ?,6,5,1,0.00029146037,7,OOD_Class_6
What time is The Bride from Hell playing at Malco Theatres,6,3,1,0.00057971204,7,OOD_Class_6
Play Is This My World ? by Leo Arnaud,3,3,0,0.00012895625,7,OOD_Class_6
I want to add Black Ribbons to the i love my neo soul playlist,0,0,0,0.0001555184,7,OOD_Class_6
Give me the movie schedules at Showcase Cinemas .,6,5,1,0.000598446,7,OOD_Class_6
I want to know the weather in ten weeks from now in John N and Melba S Anderson Memorial Conservation Area,2,2,0,0.00011001881,7,OOD_Class_6
Find movie schedules for animated movies in the area,6,5,1,0.00016863689,7,OOD_Class_6
Play the red room sessions from chris cunningham,3,3,0,0.00014177531,7,OOD_Class_6
Where did the painting Highs in the Mid-Sixties go?,5,5,0,0.00015757613,7,OOD_Class_6
give The Enemy Within saga 3 stars for me,4,4,0,0.00012988929,7,OOD_Class_6
add tune to African Heat,0,0,0,0.00017130862,7,OOD_Class_6
Can I get the movie schedules for Loews Cineplex ?,6,5,1,0.0001039564,7,OOD_Class_6
what movies are playing in the neighborhood,6,5,1,0.00040285118,7,OOD_Class_6
Find time for Hendthighelbedi at the nearest cinema,6,1,1,0.00086003536,7,OOD_Class_6
Weather for Oct. 16 in MO,2,2,0,0.000119889395,7,OOD_Class_6
Can you find me the Blue Spring trailer ?,5,5,0,0.00011110047,7,OOD_Class_6
I want to hear that track from 1991,3,3,0,0.00012187844,7,OOD_Class_6
Find the movie schedule at Malco Theatres .,6,5,1,0.00010354721,7,OOD_Class_6
Is The Happy Hooker Goes Hollywood at the movie house nearest me,6,1,1,0.002312432,7,OOD_Class_6
show movie schedules,6,5,1,0.00014510057,7,OOD_Class_6
The Revolution Script should have a rating value of three and a best rating of 6,4,4,0,0.00012576814,7,OOD_Class_6
When is The Blood Stain playing at the movie house ?,6,5,1,0.00013464731,7,OOD_Class_6
What time is Southern Theatres showing Ukraine Is Not a Brothel ?,6,5,1,0.00025296843,7,OOD_Class_6
What are the current movie schedules for AMC Theatres ?,6,5,1,0.00064041984,7,OOD_Class_6
Want to hear a chant by Nellie Mckay from the year 2008,3,3,0,0.000119519165,7,OOD_Class_6
Will you please pull up movie schedules for me?,6,5,1,0.00024472873,7,OOD_Class_6
show me the photograph with the title The Denial,5,5,0,0.00016361775,7,OOD_Class_6
can i have the movie schedules,6,5,1,0.00011594829,7,OOD_Class_6
I give The Alchemyst The Secrets of the Immortal Nicholas Flamel 2 out of 6 stars .,4,4,0,0.00010852781,7,OOD_Class_6
What movie times,6,5,1,0.00013049372,7,OOD_Class_6
Find animated movies close by,6,5,1,0.00015720037,7,OOD_Class_6
What movies are playing Douglas Theatre Company,6,5,1,0.00014629152,7,OOD_Class_6
Book a restaurant .,1,1,0,0.00012067982,7,OOD_Class_6
Add all together now to my playlist the road to punk rock,0,0,0,0.00015944264,7,OOD_Class_6
find Wild at Heart,6,5,1,9.624334e-05,7,OOD_Class_6
What is the movie schedule for Train,6,5,1,0.00015155032,7,OOD_Class_6
Please check the movie schedule .,6,5,1,0.00015964443,7,OOD_Class_6
What time is Balkan Rhapsodies 78 Measures of War playing at Malco Theatres ?,6,3,1,0.00086952024,7,OOD_Class_6
what movie house is the closest playing animated movies,6,5,1,0.00020619552,7,OOD_Class_6
Show me movie times for one minute from now,6,5,1,0.00011791403,7,OOD_Class_6
what is the forecast for colder temps beginning on Law Day here,2,2,0,0.00012012695,7,OOD_Class_6
Tell me if it'll be freezing here in 21 seconds,2,2,0,0.00015274045,7,OOD_Class_6
Book the Slippery Noodle Inn in Gober .,1,1,0,0.00012930139,7,OOD_Class_6
find a movie house for 0752 showing Ganges River to Heaven,6,5,1,0.00017760273,7,OOD_Class_6
Can you let me know the films that are on the movie schedules in the area at noon ?,6,5,1,0.0020165897,7,OOD_Class_6
show the closest movie theatre that shows Boycott,6,5,1,0.00015494895,7,OOD_Class_6
find a cinema showing The Mandrake nearest at one o'clock,6,5,1,0.00025457362,7,OOD_Class_6
I need a weather forecast for Laos at one am,2,2,0,0.00011362031,7,OOD_Class_6
Rate the current album a 2,4,4,0,0.00010842107,7,OOD_Class_6
book a table around London Borough of Ealing that is highly rated in a gluten free bar,1,1,0,0.00012738572,7,OOD_Class_6
What films are showing at Kerasotes Theatres,6,5,1,0.00044162312,7,OOD_Class_6
Find Stained Glass Windows .,5,5,0,0.00028948992,7,OOD_Class_6
I'd like to add this album to funtime .,0,0,0,0.00017803206,7,OOD_Class_6
What is the nearest movie theatre playing Kate y Leopold ?,6,5,1,0.00023441864,7,OOD_Class_6
What are the movie schedules for the Dipson Theatres,6,5,1,0.00035567378,7,OOD_Class_6
Find the schedule for The Band of Honest Men at the nearest movie theatre .,6,5,1,0.00014641874,7,OOD_Class_6
read the Black-Body Theory and the Quantum Discontinuity novel,5,5,0,0.00019995961,7,OOD_Class_6
What is the weather in Silver Springs Western Sahara ?,2,2,0,0.0001074707,7,OOD_Class_6
Can you use Pandora to play a soundtrack from 1999 by David Sitek ?,3,3,0,0.00011471623,7,OOD_Class_6
I want to listen to a concerto from Timour Moutsouraev .,3,3,0,0.00012661089,7,OOD_Class_6
"I'd like to watch movies around here , can I see the movie schedules",6,5,1,0.0002916766,7,OOD_Class_6
find Kerasotes Theatres showing animated movies,6,5,1,0.00020526651,7,OOD_Class_6
find animated movies around here,6,5,1,0.00016108263,7,OOD_Class_6
what movies are showing nearby,6,5,1,0.00040769743,7,OOD_Class_6
When is For Lovers Only playing?,6,5,1,0.0002306117,7,OOD_Class_6
Show me Rapid City Muscle Car .,5,5,0,0.0003063637,7,OOD_Class_6
what is the Fiji forecast for warm temps,2,2,0,0.00011620469,7,OOD_Class_6
Look up the movie schedule,6,5,1,9.997791e-05,7,OOD_Class_6
I rate A Moment in Time a 5,4,4,0,0.00010580707,7,OOD_Class_6
Is the start eim 23 hours twenty one minutes and one second from now for Morgan – A Suitable Case for Treatment at Santikos Theatres,6,2,1,0.00017076572,7,OOD_Class_6
show me the movie schedule in the neighbourhood,6,5,1,0.00011450665,7,OOD_Class_6
rate the current book series two out of 6 stars,4,4,0,0.000117003896,7,OOD_Class_6
add sam sparro to my playlist called Beach Vibes,0,0,0,0.00017172626,7,OOD_Class_6
Add this tune to The Refugee Playlist,0,0,0,0.00015461285,7,OOD_Class_6
play a symphony that is good from 2000,3,3,0,0.00012785711,7,OOD_Class_6
Give me a list of movie times for films in the area .,6,5,1,0.00085653475,7,OOD_Class_6
book a restaurant that serves trottole in Tillicum,1,1,0,0.00012073269,7,OOD_Class_6
show movie times,6,5,1,0.00010304979,7,OOD_Class_6
What time is Murph the Surf playing,6,5,1,0.0007633583,7,OOD_Class_6
Use netflix to play a record by Emil Gilels from year 2015,3,3,0,0.00012923859,7,OOD_Class_6
A Writing Kind of Day deserves three points and a best rating of 6,4,4,0,0.00012824938,7,OOD_Class_6
how's the forecast looking for supper time in Dresbach Vanuatu,2,2,0,0.000107892556,7,OOD_Class_6
What time is Showcase Cinemas playing Straight Is the Way,6,5,1,0.00016607546,7,OOD_Class_6
Will it be freezing on 4/20/2038 in AMerican Beach NC,2,2,0,0.00012527868,7,OOD_Class_6
Find time for Enkitta Mothathe at Pacific Theatres,6,5,1,9.732494e-05,7,OOD_Class_6
Book a reservation for two at Mickies Dairy Bar in Weedsport,1,1,0,0.00013661566,7,OOD_Class_6
What's the weather in Meherrin,2,2,0,0.00011055701,7,OOD_Class_6
I'd like to find Scriptures of the Golden Eternity TV series,5,5,0,0.00012393814,7,OOD_Class_6
Add artist hex hector to my old school death metal playlist,0,0,0,0.00016676934,7,OOD_Class_6
show The Best of Minnie Riperton saga,5,5,0,0.00016092944,7,OOD_Class_6
I'd like to watch Three Word Brand at the cinema,6,5,1,0.0009207276,7,OOD_Class_6
"Would like a table right now for leonor mendoza, imogene and lisa sanchez",1,1,0,0.00019537681,7,OOD_Class_6
Rate The Man Who Sold the Moon a 5 .,4,4,0,0.00011861335,7,OOD_Class_6
What is the nearest cinema showing Love in Mandya ?,6,5,1,0.000677255,7,OOD_Class_6
Play a record from 2015,3,3,0,0.00012271793,7,OOD_Class_6
book for 2 at a cafe for burgers in Gasport,1,1,0,0.00014785891,7,OOD_Class_6
I'd rate Days of Blood and Starlight a 4,4,4,0,0.0001170029,7,OOD_Class_6
I want to book a restaurant for ten people.,1,1,0,0.0001238885,7,OOD_Class_6
book fast food that is highly rated,1,1,0,0.00012280389,7,OOD_Class_6
please add this artist to my Zen Focus playlist,0,0,0,0.000153334,7,OOD_Class_6
Give me the showtime for Bobby Yeah playing at the cinema,6,5,1,0.00034065358,7,OOD_Class_6
What will the weather be nineteen seconds from now from the Little Manatee River State Park,2,2,0,0.000109164765,7,OOD_Class_6
What time is Kerasotes Theatres playing animated movies,6,5,1,0.00024276997,7,OOD_Class_6
Is it forecast to be chilly in Iowa ?,2,2,0,0.000119601675,7,OOD_Class_6
Is the start time 151652 for movies in the neighborhood,6,2,1,0.00021817729,7,OOD_Class_6
Add My Very Best to my road trip playlist.,0,0,0,0.00016668701,7,OOD_Class_6
Play the last 1954 ep by Povel Ramel .,3,3,0,0.00012898554,7,OOD_Class_6
play Itunes songs by Gerard Way,3,3,0,0.00013398717,7,OOD_Class_6
"Tell me the humidity index for Elizabethville , Indiana",2,2,0,0.00017605082,7,OOD_Class_6
what day does the movie Star of the Circus play at ten PM,6,5,1,0.00020742767,7,OOD_Class_6
Find me a showing of The Vanquished that starts nine hours and 1 second from now .,6,5,1,0.00017595834,7,OOD_Class_6
is Dishyum at the cinema,6,1,1,0.0018981061,7,OOD_Class_6
I would like to rate this album 3 points and a best rating of 6,4,4,0,0.000112851136,7,OOD_Class_6
what time is Utamaro and His Five Women showing at Alamo Drafthouse Cinema,6,5,1,0.004157277,7,OOD_Class_6
I give the next novel two stars,4,4,0,0.000117002965,7,OOD_Class_6
Give me the movie schedules for Neighborhood Cinema Group,6,5,1,0.00018266849,7,OOD_Class_6
Rate this novel 3 out of 6 points .,4,4,0,0.000109059256,7,OOD_Class_6
I'd like to add this album to my Siesta playlist,0,0,0,0.00015250391,7,OOD_Class_6
Can i get the listings for the film at the nearest movie theatre ?,6,5,1,0.00018663982,7,OOD_Class_6
Is it supposed to be hotter today in IL,2,2,0,0.00012868794,7,OOD_Class_6
play track Her Majesty,3,3,0,0.00011766866,7,OOD_Class_6
What time does Lilacs in the Spring play at the closest movie house,6,5,1,0.0014519526,7,OOD_Class_6
rate this essay 5 of 6,4,4,0,0.00011252144,7,OOD_Class_6
I am looking for the TV show titled Catchphrase,5,5,0,0.00011329159,7,OOD_Class_6
what is the forecast for warm weather in Carl,2,2,0,0.000111862464,7,OOD_Class_6
Play any music on Spotify,3,3,0,0.00013689965,7,OOD_Class_6
Give me the local movie times .,6,5,1,0.00012464532,7,OOD_Class_6
Give me the movie times for Fox Theatres,6,5,1,9.987394e-05,7,OOD_Class_6
Find the movie schedules,6,5,1,9.642919e-05,7,OOD_Class_6
I'm wondering when I can see Beating Heart at the nearest cinema .,6,5,1,0.0002848381,7,OOD_Class_6
Can I see the movie schedules nineteen minutes from now ?,6,5,1,0.00012012314,7,OOD_Class_6
What is weather in Azerbaijan 16 seconds from now,2,2,0,0.000115075854,7,OOD_Class_6
what movies are at the nearest movie house,6,5,1,0.0005872231,7,OOD_Class_6
What time is Mon Amour Shesher Kobita Revisited playing,6,3,1,0.00018861827,7,OOD_Class_6
add tune to my relax & unwind playlist,0,0,0,0.00017485827,7,OOD_Class_6
"I need a reservation for a restaurant in Bangladesh on feb. the 11th, 2032",1,1,0,0.00018801846,7,OOD_Class_6
What is the weather forecast 131 days from now in Atanassow-See,2,2,0,0.00010937801,7,OOD_Class_6
Show The Invisible Hook trailer,5,5,0,0.00011609076,7,OOD_Class_6
Book a restaurant for a party of 7 in Paraguay on Saturday,1,1,0,0.00013697283,7,OOD_Class_6
Play me Memoirs of Modern Love Curious Age,5,5,0,0.00020944446,7,OOD_Class_6
Can you give me the movie schedules for films close by ?,6,5,1,0.00042006132,7,OOD_Class_6
give two star to current textbook,4,4,0,0.00011023759,7,OOD_Class_6
Tell me when Howling II Your Sister Is a Werewolf is playing.,6,5,1,0.00013934806,7,OOD_Class_6
Find the schedule for Wenn Lucy springt now at a movie theatre .,6,5,1,0.000112060814,7,OOD_Class_6
play the most popular Miles Jones track,3,3,0,0.00013972782,7,OOD_Class_6
Find the schedule at Star Theatres .,6,5,1,0.00010446434,7,OOD_Class_6
whats the closest movie house showing Home Room,6,5,1,0.00013839043,7,OOD_Class_6
Will there be snowfall in Kitlope Heritage Conservancy,2,2,0,0.00011153456,7,OOD_Class_6
find the nearest movie theatre with movies,6,5,1,0.00017210064,7,OOD_Class_6
What will the weather be in Croatia ?,2,2,0,0.00010980593,7,OOD_Class_6
search for The Adventure of the Blue Carbuncle,5,5,0,0.00011451561,7,OOD_Class_6
give 1 star to this album,4,4,0,0.00011230106,7,OOD_Class_6
give the current book zero of 6,4,4,0,0.00011792097,7,OOD_Class_6
Play music by Otis Redding .,3,3,0,0.00013178136,7,OOD_Class_6
What films are going to be shown at the nearest movie house ?,6,5,1,0.000515552,7,OOD_Class_6
is there expected of rainfall in Horton of Connecticut,2,2,0,0.00011395675,7,OOD_Class_6
What movies are in the area,6,5,1,0.0004900283,7,OOD_Class_6
Play the most popular twenties record from Leland Sklar,3,3,0,0.00014537602,7,OOD_Class_6
Need to see Mother Joan of the Angels in one second .,6,5,1,0.00032857122,7,OOD_Class_6
find Chained Heat,6,5,1,9.085493e-05,7,OOD_Class_6
Can i get todays showtimes for Le Flic de Beverly Hills 2 ?,6,5,1,0.00012807846,7,OOD_Class_6
I would like to book the best food court with persian food within the same area as OK for my ex husband and I,1,1,0,0.00014670637,7,OOD_Class_6
Show me the movie times for films nearby .,6,5,1,0.0001420917,7,OOD_Class_6
Is there a movie theatre showing Last Cab to Darwin today?,6,5,1,0.00015768578,7,OOD_Class_6
Find me the showtimes for How to Commit Marriage .,6,5,1,0.00024705028,7,OOD_Class_6
When is Eye of the Spider playing at Regal Entertainment Group ?,6,5,1,0.00015460014,7,OOD_Class_6
looking for Free Four Tobias Tells the Divergent Knife-Throwing Scene,5,5,0,0.00013038245,7,OOD_Class_6
Play Elkie Brooks seventies sound track,3,3,0,0.00012599066,7,OOD_Class_6
Rate the Blood on the Moon saga a three,4,4,0,0.0001095928,7,OOD_Class_6
What time are films showing in the neighborhood,6,5,1,0.0003415862,7,OOD_Class_6
Tell me the weather forecast for Korona,2,2,0,0.0001053927,7,OOD_Class_6
find the closest movie theatre with animated movies,6,5,1,0.0001522739,7,OOD_Class_6
show creative game Fear Thy Neighbor,5,5,0,0.00010916371,7,OOD_Class_6
give five points to The Tenor Wore Tapshoes,4,4,0,0.00010036895,7,OOD_Class_6
Where is the nearest cinema showing horror films today?,6,5,1,0.0018325123,7,OOD_Class_6
Find the schedule for Death Valley Manhunt .,6,5,1,0.00011942412,7,OOD_Class_6
What time is Phera playing,6,3,1,0.0004518074,7,OOD_Class_6
I'm looking to watch Savage Grace at Showcase Cinemas at thirteen o'clock .,6,5,1,0.00072846195,7,OOD_Class_6
Add an album by m g sreekumar to my laidback acoustic playlist.,0,0,0,0.00016636217,7,OOD_Class_6
Show me the movie schedule for movies around here,6,5,1,0.00023365399,7,OOD_Class_6
I want to hear popular music from Martin Lopez,3,3,0,0.00012999243,7,OOD_Class_6
"What is the weather forecast in Ulen on mar. 2nd, 2035",2,2,0,0.000118263815,7,OOD_Class_6
I would like a table at a taverna with croquembouche for 1 minute from now,1,1,0,0.00016592183,7,OOD_Class_6
find movie times,6,5,1,8.661012e-05,7,OOD_Class_6
What is the movie schedule for movies close by,6,5,1,0.00035692623,7,OOD_Class_6
I want to see a list of local movie times .,6,5,1,0.00034788958,7,OOD_Class_6
Find the schedule for The Cup Winner at the closest movie house .,6,5,1,0.00015450349,7,OOD_Class_6
is We Are Northern Lights playing in any movie theatre,6,5,1,0.00012148916,7,OOD_Class_6
book a table for 6 at a restaurant in Nebraska,1,1,0,0.00013971349,7,OOD_Class_6
Where is White Bim Black Ear,6,5,1,0.0002567994,7,OOD_Class_6
Find the movie schedules for Speakeasy Theaters .,6,5,1,0.00012249003,7,OOD_Class_6
What time is Phil Ochs There but for Fortune playing at the movie house,6,5,1,0.0014101316,7,OOD_Class_6
3 out of 6 for the last album,4,4,0,0.00011318151,7,OOD_Class_6
what is the weather forecast for La Cienega,2,2,0,0.00010715685,7,OOD_Class_6
She me that movie schedule,6,5,1,8.986277e-05,7,OOD_Class_6
Play the most popular song by espen lind,3,3,0,0.00013359531,7,OOD_Class_6
Find movie schedules for Star Theatres .,6,5,1,0.00014299396,7,OOD_Class_6
Book a restaurant within the same area of Ely for 10 people.,1,1,0,0.0001261366,7,OOD_Class_6
show me the schedule for The Oblong Box,6,5,1,0.00010778352,7,OOD_Class_6
"book a spot for five at a brasserie on jan. 7, 2023",1,1,0,0.00012487004,7,OOD_Class_6
Can you let me know when Troopers Three is scheduled?,6,2,1,0.00018846057,7,OOD_Class_6
Can you tell me what time The Fickle is playing at the closest cinema,6,5,1,0.001575838,7,OOD_Class_6
give 0 out of 6 points to current textbook,4,4,0,0.00011462869,7,OOD_Class_6
I want to hear that tune from 2010,3,3,0,0.00012685798,7,OOD_Class_6
What's the weather at four pm in Honduras,2,2,0,0.00011631738,7,OOD_Class_6
What's the nearest movie theatre playing Testament of Orpheus ?,6,5,1,0.0001683687,7,OOD_Class_6
I would give The Minority Report a rating of 0 points,4,4,0,0.00013154892,7,OOD_Class_6
Add Buddy DeSylva to my this is j balvin playlist,0,0,0,0.0001555964,7,OOD_Class_6
Can I listen to Dj Vibe 's top 10 ?,3,3,0,0.00012746268,7,OOD_Class_6
Please find me the movies playing nearby,6,5,1,0.00013663313,7,OOD_Class_6
Can you put live in detroit on the playlist Peaceful Piano,0,0,0,0.00016401605,7,OOD_Class_6
Find Phalcon .,5,5,0,0.00010799676,7,OOD_Class_6
What's the weather in the current place ?,2,2,0,0.00011451357,7,OOD_Class_6
When is Barbary Coast playing?,6,5,1,0.0004154006,7,OOD_Class_6
Play me a top-ten song by Phil Ochs on Groove Shark,3,3,0,0.00014487935,7,OOD_Class_6
Play Lorenzo Palacios Quispe,3,3,0,0.00013689509,7,OOD_Class_6
find the nearest movie house for The Mystery of Picasso,6,5,1,0.00012023727,7,OOD_Class_6
find Death Is Called Engelchen at Neighborhood Cinema Group,6,5,1,0.00011163836,7,OOD_Class_6
Find the movie times at Consolidated Theatres .,6,5,1,9.9778765e-05,7,OOD_Class_6
What are the movies scheduled to play at General Cinema Corporation,6,5,1,0.0006419439,7,OOD_Class_6
Tell me the weather forecast here,2,2,0,0.000107997184,7,OOD_Class_6
Find me a table for me and my grandkid in Union Square Cafe,1,1,0,0.00016637656,7,OOD_Class_6
Play music from Lastfm and Deezer .,3,3,0,0.0001338602,7,OOD_Class_6
List movie times at B&B Theatres,6,5,1,0.0005048093,7,OOD_Class_6
What are the movie times at General Cinema Corporation,6,5,1,0.00025122726,7,OOD_Class_6
Play me the most popular Lillian Hardin song on Itunes,3,3,0,0.00014332507,7,OOD_Class_6
Play twenties symphony from Robert Walter,3,3,0,0.00013451518,7,OOD_Class_6
What's the weather in Low Moor,2,2,0,0.000107996515,7,OOD_Class_6
What's the weather in Castle at 1743,2,2,0,0.00011262803,7,OOD_Class_6
When is Blood and Ice Cream-trilogie playing at the nearest movie theatre ?,6,5,1,0.00042131048,7,OOD_Class_6
Include dschiwan gasparjan in beth's rare groove playlist.,0,0,0,0.00019156137,7,OOD_Class_6
add this song to the Pre-Party playlist,0,0,0,0.00016426266,7,OOD_Class_6
Give a rating of 2 to Juneteenth .,4,4,0,0.000113292415,7,OOD_Class_6
give zero points to this essay,4,4,0,0.0001198944,7,OOD_Class_6
I'd like to eat at a bar that serves corn relish with a party of five,1,1,0,0.00017695312,7,OOD_Class_6
What is the nearest movie house playing New York Melody,6,5,1,0.00027009094,7,OOD_Class_6
Where can I read the book The Omega Stone ?,5,5,0,9.633381e-05,7,OOD_Class_6
Give four stars out of 6 to Practice to Deceive,4,4,0,0.0001114277,7,OOD_Class_6
use Deezer to play top five Moya Brennan,3,3,0,0.0001412417,7,OOD_Class_6
find Manthra Mothiram at Century Theatres,6,5,1,0.00011369006,7,OOD_Class_6
"I need a weather forecast for São Tomé and Príncipe on December 8th, 2026",2,2,0,0.00012931347,7,OOD_Class_6
When's Fools for Luck showing?,6,5,1,0.00023193366,7,OOD_Class_6
find a movie house nearest for films,6,5,1,0.00022511293,7,OOD_Class_6
Is The Man Who Won playing at 6 P.M. ?,6,5,1,0.00061464676,7,OOD_Class_6
"What's the temperature today in Griffin , NE ?",2,2,0,0.00011884297,7,OOD_Class_6
I want to find the show called Fresh Aire 7 .,5,5,0,0.000113512746,7,OOD_Class_6
Show the Put Yourself in His Place game,5,5,0,0.00013399252,7,OOD_Class_6
Where is the nearest cinema that is playing Pioneers of the West,6,1,1,0.0006871614,7,OOD_Class_6
rate the current novel 5 of 6 stars,4,4,0,0.00011711825,7,OOD_Class_6
Play Dave Joyal,3,3,0,0.000121869045,7,OOD_Class_6
show movie schedules for animated movies playing close by now,6,5,1,0.00017476142,7,OOD_Class_6
phyllis ward and veronica need a table at a restaurant in 152 days,1,1,0,0.00014219308,7,OOD_Class_6
Shoe the movie showings for the closest cinema showing international movies,6,5,1,0.00023195954,7,OOD_Class_6
in 1 hour and 1 minute find a cinema nearest for films,6,1,1,0.0018536379,7,OOD_Class_6
Check the forecast for Keene .,2,2,0,0.00010694534,7,OOD_Class_6
What is the movie schedule for films that are playing nearby in 15 minutes,6,2,1,0.0014929491,7,OOD_Class_6
What time is The Mourner playing at the movie house ?,6,5,1,0.00019493539,7,OOD_Class_6
When is The Great Question playing at the closest movie house ?,6,5,1,0.00021064092,7,OOD_Class_6
List all the movies playing in the area now .,6,5,1,0.0012757712,7,OOD_Class_6
put donnie g don gorilla on my classical romance playlist,0,0,0,0.00016914417,7,OOD_Class_6
Show the movie schedule of animated movies close by,6,5,1,0.00013506062,7,OOD_Class_6
Add Fair Charlotte to the We Everywhere playlist.,0,0,0,0.00016258561,7,OOD_Class_6
What are the movie times for films nearby ?,6,5,1,0.00019037341,7,OOD_Class_6
Can you find the TV show Faithless Street,5,5,0,0.00010831673,7,OOD_Class_6
What are the movie times for movies in the area ?,6,5,1,0.00048162165,7,OOD_Class_6
Weather next year in Canada,2,2,0,0.000106011736,7,OOD_Class_6
what will the weather be for Hooksett,2,2,0,0.00010386089,7,OOD_Class_6
Reminiscences of the Anti-Japanese Guerillas chronicle deserves zero points out of 6 for a rating.,4,4,0,0.00011496474,7,OOD_Class_6
I need to find Best of the West Rides Again,5,5,0,9.392131e-05,7,OOD_Class_6
Is Babar King of the Elephants playing,6,3,1,0.0003907541,7,OOD_Class_6
add grim skunk to Duetos,0,0,0,0.0001734083,7,OOD_Class_6
Are there any animated movies playing at the Mann Theatres ?,6,5,1,0.00024448917,7,OOD_Class_6
Give the current book 4 stars,4,4,0,0.00011734731,7,OOD_Class_6
What are the movie schedules for movies playing in the neighborhood,6,5,1,0.00079962495,7,OOD_Class_6
What movies are playing Dickinson Theatres,6,5,1,0.00038103785,7,OOD_Class_6
I give One Clear Call zero out of 6 points,4,4,0,0.00011700326,7,OOD_Class_6
I want to know if there are any movies playing in the area .,6,5,1,0.0012877051,7,OOD_Class_6
play a chant by Sonsee,3,3,0,0.00012103823,7,OOD_Class_6
I'd like to know what movies are on the movie schedules nearby .,6,2,1,0.0015737442,7,OOD_Class_6
Play Shaina Magdayao 's music on Iheart,3,3,0,0.0001442435,7,OOD_Class_6
Fine the movie schedule for Warren Theatres .,6,5,1,0.00013853688,7,OOD_Class_6
Add As I Was Going to St Ives to the fantasía playlist.,0,0,0,0.00015117724,7,OOD_Class_6
Please give me the weather for Federated States Of Micronesia .,2,2,0,0.00011164076,7,OOD_Class_6
What will the weather be like here next week ?,2,2,0,0.00011711673,7,OOD_Class_6
show me the schedule of films in the neighbourhood,6,5,1,0.00019015388,7,OOD_Class_6
Add parempi mies to the Café con Leche playlist.,0,0,0,0.00017485664,7,OOD_Class_6
Book me a reservation for 10 in Oman,1,1,0,0.00012276774,7,OOD_Class_6
I want to watch the television show Naked II,5,5,0,0.00013295881,7,OOD_Class_6
Hocus Bogus gets a 2 of 6 .,4,4,0,0.00014447287,7,OOD_Class_6
Play some music on Pandora,3,3,0,0.00012835134,7,OOD_Class_6
Find the movie schedule for ArcLight Hollywood .,6,5,1,0.00010175466,7,OOD_Class_6
Add knocked out loaded to the spring vibes playlist.,0,0,0,0.00018067058,7,OOD_Class_6
"Book me a reservation for an osteria campanian on Jun. the 7th, 2022",1,1,0,0.0001305174,7,OOD_Class_6
I want to know what movies are showing at the nearest movie house .,6,5,1,0.00088251877,7,OOD_Class_6
Rate current book 0,4,4,0,0.0001104522,7,OOD_Class_6
What are the movie times for animated movies in the area ?,6,5,1,0.0005086094,7,OOD_Class_6
Sort to the last song on playlist from 1983 a chant by Mark Oliver Everett,3,3,0,0.00089627295,7,OOD_Class_6
Play  music from the thirties .,3,3,0,0.00012673555,7,OOD_Class_6
What time is Too Young to Marry showing,6,5,1,0.00013754937,7,OOD_Class_6
I want to the latest ballad from Ira Losco,3,3,0,0.00013151983,7,OOD_Class_6
Play Soldier Boy from Melody Gardot,3,3,0,0.00012672716,7,OOD_Class_6
Can I get the times for movies in the neighbourhood,6,5,1,0.00011505852,7,OOD_Class_6
What time is Adam at Six A.M. playing,6,3,1,0.0011066118,7,OOD_Class_6
Find a reservation at Fish Express,1,1,0,0.00014945553,7,OOD_Class_6
add the artist Pete Murray to my relaxing playlist,0,0,0,0.00015858885,7,OOD_Class_6
Add artist to playlist Epic Gaming,0,0,0,0.00016931213,7,OOD_Class_6
find Carry me in your dreams,5,5,0,9.337132e-05,7,OOD_Class_6
Let's play Jamie Robertson 's Handover on vimeo,3,3,0,0.00012389917,7,OOD_Class_6
I want to book a restaurant neighboring Livonia Av,1,1,0,0.00014880543,7,OOD_Class_6
When is Beneath the Harvest Sky playing?,6,5,1,0.00012970403,7,OOD_Class_6
I would give The Northern Reaches a rating of one,4,4,0,0.00010622099,7,OOD_Class_6
Add patti page album to i love my neo soul,0,0,0,0.00016203403,7,OOD_Class_6
What cinema is playing Great Guy,6,5,1,0.0002444636,7,OOD_Class_6
Is Without Witness playing twenty two hours from now,6,5,1,0.00048803826,7,OOD_Class_6
find movie times for films close by,6,5,1,0.00013771835,7,OOD_Class_6
TV series for The Thirty Nine Steps ?,5,5,0,9.746806e-05,7,OOD_Class_6
Rate Hate That Cat 1 out of 6 stars .,4,4,0,0.0001124115,7,OOD_Class_6
Book a restaurant in Palestine for 8 people at 9 AM,1,1,0,0.0001226591,7,OOD_Class_6
Tell me if it'll blizzard in KS,2,2,0,0.000111207526,7,OOD_Class_6
Play the latest ep by Joel Hastings on Itunes .,3,3,0,0.00013610232,7,OOD_Class_6
Rate this essay two out of 6 stars,4,4,0,0.000113736656,7,OOD_Class_6
When will Third Person Singular Number be playing?,6,3,1,0.001483569,7,OOD_Class_6
What films are there playing at Cobb Theatres ?,6,5,1,0.0004532283,7,OOD_Class_6
When and where is Invitation to the Waltz playing,6,5,1,0.00012572284,7,OOD_Class_6
show the creativity of Where What When,5,5,0,0.000110450776,7,OOD_Class_6
Rate the current book three out of 6 .,4,4,0,0.00011219268,7,OOD_Class_6
"Book a reservation for 5 people next week at The Pump Room, Chicago",1,1,0,0.00016278311,7,OOD_Class_6
what animated movies are playing at the closest movie house,6,5,1,0.0004190439,7,OOD_Class_6
Is it hot here,2,2,0,0.00012249466,7,OOD_Class_6
find animated movies at Caribbean Cinemas,6,5,1,0.00017280017,7,OOD_Class_6
"I need Journal of Pediatric Oncology Nursing , help me find",5,5,0,0.00015206996,7,OOD_Class_6
Show me The Advocate,5,5,0,8.8489585e-05,7,OOD_Class_6
Can I see the the painting Another Life...Another End ?,5,5,0,0.00011803083,7,OOD_Class_6
Let me have the movie schedules for General Cinema Corporation,6,5,1,0.00015648421,7,OOD_Class_6
Give the current series two stars .,4,4,0,0.00011884595,7,OOD_Class_6
Play me a song from Luxury Liner,3,3,0,0.00012137668,7,OOD_Class_6
add September to winter music,0,0,0,0.00017511082,7,OOD_Class_6
Show me the movie times for animated movies that are in theaters close by,6,5,1,0.00022306123,7,OOD_Class_6
Play my springtime playlist.,3,3,0,0.00012549144,7,OOD_Class_6
around here find movie schedule for films,6,5,1,0.00014042536,7,OOD_Class_6
Give me the movie schedules for National Amusements .,6,5,1,0.00021651144,7,OOD_Class_6
where can i watch animated movies around here,6,5,1,0.00021396873,7,OOD_Class_6
What time is The Message playing at Loews Cineplex ?,6,2,1,0.0014115644,7,OOD_Class_6
What is the forecast on 12/9/2039 at Florida Caverns State Park,2,2,0,0.00011745948,7,OOD_Class_6
"book a brasserie at Turtle Creek neighboring on march sixth, 2038 for eight",1,1,0,0.00012089956,7,OOD_Class_6
can you give me the movie times,6,5,1,8.702449e-05,7,OOD_Class_6
Where can I watch The Sword of Ali Baba at two p.m. ?,6,5,1,0.00016176168,7,OOD_Class_6
"Will it be rainy this Monday in Le Center , Thailand",2,2,0,0.000107997505,7,OOD_Class_6
I would like reservations to a popular pub in Burkina for 10 people.,1,1,0,0.00014302465,7,OOD_Class_6
find the closest movie theatre for films,6,5,1,0.00015329348,7,OOD_Class_6
Is A Master of Craft playing at Wanda Group,6,3,1,0.00013142689,7,OOD_Class_6
find Dickinson Theatres showing From Bondage to Freedom,6,5,1,0.00014319776,7,OOD_Class_6
I give the Ways of Escape chronicle zero out of 6,4,4,0,0.000118497526,7,OOD_Class_6
What time is A Ball at the Anjo House playing,6,5,1,0.0041204044,7,OOD_Class_6
book in OH in Gurabo for velma and gloria,1,1,0,0.00012621863,7,OOD_Class_6
Add this marilyn manson tune to Latin Party Anthems,0,0,0,0.00017022502,7,OOD_Class_6
Show The Man from London video game,5,5,0,0.0001217825,7,OOD_Class_6
add décadas to my list Neo da Matrix,0,0,0,0.00017281824,7,OOD_Class_6
What is the nearest cinema playing Romance of the Limberlost,6,5,1,0.00017931352,7,OOD_Class_6
show me the schedule of movie The Great Gildersleeve near movie house,6,5,1,0.00011872479,7,OOD_Class_6
What's the weather in Pugu Hills Forest Reserve,2,2,0,0.00011229772,7,OOD_Class_6
find close by movies movie times,6,5,1,0.0001043684,7,OOD_Class_6
Need a table within the same area as Beach 105th St for a party of 6,1,1,0,0.00013713501,7,OOD_Class_6
Find the schedule for Without Witness twenty two hours from now .,6,5,1,0.00010756073,7,OOD_Class_6
"find Hope & Other Sins , a TV show",5,5,0,0.00012273557,7,OOD_Class_6
Please shoe me the movie schedule for today.,6,5,1,0.00013610837,7,OOD_Class_6
find KB Theatres with movies,6,5,1,0.000120467696,7,OOD_Class_6
what is the movie schedule for animated movies playing close by,6,5,1,0.00019871866,7,OOD_Class_6
Let's play the album Handover on Deezer,3,3,0,0.00011423888,7,OOD_Class_6
Find the schedule for Central Airport at the closest movie theatre .,6,5,1,0.00018160186,7,OOD_Class_6
Play music from 1960,3,3,0,0.00012343194,7,OOD_Class_6
What is the movie schedules for the movies nearby playing 23 seconds from now,6,5,1,0.0003352047,7,OOD_Class_6
Will it be chillier at 060548 in Wagener Réunion,2,2,0,0.00011541159,7,OOD_Class_6
"hannah lewis and chelsea want to go to a cafe in Botswana on Apr. the seventeenth, 2024",1,1,0,0.00018051593,7,OOD_Class_6
Where can I find the movie schedule ?,6,5,1,9.988137e-05,7,OOD_Class_6
show Crafty Hands saga,5,5,0,0.000134926,7,OOD_Class_6
show me the movie schedule,6,5,1,0.00010076129,7,OOD_Class_6
restaurant in Watauga for me and my aunt,1,1,0,0.00012284517,7,OOD_Class_6
what is the forecast for Lille in Norway,2,2,0,0.000108419415,7,OOD_Class_6
Where can I purchase Paradise Tonight online?,5,5,0,0.00014445673,7,OOD_Class_6
What time does Johnny Got His Gun play,6,5,1,0.00031211364,7,OOD_Class_6
Is there going to be a depression in Point Washington State Forest,2,2,0,0.00012540015,7,OOD_Class_6
What are the movie schedules,6,5,1,0.00028989394,7,OOD_Class_6
What time is Between Tears and Smiles playing,6,5,1,0.00029036647,7,OOD_Class_6
Find the schedule for nearby animated movies .,6,5,1,0.00012700148,7,OOD_Class_6
"Where can I see the television show , Jimmy Two-Shoes ?",5,5,0,0.0001081039,7,OOD_Class_6
When is the next showing of Star Wars The Clone Wars ?,6,5,1,0.00014347941,7,OOD_Class_6
Add genocide to electronic bliss,0,0,0,0.00016938907,7,OOD_Class_6
Is Black & White The Dawn of Justice playing at the movie theatre ?,6,5,1,0.00015359315,7,OOD_Class_6
Can i get the showtimes for films close by ?,6,5,1,0.00011964539,7,OOD_Class_6
Play Robin Hood Rescuing Three Squires by Bhupinder Singh,3,3,0,0.00018483531,7,OOD_Class_6
I want to hear a 1957 theme song,3,3,0,0.00010740847,7,OOD_Class_6
Play a song from Helena Iren Michaelsen on Spotify,3,3,0,0.00013464919,7,OOD_Class_6
Please find me the Magic Hour saga .,5,5,0,0.000120481665,7,OOD_Class_6
What movies are currently at Star Theatres ?,6,5,1,0.00026592784,7,OOD_Class_6
Can you find me the movie The Countess ?,5,5,0,0.00011285184,7,OOD_Class_6
"what's the closest cinema playing Six Days Three Activists, Three Wars, One Dream at sunrise",6,5,1,0.0014951008,7,OOD_Class_6
is it going to be cold at 4 o'clock far from here ?,2,2,0,0.00011518642,7,OOD_Class_6
What time is Class playing at Amco Entertainment ?,6,3,1,0.0025410014,7,OOD_Class_6
I want to take me and my momy to eat in Flossmoor,1,1,0,0.00014338299,7,OOD_Class_6
Find the movie schedules for nearby movies .,6,5,1,0.00014602454,7,OOD_Class_6
Will it snowstorm next week in West Winfield Finland ?,2,2,0,0.00010726262,7,OOD_Class_6
this book gets a 1 out of 6 rating from me.,4,4,0,0.00012237919,7,OOD_Class_6
book in South Dakota for lobster newberg at a pub,1,1,0,0.00013488992,7,OOD_Class_6
What time do the movies play at Southern Theatres ?,6,5,1,0.0006976187,7,OOD_Class_6
table for eight at The Berghoff in Sistersville in Jul.,1,1,0,0.00013124195,7,OOD_Class_6
play a new soundtrack by Benjamin Darvill on Groove Shark,3,3,0,0.00012513847,7,OOD_Class_6
play Steven Reineke greatest soundtrack on Youtube,3,3,0,0.000121235804,7,OOD_Class_6
Book a reservation for 6 people for a creole tavern in Montenegro,1,1,0,0.00013648185,7,OOD_Class_6
Tell me if it'll be colder next November in Granite-steppe lands of Buh,2,2,0,0.00014610126,7,OOD_Class_6
is it overcast close-by in Illinois,2,2,0,0.000117977535,7,OOD_Class_6
I'd like to hear Helen Baylor,3,3,0,0.000117586154,7,OOD_Class_6
Want to eat at The Meatball Shop that's within walking distance of erica's campus,1,1,0,0.00018308329,7,OOD_Class_6
Play a trailer for Sencha Touch,5,5,0,0.0001367655,7,OOD_Class_6
Book a table at Crown Candy Kitchen for lacy and I,1,1,0,0.00016462927,7,OOD_Class_6
Estelle should be on my spring playlist,0,0,0,0.00020836818,7,OOD_Class_6
Let me know when The Maiden Danced to Death will be screened at a cinema .,6,5,1,0.00085314224,7,OOD_Class_6
I want television show Come Again Smith,5,5,0,0.00010477143,7,OOD_Class_6
Which movies are showing at Southern Theatres ?,6,5,1,0.0004070831,7,OOD_Class_6
When is The Sea of Grass playing at the movie theatre,6,5,1,0.00014371668,7,OOD_Class_6
book a table at a restaurant in Saudi Arabia that serves presskopf,1,1,0,0.00012337552,7,OOD_Class_6
Play Halid 08 by video game pianist on Pandora,3,3,0,0.0001297412,7,OOD_Class_6
add this tune by hart wand on this is wagner,0,0,0,0.00018013259,7,OOD_Class_6
what movies are close by,6,5,1,0.0002679043,7,OOD_Class_6
What are the movie times for Amco Entertainment,6,5,1,0.00013162596,7,OOD_Class_6
"Play Oj, Jelena, Jelena, Jabuka Zelena by Ler Lalonde .",3,3,0,0.00013282096,7,OOD_Class_6
play fourties tunes by Bryan Webb on Groove Shark,3,3,0,0.00014551966,7,OOD_Class_6
I need a reservation for around London Borough,1,1,0,0.00013420642,7,OOD_Class_6
can i have the movie schedules,6,5,1,0.00011594829,7,OOD_Class_6
"book on feb. the twenty-sixth, 2026 in Tracyton for two at a cafe",1,1,0,0.00012252471,7,OOD_Class_6
Find the movie schedule for animated movies close by .,6,5,1,0.00011164477,7,OOD_Class_6
Find a TV series called The Golden Hits of Sandie Shaw .,5,5,0,0.00012712825,7,OOD_Class_6
I would give this current chronicle a value of 4 and a best rating of 6,4,4,0,0.00012036316,7,OOD_Class_6
When can I go see The Untold Story ?,6,5,1,0.00011306906,7,OOD_Class_6
add ojuelegba to trabajo ritmos dance,0,0,0,0.00018585929,7,OOD_Class_6
Book a reservation not far from 8th St,1,1,0,0.00013533188,7,OOD_Class_6
play a track by Alpha Blondy with Deezer,3,3,0,0.00013321068,7,OOD_Class_6
Please tell me the forecast for Guinea-Bissau,2,2,0,0.00012588964,7,OOD_Class_6
Find the schedule for Grand Canyon Trail .,6,5,1,0.00010264878,7,OOD_Class_6
book a caucasian serving steakhouse for 4 in Saint Pierre and Miquelon,1,1,0,0.00012956452,7,OOD_Class_6
CAn I get the the showtimes for The Jade Faced Assassin cinema ?,6,5,1,9.428944e-05,7,OOD_Class_6
Whats the closest cinema that shows movies at 12 A.M.,6,1,1,0.00027000025,7,OOD_Class_6
find Naomi & Wynonna Love Can Build a Bridge,6,5,1,0.00011142219,7,OOD_Class_6
what are the movie times for Consolidated Theatres,6,5,1,0.00020449731,7,OOD_Class_6
Is it chillier in Hong Kong than it is here,2,2,0,0.00013103255,7,OOD_Class_6
Add this tune to the Heavy Gamer playlist.,0,0,0,0.0001593653,7,OOD_Class_6
Play some Instrumental music on the service Lastfm,3,3,0,0.000120456,7,OOD_Class_6
What is the movie times for General Cinema Corporation,6,5,1,0.00012884065,7,OOD_Class_6
I'd like to put Ryō Yamazaki onto my sylvia plath playlist.,0,0,0,0.00017029556,7,OOD_Class_6
What are the timings for Starship Troopers 2 ?,6,5,1,0.00050506194,7,OOD_Class_6
find movie schedules for me,6,5,1,0.00011175027,7,OOD_Class_6
will it be chilly in Cistern,2,2,0,0.00011518798,7,OOD_Class_6
Play a 2009 concerto on Deezer .,3,3,0,0.00014083588,7,OOD_Class_6
Show me animated movies that are playig at Great Escape Theatres,6,5,1,0.00027611514,7,OOD_Class_6
Is Strauss Is Playing Today at the Cineplex Odeon Corporation,6,3,1,0.00015636304,7,OOD_Class_6
book a restaurant for 4 by shawn's work close by,1,1,0,0.0001263553,7,OOD_Class_6
Please find the TV series Back to Bach,5,5,0,9.4567564e-05,7,OOD_Class_6
Will it be cloudy in Tatamy ?,2,2,0,0.0001117542,7,OOD_Class_6
Rate this album 3 stars,4,4,0,0.00011688911,7,OOD_Class_6
Please find the schedule for Jappeloup at Bow Tie Cinemas .,6,5,1,0.00012198849,7,OOD_Class_6
find films in 12 hours at the nearest movie theatre,6,5,1,0.00019425279,7,OOD_Class_6
I want to see movie times at Neighborhood Cinema Group .,6,5,1,0.0006344143,7,OOD_Class_6
is Transcending Fear at Malco Theatres,6,5,1,0.0009039644,7,OOD_Class_6
Play the Late Night Jazz soundtrack on Zvooq .,3,3,0,0.000112120404,7,OOD_Class_6
Please tell me the movie schedules ?,6,5,1,0.00017152414,7,OOD_Class_6
What is the closest cinema today playing animated movies ?,6,5,1,0.000628907,7,OOD_Class_6
What Howards End cinema is near?,6,2,1,0.0011324064,7,OOD_Class_6
Can you play top Zvooq by Fink ?,3,3,0,0.00012295402,7,OOD_Class_6
What time is Ghostbusters - Acchiappafantasmi playing at IMAX Corporation,6,3,1,0.00028140502,7,OOD_Class_6
Where can I download the game Miss Robin Hood,5,5,0,0.00013771484,7,OOD_Class_6
Add this tune to the Spinnin' Records Top 100 list,0,0,0,0.0001710546,7,OOD_Class_6
What will the weather be in Tajikistan on Dec. twentieth ?,2,2,0,0.00011722894,7,OOD_Class_6
add track to dance playlist,0,0,0,0.00017830642,7,OOD_Class_6
Looking for Kepler scientific workflow system,5,5,0,0.00015378889,7,OOD_Class_6
Add I Messed Up to Hit Rewind,0,0,0,0.0001955372,7,OOD_Class_6
Is this film going to be at Malco Theatres ?,6,5,1,0.0009768226,7,OOD_Class_6
add the artist joseph meyer to my mad cool festival 2017 playlist,0,0,0,0.00016410343,7,OOD_Class_6
Give me weather information for Porcupine Mountains,2,2,0,0.0001196527,7,OOD_Class_6
What AMC Theaters is The Red Dance playing at?,6,5,1,0.00053313543,7,OOD_Class_6
Is it going to be hotter within walking distance of Ohio on 3/22/2038,2,2,0,0.00013058775,7,OOD_Class_6
put this track by Tony Bevilacqua into joan's playlist with the title women of folk & americana,0,0,0,0.00016091875,7,OOD_Class_6
Can I get the movie schedule for the Bow Tie Cinemas .,6,5,1,0.0001501837,7,OOD_Class_6
Add kaya newest track to my I Love My '00's R&B playlist,0,0,0,0.0001701399,7,OOD_Class_6
Is the forecast hot in 1 hour in Leasburg ?,2,2,0,0.00011296016,7,OOD_Class_6
Is The Little Irish Girl playing,6,5,1,0.00028905086,7,OOD_Class_6
Where can I see the trailer for Experienced II Embrace Tour 2013 Budokan ?,5,5,0,0.00013051885,7,OOD_Class_6
find Heat Wave,6,5,1,9.776009e-05,7,OOD_Class_6
what films are on the movie schedule for ten at a close by theater,6,5,1,0.00077019207,7,OOD_Class_6
play chant by Nigger Kojak on Itunes,3,3,0,0.00013878569,7,OOD_Class_6
give five out of 6 to this novel,4,4,0,0.00011329372,7,OOD_Class_6
"Search for the TV show , A Lawless Street .",5,5,0,0.00012900343,7,OOD_Class_6
I'd like a movie schedule for a close by movies,6,5,1,0.00020127099,7,OOD_Class_6
Is Mentioned in Confidence at the cinema,6,5,1,0.00011383737,7,OOD_Class_6
Put Jazzy B on Lazy Chill Afternoon playlist,0,0,0,0.00019639726,7,OOD_Class_6
find Plitt Theatres now showing Poverty and Nobility,6,5,1,0.00011607049,7,OOD_Class_6
"On Jun. the sixteenth, 2032 I'd like to go to Dillard House in Putnam Hall",1,1,0,0.0002187534,7,OOD_Class_6
i want to see some movies in a B&B Theatres,6,5,1,0.0016725354,7,OOD_Class_6
The Voyage of the Dawn Treader deserves 5 points .,4,4,0,0.00012130857,7,OOD_Class_6
show me animated movies with movie times close by,6,5,1,0.00039382203,7,OOD_Class_6
rate this book 0 out of 6,4,4,0,0.000115189934,7,OOD_Class_6
I would give the All That Fresh out the Box saga a rating of 2 points,4,4,0,0.00011552776,7,OOD_Class_6
rate The Confidence-Man 3 points,4,4,0,0.00012700513,7,OOD_Class_6
find Blood and Bones,6,5,1,0.000111641224,7,OOD_Class_6
Can you pull up a movie schedule for me?,6,5,1,0.00018638355,7,OOD_Class_6
Tell me the movie schedules for Loews Cineplex Entertainment,6,5,1,0.00016870872,7,OOD_Class_6
Can I watch The Sound of War in thirteen minutes at the nearest cinema,6,5,1,0.0006162776,7,OOD_Class_6
Find The Press of Atlantic City movie,5,5,0,9.373911e-05,7,OOD_Class_6
movie schedules for animated movies playing in the neighbourhood,6,5,1,0.00018628681,7,OOD_Class_6
Will it be hot during Winter ?,2,2,0,0.00011895825,7,OOD_Class_6
Rate The Bourne Deception 4 of 6,4,4,0,0.00011734649,7,OOD_Class_6
what time is Achilles and the Tortoise showing,6,5,1,0.0005263848,7,OOD_Class_6
Where is The Wilderness Trail playing,6,5,1,0.00010150982,7,OOD_Class_6
is it going to be windy faraway from the Valley of Fire,2,2,0,0.000118493976,7,OOD_Class_6
What movie schedules are at National Amusements,6,5,1,0.00049607863,7,OOD_Class_6
find a movie theatre showing The Tailor of Panama,6,5,1,0.00010842135,7,OOD_Class_6
Play some rock music on Youtube,3,3,0,0.00013662729,7,OOD_Class_6
Play me the show Cheaper By the Dozen 2,5,5,0,0.00013464721,7,OOD_Class_6
closest movie theatre with No Time for Sergeants,6,5,1,0.00023501205,7,OOD_Class_6
what time can i see The Half Naked Truth,6,5,1,9.9190096e-05,7,OOD_Class_6
Play Tujiko Noriko 's Ten Years And Running .,3,3,0,0.00013463298,7,OOD_Class_6
What's the weather forecast for Sequoyah National Wildlife Refuge,2,2,0,0.00011563698,7,OOD_Class_6
I'd like to watch I Wish at the nearest movie theatre,6,5,1,0.00042116264,7,OOD_Class_6
Can I get the movie times for in the neighbourhood movies,6,5,1,9.785013e-05,7,OOD_Class_6
what theaters are showing A Lonely Place to Die – Todesfalle Highlands starting at 1440,6,1,1,0.0009878227,7,OOD_Class_6
find a movie theatre with Rogues and Romance that is nearest,6,5,1,0.00020006075,7,OOD_Class_6
Add what child is this to Dark Dance Floors,0,0,0,0.00016474086,7,OOD_Class_6
I'd like to watch The Freckled Fish at 004743 at Magic Johnson Theatres,6,1,1,0.001518176,7,OOD_Class_6
Where to buy video game of Think Fast,5,5,0,0.00015408723,7,OOD_Class_6
Add inconfundible to Stomp & Holler,0,0,0,0.00020462029,7,OOD_Class_6
in the neighbourhood find movies,6,5,1,0.00012761257,7,OOD_Class_6
rate Until I Find You four points,4,4,0,0.00011362399,7,OOD_Class_6
Find the schedule for The Kentuckians .,6,5,1,0.00010426539,7,OOD_Class_6
"Is there any predicted snowfall in 2 months in Vandalia , El Salvador",2,2,0,0.000127625,7,OOD_Class_6
Can you get me a table at a tavern in Slovakia,1,1,0,0.00012532496,7,OOD_Class_6
What time is Mighty Morphin Power Rangers The Movie at Magic Johnson Theatres ?,6,5,1,0.000112399226,7,OOD_Class_6
"What will the humidity be like in VI on june the fourteenth, 2020 ?",2,2,0,0.00012160241,7,OOD_Class_6
Rate the current album 4 of 6 stars,4,4,0,0.00011263121,7,OOD_Class_6
What films are playing at Pacific Theatres,6,5,1,0.0012745893,7,OOD_Class_6
Look for Little Computer People,5,5,0,0.00014840228,7,OOD_Class_6
Can you add some morton feldman piano and string quartet to my global funk playlist,0,0,0,0.00016782872,7,OOD_Class_6
What time is The Taking of Pelham 1 2 3 playing at the movie theatre,6,4,1,0.00058654504,7,OOD_Class_6
Rate this textbook five points,4,4,0,0.0001129617,7,OOD_Class_6
rate Six Months in Mexico 1 out of 6,4,4,0,0.000119076845,7,OOD_Class_6
I want to book a restaurant in Frenier 12 years from now for 4 people.,1,1,0,0.00013275673,7,OOD_Class_6
Book a reservation for seven people at a bar in Kentucky,1,1,0,0.00013528779,7,OOD_Class_6
What films are at National Amusements,6,5,1,0.00038397792,7,OOD_Class_6
"find American Psychologist , a game",5,5,0,0.0001174608,7,OOD_Class_6
Is Hollows Grove playing at any movie theatre at ten pm ?,6,2,1,0.0004734917,7,OOD_Class_6
"Is there an expected blizzard in Brook , Tennessee today ?",2,2,0,0.000111100155,7,OOD_Class_6
"When is Fine, Totally Fine playing?",6,5,1,0.0008187878,7,OOD_Class_6
What is the movie schedule like,6,5,1,0.0007229916,7,OOD_Class_6
I need a restaurant now for a party of ten,1,1,0,0.00014107942,7,OOD_Class_6
What is the nearest cinema playing The Hour of Temptation,6,5,1,0.00063908024,7,OOD_Class_6
Give me the showtimes for The Rum Diary at MJR Theatres at meal time.,6,1,1,0.0015560092,7,OOD_Class_6
Please fine me the East trailer,5,5,0,8.600651e-05,7,OOD_Class_6
List movie schedules for animated movies playing in the neighbourhood,6,5,1,0.00022020216,7,OOD_Class_6
Who published the novel JamesEdition ?,5,5,0,0.00012224146,7,OOD_Class_6
What animated movies are playing nearby right now ?,6,5,1,0.0006312508,7,OOD_Class_6
Play my Sophisticated Dinner playlist on Slacker,3,3,0,0.0001394545,7,OOD_Class_6
Tell me the movie schedule for Warren Theatres,6,5,1,0.0001578601,7,OOD_Class_6
what films are showing in the neighborhood,6,5,1,0.0006023644,7,OOD_Class_6
Show the movie schedule,6,5,1,0.00010747087,7,OOD_Class_6
where is Beyblade Fierce Battle playing,6,5,1,0.00015757527,7,OOD_Class_6
Play a ballad by Owen Pallett from the seventies on Slacker .,3,3,0,0.00014124885,7,OOD_Class_6
"What time is Careful, He Might Hear You playing at the cinema",6,5,1,0.001581882,7,OOD_Class_6
rate the book The Orchard Book of First Greek Myths a 0,4,4,0,0.00011263064,7,OOD_Class_6
is The Slut playing at 0727 A.M. at Harkins Theatres,6,3,1,0.0003224823,7,OOD_Class_6
She me the movie times,6,5,1,9.548615e-05,7,OOD_Class_6
find the nearest movie house showing Dangers of the Canadian Mounted,6,5,1,0.00013076788,7,OOD_Class_6
I'm looking for the CineExport painting .,5,5,0,0.00021380691,7,OOD_Class_6
what animated movies can i see at Malco Theatres,6,5,1,0.0003008153,7,OOD_Class_6
"Give The Crisis , one / 6 points",4,4,0,0.00012036459,7,OOD_Class_6
What movie times at Megaplex Theatres,6,5,1,0.00048097625,7,OOD_Class_6
Which animated movies are playing at Megaplex Theatres at tea time?,6,5,1,0.0009538104,7,OOD_Class_6
is The Couch Trip at the nearest cinema,6,1,1,0.00027140367,7,OOD_Class_6
Whaere is Bloody Bloody Bible Camp playing in the cinema,6,5,1,0.00013959054,7,OOD_Class_6
Look for the show V-The New Mythology Suite,5,5,0,0.000118263786,7,OOD_Class_6
Is it supposed to be chillier in Favoretta,2,2,0,0.00011757404,7,OOD_Class_6
Get me the Secret South song .,5,5,0,0.000118959324,7,OOD_Class_6
I want to book a joint in a spa .,1,1,0,0.00016127036,7,OOD_Class_6
show movie schedule in MJR Theatres,6,5,1,0.00012473599,7,OOD_Class_6
Is The Skull playing at Loews Cineplex,6,5,1,0.0013170853,7,OOD_Class_6
When are the movie schedules,6,5,1,0.00075963535,7,OOD_Class_6
I rate the book You Only Live Twice two points,4,4,0,0.000111642956,7,OOD_Class_6
Add track to Afternoon Train Ride,0,0,0,0.00018066877,7,OOD_Class_6
I'd like to watch movies at Amco Entertainment,6,5,1,0.0028555417,7,OOD_Class_6
What movie times are around here playing animated movies,6,5,1,0.00022558044,7,OOD_Class_6
What are the movie times for Malco Theatres,6,5,1,0.00020002565,7,OOD_Class_6
Add Tony McGuinness to my playlist I Love My 90s Hip Hop,0,0,0,0.00016579415,7,OOD_Class_6
Rate the current essay 5 of 6 points,4,4,0,0.0001144052,7,OOD_Class_6
Find the movie schedule for North American Cinemas in eleven seconds .,6,5,1,0.00010325148,7,OOD_Class_6
Rate the current textbook 2 stars,4,4,0,0.00011462866,7,OOD_Class_6
is Terminal Station at Cinemark Theatres,6,1,1,0.00040273985,7,OOD_Class_6
I gave the current album two stars,4,4,0,0.000113514325,7,OOD_Class_6
Play the album Qr Iii by bobby bare,3,3,0,0.00012271204,7,OOD_Class_6
What films are playing at Great Escape Theatres,6,5,1,0.00054670876,7,OOD_Class_6
Find the work Compiled fragments 1997-2003,5,5,0,0.00010164893,7,OOD_Class_6
what animated movies are at Cobb Theatres,6,5,1,0.0005670207,7,OOD_Class_6
Can you find me The Assassination of Jesse James by the Coward Robert Ford saga ?,5,5,0,0.00013505484,7,OOD_Class_6
Find Live at Bonnaroo .,5,5,0,0.00012283327,7,OOD_Class_6
"Book a table at Central Grocery on Mar. 22nd, 2020",1,1,0,0.0001305359,7,OOD_Class_6
ad Czarna dziewczyna to instrumental madness playlist,0,0,0,0.00019362614,7,OOD_Class_6
What's the weather now in Salmon Lake State Park,2,2,0,0.00011541148,7,OOD_Class_6
I want to listen to Roger Daltrey from the sixties on slacker,3,3,0,0.0001303771,7,OOD_Class_6
book a table for 2 guests at a restaurant in Lazy Mountain NY,1,1,0,0.00013264973,7,OOD_Class_6
Is The Mystical Adventures of Billy Owens playing at the closest movie house,6,5,1,0.0001678455,7,OOD_Class_6
Show me a movie theatre where Screamplay is playing,6,5,1,0.00016954135,7,OOD_Class_6
Find the schedule for films at the Douglas Theatre Company .,6,5,1,0.00011306583,7,OOD_Class_6
book a restaurant table at the food court in the spa sixteen hours from now,1,1,0,0.00013623021,7,OOD_Class_6
What time is Hold That Blonde playing at the closest cinema ?,6,5,1,0.0011550292,7,OOD_Class_6
play Seven Steps To Heaven by Wikluh Sky,3,3,0,0.00013594245,7,OOD_Class_6
Book a table for 10 people at Dunbrody Country House Hotel in Strandburg .,1,1,0,0.0001249501,7,OOD_Class_6
Add the da brat track to the Soak Up The Sun playlist.,0,0,0,0.00017189553,7,OOD_Class_6
When does Of Stars and Men play?,6,5,1,0.00024308391,7,OOD_Class_6
Give this chronicle 4 stars,4,4,0,0.00012118967,7,OOD_Class_6
what's the nearest movie house showing Their Last Love Affair,6,5,1,0.0002419516,7,OOD_Class_6
Out of 6 stars I give the chronicle three and look forward to what's next .,4,4,0,0.000118150594,7,OOD_Class_6
Play a Paul Davis melody,3,3,0,0.0001279768,7,OOD_Class_6
What are the movie times,6,5,1,0.00014368084,7,OOD_Class_6
Can I get the showtimes for films at the closest movie house .,6,5,1,0.0014719527,7,OOD_Class_6
Rate Gates of Fire a 2,4,4,0,0.00010601354,7,OOD_Class_6
Rate the current album 3 points,4,4,0,0.00011121052,7,OOD_Class_6
Play Cherry Pink by Trapp Mendoza on Iheart,3,3,0,0.00014014951,7,OOD_Class_6
Where and when can I see The Image Makers,6,5,1,0.000116083655,7,OOD_Class_6
What animated movies are playing at the closest cinema,6,5,1,0.0013975014,7,OOD_Class_6
Find the schedule for Vanishing of the Bees at a movie house .,6,5,1,0.00013413675,7,OOD_Class_6
give 1 out of 6 points to Revolution World,4,4,0,0.00011530209,7,OOD_Class_6
What time is The Crystal Gazer playing at the closest cinema ?,6,5,1,0.0011203352,7,OOD_Class_6
What is the forcast now in Kansas,2,2,0,0.00011705878,7,OOD_Class_6
"I want to eat Louisiana Fried Chicken in McColl , IA",1,1,0,0.00028578367,7,OOD_Class_6
Book me a reservation for Ad Hoc in Brazil for a party of 7,1,1,0,0.0001485779,7,OOD_Class_6
What time is Truth About Kerry playing at movie house,6,5,1,0.00015937157,7,OOD_Class_6
Check which cinema currently runs When the Last Sword is Drawn .,6,5,1,0.00014901049,7,OOD_Class_6
find a movie schedule,6,5,1,9.0853864e-05,7,OOD_Class_6
Add sara hickman to my Targeted list,0,0,0,0.0001745988,7,OOD_Class_6
Look up the television show called Monster Mash,5,5,0,0.00011598014,7,OOD_Class_6
What are the movie schedules for the Loews Cineplex,6,5,1,0.00020522457,7,OOD_Class_6
Add Atticus Ross to the playlist electrosafari,0,0,0,0.00017155898,7,OOD_Class_6
give four out of 6 stars for this chronicle,4,4,0,0.0001249145,7,OOD_Class_6
Play something on Zvooq,3,3,0,0.00012623379,7,OOD_Class_6
Can you make reservations for a party of eight in Iowa,1,1,0,0.00016982142,7,OOD_Class_6
Play a concerto top ten sort by Lloyd .,3,3,0,0.00012723506,7,OOD_Class_6
Showtimes for animated movies in Malco Theatres ?,6,5,1,0.0003358562,7,OOD_Class_6
What time is High Schools playing,6,5,1,0.00036832303,7,OOD_Class_6
What are the movie schedule at Malco Theatres,6,5,1,0.0007655345,7,OOD_Class_6
Where is the nearest cinema that is playing The Kid Brother,6,1,1,0.00084389845,7,OOD_Class_6
Give me the movies in the neighborhood,6,5,1,0.00018521477,7,OOD_Class_6
book a table in Fleetwood at a nearby deli,1,1,0,0.00013317268,7,OOD_Class_6
What is the movie times at Marcus Corporation,6,5,1,0.00012819577,7,OOD_Class_6
Find the movie schedules at Magic Johnson Theatres,6,5,1,0.000101843674,7,OOD_Class_6
Please look for Catch a Falling Star,5,5,0,0.000110234956,7,OOD_Class_6
Show me the closest 12 A.M. showing at a movie house of an animated movie,6,5,1,0.0002453577,7,OOD_Class_6
What are the movies showing in the neighbourhood,6,5,1,0.00022238678,7,OOD_Class_6
show the movie schedule for 9 pm at Cobb Theatres,6,5,1,0.00019984,7,OOD_Class_6
find National Amusements showing The Trouble with Harry,6,5,1,0.000116204064,7,OOD_Class_6
rate this essay one out of 6 stars,4,4,0,0.000115753624,7,OOD_Class_6
book a restaurant in AL at Oak Ridge,1,1,0,0.00013975549,7,OOD_Class_6
Play some music from 1989 by Sanjeev Abhyankar .,3,3,0,0.00014015043,7,OOD_Class_6
Will I Think I Do be playing at 7 PM ?,6,3,1,0.0011981834,7,OOD_Class_6
What is the local movie schedule,6,5,1,0.00025180134,7,OOD_Class_6
find movie schedules for Loews Cineplex,6,5,1,0.00010325063,7,OOD_Class_6
what time can i see Girls to Marry,6,5,1,0.00019226996,7,OOD_Class_6
Is The Mystery of Betty Bonn playing at twelve A.M. at the nearest movie house ?,6,5,1,0.0003684182,7,OOD_Class_6
Can you give me the movie schedule for Amco Entertainment ?,6,5,1,0.00011918623,7,OOD_Class_6
FInd trailer for Iraq for Sale The War Profiteers,5,5,0,0.0001054963,7,OOD_Class_6
find animated movie at Landmark Theatres,6,5,1,0.00011001491,7,OOD_Class_6
Where is My Dearest Enemy playing,6,5,1,0.00017219021,7,OOD_Class_6
I want to give this novel a four out of 6 stars,4,4,0,0.00011296216,7,OOD_Class_6
me and deanna want to book a restaurant in Malawi,1,1,0,0.0001798104,7,OOD_Class_6
is the weather freezing in AK,2,2,0,0.00010927116,7,OOD_Class_6
What movies are playing at Warren Theatres ?,6,5,1,0.0010979219,7,OOD_Class_6
Give 5 of 6 stars to Expressive Processing,4,4,0,0.00011942739,7,OOD_Class_6
Add the song to my R&B Movement playlist.,0,0,0,0.00015881984,7,OOD_Class_6
Is The Kiss playing,6,5,1,0.00063104316,7,OOD_Class_6
Where is The Penthouse playing,6,5,1,0.00046097717,7,OOD_Class_6
What are the movie times for the Marcus Corporation,6,5,1,0.00019098679,7,OOD_Class_6
Play music by Damien Rice,3,3,0,0.00014715723,7,OOD_Class_6
Play While We Were Waiting by Sippie Wallace on Vimeo,3,3,0,0.00013556295,7,OOD_Class_6
When is We Stick Together Through Thick and Thin playing at ArcLight Hollywood ?,6,5,1,0.0004063122,7,OOD_Class_6
What is the TV show Journal of Personality and Social Psychology ?,5,5,0,0.0001781234,7,OOD_Class_6
Show me the movie schedule,6,5,1,0.00010076129,7,OOD_Class_6
give two stars to current chronicle,4,4,0,0.000116661344,7,OOD_Class_6
What time is Return from Hell playing at the nearest movie house,6,5,1,0.00017174245,7,OOD_Class_6
What movies are showing at the nearest movie theatre in 8 minutes ?,6,5,1,0.0012436126,7,OOD_Class_6
Start up my Independent Music Monday playlist.,3,3,0,0.00013130836,7,OOD_Class_6
add kurious jorge to my synth pop,0,0,0,0.00016434313,7,OOD_Class_6
Play eighties music,3,3,0,0.00013100696,7,OOD_Class_6
What are the movie schedules for Speakeasy Theaters,6,5,1,0.00043604316,7,OOD_Class_6
play a tune by Syreeta Wright from twenties from the top,3,3,0,0.00014424472,7,OOD_Class_6
I would like to find a cafe that serves grilled meat close by in Tunisia and need a table for 2 one second from now .,1,1,0,0.00014301759,7,OOD_Class_6
this textbook only gets two out of 6 stars,4,4,0,0.0001277516,7,OOD_Class_6
Play thirties concerto music on Google Music,3,3,0,0.0001355726,7,OOD_Class_6
Play Night Electric Night on Iheart,3,3,0,0.00012359834,7,OOD_Class_6
I rate this essay a four of 6,4,4,0,0.00011186422,7,OOD_Class_6
What time is The Night Before the Premiere playing at the movie house,6,5,1,0.00035849138,7,OOD_Class_6
Play some fifties music by Chris Brown .,3,3,0,0.0001358374,7,OOD_Class_6
Rate The Sneetches and Other Stories a three,4,4,0,0.000107053886,7,OOD_Class_6
show movie times of Regal Entertainment Group,6,5,1,0.00014285778,7,OOD_Class_6
When is One Sunday Morning scheduled to be played?,6,3,1,0.00082121027,7,OOD_Class_6
find movie times,6,5,1,8.661012e-05,7,OOD_Class_6
What films are playing at the nearest movie theatre,6,5,1,0.00046317966,7,OOD_Class_6
add a mina caputo album to my after hours party,0,0,0,0.00017248312,7,OOD_Class_6
what is the depression forecast for in five years in Altyn-Emel-Nationalpark,2,2,0,0.00011843869,7,OOD_Class_6
Rate this chronicle three of 6 stars,4,4,0,0.0001263865,7,OOD_Class_6
Play music from the eighties on Slacker .,3,3,0,0.00014097324,7,OOD_Class_6
Show me the new showings for animated movies in the neighborhood,6,5,1,0.00024885617,7,OOD_Class_6
"what will the weather be in Lago Vista on October fourteenth, 2022",2,2,0,0.00011654542,7,OOD_Class_6
"Book a food truck that serves tarte for tanisha, lorena and juliana .",1,1,0,0.00018499455,7,OOD_Class_6
Please get me The National Medical Journal of India game .,5,5,0,0.00015125445,7,OOD_Class_6
give the current series 3 points,4,4,0,0.00012737825,7,OOD_Class_6
I need films in the neighborhood,6,5,1,0.00057984336,7,OOD_Class_6
Can you add some Tommie Sunshine to my chill out playlist,0,0,0,0.00017341193,7,OOD_Class_6
I'd like to hear Cry Baby Cry by Ally Kerr .,3,3,0,0.00012327384,7,OOD_Class_6
What's the weather in Singapore,2,2,0,0.000113732916,7,OOD_Class_6
Put Jean Philippe Goncalves onto my running to rock 170 to 190 bpm .,0,0,0,0.00022722824,7,OOD_Class_6
Can I get showtimes for films in the neighborhood .,6,5,1,0.00043415715,7,OOD_Class_6
Book a table for 10 at the Dunbrody Country House Hotel in Serbia,1,1,0,0.00012795556,7,OOD_Class_6
Add Joey Fatone to my Spotlight on Country 2016 playlist,0,0,0,0.00016931174,7,OOD_Class_6
find National Amusements showing The Sea Is Behind,6,5,1,9.9298384e-05,7,OOD_Class_6
Can you tell me the movies playing at United Paramount Theatres,6,5,1,0.00039075883,7,OOD_Class_6
Give this essay a 2 out of 6 .,4,4,0,0.00011884597,7,OOD_Class_6
Show the Mickey Mouse photograph,5,5,0,0.00013407269,7,OOD_Class_6
List movie schedules for movies playing close by,6,5,1,0.00026882012,7,OOD_Class_6
Where can I find the photograph of Mr Blobby,5,5,0,0.00013192727,7,OOD_Class_6
show weather forecast at three am .in Wauregan,2,2,0,0.00012619523,7,OOD_Class_6
"Book a reservation for 1 at PM Park, Clear Lake, Iowa in Mongolia in 1 hour",1,1,0,0.00016077228,7,OOD_Class_6
i give The Aquariums of Pyongyang 3 out of 6 stars,4,4,0,0.000117921234,7,OOD_Class_6
Add So Far to my Retrovisor playlist.,0,0,0,0.00015882074,7,OOD_Class_6
When is Sins of the Fathers playing?,6,5,1,0.00014944829,7,OOD_Class_6
I would like a restaurant reservation for this year for 4 people.,1,1,0,0.00013606632,7,OOD_Class_6
Show me the movie schedule,6,5,1,0.00010076129,7,OOD_Class_6
What's the movie schedule at Great Escape Theatres,6,5,1,0.00034272313,7,OOD_Class_6
show movie schedule at Cinemark Theatres,6,5,1,0.00016394598,7,OOD_Class_6
Find time for The Thirty Nine Steps,6,5,1,8.874783e-05,7,OOD_Class_6
rate the current album two points,4,4,0,0.00010437013,7,OOD_Class_6
book me a restaurant at Sint Maarten on sun .,1,1,0,0.0002680543,7,OOD_Class_6
When is Purple Heart scheduled at the nearest movie house ?,6,2,1,0.0017604711,7,OOD_Class_6
Add De Principii Evangelikum to my Domingo Indie palylist,0,0,0,0.00016394243,7,OOD_Class_6
Tell me where I can watch Common Law Cabin,6,5,1,0.000117676405,7,OOD_Class_6
book a spot for seven at a brasserie with ginestrata,1,1,0,0.00020496645,7,OOD_Class_6
When can I watch Prince Daewon at movie house ?,6,5,1,0.00015102535,7,OOD_Class_6
Where can I see Joy of Learning ?,6,5,1,0.00012988434,7,OOD_Class_6
What is the weather like in the city of Frewen in the country of Venezuela,2,2,0,0.00010916416,7,OOD_Class_6
play a ballad by Chick Corea,3,3,0,0.0001333309,7,OOD_Class_6
Need a table for a party of 3 in Laos at a Theme restaurant,1,1,0,0.00016018514,7,OOD_Class_6
I want to book Meriton Grand Hotel Tallinn in New Jersey for four people.,1,1,0,0.00014623145,7,OOD_Class_6
Please tell me the current and local movie times,6,5,1,0.00016223128,7,OOD_Class_6
Rate the current textbook a 0 out of 6 .,4,4,0,0.000118151926,7,OOD_Class_6
When will it be hot here,2,2,0,0.00011229915,7,OOD_Class_6
What time is the Wanda Group playing The Honor of an Outlaw,6,5,1,0.00013002536,7,OOD_Class_6
give Private Games 3 stars out of 6,4,4,0,0.000119544464,7,OOD_Class_6
Find the schedule for The Tale of Sweeney Todd at seven o'clock .,6,5,1,0.000121658624,7,OOD_Class_6
Find the schedule for The Voice in the Fog at night at the closest movie house .,6,5,1,0.00012810876,7,OOD_Class_6
I'd like to see the movie Edinburgh Evening News,5,5,0,0.00012724179,7,OOD_Class_6
There can I find The Beggar Maid playing,6,5,1,0.00011076323,7,OOD_Class_6
"is it going to be chillier in Saint Augustine , WY on may 3rd",2,2,0,0.00012327534,7,OOD_Class_6
Add this album to jenifer's mellow dinner playlist,0,0,0,0.00016147952,7,OOD_Class_6
Find out what films are being played in the neighbourhood,6,5,1,0.00055600173,7,OOD_Class_6
Use itunes to play dancing playlist,3,3,0,0.00013459238,7,OOD_Class_6
What is the nearest movie house playing George Washington Slept Here,6,5,1,0.00018935112,7,OOD_Class_6
Add an album by Liza Oumarova to the Steampunk playlist.,0,0,0,0.00016587506,7,OOD_Class_6
find Belle of the Yukon,6,5,1,9.3010065e-05,7,OOD_Class_6
What time is Just Around the Corner playing,6,2,1,0.0016889166,7,OOD_Class_6
Add the Nastya Kamenskih song to my The Martin Garrix Show playlist.,0,0,0,0.00016402295,7,OOD_Class_6
rate The Cry of the Owl a four,4,4,0,0.0001056012,7,OOD_Class_6
When is The Blue of Heaven playing?,6,5,1,0.00012819446,7,OOD_Class_6
Can you look up the Molecular Oncology saga ?,5,5,0,0.00015820915,7,OOD_Class_6
show me the schedule of movie The Duchess of Langeais in cinema,6,5,1,0.00015582745,7,OOD_Class_6
What movies are playing in the area ?,6,5,1,0.0010924871,7,OOD_Class_6
find Afternoon movie times for movies in the neighborhood,6,5,1,0.00014961415,7,OOD_Class_6
find a game called Gladiators Australian Series 1,5,5,0,0.00011563592,7,OOD_Class_6
Put this tune on my get your mind right playlist,0,0,0,0.00017307053,7,OOD_Class_6
What is the movie schedule at MJR Theatres ?,6,5,1,0.0010577906,7,OOD_Class_6
Find time for the movie schedule,6,5,1,8.5934604e-05,7,OOD_Class_6
I would give this current book a rating a five and a best rating of 6,4,4,0,0.000111318084,7,OOD_Class_6
I give the next essay 4 out of 6 points .,4,4,0,0.000115414696,7,OOD_Class_6
Book a reservation for Clinton Street Baking Company & Restaurant distant from downtown,1,1,0,0.00012482028,7,OOD_Class_6
I want to listen to a popular melody by David Bazan,3,3,0,0.00012140443,7,OOD_Class_6
rate the current textbook zero out of 6 points,4,4,0,0.00011643399,7,OOD_Class_6
show movie times for movies in the area,6,5,1,0.00019437984,7,OOD_Class_6
Which movie house is playing Snow in the Desert today?,6,5,1,0.00010094118,7,OOD_Class_6
Where and at what time can I see Paragraphe 78,6,5,1,0.00015447367,7,OOD_Class_6
find movie times,6,5,1,8.661012e-05,7,OOD_Class_6
find Endless Horizons,6,5,1,9.032436e-05,7,OOD_Class_6
add Michael Hayvoronsky to Lo Que Suena Los Angeles,0,0,0,0.00018998656,7,OOD_Class_6
I'd rate Glaring Through Oblivion a zero of 6,4,4,0,0.00011462658,7,OOD_Class_6
"Will there be a lot of wind far away from here on Sep. the twenty-third, 2021",2,2,0,0.00011563795,7,OOD_Class_6
give me the movie schedule,6,5,1,9.813035e-05,7,OOD_Class_6
I want to hear Dave Seaman 's ep,3,3,0,0.00013437787,7,OOD_Class_6
add tune to my metal crash course playlist,0,0,0,0.00016243018,7,OOD_Class_6
Add died to the todo latino playlist,0,0,0,0.00016807696,7,OOD_Class_6
I want a song by john schlitt in the bajo las estrellas playlist.,0,0,0,0.00027854607,7,OOD_Class_6
I want to listen to some Aaliyah,3,3,0,0.0001326739,7,OOD_Class_6
Play Turbulence Wild Streetdanz from Jeff Buckley,3,3,0,0.00013049714,7,OOD_Class_6
rate my current novel four out of 6 stars,4,4,0,0.00011575373,7,OOD_Class_6
I'd like to watch Health Warning at the closest movie house,6,5,1,0.000627834,7,OOD_Class_6
When is Ode to Billy Joe playing at the closest movie house ?,6,5,1,0.00025201417,7,OOD_Class_6
Rate Phoenix The Fall & Rise of Videogames one points out of 6,4,4,0,0.000122020196,7,OOD_Class_6
I want to go see The Trouble with Girls,6,5,1,0.00026787323,7,OOD_Class_6
show me the movie schedules,6,5,1,0.00013798873,7,OOD_Class_6
What time is The Phoenix Project playing,6,5,1,0.000119954646,7,OOD_Class_6
Play the music of Aphex Twin 's good Album,3,3,0,0.00021464015,7,OOD_Class_6
Add tune to infinite indie folk,0,0,0,0.00017055745,7,OOD_Class_6
Show me movie schedules,6,5,1,0.00020223444,7,OOD_Class_6
Show the movie schedule at Regal Entertainment Group,6,5,1,0.00012649955,7,OOD_Class_6
add the artist a j pero to my Country Gold playlist,0,0,0,0.00019162957,7,OOD_Class_6
Where is the closest cinema that features animated movies,6,1,1,0.0023210773,7,OOD_Class_6
"I'd like to book at a place in AR , looking for an oyster bar that is indoor and can accommodate a party of eight that is also within walking distance .",1,1,0,0.00014798707,7,OOD_Class_6
Will there be a blizzard in Saudi Arabia around 2 o'clock,2,2,0,0.00011965857,7,OOD_Class_6
show the schedule of movie times,6,5,1,0.00012811857,7,OOD_Class_6
Please play some Black Metal music,3,3,0,0.00013294263,7,OOD_Class_6
I need a schedule for the cinema that is showing The Shiralee,6,5,1,0.00088038464,7,OOD_Class_6
Find the schedule for Tube at the closest movie theatre .,6,5,1,0.00014039455,7,OOD_Class_6
Which is the nearest cinema showing A Cooler Climate that starts now ?,6,5,1,0.0018513259,7,OOD_Class_6
I give the Budayeen Nights saga five out of 6 points .,4,4,0,0.000108316766,7,OOD_Class_6
I need to book a Theme restaurant this month in Chile,1,1,0,0.00039927103,7,OOD_Class_6
book a socca serving steakhouse for 2 in Saint James Alabama,1,1,0,0.0001275718,7,OOD_Class_6
What's the forecast for my current place at five pm ?,2,2,0,0.00011451332,7,OOD_Class_6
I'd like to watch Glass Chin at the movie house at 173230,6,1,1,0.0010312819,7,OOD_Class_6
What is the forecast next year in McGee,2,2,0,0.000111643945,7,OOD_Class_6
What time will The Age of Success be showing?,6,2,1,0.00056336273,7,OOD_Class_6
How temperate will it be here this week ?,2,2,0,0.00011219005,7,OOD_Class_6
What animated movies are at the closest movie house near brunch,6,1,1,0.0020735944,7,OOD_Class_6
Play The Happy Blues by Ronnie Wood .,3,3,0,0.0001221087,7,OOD_Class_6
Show me the movie times,6,5,1,8.962117e-05,7,OOD_Class_6
I'd like to give The Harder They Come two points,4,4,0,0.00012309264,7,OOD_Class_6
what kind of films are at the closest movie house,6,5,1,0.00035085698,7,OOD_Class_6
Add the artist tony thompson to my canta en la ducha playlist,0,0,0,0.0001692297,7,OOD_Class_6
Is The Cycle playing at Consolidated Theatres ?,6,5,1,0.0004844767,7,OOD_Class_6
Show the Immortal Grand Prix,5,5,0,0.0001017527,7,OOD_Class_6
find movie schedules in the neighborhood for movies,6,5,1,0.00014758737,7,OOD_Class_6
What is the movie schedule 1 second from now,6,5,1,0.00044059375,7,OOD_Class_6
play Hora Din Moldova by Yamazaki Maso,3,3,0,0.00013399284,7,OOD_Class_6
Is Lord Jim at the movie house,6,5,1,0.0010811241,7,OOD_Class_6
What time does A King in New York play in Malco Theatres,6,3,1,0.00017565084,7,OOD_Class_6
show movie times at sunrise,6,5,1,0.000115745905,7,OOD_Class_6
What film is playing in the neighbourhood,6,5,1,0.00023827066,7,OOD_Class_6
Find the Cold Dead Hand video game for me,5,5,0,0.00010027594,7,OOD_Class_6
book a table at 043628 at the northeast indian restaurant,1,1,0,0.00012614595,7,OOD_Class_6
Can I get a table at The Fort ?,1,1,0,0.00011949679,7,OOD_Class_6
"I need a highly rated oyster bar in AR in a month for jeanne collins, amy and I",1,1,0,0.00016966781,7,OOD_Class_6
What time is Wild and Wooly playing,6,5,1,0.00026564722,7,OOD_Class_6
Book a reservation for six for a tyrolean oyster bar,1,1,0,0.00015511052,7,OOD_Class_6
Play some music from the thirties .,3,3,0,0.00013063183,7,OOD_Class_6
movie schedules close by for animated movies,6,5,1,0.00021156318,7,OOD_Class_6
Book reservation in Gasconade at the best restaurant in DC,1,1,0,0.00013558747,7,OOD_Class_6
What's the weather supposed to be like in Elmer City,2,2,0,0.00011954249,7,OOD_Class_6
Show me movie times for movies in the neighborhood,6,5,1,0.00022491839,7,OOD_Class_6
Is the Wandering Detective Black Wind in the Harbor playing at Cinemark Theatres,6,5,1,0.00014592646,7,OOD_Class_6
Can you look for the creative work called No Gravity,5,5,0,0.00011207732,7,OOD_Class_6
"book a highly rated gastropub that has a pastelaria in Blue Anchor , MD in 55 weeks for my brother in law and I",1,1,0,0.0001436981,7,OOD_Class_6
Find me the showtimes for Until Death at the nearest movie house .,6,5,1,0.0001427698,7,OOD_Class_6
I give a rating of 4 out of 6 for the book My Sister and I,4,4,0,0.00012249632,7,OOD_Class_6
I'm giving this book series four points,4,4,0,0.00013585365,7,OOD_Class_6
Book a restaurant in San Juan Capistrano for 6 people at ten am,1,1,0,0.0001291532,7,OOD_Class_6
Rate The Longest Day with zero stars out of 6 .,4,4,0,0.00012762687,7,OOD_Class_6
Find me showtimes for How I Unleashed World War II .,6,5,1,0.0001983311,7,OOD_Class_6
does Red e Toby nemiciamici start thirteen hours from now,6,3,1,0.0021534807,7,OOD_Class_6
what films are showing around here,6,5,1,0.0005254918,7,OOD_Class_6
Show the movie schedule,6,5,1,0.00010747087,7,OOD_Class_6
"What will the weather be like in the Falkland Islands starting may 25, 2022",2,2,0,0.000118785625,7,OOD_Class_6
Book COVA in Frisco City for me and therese at eight pm,1,1,0,0.00017433602,7,OOD_Class_6
Is it going to be hot in Lexington-Fayette,2,2,0,0.00011620502,7,OOD_Class_6
add this album to my de camino a clase playlist,0,0,0,0.00016434421,7,OOD_Class_6
Is Gods of Metal playing,6,5,1,0.00038012,7,OOD_Class_6
Book a table for mamie and maria at a south tyrolean restaurant within walking distance from Fisk Av-69th St .,1,1,0,0.0001481384,7,OOD_Class_6
What are the movie times for the movies in the neighbourhood,6,5,1,0.00016865319,7,OOD_Class_6
Give Directive 51 three out of 6 .,4,4,0,0.00010905947,7,OOD_Class_6
show me the schedule of movies in Pacific Theatres,6,5,1,0.000166669,7,OOD_Class_6
Give 4 points / 6 to Last Day in Limbo,4,4,0,0.0001222591,7,OOD_Class_6
Search for The Long Dark,5,5,0,8.780213e-05,7,OOD_Class_6
I'd like to watch Dirty Laundry at the movie house,6,5,1,0.00024239309,7,OOD_Class_6
Where is Feast II No Limit playing,6,5,1,0.00024322,7,OOD_Class_6
I would give this current novel one stars,4,4,0,0.00011351366,7,OOD_Class_6
find a movie house closest with animated movies,6,5,1,0.00014319221,7,OOD_Class_6
Can you pull up a track on Zvooq by Graham Mcpherson,3,3,0,0.00012611308,7,OOD_Class_6
Is People of the Cumberland playing at Landmark Theatres now,6,3,1,0.00027597565,7,OOD_Class_6
I want to hear the latest twenties album from Kyle Riabko,3,3,0,0.00014875065,7,OOD_Class_6
play Deezer form 2010 tune by Dave Grohl,3,3,0,0.00013650124,7,OOD_Class_6
where is The Chief Cook playing,6,3,1,0.0010641126,7,OOD_Class_6
"find Terminator 3 The Redemption , a picture",5,5,0,0.00012887704,7,OOD_Class_6
play music using Groove Shark,3,3,0,0.00013716526,7,OOD_Class_6
I need a restaurant that has internet access for a party of six,1,1,0,0.00015359039,7,OOD_Class_6
What is the nearest cinema playing The Oak,6,1,1,0.0008936866,7,OOD_Class_6
when are animated movies playing at Goodrich Quality Theaters,6,5,1,0.0009726381,7,OOD_Class_6
find a nearby movie schedules for movies,6,5,1,0.00012140392,7,OOD_Class_6
Which animated movies are showing at the Neighborhood Cinema Group ?,6,5,1,0.00030927977,7,OOD_Class_6
Give this book chronicle four stars,4,4,0,0.00011873066,7,OOD_Class_6
I need to know when Sensation in Morgan’s Creek is playing,6,2,1,0.003258164,7,OOD_Class_6
She me movie times,6,5,1,0.00012732323,7,OOD_Class_6
What time is Sontha Ooru playing,6,3,1,0.00028687113,7,OOD_Class_6
this album is the last and rated five,4,4,0,0.00011894141,7,OOD_Class_6
Add album to Pop Rising,0,0,0,0.0001761414,7,OOD_Class_6
what movies are showing at Fox Theatres at 11 am,6,5,1,0.00062855287,7,OOD_Class_6
book a taverna for a party of 10,1,1,0,0.000158787,7,OOD_Class_6
Find a movie schedule .,6,5,1,0.00010736532,7,OOD_Class_6
Let me hear Chris Knight music,3,3,0,0.00011063337,7,OOD_Class_6
Add the track to the drum & breaks playlist.,0,0,0,0.00016684979,7,OOD_Class_6
book a highly rated bar in Curacao for one,1,1,0,0.00012253426,7,OOD_Class_6
What time is Roy Colt & Winchester Jack playing at movie house,6,3,1,0.0007417022,7,OOD_Class_6
what time is The Challenge showing at the local movie house,6,5,1,0.00042503586,7,OOD_Class_6
I'm looking to book a seat at a bakery that serves coleslaw at 194458 .,1,1,0,0.00014540217,7,OOD_Class_6
rate this series chronicle 0 points,4,4,0,0.00012382063,7,OOD_Class_6
Add radhae unakku kobam aagathadi to my Women of Metal playlist,0,0,0,0.00017139167,7,OOD_Class_6
add la voce to my Dubstep Dangles Dirty playlist,0,0,0,0.0001661195,7,OOD_Class_6
Book me a table for two in Oakes .,1,1,0,0.00012807384,7,OOD_Class_6
When is That Forward Center Died at Dawn playing at the closest cinema ?,6,5,1,0.0006265754,7,OOD_Class_6
play some Kyle Ward from the seventies,3,3,0,0.00014809624,7,OOD_Class_6
find the closest cinema for films,6,5,1,0.00021405895,7,OOD_Class_6
show Andy Williams Sings Steve Allen TV show,5,5,0,0.00017157153,7,OOD_Class_6
Play the most popular song from Chae Yeon off of Spotify,3,3,0,0.00015414548,7,OOD_Class_6
rate Neverwhere four out of 6,4,4,0,0.00010905975,7,OOD_Class_6
I want to watch Fist of the North Star 1 minute from now,6,5,1,0.00014860301,7,OOD_Class_6
help me find the work Graphics Animation System for Professionals,5,5,0,0.0002018397,7,OOD_Class_6
Find the movie times now .,6,5,1,9.237678e-05,7,OOD_Class_6
Tell me the movie schedules for Mann Theatres,6,5,1,0.00027372537,7,OOD_Class_6
Please play something catchy on Youtube,3,3,0,0.00013662738,7,OOD_Class_6
Can I get the movie times,6,5,1,8.4931045e-05,7,OOD_Class_6
Book a restaurant in Botswana for seven people.,1,1,0,0.00012751897,7,OOD_Class_6
Show me a picture of Love,5,5,0,0.0003333914,7,OOD_Class_6
whats the nearest movie house showing animated movies,6,5,1,0.00034924262,7,OOD_Class_6
I want to watch Manthan,5,5,0,0.00024059338,7,OOD_Class_6
Please tell me movie times,6,5,1,0.00010756047,7,OOD_Class_6
I would like Ignacio Figueredo 's tune added to electroNOW .,0,0,0,0.00019658431,7,OOD_Class_6
open the Canciones del Recuerdo playlist and play songs,3,3,0,0.00025796352,7,OOD_Class_6
What movies are playing at Marcus Corporation ?,6,5,1,0.0009485426,7,OOD_Class_6
Book the Union Oyster House in Guanica Puerto Rico .,1,1,0,0.00015055227,7,OOD_Class_6
"find Face the Truth , a TV show",5,5,0,0.00011440398,7,OOD_Class_6
"What's the weather like in Tyonek , New Jersey",2,2,0,0.00011485026,7,OOD_Class_6
I'd like to watch All on the Red at 9 o'clock,6,5,1,0.0002654681,7,OOD_Class_6
Give Physics of the Impossible four points .,4,4,0,0.00014848183,7,OOD_Class_6
Find the Digital Champ Battle Boxing,5,5,0,0.00010969926,7,OOD_Class_6
What time does the next movie play around here,6,5,1,0.0002968174,7,OOD_Class_6
Find the movie times for movies playing in the neighborhood,6,5,1,0.00010757385,7,OOD_Class_6
I need a list of animated movies playing around here,6,5,1,0.0004129249,7,OOD_Class_6
play an Masaki Aiba tune,3,3,0,0.00013424724,7,OOD_Class_6
Find Digimon Next,5,5,0,9.968843e-05,7,OOD_Class_6
Is Tomorrow at Seven being played at Douglas Theatre Company ?,6,2,1,0.0008825279,7,OOD_Class_6
Play music off Itunes .,3,3,0,0.00013359613,7,OOD_Class_6
find me the book Filthy Lucre Live,5,5,0,9.300963e-05,7,OOD_Class_6
Are there any movies playing at 5 am at North American Cinemas ?,6,3,1,0.0007893431,7,OOD_Class_6
"I want to book a restaurant in Wallsburg , Missouri for michele, diann and pam",1,1,0,0.00013623983,7,OOD_Class_6
Where can I see The Prime Ministers The Pioneers,6,5,1,0.00016106911,7,OOD_Class_6
find Quiet Night In,6,5,1,8.534846e-05,7,OOD_Class_6
Please show me the movie schedule for today.,6,5,1,0.000166427,7,OOD_Class_6
Play the latest music by Martin Luther Mccoy,3,3,0,0.0001471606,7,OOD_Class_6
rate the current chronicle series 4 out of 6 points,4,4,0,0.00011826746,7,OOD_Class_6
Find me the movie with the title of Twitches,5,5,0,0.00011131845,7,OOD_Class_6
give me the movie times for movies showing in the neighborhood,6,5,1,0.00014845916,7,OOD_Class_6
Find the schedule for Better This World at a movie house .,6,5,1,0.0001262511,7,OOD_Class_6
can you find me a showing for Before the Music Dies in one second ?,6,5,1,0.00012650502,7,OOD_Class_6
what films are showing in the neighborhood,6,5,1,0.0006023644,7,OOD_Class_6
rate this book saga 3 out of 6 stars,4,4,0,0.00011757645,7,OOD_Class_6
is there a program about The Last Flight ?,5,5,0,0.00019057274,7,OOD_Class_6
What Pacific Theatres are playing animated movies,6,5,1,0.00017304391,7,OOD_Class_6
Show the Glass Cloud – Single TV series,5,5,0,0.00011012542,7,OOD_Class_6
Tell me the predicted weather once I travel faraway to Crimson Lake Provincial Park .,2,2,0,0.00011306737,7,OOD_Class_6
Are any animated movies scheduled for release in Mann Theatres ?,6,5,1,0.00019161555,7,OOD_Class_6
Show me the movie times at Star Theatres,6,5,1,0.000111420355,7,OOD_Class_6
what is the twenty one o'clock forecast for the current spot,2,2,0,0.00011734386,7,OOD_Class_6
play some Gary Lee Conner,3,3,0,0.00014110433,7,OOD_Class_6
Find me a saga by Reproductions,5,5,0,0.00010895309,7,OOD_Class_6
find The Broken,6,5,1,8.4933316e-05,7,OOD_Class_6
What times will The Young Swordsman be showing at a local cinema ?,6,5,1,0.0013986373,7,OOD_Class_6
I'd like to watch movies close by,6,5,1,0.0005914848,7,OOD_Class_6
Is Prophecy playing at Malco Theatres,6,3,1,0.00015958429,7,OOD_Class_6
Play Punk Essentials on google music,3,3,0,0.00012796259,7,OOD_Class_6
"whats the forecast for January 21, 2035 in Dubach",2,2,0,0.00012059725,7,OOD_Class_6
Book a bar that serves ribs for 5 people.,1,1,0,0.00015225734,7,OOD_Class_6
Book the City Tavern in Holiday KS .,1,1,0,0.00013170882,7,OOD_Class_6
what's the movie schedules for Magic Johnson Theatres,6,5,1,0.00028465284,7,OOD_Class_6
Find movie times .,6,5,1,0.000100665486,7,OOD_Class_6
Show me when and where I can see Song of Summer,6,5,1,0.00012001002,7,OOD_Class_6
give it a 0 for this essay,4,4,0,0.00012938221,7,OOD_Class_6
is One Night Surprise at the cinema,6,1,1,0.0006291636,7,OOD_Class_6
add artist post metal to playlist,0,0,0,0.0001742613,7,OOD_Class_6
Find the movie schedule for animated movies in the area .,6,5,1,0.00013571682,7,OOD_Class_6
Is it supposed to hail in Rosenberg in the French Polynesia,2,2,0,0.00010135121,7,OOD_Class_6
play a tune from 1962,3,3,0,0.00012140185,7,OOD_Class_6
Is it going to storm in Black Rock Alaska,2,2,0,0.000113180366,7,OOD_Class_6
What films are there being played at Megaplex Theatres ?,6,5,1,0.0005910351,7,OOD_Class_6
What time is Soul Surfer playing,6,5,1,0.00013271031,7,OOD_Class_6
"book a table at an oyster bar that serves apple butter on Jul. 10th, 2028",1,1,0,0.00014104326,7,OOD_Class_6
where can i see animated movies in the neighborhood,6,5,1,0.0001683934,7,OOD_Class_6
What does it feel like in Alloway,2,2,0,0.00013039428,7,OOD_Class_6
What time is The Christmas Toy playing at Loews Cineplex,6,5,1,0.0007006092,7,OOD_Class_6
find a cinema for The Tenderfoot nearest me,6,5,1,0.0007685131,7,OOD_Class_6
what is a weather of Martinique a month from now,2,2,0,0.000109270484,7,OOD_Class_6
find Dipson Theatres with Swiss Army Man at 8 p.m.,6,5,1,0.00021052289,7,OOD_Class_6
Where is Among the Great Apes with Michelle Yeoh playing and when,6,5,1,0.00027464892,7,OOD_Class_6
Find the schedule for movies at Harkins Theatres .,6,5,1,0.000110440844,7,OOD_Class_6
I want to see Outcast .,6,5,1,0.00033159167,7,OOD_Class_6
I would give Sentenced to Prism a rating of zero and a best rating of 6,4,4,0,0.00012650882,7,OOD_Class_6
play music by Francis Healy,3,3,0,0.0001296123,7,OOD_Class_6
Book a jewish churrascaria in Minnesota for 9 people.,1,1,0,0.00017093228,7,OOD_Class_6
What cinema is playing The Strongest Instinct now ?,6,5,1,0.00021611816,7,OOD_Class_6
is Las aventuras de Zachary Beaver at Harkins Theatres,6,3,1,0.0007585739,7,OOD_Class_6
show me the schedule of movie Warning from Space closest to movie house,6,5,1,0.00012786871,7,OOD_Class_6
show movie times at Cinemark Theatres,6,5,1,0.00021018885,7,OOD_Class_6
play songs by Wise,3,3,0,0.00012959841,7,OOD_Class_6
Where is Boo to You Too! Winnie the Pooh playing,6,5,1,0.0002876407,7,OOD_Class_6
Find the schedule for animated movies in the area .,6,5,1,0.00013934048,7,OOD_Class_6
this tune should go on my coffee table jazz playlist,0,0,0,0.00020103718,7,OOD_Class_6
add git to Domingo Indie,0,0,0,0.00018540655,7,OOD_Class_6
What time is The Man Who Dared playing at the movie theatre ?,6,5,1,0.00013607564,7,OOD_Class_6
Is it freezing in Tira,2,2,0,0.000113623595,7,OOD_Class_6
Where can I get movie schedule,6,5,1,0.00010518138,7,OOD_Class_6
Please give me information on when Prisoner of Zenda will be shown.,6,5,1,0.0025503172,7,OOD_Class_6
Find movie times for movies in the neighbourhood .,6,5,1,0.00014375932,7,OOD_Class_6
Find the schedule for The Nightmare six hours from now at the nearest cinema .,6,5,1,0.0001569217,7,OOD_Class_6
What movie house is playing the animated movies nearest ?,6,5,1,0.0001229702,7,OOD_Class_6
Can i get the showtimes for films at Dickinson Theatres ?,6,5,1,0.00015654841,7,OOD_Class_6
Is Brother at United Paramount Theatres,6,5,1,0.00038800287,7,OOD_Class_6
Which films are playing at the closest movie house ?,6,5,1,0.00024124993,7,OOD_Class_6
What's the humidity now in NH ?,2,2,0,0.00011507491,7,OOD_Class_6
Add janie jones to my Indie Pop,0,0,0,0.00015789155,7,OOD_Class_6
Is Storm Warning playing,6,2,1,0.0008971835,7,OOD_Class_6
What movies are playing in the neighborhood,6,5,1,0.00040285118,7,OOD_Class_6
What movies are currently playing at the Caribbean Cinemas,6,3,1,0.0010062688,7,OOD_Class_6
I would like to rate the current book I am reading 0 stars .,4,4,0,0.00012285776,7,OOD_Class_6
is Young Policemen In Love at the local movie theatre,6,5,1,0.00038016526,7,OOD_Class_6
She me movie times at Mann Theatres,6,1,1,0.001120805,7,OOD_Class_6
Is it snowy in Audra State Park or within the same area,2,2,0,0.00010820616,7,OOD_Class_6
Rate In the Company of Cheerful Ladies a zero out of 6,4,4,0,0.00011507707,7,OOD_Class_6
What do the movie schedules at B&B Theatres look like?,6,5,1,0.0077760033,7,OOD_Class_6
What time around here can I fins animated movies,6,5,1,0.0001221054,7,OOD_Class_6
Is it warm in Sierra Blanca now,2,2,0,0.00011186291,7,OOD_Class_6
I want to see Dead Calm at the closest cinema,6,5,1,0.00078022346,7,OOD_Class_6
play No More Sorrow,3,3,0,0.0005427936,7,OOD_Class_6
movie schedules at AMC Theaters,6,5,1,0.0012603353,7,OOD_Class_6
Add Kd lang to my Deep Focus playlist,0,0,0,0.00016386327,7,OOD_Class_6
Where can I find the game KAAKAI Newspaper,5,5,0,0.000106321604,7,OOD_Class_6
Will it snow in my current location,2,2,0,0.00010580478,7,OOD_Class_6
Will there be rainfall four weeks from now in Tehama Bahamas,2,2,0,0.00010736705,7,OOD_Class_6
Tell me what films are playing at Plitt Theatres,6,3,1,0.0017958672,7,OOD_Class_6
show me PhotoScape,5,5,0,0.00021995837,7,OOD_Class_6
I need to book a top-rated steakhouse this Autumn for 1 around Azerbaijan,1,1,0,0.00013367155,7,OOD_Class_6
when is Nattbuss 807 playing at a movie theatre near me,6,3,1,0.0008822186,7,OOD_Class_6
find the photograph JBoss Enterprise SOA Platform,5,5,0,0.00014398019,7,OOD_Class_6
rate the last saga 3,4,4,0,0.00013065124,7,OOD_Class_6
What are the movie times at the Loews Cineplex,6,5,1,0.00027784894,7,OOD_Class_6
What time does Kraken Tentacles of the Deep play,6,5,1,0.00014143174,7,OOD_Class_6
I want to hear a Gucci Mane song from Last Fm from 2002,3,3,0,0.00012477102,7,OOD_Class_6
i want to watch The Shamrock Handicap right now,6,5,1,0.00024183145,7,OOD_Class_6
Tell me what films are currently playing at AMC Theaters,6,5,1,0.0018112685,7,OOD_Class_6
this track should go into my playlist called This Is Beethoven,0,0,0,0.00017682216,7,OOD_Class_6
What are the movie schedules for any animated movies playing in the neighbourhood ?,6,5,1,0.00026559495,7,OOD_Class_6
add Jalal Zolfonun to my Nature Noise,0,0,0,0.00017648432,7,OOD_Class_6
rate this essay four out of 6,4,4,0,0.00011340401,7,OOD_Class_6
I'd like to see the current showtimes for His Kind of Woman,6,5,1,0.00013152791,7,OOD_Class_6
What is the trailer for Feel the Passion .,5,5,0,0.0001409816,7,OOD_Class_6
List movies at IMAX Corporation,6,5,1,0.00028565247,7,OOD_Class_6
give 4 points to this novel,4,4,0,0.00010970082,7,OOD_Class_6
Is American Primitive showing in Santikos Theatres,6,5,1,0.00029902966,7,OOD_Class_6
What animated movies are showing in the area ?,6,5,1,0.0009655759,7,OOD_Class_6
add the artist to the 90's Baby Makers playlist,0,0,0,0.00016195349,7,OOD_Class_6
what is the Poland forecast for next January,2,2,0,0.0001147387,7,OOD_Class_6
Please show me the movie schedule for movies playing in the neighborhood .,6,5,1,0.00028612476,7,OOD_Class_6
Show me the animated movies starting at 105618 a.m. at the nearest movie house,6,5,1,0.00062796084,7,OOD_Class_6
I would rate The Door to December 3 points and a best rating of 6,4,4,0,0.000106014435,7,OOD_Class_6
Book the Light Horse Tavern for 4 people.,1,1,0,0.00013648467,7,OOD_Class_6
show me the schedule of movie times in Dipson Theatres,6,5,1,0.00021248207,7,OOD_Class_6
Play the playlist spring,3,3,0,0.00011492066,7,OOD_Class_6
I want to rate the current chronicle a two,4,4,0,0.000118497584,7,OOD_Class_6
Add ana carolina to chill,0,0,0,0.00018324298,7,OOD_Class_6
Does The Yacoubian Building start at 0839 pm,6,2,1,0.00018955827,7,OOD_Class_6
Add the big mama thornton song to cassie's Punk Rock Workout playlist,0,0,0,0.00015727832,7,OOD_Class_6
What are movie times for movies playing in the neighborhood ?,6,5,1,0.00029544963,7,OOD_Class_6
rate the Beyonders A World Without Heroes saga 1 out of 6 stars,4,4,0,0.00011597953,7,OOD_Class_6
find 16 starting time for Heavenly Body,6,5,1,9.174425e-05,7,OOD_Class_6
I want to listen to some Saori Atsumi from the twenties on Deezer,3,3,0,0.00013973941,7,OOD_Class_6
Rate this album zero of 6,4,4,0,0.00011643302,7,OOD_Class_6
Play my 88 Keys playlist.,3,3,0,0.0001341158,7,OOD_Class_6
"Is there a freezing forecast for Minto , Nicaragua ?",2,2,0,0.00012309548,7,OOD_Class_6
What is the weather in Deeth,2,2,0,0.00010305248,7,OOD_Class_6
Play ballad from Mandy Moore,3,3,0,0.0001326819,7,OOD_Class_6
Play me a 1958 adam yauch concerto on Groove Shark,3,3,0,0.00015361934,7,OOD_Class_6
What time will Where the Breakers Roar be playing?,6,2,1,0.00028294558,7,OOD_Class_6
find a movie house closest showing Operation Kingdom,6,5,1,0.00012873631,7,OOD_Class_6
Where can I watch Gaddar The Traitor ?,6,5,1,0.00012635528,7,OOD_Class_6
What's the movie schedule,6,5,1,0.00020976465,7,OOD_Class_6
Can I get the showtimes for Fit for a King ?,6,5,1,9.7276206e-05,7,OOD_Class_6
Fine movie times for Loews Cineplex Entertainment .,6,5,1,0.00017121715,7,OOD_Class_6
Book a reservation for 10 people at an oyster bar with a pool within the same area of Cowansburg for 10 Pm,1,1,0,0.00012006092,7,OOD_Class_6
i want the movie schedules for movies around here,6,5,1,0.00025626607,7,OOD_Class_6
Play something from 2004 by Imogen Heap on spotify,3,3,0,0.00014159393,7,OOD_Class_6
"Book PM Park, Clear Lake, Iowa at 5 am for 6 people.",1,1,0,0.00014468016,7,OOD_Class_6
Show me the schedule for ArcLight Hollywood for animated movies,6,5,1,0.00014002903,7,OOD_Class_6
Can you tell me the weather forecast for Samoa,2,2,0,0.00011055891,7,OOD_Class_6
Rate Steps two out of 6 points,4,4,0,0.000115188974,7,OOD_Class_6
What time does Military history of African Americans play,6,5,1,0.00032060995,7,OOD_Class_6
What movie theatre is playing The Magnificent Scoundrels,6,5,1,0.00014138322,7,OOD_Class_6
what is the 11 pm forecast for here and far,2,2,0,0.000107997905,7,OOD_Class_6
find the movie schedules,6,5,1,9.642919e-05,7,OOD_Class_6
whats the movie schedule for movies nearby,6,5,1,0.00093862455,7,OOD_Class_6
I need a table booking for a highly rated sardinian pub .,1,1,0,0.00015292982,7,OOD_Class_6
I give the next textbook a 2 .,4,4,0,0.00012394167,7,OOD_Class_6
find a saga called Shame on You,5,5,0,0.000106428735,7,OOD_Class_6
show animated movie at Century Theatres,6,5,1,0.00014474792,7,OOD_Class_6
Rate this textbook a 1,4,4,0,0.00011575354,7,OOD_Class_6
I'd like to eat english cuisine at a restaurant in Ettrick,1,1,0,0.00014109981,7,OOD_Class_6
Play me the last 1980 record by Brenda Kahn,3,3,0,0.0001259958,7,OOD_Class_6
Give The First Chronicles of Druss the Legend a zero .,4,4,0,0.00012626253,7,OOD_Class_6
What animated movies are playing at the closest movie theatre,6,5,1,0.00046731665,7,OOD_Class_6
add fabrice morvan to Folk for Kids,0,0,0,0.0001901734,7,OOD_Class_6
what films are at Kerasotes Theatres,6,5,1,0.00043120128,7,OOD_Class_6
What's the forecast for AL twenty one minutes from now ?,2,2,0,0.00011563755,7,OOD_Class_6
I'd like to see movie times please.,6,5,1,0.00014615522,7,OOD_Class_6
What movie theatre is palying The Hurricane five hours from now,6,5,1,0.0001276756,7,OOD_Class_6
"How is the weather going to be this week in Roseau , IA .",2,2,0,0.000112960086,7,OOD_Class_6
Add dr know to my TODO ALTERNATIVO playlist.,0,0,0,0.00017597068,7,OOD_Class_6
Find the movie schedule .,6,5,1,0.0001009614,7,OOD_Class_6
Please book me seating at the food court in Hazel Green for nine,1,1,0,0.00014887584,7,OOD_Class_6
I'd like to watch films at the closest movie theatre,6,5,1,0.0024519034,7,OOD_Class_6
play Netflix tunes from 2003 on an album,3,3,0,0.00012974221,7,OOD_Class_6
What is the weather doing in South Carolina right now ?,2,2,0,0.00011786253,7,OOD_Class_6
Whats' the weather in Fernando New Jersey,2,2,0,0.000107997264,7,OOD_Class_6
Does Wildorado have a hot temperature,2,2,0,0.00012166086,7,OOD_Class_6
What is the weather forecast for Nicaragua,2,2,0,0.000109270724,7,OOD_Class_6
Tell me the weather forecast for here,2,2,0,0.00011045022,7,OOD_Class_6
Is The King of the Kitchen playing in fifteen hours ?,6,5,1,0.0012309538,7,OOD_Class_6
Looking for novel Build Engine,5,5,0,0.00011988993,7,OOD_Class_6
I want the movie Perseo Miranda and his Theatre,5,5,0,0.00013128351,7,OOD_Class_6
is it going to be cold in Readstown at 4 AM,2,2,0,0.00011694512,7,OOD_Class_6
Find the schedule for A Kiss Before Dying .,6,5,1,0.00011440289,7,OOD_Class_6
Please fine me Worms Clan Wars .,5,5,0,0.00024186792,7,OOD_Class_6
Where is the nearest cinema playing Rainbow Eyes that starts in one minute ?,6,5,1,0.002159502,7,OOD_Class_6
Show me the saga St. Elsewhere,5,5,0,0.00013077329,7,OOD_Class_6
add this gisela song to my dancehall official,0,0,0,0.0001684056,7,OOD_Class_6
find a movie house closest with Beethoven Lives Upstairs,6,5,1,0.0001264825,7,OOD_Class_6
book me a restaurant,1,1,0,0.00012677259,7,OOD_Class_6
I'm looking for the saga Lifelong Ambitions,5,5,0,0.00013866043,7,OOD_Class_6
Where can I find the picture of House Foundation,5,5,0,0.000119423436,7,OOD_Class_6
I want to add Kiara to my Digster Future Hits playlist,0,0,0,0.00016425973,7,OOD_Class_6
Play Listen To The Mocking Bird by Billy Martin on Youtube,3,3,0,0.00011594607,7,OOD_Class_6
Can you let me know when Talk of the Devil is playing at the movie theatre ?,6,5,1,0.00013267536,7,OOD_Class_6
show nearest movie theatre to watch Black Jesus,6,5,1,0.00014443707,7,OOD_Class_6
Show the movie schedule,6,5,1,0.00010747087,7,OOD_Class_6
Show me the movie schedule for Loews Cineplex .,6,5,1,0.00014139902,7,OOD_Class_6
book a table for my step father and I,1,1,0,0.00016398124,7,OOD_Class_6
What will the weather be like 20 minutes from now in Homestead Meadows in Martinique,2,2,0,0.000111535606,7,OOD_Class_6
I'd like johnny nash to be put into my playlist Always Pop Punk,0,0,0,0.00017698521,7,OOD_Class_6
What are some movies playing in the neighbourhood ?,6,5,1,0.0002503781,7,OOD_Class_6
Find the movie times for films in the area .,6,5,1,0.00011814655,7,OOD_Class_6
Will there be a blizzard in Chapel Point State Park or in the same area,2,2,0,0.00011262819,7,OOD_Class_6
I need times for A Yiddish World Remembered at Dipson Theatres,6,5,1,0.00014312717,7,OOD_Class_6
What time is The Count playing,6,5,1,0.0007558925,7,OOD_Class_6
Which films are playing at the closest cinema ?,6,5,1,0.001263393,7,OOD_Class_6
Play me the TV show The Women of Our Home,5,5,0,0.00015758177,7,OOD_Class_6
Rate this saga two with a bet rating of 6,4,4,0,0.00011665981,7,OOD_Class_6
Can you search Miracle in the Rain ?,5,5,0,0.000114737886,7,OOD_Class_6
Will it be cloudy in Guadeloupe next year,2,2,0,0.00011563877,7,OOD_Class_6
add this Roy Orbison song onto Women of Comedy,0,0,0,0.00016506792,7,OOD_Class_6
What are the movie schedules for animated movies close by,6,5,1,0.0011065152,7,OOD_Class_6
Add to my Rumba y más playlist the song by haley scarnato,0,0,0,0.00015951802,7,OOD_Class_6
When will the Santikos Theatres be showing animated movies,6,2,1,0.00071925315,7,OOD_Class_6
Play The Birds And The Bees by Ceca .,3,3,0,0.00012448532,7,OOD_Class_6
play Pop 2017 Picks,3,3,0,0.00012053962,7,OOD_Class_6
Book a bar in Holtville ND for 7 people.,1,1,0,0.000117153024,7,OOD_Class_6
add tune to my this is john williams playlist,0,0,0,0.00016006792,7,OOD_Class_6
what movies are on the movie schedules for five hours from now in the neighbourhood,6,2,1,0.00039888354,7,OOD_Class_6
movie schedule for animated movies in the neighborhood,6,5,1,0.00014029162,7,OOD_Class_6
What are the movie times of films in the neighbourhood,6,5,1,0.00019023685,7,OOD_Class_6
What is the movie schedule for movies in the neighborhood,6,5,1,0.00017793589,7,OOD_Class_6
"Can you tell me the forecast for East Falmouth , Hungary",2,2,0,0.000115637165,7,OOD_Class_6
Find the song titled The Rivalry Red v. Blue,5,5,0,0.00012736971,7,OOD_Class_6
add john brown to my Dinnertime Acoustics,0,0,0,0.00016442349,7,OOD_Class_6
What times will animated movies be showing nearby ?,6,2,1,0.0008663145,7,OOD_Class_6
find movie schedules for AMC Theaters,6,5,1,0.00012369045,7,OOD_Class_6
rate this chronicle 0 points,4,4,0,0.0001263856,7,OOD_Class_6
Book The Electric Banana in Ewen for crystal and brittney .,1,1,0,0.0001504768,7,OOD_Class_6
I want to hear the Live At Slane Castle album by Haifa Wehbe,3,3,0,0.00012270278,7,OOD_Class_6
will it be colder this Saturday in NC,2,2,0,0.00011541303,7,OOD_Class_6
Rate Soul Music a 0 .,4,4,0,0.00010549183,7,OOD_Class_6
I want to add Sin rencor to my playlist entitled te quiero,0,0,0,0.00016100511,7,OOD_Class_6
add album to my Deathcore playlist,0,0,0,0.00016124244,7,OOD_Class_6
book a food truck for greek food for 7,1,1,0,0.00017539793,7,OOD_Class_6
List movie times at Megaplex Theatres,6,5,1,0.0008189523,7,OOD_Class_6
what movie theatre is showing Titanic The Legend Goes On,6,5,1,0.00018413835,7,OOD_Class_6
Make me a reservation at a fast food restaurant for elba and corina at a restaurant with parking,1,1,0,0.00017747872,7,OOD_Class_6
What movies are playing close by,6,5,1,0.00091416296,7,OOD_Class_6
What time is Cold Prey 3 playing at cinema,6,5,1,0.00028374602,7,OOD_Class_6
Is The Lady and the Highwayman playing at 7 A.M. at Dipson Theatres ?,6,5,1,0.0021062647,7,OOD_Class_6
Please tell me the movie schedules,6,5,1,0.00018664048,7,OOD_Class_6
I'm looking for the game called Summer of Fear,5,5,0,0.00014223147,7,OOD_Class_6
Find the schedule for The Pearl of Cleopatra .,6,5,1,0.00011066788,7,OOD_Class_6
What are the movie schedules for Kerasotes Theatres,6,5,1,0.0005559106,7,OOD_Class_6
what animated movies are showing in the neighborhood,6,5,1,0.0004245818,7,OOD_Class_6
book a sushis serving restaurant in Uzbekistan,1,1,0,0.00013130777,7,OOD_Class_6
Give me the showtimes for Sign of the Anchor .,6,5,1,0.0001301162,7,OOD_Class_6
put this album on my Wild Country playlist,0,0,0,0.00016856375,7,OOD_Class_6
Play Iheart,3,3,0,0.00013351032,7,OOD_Class_6
"What's the forecast for Fort Payne , AMerican Samoa this march twentieth ?",2,2,0,0.000118783864,7,OOD_Class_6
Is The Two Gladiators playing,6,5,1,0.0011101061,7,OOD_Class_6
What is the forecast for Wyoming at Stanardsville during the storm,2,2,0,0.00010927114,7,OOD_Class_6
Which movies are playing at AMC Theaters ?,6,5,1,0.0010363394,7,OOD_Class_6
Will it be freezing in the city of Sardis,2,2,0,0.00011995006,7,OOD_Class_6
Book a restaurant for one in AL .,1,1,0,0.000110791865,7,OOD_Class_6
Add a rating of zero points out of 6 to The Inheritance of Loss,4,4,0,0.00012141876,7,OOD_Class_6
Is Romulus and the Sabines playing at the nearest cinema at ten,6,1,1,0.00032990467,7,OOD_Class_6
Where and when is This Is England playing,6,5,1,0.0015224966,7,OOD_Class_6
in one hour find King of Hearts,6,5,1,8.7034015e-05,7,OOD_Class_6
What are the movie schedules at ArcLight Hollywood,6,5,1,0.0010362904,7,OOD_Class_6
play Khujo eighties track song,3,3,0,0.0001299801,7,OOD_Class_6
Will it be hot three minutes from now faraway from Saint Croix State Park,2,2,0,0.0001132902,7,OOD_Class_6
"what is the weather forecast for WA on september 11, 2021",2,2,0,0.000118149816,7,OOD_Class_6
I want to book a table for me and my boss at Glassy Junction in Turkey .,1,1,0,0.0001438083,7,OOD_Class_6
What is the movie schedule for any films playing close by at Sunset,6,5,1,0.0011991069,7,OOD_Class_6
"Is it supposed to be colder at lunch time in Schuyler , Venezuela ?",2,2,0,0.000118612006,7,OOD_Class_6
Find the schedule for Project Shadowchaser II at the cinema in eighteen hours .,6,5,1,0.000116880576,7,OOD_Class_6
Tell me when it will be hotter in China,2,2,0,0.00013322613,7,OOD_Class_6
Can i get the movie schedule for eleven hours from now ?,6,5,1,0.00011471043,7,OOD_Class_6
is The Singing Nun at Regal Entertainment Group,6,5,1,0.00050332345,7,OOD_Class_6
"find Good Night, and Good Luck at a Cinemark Theatres",6,5,1,0.0002801505,7,OOD_Class_6
Play the top track by Claudja Barry on Last Fm,3,3,0,0.00013919412,7,OOD_Class_6
"Can you please look up the TV series , An Experiment with Time ?",5,5,0,0.00012430543,7,OOD_Class_6
Will it be freezing here at 063122 am,2,2,0,0.00011694487,7,OOD_Class_6
show the animated movies playing in the neighbourhood,6,5,1,0.00019334261,7,OOD_Class_6
What are the movie times ?,6,5,1,0.00012859247,7,OOD_Class_6
Find the schedule for movies at the nearest cinema .,6,5,1,0.00019196823,7,OOD_Class_6
Showtimes for animated movies fro Goodrich Quality Theaters .,6,5,1,0.0007114598,7,OOD_Class_6
Find me the movie schedules,6,5,1,0.00010518534,7,OOD_Class_6
Find time for Trouble for Two in one minute at Landmark Theatres,6,1,1,0.0004926284,7,OOD_Class_6
What is the weather like in North Salt Lake and Afghanistan ?,2,2,0,0.000111643894,7,OOD_Class_6
add this tune by Hal Patino to my Ambiente RnB playlist,0,0,0,0.00015951824,7,OOD_Class_6
book a spot for six at Bear Hotel in 5 seconds,1,1,0,0.0001329321,7,OOD_Class_6
What is the nearest movie theatre playing The Collaborators,6,5,1,0.00031598387,7,OOD_Class_6
add the man who never lied to my current comedy top tracks,0,0,0,0.00018914773,7,OOD_Class_6
Add javine hylton to my evening playlist,0,0,0,0.00016725702,7,OOD_Class_6
What is the Wanda Group movie schedules,6,5,1,0.00017468739,7,OOD_Class_6
What's the weather in Organ Pipe Cactus National Monument,2,2,0,0.00011034094,7,OOD_Class_6
Play me a song from the twenties by Randy Bachman,3,3,0,0.00012898436,7,OOD_Class_6
add this tune to my Dance playlist,0,0,0,0.00015521747,7,OOD_Class_6
Tell me the weather forecast for Mokena,2,2,0,0.00010135469,7,OOD_Class_6
Will it get windy close by here ?,2,2,0,0.00011575202,7,OOD_Class_6
What time is American Gun playing,6,5,1,0.00016647117,7,OOD_Class_6
I'm looking for movie schedule for films playing in the neighborhood .,6,5,1,0.00022058145,7,OOD_Class_6
I would give Dead Man Falling 5 points and a best rating of 6,4,4,0,0.00011723204,7,OOD_Class_6
Play music by Joy Nilo .,3,3,0,0.00012735424,7,OOD_Class_6
Give Star Trek The Motion Picture a five out of 6 .,4,4,0,0.00012812599,7,OOD_Class_6
Is it chilly in FM,2,2,0,0.0001295052,7,OOD_Class_6
find movie times,6,5,1,8.661012e-05,7,OOD_Class_6
what time is The Clutching Hand playing at Amco Entertainment,6,3,1,0.0005801237,7,OOD_Class_6
What are the local movie times,6,5,1,0.00014488766,7,OOD_Class_6
the stars for this are 4 for a textbook,4,4,0,0.00013090683,7,OOD_Class_6
Play music on the playlist Urban Hits,3,3,0,0.00012091549,7,OOD_Class_6
I'd like to know when I can see The Taking of Flight 847 The Uli Derickson Story at Amco Entertainment .,6,5,1,0.00022035782,7,OOD_Class_6
Show me when Scandalous John is playing.,6,5,1,0.00030601447,7,OOD_Class_6
Show movie schedules for Marcus Corporation,6,5,1,0.00013798532,7,OOD_Class_6
Is Redacted playing at the closest cinema ?,6,3,1,0.00064140285,7,OOD_Class_6
Is A Man Called Hero playing during brunch at the cinema,6,5,1,0.0008278593,7,OOD_Class_6
What animated movies are at Pacific Theatres,6,5,1,0.00064995565,7,OOD_Class_6
what's the closest movie house showing The Hard Way,6,5,1,0.00018338712,7,OOD_Class_6
Give me the schedule for animated movies at the nearest cinema,6,5,1,0.00077050086,7,OOD_Class_6
I need a table for 4 at a place not far from Palau .,1,1,0,0.0001336973,7,OOD_Class_6
Add even serpents shine to dorothea's indie hipster playlist,0,0,0,0.00015998796,7,OOD_Class_6
what's the closest movie house showing Night in May,6,5,1,0.00015182268,7,OOD_Class_6
Play an ep from Mike Harding .,3,3,0,0.00013152845,7,OOD_Class_6
Show me the films close by and the movie times for today.,6,5,1,0.00016203318,7,OOD_Class_6
Rate Dictionary of the English Language a 4,4,4,0,0.00012601598,7,OOD_Class_6
Tell me the weather for Sewickley at twelve am,2,2,0,0.00010539188,7,OOD_Class_6
Please show me the movies playing at Amco Entertainment .,6,5,1,0.00042365567,7,OOD_Class_6
Rate this current essay 1 out of 6 points,4,4,0,0.00011329334,7,OOD_Class_6
What's the movie schedule for animated movies in the neighborhood,6,5,1,0.00019511132,7,OOD_Class_6
Is Dummy playing at two a.m. ?,6,3,1,0.00084374344,7,OOD_Class_6
Add the unraveling to marina's playlist It's a Southern Thing,0,0,0,0.0001471653,7,OOD_Class_6
I'd like to watch Apocalypse 2024,6,5,1,0.0002208671,7,OOD_Class_6
Lets go to the Rainforest Cafe that is in the same area as 135th St,1,1,0,0.00015493967,7,OOD_Class_6
What is the movie schedule at Loews Cineplex Entertainment,6,5,1,0.00043913766,7,OOD_Class_6
movie schedules for Neighborhood Cinema Group,6,5,1,0.0002290012,7,OOD_Class_6
Rate my current book four points out of 6,4,4,0,0.000110237524,7,OOD_Class_6
Add track to Hit Remix,0,0,0,0.00019997859,7,OOD_Class_6
Want to find a photograph called The Nine Maidens,5,5,0,0.00013283703,7,OOD_Class_6
What's on the movie schedules at Amco Entertainment ?,6,5,1,0.0010989641,7,OOD_Class_6
I want to watch the television show Little Things,5,5,0,0.00014029503,7,OOD_Class_6
Book the Last Exit on Brooklyn 5 hours from now for one person.,1,1,0,0.00012777855,7,OOD_Class_6
Play me the greatest Doctor Fink song on zvooq,3,3,0,0.00013514294,7,OOD_Class_6
find Worldly Goods starting now at a movie house,6,5,1,0.00013730736,7,OOD_Class_6
what animated movies are in the neighbourhood,6,5,1,0.00033794483,7,OOD_Class_6
What times will The Young Swordsman be showing at my cinema ?,6,5,1,0.00068048853,7,OOD_Class_6
give me the movie times,6,5,1,7.3925665e-05,7,OOD_Class_6
Play The New Retro playlist on Netflix .,3,3,0,0.00013689556,7,OOD_Class_6
book a table at a churrascaria for august 5 that has parking,1,1,0,0.00015063211,7,OOD_Class_6
"I need reservations for a party of 3 on all souls' day in Temperance , North Dakota",1,1,0,0.00015490207,7,OOD_Class_6
Is it snowy in Fort Ross State Historic Park ?,2,2,0,0.000116657735,7,OOD_Class_6
I want to go see A Simple Noodle Story in seventeen seconds at Goodrich Quality Theaters .,6,1,1,0.0019895637,7,OOD_Class_6
add the album by Cham to my Cloud Rap playlist,0,0,0,0.00015804826,7,OOD_Class_6
What time is Always Brando showing,6,5,1,0.00020818821,7,OOD_Class_6
Find the movie schedule in the area .,6,5,1,0.0001003638,7,OOD_Class_6
Use Netflix to play In The Arms Of A Woman playlist,3,3,0,0.0003368224,7,OOD_Class_6
"Check the forecast for Hulmeville , WV .",2,2,0,0.00010395773,7,OOD_Class_6
Tell me what movies are playing in the neighborhood,6,5,1,0.0004782931,7,OOD_Class_6
Which films are playing in the neighborhood one second from now ?,6,5,1,0.00035465596,7,OOD_Class_6
What animated movies are playing at IMAX Corporation ?,6,5,1,0.0005113235,7,OOD_Class_6
Show me the movie times for Caribbean Cinemas in 1 second .,6,5,1,0.00014208612,7,OOD_Class_6
play some Prabha Atre,3,3,0,0.00013011864,7,OOD_Class_6
Play Slow Rock on Lastfm .,3,3,0,0.0001321673,7,OOD_Class_6
What films are playing in the neighbourhood,6,5,1,0.00047449928,7,OOD_Class_6
Where is Priorities on Parade playing,6,5,1,0.000702804,7,OOD_Class_6
Show me the Caribbean Blue television show,5,5,0,0.0001039621,7,OOD_Class_6
Play Sound Of Love from Papa Mali,3,3,0,0.00012162608,7,OOD_Class_6
What is the showtime for Arsho,6,2,1,0.00070598593,7,OOD_Class_6
play satire music,3,3,0,0.00011996787,7,OOD_Class_6
Please look up Two More Years soundtrack .,5,5,0,0.00011529946,7,OOD_Class_6
I want to hear music from carman from the 1966 album,3,3,0,0.00012698102,7,OOD_Class_6
I need a reservation for National Coney Island with a party of 8 in NV,1,1,0,0.00013510106,7,OOD_Class_6
Can you play Deezer from 2007 ?,3,3,0,0.00012022347,7,OOD_Class_6
I need a table for 4 at The Brass Rail .,1,1,0,0.00017353249,7,OOD_Class_6
Will it be overcast in South Dakota,2,2,0,0.0001127402,7,OOD_Class_6
show the movie Move Any Mountain,5,5,0,0.00011757192,7,OOD_Class_6
What's the movie schedule for B&B Theatres ?,6,5,1,0.00021601612,7,OOD_Class_6
put Before the Eulogy onto Acoustic Blues,0,0,0,0.00017030055,7,OOD_Class_6
Is Rio Belongs to Us playing at the movie house closest to me,6,5,1,0.0015601484,7,OOD_Class_6
What cinema is playing The Edge,6,5,1,0.00018858747,7,OOD_Class_6
find Invisible Child at Southern Theatres,6,5,1,0.000105800376,7,OOD_Class_6
Will there be wind in AS,2,2,0,0.00010684388,7,OOD_Class_6
Add Mel Draisey tomy 80s Classic Hits playlist.,0,0,0,0.00019344427,7,OOD_Class_6
Show me movie schedule,6,5,1,0.00011745798,7,OOD_Class_6
search for the show Champagne Showers,5,5,0,0.00011700241,7,OOD_Class_6
I'm looking for the song called Standing for Something .,5,5,0,0.0001683235,7,OOD_Class_6
I'd like to listen to Tom Cochrane 's 1990 ep on Zvooq .,3,3,0,0.00012438481,7,OOD_Class_6
What animated movies are around here,6,5,1,0.00033896315,7,OOD_Class_6
find movie times,6,5,1,8.661012e-05,7,OOD_Class_6
I need a table for 5 at the restaurant I ate at last Oct.,1,1,0,0.00014500275,7,OOD_Class_6
What are the movie schedule now,6,5,1,0.00049896847,7,OOD_Class_6
Are there movies at Malco Theatres,6,5,1,0.003227112,7,OOD_Class_6
I want to book Tupelo Honey Cafe in New Jersey for five people.,1,1,0,0.00014820498,7,OOD_Class_6
Please look for the TV show Memoirs from a Bedroom Issue 1,5,5,0,0.000113179216,7,OOD_Class_6
Play me a song by Carol Arnauld from 2003,3,3,0,0.00012247726,7,OOD_Class_6
find films at Magic Johnson Theatres,6,5,1,0.00013242636,7,OOD_Class_6
Which movies are playing at B&B Theatres at 2 pm ?,6,3,1,0.00053257536,7,OOD_Class_6
Find the schedule for films at night at Great Escape Theatres .,6,5,1,0.00010788956,7,OOD_Class_6
Please find me the Projekt The New Face of Goth .,5,5,0,0.00015545254,7,OOD_Class_6
When will Hard Time Romance be showing at the cinema ?,6,5,1,0.00092973077,7,OOD_Class_6
What are the movie times one second from now at the Alamo Drafthouse Cinema,6,5,1,0.0011784858,7,OOD_Class_6
Can you find the show The Dumping Ground Survival Files,5,5,0,0.00011406828,7,OOD_Class_6
What is the weather forecast in Spaulding Morocco,2,2,0,0.00010632299,7,OOD_Class_6
I'd like for you to put this artist to my Evening Commute playlist.,0,0,0,0.0001754366,7,OOD_Class_6
Add Grey Cloudy Lies to the hip hop playlist.,0,0,0,0.00016077068,7,OOD_Class_6
Is Millions in the Air playing at the cinema,6,3,1,0.0042200196,7,OOD_Class_6
Rate the current novel a 0 out of 6 points,4,4,0,0.0001174616,7,OOD_Class_6
I need to add baro ferret to the Urban Hits under my name,0,0,0,0.00016022172,7,OOD_Class_6
Find the schedule for Kingsman The Secret Service at a movie theatre .,6,5,1,0.000116883,7,OOD_Class_6
Find a table for 2 at a restaurant in Saint Vincent and the Grenadines,1,1,0,0.00012183519,7,OOD_Class_6
play them by Guy-manuel De Homem-christo,3,3,0,0.00012283864,7,OOD_Class_6
book a spot for one at a bar in Seabrook,1,1,0,0.0001356886,7,OOD_Class_6
Can you add something by the artist Paul Cargnello to my Chill Tracks playlist,0,0,0,0.00015905319,7,OOD_Class_6
give one to this novel,4,4,0,0.000117572796,7,OOD_Class_6
Find me the picture Live in Paris 1975,5,5,0,0.000112301095,7,OOD_Class_6
Add a track to the emo forever playlist.,0,0,0,0.00016298513,7,OOD_Class_6
Play some contemporary christian on Groove Shark .,3,3,0,0.00013987342,7,OOD_Class_6
Show me the movie schedule for Caribbean Cinemas,6,5,1,0.000120239754,7,OOD_Class_6
Show Famous Classic Tales television show,5,5,0,0.00012442215,7,OOD_Class_6
What is the local movie schedule,6,5,1,0.00025180134,7,OOD_Class_6
show movie schedules at Megaplex Theatres,6,5,1,0.00020603294,7,OOD_Class_6
Please show me the closest movie house playing Wild on the Beach in 1 minute .,6,5,1,0.00022136692,7,OOD_Class_6
Which animated movies are playing today at KB Theatres ?,6,5,1,0.001098886,7,OOD_Class_6
Please find the movie schedule for animated movies playing in the neighbourhood,6,5,1,0.00011196977,7,OOD_Class_6
what movie is at Loews Cineplex Entertainment,6,5,1,0.00017217184,7,OOD_Class_6
trailer of Gate of Thunder,5,5,0,0.00013677757,7,OOD_Class_6
Can I get the showtimes for The Kitchen Toto at Cineplex Odeon Corporation .,6,1,1,0.0008103012,7,OOD_Class_6
What is the movie schedule for animated movies playing in the neighborhood ?,6,5,1,0.00016176091,7,OOD_Class_6
What are the movie times for movies around here,6,5,1,0.00071224326,7,OOD_Class_6
"I want to take christy, louise and alexandra to eat at 173804 anywhere in NE",1,1,0,0.00015207977,7,OOD_Class_6
find a movie house showing Cage Without a Key,6,5,1,0.00010948576,7,OOD_Class_6
I want to get the movie schedule,6,5,1,9.363705e-05,7,OOD_Class_6
what animated movies are playing at Fox Theatres,6,5,1,0.000820968,7,OOD_Class_6
Find movie schedules .,6,5,1,0.00015029524,7,OOD_Class_6
I rate Mosses from an Old Manse a 0,4,4,0,9.419601e-05,7,OOD_Class_6
add ian north to my Autumn Lounge playlist,0,0,0,0.00016030138,7,OOD_Class_6
"Find me a bar in Eagle Pass , Vermont that serves noodle dishes, that will take reservations for 2/21/2021 .",1,1,0,0.00019194241,7,OOD_Class_6
I give Obama From Promise to Power 6 points and a rating value of 1,4,4,0,0.000118844546,7,OOD_Class_6
What's the weather forecast for Croatia on jul. 25th,2,2,0,0.000115411465,7,OOD_Class_6
Find the schedule for for The Unnaturals at 13 .,6,5,1,0.00012318099,7,OOD_Class_6
Rate The Simon & Schuster Encyclopedia of Dinosaurs and Prehistoric Creatures 0 points .,4,4,0,0.00013375054,7,OOD_Class_6
this chronicle rates a one for First Contact ?,4,4,0,0.00013758504,7,OOD_Class_6
Can you play a top song from a chyi chin concerto,3,3,0,0.00013165658,7,OOD_Class_6
book a spot at a restaurant within walking distance of Palau,1,1,0,0.00013135913,7,OOD_Class_6
Show the movie schedule and movies around here,6,5,1,0.00021027615,7,OOD_Class_6
Play Dj Subroc on Itunes,3,3,0,0.00013294604,7,OOD_Class_6
Add Hallucinations of Despair to my this is trey songz playlist.,0,0,0,0.00017511261,7,OOD_Class_6
Give Twas the Night Before Christmas 0 points out of 6 .,4,4,0,0.00010821059,7,OOD_Class_6
rate the current essay book four out of 6 points,4,4,0,0.00011077724,7,OOD_Class_6
"What's the wather in Coleville , Kenya",2,2,0,0.0004352997,7,OOD_Class_6
What is the movie schedule for films nearby,6,5,1,0.00061579264,7,OOD_Class_6
Rate this album 0 points out of 6,4,4,0,0.0001165473,7,OOD_Class_6
Evolution and the Theory of Games gets a five out of 6 .,4,4,0,0.00014321231,7,OOD_Class_6
what is the forecast in Texas,2,2,0,0.00011088314,7,OOD_Class_6
I'm looking to find the trailer for Brought by the Sea .,5,5,0,0.00013064842,7,OOD_Class_6
play a tune from 2000 by Bronislau Kaper,3,3,0,0.00013770827,7,OOD_Class_6
Show me movie schedules,6,5,1,0.00020223444,7,OOD_Class_6
What animated movies are at the closest movie theatre,6,5,1,0.0005486493,7,OOD_Class_6
The current novel I'm reading gets only a one out of 6 .,4,4,0,0.00013585456,7,OOD_Class_6
I'd like to watch Wish You Were Dead,6,5,1,0.00017791688,7,OOD_Class_6
Where is The Beach of Lost Children playing,6,5,1,0.00012306964,7,OOD_Class_6
When is Bless the Child playing at the movie theatre,6,5,1,0.00011085035,7,OOD_Class_6
find Berlin to the Samba Beat,6,5,1,0.0006391734,7,OOD_Class_6
Find The Passion of Michel Foucault novel,5,5,0,0.00012142106,7,OOD_Class_6
Find the movie schedule for animated movies around here .,6,5,1,0.00012737267,7,OOD_Class_6
When is Heat playing near me?,6,2,1,0.0012710947,7,OOD_Class_6
find a movie schedule,6,5,1,9.0853864e-05,7,OOD_Class_6
i want to watch Ghosts of the Abyss at Kerasotes Theatres,6,5,1,0.00029344525,7,OOD_Class_6
What is the movie schedule for the North American Cinemas,6,5,1,0.00032435005,7,OOD_Class_6
add song to Women of SXSW,0,0,0,0.00017511292,7,OOD_Class_6
Please inform me when I can see The Abdication at a movie theatre .,6,5,1,0.00025409836,7,OOD_Class_6
What are the time for movies playing at Star Theatres ?,6,5,1,0.00028091462,7,OOD_Class_6
Can I get The Marine 2 showtimes.,6,5,1,0.000115733834,7,OOD_Class_6
Book a table for two at a restaurant faraway from office in California .,1,1,0,0.00012782525,7,OOD_Class_6
What films are at IMAX Corporation at 11 p.m.,6,5,1,0.0014562001,7,OOD_Class_6
what films are playing at the closest movie house,6,5,1,0.00041007306,7,OOD_Class_6
show me the schedule of Outlaw of Gor at nearest movie house at 5 A.M.,6,5,1,0.00036195747,7,OOD_Class_6
Rate Shadows Alive 3 out of 6 points,4,4,0,0.000114852875,7,OOD_Class_6
Put new page onto my latin jazz playlist.,0,0,0,0.00018093473,7,OOD_Class_6
Book a close by brasserie in NC .,1,1,0,0.00012346268,7,OOD_Class_6
Play me a Patrick Cowley ballad,3,3,0,0.0001390505,7,OOD_Class_6
what time is The Bodyguard at Malco Theatres playing,6,5,1,0.0012994584,7,OOD_Class_6
"Where can I watch Portrait of a Woman, Nude in 1 hour ?",6,5,1,0.00019277184,7,OOD_Class_6
find movies around here,6,5,1,0.00013192245,7,OOD_Class_6
Check movie schedules and find which animated movies are being aired in the neighborhood movie halls.,6,5,1,0.00037165894,7,OOD_Class_6
"Can you find me the work, Frisbee The Life and Death of a Hippie Preacher ?",5,5,0,0.00014044171,7,OOD_Class_6
I give The Savage Mind a rating of zero out of 6 points .,4,4,0,0.000114405186,7,OOD_Class_6
Where can I find the novel Meast,5,5,0,9.699754e-05,7,OOD_Class_6
"Will it be chilly in Penuelas Indonesia on Nov. 26th, 2030",2,2,0,0.00011826353,7,OOD_Class_6
Find me Shack Out on 101,5,5,0,0.00013911181,7,OOD_Class_6
Book a highly rated coffeehouse for four people.,1,1,0,0.00014095624,7,OOD_Class_6
Wish to fins a television show called Whole Again,5,5,0,9.7091295e-05,7,OOD_Class_6
Swine Not ? deserves four points,4,4,0,0.00011688421,7,OOD_Class_6
What movies are starting in 1 second at a theater in the neighborhood ?,6,5,1,0.00091308815,7,OOD_Class_6
Play Kaori Mochida 's most popular music on Google Music .,3,3,0,0.00013677032,7,OOD_Class_6
Is Race Gurram playing,6,3,1,0.0001525197,7,OOD_Class_6
What movies are showing now at the closest cinema ?,6,5,1,0.0004196169,7,OOD_Class_6
Put Kim Kibum in my the martin garrix show playlist.,0,0,0,0.00016988821,7,OOD_Class_6
Where can I listen to the song The Lost Worlds of Planet Earth,5,5,0,0.000116430056,7,OOD_Class_6
What animated movies are playing at the nearest movie theatre ?,6,5,1,0.00028580576,7,OOD_Class_6
Tell me what movies are showing at seven am at the closest movie house .,6,5,1,0.006326209,7,OOD_Class_6
Can you give me the movie schedules at Mann Theatres ?,6,5,1,0.00023736144,7,OOD_Class_6
help me the find the Thug Lordz Trilogy book,5,5,0,9.690245e-05,7,OOD_Class_6
Play the greatest record by Joe Purdy on Google Music,3,3,0,0.00013891958,7,OOD_Class_6
What films and movie schedule are in the area,6,5,1,0.0012633,7,OOD_Class_6
"Add another tune to my songs for you, not your parents playlist.",0,0,0,0.00016823946,7,OOD_Class_6
I want to add Digital Line to my playlist called Infantil,0,0,0,0.00015612807,7,OOD_Class_6
Play a sixties track by Noam Pikelny on iheart .,3,3,0,0.00014368424,7,OOD_Class_6
show movie times for animated movies nearby,6,5,1,0.00013426496,7,OOD_Class_6
Give this textbook 0 out of 6 stars,4,4,0,0.00012333853,7,OOD_Class_6
Give the current series four / 6 points .,4,4,0,0.000118962314,7,OOD_Class_6
What film is playing at Landmark Theatres,6,5,1,0.00045137652,7,OOD_Class_6
play Miguelito top charting album,3,3,0,0.00013241218,7,OOD_Class_6
Add ross the boss to laurie's listas de éxitos list,0,0,0,0.00017383548,7,OOD_Class_6
when can i see We and Our Mountains,6,5,1,0.0001367784,7,OOD_Class_6
book a restaurant for one,1,1,0,0.00011204401,7,OOD_Class_6
How will the weather be in six minutes close to Moosic,2,2,0,0.00010863267,7,OOD_Class_6
What is the movie schedule in five minutes for movies playing in the neighborhood,6,5,1,0.0016750538,7,OOD_Class_6
Can I get the showtimes for The Scarlet and the Black at 12 pm .,6,5,1,0.00014692826,7,OOD_Class_6
Rate the current album 2 stars,4,4,0,0.00011023738,7,OOD_Class_6
show creativity of painting of Me Too,5,5,0,0.00032035157,7,OOD_Class_6
Give me some movie schedules .,6,5,1,0.00023678922,7,OOD_Class_6
I need to know the weather for Jan. the 3rd in Mexico when I go to Port Vue,2,2,0,0.00010736569,7,OOD_Class_6
show movie schedule,6,5,1,0.00010767796,7,OOD_Class_6
Where can I find the movie schedules,6,5,1,0.00010715294,7,OOD_Class_6
show movie times now,6,5,1,0.00011439769,7,OOD_Class_6
"Will there be a blizzard here on dec. 26, 2027 ?",2,2,0,0.00012693892,7,OOD_Class_6
Am looking for a book with the title Free to Play,5,5,0,0.00010274403,7,OOD_Class_6
"find the nearest place at four o'clock with a movie house showing Wow, The Kid Gang of Bandits",6,5,1,0.00034459244,7,OOD_Class_6
Book a churrascaria restaurant for 2 which serves mezes,1,1,0,0.00015832405,7,OOD_Class_6
Give the book Buzz about Bees a 2 star rating out of 6 .,4,4,0,0.00011977777,7,OOD_Class_6
What time is Chandranath playing MJR Theatres,6,3,1,0.00025559805,7,OOD_Class_6
Can i get the showtimes for films in the area .,6,5,1,0.00021446958,7,OOD_Class_6
Add this artist to piano chill,0,0,0,0.00017282077,7,OOD_Class_6
Play Party Anthems,3,3,0,0.00016335135,7,OOD_Class_6
I'd like to eat at an outdoor restaurant,1,1,0,0.00013511819,7,OOD_Class_6
Can you place a reservation for me at Ariston Cafe,1,1,0,0.00016104113,7,OOD_Class_6
I would like to book a brasserie for nine in AR,1,1,0,0.00013021877,7,OOD_Class_6
what movie theatre is showing If the Huns Came to Melbourne,6,5,1,0.00024612158,7,OOD_Class_6
What time is See Grace Fly playing at Cineplex Odeon Corporation,6,3,1,0.00057810143,7,OOD_Class_6
I am giving the book After Henry a rating of 0 out of 6 stars,4,4,0,0.00011153699,7,OOD_Class_6
find movie schedules,6,5,1,0.00011251507,7,OOD_Class_6
find Kebab Connection,6,5,1,0.000105599254,7,OOD_Class_6
I want to hear Ding Dong Bell on groove shark,3,3,0,0.00013372961,7,OOD_Class_6
List movie schedules,6,5,1,0.00020641352,7,OOD_Class_6
What cinema is showing Ice Station Zebra at 0725 P.M. ?,6,5,1,0.00065248593,7,OOD_Class_6
find the picture Vertically Challenged,5,5,0,0.000107052634,7,OOD_Class_6
"How temperate is it in Lopeno , Thailand ?",2,2,0,0.000108526,7,OOD_Class_6
book me and my grandparents a restaurant in Saint Helens South Dakota,1,1,0,0.00021251047,7,OOD_Class_6
Find me the movie times,6,5,1,8.3700455e-05,7,OOD_Class_6
Give the current book im reading zero points out of 6 .,4,4,0,0.00011373717,7,OOD_Class_6
Show An Actress for the newest album .,5,5,0,0.00011620168,7,OOD_Class_6
what's the nearest movie theatre showing movies,6,5,1,0.0022037397,7,OOD_Class_6
When is The Stain playing at Loews Cineplex ?,6,3,1,0.0008360018,7,OOD_Class_6
show the movie times for animated movies in the neighbourhood,6,5,1,0.00015029642,7,OOD_Class_6
Does Pacific Theatres have animated movies starting in 1 minute ?,6,5,1,0.00025728275,7,OOD_Class_6
Find movie schedules .,6,5,1,0.00015029524,7,OOD_Class_6
When will The Honor of an Outlaw be showing?,6,5,1,0.0015007863,7,OOD_Class_6
What time is 楽園追放 -Expelled from Paradise-,6,5,1,0.00077794987,7,OOD_Class_6
Add Pimp C to my workout remix .,0,0,0,0.00018989494,7,OOD_Class_6
What films are showing at National Amusements,6,5,1,0.00036129754,7,OOD_Class_6
rate the current essay a 0 for me,4,4,0,0.00011942754,7,OOD_Class_6
Play the newest chant by John Doyle on Zvooq,3,3,0,0.00014601616,7,OOD_Class_6
Search for a picture of Darker than black,5,5,0,0.000108210006,7,OOD_Class_6
what time is Bordertown Trail showing,6,5,1,0.00025394454,7,OOD_Class_6
Make me a reservation in Crugers at Marlton Circle for a party of eight,1,1,0,0.00015231944,7,OOD_Class_6
Find a show called Time Is Just the Same .,5,5,0,0.000115077244,7,OOD_Class_6
Give me the showtimes for animated movies at the nearest cinema .,6,5,1,0.0016422847,7,OOD_Class_6
I'd like to rate the book White Dawns at zero of 6 stars .,4,4,0,0.00013427196,7,OOD_Class_6
Find me showtimes for animated movies in the neighbourhood .,6,5,1,0.00017222608,7,OOD_Class_6
Rate Sandworms of Dune three out of 6 stars,4,4,0,0.00012001201,7,OOD_Class_6
Is Convoy Busters playing,6,5,1,0.000857819,7,OOD_Class_6
what is the forecast for here at tea time,2,2,0,0.00011406865,7,OOD_Class_6
add back on the dancefloor to my bajo las estrellas playlist,0,0,0,0.00016346347,7,OOD_Class_6
What is the movie schedule at Douglas Theatre Company,6,5,1,0.00027568257,7,OOD_Class_6
Is it warm faraway in Niger ?,2,2,0,0.0001103432,7,OOD_Class_6
Book me a restaurant that serves festoni for eight in New Hampshire,1,1,0,0.0001408019,7,OOD_Class_6
Find the schedule for for close by movies .,6,5,1,9.465814e-05,7,OOD_Class_6
show the movie schedules and films in the area,6,5,1,0.0003840062,7,OOD_Class_6
I want to add un jour dans notre vie to my list running to rock 170 to 190 bpm,0,0,0,0.00020198798,7,OOD_Class_6
Rate the Sacred Fire series 5 points,4,4,0,0.00011186462,7,OOD_Class_6
whats the movie schedules for General Cinema Corporation,6,5,1,0.00023564268,7,OOD_Class_6
Play 2012 symphony music by Nardwuar The Human Serviette on Netflix .,3,3,0,0.00013101763,7,OOD_Class_6
Find the schedule for The Comedian at Santikos Theatres .,6,5,1,0.00010893555,7,OOD_Class_6
I give this textbook a four,4,4,0,0.00011723193,7,OOD_Class_6
What movie times are there at ArcLight Hollywood,6,5,1,0.0011355007,7,OOD_Class_6
Showtimes for animated movies in the area .,6,5,1,0.00074128446,7,OOD_Class_6
Find the movie schedule for Marcus Corporation .,6,5,1,9.949398e-05,7,OOD_Class_6
find a book called The Mad Magician,5,5,0,9.6525975e-05,7,OOD_Class_6
Add When You Come Back to the jazz for loving couples playlist.,0,0,0,0.00015681525,7,OOD_Class_6
Find In the Line of Duty Street War .,5,5,0,0.00013665078,7,OOD_Class_6
Play the album 21st Century Live by Chet Lam on Itunes .,3,3,0,0.0001231954,7,OOD_Class_6
I need a reservation for 0253 at Hotel Arctic in State Road,1,1,0,0.00014280727,7,OOD_Class_6
Play Shinji Miyazaki 's music on netflix,3,3,0,0.00015588704,7,OOD_Class_6
Play the playlist funtime activity,3,3,0,0.00011446784,7,OOD_Class_6
Will it be freezing in New Preston Venezuela ?,2,2,0,0.00011603542,7,OOD_Class_6
find movie schedules in MJR Theatres,6,5,1,0.00013229367,7,OOD_Class_6
I'd rate the current essay 1 stars,4,4,0,0.00011838102,7,OOD_Class_6
Find movie schedules for animated movies around here .,6,5,1,0.0002615495,7,OOD_Class_6
What time is Sundown The Vampire in Retreat showing,6,5,1,0.0009724304,7,OOD_Class_6
What is the movie schedule today at Neighborhood Cinema Group ?,6,2,1,0.0017792308,7,OOD_Class_6
What films are playing now at the General Cinema Corporation,6,5,1,0.00080169324,7,OOD_Class_6
what is the movie schedule of animated movies in the area,6,5,1,0.00051909406,7,OOD_Class_6
I give The Thibaults a 1 .,4,4,0,0.00012001059,7,OOD_Class_6
what time is The Rocketeer showing,6,5,1,0.00016440311,7,OOD_Class_6
Play a top twenty symphony by Bumble Bee Slim,3,3,0,0.00013438251,7,OOD_Class_6
I want to hear some The Roches,3,3,0,0.00012199033,7,OOD_Class_6
Is it freezing at Jasmund National Park,2,2,0,0.000113511865,7,OOD_Class_6
Showtimes for Medal for the General,6,5,1,0.00016167967,7,OOD_Class_6
show video game name Find the Colour,5,5,0,0.0001216628,7,OOD_Class_6
List movie schedule,6,5,1,0.00015028413,7,OOD_Class_6
what is playing for movies at B&B Theatres,6,3,1,0.00030106984,7,OOD_Class_6
SHOW movie schedule,6,5,1,0.00010767796,7,OOD_Class_6
add the album to the Six string peacefulness playlist,0,0,0,0.00016848645,7,OOD_Class_6
find the nearest movie theatre for animated movies,6,5,1,0.00017250977,7,OOD_Class_6
What movie times are at Bow Tie Cinemas ?,6,5,1,0.0015465308,7,OOD_Class_6
Find the book Bad Day on the Block,5,5,0,9.70919e-05,7,OOD_Class_6
Book a restaurant with a spa in Connecticut,1,1,0,0.00014271049,7,OOD_Class_6
"Will it be windy in Breaux Bridge , Turks and Caicos Islands eleven hours from now ?",2,2,0,0.00011860994,7,OOD_Class_6
show me movie times at my local theater.,6,5,1,0.0008195886,7,OOD_Class_6
What cinema is Health Warning playing in eleven hours ?,6,5,1,0.00016229434,7,OOD_Class_6
Add Tunnel of Love to ethel's metal crash course palylist,0,0,0,0.00016179388,7,OOD_Class_6
What time is movies playing around here,6,5,1,0.0004571196,7,OOD_Class_6
Is it going to be warmer in 2 years and a half in Deweese ?,2,2,0,0.00012136567,7,OOD_Class_6
Play some music from the fourties .,3,3,0,0.00013294828,7,OOD_Class_6
Can you give me a forecast for weather at night in my current position,2,2,0,0.00012718476,7,OOD_Class_6
Find movie schedules for IMAX Corporation .,6,5,1,0.0001400228,7,OOD_Class_6
find Google News,5,5,0,0.00010969724,7,OOD_Class_6
What is the movie schedule for animated movies in the area,6,5,1,0.00050971034,7,OOD_Class_6
add space cowboy to my the funny thing about football is playlist,0,0,0,0.00016823452,7,OOD_Class_6
I want to hear the new Latin Pop Rising list,3,3,0,0.00014342456,7,OOD_Class_6
add this album to tgif,0,0,0,0.00018181847,7,OOD_Class_6
I need a reservation for ten at a tavern in West Virginia,1,1,0,0.00013137887,7,OOD_Class_6
What animated movies are playing at the closest movie theatre,6,5,1,0.00046731665,7,OOD_Class_6
What is the movie schedules for films in the neighborhood,6,5,1,0.00040917224,7,OOD_Class_6
Make me a reservation in TN somewhere nearby for a party of 4,1,1,0,0.00012881873,7,OOD_Class_6
Find the schedule for No Time to Be Young at AMC Theaters .,6,5,1,0.00011918211,7,OOD_Class_6
Where can I find the soundtrack for Steamboat Bill ?,5,5,0,0.000109059256,7,OOD_Class_6
What is the closest movie house playing films,6,5,1,0.00019012326,7,OOD_Class_6
Get me a table at a bar which has a spa .,1,1,0,0.0001404034,7,OOD_Class_6
Are there any animated movies playing at the closest cinema ?,6,5,1,0.000660241,7,OOD_Class_6
Show me work of Truth and Tolerance,5,5,0,0.00016628396,7,OOD_Class_6
Please play some Bill Evans music.,3,3,0,0.00012416409,7,OOD_Class_6
find The Good Girl at a movie house,6,5,1,0.00013215677,7,OOD_Class_6
I'd like to go to a restaurant in French Polynesia,1,1,0,0.00014593326,7,OOD_Class_6
Add the name Shall We Dance to playlist Rock,0,0,0,0.00015735484,7,OOD_Class_6
PLpay the top ten track from Asia Nitollano on spotify .,3,3,0,0.00014290866,7,OOD_Class_6
Can you play The Change Is Made on Netflix,3,3,0,0.000120189456,7,OOD_Class_6
Find me showtimes for A Christmas Story starting at eleven o'clock .,6,5,1,0.00013717842,7,OOD_Class_6
What are the movie times for films playing in the area ?,6,5,1,0.00025741168,7,OOD_Class_6
Put horace silver and the jazz messengers on my running to rock 170 to 190 bpm playlist,0,0,0,0.00018279177,7,OOD_Class_6
show movie schedules for Fox Theatres,6,5,1,0.00014904463,7,OOD_Class_6
Rate the current essay a three points,4,4,0,0.0001100226,7,OOD_Class_6
I would like to see the closest cinema playing films .,6,5,1,0.00049174164,7,OOD_Class_6
When is Lake City playing at Dipson Theatres ?,6,3,1,0.0010079598,7,OOD_Class_6
Book me a restaurant ten minutes from now,1,1,0,0.00016620995,7,OOD_Class_6
book a spot far from Åland,1,1,0,0.00020339238,7,OOD_Class_6
I give The Lady Decides a rating value of 4 and a best rating of 6,4,4,0,0.00011884399,7,OOD_Class_6
Show A Family Torn Apart TV show,5,5,0,0.00012737326,7,OOD_Class_6
Play hanging in the balance by Nik Kershaw on Zvooq .,3,3,0,0.00015130544,7,OOD_Class_6
Play music from the album Evolution Of A Man by Joey Ramone,3,3,0,0.00014557193,7,OOD_Class_6
I'd like to eat at a restaurant around China with a party of 7 anywhere that serves ouzeri,1,1,0,0.0001697697,7,OOD_Class_6
"rate the book A Girl, a Man, and a River a five",4,4,0,0.000110020475,7,OOD_Class_6
Find movie times for Great Escape Theatres,6,5,1,9.661746e-05,7,OOD_Class_6
Look up The Park album,5,5,0,0.00010076365,7,OOD_Class_6
Show me Dombey and Son movies .,6,5,1,0.00027190006,7,OOD_Class_6
"I'd give With Lee in Virginia, A Story of the American Civil War chronicle 4 of 6",4,4,0,0.00012309663,7,OOD_Class_6
I'd like to see movie times at Santikos Theatres,6,5,1,0.0005903463,7,OOD_Class_6
What time is A Man for Burning playing,6,5,1,0.00013975077,7,OOD_Class_6
find films in the neighborhood,6,5,1,0.00013452799,7,OOD_Class_6
When is Romance on the Range playing at movie house ?,6,5,1,0.00016348626,7,OOD_Class_6
Can you tell me the movie schedule for General Cinema Corporation ?,6,5,1,0.00017129333,7,OOD_Class_6
"Will the weather be temperate on jan. the thirteenth, 2028 at Christmas Island ?",2,2,0,0.00010852499,7,OOD_Class_6
put artist Emre Aydin on Happy Birthday playlist,0,0,0,0.00018933776,7,OOD_Class_6
add The Darkest Red to this is jennifer lopez,0,0,0,0.00016053545,7,OOD_Class_6
Is there a lot of sun in Qatar ?,2,2,0,0.000112408175,7,OOD_Class_6
What's the weather going to be like around Lewis and Clark Trail sixteen hours from now ?,2,2,0,0.00011995202,7,OOD_Class_6
whats the closest cinema showing Swamp Water,6,5,1,0.00037810157,7,OOD_Class_6
play music by Helen Ward,3,3,0,0.00011905091,7,OOD_Class_6
what is the movie schedules for movies in the area,6,5,1,0.0030559788,7,OOD_Class_6
I want to give Science Fiction Adventures in Mutation 0 stars,4,4,0,0.00012675724,7,OOD_Class_6
Find The Garden of Eden,5,5,0,0.00010467486,7,OOD_Class_6
Add this track to anochecer urbano,0,0,0,0.0001790002,7,OOD_Class_6
When is Man in Outer Space playing at Megaplex Theatres,6,5,1,0.00036275297,7,OOD_Class_6
11 seconds from now find a cinema with First Monday in October,6,5,1,0.00048026102,7,OOD_Class_6
I need to book a restaurant for seven people at elevenses Seafood restaurant,1,1,0,0.00015202767,7,OOD_Class_6
Tell me what animated movies are being played at the closest movie house at 011900 AM,6,5,1,0.005400488,7,OOD_Class_6
Like to book a seat in Monaco for the Yankee Doodle Coffee Shop,1,1,0,0.00013656882,7,OOD_Class_6
I would like you to add now the hits of winter 2008 onto my ntc studio sounds playlist.,0,0,0,0.0001745984,7,OOD_Class_6
I want to hear Box Of Rain by Skeets Mcdonald,3,3,0,0.00013240975,7,OOD_Class_6
Where can I locate the game Legion of Mary The Jerry Garcia Collection,5,5,0,0.00011942419,7,OOD_Class_6
Can I get the movie schedules for Loews Cineplex in six hours seventeen minutes and eighteen seconds .,6,5,1,0.00023848577,7,OOD_Class_6
Can you help me find Preaching to the Perverted ?,5,5,0,0.00012297572,7,OOD_Class_6
Show me the movie times for animated movies in the area .,6,5,1,0.00028335545,7,OOD_Class_6
Book a restaurant in Gate City for 5 people.,1,1,0,0.00012493454,7,OOD_Class_6
list animated movies at the nearest cinema,6,5,1,0.00064566004,7,OOD_Class_6
Play tuomas holopainen 's The 21 Project .,3,3,0,0.00013488242,7,OOD_Class_6
When is His English Wife showing at the Neighborhood Cinema Group ?,6,5,1,0.0010106892,7,OOD_Class_6
find the closest films at a movie house,6,5,1,0.00014443042,7,OOD_Class_6
Find movie times for B&B Theatres .,6,5,1,0.0001405684,7,OOD_Class_6
"Will there be a snowstorm this weekend in Bear River , Arizona",2,2,0,0.00012059757,7,OOD_Class_6
book a table for seven in Walpole,1,1,0,0.00013848743,7,OOD_Class_6
Play music by Deenanath Mangeshkar,3,3,0,0.00014041789,7,OOD_Class_6
Where can I see the movie Across the Line The Exodus of Charlie Wright ?,5,5,0,0.000113400834,7,OOD_Class_6
What film is playing nearby,6,5,1,0.0008298364,7,OOD_Class_6
Will it storm in Charles Pinckney National Historic Site,2,2,0,0.0001152996,7,OOD_Class_6
Play the Instrumental Study on Vimeo .,3,3,0,0.00011893423,7,OOD_Class_6
list movie times with meal,6,5,1,0.00014503913,7,OOD_Class_6
What time is The Ladies Diplomat playing?,6,5,1,0.0002103102,7,OOD_Class_6
What movies are starting at eight pm in the area,6,5,1,0.0013908339,7,OOD_Class_6
What animated movies are playing nearby,6,5,1,0.0012319739,7,OOD_Class_6
Where can I buy the movie The Teahouse Fire ?,5,5,0,0.0001314146,7,OOD_Class_6
For the saga Magic in Ithkar 2 I give two stars,4,4,0,0.00011318151,7,OOD_Class_6
Play a movement fromthe eighties by Nobuo Uematsu .,3,3,0,0.00014452658,7,OOD_Class_6
What's the movie schedule for Great Escape Theatres,6,5,1,0.00019674507,7,OOD_Class_6
Please search A New Machine TV series .,5,5,0,0.00012394079,7,OOD_Class_6
Rate Shadow of Night a 1,4,4,0,0.00012261762,7,OOD_Class_6
What animated movies are playing in the neighbourhood and when?,6,5,1,0.00023540569,7,OOD_Class_6
find movie schedules in Warren Theatres,6,5,1,0.00011905768,7,OOD_Class_6
What's the closest movie house that's showing animated movies ?,6,5,1,0.0008995301,7,OOD_Class_6
What is on the movie schedule for four AM at Landmark Theatres,6,5,1,0.0010253382,7,OOD_Class_6
Play mere lapsed by Marilyn Moore .,3,3,0,0.00012392065,7,OOD_Class_6
What time is film showing at Southern Theatres,6,5,1,0.00023067184,7,OOD_Class_6
Will it rain in Barberville,2,2,0,0.000100959216,7,OOD_Class_6
add this artist to Spain Top 50,0,0,0,0.0001656327,7,OOD_Class_6
Show me the movie schedules for movies playing nearby .,6,5,1,0.0012948642,7,OOD_Class_6
Play me a 1990 sound track,3,3,0,0.00012784993,7,OOD_Class_6
Rate 5 out of 6 points to My Favorite Fantasy Story,4,4,0,0.000114181,7,OOD_Class_6
this essay is five stars for sure,4,4,0,0.00012688142,7,OOD_Class_6
"What will the weather be like on january 16, 2030 in Rainbow Falls State Park",2,2,0,0.00012442561,7,OOD_Class_6
find the trailer for Live at Hull,5,5,0,0.00010185232,7,OOD_Class_6
Add Metal Gear Solid 2 Sons of Liberty Soundtrack 2 The Other Side to edna st vincent millay,0,0,0,0.00029111266,7,OOD_Class_6
Play some Paul Stookey from the sixties,3,3,0,0.00015168107,7,OOD_Class_6
Is there going to be any cloud cover today at McCracken in AZ ?,2,2,0,0.000112409885,7,OOD_Class_6
What's the weather like in Topock,2,2,0,0.00011077506,7,OOD_Class_6
I give Nothing Lasts Forever 5 out of 6 points .,4,4,0,0.00011285133,7,OOD_Class_6
When is You Walk So Softly playing at Kerasotes Theatres,6,3,1,0.00015597211,7,OOD_Class_6
find a movie schedule for United Paramount Theatres,6,5,1,9.929482e-05,7,OOD_Class_6
Ad Amal Hijazi tune to my Pura Vida,0,0,0,0.00035310007,7,OOD_Class_6
where is Puthri playing,6,3,1,0.00014286613,7,OOD_Class_6
When is The Prince Who Was a Thief playing at the cinema ?,6,5,1,0.00015182441,7,OOD_Class_6
Give me movie times,6,5,1,0.00043646854,7,OOD_Class_6
Play some music from Roberto Carlos,3,3,0,0.00014361054,7,OOD_Class_6
Help me search UFC on Fox show .,5,5,0,0.00014369875,7,OOD_Class_6
give 5 out of 6 stars to Creatures of Light and Darkness,4,4,0,0.00011688957,7,OOD_Class_6
book a restaurant for four in Burundi,1,1,0,0.000118780066,7,OOD_Class_6
Play new Ian Mclagan,3,3,0,0.00013917698,7,OOD_Class_6
I want this album on my Indie Alternativa playlist,0,0,0,0.00018960788,7,OOD_Class_6
put this artist on Domingo Indie,0,0,0,0.000170714,7,OOD_Class_6
Play the top-fifty theme songs by Dennis Brown .,3,3,0,0.00012127918,7,OOD_Class_6
Is it hot in Zephyrhills ?,2,2,0,0.000112189504,7,OOD_Class_6
Add Yuna Ito to the hot rods & horror shows playlist.,0,0,0,0.00017468435,7,OOD_Class_6
What is the TV show Comfort ?,5,5,0,0.00012949774,7,OOD_Class_6
Give this essay one star out of 6,4,4,0,0.00011757648,7,OOD_Class_6
What time is The Secretary playing at the movie theatre ?,6,5,1,0.00022354246,7,OOD_Class_6
What are the movie times at Goodrich Quality Theaters,6,5,1,0.00039759223,7,OOD_Class_6
add a shot at glory to calm before the storm,0,0,0,0.00018421993,7,OOD_Class_6
Please find movie schedules,6,5,1,0.000118141565,7,OOD_Class_6
Find time for movie times now,6,5,1,7.703063e-05,7,OOD_Class_6
add flying to my Women of Rock playlist,0,0,0,0.0001585875,7,OOD_Class_6
Check the movie schedule for Wanda Group,6,5,1,0.00011282441,7,OOD_Class_6
Find me the song called The Budapest Beacon .,5,5,0,0.000119889904,7,OOD_Class_6
I need animated movies in the area for dinner time,6,5,1,0.0010169157,7,OOD_Class_6
Turn on Last Fm,3,3,0,0.00012375435,7,OOD_Class_6
can i get the showtimes for films in the neighbourhood,6,5,1,0.00012987058,7,OOD_Class_6
Can I get the showtimes for the closest movie theatre that has the newest films .,6,5,1,0.0013518394,7,OOD_Class_6
Play the trailer for A Lineage of Grace,5,5,0,0.00011699234,7,OOD_Class_6
Which animated movies are playing at the nearest movie house ?,6,5,1,0.00020656663,7,OOD_Class_6
Book a restaurant that serves scampi for 10 people.,1,1,0,0.0001342356,7,OOD_Class_6
Is Happy Ghost III at Caribbean Cinemas,6,5,1,0.00024223902,7,OOD_Class_6
Can you let me know where I can watch The Nest ?,6,5,1,0.00013307971,7,OOD_Class_6
Book a popular restaurant for 5 people,1,1,0,0.00011799688,7,OOD_Class_6
What's the weather this month in Mozambique,2,2,0,0.000111644105,7,OOD_Class_6
Show the movie schedules at KB Theatres,6,5,1,0.00019703951,7,OOD_Class_6
I want another artist on my atmospheric black metal playlist,0,0,0,0.00020192922,7,OOD_Class_6
in the area find some films,6,5,1,0.00012673513,7,OOD_Class_6
Add this artist to my This Is Philip Glass playlist,0,0,0,0.0001578931,7,OOD_Class_6
What are the movie schedules for movies around here ?,6,5,1,0.0021794848,7,OOD_Class_6
what films are on the movie schedule around here,6,5,1,0.0012054547,7,OOD_Class_6
put four rating on The Raging Quiet,4,4,0,0.00011045095,7,OOD_Class_6
show me the movie schedule in the neighbourhood movies,6,5,1,0.000116997224,7,OOD_Class_6
What is the weather iN Gipsy-Gordon Wildland Park,2,2,0,0.00011175256,7,OOD_Class_6
Please find the show Kim Hyun-joong discography,5,5,0,0.00012762498,7,OOD_Class_6
What films are playing at the nearest movie theatre,6,5,1,0.00046317966,7,OOD_Class_6
Can you please find me the Harry Hood saga ?,5,5,0,0.00011252114,7,OOD_Class_6
Add this lbc crew tune to my Rock Argentino Vol I playlist,0,0,0,0.0001635441,7,OOD_Class_6
"I need a reservation for Arcadian Court on June the fifth, 2035",1,1,0,0.0001709247,7,OOD_Class_6
Tell me what animated movies I can see at the closest movie theatre,6,5,1,0.00054819003,7,OOD_Class_6
where can i watch Key to the City,6,5,1,0.00010085706,7,OOD_Class_6
Find movie schedules .,6,5,1,0.00015029524,7,OOD_Class_6
Rate this textbook 3 of 6,4,4,0,0.000120012024,7,OOD_Class_6
Incorporate a russel walder track onto gay's Funk Rock playlist.,0,0,0,0.00019841679,7,OOD_Class_6
show me the schedule of films close by,6,5,1,0.00016740938,7,OOD_Class_6
rate this album a 1,4,4,0,0.00011197208,7,OOD_Class_6
table for 4 in Sparks,1,1,0,0.00015047893,7,OOD_Class_6
What are the showtimes for Beware! The Blob at Plitt Theatres ?,6,5,1,0.00020069147,7,OOD_Class_6
What's the weather in Belize close to ten pm,2,2,0,0.00011665828,7,OOD_Class_6
Play a symphony from Bob Hardy please,3,3,0,0.00013063275,7,OOD_Class_6
Can you get me seating for a party of 5,1,1,0,0.000173689,7,OOD_Class_6
What's the weather in Singapore,2,2,0,0.000113732916,7,OOD_Class_6
Show me movie times at MJR Theatres at 023923 pm,6,5,1,0.0028537374,7,OOD_Class_6
What time is The Brat playing at the movie house ?,6,5,1,0.00017720471,7,OOD_Class_6
What are the movie times for Megaplex Theatres,6,5,1,0.00030294392,7,OOD_Class_6
Find the Saison 7 de How I Met Your Mother show,5,5,0,0.00011989313,7,OOD_Class_6
add sweets edison to relaxing playlist,0,0,0,0.00017307306,7,OOD_Class_6
Please provide me with movie schedules .,6,5,1,0.00078636815,7,OOD_Class_6
Give the current textbook four stars,4,4,0,0.00011552768,7,OOD_Class_6
is there a Chinese Wikipedia,5,5,0,0.00062744506,7,OOD_Class_6
Will it still be warm nineteen hours from now in PA,2,2,0,0.00011451549,7,OOD_Class_6
I'd like to see Forgetting the Girl .,6,5,1,0.00013064571,7,OOD_Class_6
there is warmer at Serenada,2,2,0,0.00014163867,7,OOD_Class_6
"I need to book a table at a bar in Micronesia for tia, madeline and estela",1,1,0,0.0001555614,7,OOD_Class_6
add this song onto hip hop gaming playlist,0,0,0,0.00015905383,7,OOD_Class_6
Can i get the showtimes for movies around here ?,6,5,1,0.0001320483,7,OOD_Class_6
Give zero stars to this textbook,4,4,0,0.00012430531,7,OOD_Class_6
show creativity of Comeback Season,5,5,0,0.00013322312,7,OOD_Class_6
When is The Outer Space Connection playing at the nearest cinema .,6,5,1,0.0005260355,7,OOD_Class_6
play the top nineties melody by Gus G,3,3,0,0.00014221457,7,OOD_Class_6
Is it going to be rainy here one second from now,2,2,0,0.00011631827,7,OOD_Class_6
Show the Sexy Dance 2 times at the closest movie house,6,5,1,0.0002688067,7,OOD_Class_6
Play White Noise .,3,3,0,0.00014209391,7,OOD_Class_6
add Vicky Leandros to my piano ballads playlist,0,0,0,0.00016022343,7,OOD_Class_6
I'd like to watch The Details at the cinema,6,5,1,0.000669427,7,OOD_Class_6
Show me the films at the closest cinema,6,5,1,0.00029053082,7,OOD_Class_6
give three out of 6 points to Blackbox,4,4,0,0.000118382624,7,OOD_Class_6
Will there be a cloud in Kiribati,2,2,0,0.00012047981,7,OOD_Class_6
book spot for 7 at an indoor restaurant in MP now,1,1,0,0.00013200263,7,OOD_Class_6
Please play me a top nineties theme song,3,3,0,0.00012009285,7,OOD_Class_6
I want 4813 added to my Rhythm and Blues playlist,0,0,0,0.00018804627,7,OOD_Class_6
find films scheudle in the neighborhood at 2,6,5,1,0.00018000817,7,OOD_Class_6
Is there going to be a depression in my current location on nov. the ninth,2,2,0,0.000121186415,7,OOD_Class_6
find Alamo Drafthouse Cinema with animated movies,6,5,1,0.00015000273,7,OOD_Class_6
where can I see the trailer for Love on the Beat,5,5,0,9.871647e-05,7,OOD_Class_6
I need to find the movie theatre showing The Crooked Web closest to me,6,5,1,0.00012071562,7,OOD_Class_6
Which movies are being screened around here ?,6,5,1,0.000786777,7,OOD_Class_6
Is Proudly She Marches playing anywhere?,6,3,1,0.0008678977,7,OOD_Class_6
Find a reservation within walking distance of pauline's place for a party of 10 at fourteen o'clock at a restaurant that serves aioli,1,1,0,0.00012821224,7,OOD_Class_6
I want to book a table at a nearby restaurant in Andorra for me and my kids .,1,1,0,0.00016464427,7,OOD_Class_6
I want to book Oregon Electric Station in North City .,1,1,0,0.0007850418,7,OOD_Class_6
Will it get cold in Nevada seven weeks and a half from now ?,2,2,0,0.00011745939,7,OOD_Class_6
find the They Came from Somewhere Else saga,5,5,0,0.00010622012,7,OOD_Class_6
what movies are at Loews Cineplex,6,5,1,0.00045813335,7,OOD_Class_6
can you add xanadu to Latin Alternative Music,0,0,0,0.00018540355,7,OOD_Class_6
find a movie schedule,6,5,1,9.0853864e-05,7,OOD_Class_6
When is The Jailbird showing at United Paramount Theatres,6,5,1,0.00027434985,7,OOD_Class_6
I give the following textbook 3 points .,4,4,0,0.0001241845,7,OOD_Class_6
show movie times,6,5,1,0.00010304979,7,OOD_Class_6
Is it forecast to be stormy close to Nimule-Nationalpark 1 hour from now ?,2,2,0,0.000111100286,7,OOD_Class_6
What are the movie schedules,6,5,1,0.00028989394,7,OOD_Class_6
Add kjetil vidar haraldstad to my para entrenar playlist.,0,0,0,0.00017147408,7,OOD_Class_6
Find movie times for close by movies .,6,5,1,0.00011153327,7,OOD_Class_6
Showtimes for Butterfly on a Wheel .,6,5,1,0.0014818872,7,OOD_Class_6
SHow me the nearest movie house showing Moron 5 and the Crying Lady,6,5,1,0.00017054346,7,OOD_Class_6
What is the movie schedule of animated movies nearby,6,5,1,0.00027618257,7,OOD_Class_6
find the painting The Adventures of Teddy Ruxpin,5,5,0,0.00013154694,7,OOD_Class_6
I am giving the book titled The Masters of Solitude a rating of two out of 6,4,4,0,0.00011285146,7,OOD_Class_6
I'd like to watch Sherlock Holmes à New York at KB Theatres,6,5,1,0.00030929825,7,OOD_Class_6
where is The Cycle playing,6,5,1,0.00018667642,7,OOD_Class_6
Play Ik Hou Van Jou by Elena Temnikova,3,3,0,0.00013783731,7,OOD_Class_6
"book a table for June the thirteenth, 2033 in Saint Barthélemy for 6 at an indoor tea house",1,1,0,0.00015470205,7,OOD_Class_6
add the tune to the Indie Workout playlist,0,0,0,0.00015975497,7,OOD_Class_6
when can i see A Handful of Dust in a movie theatre,6,5,1,0.00016691496,7,OOD_Class_6
Find Spirit of the Bush .,5,5,0,0.00011012962,7,OOD_Class_6
Download The Red Eagle TV show,5,5,0,0.00012405736,7,OOD_Class_6
What movie schedule are in the area for animated movies,6,5,1,0.00030839205,7,OOD_Class_6
play Lastfm tunes from 1997,3,3,0,0.0001315256,7,OOD_Class_6
What is the movie schedules,6,5,1,0.00028892356,7,OOD_Class_6
Find the schedule for The Solitude of Prime Numbers at the nearest cinema in 1 hour .,6,5,1,0.00030856562,7,OOD_Class_6
"How's the weather in Grisdale , Bangladesh ?",2,2,0,0.000112846545,7,OOD_Class_6
"Can I rate the book My Life in France not one , but 6 stars ?",4,4,0,0.00011688888,7,OOD_Class_6
Find the movie schedule for 204524 .,6,5,1,9.852487e-05,7,OOD_Class_6
Add Tranquility to the Latin Pop Rising playlist.,0,0,0,0.0001646648,7,OOD_Class_6
I'd like to play the song In a Reverie,5,5,0,0.00013527236,7,OOD_Class_6
add this track to the playlist named cali fire,0,0,0,0.0001605373,7,OOD_Class_6
Can you let me know what animated movies are playing close by ?,6,5,1,0.0012585013,7,OOD_Class_6
What is the nearest movie theatre playing Kate y Leopold ?,6,5,1,0.00023441864,7,OOD_Class_6
look for the game Find Another Way,5,5,0,0.000101356905,7,OOD_Class_6
find Plitt Theatres movie schedules,6,5,1,0.0001055927,7,OOD_Class_6
book a spot for seven in 8 seconds from now,1,1,0,0.00012209744,7,OOD_Class_6
When is Longwave going to be playing?,6,3,1,0.00066777045,7,OOD_Class_6
Book a bar which serves chicken french at Robinson .,1,1,0,0.00013436654,7,OOD_Class_6
Where can I watch the latest episode of the TV show Chu Chu and the Philly Flash ?,5,5,0,0.00013585215,7,OOD_Class_6
add lunacy to my chill out playlist,0,0,0,0.00018306881,7,OOD_Class_6
I want to book Coney I-Lander for 10 people.,1,1,0,0.000157664,7,OOD_Class_6
what is the movie schedule for the Cooper Foundation,6,5,1,0.00017798516,7,OOD_Class_6
I want to see Shattered Image .,6,5,1,0.00014768171,7,OOD_Class_6
holly and brittany need a reservation for a sardinian tea house close by CO,1,1,0,0.000146113,7,OOD_Class_6
movie schedule of films around here,6,5,1,0.00017128533,7,OOD_Class_6
find The Bride,6,5,1,8.0729245e-05,7,OOD_Class_6
Can you tell me the movies that are going to be scheduled at the closest movie house ?,6,5,1,0.0016006074,7,OOD_Class_6
Please make reservations for three at a kosher taverna nearby our secondary residence,1,1,0,0.00020972452,7,OOD_Class_6
Find the movie schedule close by,6,5,1,8.484971e-05,7,OOD_Class_6
Add a track to Fusion Fest,0,0,0,0.00017926241,7,OOD_Class_6
Is it cloudy in Tingley ?,2,2,0,0.000110127985,7,OOD_Class_6
i want to see I Dream of Jeanie in a movie theatre,6,5,1,0.00019305693,7,OOD_Class_6
Find movie schedules .,6,5,1,0.00015029524,7,OOD_Class_6
Play a top five Linda Strawberry ep,3,3,0,0.00013959504,7,OOD_Class_6
Can i get the movie schedule for Megaplex Theatres .,6,5,1,0.0001445838,7,OOD_Class_6
Book a spot for one at a fish restaurant,1,1,0,0.0001437319,7,OOD_Class_6
put this track on operación bikini,0,0,0,0.00020370581,7,OOD_Class_6
Does AMC Theatres have movie schedules out?,6,5,1,0.00019149827,7,OOD_Class_6
Show me the movie schedules for the nearest movie theatre in Invasion U.S.A. .,6,5,1,0.00038833125,7,OOD_Class_6
Can you help me find a picture called Olympia 1974 ?,5,5,0,0.000148119,7,OOD_Class_6
Can I get the movies showtimes for the closest movie house .,6,5,1,0.00022131504,7,OOD_Class_6
What time is In Old New Mexico showing today?,6,2,1,0.00013215521,7,OOD_Class_6
Find the schedule for Across the Line at the closest movie house .,6,5,1,0.0001208189,7,OOD_Class_6
Play some Hong Junyang .,3,3,0,0.00014165927,7,OOD_Class_6
show me the schedule for Rat Rod Rockers !,6,5,1,0.00011654475,7,OOD_Class_6
What's the movie schedule for films in the neighbourhood,6,5,1,0.0001987133,7,OOD_Class_6
Where does The Return of the Whistler play at the Bow Tie Cinemas at 030148 A.M.,6,3,1,0.0023758402,7,OOD_Class_6
Show me the movies at Harkins Theatres .,6,5,1,0.00038376547,7,OOD_Class_6
find a soundtrack called The Book of Folly,5,5,0,9.699924e-05,7,OOD_Class_6
Add tune to cleaning the house,0,0,0,0.00017013877,7,OOD_Class_6
Book a restaurant near the City of Wakefield for 5 people.,1,1,0,0.000119769466,7,OOD_Class_6
add this is Andrés Calamaro by Milk,0,0,0,0.00019025113,7,OOD_Class_6
I want to read the book The Lion Sleeps Tonight,5,5,0,0.00011517383,7,OOD_Class_6
Tell me the weather forecast for France,2,2,0,0.00010736583,7,OOD_Class_6
"Tell me the weather forecast one year from now in Kulpsville , Togo",2,2,0,0.00010768132,7,OOD_Class_6
add this tune by Nokio the N Tity to my this is bb king playlist,0,0,0,0.00016750218,7,OOD_Class_6
Is Rare Birds showing at the nearest movie theatre at noon .,6,1,1,0.0005796416,7,OOD_Class_6
what's Southern Theatres movie schedule,6,5,1,0.00019020816,7,OOD_Class_6
Find me animated movies at Amco Entertainment tomorrow,6,5,1,0.00016052945,7,OOD_Class_6
Please give me the movie schedule for Pacific Theatres,6,5,1,0.00011261104,7,OOD_Class_6
Where can I see The Somme starting at 160104 ?,6,5,1,0.00048880803,7,OOD_Class_6
Is The Love Guru playing,6,3,1,0.0002990754,7,OOD_Class_6
What time is 26 Years Diary showing in the movie house ?,6,5,1,0.000130643,7,OOD_Class_6
What's the forecast for the weather at eight am in Oxford ?,2,2,0,0.00011688643,7,OOD_Class_6
Is Cradle Robbers playing at the nearest movie theatre,6,5,1,0.00020478698,7,OOD_Class_6
I want to book a brasserie for 3 people in Netherlands Antilles .,1,1,0,0.00013539215,7,OOD_Class_6
Find movie schedules .,6,5,1,0.00015029524,7,OOD_Class_6
What is the weather in Arkansas the city of Morrison,2,2,0,0.000104062296,7,OOD_Class_6
Open Groove Shark and play sound track from Dj Cameo,3,3,0,0.00014932909,7,OOD_Class_6
What is the weather going to be like in Flint Hill in 9 years,2,2,0,0.0001208938,7,OOD_Class_6
Find THUNDER IN THE EAST .,5,5,0,9.9007375e-05,7,OOD_Class_6
what are the times for The Gingerbread Man,6,5,1,0.0001123585,7,OOD_Class_6
Play ep from Quasimoto from the nineties,3,3,0,0.0001454451,7,OOD_Class_6
What time is The Daring Dobermans playing,6,5,1,0.0006524092,7,OOD_Class_6
"add Hello, My Lover, Goodbye to my Deathcore playlist",0,0,0,0.00016061385,7,OOD_Class_6
What time is A Man for Burning playing,6,5,1,0.00013975077,7,OOD_Class_6
play Latin Dinner,3,3,0,0.000102778555,7,OOD_Class_6
Show me the current movie times,6,5,1,9.7560456e-05,7,OOD_Class_6
add Bedroom Jams to album,0,0,0,0.00018486455,7,OOD_Class_6
Book a restaurant in Switzerland for 3 .,1,1,0,0.000117639844,7,OOD_Class_6
Add Kirk Hammett to Calm Down,0,0,0,0.00019822893,7,OOD_Class_6
I want to add a tune by Damon Johnson to my frescura indie playlist,0,0,0,0.00015355687,7,OOD_Class_6
Show me movie times at Harkins Theatres .,6,5,1,0.0006273685,7,OOD_Class_6
find Fox Theatres with The Caretaker,6,5,1,0.00010375699,7,OOD_Class_6
Play some music from Victor Kunonga .,3,3,0,0.00013165841,7,OOD_Class_6
Play some thrash metal .,3,3,0,0.00014317501,7,OOD_Class_6
Find a movie schedule .,6,5,1,0.00010736532,7,OOD_Class_6
what films are at the nearest cinema,6,5,1,0.0010598397,7,OOD_Class_6
List movie schedules at Showcase Cinemas,6,5,1,0.00046658632,7,OOD_Class_6
I want the photograph of Walt Before Mickey,5,5,0,0.00021939738,7,OOD_Class_6
Play a symphony from 2013 .,3,3,0,0.00012526031,7,OOD_Class_6
Book me a table for 8 at a restaurant for seven pm,1,1,0,0.00014800702,7,OOD_Class_6
Give the current saga a three,4,4,0,0.000118266566,7,OOD_Class_6
find Santikos Theatres showing animated movies,6,5,1,0.00020375053,7,OOD_Class_6
Will there be rainfall faraway from Uganda,2,2,0,0.000102750375,7,OOD_Class_6
Is The Country Doctor on the schedule at any theater near me?,6,2,1,0.00025043977,7,OOD_Class_6
find Lost in Space,6,5,1,9.540336e-05,7,OOD_Class_6
Play Seasons In The Sun by Rosco Gordon on iheart,3,3,0,0.00013932484,7,OOD_Class_6
Is it freezing near Medley ?,2,2,0,0.00010884431,7,OOD_Class_6
Is The Passion of Anna playing four seconds from now at the cinema,6,5,1,0.0008032618,7,OOD_Class_6
find movie times for movies in the neighborhood,6,5,1,0.00012465884,7,OOD_Class_6
this essay deserves 0 stars .,4,4,0,0.000122021156,7,OOD_Class_6
What movies are playing at the nearest movie house,6,5,1,0.0005924122,7,OOD_Class_6
play Groove Shark,3,3,0,0.0001246287,7,OOD_Class_6
Will it hail today in West Point at 113648,2,2,0,0.00012030187,7,OOD_Class_6
show the movie schedules at United Paramount Theatres,6,5,1,0.00015242794,7,OOD_Class_6
What is the nearest movie house playing Black Scorpion,6,5,1,0.00018213829,7,OOD_Class_6
Add Cleo Laine to psychedelic rock,0,0,0,0.00017239575,7,OOD_Class_6
I'd like to watch Miss Congeniality,5,5,0,0.00013441038,7,OOD_Class_6
I give this book Dictionary of the English Language a 4 rating,4,4,0,0.00012442686,7,OOD_Class_6
I'd like to watch movies at the nearest movie house,6,1,1,0.002630502,7,OOD_Class_6
Where to watch television show Linger Awhile Live at Newport and More,5,5,0,0.00010234687,7,OOD_Class_6
Can I get the movie schedules in the neighbourhood for the newest films,6,5,1,0.00012648657,7,OOD_Class_6
what is the Coulee City MT forecast,2,2,0,0.00010905787,7,OOD_Class_6
find a cinema closest with animated movies,6,5,1,0.00016446001,7,OOD_Class_6
When can I see Salaam-e-Ishq A Tribute To Love at B&B Theatres ?,6,5,1,0.00019669271,7,OOD_Class_6
Let me know the movie times for films in the area .,6,5,1,0.00028789698,7,OOD_Class_6
Will it be windy at 7 AM in Dong Phou Vieng National Protected Area,2,2,0,0.00011791752,7,OOD_Class_6
Add kent james to the disney soundtrack.,0,0,0,0.00017105512,7,OOD_Class_6
Put something by Noah Wuv Bernardo on my Humor playlist,0,0,0,0.00017544518,7,OOD_Class_6
Find the schedule for films at the closest movie house .,6,5,1,0.000118833785,7,OOD_Class_6
I'd like to watch movies now right nearby,6,5,1,0.0004333458,7,OOD_Class_6
Show me the movie times,6,5,1,8.962117e-05,7,OOD_Class_6
I want to hear some Boris Grebenchtchikov on Zvooq,3,3,0,0.000148679,7,OOD_Class_6
Play music by Paul Mccartney,3,3,0,0.00014123532,7,OOD_Class_6
Please tell me what the movie schedule looks like for the AMC Theatres in twenty one hours,6,2,1,0.0016339999,7,OOD_Class_6
I'm wondering what cinema is playing Peters baby .,6,5,1,0.0011098846,7,OOD_Class_6
What time could I see A Mile in His Shoes ?,6,5,1,0.00030401276,7,OOD_Class_6
Play something by Chris Knight,3,3,0,0.00013770288,7,OOD_Class_6
Book a restaurant on san jacinto day in Anderson for me and my colleagues .,1,1,0,0.00018771262,7,OOD_Class_6
movie schedule at Speakeasy Theaters,6,5,1,0.0010649889,7,OOD_Class_6
Can i get the movie schedules for Speakeasy Theaters ?,6,5,1,0.00013477463,7,OOD_Class_6
Book a table for 12 am . at our step mother's secondary residence within walking distance for one,1,1,0,0.00014442737,7,OOD_Class_6
Is A Charming Man playing at lunch time?,6,5,1,0.00072912587,7,OOD_Class_6
Rate this textbook only three points,4,4,0,0.00011274119,7,OOD_Class_6
What's the weather in Koontz Lake,2,2,0,0.00011954,7,OOD_Class_6
Play any track by Flame,3,3,0,0.00013783052,7,OOD_Class_6
Can you find the soundtrack for Fast Food Nation,5,5,0,0.00012333781,7,OOD_Class_6
When is The Bleeding House playing at Amco Entertainment ?,6,5,1,0.00025328275,7,OOD_Class_6
rate the bok series Preparedness 101 Zombie Apocalypse two for 6 stars,4,4,0,0.0001104527,7,OOD_Class_6
What time are the animated movies starting at the nearest movie house ?,6,5,1,0.00022185939,7,OOD_Class_6
Will it be overcast in Luxembourg in fourteen seconds,2,2,0,0.000113624235,7,OOD_Class_6
Find the movie times for Caribbean Cinemas .,6,5,1,0.000110990106,7,OOD_Class_6
Give me the weather forecast for Somiedo Natural Park,2,2,0,0.00010926921,7,OOD_Class_6
What are the movie times for films playing nearby,6,5,1,0.00024058597,7,OOD_Class_6
Which animated movies are being screened at Marcus Corporation ?,6,5,1,0.0005249638,7,OOD_Class_6
book in Southern Shores for 8 at Ariston Cafe,1,1,0,0.00015345172,7,OOD_Class_6
Show me the nearest movie house showing He Won a Ranch,6,5,1,0.00015183815,7,OOD_Class_6
give 5 points to current novel,4,4,0,0.00010488182,7,OOD_Class_6
Make me a reservation at a bar for a party of 7 in indonesian,1,1,0,0.00015390574,7,OOD_Class_6
What are the movie schedules for the Caribbean Cinemas,6,5,1,0.00026310261,7,OOD_Class_6
Play some music from 2011 on lastfm,3,3,0,0.00013730173,7,OOD_Class_6
I want to give this album 4 stars,4,4,0,0.000117002994,7,OOD_Class_6
Find me the novel with the name To Lose My Life …,5,5,0,0.000102051345,7,OOD_Class_6
Rate this album 4 points,4,4,0,0.000112192385,7,OOD_Class_6
What will the weather be in Nationalpark Rila on Nov. 25 ?,2,2,0,0.00012024474,7,OOD_Class_6
add Georgetown University Alma Mater to my evening acoustic playlist,0,0,0,0.00015355585,7,OOD_Class_6
Rate The Last Opium Den 0 points,4,4,0,0.00011919366,7,OOD_Class_6
Add this tune to retrowave outrun,0,0,0,0.00016947831,7,OOD_Class_6
Rate this album five out of 6 stars .,4,4,0,0.00010778881,7,OOD_Class_6
Can i get the showtimes for Man in Blues ?,6,5,1,0.00010194573,7,OOD_Class_6
Where is Mother and Child plkaying,6,5,1,0.00012892035,7,OOD_Class_6
I am giving Finding Chandra a 2 out of 6 rating,4,4,0,0.000111318834,7,OOD_Class_6
Is Thenaruvi playing at the Douglas Theatre Company in one hour ?,6,2,1,0.0009076238,7,OOD_Class_6
when can iw atch Great Balls of Fire! - Vampate di fuoco,6,5,1,0.00096020964,7,OOD_Class_6
find a painting called Songs from Tsongas,5,5,0,0.00011860815,7,OOD_Class_6
add this track to Alternative Route,0,0,0,0.00017155189,7,OOD_Class_6
play an album on Netflix by chris castle from 2011,3,3,0,0.00012923918,7,OOD_Class_6
add Hot House to Have You Met Miss Jones,0,0,0,0.00017468353,7,OOD_Class_6
Find me a table for a cafe during my Guinea trip for one .,1,1,0,0.0001363405,7,OOD_Class_6
Find the schedule for movies at Star Theatres .,6,5,1,0.0001131767,7,OOD_Class_6
find animated movies nearest at a movie house,6,5,1,0.00017764818,7,OOD_Class_6
I need another artist in the romántica playlist.,0,0,0,0.00019428333,7,OOD_Class_6
what's the movie schedules for in the neighborhood at the movies,6,5,1,0.000203889,7,OOD_Class_6
find On Dress Parade,6,5,1,0.0001050826,7,OOD_Class_6
show me the When Your Heart Stops Beating photograph,5,5,0,0.00015851701,7,OOD_Class_6
Is there snowfall in Hineston New Hampshire,2,2,0,0.0001089509,7,OOD_Class_6
Will it be hot near Calakmul Biosphere Reserve 3 seconds from now,2,2,0,0.00011826536,7,OOD_Class_6
Play me some Terror music,3,3,0,0.0001612766,7,OOD_Class_6
add this song by deron miller to my party on fridays playlist,0,0,0,0.00016611777,7,OOD_Class_6
When is the next episode of the TV series Crossing Lines showing?,5,5,0,0.000117562784,7,OOD_Class_6
Find a book called Screwed .,5,5,0,0.00010488184,7,OOD_Class_6
Tell me if it will be windy here,2,2,0,0.00012595183,7,OOD_Class_6
Add bilal to winter,0,0,0,0.00017281699,7,OOD_Class_6
Rate An Act of Terror 2 stars .,4,4,0,0.00011496501,7,OOD_Class_6
I want to see DOA Dead or Alive at Loews Cineplex Entertainment .,6,5,1,0.0032422508,7,OOD_Class_6
What are the movie schedules,6,5,1,0.00028989394,7,OOD_Class_6
what animated movies are at Fox Theatres,6,5,1,0.0007772708,7,OOD_Class_6
Add r u still in 2 it to the under the surface playlist,0,0,0,0.00014466888,7,OOD_Class_6
What movies are playing at the closest cinema,6,3,1,0.0008754307,7,OOD_Class_6
Will it storm in Kinder Russia,2,2,0,0.000109484,7,OOD_Class_6
Can I get the newest listings for movies at Harkins Theatres,6,5,1,0.0005360371,7,OOD_Class_6
I'd like to watch Monk Comes Down the Mountain,6,5,1,0.0001980544,7,OOD_Class_6
I want some fusil contra fusil added to my dance hits playlist.,0,0,0,0.00020095815,7,OOD_Class_6
Is Blood Is Not Fresh Water playing at this movie theatre at 2 AM ?,6,5,1,0.00051709334,7,OOD_Class_6
Find Captain Kronos - Vampire Hunter .,6,5,1,0.00014489969,7,OOD_Class_6
What films are playing at 1 PM at Showcase Cinemas,6,3,1,0.0002844168,7,OOD_Class_6
Can I get the newest movie schedule in the area for animated movies ?,6,5,1,0.00013543514,7,OOD_Class_6
give me the movie schedule at Santikos Theatres,6,5,1,0.00035729268,7,OOD_Class_6
find start time in 12 seconds for National Bomb,6,5,1,9.2544964e-05,7,OOD_Class_6
"Book me a reservation at a burger joint close-by Choate on july 16th, 2022",1,1,0,0.00014289768,7,OOD_Class_6
Add artist to my Broken Heart,0,0,0,0.00015827695,7,OOD_Class_6
show animated movies in nearest movie theatre,6,5,1,0.00020691816,7,OOD_Class_6
What theater is playing Haunted Honeymoon,6,5,1,0.00014486187,7,OOD_Class_6
Find movies playing at the closest movie theatre,6,5,1,0.00017415061,7,OOD_Class_6
book a spot for 1 close to geraldine's house,1,1,0,0.00012198604,7,OOD_Class_6
What is the closest movie house playing What the Swedish Butler Saw,6,5,1,0.00015694917,7,OOD_Class_6
what animated movies are at the nearest cinema,6,5,1,0.00052498386,7,OOD_Class_6
I want to add michelle heaton to this is chopin,0,0,0,0.00016338148,7,OOD_Class_6
Give this series 3 stars,4,4,0,0.00012913137,7,OOD_Class_6
book a restaurant for 6,1,1,0,0.00011799841,7,OOD_Class_6
show me movie schedules,6,5,1,0.00020223444,7,OOD_Class_6
Play Who Knows Where The Time Goes ? by Grigory Leps,3,3,0,0.00016233556,7,OOD_Class_6
Find the schedule for Screen Souvenirs at Cinemark Theatres .,6,5,1,0.00012962762,7,OOD_Class_6
Which cinema is playing Das Ende – Assault on Precinct 13 ?,6,5,1,0.00021151532,7,OOD_Class_6
does Mexican Werewolf start at three am,6,2,1,0.0005610304,7,OOD_Class_6
play the TV series BET Awards 2013,5,5,0,0.00015212382,7,OOD_Class_6
Book a table for 8 people at Robinson House .,1,1,0,0.00016034473,7,OOD_Class_6
book a table in Cottondale not far for in two hundred sixty nine days,1,1,0,0.00013330641,7,OOD_Class_6
i wanna listen to a the top-twenty track of Denniz Pop in Pandora,3,3,0,0.00012897818,7,OOD_Class_6
Please show me the films playing at Loews Cineplex Entertainment .,6,5,1,0.0003266523,7,OOD_Class_6
add Daedelus to my Lazy Chill Afternoon,0,0,0,0.0001758835,7,OOD_Class_6
I give the following album a zero .,4,4,0,0.0001190776,7,OOD_Class_6
Let me get the movie schedule for lunch time.,6,5,1,0.00020459174,7,OOD_Class_6
I'd like to see the picture TeleForm,5,5,0,0.00018395684,7,OOD_Class_6
What time is I Know That You Know That I Know lpaying,6,5,1,0.00041006936,7,OOD_Class_6
Will there be fog in Tahquamenon Falls State Park ?,2,2,0,0.00011705861,7,OOD_Class_6
What time is High Tide at Noon showing,6,2,1,0.00013139928,7,OOD_Class_6
Rate the current textbook 3 of 6,4,4,0,0.00011711773,7,OOD_Class_6
I'm looking for the last track by Fei Yu Ching from the fourties,3,3,0,0.00017131286,7,OOD_Class_6
Find a photograph called Sleeping with the Enemy .,5,5,0,0.000118845055,7,OOD_Class_6
find the game Selling Blue Elephants,5,5,0,0.00011318023,7,OOD_Class_6
Play Me Against The World from Glukoza,3,3,0,0.00013448471,7,OOD_Class_6
Add rev-raptor to 90s Indie,0,0,0,0.00019968736,7,OOD_Class_6
Find the movie schedules for Cineplex Odeon Corporation .,6,5,1,0.00011563512,7,OOD_Class_6
my father in law and I would like to go to a highly rated bar,1,1,0,0.00016770068,7,OOD_Class_6
Play some seventies track from top Rie Tomosaka,3,3,0,0.00014637243,7,OOD_Class_6
book a spot at a pub with tatar in Cambodia,1,1,0,0.00011672758,7,OOD_Class_6
rate this current book album four stars,4,4,0,0.000108211054,7,OOD_Class_6
I gave The Hand of Zei series three of 6 stars,4,4,0,0.000119778815,7,OOD_Class_6
book a cafe for one in the Cocos Islands,1,1,0,0.000131707,7,OOD_Class_6
show movie times of films close by,6,5,1,0.00020105223,7,OOD_Class_6
book a restaurant for november 19,1,1,0,0.00012021038,7,OOD_Class_6
"I'd like a reservation at a place in Iran for neva, alice and maggie parker .",1,1,0,0.0001437267,7,OOD_Class_6
Find My Only Wish in some form of creative work,5,5,0,0.000120711615,7,OOD_Class_6
this horrible essay gets zero out of 6 stars,4,4,0,0.00014377164,7,OOD_Class_6
When will The Boys Next Door be playing at the nearest movie house,6,2,1,0.0010025617,7,OOD_Class_6
what is the Bahamas forecast for stormy weather at 074321,2,2,0,0.00011023569,7,OOD_Class_6
"book a restaurant for me, angela and mercedes in Cimarron City , Colorado",1,1,0,0.00017204978,7,OOD_Class_6
Show movie schedules of film nearby,6,5,1,0.0002531277,7,OOD_Class_6
Show me the movie schedule for nearby movies .,6,5,1,0.00022792022,7,OOD_Class_6
Is Green Grass Widows playing at the cinema,6,5,1,0.0006878792,7,OOD_Class_6
show me the schedule of films in Cobb Theatres,6,5,1,0.00020033175,7,OOD_Class_6
Are any animated movies playing at Magic Johnson Theatres ?,6,5,1,0.00034591064,7,OOD_Class_6
What is the movie schedules for animated movies in the neighbourhood,6,5,1,0.00032696713,7,OOD_Class_6
Play anything from Hiromitsu Agatsuma off iHeart .,3,3,0,0.00015043105,7,OOD_Class_6
"Book a table at Top Pot Doughnuts in Greensburg , AMerican Samoa",1,1,0,0.00013894177,7,OOD_Class_6
Show me the I Can Hear the Sea movie,5,5,0,0.00011451604,7,OOD_Class_6
"Tell me the weather forecast for Alexander , SD",2,2,0,0.00010852604,7,OOD_Class_6
add the track by Paul Gray to my 2010s smash hits playlist,0,0,0,0.00016466322,7,OOD_Class_6
What are the movie schedules at Loews Cineplex Entertainment,6,5,1,0.00077395275,7,OOD_Class_6
book a bar close by with a smoking room in MA,1,1,0,0.00010789857,7,OOD_Class_6
Is it cold in the current location more than it was in 3 years,2,2,0,0.00012472992,7,OOD_Class_6
Locate the best pub in Apache Junction,1,1,0,0.00012836898,7,OOD_Class_6
how's the weather in Brookdale Zimbabwe,2,2,0,0.00011484862,7,OOD_Class_6
add go to The MetalSucks Playlist,0,0,0,0.00015866663,7,OOD_Class_6
Show movie schedules for Douglas Theatre Company,6,5,1,0.0001369134,7,OOD_Class_6
Look for the movie Darkness Come Alive,5,5,0,9.814375e-05,7,OOD_Class_6
Please search for the Live in San Juan Capistrano picture .,5,5,0,0.00012787414,7,OOD_Class_6
What is the closest movie house playing House of the Dead 2,6,5,1,0.00014404047,7,OOD_Class_6
Play Johnny Gimble,3,3,0,0.00011902313,7,OOD_Class_6
Find the movie schedule for animated movies in the neighbourhood .,6,5,1,0.00011757478,7,OOD_Class_6
give two stars to current album,4,4,0,0.000104268314,7,OOD_Class_6
Rate The Bishop a 1,4,4,0,0.000110560446,7,OOD_Class_6
"Give me the weather forecast in Pleasant Dale , Alaska starting in 1952",2,2,0,0.00011273739,7,OOD_Class_6
Is it warm in Albania at noon,2,2,0,0.000117001866,7,OOD_Class_6
need a table for nine in East Prairie LA,1,1,0,0.00013343291,7,OOD_Class_6
I'd like to see Snowball Express,6,5,1,0.00015567052,7,OOD_Class_6
List films at the nearest movie house,6,1,1,0.0010812811,7,OOD_Class_6
Play the top-5 songs from Paddy Reilly on zvooq,3,3,0,0.00014896736,7,OOD_Class_6
I want to hear some twenties music off of Deezer,3,3,0,0.00014403375,7,OOD_Class_6
"add Hey, Johnnie Cope, Are Ye Waking Yet to year in metal 2016 playlist",0,0,0,0.00017614085,7,OOD_Class_6
What is the movie schedule near me?,6,2,1,0.0009484452,7,OOD_Class_6
Can I get the movie schedules for Megaplex Theatres ?,6,5,1,0.00013517815,7,OOD_Class_6
where is My Song Goes Forth playing,6,5,1,0.0001006428,7,OOD_Class_6
find Whosoever Shall Offend at Showcase Cinemas,6,5,1,0.00017436653,7,OOD_Class_6
Give me movie times for Regal Entertainment Group,6,5,1,0.00013407884,7,OOD_Class_6
The trapaholics needs another artist added.,0,0,0,0.00018475558,7,OOD_Class_6
what is the nearest movie house showing animated movies,6,5,1,0.00052699156,7,OOD_Class_6
"book a restaurant in North Dakota for my child and I on november seventh, 2037",1,1,0,0.00017753727,7,OOD_Class_6
rate The Key Word and Other Mysteries 4 of 6,4,4,0,0.00011329285,7,OOD_Class_6
Show me the movie schedules for any animated movies playing close by ?,6,5,1,0.0002219817,7,OOD_Class_6
"add Hello Central, Give Me Heaven to Indie Pop",0,0,0,0.00016155909,7,OOD_Class_6
add tune to Electro Workout,0,0,0,0.00018713597,7,OOD_Class_6
add this track to my flamenco pa ti,0,0,0,0.000160223,7,OOD_Class_6
find movies in the neighbourhood with movie times,6,5,1,0.00012823661,7,OOD_Class_6
Can I listen to merengue style music?,3,3,0,0.00012872084,7,OOD_Class_6
A rating of four out of 6 goes to Memory in Death,4,4,0,0.00011496449,7,OOD_Class_6
Rate The Saint in Trouble 1 of 6,4,4,0,0.00010778853,7,OOD_Class_6
Where is All Night Long 3 playing 1 hour from now,6,5,1,0.0005962516,7,OOD_Class_6
"What will the weather be like on aug. the 8th, 2032 here",2,2,0,0.00012006798,7,OOD_Class_6
Is it forecast to be windy here in seven seconds ?,2,2,0,0.00011843916,7,OOD_Class_6
play music from the sixties,3,3,0,0.00013905254,7,OOD_Class_6
Find the schedule for movie times .,6,5,1,9.766417e-05,7,OOD_Class_6
Can i get the movie times for Fox Theatres ?,6,5,1,0.00010345181,7,OOD_Class_6
what will the weather be like in fourteen hours in Eastville,2,2,0,0.00011307127,7,OOD_Class_6
Can I get the movie schedule for 8 a.m. ?,6,5,1,0.00012139912,7,OOD_Class_6
Find the movie schedules for Regal Entertainment Group .,6,5,1,0.000112517635,7,OOD_Class_6
How will the weather be in Kentucky this week ?,2,2,0,0.00011373555,7,OOD_Class_6
restaurant in Bulgaria this week party for 9 numbers,1,1,0,0.00012160476,7,OOD_Class_6
what are the movietimes for films in the neighbourhood,6,5,1,0.00041768217,7,OOD_Class_6
Book a restaurant in Mauritania for 1 person.,1,1,0,0.00013073036,7,OOD_Class_6
Show movie schedules at AMC Theaters,6,5,1,0.00015877356,7,OOD_Class_6
Where is Nichiren to Mōko Daishūrai playing,6,3,1,0.00025447036,7,OOD_Class_6
Find the movie schedule for Amco Entertainment 1 minute from now .,6,5,1,9.814309e-05,7,OOD_Class_6
Anything close to Smith-9th St that can seat two people about one minute from now ?,1,1,0,0.00015291874,7,OOD_Class_6
show creative photograph Island in the Sea,5,5,0,0.000121069126,7,OOD_Class_6
Book a restaurant for 9 people.,1,1,0,0.00011996529,7,OOD_Class_6
Is any cinema playing The Spirit of Youth,6,5,1,0.00043025197,7,OOD_Class_6
"add this album to my playlist named Café, Libros",0,0,0,0.00016530903,7,OOD_Class_6
What is the movie schedule,6,5,1,0.00026154253,7,OOD_Class_6
book rosalie stewart and evelyn at a restaurant,1,1,0,0.0001258475,7,OOD_Class_6
Let me know when I can watch Actrices .,6,5,1,0.00039825359,7,OOD_Class_6
I want to see the trailer for The Entity,5,5,0,0.000115296236,7,OOD_Class_6
rate Licence Renewed a 4,4,4,0,0.00010264887,7,OOD_Class_6
I would like to see a schedule for movies at the nearest movie house .,6,5,1,0.001245945,7,OOD_Class_6
Is Live Forever The Rise and Fall of Brit Pop playing at the closest cinema in 1 minute,6,3,1,0.00028285966,7,OOD_Class_6
table for Breadline Cafe in Minnesota next friday,1,1,0,0.0001508993,7,OOD_Class_6
When will the Blonde Ambition be playing,6,5,1,0.0006666042,7,OOD_Class_6
Which films are playing at Consolidated Theatres ?,6,5,1,0.0006708429,7,OOD_Class_6
"Please look up the television show , Noel Hill & Tony Linnane .",5,5,0,0.0001449655,7,OOD_Class_6
book for sherry and concepcion in Nunam Iqua at the best restaurant,1,1,0,0.00013250166,7,OOD_Class_6
What time is Holiday Heart showing at the movie house,6,5,1,0.00014395844,7,OOD_Class_6
Rate The Country Blues 3 out of 6 stars,4,4,0,0.000113736736,7,OOD_Class_6
What's the forecast for Gamaliel,2,2,0,0.00011373362,7,OOD_Class_6
Add album to Acoustic Spring,0,0,0,0.00016964306,7,OOD_Class_6
What will the weather be in Bernie ID ?,2,2,0,0.00010820932,7,OOD_Class_6
"Play the playlist, A Mis Niños de 30 .",3,3,0,0.00013607406,7,OOD_Class_6
book a highly rated restaurant in Central African Republic for 5 people on sep. the second,1,1,0,0.00014426773,7,OOD_Class_6
Where can I find Richard the Lionheart Rebellion ?,5,5,0,9.852704e-05,7,OOD_Class_6
how much hotter will it be once close to Namibia,2,2,0,0.00011983335,7,OOD_Class_6
play Disney Sing It! – High School Musical 3 Senior Year,5,5,0,0.00015042163,7,OOD_Class_6
What time is Exploits of a Young Don Juan playing?,6,5,1,0.00017773872,7,OOD_Class_6
Book a restaurant for ten in Germfask .,1,1,0,0.0001281731,7,OOD_Class_6
"What will the weather be in Montevallo on july ninth, 2018 ?",2,2,0,0.00011541295,7,OOD_Class_6
show the movie schedules in the neighborhood for animated movies,6,5,1,0.00018234718,7,OOD_Class_6
table for nine at an internet pub,1,1,0,0.00019759654,7,OOD_Class_6
play a top 50 tune from the twenties by Willi Williams,3,3,0,0.0001367685,7,OOD_Class_6
Give me the movie times at Goodrich Quality Theaters .,6,5,1,0.00036757565,7,OOD_Class_6
"find Drumline A New Beat , a picture",5,5,0,9.785402e-05,7,OOD_Class_6
What will the weather be in Totowa Guernsey ?,2,2,0,0.00010508458,7,OOD_Class_6
Please add carmel to my lunchtime playlist.,0,0,0,0.0001674215,7,OOD_Class_6
Start playing my Disney playlist.,3,3,0,0.00012473199,7,OOD_Class_6
play Are & Be,3,3,0,0.00012228006,7,OOD_Class_6
find The Branded Woman,6,5,1,8.9534675e-05,7,OOD_Class_6
Will it be warmer in Flag ?,2,2,0,0.00010991369,7,OOD_Class_6
What is the forecast at four AM in Zambia,2,2,0,0.00011066662,7,OOD_Class_6
What is the nearest movie house with Window Connection playing at lunch,6,5,1,0.0004940599,7,OOD_Class_6
book a restaurant on next fall for 5,1,1,0,0.00011102605,7,OOD_Class_6
What time is Cabin Fever Spring Fever playing,6,5,1,0.00024798777,7,OOD_Class_6
Add this tune to the Duetos playlist,0,0,0,0.00015491537,7,OOD_Class_6
I want to know the films playing at the closest movie house .,6,5,1,0.00041244557,7,OOD_Class_6
What time is The Rumyantsev Case playing at the closest cinema,6,5,1,0.00066887005,7,OOD_Class_6
Find the movie times for North American Cinemas .,6,5,1,0.00011120723,7,OOD_Class_6
find movie schedules,6,5,1,0.00011251507,7,OOD_Class_6
Add millie corretjer to the rhythm playlist,0,0,0,0.00016587495,7,OOD_Class_6
When can I watch Alice A True Story at AMC Theatres ?,6,5,1,0.00017691884,7,OOD_Class_6
Can you find the American Bison photograph ?,5,5,0,0.00012938025,7,OOD_Class_6
is The Sleeping Beauty playing at 8 A.M. at Cobb Theatres,6,3,1,0.0007110158,7,OOD_Class_6
Tell me the closest movie house playing Black Rage,6,5,1,0.00012859517,7,OOD_Class_6
Play my 70s Smash Hits playlist.,3,3,0,0.00012068335,7,OOD_Class_6
show me the schedule of Dead Snow,6,5,1,0.00013988983,7,OOD_Class_6
find animated movies movie schedule in the neighborhood,6,5,1,0.000111210014,7,OOD_Class_6
My rating for The Eiffel Tower and Other Mythologies is 0 out of 6 stars,4,4,0,0.00011700353,7,OOD_Class_6
Play Still Life 1,3,5,0,0.00083337,7,OOD_Class_6
When is Scaramouche playing?,6,3,1,0.00075137126,7,OOD_Class_6
show me the movie schedules for animated movies around here,6,5,1,0.0006420628,7,OOD_Class_6
put United Abominations onto my rare groove playlist,0,0,0,0.00017047058,7,OOD_Class_6
Can I watch Flower and Snake at movie house in one hour from now ?,6,5,1,0.00031690858,7,OOD_Class_6
need a table now somewhere nearby Petit Manan National Wildlife Refuge,2,1,0,0.00047870365,7,OOD_Class_6
I'd like a table at a restaurant in KS in 5 hours from now,1,1,0,0.00014551634,7,OOD_Class_6
The boring Peace on Earth gets a two out of 6 .,4,4,0,0.00013506177,7,OOD_Class_6
Is the films 19 hours from now playing at Landmark Theatres,6,3,1,0.00065133657,7,OOD_Class_6
play the Hell of a Life movie,5,5,0,0.00021418155,7,OOD_Class_6
Will it hail in Villa,2,2,0,0.00010426667,7,OOD_Class_6
I want to see Medal for the General,6,5,1,0.00013306711,7,OOD_Class_6
"i want to see Love, Speed and Thrills at the nearest cinema",6,5,1,0.0009689952,7,OOD_Class_6
Find the movie schedules for me,6,5,1,9.69973e-05,7,OOD_Class_6
Where is the creative work Seven Pillars of Wisdom ?,5,5,0,0.0001049715,7,OOD_Class_6
Find the show The Sword of the Lictor,5,5,0,0.00010315381,7,OOD_Class_6
Play the song Victim Of Changes from Hawkshaw Hawkins on Spotify,3,3,0,0.00014096747,7,OOD_Class_6
What animated movies are showing in the neighborhood,6,5,1,0.0004245818,7,OOD_Class_6
find me the nearest movie theatre that's showing The Spell of the Yukon,6,5,1,0.00017607168,7,OOD_Class_6
I'd like to see Apartment Hunting .,5,5,0,0.00025486283,7,OOD_Class_6
Play the music of Filipp Bedrossowitsch Kirkorow 's theme,3,3,0,0.000120684344,7,OOD_Class_6
Season of the Witch How the Occult Saved Rock and Roll gets five points,4,4,0,0.0001393428,7,OOD_Class_6
add Animal Stories to maryanne's by Per Yngve Ohlin,0,0,0,0.00015742698,7,OOD_Class_6
find seven AM movies at Dipson Theatres,6,5,1,0.00029137422,7,OOD_Class_6
can i have the local movie times,6,5,1,0.00010547184,7,OOD_Class_6
I'd like to see the photograph The Light,5,5,0,0.00014403374,7,OOD_Class_6
Where can I find the Sounds to Consume album ?,5,5,0,0.000116203715,7,OOD_Class_6
I'd like to see Spyforce,5,5,0,0.00013103035,7,OOD_Class_6
Will it be hot in the Netherlands on February 16th ?,2,2,0,0.00010905824,7,OOD_Class_6
whats the closest movie theatre showing animated movies,6,5,1,0.00033182875,7,OOD_Class_6
Play Rei Momo newest album,3,3,0,0.0001384936,7,OOD_Class_6
find the novel The Thunder Rolls,5,5,0,9.219654e-05,7,OOD_Class_6
IS Anti-Semitism in the 21st Century The Resurgence playing now,6,5,1,0.0041173957,7,OOD_Class_6
List movie times at Harkins Theatres,6,5,1,0.00084125646,7,OOD_Class_6
Can you help me find ScholarMate ?,5,5,0,0.00012454779,7,OOD_Class_6
What movies are playing at Mann Theatres,6,3,1,0.00070604496,7,OOD_Class_6
Add the frank beard song to the Soft Pop Hits playlist,0,0,0,0.00015484003,7,OOD_Class_6
Give me the schedule for Getting There Sweet 16 and Licensed to Drive,6,5,1,0.0031922031,7,OOD_Class_6
Which cinema can I go to to see Lilly the Witch The Dragon and the Magic Book ?,6,5,1,0.00022969792,7,OOD_Class_6
What's the weather forecast for 8 hours from now in Cape Verde ?,2,2,0,0.00012375716,7,OOD_Class_6
Put this artist in Pachangueo Total,0,0,0,0.00016648666,7,OOD_Class_6
Add artist Matt Noveskey to journey,0,0,0,0.0001862236,7,OOD_Class_6
Find me the movie schedules at Fox Theatres,6,5,1,0.00011859855,7,OOD_Class_6
Can you please find me the saga Chump Change ?,5,5,0,0.000118497795,7,OOD_Class_6
Book a pub for eight people in the Pitcairn Islands .,1,1,0,0.0001316086,7,OOD_Class_6
Play music on groove shark,3,3,0,0.00013570246,7,OOD_Class_6
play Luis Alfonzo Larrain from 1995,3,3,0,0.00013946541,7,OOD_Class_6
add album to Ultra Metal,0,0,0,0.00017926407,7,OOD_Class_6
The book As Sure as the Dawn gets a two out of 6 rating,4,4,0,0.00011734697,7,OOD_Class_6
find a movie schedule in the neighborhood for animated movies,6,5,1,0.00012369308,7,OOD_Class_6
What movies will be showing around here ?,6,5,1,0.001075945,7,OOD_Class_6
find a brunch time cinema nearest with The President Is Coming,6,1,1,0.000526784,7,OOD_Class_6
What is the movie schedule right now for movies around here,6,2,1,0.0015172099,7,OOD_Class_6
find animated movies close by with a movie schedule,6,5,1,0.00015066206,7,OOD_Class_6
showtimes for movies currently playing at Speakeasy Theaters,6,3,1,0.00032353672,7,OOD_Class_6
What's the weather forecast for 3 hours from now at Christmas Island ?,2,2,0,0.00012189865,7,OOD_Class_6
What time is The Mailman playing,6,5,1,0.00018141941,7,OOD_Class_6
She me what movies are playing at 1 o'clock at the nearest movie theatre,6,3,1,0.0031207378,7,OOD_Class_6
Rate The Cherryh Odyssey three of 6 stars,4,4,0,0.00011329376,7,OOD_Class_6
find Mary Kom starting in one hour,6,5,1,0.00010164214,7,OOD_Class_6
Where to get album Justified,5,5,0,0.00010958634,7,OOD_Class_6
Play a native us song on Last Fm,3,3,0,0.00012451349,7,OOD_Class_6
I want movie times for Fox Theatres,6,5,1,0.000129483,7,OOD_Class_6
Find the nearest cinema with movies playing,6,5,1,0.00027525856,7,OOD_Class_6
Find the movie schedules at the Neighborhood Cinema Group,6,5,1,0.000122001824,7,OOD_Class_6
Is The Swan available to watch at the movie house now ?,6,5,1,0.00014081436,7,OOD_Class_6
Find the movie schedule .,6,5,1,0.0001009614,7,OOD_Class_6
I want to go see A Troll in Central Park .,6,5,1,0.00070871337,7,OOD_Class_6
What is the movie schedule for the Pacific Theatres,6,5,1,0.00016381025,7,OOD_Class_6
Find the movie schedule for Fox Theatres at supper time.,6,5,1,0.000109695575,7,OOD_Class_6
show the animated movies playing at Consolidated Theatres,6,5,1,0.00022314567,7,OOD_Class_6
what time is The Eddy Duchin Story playing,6,5,1,0.00012497883,7,OOD_Class_6
Please search for The Legend of Korra book .,5,5,0,0.000116545496,7,OOD_Class_6
What time is The Cobbler playing  at the closest movie theatre ?,6,5,1,0.00072176143,7,OOD_Class_6
Find the movie schedules for animated movies in the neighbourhood .,6,5,1,0.00014595874,7,OOD_Class_6
book a spot for six friends,1,1,0,0.00015816548,7,OOD_Class_6
Book a reservation for an osteria restaurant for 4 people on november 4,1,1,0,0.00013554504,7,OOD_Class_6
find a movie called Bruce Lee,5,5,0,0.000105395724,7,OOD_Class_6
Will it be warm neighboring here in Whitehouse ?,2,2,0,0.000113623355,7,OOD_Class_6
I want these are the days added to my spotlight spain 2016 playlist.,0,0,0,0.000176047,7,OOD_Class_6
what animated movies are at the nearest movie house,6,5,1,0.00040741186,7,OOD_Class_6
find the closest showing of The Taste of Others at a cinema,6,5,1,0.00021093819,7,OOD_Class_6
Which movie theatre with Clean and Sober is closest to me?,6,5,1,0.0006915876,7,OOD_Class_6
Add Always to dena's Baroque 50 Spotify Picks playlist.,0,0,0,0.00016258686,7,OOD_Class_6
Is it forecast to be chilly here on july 14 ?,2,2,0,0.00011948485,7,OOD_Class_6
Play pop,3,3,0,0.00011577823,7,OOD_Class_6
Find the schedule for Salt of the Black Earth at the closest movie house .,6,5,1,0.00011461075,7,OOD_Class_6
what films are playing at KB Theatres,6,3,1,0.0013144084,7,OOD_Class_6
Weather for this Winter here,2,2,0,0.00010632231,7,OOD_Class_6
Can you play something from 1966 by Mc Ren on Spotify,3,3,0,0.00012760708,7,OOD_Class_6
find movie times,6,5,1,8.661012e-05,7,OOD_Class_6
Can I know what animated movies are scheduled in the neighbourhood ?,6,5,1,0.00057100016,7,OOD_Class_6
i need movie times for films in the neighbourhood,6,5,1,0.00016271032,7,OOD_Class_6
Check the forecast for Orson for around 9 PM,2,2,0,0.000102546765,7,OOD_Class_6
Add a derek watkins tune to This Is Johnny Cash,0,0,0,0.00016314322,7,OOD_Class_6
Is Live from Sturgis 2006 playing at four o'clock at the nearest cinema ?,6,3,1,0.00014517628,7,OOD_Class_6
What movies can I see in the area ?,6,5,1,0.0002063687,7,OOD_Class_6
What are the current movie schedules ?,6,5,1,0.0014095329,7,OOD_Class_6
Play slow rock music on Vimeo,3,3,0,0.00013385525,7,OOD_Class_6
Find the movie schedule .,6,5,1,0.0001009614,7,OOD_Class_6
What time is In the Crosswind playing at Marcus Corporation ?,6,5,1,0.002675605,7,OOD_Class_6
book a gluten free restaurant in Arp,1,1,0,0.00014660829,7,OOD_Class_6
When is Girls Just Want to Have Fun playing at the movie house ?,6,5,1,0.00029199864,7,OOD_Class_6
Play some Maynard James Keenan songs from Scenes From The Big Chair,3,3,0,0.00014245903,7,OOD_Class_6
book for one in Indiana at a restaurant,1,1,0,0.00011948391,7,OOD_Class_6
Which movies are playing at AMC Theaters 1 second from now ?,6,3,1,0.0011072782,7,OOD_Class_6
What time is Children of Divorce playing,6,5,1,0.0001454427,7,OOD_Class_6
I need a table at a cafe that serves baeckeoffe,1,1,0,0.0001526996,7,OOD_Class_6
What is the movie schedules for the Harkins Theatres,6,5,1,0.00046705603,7,OOD_Class_6
Need to find the soundtrack called Fire in the Valley,5,5,0,0.00010406559,7,OOD_Class_6
Play Stefon Harris 's song .,3,3,0,0.00012353966,7,OOD_Class_6
show me movies in the area,6,5,1,0.00054974156,7,OOD_Class_6
What time is Summer School playing?,6,2,1,0.0010360971,7,OOD_Class_6
I need a table for 4 in Florida,1,1,0,0.0001472743,7,OOD_Class_6
She me movie schedules for the movies close by at sunset,6,5,1,0.00020413152,7,OOD_Class_6
add Teddy Boy to my Irish Folk – Jigs & Reels playlist,0,0,0,0.00017055788,7,OOD_Class_6
I'd like to watch Mission to Mir,6,5,1,0.00016319762,7,OOD_Class_6
What movies are playing at the nearest cinema,6,3,1,0.0011226195,7,OOD_Class_6
I want to add another album to the Scratchy Back Porch Blues playlist.,0,0,0,0.0001729001,7,OOD_Class_6
what movies are showing in the neighbourhood,6,5,1,0.0003713441,7,OOD_Class_6
what is the weather like now in AK,2,2,0,0.000109271285,7,OOD_Class_6
I'd like to see the movie schedule for movies in the area,6,5,1,0.00026318326,7,OOD_Class_6
Play some 1959 songs on Iheart,3,3,0,0.00012835179,7,OOD_Class_6
What are the movie schedules for Santikos Theatres ?,6,5,1,0.00034314286,7,OOD_Class_6
Please add Ruud Jolie to my playlist Guest List Polygon,0,0,0,0.0001552186,7,OOD_Class_6
add song by ian mcdonald to an instrumental sunday,0,0,0,0.00016506335,7,OOD_Class_6
Is it sunny 1 second from now in the Pitcairn Islands,2,2,0,0.00011164099,7,OOD_Class_6
Give The Spirit House a 4 out of 6,4,4,0,0.000120012184,7,OOD_Class_6
What movie schedules are animated movies close by,6,5,1,0.00074221235,7,OOD_Class_6
Find me the soundtrack called Enter the Chicken,5,5,0,9.6905955e-05,7,OOD_Class_6
Check the movie schedules .,6,5,1,0.00021058897,7,OOD_Class_6
Give the book The Adventures of James Bond Junior 003½ 2 points for a rating.,4,4,0,0.00012800073,7,OOD_Class_6
Go to After Dusk They Come,5,5,0,0.00012530756,7,OOD_Class_6
Play Miami 2017 by Rodney Whitaker,3,3,0,0.00012936212,7,OOD_Class_6
Find the movie times for animated movies around here .,6,5,1,0.00012237519,7,OOD_Class_6
Give five out of 6 points to this album,4,4,0,0.000112741254,7,OOD_Class_6
What time will In the Name of the Son be playing?,6,5,1,0.0009451971,7,OOD_Class_6
What films are showing at the closest movie theatre ?,6,5,1,0.0003471181,7,OOD_Class_6
Tell me the films playing at the closest movie house to me,6,5,1,0.00022073554,7,OOD_Class_6
When is Harassed being played at Plitt Theatres ?,6,3,1,0.0002501736,7,OOD_Class_6
Give 1 out of 6 rating to the current textbook,4,4,0,0.000111536545,7,OOD_Class_6
I want lance king in my list called One Love,0,0,0,0.00014290052,7,OOD_Class_6
play some dream music,3,3,0,0.00013194159,7,OOD_Class_6
Find movie times for close by films .,6,5,1,0.000114849645,7,OOD_Class_6
Find time for movies at the closest cinema,6,5,1,0.00026907324,7,OOD_Class_6
What time are movies showing at Megaplex Theatres,6,5,1,0.0015435818,7,OOD_Class_6
Is You Will Meet a Tall Dark Stranger at Bow Tie Cinemas,6,1,1,0.0012644748,7,OOD_Class_6
show movie schedule in the neighbourhood films at five hours from now,6,5,1,0.0001330595,7,OOD_Class_6
What animated movies are playing in thirteen hours at the closest movie theatre,6,5,1,0.0007131343,7,OOD_Class_6
rate If Tomorrow Comes 2 of 6 stars,4,4,0,0.00010234957,7,OOD_Class_6
Find the movies and movie times in the neighbourhood,6,5,1,0.00013026188,7,OOD_Class_6
Show me a forecast for French Polynesia,2,2,0,0.0001221326,7,OOD_Class_6
What movie theatre playing animated movies is the closest,6,5,1,0.00044771057,7,OOD_Class_6
Add another MC chris track to my Blues Roots playlist.,0,0,0,0.00017206185,7,OOD_Class_6
Rate the current novel four of 6 stars,4,4,0,0.00011541535,7,OOD_Class_6
"What is the midday weather forecast for Chalkyitsik , Palestine",2,2,0,0.000115074494,7,OOD_Class_6
Please play a song off the Curtis Lee album Rough Diamonds,3,3,0,0.00012139967,7,OOD_Class_6
Show me the movie schedules for movies playing around here today.,6,5,1,0.0022344056,7,OOD_Class_6
Please get me the Crime and Punishment in Suburbia trailer .,5,5,0,0.0002075133,7,OOD_Class_6
what are the movie schedules ?,6,5,1,0.00027096432,7,OOD_Class_6
Find movie schedules for nearby films .,6,5,1,0.00015429844,7,OOD_Class_6
What movies are scheduled at the nearest movie theatre ?,6,2,1,0.004171683,7,OOD_Class_6
Weather forecast for snowstorm on Feb. fourth in Virgin Islands,2,2,0,0.00011218812,7,OOD_Class_6
what movie house is showing Sherlock Holmes and the Secret Weapon,6,5,1,0.00014971303,7,OOD_Class_6
Play music from the top-5 from artist Kenia Arias,3,3,0,0.00014473844,7,OOD_Class_6
What time is Sontha Ooru playing,6,3,1,0.00028687113,7,OOD_Class_6
Find the schedule for The Devil Diamond at a movie theatre .,6,5,1,0.0001125164,7,OOD_Class_6
show me the movie schedule for the Cooper Foundation,6,5,1,0.000114402355,7,OOD_Class_6
Find the television show titled Spatial Query Server,5,5,0,0.00011120945,7,OOD_Class_6
rate this chronicle two points,4,4,0,0.00011954312,7,OOD_Class_6
Add viktor merjanov to california rock state,0,0,0,0.00017088866,7,OOD_Class_6
Tell me what movies are at AMC Theatres .,6,5,1,0.0026608915,7,OOD_Class_6
what animated movies are showing in the neighbourhood,6,5,1,0.00039560682,7,OOD_Class_6
Which is the nearest cinema showing movies that start in nineteen seconds ?,6,1,1,0.0021611645,7,OOD_Class_6
I want to watch Looney Tunes Platinum Collection Volume 1 at a movie theatre,6,5,1,0.00025115645,7,OOD_Class_6
Give me the movie schedule nearby,6,5,1,0.00012636025,7,OOD_Class_6
my Disco Forever playlist needs an album by sawai gandharva .,0,3,0,0.002187169,7,OOD_Class_6
find Cinemark Theatres with films,6,5,1,0.0001257548,7,OOD_Class_6
Tell me if it will hail in Elliotts Bluff at five o'clock,2,2,0,0.00010757445,7,OOD_Class_6
Please tell me the movie times,6,5,1,8.891786e-05,7,OOD_Class_6
I want to see While the Sun Shines at the closest movie house .,6,5,1,0.00029035416,7,OOD_Class_6
Play Punk Rock music,3,3,0,0.00013060946,7,OOD_Class_6
What time is Scream of Stone playing,6,5,1,0.00012749962,7,OOD_Class_6
When is The Blood of Others playing?,6,5,1,0.00013554517,7,OOD_Class_6
What is the movie schedule for movies in the neighbourhood,6,5,1,0.00017587282,7,OOD_Class_6
what time can i see Older Office Lady Using Her Seductive Tongue at Star Theatres,6,5,1,0.00020180522,7,OOD_Class_6
find the movie Yoshimi Battles the Hip-Hop Robots,5,5,0,0.00014426003,7,OOD_Class_6
Find me The Age for Love playing at the closest movie house .,6,5,1,0.00016814015,7,OOD_Class_6
Find the movie schedules for Great Escape Theatres .,6,5,1,0.00011473687,7,OOD_Class_6
Rate this novel 0 of 6 stars,4,4,0,0.00011711789,7,OOD_Class_6
Play any song from 2006,3,3,0,0.00012660469,7,OOD_Class_6
Show the movie schedule,6,5,1,0.00010747087,7,OOD_Class_6
find movies around here with movie schedules,6,5,1,0.00016480715,7,OOD_Class_6
I'd like to watch Broadway Nights at Megaplex Theatres,6,5,1,0.0006839267,7,OOD_Class_6
add this song by torch to my Sing Along playlist,0,0,0,0.00015620729,7,OOD_Class_6
add Troy Andrews to my pop punk powerhouses,0,0,0,0.00015991104,7,OOD_Class_6
Can you check the timings for Super Sweet 16 The Movie ?,6,5,1,0.00012624943,7,OOD_Class_6
the previous book is five out of 6 stars,4,4,0,0.00012202135,7,OOD_Class_6
in the neighbourhood find movies,6,5,1,0.00012761257,7,OOD_Class_6
Will it be foggy at sunset in Red Devil,2,2,0,0.00010820866,7,OOD_Class_6
What is the closest movie theatre that is playing Moment to Moment ?,6,5,1,0.00045646768,7,OOD_Class_6
find close by films with a movie schedule,6,5,1,0.0001198831,7,OOD_Class_6
play fifties track music,3,3,0,0.00012525296,7,OOD_Class_6
find the TV show When I Was a Boy,5,5,0,0.000113512564,7,OOD_Class_6
book a spot for ten at a pub that has umbrian in NV on feb. the fourth,1,1,0,0.00014302945,7,OOD_Class_6
Make a reservation for 7 people at a gastropub on Isle of Man .,1,1,0,0.00012970694,7,OOD_Class_6
"Book sot for 7 at a restaurant that serves european in Stringtown on Feb. the 28th, 2034",1,1,0,0.00012280472,7,OOD_Class_6
Find The Path to Power .,5,5,0,0.00013479884,7,OOD_Class_6
I think the chronicle entitled The Spirit of St. Louis should be given a zero rating.,4,4,0,0.00014209209,7,OOD_Class_6
Show the movie schedules with animated movies around here,6,5,1,0.0002742381,7,OOD_Class_6
Give Hindu Temples What Happened to Them a 5 out of 6 stars .,4,4,0,0.000115640156,7,OOD_Class_6
What movies are playing at Regal Entertainment Group,6,3,1,0.00061994884,7,OOD_Class_6
What type of movie is Houston Press ?,5,5,0,0.00017896935,7,OOD_Class_6
Rate The Anatomy of Melancholy 1 stars,4,4,0,0.00013090833,7,OOD_Class_6
Play a Herbie Fields record from the sixties,3,3,0,0.00013464733,7,OOD_Class_6
Tell me the weather forecast for WY,2,2,0,0.00010789141,7,OOD_Class_6
What is the nearest cinema playing Patiala House,6,1,1,0.0010301577,7,OOD_Class_6
find a United Paramount Theatres and movie times at 4 A.M.,6,1,1,0.0008778726,7,OOD_Class_6
What movie schedules start at sunset ?,6,5,1,0.00021701577,7,OOD_Class_6
I want to hear a 1976 symphony by Jam Master Jay,3,3,0,0.00012452704,7,OOD_Class_6
what movie theatre is showing Manorama Six Feet Under,6,5,1,0.00016789572,7,OOD_Class_6
I would like this song added to my princesas indie playlist.,0,0,0,0.00017708534,7,OOD_Class_6
Show me the movie times,6,5,1,8.962117e-05,7,OOD_Class_6
I'd like to see the trailer for History and Theory,5,5,0,0.0001361096,7,OOD_Class_6
Which films are playing in the neighbourhood ?,6,5,1,0.00020918196,7,OOD_Class_6
I'd like to watch films at the nearest cinema at 8 am,6,1,1,0.0005795809,7,OOD_Class_6
Find a movie schedule .,6,5,1,0.00010736532,7,OOD_Class_6
Show movie times at Kerasotes Theatres,6,5,1,0.00025397775,7,OOD_Class_6
Show me the films currently playing at the nearest movie theatre,6,5,1,0.00021679659,7,OOD_Class_6
Book reservations at a tea house in Lodi with my granddaughter and I,1,1,0,0.00015118317,7,OOD_Class_6
Book a table for 8 at a restaurant that serves far breton .,1,1,0,0.00013267365,7,OOD_Class_6
Find the closest movie house that plays animated movies,6,5,1,0.0001659266,7,OOD_Class_6
where can I find the video game called Izuna 2 The Unemployed Ninja Returns,5,5,0,0.000110129,7,OOD_Class_6
I would like to book a restaurant in Tanzania that is within walking distance for my mom and I,1,1,0,0.00017852521,7,OOD_Class_6
Add the album to the hot 50 playlist.,0,0,0,0.00016498596,7,OOD_Class_6
List movie schedule .,6,5,1,0.00029150513,7,OOD_Class_6
Play Stereo by Jonathan Davis on Deezer .,3,3,0,0.00013114532,7,OOD_Class_6
Will there be a storm faraway from Chapman Ranch ?,2,2,0,0.00011142507,7,OOD_Class_6
Need the closest movie house playing The Flamingo Rising,6,5,1,0.00012352852,7,OOD_Class_6
Play Furusato on Google Music .,3,3,0,0.00012356031,7,OOD_Class_6
What movies are scheduled at Plitt Theatres ?,6,2,1,0.0035333908,7,OOD_Class_6
show movie times in North American Cinemas,6,5,1,0.00016864162,7,OOD_Class_6
Book a restaurant for 7 people.,1,1,0,0.0001212644,7,OOD_Class_6
Book a table for January the twentieth at a place far from your daughter's campus,1,1,0,0.00014453173,7,OOD_Class_6
What are the movie times for animated movies nearby ?,6,5,1,0.0003813277,7,OOD_Class_6
Play some eighties movement music,3,3,0,0.00014367727,7,OOD_Class_6
The Half-Life chronicle deserves 3 points,4,4,0,0.00014071599,7,OOD_Class_6
What will the weather be like in 16 weeks at the Ivory Coast,2,2,0,0.00011077597,7,OOD_Class_6
please add moon river to my metalcore playlist,0,0,0,0.00015590157,7,OOD_Class_6
is Tomorrow at Dawn at Harkins Theatres,6,2,1,0.00038540407,7,OOD_Class_6
Rate The Vanishing Thieves 4 out of 6,4,4,0,0.00012213957,7,OOD_Class_6
What movies are playing at the closest movie theatre,6,5,1,0.0008615361,7,OOD_Class_6
Which films are playing at the IMAX Corporation ?,6,5,1,0.0002291211,7,OOD_Class_6
Assign three stars out of 6 to The Dune Encyclopedia,4,4,0,0.00011429336,7,OOD_Class_6
Show films at the nearest cinema,6,5,1,0.0005882012,7,OOD_Class_6
rate the current chronicle a zero,4,4,0,0.00012576941,7,OOD_Class_6
What's it like in Bahrain right now ?,2,2,0,0.00012799128,7,OOD_Class_6
At four pm . I need a table for 8 at a restaurant in Guernsey that serves salade .,1,1,0,0.00013767941,7,OOD_Class_6
I need movie times in the area for any type of movies,6,5,1,0.00022645458,7,OOD_Class_6
What is the local movie schedule,6,5,1,0.00025180134,7,OOD_Class_6
Please give me the movie schedules .,6,5,1,0.00024411696,7,OOD_Class_6
What time is The Corner playing,6,5,1,0.0007510693,7,OOD_Class_6
Add this track to my Tropical Morning playlist,0,0,0,0.00016030196,7,OOD_Class_6
Can I get the showtimes for animated movie in the neighbourhood ?,6,5,1,0.00010165216,7,OOD_Class_6
Play eighties music on Groove Shark .,3,3,0,0.00013960295,7,OOD_Class_6
showtimes for the closest movie theatre that is showing Operation Autumn,6,1,1,0.001507004,7,OOD_Class_6
Find movie times .,6,5,1,0.000100665486,7,OOD_Class_6
what animated movies are showing in the neighborhood,6,5,1,0.0004245818,7,OOD_Class_6
book a meal for four in DC,1,1,0,0.00014943905,7,OOD_Class_6
what are the movie schedules in the neighborhood,6,2,1,0.0014751818,7,OOD_Class_6
add this artist to my the road to punk rock playlist,0,0,0,0.00016030065,7,OOD_Class_6
Glory Season deserves a perfect 5 points .,4,4,0,0.00012333832,7,OOD_Class_6
I'm wondering what movies will be laying around here .,6,5,1,0.0010453917,7,OOD_Class_6
Play a top-50 tune from 1982 .,3,3,0,0.00012923534,7,OOD_Class_6
rate this current novel a 3,4,4,0,0.000111102,7,OOD_Class_6
Put this track on Musica Española 2017,0,0,0,0.0002025891,7,OOD_Class_6
I'd like to know what films are scheduled at Alamo Drafthouse Cinema .,6,5,1,0.008633546,7,OOD_Class_6
Play Acid Punk music.,3,3,0,0.00012897662,7,OOD_Class_6
Book me a reservation for the best bistro,1,1,0,0.0001346243,7,OOD_Class_6
Is Jack the Ripper playing in one hour at the nearest movie house ?,6,5,1,0.0011641228,7,OOD_Class_6
Where can I get Harry Potter and the Philosopher’s Stone,5,5,0,0.0001180309,7,OOD_Class_6
Find the schedule for animated movies in the neighborhood .,6,5,1,0.000119426215,7,OOD_Class_6
Give me an album from 1972 to listen to.,3,3,0,0.000113506445,7,OOD_Class_6
Which films are playing close by ?,6,5,1,0.00021476332,7,OOD_Class_6
Book a food truck that is highly rated in Honduras,1,1,0,0.00012823756,7,OOD_Class_6
Give The Fox and the Hound a 1,4,4,0,0.00012700389,7,OOD_Class_6
I want another song in the Women of Latin Music playlist.,0,0,0,0.00017569856,7,OOD_Class_6
What time is G-Men vs The Black Dragon playing at Harkins Theatres,6,5,1,0.00027621226,7,OOD_Class_6
Play music on the playlist Electronic Gaming,3,3,0,0.00012910165,7,OOD_Class_6
give five stars to current album,4,4,0,0.00010518872,7,OOD_Class_6
What films are at Century Theatres in twelve hours,6,5,1,0.0015623558,7,OOD_Class_6
Add Shangri-La to the African Heat playlist.,0,0,0,0.00017088834,7,OOD_Class_6
Show Acta Mathematicae Applicatae Sinica TV show,5,5,0,0.00023665525,7,OOD_Class_6
play some Annie Herring beat street on itunes,3,3,0,0.00014179635,7,OOD_Class_6
What is the nearest movie theatre showing Ocean’s 13 ?,6,5,1,0.00024077925,7,OOD_Class_6
book a spot for nine in Lavalette Guam,1,1,0,0.00012289245,7,OOD_Class_6
show the show The Son of Tarzan,5,5,0,0.00011896023,7,OOD_Class_6
Where is the closest cinema playing I Prefer the Sound of the Sea,6,5,1,0.0015935175,7,OOD_Class_6
Add this album to my pop playlist,0,0,0,0.00015666417,7,OOD_Class_6
book a diner for 1 in Green Isle,1,1,0,0.000111157446,7,OOD_Class_6
Find time for Ace of the Saddle,6,5,1,7.350352e-05,7,OOD_Class_6
Please play songs by Lil Jon,3,3,0,0.00012722866,7,OOD_Class_6
Find the schedule for the closest films at a cinema at meal time.,6,5,1,0.00024607973,7,OOD_Class_6
Find time for All About Hash,6,5,1,8.509988e-05,7,OOD_Class_6
Play soundtrack by Armand Van Helden,3,3,0,0.00012427023,7,OOD_Class_6
find Vegucated starting at zero pm,6,5,1,9.18015e-05,7,OOD_Class_6
search for the trailer The Thieving Magpie,5,5,0,0.000103053324,7,OOD_Class_6
Put abe laboriel onto the Escapada playlist.,0,0,0,0.00018905962,7,OOD_Class_6
"I want to hear Jimmy James from the thirties , play a song on Groove Shark .",3,3,0,0.00012612088,7,OOD_Class_6
What are the movie times for the Caribbean Cinemas ?,6,5,1,0.00013228736,7,OOD_Class_6
At AMC Theaters what is the movie schedule ?,6,5,1,0.00019863367,7,OOD_Class_6
Is Amco Entertainment showing Cień Caseya today?,6,5,1,0.00017328114,7,OOD_Class_6
which is the nearest movie house playing The Diary of Anne Frank,6,5,1,0.0001536854,7,OOD_Class_6
"What's the weather forecast for Winnfield , Georgia ?",2,2,0,0.000114512775,7,OOD_Class_6
Find time for films at the nearest movie theatre,6,5,1,0.00015253494,7,OOD_Class_6
Book a table for 0445 pm at a restaurant in Washington .,1,1,0,0.00017151398,7,OOD_Class_6
What time is Swarna Trishna playinh at Loews Cineplex,6,3,1,0.00037286733,7,OOD_Class_6
Rate the current essay 0 of 6,4,4,0,0.000117003656,7,OOD_Class_6
Where is the closest cinema playing A Drink in the Passage,6,1,1,0.00017582196,7,OOD_Class_6
what are some close by animated movies showing,6,5,1,0.00041753822,7,OOD_Class_6
Where animated movies does North American Cinemas feature,6,5,1,0.0002013153,7,OOD_Class_6
Find The Fire in Our Throats Will Beckon the Thaw TV show,5,5,0,8.883965e-05,7,OOD_Class_6
find Regal Entertainment Group animated movies,6,5,1,0.00011197102,7,OOD_Class_6
Find time for College Rock Stars at any movie theatre,6,5,1,0.00012733338,7,OOD_Class_6
When is Crime and Punishment U.S.A. showing?,6,5,1,0.00045388122,7,OOD_Class_6
rate the current essay zero out of 6 stars,4,4,0,0.00011530268,7,OOD_Class_6
I want to see the movie schedule for North American Cinemas,6,5,1,0.00014403275,7,OOD_Class_6
please put this tune on the irish folk – jigs & reels playlist,0,0,0,0.00015804509,7,OOD_Class_6
what's the closest movie house showing animated movies,6,5,1,0.000353692,7,OOD_Class_6
Give The Street five points .,4,4,0,0.00011989424,7,OOD_Class_6
Look for the album called The Tale of Mr. Jeremy Fisher,5,5,0,0.00012454404,7,OOD_Class_6
Find the schedule for Tailspin Tommy in the Great Air Mystery .,6,5,1,0.0001102375,7,OOD_Class_6
Book a reservation for a popular restaurant in Federated States Of Micronesia,1,1,0,0.00014992277,7,OOD_Class_6
Can i get the movie schedule for films nearby .,6,5,1,0.00014069513,7,OOD_Class_6
Which animated movies are playing at Fox Theatres ?,6,5,1,0.00029705637,7,OOD_Class_6
Rate the text book New Finnish Grammar a four out of 6,4,4,0,0.00011440506,7,OOD_Class_6
"Please reserve a table at the food truck in Wheeler for december 4th, 2019",1,1,0,0.00014551924,7,OOD_Class_6
I want to hear a top five ballad from 2002,3,3,0,0.0001272332,7,OOD_Class_6
Please put David Van Tieghem onto my throwback party playlist.,0,0,0,0.00018261927,7,OOD_Class_6
show movie CrossGenesis,5,5,0,0.0001282464,7,OOD_Class_6
what films are playing at the closest movie house ar elevenses,6,5,1,0.0007797629,7,OOD_Class_6
can i have the movie schedule for right now,6,5,1,9.6704476e-05,7,OOD_Class_6
Is The Strange Case of the End of Civilization as We Know It playing at the movie theatre,6,5,1,0.00014845369,7,OOD_Class_6
Show the nearest movie house with The Expendables starting 1 minute from now,6,5,1,0.00022439202,7,OOD_Class_6
put this song in the playlist Trap Land,0,0,0,0.00015198633,7,OOD_Class_6
Weather in Cairngorms-Nationalpark close from freezing,2,2,0,0.00010569701,7,OOD_Class_6
I want to see movie schedules at Plitt Theatres .,6,5,1,0.0005204383,7,OOD_Class_6
what film to see at ArcLight Hollywood,6,5,1,0.00017887935,7,OOD_Class_6
give 0 points to current series,4,4,0,0.00011373627,7,OOD_Class_6
Play me some music youtube,3,3,0,0.00013073983,7,OOD_Class_6
What are the movie times for movies premiering in the neighbourhood,6,5,1,0.0009781029,7,OOD_Class_6
Find the schedule for films around here .,6,5,1,0.000125396,7,OOD_Class_6
What animated movies are showing at Loews Cineplex,6,5,1,0.00037290264,7,OOD_Class_6
What are the animated movies in the neighbourhood for the recent movie times,6,5,1,0.00011881808,7,OOD_Class_6
Find the schedule for movie times for movies around here .,6,5,1,0.00013879611,7,OOD_Class_6
"Rate this part of the series , The Harrowing of Gwynedd , zero out of 6 .",4,4,0,0.0001062214,7,OOD_Class_6
I'd like a table for 3 at an outdoor restaurant,1,1,0,0.00017234407,7,OOD_Class_6
What movies are playing at Dipson Theatres,6,3,1,0.00044929786,7,OOD_Class_6
What are the movie schedules,6,5,1,0.00028989394,7,OOD_Class_6
show movie schedules close by movies,6,5,1,0.00020153911,7,OOD_Class_6
Give The Plague a 0,4,4,0,0.00012036233,7,OOD_Class_6
FInd the movie schedule for nearby movies .,6,5,1,0.00011328931,7,OOD_Class_6
find The Dead Matter at Speakeasy Theaters,6,5,1,0.00010756466,7,OOD_Class_6
show the schedule of movie Unborn but Forgotten,6,5,1,0.000108843735,7,OOD_Class_6
I want to know the temperate from January the twentieth in Brazil,2,2,0,0.00015072088,7,OOD_Class_6
Show me the current movie times,6,5,1,9.7560456e-05,7,OOD_Class_6
Rate this novel 4 out of 6,4,4,0,0.000115640745,7,OOD_Class_6
Is The Johnstown Flood playing,6,3,1,0.0030210603,7,OOD_Class_6
What time will Paris by Night aired,6,2,1,0.0006036311,7,OOD_Class_6
I want to read the book Between a Rock and a Hard Place,5,5,0,0.00010414403,7,OOD_Class_6
rate in stars as a 6 for Lord of the Shadows which gets a four,4,4,0,0.00012154286,7,OOD_Class_6
What films are playing now at the closest movie house ?,6,5,1,0.00043632317,7,OOD_Class_6
Rate my current book 1 out of 6,4,4,0,0.00011077719,7,OOD_Class_6
What animated movies are playing at Pacific Theatres,6,5,1,0.0010614999,7,OOD_Class_6
Find the movie schedules at Goodrich Quality Theaters .,6,5,1,0.00012973112,7,OOD_Class_6
Rate the current textbook 4 of 6,4,4,0,0.00011631994,7,OOD_Class_6
find The Terror Within,6,5,1,9.419903e-05,7,OOD_Class_6
I need seats for five at a place five and a half months from now,1,1,0,0.00013292326,7,OOD_Class_6
book a brasserie with internet fascility for 5 in a year in Oklahoma,1,1,0,0.00012635067,7,OOD_Class_6
book a spot for selma and molly at a steakhouse with saucisse that is close-by McSherrystown,1,1,0,0.00015548443,7,OOD_Class_6
give Portions from a Wine-stained Notebook Short Stories and Essays 0 points,4,4,0,0.00012675517,7,OOD_Class_6
what time is The World According to John Coltrane playing,6,3,1,0.00090783363,7,OOD_Class_6
Find the schedule for Brick .,6,5,1,0.000100567224,7,OOD_Class_6
Rate this novel a two,4,4,0,0.00010927272,7,OOD_Class_6
I'd like to see local movie times .,6,5,1,0.00022074585,7,OOD_Class_6
find movies at the nearest cinema,6,5,1,0.00027160734,7,OOD_Class_6
I want to see animated movie in the neighbourhood,6,5,1,0.00015370734,7,OOD_Class_6
What cinema is playing The White Stadium ?,6,5,1,0.0001758428,7,OOD_Class_6
Which Cinemark Theatres is playing A Is for Atom ?,6,5,1,0.0002703716,7,OOD_Class_6
Rate The Hard Life 0 stars,4,4,0,0.00011849822,7,OOD_Class_6
what is the movie schedules for animated movies nearby,6,5,1,0.0015154965,7,OOD_Class_6
I give Life During Wartime a one out of 6 .,4,4,0,0.00012285747,7,OOD_Class_6
Find the schedule for for Corn at eleven A.M. at Loews Cineplex Entertainment .,6,5,1,0.00012672674,7,OOD_Class_6
Show me The Atrocity Exhibition,5,5,0,0.00012225678,7,OOD_Class_6
what is the current place forecast,2,2,0,0.00010895069,7,OOD_Class_6
find animated movies in the neighborhood,6,5,1,0.00014610037,7,OOD_Class_6
Is Rumor Has It playing,6,5,1,0.000120545315,7,OOD_Class_6
What animated movies are playing now in the neighborhood,6,5,1,0.00033368487,7,OOD_Class_6
What time is The Bride’s Journey playing at Star Theatres ?,6,5,1,0.00020536319,7,OOD_Class_6
Weather for Marshall,2,2,0,0.00010736629,7,OOD_Class_6
Find a saga called The Devil Went Down to Georgia .,5,5,0,0.0001074743,7,OOD_Class_6
Where is Walt The Man Behind the Myth playing,6,5,1,0.00012117745,7,OOD_Class_6
Include When I Paint My Masterpiece in my Acoustic Spring playlist.,0,0,0,0.00016123707,7,OOD_Class_6
Find the movie schedule .,6,5,1,0.0001009614,7,OOD_Class_6
What films are playing at the closest cinema,6,3,1,0.0013146583,7,OOD_Class_6
Is The Umbrellas of Cherbourg playing near me?,6,5,1,0.00042067506,7,OOD_Class_6
show movie times for AMC Theatres,6,5,1,0.000111530215,7,OOD_Class_6
is The Nightmare showing six hours from now at the nearest cinema .,6,5,1,0.0009282371,7,OOD_Class_6
Is Goodbye Mr. Chips showing twelve minutes from now,6,2,1,0.0006804752,7,OOD_Class_6
What's the weather this Summer in Djibouti,2,2,0,0.00011745927,7,OOD_Class_6
Book a restaurant for 9 at 0037 PM,1,1,0,0.00013798226,7,OOD_Class_6
Where can I see Travelling Light ?,6,5,1,0.00014167433,7,OOD_Class_6
find movie times,6,5,1,8.661012e-05,7,OOD_Class_6
find close by movie schedule movies,6,5,1,0.00010095864,7,OOD_Class_6
Find a trailer called Hellboy The Troll Witch and Others .,5,5,0,0.00010789365,7,OOD_Class_6
I need the movie schedules for Century Theatres,6,5,1,0.00013123943,7,OOD_Class_6
Is Love Coach playing at Speakeasy Theaters ?,6,5,1,0.0013053524,7,OOD_Class_6
"What time is Atlantis, terre engloutie playing?",6,5,1,0.0011236168,7,OOD_Class_6
book a delicatessen that is indoor for 3,1,1,0,0.0001461356,7,OOD_Class_6
Book a restaurant at Tennessee,1,1,0,0.00011673486,7,OOD_Class_6
I want to book Dinner by Heston Blumenthal in AL .,1,1,0,0.00014899639,7,OOD_Class_6
Can you get me reservations for a highly rated restaurant in Seychelles,1,1,0,0.00015845083,7,OOD_Class_6
Is Love and Other Troubles playing,6,5,1,0.00026285928,7,OOD_Class_6
What will the weather be in Lamar ?,2,2,0,0.000105393665,7,OOD_Class_6
I want to hear Song For Adam,3,5,0,0.0004514983,7,OOD_Class_6
I want to see Everytime We Touch which is a painting,5,5,0,0.00052146474,7,OOD_Class_6
Book a brasserie type restaurant that serves pizzas in AMerican Samoa,1,1,0,0.00012040311,7,OOD_Class_6
What are the movie times at Landmark Theatres,6,5,1,0.00022574789,7,OOD_Class_6
Can I get the showings for Mysterious Crossing ?,6,5,1,0.00011099069,7,OOD_Class_6
I'm wondering if I can watch Heyy Babyy at a cinema .,6,5,1,0.0010928862,7,OOD_Class_6
I'd like to see the trailer Tony Parker,5,5,0,0.00012345123,7,OOD_Class_6
When is Youth Without Youth being shown at the nearest movie house ?,6,5,1,0.00019199212,7,OOD_Class_6
Play some David Mallett on last fm,3,3,0,0.00014630007,7,OOD_Class_6
Play me songs from agreable,3,3,0,0.00012845956,7,OOD_Class_6
add 157 Riverside Avenue to leticia's animal humor playlist,0,0,0,0.00016124127,7,OOD_Class_6
show movie times,6,5,1,0.00010304979,7,OOD_Class_6
I give The Monkey and the Tiger a rating of 2 points .,4,4,0,0.00011688926,7,OOD_Class_6
is it going to be hot here in 8 years,2,2,0,0.0001307152,7,OOD_Class_6
find movie schedules,6,5,1,0.00011251507,7,OOD_Class_6
Give The Slap 0 stars,4,4,0,0.00012601673,7,OOD_Class_6
Find me the nearest cinema that have movies starting right now .,6,1,1,0.0006903393,7,OOD_Class_6
I want to watch Uproar in the Studio at the nearest cinema,6,5,1,0.0022369483,7,OOD_Class_6
I want to add something by Jarvis Cocker to my rock español playlist,0,0,0,0.00016029709,7,OOD_Class_6
I'd like to watch A Storm in the Stars at North American Cinemas,6,5,1,0.00038279608,7,OOD_Class_6
show me the television show Operation Thunderbolt,5,5,0,0.00012454629,7,OOD_Class_6
Use Itunes to play a soundtrack from the year 1954,3,3,0,0.00011020424,7,OOD_Class_6
Show movie schedule at Amco Entertainment,6,5,1,0.00013164784,7,OOD_Class_6
play a concerto that was most popular in 1958 by mickey hart,3,3,0,0.00012224018,7,OOD_Class_6
What time is The Hotline playing at the movie theatre,6,5,1,0.00027307076,7,OOD_Class_6
Rate Gota’s War a one,4,4,0,9.939348e-05,7,OOD_Class_6
Find time for the movie schedule at Cineplex Odeon Corporation,6,5,1,9.680481e-05,7,OOD_Class_6
Where can I purchase the Twenty Chickens for a Saddle saga ?,5,5,0,0.000118593365,7,OOD_Class_6
book John Pearson Soda Works restaurant on 7/27/2036,1,1,0,0.00013760403,7,OOD_Class_6
I need a reservation for a highly rated bistro for a party of 10 .,1,1,0,0.00017695726,7,OOD_Class_6
i want to see JLA Adventures Trapped In Time,6,5,1,0.00015582709,7,OOD_Class_6
show me the movie schedule in the area near my home at seven AM for animated movies,6,5,1,0.00037871368,7,OOD_Class_6
Play Strength of Street Knowledge on Groove Shark,3,3,0,0.00012833734,7,OOD_Class_6
Find the movie schedule for National Amusements .,6,5,1,0.00010810226,7,OOD_Class_6
find Goodrich Quality Theaters films,6,5,1,0.0001249003,7,OOD_Class_6
rate The Ghost House series a one,4,4,0,0.000115526884,7,OOD_Class_6
Wish to read the novel called The Wizard of Stone Mountain,5,5,0,0.000102644466,7,OOD_Class_6
What animated movies are on the movie schedule close by ?,6,5,1,0.00072441006,7,OOD_Class_6
add album to my piano ballads,0,0,0,0.00016330347,7,OOD_Class_6
Get me the Elvis' Christmas Album TV show .,5,5,0,0.0001342083,7,OOD_Class_6
book a table for 4 at Fish Express,1,1,0,0.0001659182,7,OOD_Class_6
Is Holy Matrimony playing at National Amusements ?,6,5,1,0.0020625305,7,OOD_Class_6
Rate What Is Called Thinking ? 0 stars,4,4,0,0.00014804701,7,OOD_Class_6
I'd like to book a reservation for next Spring for nine people at Shore Club .,1,1,0,0.00016124087,7,OOD_Class_6
I would like to book a restaurant within the same area as Myrtle Av for 6,1,1,0,0.00012630601,7,OOD_Class_6
Rate this awful book called Cold with 0 out of 6 points,4,4,0,0.00013193494,7,OOD_Class_6
put this track on my infinite indie folk playlist,0,0,0,0.00016338064,7,OOD_Class_6
play a movement from top-20 1983 by Baruch Chait,3,3,0,0.00014773781,7,OOD_Class_6
Is there snow in the District Of Columbia,2,2,0,0.000116944226,7,OOD_Class_6
Is it warm at seven AM in Greenland,2,2,0,0.00011861198,7,OOD_Class_6
Show me the schedule for ArcLight Hollywood for only animated movies,6,5,1,0.00014796917,7,OOD_Class_6
Find a television show called Twisted .,5,5,0,0.000103256214,7,OOD_Class_6
what time is Dark World showing at Consolidated Theatres,6,5,1,0.00019243298,7,OOD_Class_6
in the neighbourhood find movies starting in thirteen hours,6,5,1,0.00013101754,7,OOD_Class_6
give zero out of 6 points to The False Peace,4,4,0,0.00011688939,7,OOD_Class_6
Where is the nearest movie theatre that is playing The King Maker,6,5,1,0.0014325976,7,OOD_Class_6
What are the movie schedules,6,5,1,0.00028989394,7,OOD_Class_6
Rate Renewable Electricity and the Grid one stars out of 6,4,4,0,0.00012638523,7,OOD_Class_6
When is The Third Eye showing at Dickinson Theatres ?,6,5,1,0.0004034351,7,OOD_Class_6
Give this textbook 5 points,4,4,0,0.00012107156,7,OOD_Class_6
Find a novel called Nature Reviews Genetics .,5,5,0,0.00011734489,7,OOD_Class_6
Show me movie schedule for animated movie around here at eleven a.m.,6,5,1,0.00022841057,7,OOD_Class_6
Add this artist to my feel good dinner playlist,0,0,0,0.00016807663,7,OOD_Class_6
Play some Gospel music.,3,3,0,0.000120217584,7,OOD_Class_6
Check the movie timings for Cracked Nuts at Southern Theatres .,6,5,1,0.00014149926,7,OOD_Class_6
Is it getting colder in Leonard Harrison State Park,2,2,0,0.00012095074,7,OOD_Class_6
add sonntag to my Assassin's Creed,0,0,0,0.00015795746,7,OOD_Class_6
find the painting Strong Enough,5,5,0,8.484791e-05,7,OOD_Class_6
find movies with movie schedules in the neighborhood,6,5,1,0.0001703576,7,OOD_Class_6
What time are the animated movies playing at Mann Theatres ?,6,5,1,0.00024184879,7,OOD_Class_6
The Battle for Skies gets a three,4,4,0,0.00013492751,7,OOD_Class_6
what animated movies are showing in the area,6,5,1,0.0008768728,7,OOD_Class_6
I want to see The Portrait of a Lady at the nearest cinema .,6,5,1,0.0012943691,7,OOD_Class_6
What are the movie schedules at the IMAX Corporation,6,5,1,0.0009834571,7,OOD_Class_6
what's the nearest movie house showing films,6,5,1,0.00092945545,7,OOD_Class_6
Find movie times .,6,5,1,0.000100665486,7,OOD_Class_6
"Please look up the novel , Live to Dance .",5,5,0,0.0001061156,7,OOD_Class_6
Rate this essay four out of 6,4,4,0,0.00011340401,7,OOD_Class_6
add this artist to cynthia's fresh finds,0,0,0,0.00015735313,7,OOD_Class_6
When will The Flower and the Angry Waves be showing?,6,2,1,0.00093894376,7,OOD_Class_6
What films are showing in the area ?,6,5,1,0.0008591134,7,OOD_Class_6
Add bryan gregory to the playlist Emily Dickinson,0,0,0,0.00015959884,7,OOD_Class_6
Is there any hail in Monterey Bay National Marine Sanctuary,2,2,0,0.00012130379,7,OOD_Class_6
Reserve a place to eat on march fifteenth in China within the same area .,1,1,0,0.00017613695,7,OOD_Class_6
what movies are playing at Warren Theatres,6,3,1,0.0009346403,7,OOD_Class_6
is Tarzan of the Apes playing at Cobb Theatres,6,5,1,0.0008788082,7,OOD_Class_6
Show me the picture Nothin,5,5,0,0.000114065864,7,OOD_Class_6
List movies by movie times in the neighbourhood,6,5,1,0.00026358283,7,OOD_Class_6
Give me some info on when Hands Across the Border will be laying at the cinema .,6,2,1,0.001584788,7,OOD_Class_6
Is No Time to Be Young showing at AMC Theaters,6,5,1,0.0007283215,7,OOD_Class_6
Find movie times for Alamo Drafthouse Cinema at 1037 P.M. .,6,5,1,0.00036312675,7,OOD_Class_6
What will the weather be in the current position on Dec. 23 ?,2,2,0,0.00011586482,7,OOD_Class_6
I need to see a list of films and movie times in the area,6,5,1,0.0008202333,7,OOD_Class_6
Weather for Cougar Canyon Wilderness,2,2,0,9.958809e-05,7,OOD_Class_6
rate The Sail and Steam Navy List 5 stars,4,4,0,0.00011609272,7,OOD_Class_6
Add J J Cale to my heavy gamer playlist.,0,0,0,0.00016652331,7,OOD_Class_6
I want the film for nearest movie theatre,6,5,1,0.00010005875,7,OOD_Class_6
"book a table for Sep. the second, 2020 at a highly rated place for me and my baby at a joint serving cambodian",1,1,0,0.00017002034,7,OOD_Class_6
Fine movie times for animated movies in the neighborhood .,6,5,1,0.0003003337,7,OOD_Class_6
What will the weather be like in twenty two minutes at San Pasqual Battlefield State Historic Park,2,2,0,0.00011786273,7,OOD_Class_6
"How is the weather in Edesville , MN ?",2,2,0,0.000108101645,7,OOD_Class_6
Add Steve Jones to my chill list,0,0,0,0.00017147494,7,OOD_Class_6
Put li yuchun 's album onto the kickass metal playlist.,0,0,0,0.00017425658,7,OOD_Class_6
I'd like to watch Army at Wanda Group,6,5,1,0.0003933274,7,OOD_Class_6
"What's the weather for April 10th, 2028 in Arkansas",2,2,0,0.00011866942,7,OOD_Class_6
add Curse song to my playlist Guest List Engadget,0,0,0,0.00015266147,7,OOD_Class_6
this series should get 0 of 6 points,4,4,0,0.0001379962,7,OOD_Class_6
Where can I purchase Wuthering Heights,5,5,0,0.0001447353,7,OOD_Class_6
Play some chant music from 2008 .,3,3,0,0.00013217212,7,OOD_Class_6
Is Unsettled Land playing at the movie theatre,6,5,1,0.000307517,7,OOD_Class_6
Find me The Twinkler playing at National Amusements in 2 minutes,6,5,1,0.00025555064,7,OOD_Class_6
I need info on the video game Iron Fist,5,5,0,0.00014955994,7,OOD_Class_6
I would rate this essay a one and a best rating of 6,4,4,0,0.00011462842,7,OOD_Class_6
Play Brian Clifton off Groove Shark .,3,3,0,0.00013320756,7,OOD_Class_6
Rate this album a 3,4,4,0,0.00010959286,7,OOD_Class_6
Add Hanging On to my just dance by aftercluv playlist.,0,0,0,0.00016758477,7,OOD_Class_6
I would rate this novel 2 points and a best rating of 6,4,4,0,0.000115753006,7,OOD_Class_6
play the Graduate Faculty Philosophy Journal album,5,5,0,0.00050930167,7,OOD_Class_6
Find movie times .,6,5,1,0.000100665486,7,OOD_Class_6
To johnnie's funtime activity playlist add the name The Best of Guitar Shorty,0,0,0,0.00015528854,7,OOD_Class_6
Rate Real World four out of 6,4,4,0,0.000115753486,7,OOD_Class_6
I would give this current novel 4 points,4,4,0,0.00011757578,7,OOD_Class_6
Where can I purchase the TV show Time for Heroes,5,5,0,0.00011496017,7,OOD_Class_6
"on April the twenty-seventh, 2022 , I'd like to make reservations at a spanish diner .",1,1,0,0.00020280883,7,OOD_Class_6
Play some 1982 movement music on Slacker,3,3,0,0.00014042268,7,OOD_Class_6
give me the local movie times,6,5,1,9.9665915e-05,7,OOD_Class_6
What is the movie schedule for movies close by,6,5,1,0.00035692623,7,OOD_Class_6
what is the weather forecast for Latvia Strasburg,2,2,0,0.0001066353,7,OOD_Class_6
Book a tyrolean restaurant in Crocker Indiana now for 3 people.,1,1,0,0.00012496143,7,OOD_Class_6
Can you make reservations for two people somewhere distant from Sutphin Blvd,1,1,0,0.00015800529,7,OOD_Class_6
What is the nearest movie theatre playing Stray Cat Rock Wild Jumbo in 7 seconds,6,5,1,0.0006646959,7,OOD_Class_6
whats the movie schedules for animated movies close by,6,5,1,0.0006435632,7,OOD_Class_6
I'd like showtimes for The Story of Wish You Were Here .,6,5,1,0.000118836455,7,OOD_Class_6
Play the song Drifting On A Reed by Bobby G,3,3,0,0.00012010636,7,OOD_Class_6
What animated movies are playing at Dipson Theatres ?,6,5,1,0.0006015864,7,OOD_Class_6
give 0 points to The Eudaemonic Pie,4,4,0,0.00012273711,7,OOD_Class_6
What time are animated movies playing in the area,6,5,1,0.00091356214,7,OOD_Class_6
What is the weather going to be at dinner time in the Lake Le-Aqua-Na State Recreation Area,2,2,0,0.00012012742,7,OOD_Class_6
I'm looking to find Suryavanshi .,5,5,0,0.00016258456,7,OOD_Class_6
Add Troy van Leeuwen to my nu metal list,0,0,0,0.00017700443,7,OOD_Class_6
Show me movie times at the Pacific Theatres for the movie The Hot Rock,6,5,1,0.00013333812,7,OOD_Class_6
I want to hear Rock Bottom by Playa Fly on Slacker,3,3,0,0.00014014749,7,OOD_Class_6
I think that this book deserves a 3,4,4,0,0.00012273702,7,OOD_Class_6
Find the movie schedules for Consolidated Theatres .,6,5,1,0.000115860246,7,OOD_Class_6
How will the weather be at 9 am in Anguilla ?,2,2,0,0.00011219084,7,OOD_Class_6
can I get the movie schedules for Goodrich Quality Theaters,6,5,1,0.00017585975,7,OOD_Class_6
Add to playlist Confidence Boost Here Comes Santa Claus,0,0,0,0.00017434405,7,OOD_Class_6
I want to book a tea house for 4 that serves madeleine,1,1,0,0.00017268953,7,OOD_Class_6
"How is the weather in Getzville , Minnesota ?",2,2,0,0.00011229863,7,OOD_Class_6
Book a table for 1 person at a popular brasserie in Jansen that serves english food,1,1,0,0.00016287158,7,OOD_Class_6
I rate The Mathematical Magpie chronicle a 0 of 6,4,4,0,0.0001240631,7,OOD_Class_6
"I'm craving mac and cheese . Book a table at a Portland Mills , KS restaurant . I need it for one second from now",1,1,0,0.00014899446,7,OOD_Class_6
Rate The Slap five of 6,4,4,0,0.00011826698,7,OOD_Class_6
"I'd like to go to Douglas Theatre Company to see In Beaver Valley , what times will the movie be playing?",6,5,1,0.00018111434,7,OOD_Class_6
Forecast for 0222 pm Maldives,2,2,0,0.00011484571,7,OOD_Class_6
give one out of 6 points to this album,4,4,0,0.000114628645,7,OOD_Class_6
Add ricky nelson to my Classical X playist,0,0,0,0.0001603795,7,OOD_Class_6
find animated movies at Amco Entertainment,6,5,1,0.00017138297,7,OOD_Class_6
Book a reservation for eight people in North Dakota,1,1,0,0.00013456692,7,OOD_Class_6
what is the forecast for Montana at dinner,2,2,0,0.000116658484,7,OOD_Class_6
show me the schedule of movie Michel Strogoff,6,5,1,0.00014165953,7,OOD_Class_6
How will the weather be in 11 years from now in the same area of Florida ?,2,2,0,0.00011186289,7,OOD_Class_6
Find movie times .,6,5,1,0.000100665486,7,OOD_Class_6
When is Em4Jay playing at the movie theatre ?,6,5,1,0.00013859487,7,OOD_Class_6
Make reservations at a restaurant in Adrian that serves cheese steak,1,1,0,0.0001343513,7,OOD_Class_6
when can i see Red Hot Tires,6,5,1,0.000112949296,7,OOD_Class_6
Where is Winterheart’s Guild,5,5,0,0.00016052768,7,OOD_Class_6
Give me the movie schedule for the Great Escape Theatres,6,5,1,0.00011295056,7,OOD_Class_6
List movie times playing animated movies nearby,6,5,1,0.00014325672,7,OOD_Class_6
Can you pull up showings for Pop Goes the Easel at the local movie theatre ?,6,5,1,0.00025036768,7,OOD_Class_6
Where is the nearest movie house that is showing The Kingfisher Caper ?,6,5,1,0.0002916004,7,OOD_Class_6
I'd like to watch movies at the closest movie theatre,6,1,1,0.0013940831,7,OOD_Class_6
what animated movie are at the theater in the neighborhood,6,5,1,0.00021342945,7,OOD_Class_6
Put another track in the keep calm playlist.,0,0,0,0.0001920322,7,OOD_Class_6
I want to play the game The Celestial Hawk,5,5,0,0.00016266105,7,OOD_Class_6
Find movie times for films in the area .,6,5,1,0.00015132397,7,OOD_Class_6
I give this current novel zero stars and a best rating of 6,4,4,0,0.00012071671,7,OOD_Class_6
I'd like to watch May Blossom,6,5,1,0.00017642183,7,OOD_Class_6
Find the closest cinema playing The St. Francisville Experiment .,6,5,1,0.0001773448,7,OOD_Class_6
put this song on my NTC High Intensity Training Tracks playlist,0,0,0,0.00017306789,7,OOD_Class_6
when is Red Shirts showing at Dickinson Theatres,6,5,1,0.0009742343,7,OOD_Class_6
I give Warheart 5 stars .,4,4,0,0.00011088528,7,OOD_Class_6
What movie theatre is playing The Deaths of Ian Stone,6,5,1,0.00021327214,7,OOD_Class_6
Please play This Is The Day by Brian Robertson .,3,3,0,0.00012139796,7,OOD_Class_6
Show the Bean and the Boys painting,5,5,0,0.00013218535,7,OOD_Class_6
What time is The Glass Key playing at Caribbean Cinemas,6,3,1,0.00082718604,7,OOD_Class_6
Book a table for 6 at a top-rated restaurant in North AMityville MA that serves south tyrolean food,1,1,0,0.00016080905,7,OOD_Class_6
when can i see Dinosaur from the Deep,6,5,1,0.00010746662,7,OOD_Class_6
Play a song by Electric Tones from their Kurutta Taiyō album on Last Fm,3,3,0,0.00012513807,7,OOD_Class_6
When is The Life and Death of King Richard II playing at Mann Theatres ?,6,5,1,0.00030746686,7,OOD_Class_6
is it going to be chillier at 10 pm in Texas,2,2,0,0.000121602876,7,OOD_Class_6
I'd like to watch Heartbreak at Pacific Theatres at two pm,6,1,1,0.0025284488,7,OOD_Class_6
What painting is on The Cure discography ?,5,5,0,0.00015711815,7,OOD_Class_6
find Kerasotes Theatres movie schedules,6,5,1,0.000120117904,7,OOD_Class_6
I'd like to know the movie times for movies nearby me,6,5,1,0.00019760932,7,OOD_Class_6
What films and movie schedules are in the neighborhood,6,2,1,0.0013569286,7,OOD_Class_6
find Italy Has Awakened at a Goodrich Quality Theaters,6,5,1,0.00012377197,7,OOD_Class_6
add dj clay to my canciones del recuerdo,0,0,0,0.0001863131,7,OOD_Class_6
What are the movie schedules,6,5,1,0.00028989394,7,OOD_Class_6
Rate this album a one,4,4,0,0.00010539354,7,OOD_Class_6
play Off the Ground,5,3,0,0.00012555139,7,OOD_Class_6
"show cold weather forecast in five hours and 1 minute in Hokendauqua , Mongolia",2,2,0,0.00011023344,7,OOD_Class_6
find films in Cinemark Theatres,6,5,1,0.00013128114,7,OOD_Class_6
I need a book called Student Demonstration Time,5,5,0,0.00011163555,7,OOD_Class_6
I'd like the movie schedules nearby me for animated movies,6,5,1,0.00022645833,7,OOD_Class_6
What is the weather forecast for Siler City Russia,2,2,0,0.000110991044,7,OOD_Class_6
Put this tune on dancePOP,0,0,0,0.00017647524,7,OOD_Class_6
What time is The Bride Wore Boots playing,6,5,1,0.0004109638,7,OOD_Class_6
put this frederick knight track on my the midnight hour playlist,0,0,0,0.00016997292,7,OOD_Class_6
Add from the ashes to my rock gaming playlist,0,0,0,0.00015597396,7,OOD_Class_6
find animated movies at the nearest movie theatre,6,5,1,0.00017922295,7,OOD_Class_6
What movie times are Harkins Theatres,6,5,1,0.00029488397,7,OOD_Class_6
Can you find the photograph titled So Long Self,5,5,0,0.000112079266,7,OOD_Class_6
I need a table at a restaurant in Texas for kelley and suzette,1,1,0,0.00015262802,7,OOD_Class_6
Show me the movies at the closest cinema,6,5,1,0.00048680173,7,OOD_Class_6
Play some Matthew Sweet music from around 1996 on Spotify,3,3,0,0.00014817104,7,OOD_Class_6
Can you bring up the movie schedule for ArcLight Hollywood ?,6,5,1,0.000121061086,7,OOD_Class_6
Ethiopia Ellenton has snow weather at eight PM,2,2,0,0.00010095571,7,OOD_Class_6
Find a painting called Voices in My Head .,5,5,0,0.000111102956,7,OOD_Class_6
Can you play a song from the fourties by George Martin,3,3,0,0.00012152046,7,OOD_Class_6
Play concerto from the eighties,3,3,0,0.00013372819,7,OOD_Class_6
What movie theatre is playing The Missing Picture,6,5,1,0.00015866003,7,OOD_Class_6
Find the movie schedule for Century Theatres .,6,5,1,0.000106426145,7,OOD_Class_6
Play me a song from 1976 by Bennie Moten,3,3,0,0.00012380038,7,OOD_Class_6
The book History by Contract is rated five stars in my opinion.,4,4,0,0.00011496371,7,OOD_Class_6
Can you play a chant by Butch Trucks on Spotify,3,3,0,0.00012999485,7,OOD_Class_6
Look for the television show Meet the Prince,5,5,0,9.9592144e-05,7,OOD_Class_6
Show me the movie schedule for Star Theatres,6,5,1,0.00011395446,7,OOD_Class_6
Where is the closest movie house playing films now,6,5,1,0.00035346326,7,OOD_Class_6
What films are going to be playing at Harkins Theatres at zero a.m. ?,6,5,1,0.0031717136,7,OOD_Class_6
I'd like to watch The Slender Thread at 6 PM,6,5,1,0.00018204328,7,OOD_Class_6
what's the nearest movie house showing Women Who Fall by the Wayside,6,5,1,0.00043166155,7,OOD_Class_6
"During tea time, what animated movies will be screening at the closest movie house ?",6,5,1,0.002805603,7,OOD_Class_6
where is The Adventure of the Yellow Curl Papers playing,6,5,1,0.000107890446,7,OOD_Class_6
Will it feel nicer in Finland or New Mexico today,2,2,0,0.00011306988,7,OOD_Class_6
Add another album to my keep calm playlist.,0,0,0,0.00016179399,7,OOD_Class_6
what time is Company Men showing,6,5,1,0.00042737182,7,OOD_Class_6
give Jackass Investing a three,4,4,0,0.00011384642,7,OOD_Class_6
Include Sean Yseult in kaitlin's metal overload playlist.,0,0,0,0.00019044537,7,OOD_Class_6
What is the forecast here for September 16,2,2,0,0.00011429157,7,OOD_Class_6
Wish to hear the album Since I Saw You Last,5,5,0,0.00059760304,7,OOD_Class_6
Find The New Legend of Shaolin video game,5,5,0,0.000118961056,7,OOD_Class_6
Play some Psychedelic Rock .,3,3,0,0.0001292237,7,OOD_Class_6
Find the schedule for Idols of Clay at a movie house .,6,5,1,0.00012564045,7,OOD_Class_6
find animated movies at the nearest movie theatre,6,5,1,0.00017922295,7,OOD_Class_6
Is I Was an American Spy playing at 11 a.m. at Southern Theatres,6,3,1,0.0013037345,7,OOD_Class_6
show weather forecast close-by MS in 48 and a half weeks,2,2,0,0.00011541108,7,OOD_Class_6
show me the schedule of American Primitive in Santikos Theatres,6,5,1,0.00013281903,7,OOD_Class_6
Give me showtimes for The Tenth Woman at the movie house .,6,5,1,0.00028685774,7,OOD_Class_6
book in Falkland Islands at Atomic Cafe,1,1,0,0.000118943964,7,OOD_Class_6
"Check the weather forecast for Chisholm , Kentucky .",2,2,0,0.00010355486,7,OOD_Class_6
She me the Sons of Satan Praise the Lord picture,5,5,0,0.00013798391,7,OOD_Class_6
add song to Daily Lift playlist,0,0,0,0.0001673399,7,OOD_Class_6
What will the weather be nineteen hours from now neighboring Saint Kitts and Nevis ?,2,2,0,0.000105909254,7,OOD_Class_6
"Pull up the video game , Apothecary Rx",5,5,0,0.00015766206,7,OOD_Class_6
Find Return to Krondor .,5,5,0,0.00011055413,7,OOD_Class_6
"book a spot for 8 at a tavern on Jun. the 11th, 2034",1,1,0,0.000117978714,7,OOD_Class_6
When is The Naked Eye playing at the closest movie theatre,6,5,1,0.00017583687,7,OOD_Class_6
what time is Mulawin The Movie showing at the nearest movie house,6,5,1,0.00031632502,7,OOD_Class_6
rate this novel 4 out of 6,4,4,0,0.000115640745,7,OOD_Class_6
add this song by Chieko Ochi to the drum & breaks playlist,0,0,0,0.00015819898,7,OOD_Class_6
Find a television show called Servidor Apache .,5,5,0,0.000105292405,7,OOD_Class_6
Rate Richard Carvel 4 out of 6,4,4,0,0.00011838284,7,OOD_Class_6
I want to read the book Crash Landing,5,5,0,0.00013946656,7,OOD_Class_6
What films are being shown at the National Amusements,6,5,1,0.00046306866,7,OOD_Class_6
Play 2004 Guy Sebastian on Itunes,3,3,0,0.00013385857,7,OOD_Class_6
What is the weather like in Detroit Lakes,2,2,0,0.00011045165,7,OOD_Class_6
What time is The Burning Season playing,6,5,1,0.000231704,7,OOD_Class_6
"Out of 6 , give Rivers of Babylon a 1",4,4,0,0.00011418215,7,OOD_Class_6
Show me the closest cinema playing movies .,6,5,1,0.0004166975,7,OOD_Class_6
Use the service Zvooq to play top-10 by artist Coolio,3,3,0,0.00013320816,7,OOD_Class_6
What's the weather in New Beaver,2,2,0,0.000111751804,7,OOD_Class_6
Weather for my current location tomorrow,2,2,0,9.968448e-05,7,OOD_Class_6
Where to buy Unarchigal,5,5,0,0.00016459002,7,OOD_Class_6
Find the movie CURL,5,5,0,9.512347e-05,7,OOD_Class_6
rate the series The Quantity Theory of Insanity 1,4,4,0,0.00013598631,7,OOD_Class_6
Is Judgment Day The John List Story playing at Megaplex Theatres ?,6,5,1,0.00020451042,7,OOD_Class_6
Please look up The 4-Hour Workweek saga,5,5,0,0.0001272486,7,OOD_Class_6
Is F.I.S.T. at Malco Theatres,6,1,1,0.001967521,7,OOD_Class_6
where is The Yellow Star The Persecution of the Jews in Europe 1933-45 playing,6,5,1,0.00014055237,7,OOD_Class_6
"I need a table for ten on april the eighteenth, 2030",1,1,0,0.0001397035,7,OOD_Class_6
whats the forecast for Redby,2,2,0,0.00010873859,7,OOD_Class_6
Add Buddy Tate to just dance by aftercluv list,0,0,0,0.00018023072,7,OOD_Class_6
Play a movement from 1974 .,3,3,0,0.000121405596,7,OOD_Class_6
I'd like to see a movies at the nearest movie house,6,5,1,0.0018745911,7,OOD_Class_6
find movie times nearby for animated movies,6,5,1,0.00013347331,7,OOD_Class_6
Book a table for doris and I in New Tulsa,1,1,0,0.0001451277,7,OOD_Class_6
"What's the forecast for Emily , Florida for aug. 17th, 2020 ?",2,2,0,0.00011884195,7,OOD_Class_6
I would like to book a restaurant in Singapore for nine in 19 hours and 1 second,1,1,0,0.00015136712,7,OOD_Class_6
Show movies in the neighborhood,6,5,1,0.00020045567,7,OOD_Class_6
Where is the nearest cinema that is playing films,6,1,1,0.00038997238,7,OOD_Class_6
What time is Dive Bomber playing,6,5,1,0.00031813985,7,OOD_Class_6
Is it going to hail in Mount San Jacinto State Park,2,2,0,0.0001172294,7,OOD_Class_6
Can I see the upcoming movie schedule ?,6,5,1,0.00012661476,7,OOD_Class_6
Give the current essay five points .,4,4,0,0.000115980074,7,OOD_Class_6
I want to go to 88th St-Boyd Av or close by and book seats for 10,1,1,0,0.00013176329,7,OOD_Class_6
Book a steakhouse with a pool for eight people.,1,1,0,0.00014613723,7,OOD_Class_6
movie times at Cooper Foundation for sunset,6,5,1,0.000249359,7,OOD_Class_6
What are the movie times for movies close by,6,5,1,0.000799206,7,OOD_Class_6
What is the movie schedules at for Douglas Theatre Company at 0 p.m. ?,6,5,1,0.0014441783,7,OOD_Class_6
Find the closest cinema playing Little Red Monkey .,6,5,1,0.00016749144,7,OOD_Class_6
book a spot for 9 in thirty three days at Ringlestone Inn close to Grenada,1,1,0,0.00012256336,7,OOD_Class_6
Add Sci-Fi Crimes to the fresh folk playlist,0,0,0,0.00016873065,7,OOD_Class_6
What's the weather forecast in Humphrey ?,2,2,0,0.00011023434,7,OOD_Class_6
give 2 for this essay,4,4,0,0.00011530196,7,OOD_Class_6
Find television show on Windows Live TV,5,5,0,0.00011677187,7,OOD_Class_6
what films are showing at Cooper Foundation,6,5,1,0.00040337,7,OOD_Class_6
Please book a room to accommodate one in 11 weeks near Bahamas restaurant,1,1,0,0.00012881147,7,OOD_Class_6
i need movie times for movies in the area,6,5,1,0.0004038061,7,OOD_Class_6
what is the nearby forecast for here at 152611,2,2,0,0.00011208053,7,OOD_Class_6
Book a reservation for a party of four within the same area of Districts of Sweden,1,1,0,0.000120820514,7,OOD_Class_6
What time are movies showing around here,6,5,1,0.0006454379,7,OOD_Class_6
rate The Crossing 3 of 6,4,4,0,0.00012357923,7,OOD_Class_6
give 3 out of 6 stars to this essay,4,4,0,0.00011230139,7,OOD_Class_6
where can i see A Slice of Life,6,5,1,0.000110664165,7,OOD_Class_6
Get soundtrack of Comprehensive Knowledge Archive Network,5,5,0,0.000166852,7,OOD_Class_6
Can I see the movie schedules ?,6,5,1,0.00014860996,7,OOD_Class_6
what is the Afternoon forecast for Shannon and Pitcairn Islands,2,2,0,0.00010694743,7,OOD_Class_6
What is the 7 A.M. movie schedules at Amco Entertainment,6,5,1,0.0010712389,7,OOD_Class_6
What's the closest cinema playing Chuckys Baby now ?,6,5,1,0.00030308144,7,OOD_Class_6
find Hear Me Good,6,5,1,9.5483054e-05,7,OOD_Class_6
find a movie house for Kickboxer 5 – Redemption,6,5,1,0.00011462503,7,OOD_Class_6
"book for jessie, dale wright and lupe at a bistro on feb. 20, 2040",1,1,0,0.0001342311,7,OOD_Class_6
Show me the Sex Therapy painting,5,5,0,0.00013860133,7,OOD_Class_6
What's the forecast for Castolon in French Southern Territories around seven PM ?,2,2,0,0.00011826191,7,OOD_Class_6
How chilly will it be at 093206 am in Moncove Lake State Park ?,2,2,0,0.000118843695,7,OOD_Class_6
I'm looking for the TV series called Unborn,5,5,0,0.00012700076,7,OOD_Class_6
add the song don't drink the water to my playlist,0,0,0,0.00014424801,7,OOD_Class_6
show creativity Cum On Feel the Noize the video game,5,5,0,0.00011427898,7,OOD_Class_6
Add this song to my fairy tales,0,0,0,0.00015558916,7,OOD_Class_6
find Kerasotes Theatres with movie times,6,5,1,0.00013646498,7,OOD_Class_6
Can you search A Song for Mama book for me?,5,5,0,0.00011230065,7,OOD_Class_6
Find the movie schedule for Pacific Theatres .,6,5,1,0.00010528949,7,OOD_Class_6
rate this book a 4 out of 6,4,4,0,0.00011142828,7,OOD_Class_6
what films are showing at Century Theatres,6,5,1,0.0003539928,7,OOD_Class_6
tell me the movie schedule,6,5,1,0.000113048896,7,OOD_Class_6
what's the nearest cinema showing The Death of Stalinism in Bohemia 1 second from now,6,5,1,0.00074171653,7,OOD_Class_6
What is the films with movie times in the area,6,5,1,0.0003085717,7,OOD_Class_6
What will the weather by close by the current position at 020230 ?,2,2,0,0.00010905812,7,OOD_Class_6
I want this artist on the Cena Elegante playlist,0,0,0,0.00018951202,7,OOD_Class_6
What are the movie times for films playing in the area ?,6,5,1,0.00025741168,7,OOD_Class_6
I want to hear Techno-industrial music.,3,3,0,0.00013716004,7,OOD_Class_6
Show me the photograph Rock You Baby,5,5,0,0.00012774709,7,OOD_Class_6
"Please search for the work, All the Wrong Reasons .",5,5,0,0.000116315496,7,OOD_Class_6
find Brandy in the Wilderness,6,5,1,8.788585e-05,7,OOD_Class_6
What movie theatre is playing Shed No Tears,6,5,1,0.00015633905,7,OOD_Class_6
Give this album 1 stars .,4,4,0,0.00011451642,7,OOD_Class_6
What's the weather going to be like near Moldova on fri.,2,2,0,0.00012424335,7,OOD_Class_6
Please get me the AiON show .,5,5,0,0.00012225869,7,OOD_Class_6
find The Watcher at United Paramount Theatres,6,5,1,0.00010144665,7,OOD_Class_6
What time is My Son Shall Be Armenian playing at Plitt Theatres,6,3,1,0.00023570066,7,OOD_Class_6
Where is Road to the Stage playing,6,5,1,9.842259e-05,7,OOD_Class_6
I want to book an indoor brasserie within walking distance in ME .,1,1,0,0.00014989924,7,OOD_Class_6
Add a rachael price album to TODO EDM,0,0,0,0.00017097205,7,OOD_Class_6
Play some melody from the eighties on Spotify,3,3,0,0.00014530508,7,OOD_Class_6
I want to hear any tune from the twenties,3,3,0,0.00012271374,7,OOD_Class_6
add artist to lo mejor de los 00's,0,0,0,0.00017451528,7,OOD_Class_6
what is the freezing forecast for British Virgin Islands,2,2,0,0.00012595368,7,OOD_Class_6
find the closest cinema with animated movies,6,5,1,0.00014990875,7,OOD_Class_6
what is the weather forecast for Cuba at eleven am,2,2,0,0.000112519,7,OOD_Class_6
Find the schedule for Rare Birds at the nearest movie theatre at Noon .,6,5,1,0.00026230863,7,OOD_Class_6
Will there be a fog here this week ?,2,2,0,0.000113291644,7,OOD_Class_6
What's the snowfall at noon in IN,2,2,0,0.00012297416,7,OOD_Class_6
find the nearest movies at a movie theatre,6,5,1,0.00034601305,7,OOD_Class_6
Can I get the movie times for films in the neighborhood ?,6,5,1,0.000108204884,7,OOD_Class_6
What's the weather forecast for my current location on jun. 2 ?,2,2,0,0.000112517904,7,OOD_Class_6
i want to watch animated movies at Showcase Cinemas,6,5,1,0.0010736834,7,OOD_Class_6
What time is the nearest cinema playing The Hopes of Blind Alley,6,5,1,0.00014691275,7,OOD_Class_6
Will it be stormy in distant Holly River State Park,2,2,0,0.00010842058,7,OOD_Class_6
what is the storm forecast in the same area of Honduras,2,2,0,0.00011631781,7,OOD_Class_6
add Desert Sessions to my i love my 80's rollerdisco playlist,0,0,0,0.00015727805,7,OOD_Class_6
listen to Westbam alumb Allergic on Google Music,3,3,0,0.00013372462,7,OOD_Class_6
What animated movies are playing in the area and what is the movie schedule,6,2,1,0.0017647253,7,OOD_Class_6
When is Beyond My Reach scheduled at the nearest cinema ?,6,2,1,0.0009782284,7,OOD_Class_6
Can I get the movie schedules for Southern Theatres at around 1502,6,1,1,0.0006527711,7,OOD_Class_6
find Plitt Theatres showing animated movies,6,5,1,0.00016185008,7,OOD_Class_6
Show me movie times for two a.m. at any nearby movies .,6,1,1,0.000809847,7,OOD_Class_6
Can I see the movie times for the Great Escape Theatres,6,5,1,0.000101449674,7,OOD_Class_6
what time is One Night Stand showing at Cineplex Odeon Corporation,6,5,1,0.00032397613,7,OOD_Class_6
Use Google Music to play some songs by Dr John,3,3,0,0.00013230278,7,OOD_Class_6
Find the Check Please photograph .,5,5,0,0.00010274645,7,OOD_Class_6
rate the Which Moped with Chrome-plated Handlebars at the Back of the Yard ? saga a one,4,4,0,0.00012924845,7,OOD_Class_6
Check films screened at the closest cinema,6,5,1,0.0010742709,7,OOD_Class_6
Where is the closest cinema playing Soapsuds and Sapheads,6,1,1,0.0020854096,7,OOD_Class_6
Find The Transformers Generations video game,5,5,0,0.000113512935,7,OOD_Class_6
I need a party of two reservation faraway from Atlantic Av-Barclays Ctr at a spa for fast food,1,1,0,0.00016190977,7,OOD_Class_6
I want to hear the top Tim Madison,3,3,0,0.0001321637,7,OOD_Class_6
play 1970 trunes,3,3,0,0.000121986246,7,OOD_Class_6
play Chance Of A Lifetime on Zvooq,3,3,0,0.00013574258,7,OOD_Class_6
Find the movie times for nearby films .,6,5,1,0.000106115425,7,OOD_Class_6
add a tune in Chill Vibes,0,0,0,0.00019601356,7,OOD_Class_6
Play Socialism Is Good by terje bakken on Spotify .,3,3,0,0.00014802607,7,OOD_Class_6
Book a table for 6 in Verona .,1,1,0,0.00013554907,7,OOD_Class_6
"Add Star Light, Star Bright to my jazz classics playlist.",0,0,0,0.00015843338,7,OOD_Class_6
What's the weather forecast for Nishi Sonogi Hantō Prefectural Natural Park three years from now ?,2,2,0,0.0001224956,7,OOD_Class_6
Find The Photographic Journal .,5,5,0,0.00012189776,7,OOD_Class_6
add nico to my rock to work,0,0,0,0.00017030408,7,OOD_Class_6
show me the schedule of movie The Da Vinci Code,6,5,1,0.00013873579,7,OOD_Class_6
I need a table somewhere in Culver City WA,1,1,0,0.00019676951,7,OOD_Class_6
I need a list of Mann Theatres films that are playing,6,5,1,0.0003136587,7,OOD_Class_6
Please book a table for four at a restaurant in TN,1,1,0,0.00013409824,7,OOD_Class_6
Add silver apples to teh sin estrés playlist.,0,0,0,0.00017562731,7,OOD_Class_6
Give Modern Glamour The Art of Unexpected Style three out of 6 stars,4,4,0,0.00012178323,7,OOD_Class_6
Can you find me a trailer for Phineas Redux ?,5,5,0,0.0001221386,7,OOD_Class_6
Weather for East Peru Bolivia 3 years and a half from now,2,2,0,0.00011185994,7,OOD_Class_6
Play some House music,3,3,0,0.00012784755,7,OOD_Class_6
Check the schedule for Bow Tie Cinemas .,6,5,1,0.00020054888,7,OOD_Class_6
Will it be warm in Cotati in Guinea-Bissau,2,2,0,0.00010895074,7,OOD_Class_6
Are any films play at the Santikos Theatres,6,3,1,0.00027942468,7,OOD_Class_6
I want to book a reservation within the same area of AMelia Court House for 4 .,1,1,0,0.00012798472,7,OOD_Class_6
Add the tune to my House Afterwork playlist.,0,0,0,0.00015998815,7,OOD_Class_6
add pangaea to my Gold Edition playlist,0,0,0,0.00016179559,7,OOD_Class_6
When is Robotix playing?,6,5,1,0.0002446549,7,OOD_Class_6
I want the movie schedule for animated movies in the area,6,5,1,0.00015941003,7,OOD_Class_6
Show me schedules to see A Film with Me in It .,6,5,1,0.00018841417,7,OOD_Class_6
Rate current novel two stars,4,4,0,0.0001118642,7,OOD_Class_6
Book a restaurant in WI at 132234 for 9 people.,1,1,0,0.00013651227,7,OOD_Class_6
find Now and Forever,6,5,1,8.840389e-05,7,OOD_Class_6
What is the movie schedule at the IMAX Corporation three minutes from now,6,2,1,0.0009816664,7,OOD_Class_6
Find the nearest movie house that's showing movies,6,5,1,0.00021080901,7,OOD_Class_6
Which cinema is showing A Dedicated Life starting at eleven PM,6,5,1,0.00031683268,7,OOD_Class_6
What time is Tasher Desh playing at the nearest movie house,6,2,1,0.0023976446,7,OOD_Class_6
I'd like to watch movies at the closest movie theatre,6,1,1,0.0013940831,7,OOD_Class_6
Play my playlist springtime,3,3,0,0.00012030888,7,OOD_Class_6
I'd like to watch animated movies at National Amusements,6,5,1,0.0013524672,7,OOD_Class_6
rate the current book 5 of 6 points,4,4,0,0.000111210844,7,OOD_Class_6
Search for The Sound of One Hand Clapping,5,5,0,0.00013933296,7,OOD_Class_6
Show me showtimes at the cinema for Chain of Events .,6,5,1,0.0007416784,7,OOD_Class_6
Will it be colder in Litchfield,2,2,0,0.0001123,7,OOD_Class_6
Turn on Spotify to Tiny Tim ep,3,0,0,0.0015893105,7,OOD_Class_6
I would rate Oblivion Stories a two,4,4,0,0.00011012899,7,OOD_Class_6
Let me know what animated movies are playing around here .,6,5,1,0.005507428,7,OOD_Class_6
I need a reservation in Steele City,1,1,0,0.0005885766,7,OOD_Class_6
What kind of weather will be in VA 12 years from now ?,2,2,0,0.000115863266,7,OOD_Class_6
What movies are playing at the closest cinema,6,3,1,0.0008754307,7,OOD_Class_6
What is the movie schedule for today?,6,5,1,0.00088568573,7,OOD_Class_6
play shara worden,3,3,0,0.00012150871,7,OOD_Class_6
what is the forecast for hot temps at Bowman Bay Wildlife Sanctuary,2,2,0,0.0001185546,7,OOD_Class_6
Is The Ghost playing,6,5,1,0.00022656625,7,OOD_Class_6
Rate the current essay zero points,4,4,0,0.0001182667,7,OOD_Class_6
Find the movie schedule for B&B Theatres .,6,5,1,0.00011484939,7,OOD_Class_6
find films at Showcase Cinemas,6,5,1,0.00014304554,7,OOD_Class_6
Where is Shake Your Powder Puff playing,6,3,1,0.00022895822,7,OOD_Class_6
rate this textbook four stars,4,4,0,0.00011838251,7,OOD_Class_6
Play bebob on Iheart,3,3,0,0.00013062917,7,OOD_Class_6
show me the schedule of Letters from a Porcupine in Alamo Drafthouse Cinema,6,5,1,0.00016333848,7,OOD_Class_6
I need reservations at Khedive Palace that's close in town .,1,1,0,0.00026935374,7,OOD_Class_6
what are the movie times for Dickinson Theatres,6,5,1,0.00022823445,7,OOD_Class_6
rate Special Assignments 0 of 6 points,4,4,0,0.000114070346,7,OOD_Class_6
Rate The Best American Short Stories 2007 one out of 6 points,4,4,0,0.00011197323,7,OOD_Class_6
Play music from 1996 .,3,3,0,0.00012525752,7,OOD_Class_6
Add the current artist to my sxsw latin,0,0,0,0.00016636294,7,OOD_Class_6
in the neighborhood find movie times for movies,6,5,1,0.000115740084,7,OOD_Class_6
add this artist to my Electronic Bliss playlist,0,0,0,0.00015613045,7,OOD_Class_6
I want a table for seven at twenty three o'clock in Angola .,1,1,0,0.00013567264,7,OOD_Class_6
"Is Love, Marilyn playing",6,3,1,0.000270161,7,OOD_Class_6
What is the closest cinema with animated movies,6,5,1,0.0005097397,7,OOD_Class_6
when is The Fox and the Child playing in this cinema,6,5,1,0.00019572211,7,OOD_Class_6
find a movie schedule in the neighborhood for films,6,5,1,0.00011871801,7,OOD_Class_6
What time does The Maze start at Cineplex Odeon Corporation,6,5,1,0.0010061465,7,OOD_Class_6
What is the movie schedule at Dipson Theatres,6,5,1,0.0006226224,7,OOD_Class_6
put this tune by ross the boss onto nação reggae,0,0,0,0.00017854726,7,OOD_Class_6
I need movie times for movies playing in the area,6,5,1,0.00040305746,7,OOD_Class_6
Give the current album 2 out of 6 points .,4,4,0,0.000111864036,7,OOD_Class_6
I need the movie Kids in Love at the movie house,6,5,1,0.00010036671,7,OOD_Class_6
rate The Lives of John Lennon five points,4,4,0,0.000112629445,7,OOD_Class_6
Will it get hotter in Hext ?,2,2,0,0.00011229965,7,OOD_Class_6
"Will there be a blizzard next winter in Visalia , Idaho",2,2,0,0.00011774624,7,OOD_Class_6
Will the weather be the same here in one week in the same area,2,2,0,0.000107262735,7,OOD_Class_6
what time is Twin Peaks Fire Walk with Me showing,6,5,1,0.00012526601,7,OOD_Class_6
play Zvooq,3,3,0,0.00012447406,7,OOD_Class_6
Book a bakery with smoking room for nine in Niger .,1,1,0,0.00012376063,7,OOD_Class_6
Show the movie schedules at MJR Theatres,6,5,1,0.0001948212,7,OOD_Class_6
find Shanghaï Express,6,5,1,9.156257e-05,7,OOD_Class_6
Lets hear some Dawood Sarkhosh from their The Power Of Your Love album from Groove Shark,3,3,0,0.00014853256,7,OOD_Class_6
find animated movies nearby,6,5,1,0.0001432022,7,OOD_Class_6
Play the newest melody on Last Fm by Eddie Vinson .,3,3,0,0.00013865308,7,OOD_Class_6
Where Can I watch Chaos and Desire ?,6,5,1,0.00013624276,7,OOD_Class_6
What is the movie schedules for movies in the neighbourhood,6,5,1,0.00057934504,7,OOD_Class_6
Can you tell me the movie times for Alamo Drafthouse Cinema,6,5,1,0.0001379821,7,OOD_Class_6
find movies that are nearby,6,5,1,0.00012428866,7,OOD_Class_6
Play best fourties from david izquierdo on album,3,3,0,0.00014375284,7,OOD_Class_6
Find the schedule for Evening Clothes in 1 second .,6,5,1,0.0001507904,7,OOD_Class_6
Play some Last Fm music like the 1992 ep from Peaches,3,3,0,0.00013152833,7,OOD_Class_6
What films are at the nearest movie theatre,6,5,1,0.00059237337,7,OOD_Class_6
find nearby movies,6,5,1,0.000119298034,7,OOD_Class_6
Where is the closest movie house that's playing The Mark ?,6,5,1,0.00039299624,7,OOD_Class_6
I want to eat by five pm in NE for a six people,1,1,0,0.00014344195,7,OOD_Class_6
What are the showtimes for Boy of Mine,6,5,1,0.00021900203,7,OOD_Class_6
Where to get painting of The Man in the White Suit,5,5,0,0.00014746455,7,OOD_Class_6
add track to Punk Essentials,0,0,0,0.00019026431,7,OOD_Class_6
rate the book The World Is Full of Divorced Women 2 out of 6 stars,4,4,0,0.000120834906,7,OOD_Class_6
what's the movie schedule at National Amusements,6,5,1,0.00052622124,7,OOD_Class_6
search for the painting Smart Money,5,5,0,0.00010086219,7,OOD_Class_6
Can i get todays movie schedule for the movies that are close by ?,6,5,1,0.00015585679,7,OOD_Class_6
Can a I get the movie schedule for Sympathy for the Devil,6,5,1,8.1515405e-05,7,OOD_Class_6
What time is Rites of Spring playing at Marcus Corporation,6,3,1,0.00051393174,7,OOD_Class_6
What animated movies are playing close by at four o'clock ?,6,5,1,0.00038637806,7,OOD_Class_6
rate the following series five points,4,4,0,0.00012012954,7,OOD_Class_6
I'd like to watch movies at KB Theatres,6,5,1,0.0031432013,7,OOD_Class_6
rate current essay 1 stars,4,4,0,0.000110344496,7,OOD_Class_6
I need a reservation for the Oasis Drive-In for a party of four,1,1,0,0.00018132602,7,OOD_Class_6
Will it be hot at 1319 in De Funiak Springs Serbia and Montenegro ?,2,2,0,0.00012861668,7,OOD_Class_6
Add Unconscious State to my 90s Smash Hits,0,0,0,0.00020312374,7,OOD_Class_6
Put the frl menke song in my comedy top tracks,0,0,0,0.0001681482,7,OOD_Class_6
Find the movie schedule for ArcLight Hollywood .,6,5,1,0.00010175466,7,OOD_Class_6
what movies are playing at the Alamo Drafthouse Cinema,6,5,1,0.0003623186,7,OOD_Class_6
Add the 40 cal tune to the laundry playlist.,0,0,0,0.00016964378,7,OOD_Class_6
Rate the current book one of 6 points,4,4,0,0.000112521884,7,OOD_Class_6
Find the schedule for for films at Star Theatres .,6,5,1,0.00011120548,7,OOD_Class_6
Find the movie schedule for B&B Theatres .,6,5,1,0.00011484939,7,OOD_Class_6
Play music by Sarah Connor,3,3,0,0.00013516925,7,OOD_Class_6
The Amityville The Evil Escapes chronicle is only a 1 out of 6 .,4,4,0,0.00013519135,7,OOD_Class_6
I want a list of films that are going to be shown in the neighborhood .,6,5,1,0.00079893623,7,OOD_Class_6
Play a movement from the nineties,3,3,0,0.0001341212,7,OOD_Class_6
What time is cinema playing The Village Priest ?,6,5,1,0.0001581257,7,OOD_Class_6
Find movie times for Century Theatres .,6,5,1,0.00012564145,7,OOD_Class_6
Where and when is Polish Economy playing?,6,5,1,0.00048847107,7,OOD_Class_6
What movies are at North American Cinemas,6,5,1,0.00069517124,7,OOD_Class_6
Add a tune by alex gaudino to my The New Waltz playlist.,0,0,0,0.00016701204,7,OOD_Class_6
where is The Country Bears playing,6,5,1,0.00022914271,7,OOD_Class_6
find a nearby movie schedule for movies,6,5,1,0.000113053866,7,OOD_Class_6
When can I catch a screening of Shivers in Summer ?,6,5,1,0.00012962248,7,OOD_Class_6
book a spot for 3 in MT,1,1,0,0.00012043635,7,OOD_Class_6
show me movie schedules,6,5,1,0.00020223444,7,OOD_Class_6
Want to play Christina Schollin Lastfm,3,3,0,0.000116399904,7,OOD_Class_6
I'd like to have this track onto my Classical Relaxations playlist.,0,0,0,0.00019869818,7,OOD_Class_6
What movie times start in 22 seconds at Magic Johnson Theatres,6,5,1,0.00017834497,7,OOD_Class_6
find a movie house with Hollow Reed,6,5,1,0.00010175366,7,OOD_Class_6
Rate Timeline of science fiction 4 out of 6,4,4,0,0.00012059944,7,OOD_Class_6
Is Liberator playing at the IMAX Corporation at 11 ?,6,3,1,0.0011783856,7,OOD_Class_6
Play some caribou from the sixties,3,3,0,0.00014055795,7,OOD_Class_6
play any sixties song,3,3,0,0.00014219973,7,OOD_Class_6
Find a painting called Break Down .,5,5,0,0.00011541538,7,OOD_Class_6
What movie house is showing Flower and Snake at 085629 ?,6,5,1,0.0003112618,7,OOD_Class_6
I want to see the movie schedules for animated movies around here .,6,5,1,0.0021041618,7,OOD_Class_6
Fine a movie schedule .,6,5,1,0.00016934813,7,OOD_Class_6
Find movie times for nine PM .,6,5,1,0.00011195932,7,OOD_Class_6
add thomas anders to my crossroad blues,0,0,0,0.00017022475,7,OOD_Class_6
Is it humid in Charenton,2,2,0,0.00011186229,7,OOD_Class_6
I'm rating The Skystone with three points,4,4,0,0.000111535504,7,OOD_Class_6
Do you know if it will be chilly today in Puerto Rico,2,2,0,0.00012448663,7,OOD_Class_6
Is it going to get windy today in Tunisia ?,2,2,0,0.00011541368,7,OOD_Class_6
What movies are in the neighbourhood,6,5,1,0.00032705168,7,OOD_Class_6
I want to add Kool Keith to my chill out dinner playlist,0,0,0,0.00016595445,7,OOD_Class_6
Is A Short Film About Killing at North American Cinemas,6,5,1,0.00021736126,7,OOD_Class_6
Book a reservation for bettye and lakeisha jimenez at a bar,1,1,0,0.00015526266,7,OOD_Class_6
I need a table for a party of 2 at Co-operative Block Building in Old Glory,1,1,0,0.00016754093,7,OOD_Class_6
Find Trust in the Lord – Live Worship with Don Moen .,5,5,0,0.00018111571,7,OOD_Class_6
Rate this album two out of 6 stars,4,4,0,0.00011307199,7,OOD_Class_6
book a table for five at a restaurant with the best rating,1,1,0,0.00012871341,7,OOD_Class_6
Weather for Faroe Islands,2,2,0,0.00010569971,7,OOD_Class_6
When is Stripped to Kill II Live Girls playing at the nearest movie house ?,6,5,1,0.00018451712,7,OOD_Class_6
give me the movie schedule for films in the area,6,5,1,0.0002248942,7,OOD_Class_6
Is it going to be nicer next week in Hamel Belize,2,2,0,0.000115187315,7,OOD_Class_6
Book me a table for a party of eight in Germany .,1,1,0,0.0001430183,7,OOD_Class_6
Play some music from 1962 from Adeyto,3,3,0,0.00013504266,7,OOD_Class_6
show me the movie times for films nearby,6,5,1,0.000121301106,7,OOD_Class_6
Play my Trabajo Relax playlist,3,3,0,0.00013528904,7,OOD_Class_6
Find a table for five at Harveys in De Berry ID on April the 10th,1,1,0,0.00012486338,7,OOD_Class_6
Is it snowy in Ocean Shores,2,2,0,0.00011055754,7,OOD_Class_6
Find the schedule for Blood Orgy of the Leather Girls at a movie house .,6,5,1,0.00013960809,7,OOD_Class_6
Play the top Maynard James Keenan .,3,3,0,0.00014124364,7,OOD_Class_6
I need a weather forecast for Tallahassee-St. Marks Historic Railroad State Trail,2,2,0,0.00011540977,7,OOD_Class_6
Find a soundtrack called The Alice Cooper Show .,5,5,0,0.0001187312,7,OOD_Class_6
Rate Contesting the Future of Nuclear Power a four,4,4,0,0.00014223532,7,OOD_Class_6
play the television show Tears Laid in Earth,5,5,0,0.00010334899,7,OOD_Class_6
find Un weekend da bamboccioni,6,5,1,8.857045e-05,7,OOD_Class_6
I would rate Coming Through Slaughter a four out of 6 .,4,4,0,0.000108527965,7,OOD_Class_6
find a movie theatre with Life and Death,6,5,1,0.00011930981,7,OOD_Class_6
in the neighbourhood find a movie schedule for animated movies,6,5,1,0.00012563501,7,OOD_Class_6
find Set the Thames on Fire for seventeen,6,5,1,0.00011824021,7,OOD_Class_6
I need to see some movie schedules,6,5,1,0.00022429942,7,OOD_Class_6
I want to hear the new Vasilis Tsitsanis ep,3,3,0,0.000156719,7,OOD_Class_6
I'm hoping you can find a photograph from Live At The Isle Of Wight 1970 .,5,5,0,0.00025464848,7,OOD_Class_6
What is the movie times,6,5,1,0.000107032116,7,OOD_Class_6
find Andreas Hofer at elevenses,6,5,1,0.0005821921,7,OOD_Class_6
Will there be a storm nearby,2,2,0,0.00011541122,7,OOD_Class_6
find a Cineplex Odeon Corporation showing movies,6,5,1,0.00013360196,7,OOD_Class_6
Please search the Karobar Economic Daily picture .,5,5,0,0.00013141426,7,OOD_Class_6
"I need a table in Ottoville on Feb. 15th, 2029 at Gus Stevens Seafood Restaurant & Buccaneer Lounge",1,1,0,0.00014902985,7,OOD_Class_6
add apathy to my electro sur playlist,0,0,0,0.00016840556,7,OOD_Class_6
Put some Stu Phillips in the women of acoustic playlist.,0,0,0,0.00019091304,7,OOD_Class_6
play chant music from 1993,3,3,0,0.0001250134,7,OOD_Class_6
Find movie schedules for United Paramount Theatres .,6,5,1,0.00014029535,7,OOD_Class_6
What are movie times for animated movies close by ?,6,5,1,0.0012267522,7,OOD_Class_6
play some Deezer oldies music,3,3,0,0.00012235444,7,OOD_Class_6
"When and where is Nefertiti, Queen of the Nile playing?",6,5,1,0.00050733885,7,OOD_Class_6
What are the Mann Theatres showtimes for Secret Sunshine,6,5,1,0.0001164031,7,OOD_Class_6
What time is 30 Days of Night playing?,6,5,1,0.00023082196,7,OOD_Class_6
I give this book five stars out of 6,4,4,0,0.00011023734,7,OOD_Class_6
Rate my current novel 3 out of 6,4,4,0,0.00011966135,7,OOD_Class_6
I'm looking for the television show titled The Lonergan Review,5,5,0,0.000117113435,7,OOD_Class_6
"book a latin cuisine pub for 2 on September the 13th, 2037 in Kazakhstan",1,1,0,0.00011399428,7,OOD_Class_6
Show movie schedule and movies in the area,6,5,1,0.0001963763,7,OOD_Class_6
add this artist to Pop 2017 Picks,0,0,0,0.0001698053,7,OOD_Class_6
Rate The Life and Loves of a She-Devil two stars,4,4,0,0.00012345838,7,OOD_Class_6
Play the best 1981 sound track from Ric Fierabracci,3,3,0,0.00014001127,7,OOD_Class_6
Find me the nearest movie house that is showing The Saviour .,6,5,1,0.00015556722,7,OOD_Class_6
Add Ashley McIsaac to my r&b party classics playlist,0,0,0,0.00017097406,7,OOD_Class_6
The book the Gardens of the Moon deserves only 1 stars .,4,4,0,0.00013026955,7,OOD_Class_6
Please get seating at Bouchon in Tonga for jimmie and chasity howard,1,1,0,0.00016851356,7,OOD_Class_6
find Half a Truth,6,5,1,9.82321e-05,7,OOD_Class_6
add post mortem to my timeless love songs playlist,0,0,0,0.00016147966,7,OOD_Class_6
find a Consolidated Theatres showing The Good Old Naughty Days,6,5,1,0.0001107671,7,OOD_Class_6
please give me the movie schedule,6,5,1,0.00010414875,7,OOD_Class_6
Give Summer of the Swans 1 points .,4,4,0,0.000113072136,7,OOD_Class_6
add song to Trap Land,0,0,0,0.00015880603,7,OOD_Class_6
Will there be a snowstorm in NC 6 years from now,2,2,0,0.0001183232,7,OOD_Class_6
Show a movie schedule with Bow Tie Cinemas,6,5,1,0.00016527313,7,OOD_Class_6
Find the movie schedule for the Douglas Theatre Company .,6,5,1,0.000109806555,7,OOD_Class_6
I want to book a delicatessen serving testaroli in Somalia for 7/25/2027 .,1,1,0,0.00019077052,7,OOD_Class_6
What is the weather in Sint Maarten,2,2,0,0.00010852504,7,OOD_Class_6
Where is the nearest movie house that is playing Teaching to See,6,5,1,0.00043086728,7,OOD_Class_6
Where can I watch The Mark in a cinema,6,5,1,0.00016263279,7,OOD_Class_6
Show the movie times,6,5,1,9.382921e-05,7,OOD_Class_6
play music by Bryan Maclean,3,3,0,0.00013556959,7,OOD_Class_6
Will you play me the most popular sound track from 2006,3,3,0,0.00011584209,7,OOD_Class_6
give 2 out of 6 stars to current chronicle,4,4,0,0.00011780561,7,OOD_Class_6
What time is Stranger in Town playing at the nearest cinema ?,6,5,1,0.0020066097,7,OOD_Class_6
What is the closest movie theatre that is playing animated movies,6,5,1,0.0018979794,7,OOD_Class_6
"find The Girlfriend Experience , a television show",5,5,0,0.00013244862,7,OOD_Class_6
I want to give the current textbook 2 out of 6,4,4,0,0.000117806034,7,OOD_Class_6
in the neighbourhood find 11 p.m. movie schedules for movies,6,5,1,0.00018346966,7,OOD_Class_6
Find a video game called The Last American Virgin .,5,5,0,0.00012001125,7,OOD_Class_6
What movies are playing at Cineplex Odeon Corporation ?,6,5,1,0.00052762666,7,OOD_Class_6
When is Percy Jackson playing at the movie theatre ?,6,5,1,0.00017578369,7,OOD_Class_6
movie times at Consolidated Theatres,6,5,1,0.0010466357,7,OOD_Class_6
When can I see Journey to the End of the Night ?,6,5,1,0.000107996144,7,OOD_Class_6
What is the cheapest price for the saga called 2006 Wikipedia CD Selection ?,5,5,0,0.000115971954,7,OOD_Class_6
What animated movies are playing nearby ?,6,5,1,0.0004327636,7,OOD_Class_6
What animated movies are playing at the Douglas Theatre Company,6,5,1,0.0002079062,7,OOD_Class_6
give four stars out of 6 to current book,4,4,0,0.00010970083,7,OOD_Class_6
book a table in Sterling Run for two with a pool and food court,1,1,0,0.00012281815,7,OOD_Class_6
Can you provide me with movie schedules for Century Theatres ?,6,5,1,0.0003058438,7,OOD_Class_6
Book a table for three at a restarunt in Federal Hill,1,1,0,0.00014728356,7,OOD_Class_6
Show the movie times,6,5,1,9.382921e-05,7,OOD_Class_6
What is the weather forecast for Maryland,2,2,0,0.000111534595,7,OOD_Class_6
find the closest starting now movie house with animated movies,6,5,1,0.00011756579,7,OOD_Class_6
Where can I find the song Red Back Fever,5,5,0,0.000102150996,7,OOD_Class_6
Show me the closest movie house playing animated movies please.,6,5,1,0.00023537264,7,OOD_Class_6
give me the movie schedule for animated movies showing in the neighborhood,6,5,1,0.00017734093,7,OOD_Class_6
Book a restaurant in seven in Fort McKinley,1,1,0,0.0001403298,7,OOD_Class_6
Is The Divine Jetta at Marcus Corporation,6,1,1,0.00034772055,7,OOD_Class_6
Fine movie times .,6,5,1,0.00019051107,7,OOD_Class_6
Show the movie schedule for Cooper Foundation at 9 o'clock,6,5,1,0.00014875518,7,OOD_Class_6
Find the movie schedule for movies in the area .,6,5,1,0.000128998,7,OOD_Class_6
Please check whether any animated movies will be running in the area around 043415 PM .,6,2,1,0.00019588144,7,OOD_Class_6
Add impossible is nothing to SPA Treatment,0,0,0,0.00018970255,7,OOD_Class_6
add this artist to the This Is Dirty Projectors playlist,0,0,0,0.00018075645,7,OOD_Class_6
What is the movie schedule for Loews Cineplex Entertainment,6,5,1,0.00016710235,7,OOD_Class_6
play a top Ryuichi Kawamura chant on Groove Shark,3,3,0,0.00015286994,7,OOD_Class_6
find movie times,6,5,1,8.661012e-05,7,OOD_Class_6
Show movie schedules with movies in the neighborhood,6,5,1,0.00024342805,7,OOD_Class_6
Is Warhead playing at AMC Theaters,6,3,1,0.00032411836,7,OOD_Class_6
Is The Day of the Beast playing at three p.m. ?,6,2,1,0.0013657217,7,OOD_Class_6
Add song to my Club Hits,0,0,0,0.00016330187,7,OOD_Class_6
Can I go see Cash and Curry at a movie theatre ?,6,5,1,0.000922767,7,OOD_Class_6
FInd the movie times for films in the neighbourhood .,6,5,1,0.00011803192,7,OOD_Class_6
Is it humid in Parc national de Killarney,2,2,0,0.00012130493,7,OOD_Class_6
I give this current textbook a rating value of 1 and a best rating of 6,4,4,0,0.000120480974,7,OOD_Class_6
find animated movies close by with a movie schedule,6,5,1,0.00015066206,7,OOD_Class_6
Play an album from 1987 .,3,3,0,0.000117895695,7,OOD_Class_6
add this Ricardo Villalobos track to under the surface,0,0,0,0.00016955947,7,OOD_Class_6
I'd like to watch Bound for Glory at the closest movie theatre at 214108,6,1,1,0.0018274147,7,OOD_Class_6
Is Sheikh Chilli playing,6,3,1,0.00015721255,7,OOD_Class_6
Play the latest ep from Lobby Loyde on Netflix,3,3,0,0.00014249419,7,OOD_Class_6
Add Magnifico to michele's playlist called 88 keys .,0,0,0,0.00016914698,7,OOD_Class_6
Book a highly rated restaurant for one person in Rainbow Lakes .,1,1,0,0.00013502779,7,OOD_Class_6
Show me movie times,6,5,1,0.00011034106,7,OOD_Class_6
"find Long Hello and Short Goodbye , a movie",5,5,0,0.000106323605,7,OOD_Class_6
Find the films at Century Theatres .,6,5,1,0.00011574426,7,OOD_Class_6
What are the movie schedules for movies showing in the neighbourhood ?,6,5,1,0.00036765498,7,OOD_Class_6
what time is The Graduate showing at Caribbean Cinemas,6,5,1,0.00033363182,7,OOD_Class_6
rate the current essay three of 6 points,4,4,0,0.000114405295,7,OOD_Class_6
Play music from Gavin Koppell movement,3,3,0,0.00015198109,7,OOD_Class_6
show movies in United Paramount Theatres,6,5,1,0.00015482138,7,OOD_Class_6
What time is a movie in the neighbourhood,6,5,1,0.00011985941,7,OOD_Class_6
I need current movie schedules .,6,5,1,0.0004192905,7,OOD_Class_6
Find the schedule for Chronicle of My Mother at the nearest cinema in 1 minute and 8 seconds .,6,5,1,0.00019738342,7,OOD_Class_6
Play music on Netflix by Don Kikas,3,3,0,0.00013824657,7,OOD_Class_6
What is the forecast this evening for the Calipuy National Reservation,2,2,0,0.000111209156,7,OOD_Class_6
What are the selections of films that are being shown at Cinemark Theatres ?,6,5,1,0.0008168179,7,OOD_Class_6
What animated movies are playing at the closest cinema ?,6,5,1,0.00059589784,7,OOD_Class_6
ticket for The Perfect Man at Dickinson Theatres at 10 A.M.,6,1,1,0.00020807245,7,OOD_Class_6
Whens the next showing of The Game of Their Lives,6,5,1,0.00013013124,7,OOD_Class_6
add rob tyner to betsy's We Everywhere,0,0,0,0.00016045662,7,OOD_Class_6
Can I get the weather forecast for Benin in 32 days ?,2,2,0,0.00011023543,7,OOD_Class_6
What time is The Graduates of Malibu High playing at Cobb Theatres,6,3,1,0.0011512833,7,OOD_Class_6
Find movie schedules for movies in the area .,6,5,1,0.00021055795,7,OOD_Class_6
Put gregory douglass in Halloween Teens please,0,0,0,0.00017474707,7,OOD_Class_6
Rate the current novel five of 6,4,4,0,0.00011373717,7,OOD_Class_6
What cinema is The Railway Children,6,5,1,0.00018784852,7,OOD_Class_6
what is the weather starting at 114752 for South Africa,2,2,0,0.00011034327,7,OOD_Class_6
I need a reservation for my teens and I six months from now in Tennessee,1,1,0,0.00015292059,7,OOD_Class_6
find a cinema nearest for films,6,5,1,0.0010366235,7,OOD_Class_6
Is The Angel of Vengeance – The Female Hamlet playing at the cinema at 6 am,6,5,1,0.00024250962,7,OOD_Class_6
Play Pride Of The Prairie from Johnny Burke,3,3,0,0.00014598266,7,OOD_Class_6
I want to give Three Days Before the Shooting... one out of 6 stars,4,4,0,0.000106014595,7,OOD_Class_6
What is the movies playing at North American Cinemas,6,5,1,0.00038264357,7,OOD_Class_6
rate Understanding Physics 5 out of 6,4,4,0,0.00013335973,7,OOD_Class_6
What time are movies showing around here,6,5,1,0.0006454379,7,OOD_Class_6
Give me the schedule for What a Wonderful Place at Cinemark Theatres,6,5,1,0.00063721335,7,OOD_Class_6
Find movie schedules .,6,5,1,0.00015029524,7,OOD_Class_6
I'd like to watch The Holy Office at Cooper Foundation,6,5,1,0.00023356914,7,OOD_Class_6
Give A Human Being Died That Night 3 stars,4,4,0,0.00013348914,7,OOD_Class_6
Find what movies are showing at the nearest movie house,6,5,1,0.00016609297,7,OOD_Class_6
I want to hear opera on Netflix,3,3,0,0.00012973827,7,OOD_Class_6
play Isaac Yamma Slut,3,3,0,0.0001374216,7,OOD_Class_6
I want to book an ethiopian bar for this Afternoon .,1,1,0,0.00013474547,7,OOD_Class_6
Find the schedule for films in the neighborhood .,6,5,1,0.0001110994,7,OOD_Class_6
When is For One Night playing at Loews Cineplex Entertainment ?,6,5,1,0.001040525,7,OOD_Class_6
add Chrome Reflection to my throwback thursday playlist,0,0,0,0.00016660585,7,OOD_Class_6
What time is Three Cuckoo Clocks playing?,6,5,1,0.0021290164,7,OOD_Class_6
What movie theatre is playing Sherlock Holmes and Dr. Watson fifteen hours and one minute from now,6,5,1,0.00017018967,7,OOD_Class_6
what animated movies are showing nearby,6,5,1,0.0005155341,7,OOD_Class_6
find movies close by,6,5,1,0.00013243535,7,OOD_Class_6
Find the movie schedule for films in the area .,6,5,1,0.0001300081,7,OOD_Class_6
Find a movie schedule .,6,5,1,0.00010736532,7,OOD_Class_6
Rate this current album 0,4,4,0,0.000104571984,7,OOD_Class_6
What is the movie schedule for the movies that are playing nearby ?,6,5,1,0.0005697711,7,OOD_Class_6
book a spot at a highly rated tavern in Colombia,1,1,0,0.00014037784,7,OOD_Class_6
Please rate Think Like a Freak 3 points out of 6 .,4,4,0,0.00012285764,7,OOD_Class_6
Play top-50 Peter Frampton songs,3,3,0,0.00015972089,7,OOD_Class_6
What time is Do Sher playing,6,3,1,0.0006446339,7,OOD_Class_6
Find the movie schedule .,6,5,1,0.0001009614,7,OOD_Class_6
Find movie schedules .,6,5,1,0.00015029524,7,OOD_Class_6
Book a restaurant in MP at 3 pm with pigs in blankets,1,1,0,0.00013850909,7,OOD_Class_6
I'm wondering if you can give me the movie times for films in the neighborhood .,6,5,1,0.00017828732,7,OOD_Class_6
find a TV show called Full House,5,5,0,9.73793e-05,7,OOD_Class_6
Check the weather forecast in seven weeks for Emida .,2,2,0,0.000101353995,7,OOD_Class_6
Play my Fusion Fest playlist on Youtube,3,3,0,0.00013890945,7,OOD_Class_6
Play some space music on Google Music,3,3,0,0.00012961506,7,OOD_Class_6
What's the weather in the Marshall Islands in sixteen hours,2,2,0,0.00011620348,7,OOD_Class_6
add paulinho da viola to my Radio Rock song list,0,0,0,0.00016386237,7,OOD_Class_6
Find the schedule for The Tooth Will Out at sunrise .,6,5,1,9.680448e-05,7,OOD_Class_6
rate this series 1 out of 6,4,4,0,0.00012036441,7,OOD_Class_6
What's the weather going to be like not far from East Timor,2,2,0,0.00011552567,7,OOD_Class_6
Please find the closest cinema that's playing movies at 9 am,6,1,1,0.00056430715,7,OOD_Class_6
"find National Amusements with Honey, I Shrunk the Kids",6,5,1,0.00012297147,7,OOD_Class_6
Play Larry Graham sound track,3,3,0,0.000113917675,7,OOD_Class_6
Can you play Halloween by Ajinoam Nini,3,3,0,0.00012306907,7,OOD_Class_6
Find the schedule for Ghost World .,6,5,1,0.00010215348,7,OOD_Class_6
find the nearest movie theatre with The Witness Chair,6,5,1,0.00013672686,7,OOD_Class_6
Give The Hollow Man three out of 6 stars,4,4,0,0.00011838297,7,OOD_Class_6
movie schedules of movies in the neighbourhood at zero am,6,5,1,0.00028500654,7,OOD_Class_6
find the Deathsmiles II soundtrack,5,5,0,0.00012540155,7,OOD_Class_6
I think this saga only deserves a 0 out of 6 .,4,4,0,0.00013625428,7,OOD_Class_6
When Religion Becomes Evil is only worth 1 stars,4,4,0,0.0001285003,7,OOD_Class_6
Can you give me a local and current movie schedule,6,5,1,0.00028022495,7,OOD_Class_6
I'd like to watch Take This Waltz,6,5,1,0.00013250473,7,OOD_Class_6
Recite the movie schedule .,6,3,1,0.00060979294,7,OOD_Class_6
Find Secret Command .,6,5,1,0.00011099184,7,OOD_Class_6
Are there any films around here,6,5,1,0.00021017365,7,OOD_Class_6
Book a restaurant in Pinecliffe Missouri this month .,1,1,0,0.0003186353,7,OOD_Class_6
What's the weather in Gabon,2,2,0,0.00011088162,7,OOD_Class_6
I want to see the movie schedule for KB Theatres .,6,5,1,0.00017844752,7,OOD_Class_6
Play track Real Talk,3,3,0,0.00013902553,7,OOD_Class_6
What Are the showings for The Natural History of Parking Lots movie house,6,5,1,0.00015735158,7,OOD_Class_6
Show me the nearest movie house showing The Luckiest Girl in the World,6,5,1,0.00017331487,7,OOD_Class_6
Show me the movie schedule for Neighborhood Cinema Group,6,5,1,0.00012625732,7,OOD_Class_6
find the photograph Hearts Burst into Fire,5,5,0,0.00010406388,7,OOD_Class_6
I want this tune on my Most Necessary playlist,0,0,0,0.00018109794,7,OOD_Class_6
What films are playing at Goodrich Quality Theaters,6,3,1,0.0006402345,7,OOD_Class_6
find She Monkeys,5,5,0,0.000101653684,7,OOD_Class_6
give the current album a 1,4,4,0,0.00012369854,7,OOD_Class_6
What animated movies are at Dipson Theatres,6,5,1,0.00045850352,7,OOD_Class_6
Is Rented Lips playing at the nearest cinema,6,3,1,0.00025690667,7,OOD_Class_6
what is the Johnson Creek forecast for chilly weather,2,2,0,0.00010895202,7,OOD_Class_6
I want a list of showings of Days of Fire at Harkins Theatres,6,5,1,0.0003556797,7,OOD_Class_6
Where and when is Douglas playing?,6,5,1,0.00033829987,7,OOD_Class_6
Where theater is playing The Ranger and the Lady at 10 AM,6,5,1,0.0005291549,7,OOD_Class_6
Play music on Spotify .,3,3,0,0.00013268704,7,OOD_Class_6
I rate the current album four of 6,4,4,0,0.00010884625,7,OOD_Class_6
Book a table for tomorrow for five people.,1,1,0,0.00015716835,7,OOD_Class_6
play Yusef Lateef songs from the fifties,3,3,0,0.00013610284,7,OOD_Class_6
what films are showing in the neighbourhood,6,5,1,0.0006990029,7,OOD_Class_6
when does Miss Sloane play at IMAX Corporation,6,3,1,0.00015089718,7,OOD_Class_6
Play a tune by Houston on Spotify,3,3,0,0.00013636822,7,OOD_Class_6
I'm looking for local movie schedules .,6,5,1,0.0003109823,7,OOD_Class_6
Play some twenties chant music on Slacker,3,3,0,0.00014809592,7,OOD_Class_6
I want to see King of the River in the nearest movie theatre,6,5,1,0.0002874138,7,OOD_Class_6
find Oman Medical Journal,5,5,0,0.00010894496,7,OOD_Class_6
Show me the movie schedules for Santikos Theatres .,6,5,1,0.0002830459,7,OOD_Class_6
please add Secrets of the Alibi to the playlist called keep calm,0,0,0,0.00016521837,7,OOD_Class_6
What movie theatre has A Matter of Wife... And Death,6,5,1,0.0008125022,7,OOD_Class_6
Find the movie times at Harkins Theatres .,6,5,1,0.000100658304,7,OOD_Class_6
"When is Have Sword, Will Travel playing at the closest movie theatre ?",6,5,1,0.00015454857,7,OOD_Class_6
What are the morning movie schedules for movies in the neighborhood ?,6,5,1,0.0018203767,7,OOD_Class_6
I need a reservation for Red Square on aug. the 9th,1,1,0,0.00015688837,7,OOD_Class_6
Add Madman to Trap Land playlist,0,0,0,0.00016922504,7,OOD_Class_6
What are the weather conditions in Noel ?,2,2,0,0.00010653138,7,OOD_Class_6
Book a reservation for a top-rated lebanese fast food place,1,1,0,0.00015450535,7,OOD_Class_6
show the trailer of Rugrats Go Wild,5,5,0,0.00012975826,7,OOD_Class_6
Find the schedule for close by movies .,6,5,1,9.718807e-05,7,OOD_Class_6
Find movie schedules at IMAX Corporation,6,5,1,0.00011630905,7,OOD_Class_6
Is Cowboy Canteen playing,6,3,1,0.0005274084,7,OOD_Class_6
where can i watch Willy Wonka & the Chocolate Factory,6,5,1,0.00015190961,7,OOD_Class_6
I gave Chart Throb 4 of 6 stars,4,4,0,0.00011519004,7,OOD_Class_6
Play the best ballad by The Rascals .,3,3,0,0.00012897325,7,OOD_Class_6
rate the current essay a one,4,4,0,0.00011241113,7,OOD_Class_6
"Onto jerry's Classical Moments in Movies , please add the album .",0,0,0,0.00015370782,7,OOD_Class_6
Incorporate time warp into my fairy tales playlist.,0,0,0,0.00019909898,7,OOD_Class_6
Is Love Is a Ball playing right now ?,6,5,1,0.00057642034,7,OOD_Class_6
Will it be rainy at Sunrise in Ramey Saudi Arabia ?,2,2,0,0.00010863284,7,OOD_Class_6
When and where can I watch National Priority ?,6,5,1,0.00013561828,7,OOD_Class_6
play a seventies ballad by Annunzio Paolo Mantovani on Groove Shark,3,3,0,0.00014516388,7,OOD_Class_6
show me the movie schedule,6,5,1,0.00010076129,7,OOD_Class_6
Show me movie time for I Am Sorry at my movie house,6,5,1,0.00011120108,7,OOD_Class_6
Rate Unlimited Power 4 of 6 points,4,4,0,0.00011507737,7,OOD_Class_6
what are the movie times for United Paramount Theatres,6,5,1,0.00014985452,7,OOD_Class_6
What films are playing close by,6,5,1,0.00073606346,7,OOD_Class_6
Rate this novel four of 6,4,4,0,0.00011307245,7,OOD_Class_6
show me the schedule of movie times,6,5,1,0.00013000623,7,OOD_Class_6
What's the weather at my current location,2,2,0,0.000106633815,7,OOD_Class_6
Play concerto from 1951,3,3,0,0.00011754781,7,OOD_Class_6
I want to eat panisses the nearby cafeteria in Naytahwaush,1,1,0,0.00016074504,7,OOD_Class_6
What movies are playing at Cobb Theatres,6,3,1,0.0009877392,7,OOD_Class_6
rate this book titled Cold two stars,4,4,0,0.00011329313,7,OOD_Class_6
what time can i see The Conflicts of Life,6,5,1,0.00017390016,7,OOD_Class_6
Play chant music by Ira Losco on Iheart .,3,3,0,0.0001320441,7,OOD_Class_6
Find a soundtrack called The Woman Warrior .,5,5,0,0.00010747478,7,OOD_Class_6
Where can I watch Hank Williams The Show He Never Gave ?,6,5,1,0.00016075851,7,OOD_Class_6
Find the schedule for Heart Beats .,6,5,1,0.00010580554,7,OOD_Class_6
play Pandora Christian Gangsta Rap,3,3,0,0.00012783521,7,OOD_Class_6
I need a list of places in the area that I can see animated movies in six minutes,6,5,1,0.0015019729,7,OOD_Class_6
Where can I see the trailer of Take Me to the King,5,5,0,9.605531e-05,7,OOD_Class_6
party of two for a food truck on december 22 that serves chicken french in Bolivia,1,1,0,0.00015269514,7,OOD_Class_6
find Mysterious Castles of Clay,6,5,1,0.00014503906,7,OOD_Class_6
"book spot for four at Cliff House, San Francisco in Martinique",1,1,0,0.00014485398,7,OOD_Class_6
I want to know the animated movies playing at Malco Theatres,6,5,1,0.00051059946,7,OOD_Class_6
What are the movie schedules for my favorite theaters,6,5,1,0.00086605427,7,OOD_Class_6
find As Live as It Gets,5,5,0,0.00011328931,7,OOD_Class_6
add album to Feeling Blue,0,0,0,0.00018369108,7,OOD_Class_6
Where is the closest cinema playing Good Night Good Morning,6,1,1,0.00088323094,7,OOD_Class_6
Give Grand Conspiracy zero out of 6 points .,4,4,0,0.00011873059,7,OOD_Class_6
Play the most popular ep by marcel khalife on Netflix,3,3,0,0.00015302346,7,OOD_Class_6
What films are showing in the neighbourhood ?,6,5,1,0.00027158338,7,OOD_Class_6
find Try Me Out for me,5,5,0,0.000116202056,7,OOD_Class_6
find Noon movie times at IMAX Corporation,6,5,1,0.0001088282,7,OOD_Class_6
Is A Tree Grows in Brooklyn playing in one hour,6,3,1,0.0010213692,7,OOD_Class_6
Can I see the movie schedules ?,6,5,1,0.00014860996,7,OOD_Class_6
find movies at Amco Entertainment starting in 8 seconds from now,6,5,1,0.00020194508,7,OOD_Class_6
What movie theatre is the closest that is playing Cheat You Fair The Story of Maxwell Street right now,6,5,1,0.00011825949,7,OOD_Class_6
Rate the current chronicle 0 out 6 stars,4,4,0,0.000122020894,7,OOD_Class_6
Book a neighboring food truck with a spa in Dallesport for 4 people.,1,1,0,0.00012581819,7,OOD_Class_6
is Ce cher intrus at IMAX Corporation,6,3,1,0.0023590825,7,OOD_Class_6
What time is The Lottery Man playing?,6,5,1,0.00016377059,7,OOD_Class_6
find information about the album Flipper City,5,5,0,0.00010355663,7,OOD_Class_6
Please find me the nearest cinema playing Foreign Intrigue .,6,5,1,0.00048360295,7,OOD_Class_6
where is Wild America showing at zero P.M.,6,5,1,0.0005171433,7,OOD_Class_6
Where can I find the game Skip to the End ?,5,5,0,9.9104655e-05,7,OOD_Class_6
the horrible current essay gets only a 0 out of 6,4,4,0,0.00014307136,7,OOD_Class_6
what animated movies are in the area,6,5,1,0.0006466254,7,OOD_Class_6
add tune by Leonard Cohen to road trip,0,0,0,0.00018244112,7,OOD_Class_6
Where is the closest movie theatre that is playing movies now,6,1,1,0.000713949,7,OOD_Class_6
What's the weather on august seventh for Crystal Lawns Guam,2,2,0,0.00011340047,7,OOD_Class_6
Find me a table at a javanese brasserie,1,1,0,0.00014358116,7,OOD_Class_6
"Play my Hardstyle, Baby playlist on Netflix",3,3,0,0.00014289707,7,OOD_Class_6
What animated movies are in the neighbourhood,6,5,1,0.00033794483,7,OOD_Class_6
find the show The Best of The Township Idols,5,5,0,0.000108844164,7,OOD_Class_6
Please check the movie schedule,6,5,1,0.00010847814,7,OOD_Class_6
Can I get the movie times for the newest movies around here ?,6,5,1,0.00012736398,7,OOD_Class_6
What time is Beat the Devil coming on at Mann Theatres,6,5,1,0.00062598556,7,OOD_Class_6
book a brasserie for one,1,1,0,0.00016254275,7,OOD_Class_6
where can I watch Mabel’s Dramatic Career at twenty two o'clock,6,5,1,0.0003225748,7,OOD_Class_6
what movies at Star Theatres .,6,5,1,0.00075638306,7,OOD_Class_6
rate this novel two out of 6,4,4,0,0.00011407044,7,OOD_Class_6
Add a billy strayhorn song to my the selektor playlist,0,0,0,0.00015789439,7,OOD_Class_6
Find the movie schedule .,6,5,1,0.0001009614,7,OOD_Class_6
Where can I see No Time to Die ?,6,5,1,0.0001019443,7,OOD_Class_6
Please search for the Two Faces of My Girlfriend saga .,5,5,0,0.00015030026,7,OOD_Class_6
what are the movie times,6,5,1,0.00014368084,7,OOD_Class_6
Will it be cloudy by five PM in Gobler Jersey,2,2,0,0.000115187206,7,OOD_Class_6
Make me a reservation at a popular place that serves udupi at a restaurant,1,1,0,0.00015144252,7,OOD_Class_6
Where is the closest cinema that features animated movies,6,1,1,0.0023210773,7,OOD_Class_6
Add track to fresh finds,0,0,0,0.0001954445,7,OOD_Class_6
Play a track by Ishmon Bracey on Iheart .,3,3,0,0.00013491222,7,OOD_Class_6
Tell me if it will rain on 4/19/2030 in Angola,2,2,0,0.000115298884,7,OOD_Class_6
What time is Tommy and Quadrophenia Live playing at Marcus Corporation,6,3,1,0.0002988853,7,OOD_Class_6
"find the nearest movie house showing Good Morning, Babylon",6,5,1,0.00011883414,7,OOD_Class_6
add track to my Las Canciones Más Lindas Del Mundo playlist,0,0,0,0.00018049547,7,OOD_Class_6
What is the picture called Lest We Forget The Best of ?,5,5,0,0.00012153731,7,OOD_Class_6
I am rating this book named The Infinite Man 5 stars,4,4,0,0.00011099354,7,OOD_Class_6
Which movies are playing at the closest cinema ?,6,5,1,0.0014975178,7,OOD_Class_6
I gave the current chronicle a 3 of 6,4,4,0,0.00013129239,7,OOD_Class_6
give 1 out of 6 stars to current book,4,4,0,0.000110452915,7,OOD_Class_6
What time is A Battle of Wits starting?,6,5,1,0.0009135384,7,OOD_Class_6
I'm looking for a movie schedule at the Cooper Foundation .,6,5,1,0.00015619985,7,OOD_Class_6
What's the closest movie theatre that's showing Dough Nuts ?,6,5,1,0.0008139775,7,OOD_Class_6
book a gratin serving tea house in Bushkill,1,1,0,0.00011968988,7,OOD_Class_6
find some close by movies,6,5,1,0.00013756363,7,OOD_Class_6
What's the cloud forecast now for Sierra Leone ?,2,2,0,0.00012030317,7,OOD_Class_6
I need to know what theatre is playing A Happy Coersion,6,5,1,0.0005230808,7,OOD_Class_6
add Joe Gibbs to my The Bachelor Party playlist,0,0,0,0.00016155891,7,OOD_Class_6
For my playlist chill add the name Cater Fe She,0,0,0,0.00016881223,7,OOD_Class_6
could you please show me movie schedules,6,5,1,0.0004939986,7,OOD_Class_6
Add the album to the top 100 country tracks on spotify playlist.,0,0,0,0.00017005415,7,OOD_Class_6
Can you play a sound track from 1963 ?,3,3,0,0.000112918984,7,OOD_Class_6
When is The Pirate Fairy playing at AMC Theaters ?,6,5,1,0.00015841669,7,OOD_Class_6
can I get the movie schedules,6,5,1,0.000109362525,7,OOD_Class_6
play Say A Word by La India,3,3,0,0.00011869462,7,OOD_Class_6
I'd like to watch Abbott and Costello Meet Captain Kidd at the nearest cinema,6,5,1,0.00096747,7,OOD_Class_6
what is the forecast for Tschetter Colony on Ascension Day in Oregon,2,2,0,0.00011088272,7,OOD_Class_6
What movies are playing at the closest movie house ?,6,5,1,0.00045556526,7,OOD_Class_6
Find a TV series called All Time Greatest Movie Songs .,5,5,0,0.00010789357,7,OOD_Class_6
Where is the nearest cinema that has Southside 1-1000 ?,6,1,1,0.0001353808,7,OOD_Class_6
put Pause on my Días de Frío playlist,0,0,0,0.00020783028,7,OOD_Class_6
Show me the movie schedule for movies opening today close by,6,5,1,0.00019771927,7,OOD_Class_6
book a table in Connecticut in Robinette for one second from now,1,1,0,0.00016027503,7,OOD_Class_6
add The Rough Guide to the Music of Eastern Europe to my This Is Philip Glass playlist,0,0,0,0.00016611442,7,OOD_Class_6
I need a list of Speakeasy Theaters movie times,6,5,1,0.00016144091,7,OOD_Class_6
What films are in the neighborhood,6,5,1,0.0004701946,7,OOD_Class_6
Showtimes for the films at Santikos Theatres,6,3,1,0.001813185,7,OOD_Class_6
add young maylay to Club Hits,0,0,0,0.00017752468,7,OOD_Class_6
Give me a list of films that play in the neighbourhood,6,5,1,0.0008305701,7,OOD_Class_6
find Warren Theatres films,6,5,1,9.7373966e-05,7,OOD_Class_6
Search for To Heart 2,5,5,0,0.00010086144,7,OOD_Class_6
Give this album three / 6 points,4,4,0,0.0001173461,7,OOD_Class_6
I'd like to see movie schedules for animated movies around here,6,5,1,0.0008887713,7,OOD_Class_6
Is The Butcher Boy playing anywhere at supper time?,6,5,1,0.0011183518,7,OOD_Class_6
I want animated movies at MJR Theatres,6,5,1,0.0005656371,7,OOD_Class_6
Show me movie schedules for today.,6,5,1,0.000260624,7,OOD_Class_6
Can you give me a list of films at Cinemark Theatres ?,6,5,1,0.0005458383,7,OOD_Class_6
find Harry Potter and the Deathly Hallows – Part 2,5,5,0,0.0001302691,7,OOD_Class_6
Find The Cartel Vol. 2 novel,5,5,0,0.00012129726,7,OOD_Class_6
Is The Young Guard playing at the closest cinema,6,5,1,0.0015083607,7,OOD_Class_6
What movies are scheduled in the neighbourhood ?,6,2,1,0.00070915994,7,OOD_Class_6
Add Falcon to the Top Tracks in Metal playlist.,0,0,0,0.00016338188,7,OOD_Class_6
When does Fire and Ice The Winter War of Finland and Russia television show air?,5,5,0,0.00016946567,7,OOD_Class_6
Advise me on the movie schedule of films that will be playing at 073132 pm at a place close by .,6,2,1,0.008149283,7,OOD_Class_6
Please give me movie schedules,6,5,1,0.00031878366,7,OOD_Class_6
play the best album from the seventies,3,3,0,0.00013503635,7,OOD_Class_6
find the song The Fourth Man,5,5,0,9.282868e-05,7,OOD_Class_6
can I get the showings for films at the nearest cinema in 1 minute,6,5,1,0.0021062377,7,OOD_Class_6
add Jacob Hoggard to my get going playlist,0,0,0,0.00016824115,7,OOD_Class_6
Find a trailer called Colony 7 .,5,5,0,0.00010570145,7,OOD_Class_6
find me a game called Spaceball,5,5,0,0.00011792094,7,OOD_Class_6
May I have the movie schedules for Speakeasy Theaters,6,5,1,0.00013646838,7,OOD_Class_6
Show me Southern Theatres movie times,6,5,1,0.00011653973,7,OOD_Class_6
find Dipson Theatres animated movies,6,5,1,0.00012237244,7,OOD_Class_6
Will you show me a schedule for movies around here ?,6,5,1,0.00038607095,7,OOD_Class_6
find Mann Theatres movie schedule,6,5,1,9.586872e-05,7,OOD_Class_6
Find the television show To Me,5,5,0,9.503143e-05,7,OOD_Class_6
What movies are playing at Southern Theatres,6,3,1,0.0009426804,7,OOD_Class_6
I'd like to see showings for All the Way Home at Kerasotes Theatres .,6,5,1,0.0006744617,7,OOD_Class_6
Find the schedule for movies at Southern Theatres .,6,5,1,0.000112075046,7,OOD_Class_6
what's the closest movie theatre showing Harbour Beat,6,5,1,0.00030426614,7,OOD_Class_6
show creativity of The House of the Dead,5,5,0,0.00012071635,7,OOD_Class_6
Where can I get the video game Faith in Chaos ?,5,5,0,0.00010684428,7,OOD_Class_6
Can I get the Cineplex Odeon Corporation showings for Small Town Story ?,6,5,1,0.00011507198,7,OOD_Class_6
want to find the novel called Innocent Until Caught 2 Guilty,5,5,0,0.00010095655,7,OOD_Class_6
find The Gamblers,5,5,0,9.718772e-05,7,OOD_Class_6
What is the movie schedule for animated movies in the area,6,5,1,0.00050971034,7,OOD_Class_6
Play the Knockabout soundtrack,5,5,0,0.00015432366,7,OOD_Class_6
When is Cooper Foundation on the movie schedule ?,6,5,1,0.00084585656,7,OOD_Class_6
I'd like for you to add bobby brown to my enamorándose playlist.,0,0,0,0.00015437714,7,OOD_Class_6
Give the current novel 5 points,4,4,0,0.00011849902,7,OOD_Class_6
Give four points to Leven Thumps and the Gateway to Foo,4,4,0,0.000117000985,7,OOD_Class_6
is it going to be foggy in Jewell Cemetery State Historic Site 7 weeks from now,2,2,0,0.00011774636,7,OOD_Class_6
Play The Aviation Cocktail album,5,5,0,0.0004318977,7,OOD_Class_6
"this winter , meredith, betty and erika want to food at a gastropub that is in the same area as fran's location .",1,1,0,0.00017567395,7,OOD_Class_6
What films are playing at 11 A.M. at Dickinson Theatres,6,3,1,0.000597337,7,OOD_Class_6
Where is the nearest cinema playing Compound Fracture,6,1,1,0.00041044448,7,OOD_Class_6
add time flies 1994-2009 to the Jazzy Romance playlist,0,0,0,0.000163382,7,OOD_Class_6
Can i get the movie times for Fox Theatres ?,6,5,1,0.00010345181,7,OOD_Class_6
What's today's movie schedule,6,5,1,0.00051287474,7,OOD_Class_6
add joshua radin to my playlist called Futuros Hits,0,0,0,0.00016474644,7,OOD_Class_6
"I want to see The Happy Thieves at Marcus Corporation , can you show me movie times .",6,5,1,0.00018458198,7,OOD_Class_6
Play some gothic rock .,3,3,0,0.00014109476,7,OOD_Class_6
I'd like to watch In High Places,6,5,1,0.00037532407,7,OOD_Class_6
book me a reservation at an oyster bar that serves crab cake for two people,1,1,0,0.00016271303,7,OOD_Class_6
can i have the movie schedule for IMAX Corporation,6,5,1,9.9966106e-05,7,OOD_Class_6
Rate the current book zero of 6,4,4,0,0.000113514725,7,OOD_Class_6
find A Feather in Her Hat at Magic Johnson Theatres,6,5,1,0.00011380069,7,OOD_Class_6
rate the last series one of 6 stars,4,4,0,0.00012454882,7,OOD_Class_6
give The Judas Tree a zero,4,4,0,0.00012663162,7,OOD_Class_6
Find movie times .,6,5,1,0.000100665486,7,OOD_Class_6
"I want to book the distant downtown Tribeca Grill for august the twenty-third, 2025 for wilda and jacklyn",1,1,0,0.00014958874,7,OOD_Class_6
what is the movie schedule for Cineplex Odeon Corporation,6,5,1,0.00018190978,7,OOD_Class_6
Book a restaurant in Almyra in 10 years,1,1,0,0.00031838342,7,OOD_Class_6
what time is Tom y Jerry showing at Alamo Drafthouse Cinema,6,5,1,0.0018691644,7,OOD_Class_6
add how to my week end playlist,0,0,0,0.00016889861,7,OOD_Class_6
I want The Complete Global Albums Collection,5,5,0,0.00013730601,7,OOD_Class_6
book a tea house on 5/20/2028 in Pataskala that serves crepe in NC for five,1,1,0,0.0001478961,7,OOD_Class_6
where is The Incite Mill playing,6,5,1,0.00020651953,7,OOD_Class_6
Play me a seventies ep,3,3,0,0.00014487204,7,OOD_Class_6
Add the artist to my Metal playlist.,0,0,0,0.0001619535,7,OOD_Class_6
I need to find a table for 4 at a brasserie that has fondue,1,1,0,0.00020525524,7,OOD_Class_6
"What is the weather for Cormorant , ME",2,2,0,0.00010916307,7,OOD_Class_6
Will it hail in Rush Valley Denmark on 6/21/2035,2,2,0,0.00010863213,7,OOD_Class_6
Find the schedule for films at Cobb Theatres .,6,5,1,0.0001090488,7,OOD_Class_6
Can I see movie schedules for movies this evening in the neighbourhood ?,6,5,1,0.00018638988,7,OOD_Class_6
Where can I find the picture Another Happy Ending,5,5,0,8.8835775e-05,7,OOD_Class_6
I give The Road from Elephant Pass four stars,4,4,0,0.000110452005,7,OOD_Class_6
Find the schedule for for The Day of the Jackal at Pacific Theatres .,6,5,1,0.00010673598,7,OOD_Class_6
rate this current saga 3 out of 6 points,4,4,0,0.00011757642,7,OOD_Class_6
add rise of the infidels to my bring back the 90s playlist,0,0,0,0.00018351515,7,OOD_Class_6
What movies are playing at the nearest movie house,6,5,1,0.0005924122,7,OOD_Class_6
find a movie house with Ulterior Motive that is closest,6,5,1,0.00013636879,7,OOD_Class_6
When is Twentynine Palms playing at Plitt Theatres ?,6,3,1,0.00036444404,7,OOD_Class_6
Play some Don Ho on Netflix,3,3,0,0.00013386227,7,OOD_Class_6
i want to see Return to Yesterday,6,5,1,0.00011163344,7,OOD_Class_6
I need the closest movie theatre playing Incense for the Damned .,6,5,1,0.0005098493,7,OOD_Class_6
Tell me when it'll be cloudy in Woodport,2,2,0,0.00011496131,7,OOD_Class_6
Add a song to my playlist Impulso Creativo,0,0,0,0.00015537051,7,OOD_Class_6
What is the movie schedule for films in the neighbourhood,6,5,1,0.00017094574,7,OOD_Class_6
play anything from 1970,3,3,0,0.00012960703,7,OOD_Class_6
give me the showtimes for Down Where The Buffalo Go at Amco Entertainment,6,5,1,0.00021315526,7,OOD_Class_6
play songs from the sixties,3,3,0,0.00014303993,7,OOD_Class_6
What time is The Sea Chase playing,6,5,1,0.00014075116,7,OOD_Class_6
book a restaurant for 4 of us,1,1,0,0.00014233278,7,OOD_Class_6
Please add Emanuel Kiriakou to my playlist llegando a casa,0,0,0,0.00016282442,7,OOD_Class_6
tell me what films are around here,6,5,1,0.0012818463,7,OOD_Class_6
List movies for nearest movie house at brunch time,6,5,1,0.0015094095,7,OOD_Class_6
Find the saga A Very School Gyrls Holla-Day .,5,5,0,0.000108629894,7,OOD_Class_6
I need a reservation for a brasserie place for a party of two,1,1,0,0.00017480314,7,OOD_Class_6
play some Kansas Joe Mccoy,3,3,0,0.00013622816,7,OOD_Class_6
Play Remains of the Day,5,3,0,0.00042797677,7,OOD_Class_6
Book a table for cherie and josephine in Indonesia,1,1,0,0.00013541328,7,OOD_Class_6
Rate the current book a zero of 6,4,4,0,0.00011485274,7,OOD_Class_6
What is the movie schedule at the Fox Theatres,6,5,1,0.00035891752,7,OOD_Class_6
I'd like to eat at a restaurant far from Grantsburg,1,1,0,0.00012993123,7,OOD_Class_6
What are the movie times at the Malco Theatres ?,6,5,1,0.0002809764,7,OOD_Class_6
Where is the nearest movie theatre that is playing Honeysuckle Rose,6,1,1,0.0010900197,7,OOD_Class_6
Show me movie times for animated movies playing three hours from now in the neighbourhood .,6,5,1,0.00034472157,7,OOD_Class_6
Play The Galway Races on Netflix .,3,3,0,0.00014924927,7,OOD_Class_6
Find a reservation at a restaurant that serves gougère in Laneville with a party of nine,1,1,0,0.00013502332,7,OOD_Class_6
I'd like to eat at a restaurant in MD with a party of 8,1,1,0,0.00012743637,7,OOD_Class_6
Find the schedule for movies at Plitt Theatres .,6,5,1,0.00011450356,7,OOD_Class_6
find movie times at National Amusements,6,5,1,0.00011439287,7,OOD_Class_6
Play something by Holly Cole on lastfm,3,3,0,0.00013517411,7,OOD_Class_6
Add an album by Jenifer to my travelling playlist,0,0,0,0.00016386369,7,OOD_Class_6
add lil armstrong to my Adrenaline Workout playlist,0,0,0,0.00016354313,7,OOD_Class_6
find films with movie schedules that are nearby,6,5,1,0.00015064706,7,OOD_Class_6
"Is it warmer in Monson , U.S. Minor Outlying Islands",2,2,0,0.00012000602,7,OOD_Class_6
find a movie house with Colic The Movie that is nearest,6,5,1,0.00017115139,7,OOD_Class_6
What is the temperature at Eifel National Park,2,2,0,0.00012756325,7,OOD_Class_6
Book a restaurant in Darnell .,1,1,0,0.00024026686,7,OOD_Class_6
List films at Pacific Theatres,6,5,1,0.00027764463,7,OOD_Class_6
is Unbeatable Harold at Century Theatres,6,3,1,0.00016012554,7,OOD_Class_6
what films are at Cinemark Theatres,6,5,1,0.00039540423,7,OOD_Class_6
play Live at Leeds,5,3,0,0.0001796949,7,OOD_Class_6
I want to get reservations at a place close by for 6 people to eat in SC .,1,1,0,0.00013883047,7,OOD_Class_6
I'd like to see the television show Best-Of Design of a Decade 2003–2013,5,5,0,0.00019400255,7,OOD_Class_6
Where can I view the TV series of W.I.T.C.H.,5,5,0,0.00017247612,7,OOD_Class_6
play the newest sound track from the thirties,3,3,0,0.00013464871,7,OOD_Class_6
How is the weather going to be on child health day in Trinidad and Tobago ?,2,2,0,0.0001353917,7,OOD_Class_6
What time is Socrates playing at the cinema ?,6,5,1,0.00059596245,7,OOD_Class_6
What films are playing at Marcus Corporation ?,6,5,1,0.00044449943,7,OOD_Class_6
What time is Crawlspace playing at the Caribbean Cinemas,6,3,1,0.00061935943,7,OOD_Class_6
Where is The Man with a Cross playing,6,5,1,0.00014372087,7,OOD_Class_6
I'd like to hear the song In a Reverie,5,5,0,0.00013515653,7,OOD_Class_6
List films in the neighborhood .,6,5,1,0.0005379135,7,OOD_Class_6
I'd like to see movie schedules for Kerasotes Theatres,6,5,1,0.00026545813,7,OOD_Class_6
please rate this essay three out of 6,4,4,0,0.00010768396,7,OOD_Class_6
